model,held_workflow,mode,qtype,before_n,before_accuracy,before_mean_confidence,before_nll,before_brier,before_signed_gap,before_ece_mass_5,before_ece_mass_10,before_ece_mass_15,before_ece_width_10,before_ece_width_15,before_soft_n,before_soft_kl,before_soft_brier,before_soft_accuracy,before_ordinal_rps_soft,before_ordinal_mae_soft,before_ordinal_rps_hard,before_ordinal_mae_hard,after_n,after_accuracy,after_mean_confidence,after_nll,after_brier,after_signed_gap,after_ece_mass_5,after_ece_mass_10,after_ece_mass_15,after_ece_width_10,after_ece_width_15,after_soft_n,after_soft_kl,after_soft_brier,after_soft_accuracy,after_ordinal_rps_soft,after_ordinal_mae_soft,after_ordinal_rps_hard,after_ordinal_mae_hard
d1-omni,typed_agent_trace_observability,global,all,500,0.56,0.5897645047515916,0.9439928360239197,0.5424751119454272,0.029764504751591536,0.04694015130555671,0.05898671604054652,0.06205770497140278,0.05350549716304076,0.058253267292063544,500,0.293514108410997,0.13224260129286186,0.4636853379466991,0.05340768262048305,0.45809951166816343,0.15477049093606404,0.7295210807407364,500,0.56,0.5319910412979239,0.9362233878417628,0.5427650714965634,-0.028008958702076203,0.03993192694580308,0.047203511456714524,0.05139208020906739,0.043774852511945773,0.05383659479160079,500,0.22005441591047895,0.1115023118257142,0.4636853379466991,0.045788852733798964,0.43247601793493173,0.1492409653835265,0.7246911814490324
d1-omni,typed_agent_trace_observability,global,choice,200,0.565,0.5273554501981482,0.9284315780835241,0.5337825825180853,-0.03764454980185172,0.04679695654054885,0.09639325347424187,0.09263666601355662,0.07904468941580572,0.07549403040966532,200,0.2496473863741714,0.11942026353087801,0.41793167975003626,,,,,200,0.565,0.46803284504080933,0.9658601823550803,0.5511451345765151,-0.09696715495919062,0.09849811083311061,0.11842259521126443,0.1317884113128515,0.0969671549591907,0.09696715495919067,200,0.2004564667500707,0.10401777255291758,0.41793167975003626,,,,
d1-omni,typed_agent_trace_observability,global,noul,100,0.79,0.754643,0.4605257924343732,0.30076572042712,-0.03535700000000008,0.06616838000000001,0.09366244,0.10111348000000002,0.06450051999999995,0.06718141999999994,100,0.09722387553157756,0.07774521628126001,0.6934333299999998,,,,,100,0.79,0.7000505509898328,0.4857997890833758,0.31449140758896726,-0.08994944901016722,0.09102172132050912,0.12615161950633072,0.12656301033875073,0.08994944901016734,0.10332635972279809,100,0.07865551353280816,0.06715896222650455,0.6934333299999998,,,,
d1-omni,typed_agent_trace_observability,global,score,200,0.44,0.5697343116808307,1.2012876157590886,0.6720223371319232,0.12973431168083066,0.15147478138204182,0.1514747813820418,0.1560960292203285,0.15758880414566365,0.1588372967682372,200,0.43552594688753216,0.1723136315606466,0.39456500011671125,0.05340768262048305,0.45809951166816343,0.15477049093606404,0.7295210807407364,200,0.44,0.5119194827090838,1.131798392707639,0.6485218403704097,0.07191948270908383,0.11687420024342485,0.11687420024342483,0.14423571306068295,0.1048925424919562,0.11885190189170114,200,0.3103518162597225,0.14115852589811564,0.39456500011671125,0.045788852733798964,0.43247601793493173,0.1492409653835265,0.7246911814490324
d1-omni,typed_agent_trace_observability,per_type,all,500,0.56,0.5897645047515916,0.9439928360239197,0.5424751119454272,0.029764504751591536,0.04694015130555671,0.05898671604054652,0.06205770497140278,0.05350549716304076,0.058253267292063544,500,0.293514108410997,0.13224260129286186,0.4636853379466991,0.05340768262048305,0.45809951166816343,0.15477049093606404,0.7295210807407364,500,0.56,0.5471137352522687,0.9116723122718674,0.530944503465286,-0.012886264747731357,0.06791466198923134,0.06848565337023427,0.07948668482420886,0.07387397348289963,0.07387397348289967,500,0.2249489946503377,0.11344228978731431,0.4636853379466991,0.04216574148363904,0.4177636920435087,0.14731727083890817,0.7223439378894427
d1-omni,typed_agent_trace_observability,per_type,choice,200,0.565,0.5273554501981482,0.9284315780835241,0.5337825825180853,-0.03764454980185172,0.04679695654054885,0.09639325347424187,0.09263666601355662,0.07904468941580572,0.07549403040966532,200,0.2496473863741714,0.11942026353087801,0.41793167975003626,,,,,200,0.565,0.5322610600843163,0.9267332121715036,0.5329669507403573,-0.03273893991568366,0.05498909904633452,0.08462538041117301,0.08085041543271458,0.07257203304701872,0.07809215286581729,200,0.25612800786160933,0.12126357008584548,0.41793167975003626,,,,
d1-omni,typed_agent_trace_observability,per_type,noul,100,0.79,0.754643,0.4605257924343732,0.30076572042712,-0.03535700000000008,0.06616838000000001,0.09366244,0.10111348000000002,0.06450051999999995,0.06718141999999994,100,0.09722387553157756,0.07774521628126001,0.6934333299999998,,,,,100,0.79,0.7176416619515783,0.47583541476632085,0.30846992902636705,-0.07235833804842173,0.08174403001590058,0.11438607826020822,0.11591672087401457,0.07235833804842177,0.07428679130887911,100,0.08154900503829961,0.06907768886179526,0.6934333299999998,,,,
d1-omni,typed_agent_trace_observability,per_type,score,200,0.44,0.5697343116808307,1.2012876157590886,0.6720223371319232,0.12973431168083066,0.15147478138204182,0.1514747813820418,0.1560960292203285,0.15758880414566365,0.1588372967682372,200,0.43552594688753216,0.1723136315606466,0.39456500011671125,0.05340768262048305,0.45809951166816343,0.15477049093606404,0.7295210807407364,200,0.44,0.4767024470705664,1.114529861125005,0.640159343409674,0.03670244707056641,0.09179768133567452,0.09911672770512708,0.10280442174612103,0.10434153900494132,0.09012995883245095,200,0.2654699762450851,0.12780330995154263,0.39456500011671125,0.04216574148363904,0.4177636920435087,0.14731727083890817,0.7223439378894427
d1-omni,typed_customer_service,global,all,500,0.632,0.7267559420376567,0.9553254263421169,0.5200958712295539,0.09475594203765669,0.09560282806033532,0.12105582735126635,0.12083173194518175,0.10531344568633118,0.11065654186833378,500,0.5053842737955888,0.21192126516083504,0.5467407303794071,0.08232720012880401,0.5103197024920754,0.13862698451138816,0.5419983938376431,500,0.632,0.6883335794636183,0.9105276695785358,0.5062652103202689,0.05633357946361828,0.05633357946361837,0.08439654027169013,0.09423889758335556,0.08455425827031571,0.08535524510547449,500,0.4119409161573431,0.18882029759541133,0.5467407303794071,0.0729441559174519,0.48314406486179523,0.1317726643379163,0.5403910136376828
d1-omni,typed_customer_service,global,choice,200,0.685,0.7226351155015115,0.748331722238706,0.41937001972310206,0.03763511550151144,0.05465182994825528,0.08990503483536663,0.08628416036907094,0.06472777009182973,0.09194514818000715,200,0.36156970438167263,0.14768200883733837,0.616901836448476,,,,,200,0.685,0.6882389447958306,0.7390179101205466,0.41475247989726144,0.003238944795830534,0.06519676151492573,0.09561663003350906,0.09053641171699267,0.0803088877270212,0.08048486591158847,200,0.3012112568411367,0.13635700088693598,0.616901836448476,,,,
d1-omni,typed_customer_service,global,noul,100,0.7,0.6914683799999999,0.5876863515433167,0.40321616512836,-0.008531620000000073,0.04740881999999997,0.04934759999999999,0.12468612,0.04023732,0.07398398000000002,100,0.12854104533162428,0.10740635969206,0.62773333,,,,,100,0.7,0.6653936575284163,0.589588138968606,0.4045186662722071,-0.03460634247158367,0.059028674954411914,0.05902867495441192,0.12188190603121944,0.04045054538827265,0.03844158921861661,100,0.1152050253861446,0.09969114053551581,0.62773333,,,,
d1-omni,typed_customer_service,global,score,200,0.545,0.7485205495926303,1.3461386678449279,0.6792615757866028,0.20352054959263022,0.20352054959263038,0.2328751692913759,0.23357044311697608,0.21589551929137585,0.23263641435608645,200,0.8376204574414874,0.32841797421871916,0.4360833245000415,0.08232720012880401,0.5103197024920754,0.13862698451138816,0.5419983938376431,200,0.545,0.6998981750990069,1.2425071943414898,0.6486512127673076,0.15489817509900683,0.15489817509900708,0.18831473057736645,0.18892548909930854,0.18703940760038754,0.18703940760038756,200,0.6710385208591484,0.2858481728338344,0.4360833245000415,0.0729441559174519,0.48314406486179523,0.1317726643379163,0.5403910136376828
d1-omni,typed_customer_service,per_type,all,500,0.632,0.7267559420376567,0.9553254263421169,0.5200958712295539,0.09475594203765669,0.09560282806033532,0.12105582735126635,0.12083173194518175,0.10531344568633118,0.11065654186833378,500,0.5053842737955888,0.21192126516083504,0.5467407303794071,0.08232720012880401,0.5103197024920754,0.13862698451138816,0.5419983938376431,500,0.632,0.6947050378833135,0.9033364448254951,0.5023100569414773,0.0627050378833135,0.07189395884792088,0.07738453890611989,0.08171707865899781,0.07972636090969079,0.07972636090969076,500,0.44092748016039274,0.18399497384352884,0.5467407303794071,0.06260195806373949,0.46034556171112945,0.1255508767983823,0.5475489017236307
d1-omni,typed_customer_service,per_type,choice,200,0.685,0.7226351155015115,0.748331722238706,0.41937001972310206,0.03763511550151144,0.05465182994825528,0.08990503483536663,0.08628416036907094,0.06472777009182973,0.09194514818000715,200,0.36156970438167263,0.14768200883733837,0.616901836448476,,,,,200,0.685,0.7732654386939322,0.8044065245638885,0.4360952348766514,0.08826543869393211,0.08879277245745902,0.11642310488317825,0.11748882790270056,0.10192384259067108,0.10664740343078614,200,0.5253778129681531,0.17379124696774167,0.616901836448476,,,,
d1-omni,typed_customer_service,per_type,noul,100,0.7,0.6914683799999999,0.5876863515433167,0.40321616512836,-0.008531620000000073,0.04740881999999997,0.04934759999999999,0.12468612,0.04023732,0.07398398000000002,100,0.12854104533162428,0.10740635969206,0.62773333,,,,,100,0.7,0.6680718893393316,0.5891762627249387,0.4042314879467719,-0.03192811066066836,0.05782156505303498,0.05782156505303497,0.1221737953507647,0.05560977146855638,0.041910697231033536,100,0.11628718393773774,0.10034806518868251,0.62773333,,,,
d1-omni,typed_customer_service,per_type,score,200,0.545,0.7485205495926303,1.3461386678449279,0.6792615757866028,0.20352054959263022,0.20352054959263038,0.2328751692913759,0.23357044311697608,0.21589551929137585,0.23263641435608645,200,0.8376204574414874,0.32841797421871916,0.4360833245000415,0.08232720012880401,0.5103197024920754,0.13862698451138816,0.5419983938376431,200,0.545,0.6294612113446856,1.1593464561373799,0.617564163503656,0.08446121134468554,0.09824216223553357,0.12286402310959205,0.1234132251357846,0.11813801846239687,0.11408869800484576,200,0.5187972954639599,0.2360221550467392,0.4360833245000415,0.06260195806373949,0.46034556171112945,0.1255508767983823,0.5475489017236307
d1-omni,typed_invoice_processing,global,all,500,0.564,0.6317551528365283,0.9437588864241673,0.5456579080117543,0.06775515283652833,0.0712139674174275,0.11799109184941056,0.11087519764049025,0.10359320125226659,0.11301988989221824,500,0.42764696031088295,0.24577199587491258,0.5356150943999868,0.12480902095140575,0.8107359941311024,0.22102449786491887,1.0350157791055172,500,0.564,0.5710373207374296,0.9297162961866322,0.5331881947443358,0.0070373207374296864,0.04925140269125461,0.07467142798856397,0.0965190619252372,0.05408783746844164,0.06265671322999304,500,0.39748794686046085,0.22895142181366682,0.5356150943999868,0.11344770267828475,0.7787548468987877,0.21022690021470186,1.0249284625830257
d1-omni,typed_invoice_processing,global,choice,100,0.53,0.44369176982959,1.1368652171495899,0.6269865368894174,-0.08630823017041,0.18851414044423054,0.1936872049305358,0.22329826453993823,0.14993400628419282,0.1728557860433733,100,0.445277830627288,0.2291650232519461,0.4339919593633506,,,,,100,0.53,0.4006685638521347,1.1496396274494143,0.6391837444294594,-0.12933143614786535,0.19493047741275002,0.2113213164617821,0.21973063003489626,0.1293314361478653,0.1293314361478653,100,0.42192946061077485,0.22738404109991792,0.4339919593633506,,,,
d1-omni,typed_invoice_processing,global,noul,200,0.745,0.7911766449999998,0.4297008685343595,0.29911623349829,0.04617664499999985,0.07317402500000002,0.09474237499999996,0.08730138500000001,0.078340105,0.071700405,200,0.22168474108590636,0.17375725360018998,0.73917497,,,,,200,0.745,0.7482660824194237,0.43789927030435544,0.2948799199954507,0.0032660824194237215,0.06635151710153904,0.09654757385461155,0.09852354023693083,0.0674768354895599,0.07674426367854062,200,0.22314306057996325,0.16974760443940407,0.73917497,,,,
d1-omni,typed_invoice_processing,global,score,200,0.4,0.5663653521765256,1.3612637389512638,0.7515352680863873,0.1663653521765256,0.1663653521765257,0.16636535217652562,0.17789480212514622,0.16636535217652568,0.16898896217652562,200,0.624793744377657,0.32609022446111846,0.38286678631829174,0.12480902095140575,0.8107359941311024,0.22102449786491887,1.0350157791055172,200,0.4,0.4789929374980828,1.311571656437518,0.7184986946506591,0.07899293749808278,0.07899293749808277,0.10592241294786472,0.12731550228406302,0.08272958514603775,0.08272958514603772,200,0.5596120762658013,0.28893892954480405,0.38286678631829174,0.11344770267828475,0.7787548468987877,0.21022690021470186,1.0249284625830257
d1-omni,typed_invoice_processing,per_type,all,500,0.564,0.6317551528365283,0.9437588864241673,0.5456579080117543,0.06775515283652833,0.0712139674174275,0.11799109184941056,0.11087519764049025,0.10359320125226659,0.11301988989221824,500,0.42764696031088295,0.24577199587491258,0.5356150943999868,0.12480902095140575,0.8107359941311024,0.22102449786491887,1.0350157791055172,500,0.564,0.5654263209109921,0.92126112143549,0.5266291297699237,0.0014263209109921515,0.033205194249791105,0.04249417451482779,0.06245458893029868,0.03314277215388751,0.047299405781407386,500,0.39571232950423973,0.22483158122120658,0.5356150943999868,0.10908613407875095,0.7662711655857598,0.20628938197275995,1.0191925792368968
d1-omni,typed_invoice_processing,per_type,choice,100,0.53,0.44369176982959,1.1368652171495899,0.6269865368894174,-0.08630823017041,0.18851414044423054,0.1936872049305358,0.22329826453993823,0.14993400628419282,0.1728557860433733,100,0.445277830627288,0.2291650232519461,0.4339919593633506,,,,,100,0.53,0.4575995742838033,1.137582471689376,0.6242302236288191,-0.0724004257161967,0.16670099101476094,0.17917468379118456,0.20400349123101655,0.07240042571619668,0.10790796728758054,100,0.45877374738052823,0.23097143376600535,0.4339919593633506,,,,
d1-omni,typed_invoice_processing,per_type,noul,200,0.745,0.7911766449999998,0.4297008685343595,0.29911623349829,0.04617664499999985,0.07317402500000002,0.09474237499999996,0.08730138500000001,0.078340105,0.071700405,200,0.22168474108590636,0.17375725360018998,0.73917497,,,,,200,0.745,0.7619273681363938,0.4332144839826463,0.2949080823627898,0.01692736813639384,0.06702547223465018,0.09089358022341365,0.09322795592243678,0.0626598168242201,0.10070624039868054,200,0.22031144790410606,0.1698218914018726,0.73917497,,,,
d1-omni,typed_invoice_processing,per_type,score,200,0.4,0.5663653521765256,1.3612637389512638,0.7515352680863873,0.1663653521765256,0.1663653521765257,0.16636535217652562,0.17789480212514622,0.16636535217652568,0.16898896217652562,200,0.624793744377657,0.32609022446111846,0.38286678631829174,0.12480902095140575,0.8107359941311024,0.22102449786491887,1.0350157791055172,200,0.4,0.42283864699918483,1.3011470837613905,0.7095496302476099,0.02283864699918481,0.05284443694350068,0.0900776999449193,0.11182264709067787,0.03213758041874014,0.027406562323090557,200,0.539582502166229,0.27677134476814125,0.38286678631829174,0.10908613407875095,0.7662711655857598,0.20628938197275995,1.0191925792368968
d1-omni,typed_security_incidents,global,all,500,0.552,0.5681644611433871,0.9305989412186432,0.5531620462241432,0.0161644611433871,0.04661524380693016,0.062282663798793214,0.07699422233023892,0.029240556726596943,0.05171675730487157,500,0.21740279678953867,0.11622348754773273,0.47411668485003067,0.03331609528771342,0.4133954593722177,0.11967034191523418,0.6566234622403911,500,0.552,0.5041509460367403,0.948828750958467,0.5588809409827109,-0.04784905396325978,0.052789858473709435,0.080954298685882,0.08853344007920269,0.0696855435348699,0.06775799353714791,500,0.1826651558376231,0.09957701025372834,0.47411668485003067,0.03269915264476785,0.43573483485006437,0.12544346883769278,0.690046165893362
d1-omni,typed_security_incidents,global,choice,100,0.65,0.47560088910432263,0.9772676592306874,0.5225647079955318,-0.1743991108956774,0.17510557817000855,0.1885212325881542,0.19720424502292166,0.18031457089567746,0.17439911089567753,100,0.22555902645128928,0.10430843506782107,0.4649666963667056,,,,,100,0.65,0.40277500353458173,1.0676513728719996,0.5749133107149614,-0.2472249964654183,0.2472249964654183,0.24808609230001255,0.25954412853261755,0.2472249964654183,0.24722499646541832,100,0.2288210149702206,0.10804715199999716,0.4649666963667056,,,,
d1-omni,typed_security_incidents,global,noul,200,0.645,0.70439363,0.6708459124932995,0.46112153307254,0.059393629999999975,0.08002925999999999,0.10007404999999997,0.10372547999999998,0.06946849999999996,0.06423483000000003,200,0.14709260809449753,0.10866497100968,0.5911500000000001,,,,,200,0.645,0.6520584259017119,0.6470013928624934,0.4517218417792918,0.007058425901711907,0.05138793209426089,0.07040013628706918,0.08328211141335116,0.05452048035399704,0.049701605359692175,200,0.10006725622776547,0.08430990330114224,0.5911500000000001,,,,
d1-omni,typed_security_incidents,global,score,200,0.41,0.47821707830630644,1.1670176109379649,0.6605012284900522,0.06821707830630647,0.0703598475474306,0.09094662168797842,0.12525352936700976,0.07162211342865775,0.07834114471353515,200,0.2836348706537045,0.12973953032574126,0.3616583639417239,0.03331609528771342,0.4133954593722177,0.11967034191523418,0.6566234622403911,200,0.41,0.406931437422848,1.1912447980976746,0.6580238553200044,-0.0030685625771519898,0.04673828919428931,0.05865851452170802,0.099716259585597,0.036010279511216825,0.039508832079669896,200,0.24218512588118202,0.11060904633317997,0.3616583639417239,0.03269915264476785,0.43573483485006437,0.12544346883769278,0.690046165893362
d1-omni,typed_security_incidents,per_type,all,500,0.552,0.5681644611433871,0.9305989412186432,0.5531620462241432,0.0161644611433871,0.04661524380693016,0.062282663798793214,0.07699422233023892,0.029240556726596943,0.05171675730487157,500,0.21740279678953867,0.11622348754773273,0.47411668485003067,0.03331609528771342,0.4133954593722177,0.11967034191523418,0.6566234622403911,500,0.552,0.5200105914281731,0.9621156516208018,0.5584434035665585,-0.03198940857182697,0.06635667368256086,0.06890146556042945,0.07891199146324852,0.06726138249518156,0.08268551401500833,500,0.2056115891657393,0.10925623314714047,0.47411668485003067,0.03583129226008946,0.4733634058292901,0.1338298443606679,0.7306709328838165
d1-omni,typed_security_incidents,per_type,choice,100,0.65,0.47560088910432263,0.9772676592306874,0.5225647079955318,-0.1743991108956774,0.17510557817000855,0.1885212325881542,0.19720424502292166,0.18031457089567746,0.17439911089567753,100,0.22555902645128928,0.10430843506782107,0.4649666963667056,,,,,100,0.65,0.4689767328825612,0.9842867355149771,0.5265601355408979,-0.18102326711743882,0.18102326711743866,0.18639353628826905,0.2028544671921834,0.18691206728288887,0.1810232671174387,100,0.2244270685200939,0.10393968016416313,0.4649666963667056,,,,
d1-omni,typed_security_incidents,per_type,noul,200,0.645,0.70439363,0.6708459124932995,0.46112153307254,0.059393629999999975,0.08002925999999999,0.10007404999999997,0.10372547999999998,0.06946849999999996,0.06423483000000003,200,0.14709260809449753,0.10866497100968,0.5911500000000001,,,,,200,0.645,0.7094371219424914,0.6746821789739542,0.46256712113526677,0.0644371219424914,0.08260797747755806,0.10292947327312876,0.1058846157476815,0.06443712194249149,0.09150748733697446,200,0.15347867344571278,0.1115204799979805,0.5911500000000001,,,,
d1-omni,typed_security_incidents,per_type,score,200,0.41,0.47821707830630644,1.1670176109379649,0.6605012284900522,0.06821707830630647,0.0703598475474306,0.09094662168797842,0.12525352936700976,0.07162211342865775,0.07834114471353515,200,0.2836348706537045,0.12973953032574126,0.3616583639417239,0.03331609528771342,0.4133954593722177,0.11967034191523418,0.6566234622403911,200,0.41,0.35610099018666036,1.238463582320562,0.670261320010681,-0.053899009813339616,0.06669415523300423,0.0687385054085777,0.09006564939430627,0.0644643173573786,0.08364739649798743,200,0.24833676520858852,0.10965026278778911,0.3616583639417239,0.03583129226008946,0.4733634058292901,0.1338298443606679,0.7306709328838165
d1-3b,typed_agent_trace_observability,global,all,500,0.542,0.5946821673320786,1.0341487342641913,0.5761100302358543,0.05268216733207853,0.0842860690127655,0.08608872782050546,0.10658808731315543,0.07781085806269164,0.10279863387571693,500,0.318540639727,0.15472328490144402,0.4622593178000385,0.038718102950585295,0.34912108089526667,0.1236795245493508,0.5896222210340765,500,0.542,0.5854006002669336,1.0297373384152098,0.5744913455229884,0.0434006002669336,0.08582393990147165,0.08582393990147166,0.10372034496285147,0.06981229170190444,0.1006148407846943,500,0.30730645826317193,0.15043882884831744,0.4622593178000385,0.0381451713649726,0.34830818621723436,0.12402849921823497,0.5955437745446295
d1-3b,typed_agent_trace_observability,global,choice,200,0.435,0.5759335820468945,1.3351475391630436,0.7056823000412277,0.1409335820468945,0.1409335820468944,0.15612986754548314,0.1691064875049294,0.1409335820468944,0.16830502771075012,200,0.4884425869333549,0.22566182195648427,0.36996663651670586,,,,,200,0.435,0.5649786233274078,1.3221014954577197,0.7015357859251854,0.12997862332740778,0.12997862332740773,0.14633693340257248,0.15044489100992806,0.1299786233274078,0.15258217591140927,200,0.46983691587707,0.21886477975618074,0.36996663651670586,,,,
d1-3b,typed_agent_trace_observability,global,noul,100,0.79,0.7248567500000002,0.4431129402156443,0.28551424488846,-0.06514324999999987,0.06514324999999999,0.11975722999999995,0.17833287000000003,0.06514325000000006,0.08232826999999998,100,0.07706634462889347,0.06427327689616001,0.6817666899999999,,,,,100,0.79,0.7183293068686445,0.4473994203485569,0.2877140642396493,-0.07167069313135555,0.07167069313135571,0.12490547183768776,0.1828395867882586,0.09905607062513039,0.10990432018515685,100,0.07509320285461779,0.06316225457651363,0.6817666899999999,,,,
d1-3b,typed_agent_trace_observability,global,score,200,0.525,0.5483434612833021,1.028667826389612,0.5918356531041783,0.023343461283302114,0.1408566204509254,0.14740027075307433,0.15013134134433362,0.09838990536712079,0.1302001417283066,200,0.2693758400696983,0.1290097518490458,0.44479831298339034,0.038718102950585295,0.34912108089526667,0.1236795245493508,0.5896222210340765,200,0.525,0.5393582239056043,1.0285421404060258,0.5908355457624611,0.014358223905604262,0.13681438026197174,0.14481749088879609,0.1446657329792377,0.09604978783867338,0.13722459273620313,200,0.26088262835355086,0.12565116507635593,0.44479831298339034,0.0381451713649726,0.34830818621723436,0.12402849921823497,0.5955437745446295
d1-3b,typed_agent_trace_observability,per_type,all,500,0.542,0.5946821673320786,1.0341487342641913,0.5761100302358543,0.05268216733207853,0.0842860690127655,0.08608872782050546,0.10658808731315543,0.07781085806269164,0.10279863387571693,500,0.318540639727,0.15472328490144402,0.4622593178000385,0.038718102950585295,0.34912108089526667,0.1236795245493508,0.5896222210340765,500,0.542,0.5877461175585731,1.0364116477614613,0.5771260284891115,0.04574611755857305,0.0847210645060704,0.08515058697978553,0.10778008049098403,0.07245725895978662,0.10500291199089605,500,0.3144687757481613,0.15296460587425714,0.4622593178000385,0.038270666696477516,0.3484257214294997,0.12394221856904576,0.594179696261151
d1-3b,typed_agent_trace_observability,per_type,choice,200,0.435,0.5759335820468945,1.3351475391630436,0.7056823000412277,0.1409335820468945,0.1409335820468944,0.15612986754548314,0.1691064875049294,0.1409335820468944,0.16830502771075012,200,0.4884425869333549,0.22566182195648427,0.36996663651670586,,,,,200,0.435,0.5752456326926193,1.3342906276127815,0.7054119494845957,0.1402456326926193,0.14024563269261936,0.15551535751675402,0.16856201850730318,0.1402456326926193,0.16779941642359353,200,0.48723150551190725,0.2252256390597009,0.36996663651670586,,,,
d1-3b,typed_agent_trace_observability,per_type,noul,100,0.79,0.7248567500000002,0.4431129402156443,0.28551424488846,-0.06514324999999987,0.06514324999999999,0.11975722999999995,0.17833287000000003,0.06514325000000006,0.08232826999999998,100,0.07706634462889347,0.06427327689616001,0.6817666899999999,,,,,100,0.79,0.705434272299782,0.45647377251810733,0.29272682931344685,-0.08456572770021809,0.08456572770021827,0.1351939246955385,0.19188429904288548,0.1004905846242252,0.11520621920198246,100,0.07244279084919497,0.06158235775127615,0.6817666899999999,,,,
d1-3b,typed_agent_trace_observability,per_type,score,200,0.525,0.5483434612833021,1.028667826389612,0.5918356531041783,0.023343461283302114,0.1408566204509254,0.14740027075307433,0.15013134134433362,0.09838990536712079,0.1302001417283066,200,0.2693758400696983,0.1290097518490458,0.44479831298339034,0.038718102950585295,0.34912108089526667,0.1236795245493508,0.5896222210340765,200,0.525,0.5414025250539224,1.0285016055318181,0.5910397070814594,0.016402525053922368,0.13774279257889682,0.14541246118135367,0.15534788572711875,0.10155668490279621,0.14218585851068016,200,0.2627190384338985,0.1263946967503038,0.44479831298339034,0.038270666696477516,0.3484257214294997,0.12394221856904576,0.594179696261151
d1-3b,typed_customer_service,global,all,500,0.678,0.7009574744112387,0.7219198210376896,0.4110004419666444,0.022957474411238632,0.03011293575482469,0.04470740429951649,0.048627082722525576,0.02888068734061632,0.028031678713640193,500,0.28802413379919445,0.14012591751355302,0.5693068748360953,0.04170314543156746,0.3661168834316392,0.08718900802587431,0.4313448943821102,500,0.678,0.6724622503588873,0.726038564255641,0.4109806993594531,-0.005537749641112755,0.029760696944283148,0.04139798643395741,0.0404700917202896,0.0285146637008845,0.04291295834262991,500,0.25575389101028057,0.1288564736370128,0.5693068748360953,0.038940434966509264,0.3565179893530447,0.08723043123568487,0.43841735910886753
d1-3b,typed_customer_service,global,choice,200,0.695,0.7201762987780921,0.7581609160478037,0.40444680171064357,0.025176298778092132,0.055273222758814064,0.0633916672189034,0.08472380956917276,0.060692557863546145,0.07598334608153297,200,0.33968669929368134,0.160300087928768,0.6017838572568407,,,,,200,0.695,0.6902784131367053,0.7583497494808137,0.40279785463257434,-0.004721586863294602,0.05652484266987116,0.06384660394468727,0.07723076289797366,0.06255060187235044,0.0722028692036178,200,0.30751750878304784,0.14980048753965977,0.6017838572568407,,,,
d1-3b,typed_customer_service,global,noul,100,0.72,0.78428163,0.5409682718904137,0.36139022082690003,0.06428162999999998,0.12187105,0.15225594999999995,0.13774902999999997,0.07965990999999982,0.09579829000000002,100,0.14739390020279683,0.11759114004707999,0.62973333,,,,,100,0.72,0.7599843597444906,0.5372881019850232,0.3583755206793636,0.03998435974449066,0.1200791780366215,0.14983586974182628,0.14090367931293105,0.054289008452638295,0.09914458237050439,100,0.1250502367956191,0.10436914781308712,0.62973333,,,,
d1-3b,typed_customer_service,global,score,200,0.64,0.6400765722500042,0.7761545006012134,0.44235919279251745,7.657225000423651e-05,0.04834216278374654,0.05885739773029953,0.06929699186312979,0.044610906104319864,0.06239164906740475,200,0.3066766851029064,0.1312191358315746,0.5066166648333974,0.04170314543156746,0.3661168834316392,0.08718900802587431,0.4313448943821102,200,0.64,0.6108850328882679,0.7881026101657773,0.44546613342637653,-0.029114967111732115,0.06069492654453295,0.07123435248049152,0.07705497050487958,0.04492558883847232,0.06921777722109089,200,0.26934210034484396,0.12015612264632868,0.5066166648333974,0.038940434966509264,0.3565179893530447,0.08723043123568487,0.43841735910886753
d1-3b,typed_customer_service,per_type,all,500,0.678,0.7009574744112387,0.7219198210376896,0.4110004419666444,0.022957474411238632,0.03011293575482469,0.04470740429951649,0.048627082722525576,0.02888068734061632,0.028031678713640193,500,0.28802413379919445,0.14012591751355302,0.5693068748360953,0.04170314543156746,0.3661168834316392,0.08718900802587431,0.4313448943821102,500,0.678,0.6689348851269341,0.7278320945148862,0.41122251709938723,-0.009065114873065938,0.022811091246304073,0.03135807603690068,0.03831774872579299,0.03619282378254304,0.03948727695886959,500,0.2565640536770636,0.12924608646801403,0.5693068748360953,0.039753395749904746,0.3593098171652718,0.08715046189909188,0.4360961960132738
d1-3b,typed_customer_service,per_type,choice,200,0.695,0.7201762987780921,0.7581609160478037,0.40444680171064357,0.025176298778092132,0.055273222758814064,0.0633916672189034,0.08472380956917276,0.060692557863546145,0.07598334608153297,200,0.33968669929368134,0.160300087928768,0.6017838572568407,,,,,200,0.695,0.6640712974212495,0.7662299393220334,0.4038169740397756,-0.030928702578750467,0.06921160062034173,0.0692116006203417,0.0899026123601848,0.049179722535253406,0.09125908519378316,200,0.29205549058267144,0.14323503093178036,0.6017838572568407,,,,
d1-3b,typed_customer_service,per_type,noul,100,0.72,0.78428163,0.5409682718904137,0.36139022082690003,0.06428162999999998,0.12187105,0.15225594999999995,0.13774902999999997,0.07965990999999982,0.09579829000000002,100,0.14739390020279683,0.11759114004707999,0.62973333,,,,,100,0.72,0.776598286459796,0.5392801139914796,0.3601417597501997,0.05659828645979603,0.1212874359558104,0.15143885280127764,0.1379425475184985,0.06702812617741678,0.10211173566811635,100,0.13956862315612165,0.11313513907371198,0.62973333,,,,
d1-3b,typed_customer_service,per_type,score,200,0.64,0.6400765722500042,0.7761545006012134,0.44235919279251745,7.657225000423651e-05,0.04834216278374654,0.05885739773029953,0.06929699186312979,0.044610906104319864,0.06239164906740475,200,0.3066766851029064,0.1312191358315746,0.5066166648333974,0.04170314543156746,0.3661168834316392,0.08718900802587431,0.4313448943821102,200,0.64,0.6199667721661878,0.7837102399694423,0.44416843883359264,-0.02003322783381223,0.056742000717045424,0.06165510406327844,0.07020903190388084,0.04788095221287966,0.07422250674603594,200,0.2795703320319267,0.12331261570139873,0.5066166648333974,0.039753395749904746,0.3593098171652718,0.08715046189909188,0.4360961960132738
d1-3b,typed_invoice_processing,global,all,500,0.744,0.7586584337325637,0.659288929034501,0.3623704107691927,0.014658433732563703,0.03697689816720465,0.054632889971232924,0.05897123753666313,0.042900916192327096,0.06019058454166311,500,0.3392331512553775,0.1613762970617006,0.6557328141929797,0.07288694425072163,0.47136221035060105,0.1332167736196769,0.5885858019252703,500,0.744,0.7415133596092592,0.6558799916892557,0.36169857764438984,-0.0024866403907407575,0.037114675328232226,0.062126306570923766,0.053412973421085565,0.03635147918451201,0.06418041505760984,500,0.3159322274111769,0.15587136444337668,0.6557328141929797,0.07010034101306768,0.46592838814075177,0.13149384903533604,0.5946745341094006
d1-3b,typed_invoice_processing,global,choice,100,0.64,0.6956763429318916,0.8455249165198958,0.4625173114469717,0.05567634293189161,0.08684000644836397,0.10884531230447213,0.17885660077590737,0.10300547214350078,0.11694155075339538,100,0.4021817428579906,0.19747602406578063,0.5123152877633774,,,,,100,0.64,0.6724346394787473,0.8445959318476979,0.4597016532774294,0.03243463947874725,0.075462525102311,0.10539075181239266,0.17295481365969567,0.10683810590708603,0.11143166012508124,100,0.37158813986143113,0.18631523472731154,0.5123152877633774,,,,
d1-3b,typed_invoice_processing,global,noul,200,0.91,0.835443095,0.2514161481496957,0.13549196626142998,-0.074556905,0.07455690500000003,0.075689975,0.09670076499999995,0.08178982500000002,0.09829903499999992,200,0.11263810968643048,0.06762771855420999,0.8584749899999999,,,,,200,0.91,0.8210161556125685,0.2640237799463766,0.14102200524132028,-0.08898384438743157,0.08898384438743141,0.08925874978578552,0.10744737178797134,0.09110317999385734,0.11130652082525858,200,0.11792208165967309,0.07030607819854374,0.8584749899999999,,,,
d1-3b,typed_invoice_processing,global,score,200,0.63,0.7133648178654632,0.9740437161766087,0.5391754049380658,0.08336481786546324,0.1401996063083574,0.15404078044862862,0.16690375854437264,0.15186552429663935,0.1699312266118633,200,0.5343538970230179,0.23707501206715115,0.5246994016007607,0.07288694425072163,0.47136221035060105,0.1332167736196769,0.5885858019252703,200,0.63,0.6965499236712059,0.9533782333529139,0.5333736122309395,0.06654992367120593,0.13362398944973253,0.13394514377601238,0.17084015083047904,0.1439807308090661,0.17682984139637384,200,0.48611441693755353,0.22621471554624217,0.5246994016007607,0.07010034101306768,0.46592838814075177,0.13149384903533604,0.5946745341094006
d1-3b,typed_invoice_processing,per_type,all,500,0.744,0.7586584337325637,0.659288929034501,0.3623704107691927,0.014658433732563703,0.03697689816720465,0.054632889971232924,0.05897123753666313,0.042900916192327096,0.06019058454166311,500,0.3392331512553775,0.1613762970617006,0.6557328141929797,0.07288694425072163,0.47136221035060105,0.1332167736196769,0.5885858019252703,500,0.744,0.735329918442187,0.7116206002104611,0.37944338990398613,-0.008670081557813014,0.09569004759851711,0.11795951819748735,0.11222017267444505,0.10944550478365045,0.11128941265481401,500,0.3955216602006534,0.17333624939774478,0.6557328141929797,0.07880848938108576,0.4846886540309762,0.13707514751199204,0.5770347645672012
d1-3b,typed_invoice_processing,per_type,choice,100,0.64,0.6956763429318916,0.8455249165198958,0.4625173114469717,0.05567634293189161,0.08684000644836397,0.10884531230447213,0.17885660077590737,0.10300547214350078,0.11694155075339538,100,0.4021817428579906,0.19747602406578063,0.5123152877633774,,,,,100,0.64,0.640452872240011,0.8500617326060186,0.45912553005182505,0.0004528722400110041,0.07296773317644015,0.11061199653889653,0.16605894759026874,0.09380023282007428,0.09549305349874859,100,0.3407283072777419,0.17363789839052424,0.5123152877633774,,,,
d1-3b,typed_invoice_processing,per_type,noul,200,0.91,0.835443095,0.2514161481496957,0.13549196626142998,-0.074556905,0.07455690500000003,0.075689975,0.09670076499999995,0.08178982500000002,0.09829903499999992,200,0.11263810968643048,0.06762771855420999,0.8584749899999999,,,,,200,0.91,0.7710613119588288,0.3126545907692948,0.1668924771193638,-0.13893868804117127,0.13893868804117118,0.1389386880411712,0.15408445072178137,0.13893868804117113,0.14230633034803825,200,0.14606313974602855,0.08623877046136692,0.8584749899999999,,,,
d1-3b,typed_invoice_processing,per_type,score,200,0.63,0.7133648178654632,0.9740437161766087,0.5391754049380658,0.08336481786546324,0.1401996063083574,0.15404078044862862,0.16690375854437264,0.15186552429663935,0.1699312266118633,200,0.5343538970230179,0.23707501206715115,0.5246994016007607,0.07288694425072163,0.47136221035060105,0.1332167736196769,0.5885858019252703,200,0.63,0.7470370480266331,1.0413660434538485,0.5521532326146891,0.11703704802663306,0.14031999131698,0.16942852818329418,0.18326001197821157,0.14992416177609635,0.17504436206460738,200,0.6723768571167341,0.2602829038377329,0.5246994016007607,0.07880848938108576,0.4846886540309762,0.13707514751199204,0.5770347645672012
d1-3b,typed_security_incidents,global,all,500,0.646,0.6523464887517025,0.8127294546280522,0.4869744499509222,0.006346488751702517,0.08001506307688477,0.08608801650734657,0.08227641118560702,0.08457991410025727,0.08857687491399818,500,0.2105349117775565,0.1201575260902602,0.511796671183375,0.021280897115188796,0.30676932824192704,0.09691682212104903,0.5389370608724238,500,0.646,0.6270613619483366,0.8156546291159762,0.48682492496683,-0.018938638051663403,0.07338649018649158,0.08471889926232558,0.09448476529791008,0.08085047484730366,0.0847207812277415,500,0.18244445241162754,0.10752381129611711,0.511796671183375,0.020576456804836028,0.30560904667436206,0.09887477477281738,0.5466584222425283
d1-3b,typed_security_incidents,global,choice,100,0.71,0.6826028132899613,0.7640422376716157,0.42334429140511914,-0.027397186710038657,0.06314003310521568,0.08206556190303597,0.1330828893469303,0.048818464618149635,0.07584927684057408,100,0.2429161021419252,0.13426318864487352,0.4891666694333787,,,,,100,0.71,0.6432589096858874,0.7816148021295923,0.4288978641897567,-0.06674109031411257,0.09428481809322276,0.11867100147793964,0.1482363396649855,0.06958594980259175,0.12242556870973668,100,0.20409204447635212,0.11370491955824887,0.4891666694333787,,,,
d1-3b,typed_security_incidents,global,noul,200,0.695,0.8161553900000001,0.6579758952451116,0.43613533430000007,0.1211553900000002,0.12115539,0.12115538999999999,0.12324561000000006,0.12115538999999997,0.12115538999999989,200,0.23890715173229296,0.1528018556028,0.6036500300000001,,,,,200,0.695,0.7949030990711401,0.634556315420175,0.42663168562919895,0.09990309907114014,0.09990309907114006,0.09990309907114008,0.1072962517613359,0.09990309907114005,0.10448731206284506,200,0.19562412290414247,0.13493154038431368,0.6036500300000001,,,,
d1-3b,typed_security_incidents,global,score,200,0.565,0.4734094252342756,0.9918266224892114,0.569628644874746,-0.09159057476572435,0.09159057476572444,0.10030774019974721,0.12360736950252367,0.10148536714024209,0.10877183411569369,200,0.1659720766406357,0.08046036530041377,0.431258313241748,0.021280897115188796,0.30676932824192704,0.09691682212104903,0.5389370608724238,200,0.565,0.45112085095675786,1.0137728563049695,0.5759816946929979,-0.11387914904324209,0.11387914904324213,0.11387914904324209,0.12030945464214898,0.11813567992446028,0.1243261143211761,200,0.15844098588675035,0.07702552807685466,0.431258313241748,0.020576456804836028,0.30560904667436206,0.09887477477281738,0.5466584222425283
d1-3b,typed_security_incidents,per_type,all,500,0.646,0.6523464887517025,0.8127294546280522,0.4869744499509222,0.006346488751702517,0.08001506307688477,0.08608801650734657,0.08227641118560702,0.08457991410025727,0.08857687491399818,500,0.2105349117775565,0.1201575260902602,0.511796671183375,0.021280897115188796,0.30676932824192704,0.09691682212104903,0.5389370608724238,500,0.646,0.6481343908485424,0.8758336573178028,0.5062982759159755,0.002134390848542389,0.1284898820666044,0.12848988206660436,0.1284898820666044,0.12667204814630373,0.1287728232118093,500,0.2665736562988714,0.1329560328093392,0.511796671183375,0.02048716621969386,0.30573935325303486,0.09937839151891019,0.5486809653736318
d1-3b,typed_security_incidents,per_type,choice,100,0.71,0.6826028132899613,0.7640422376716157,0.42334429140511914,-0.027397186710038657,0.06314003310521568,0.08206556190303597,0.1330828893469303,0.048818464618149635,0.07584927684057408,100,0.2429161021419252,0.13426318864487352,0.4891666694333787,,,,,100,0.71,0.6057881012158236,0.8051121756346957,0.43833027495107024,-0.10421189878417636,0.11372061462390784,0.12406552452014218,0.1670319163614304,0.10610255708666391,0.13431743240940058,100,0.17889668199182235,0.09833683578724559,0.4891666694333787,,,,
d1-3b,typed_security_incidents,per_type,noul,200,0.695,0.8161553900000001,0.6579758952451116,0.43613533430000007,0.1211553900000002,0.12115539,0.12115538999999999,0.12324561000000006,0.12115538999999997,0.12115538999999989,200,0.23890715173229296,0.1528018556028,0.6036500300000001,,,,,200,0.695,0.8710760549128697,0.7680570361191803,0.4690036782402773,0.1760760549128697,0.17607605491286957,0.17607605491286965,0.17607605491286962,0.1773920964070311,0.17755581550973065,200,0.41937410248004453,0.20670564512313777,0.6036500300000001,,,,
d1-3b,typed_security_incidents,per_type,score,200,0.565,0.4734094252342756,0.9918266224892114,0.569628644874746,-0.09159057476572435,0.09159057476572444,0.10030774019974721,0.12360736950252367,0.10148536714024209,0.10877183411569369,200,0.1659720766406357,0.08046036530041377,0.431258313241748,0.021280897115188796,0.30676932824192704,0.09691682212104903,0.5389370608724238,200,0.565,0.44636587160057445,1.018971019357979,0.5775768740741266,-0.1186341283994255,0.11863412839942557,0.11863412839942558,0.1242146692951582,0.12809751207626363,0.12866777440492952,200,0.1576116972712229,0.07651601900658746,0.431258313241748,0.02048716621969386,0.30573935325303486,0.09937839151891019,0.5486809653736318
opendecider-small,typed_agent_trace_observability,global,all,500,0.612,0.5306986501944833,0.9381455787739773,0.5267755154788792,-0.08130134980551673,0.08130134980551683,0.09832476169582974,0.10998586785818674,0.08130134980551683,0.08130134980551683,500,0.22736321585583597,0.11723410839185962,0.4803986517400473,0.053712681118023395,0.5207337881627249,0.1542092767819568,0.7856188871596373,500,0.612,0.609961844226292,0.9165475782731347,0.5194118953811359,-0.002038155773708028,0.06105068958245423,0.0739219509076745,0.08568390382269019,0.05143751349914425,0.07056028120438199,500,0.27912061658601045,0.14455561235238384,0.4803986517400473,0.05585963613186495,0.49910470612215646,0.14830133018370475,0.7367429478723517
opendecider-small,typed_agent_trace_observability,global,choice,200,0.66,0.5161075676741652,0.9061523371941445,0.4946745995471318,-0.14389243232583482,0.14389243232583476,0.1438924323258348,0.15936499399214646,0.14389243232583485,0.1438924323258348,200,0.18241537647585568,0.08816629323294778,0.4713500019500515,,,,,200,0.66,0.6078159640096485,0.8404341672874694,0.46843476072101753,-0.052184035990351485,0.05218403599035145,0.07154932100045813,0.10512288370473065,0.0551750217631743,0.05595558070661735,200,0.22854411273306713,0.11561770319531889,0.4713500019500515,,,,
opendecider-small,typed_agent_trace_observability,global,noul,100,0.65,0.69779148,0.5720858664116799,0.40030508184540003,0.04779148,0.12783371999999998,0.18465665999999997,0.18367838,0.09609983999999998,0.13162076,100,0.15086480696772894,0.13326915361134004,0.59776663,,,,,100,0.65,0.7523929474488089,0.5851590982108081,0.4188054117823365,0.10239294744880889,0.1353488258671758,0.18617307561685953,0.18550778444672886,0.14881467050836583,0.1460897081844922,100,0.20516561275619744,0.16618057099936653,0.59776663,,,,
opendecider-small,typed_agent_trace_observability,global,score,200,0.545,0.46174331781204275,1.1531686765349585,0.6221116482273662,-0.08325668218795729,0.11910985222322945,0.1394214620305595,0.168841971082364,0.09209094993071616,0.09237059611344478,200,0.3105602596798697,0.13828440094103125,0.4307633124000667,0.053712681118023395,0.5207337881627249,0.1542092767819568,0.7856188871596373,200,0.545,0.5408921728316767,1.158355229289963,0.620692271840654,-0.004107827168323364,0.0976961666166561,0.11833625978547509,0.13204919724707712,0.07322007274719972,0.120428507692559,200,0.3666746223538603,0.16268104218595744,0.4307633124000667,0.05585963613186495,0.49910470612215646,0.14830133018370475,0.7367429478723517
opendecider-small,typed_agent_trace_observability,per_type,all,500,0.612,0.5306986501944833,0.9381455787739773,0.5267755154788792,-0.08130134980551673,0.08130134980551683,0.09832476169582974,0.10998586785818674,0.08130134980551683,0.08130134980551683,500,0.22736321585583597,0.11723410839185962,0.4803986517400473,0.053712681118023395,0.5207337881627249,0.1542092767819568,0.7856188871596373,500,0.612,0.6165018913341157,0.9390748726054419,0.5232261461968587,0.004501891334115715,0.07184965209904048,0.08126850325046694,0.09617945249118147,0.05936101456485534,0.07295508881332743,500,0.3025964509329417,0.14830307266842538,0.4803986517400473,0.06090856888913241,0.5032071316685441,0.14722069151236586,0.701871277352074
opendecider-small,typed_agent_trace_observability,per_type,choice,200,0.66,0.5161075676741652,0.9061523371941445,0.4946745995471318,-0.14389243232583482,0.14389243232583476,0.1438924323258348,0.15936499399214646,0.14389243232583485,0.1438924323258348,200,0.18241537647585568,0.08816629323294778,0.4713500019500515,,,,,200,0.66,0.5854242684035914,0.8521393356404444,0.4723200984421454,-0.07457573159640862,0.07457573159640861,0.08614211049963905,0.1156298005658167,0.07610850183171151,0.07867794582525384,200,0.20996582694273638,0.10642783241952337,0.4713500019500515,,,,
opendecider-small,typed_agent_trace_observability,per_type,noul,100,0.65,0.69779148,0.5720858664116799,0.40030508184540003,0.04779148,0.12783371999999998,0.18465665999999997,0.18367838,0.09609983999999998,0.13162076,100,0.15086480696772894,0.13326915361134004,0.59776663,,,,,100,0.65,0.695224149605501,0.5721538709530299,0.39992615576473123,0.04522414960550103,0.12851131954651818,0.18480579662892727,0.18395981758481839,0.09505350071580203,0.13175027983611984,100,0.14927985573057634,0.13211004782593433,0.59776663,,,,
opendecider-small,typed_agent_trace_observability,per_type,score,200,0.545,0.46174331781204275,1.1531686765349585,0.6221116482273662,-0.08325668218795729,0.11910985222322945,0.1394214620305595,0.168841971082364,0.09209094993071616,0.09237059611344478,200,0.3105602596798697,0.13828440094103125,0.4307633124000667,0.053712681118023395,0.5207337881627249,0.1542092767819568,0.7856188871596373,200,0.545,0.6082183851289475,1.2094709103966454,0.6357821891676357,0.06321838512894751,0.1278501732347924,0.1412927196672301,0.15977209862002298,0.11261427930212978,0.1320017415169432,200,0.47188537252432977,0.19827482533857296,0.4307633124000667,0.06090856888913241,0.5032071316685441,0.14722069151236586,0.701871277352074
opendecider-small,typed_customer_service,global,all,500,0.652,0.6487111549535035,0.7622754767525841,0.4403049286806538,-0.0032888450464965135,0.05906959826050004,0.0750860140674137,0.08422722751884307,0.062153374657915844,0.06572900795165444,500,0.2469317840442865,0.13802165605129363,0.5532315698374336,0.023957144591748154,0.2701259974072603,0.08030697850041481,0.4191187199406582,500,0.652,0.7485500791634454,0.7662072708518122,0.45926140929389114,0.09655007916344538,0.1014710576564044,0.10564316446781803,0.1046653541917705,0.09937587393067412,0.1095312070535702,500,0.3705776025986586,0.18905976587653547,0.5532315698374336,0.03222771884965875,0.3276628061695865,0.07836159036082238,0.39834896378657514
opendecider-small,typed_customer_service,global,choice,200,0.615,0.6581149620130445,0.8086926781718866,0.4429950673665489,0.043114962013044544,0.07940004951142497,0.10230846949372141,0.11347126234950473,0.12018642187373388,0.12927915172746016,200,0.3285165649510739,0.17124508203206884,0.5553455762935153,,,,,200,0.615,0.7690750068082386,0.8291066457381708,0.4798465904760875,0.1540750068082386,0.1595477334982737,0.15954773349827375,0.16428256239264452,0.1611394937263105,0.16932231424942296,200,0.4611710739351072,0.22808181651426299,0.5553455762935153,,,,
opendecider-small,typed_customer_service,global,noul,100,0.68,0.81785925,0.5959636041813018,0.4141413306333,0.13785925,0.17566437,0.17566437000000001,0.20188005000000003,0.1431922700000001,0.16758687000000005,100,0.19926295912790334,0.16088452282808,0.6134666499999999,,,,,100,0.68,0.9004532778908653,0.7101004189555394,0.47722231817803723,0.22045327789086522,0.2219998837882604,0.23042081424800176,0.24413171321443167,0.22045327789086536,0.2204532778908653,100,0.395658228691688,0.24494867344127969,0.6134666499999999,,,,
opendecider-small,typed_customer_service,global,score,200,0.675,0.5547333003707142,0.799014211618923,0.4506965890184356,-0.12026669962928582,0.12026669962928578,0.12401671574848558,0.12703291652999243,0.1231663196292858,0.12026669962928577,200,0.18918141559569066,0.09336679668212518,0.521000023300069,0.023957144591748154,0.2701259974072603,0.08030697850041481,0.4191187199406582,200,0.675,0.6520735521549423,0.7313613219135899,0.42969577366962186,-0.022926447845057707,0.02299947108119947,0.04804041508620688,0.08431891900445754,0.0351922193687778,0.04835336596779398,200,0.26744381821569535,0.12209326145643587,0.521000023300069,0.03222771884965875,0.3276628061695865,0.07836159036082238,0.39834896378657514
opendecider-small,typed_customer_service,per_type,all,500,0.652,0.6487111549535035,0.7622754767525841,0.4403049286806538,-0.0032888450464965135,0.05906959826050004,0.0750860140674137,0.08422722751884307,0.062153374657915844,0.06572900795165444,500,0.2469317840442865,0.13802165605129363,0.5532315698374336,0.023957144591748154,0.2701259974072603,0.08030697850041481,0.4191187199406582,500,0.652,0.7493348597105459,0.7543936881007616,0.45381322110352973,0.0973348597105459,0.09825850024057899,0.10205165795222931,0.10633589434296313,0.10562087845276728,0.10064115724397027,500,0.3678696653810056,0.18472116340385564,0.5532315698374336,0.033862790464183785,0.3385617057000597,0.07867121568084169,0.3966851145785691
opendecider-small,typed_customer_service,per_type,choice,200,0.615,0.6581149620130445,0.8086926781718866,0.4429950673665489,0.043114962013044544,0.07940004951142497,0.10230846949372141,0.11347126234950473,0.12018642187373388,0.12927915172746016,200,0.3285165649510739,0.17124508203206884,0.5553455762935153,,,,,200,0.615,0.7844217992132664,0.8484877383169891,0.48984474239705156,0.1694217992132664,0.17297377043949053,0.1729737704394905,0.17636713501340956,0.1769935685524165,0.17314488744977996,200,0.505524526685578,0.24031767954431132,0.5553455762935153,,,,
opendecider-small,typed_customer_service,per_type,noul,100,0.68,0.81785925,0.5959636041813018,0.4141413306333,0.13785925,0.17566437,0.17566437000000001,0.20188005000000003,0.1431922700000001,0.16758687000000005,100,0.19926295912790334,0.16088452282808,0.6134666499999999,,,,,100,0.68,0.8461453237533554,0.6201332077784297,0.4310189968688151,0.16614532375335533,0.18827650418807979,0.18827650418807979,0.2145036115153884,0.17121771803227592,0.16859452020795335,100,0.24612610484725456,0.1858680365694132,0.6134666499999999,,,,
opendecider-small,typed_customer_service,per_type,score,200,0.675,0.5547333003707142,0.799014211618923,0.4506965890184356,-0.12026669962928582,0.12026669962928578,0.12401671574848558,0.12703291652999243,0.1231663196292858,0.12026669962928577,200,0.18918141559569066,0.09336679668212518,0.521000023300069,0.023957144591748154,0.2701259974072603,0.08030697850041481,0.4191187199406582,200,0.675,0.6658426881864208,0.7274298780457003,0.4291788119273652,-0.00915731181357926,0.020997906376551953,0.0492224698231027,0.07879738094449693,0.017693787198997123,0.033940271466458304,200,0.29108658434330864,0.1285512106806211,0.521000023300069,0.033862790464183785,0.3385617057000597,0.07867121568084169,0.3966851145785691
opendecider-small,typed_invoice_processing,global,all,500,0.71,0.5967604064667744,0.7341098749932068,0.4152186332243161,-0.11323959353322555,0.11323959353322562,0.11323959353322566,0.12303763953597106,0.11323959353322556,0.12613888555574024,500,0.28347103621467423,0.16611055537583758,0.6336494642029699,0.045628249985415134,0.4317752486688777,0.11514941958392917,0.6290729198744125,500,0.71,0.6636547203370871,0.6922472136203218,0.39597774093709903,-0.04634527966291291,0.06277789924285551,0.07902944526128822,0.07934836399699019,0.060772898076753845,0.06348748010852202,500,0.2864009392081554,0.16708631598526863,0.6336494642029699,0.04801109960735521,0.4303085987053251,0.11062795321057138,0.5732531692651286
opendecider-small,typed_invoice_processing,global,choice,100,0.64,0.5470087205300324,0.9419207459594198,0.49259560100366223,-0.09299127946996766,0.1650508671032958,0.18081293921110791,0.19511853798712983,0.16290577749772464,0.1481053377173664,100,0.31704220429917274,0.16353722232854884,0.5149486211966969,,,,,100,0.64,0.6374692917703003,0.9077727715998372,0.4712799884330524,-0.0025307082296996963,0.1245287385243532,0.13312977033630094,0.1478298318780143,0.11247328706882322,0.11808175149516509,100,0.3544495281056462,0.18197295118039275,0.5149486211966969,,,,
opendecider-small,typed_invoice_processing,global,noul,200,0.85,0.7055551250000001,0.46199429299836203,0.29212413676657,-0.14444487499999992,0.16972030500000002,0.169720305,0.176165365,0.16612620500000003,0.16535966500000002,200,0.27153478085994165,0.19017556152030998,0.8234416400000001,,,,,200,0.85,0.753303139117125,0.43345054455574755,0.2709373104154426,-0.09669686088287499,0.14703139386826433,0.1470313938682643,0.15500316753185003,0.12547929307313424,0.13042830693892624,200,0.2581835391818592,0.174879221327805,0.8234416400000001,,,,
opendecider-small,typed_invoice_processing,global,score,200,0.605,0.5128415309019198,0.902320021504945,0.49962464579238924,-0.09215846909808023,0.11933138093364722,0.12072812107434,0.12520337305970095,0.126664334086444,0.12486508013248432,200,0.2786217075271576,0.14333221575500954,0.5032077099090764,0.045628249985415134,0.4317752486688777,0.11514941958392917,0.6290729198744125,200,0.605,0.5870990158404424,0.8432811036951386,0.48336704771077876,-0.017900984159557543,0.10347183235733111,0.1062721959566989,0.11505271911843244,0.09985717472229197,0.10659353000173638,200,0.2805940447857062,0.15185009304517025,0.5032077099090764,0.04801109960735521,0.4303085987053251,0.11062795321057138,0.5732531692651286
opendecider-small,typed_invoice_processing,per_type,all,500,0.71,0.5967604064667744,0.7341098749932068,0.4152186332243161,-0.11323959353322555,0.11323959353322562,0.11323959353322566,0.12303763953597106,0.11323959353322556,0.12613888555574024,500,0.28347103621467423,0.16611055537583758,0.6336494642029699,0.045628249985415134,0.4317752486688777,0.11514941958392917,0.6290729198744125,500,0.71,0.649776962912053,0.7082091333567319,0.41345925821967583,-0.06022303708794696,0.07354430172717215,0.08428903007034771,0.10492681658435513,0.09148865438791828,0.09188317643679529,500,0.3133830927084294,0.18716568863222455,0.6336494642029699,0.052420701977454555,0.441779126442764,0.11137840532356781,0.5512582210547063
opendecider-small,typed_invoice_processing,per_type,choice,100,0.64,0.5470087205300324,0.9419207459594198,0.49259560100366223,-0.09299127946996766,0.1650508671032958,0.18081293921110791,0.19511853798712983,0.16290577749772464,0.1481053377173664,100,0.31704220429917274,0.16353722232854884,0.5149486211966969,,,,,100,0.64,0.6537533722972562,0.9066777849367992,0.4702402950185069,0.01375337229725615,0.11898787207374911,0.127698263867091,0.1490597745300347,0.12474807485864875,0.1242365895710179,100,0.36814517381832734,0.1878477615317284,0.5149486211966969,,,,
opendecider-small,typed_invoice_processing,per_type,noul,200,0.85,0.7055551250000001,0.46199429299836203,0.29212413676657,-0.14444487499999992,0.16972030500000002,0.169720305,0.176165365,0.16612620500000003,0.16535966500000002,200,0.27153478085994165,0.19017556152030998,0.8234416400000001,,,,,200,0.85,0.6667387775525643,0.49281021739983244,0.3151644763697172,-0.1832612224474357,0.18803810870980314,0.1965781841807981,0.2060159160287444,0.20275813570617957,0.19564809589131016,200,0.2923640146491231,0.2076680035898651,0.8234416400000001,,,,
opendecider-small,typed_invoice_processing,per_type,score,200,0.605,0.5128415309019198,0.902320021504945,0.49962464579238924,-0.09215846909808023,0.11933138093364722,0.12072812107434,0.12520337305970095,0.126664334086444,0.12486508013248432,200,0.2786217075271576,0.14333221575500954,0.5032077099090764,0.045628249985415134,0.4317752486688777,0.11514941958392917,0.6290729198744125,200,0.605,0.6308269435789403,0.8243737235235977,0.48336352167021895,0.02582694357894033,0.09887033751041639,0.10816819526187867,0.11816649915751978,0.09202034174373988,0.10305979484275715,200,0.30702113021278665,0.16632233722483206,0.5032077099090764,0.052420701977454555,0.441779126442764,0.11137840532356781,0.5512582210547063
opendecider-small,typed_security_incidents,global,all,500,0.666,0.5849545189783216,0.7907898280919149,0.47144943607750495,-0.08104548102167841,0.08854059287144626,0.10087218502167841,0.10582274785542047,0.09849178502167842,0.09921318746357406,500,0.13226077698697475,0.08070412046415994,0.5182599870000483,0.018183800264038284,0.2791829333857482,0.08730420616737597,0.5036634465760231,500,0.666,0.6593467093131489,0.7598812911794672,0.4621002785984331,-0.006653290686851165,0.05444682241099592,0.0614115225906848,0.06598318560449161,0.05807318749788898,0.06007864499478177,500,0.19154241097557234,0.11144823747300334,0.5182599870000483,0.023400579878879574,0.3194741834437945,0.0813489102176986,0.47238695001519637
opendecider-small,typed_security_incidents,global,choice,100,0.68,0.5444753790706303,0.8658137331605906,0.4820734976514718,-0.1355246209293698,0.1355246209293698,0.13552462092936973,0.15624086684799568,0.13552462092936973,0.14192265453133612,100,0.15836893419293252,0.09005504928390297,0.4790333179333852,,,,,100,0.68,0.6409061404275598,0.8057826601236703,0.4635137227975391,-0.03909385957244027,0.0992375387775885,0.10078397458453218,0.11401171367971108,0.0593431917200784,0.0865697149246171,100,0.2279964986993059,0.13030314785406602,0.4790333179333852,,,,
opendecider-small,typed_security_incidents,global,noul,200,0.68,0.705539145,0.6255351392762423,0.43207618485895,0.025539144999999985,0.05338817499999997,0.07688251500000003,0.07075668499999996,0.055532824999999966,0.055532825,200,0.1152264461942469,0.09519653715263,0.59968333,,,,,200,0.68,0.7629125496721677,0.6583211297841561,0.44842811574919794,0.08291254967216766,0.10190362577594678,0.10412534128942932,0.10726847185625486,0.09234247374061957,0.09234247374061956,200,0.18319366434805423,0.13137562898860328,0.59968333,,,,
opendecider-small,typed_security_incidents,global,score,200,0.645,0.4846094629104889,0.9185325643732495,0.5055106565090766,-0.16039053708951112,0.16039053708951118,0.1603905370895112,0.16039053708951115,0.16039053708951112,0.16039053708951112,200,0.13624102917672365,0.061536239365818375,0.45644997853342817,0.018183800264038284,0.2791829333857482,0.08730420616737597,0.5036634465760231,200,0.645,0.5650011533969246,0.8384907681026766,0.4750657193481153,-0.07999884660307544,0.07999884660307538,0.08930798036834231,0.09840223045702061,0.07999884660307541,0.07999884660307541,200,0.18166411374122365,0.08209339076687208,0.45644997853342817,0.023400579878879574,0.3194741834437945,0.0813489102176986,0.47238695001519637
opendecider-small,typed_security_incidents,per_type,all,500,0.666,0.5849545189783216,0.7907898280919149,0.47144943607750495,-0.08104548102167841,0.08854059287144626,0.10087218502167841,0.10582274785542047,0.09849178502167842,0.09921318746357406,500,0.13226077698697475,0.08070412046415994,0.5182599870000483,0.018183800264038284,0.2791829333857482,0.08730420616737597,0.5036634465760231,500,0.666,0.652343064271396,0.7421974401220696,0.45461783219520113,-0.013656935728604047,0.039867277217672734,0.03986727721767277,0.04994414597875412,0.037486697909030205,0.0342739898957923,500,0.18226715442326738,0.10439447521655182,0.5182599870000483,0.02599321236222845,0.33764503584532013,0.08065205913699235,0.46506232421991656
opendecider-small,typed_security_incidents,per_type,choice,100,0.68,0.5444753790706303,0.8658137331605906,0.4820734976514718,-0.1355246209293698,0.1355246209293698,0.13552462092936973,0.15624086684799568,0.13552462092936973,0.14192265453133612,100,0.15836893419293252,0.09005504928390297,0.4790333179333852,,,,,100,0.68,0.638123797738223,0.8067844330385283,0.4636100014022859,-0.04187620226177702,0.09922965877287401,0.10007559380259383,0.11539780907133812,0.06998433331881383,0.09788236455117445,100,0.22469607547990564,0.12871833882754222,0.4790333179333852,,,,
opendecider-small,typed_security_incidents,per_type,noul,200,0.68,0.705539145,0.6255351392762423,0.43207618485895,0.025539144999999985,0.05338817499999997,0.07688251500000003,0.07075668499999996,0.055532824999999966,0.055532825,200,0.1152264461942469,0.09519653715263,0.59968333,,,,,200,0.68,0.7204204690526044,0.6308518118084415,0.4350142129550082,0.040420469052604324,0.06618007279973233,0.083276036325141,0.07967736052198973,0.062193204773799866,0.06219320477379993,200,0.1287798144732609,0.10337128204104917,0.59968333,,,,
opendecider-small,typed_security_incidents,per_type,score,200,0.645,0.4846094629104889,0.9185325643732495,0.5055106565090766,-0.16039053708951112,0.16039053708951118,0.1603905370895112,0.16039053708951115,0.16039053708951112,0.16039053708951112,200,0.13624102917672365,0.061536239365818375,0.45644997853342817,0.018183800264038284,0.2791829333857482,0.08730420616737597,0.5036634465760231,200,0.645,0.5913752927567743,0.8212495719774683,0.46972536683185184,-0.05362470724322577,0.06090168785306842,0.07775526420539643,0.08115031261608732,0.06791004634627146,0.07308104219373479,200,0.2145400338449548,0.09325573658655932,0.45644997853342817,0.02599321236222845,0.33764503584532013,0.08065205913699235,0.46506232421991656
jeff-2b,typed_agent_trace_observability,global,all,500,0.448,0.49331547959168537,1.072639174994018,0.6193397114180313,0.04531547959168536,0.054060190499434085,0.08819398959561688,0.0892516811272523,0.04966302565793279,0.0771416295506546,500,0.28358571256495624,0.15913055624817637,0.40133265762669773,0.059246849161373384,0.5500691418359936,0.17400024305030512,0.8356103378283751,500,0.448,0.4371149270879515,1.0925007651360634,0.6234954392777123,-0.010885072912048488,0.052135310534382,0.0681415552234851,0.07984222583816791,0.06738656729294458,0.05150926202505459,500,0.27570257120083214,0.14827685611980698,0.40133265762669773,0.06155121891423967,0.5894827771938048,0.17930115815729805,0.8717169588097664
jeff-2b,typed_agent_trace_observability,global,choice,200,0.515,0.47381659611908844,1.0585385515248515,0.5776578668151293,-0.04118340388091157,0.1270877433289948,0.13259762344155837,0.16187696987912512,0.11637080124902646,0.12175302332899476,200,0.229554503900542,0.11215375224429672,0.42321833690004396,,,,,200,0.515,0.4066808127875008,1.1157376629760896,0.6061076977374773,-0.10831918721249922,0.16542574396074394,0.16542574396074397,0.1704069094056324,0.12818360276742738,0.1449622333868408,200,0.24007704882423567,0.11240873213360686,0.42321833690004396,,,,
jeff-2b,typed_agent_trace_observability,global,noul,100,0.48,0.73047621,0.7731026977197498,0.56852824171434,0.25047621,0.27238987,0.28901108999999997,0.28554493000000003,0.25219985,0.25047621000000014,100,0.2970226848865593,0.2583736165086,0.48163326999999995,,,,,100,0.48,0.6698563828357487,0.71747811562395,0.5234080076492339,0.18985638283574868,0.2424981469136128,0.24410502856304664,0.24677459442885505,0.2226913861903003,0.1898563828357487,100,0.22917724678037726,0.20656973368793288,0.48163326999999995,,,,
jeff-2b,typed_agent_trace_observability,global,score,200,0.365,0.394233997860125,1.2365080371003188,0.686427290872779,0.029233997860124983,0.056062834378163805,0.07354522657333736,0.10784547236799477,0.07253288416267079,0.06106949838003378,200,0.33089843506856886,0.15648583012184417,0.3392966721667002,0.059246849161373384,0.5500691418359936,0.17400024305030512,0.8356103378283751,200,0.365,0.3511783135145036,1.256775192052094,0.6909268966321863,-0.013821686485496365,0.0413919695593987,0.07874788607526409,0.11046552392548242,0.020539126983993194,0.033211234611918265,200,0.3345907557876562,0.15499854132194416,0.3392966721667002,0.06155121891423967,0.5894827771938048,0.17930115815729805,0.8717169588097664
jeff-2b,typed_agent_trace_observability,per_type,all,500,0.448,0.49331547959168537,1.072639174994018,0.6193397114180313,0.04531547959168536,0.054060190499434085,0.08819398959561688,0.0892516811272523,0.04966302565793279,0.0771416295506546,500,0.28358571256495624,0.15913055624817637,0.40133265762669773,0.059246849161373384,0.5500691418359936,0.17400024305030512,0.8356103378283751,500,0.448,0.43534645480518136,1.0884824349700053,0.6212539508052777,-0.01265354519481865,0.05296321605316799,0.07153259286779949,0.0832270983955291,0.04248005973590589,0.06484994027120086,500,0.27113965830887177,0.14471804129598903,0.40133265762669773,0.059871624804303886,0.5669801212011412,0.17603949159147347,0.8504939316831102
jeff-2b,typed_agent_trace_observability,per_type,choice,200,0.515,0.47381659611908844,1.0585385515248515,0.5776578668151293,-0.04118340388091157,0.1270877433289948,0.13259762344155837,0.16187696987912512,0.11637080124902646,0.12175302332899476,200,0.229554503900542,0.11215375224429672,0.42321833690004396,,,,,200,0.515,0.3962881936127266,1.1271400383289474,0.6121350185718838,-0.11871180638727341,0.17405344809163686,0.17405344809163692,0.17760080394765862,0.12457948369055964,0.1706587406322025,200,0.24460042695315892,0.11405091033005825,0.42321833690004396,,,,
jeff-2b,typed_agent_trace_observability,per_type,noul,100,0.48,0.73047621,0.7731026977197498,0.56852824171434,0.25047621,0.27238987,0.28901108999999997,0.28554493000000003,0.25219985,0.25047621000000014,100,0.2970226848865593,0.2583736165086,0.48163326999999995,,,,,100,0.48,0.6376160784163182,0.7000642598299297,0.5073488153877074,0.1576160784163182,0.22679467683674662,0.22679467683674662,0.22679467683674664,0.15761607841631822,0.20496932172493984,100,0.20606385718944506,0.18638504551563287,0.48163326999999995,,,,
jeff-2b,typed_agent_trace_observability,per_type,score,200,0.365,0.394233997860125,1.2365080371003188,0.686427290872779,0.029233997860124983,0.056062834378163805,0.07354522657333736,0.10784547236799477,0.07253288416267079,0.06106949838003378,200,0.33089843506856886,0.15648583012184417,0.3392966721667002,0.059246849161373384,0.5500691418359936,0.17400024305030512,0.8356103378283751,200,0.365,0.3732699041920677,1.244033919181101,0.6873254507474568,0.00826990419206769,0.03860236993210374,0.07053849853222663,0.10331270149407434,0.017784200130389595,0.03387224606910264,200,0.33021679022429784,0.1545516701520978,0.3392966721667002,0.059871624804303886,0.5669801212011412,0.17603949159147347,0.8504939316831102
jeff-2b,typed_customer_service,global,all,500,0.592,0.645168727726003,0.9010402026475034,0.5209075653821483,0.05316872772600301,0.05316872772600298,0.0704664980178199,0.08341058671073591,0.0578111620014409,0.0755184148083087,500,0.3755729485585993,0.19020558979894986,0.5087902207894097,0.056720935173559014,0.46283928452475337,0.124633714178977,0.5992863589742966,500,0.592,0.5764991050110744,0.8913722043643645,0.5123303663447262,-0.015500894988925595,0.03153375055098239,0.06280056021063554,0.10093405849117411,0.04295390855530669,0.06522188102920144,500,0.30396687514987597,0.16340841544305737,0.5087902207894097,0.05097817130344681,0.45801796795395044,0.12428717116767352,0.5984610174316201
jeff-2b,typed_customer_service,global,choice,200,0.59,0.756453166081807,0.9521007507295423,0.5374579469409939,0.16645316608180705,0.17194383498534876,0.17441222824198782,0.17808813824198788,0.17368188608180693,0.173681886081807,200,0.544846365760811,0.25991564095040504,0.5386588615734729,,,,,200,0.59,0.6724248741041898,0.8916176390443249,0.49514037603852096,0.08242487410418986,0.10651025712020322,0.12102105807984434,0.12334309556888165,0.1247712555340377,0.1279619267494828,200,0.40217834935485725,0.20757091836091612,0.5386588615734729,,,,
jeff-2b,typed_customer_service,global,noul,100,0.65,0.64486285,0.6074210276723185,0.4192853560337,-0.005137150000000035,0.07323627000000005,0.12437325,0.14269123,0.04093090999999993,0.06477021000000001,100,0.12537706359627898,0.11177706030871999,0.58753335,,,,,100,0.65,0.6056699899084407,0.6201392002101035,0.429578210713643,-0.044330010091559346,0.09852978821722749,0.134874288484029,0.15710051728552843,0.09793285358475715,0.1017216082611744,100,0.11847153304543953,0.10611964099164657,0.58753335,,,,
jeff-2b,typed_customer_service,global,score,200,0.565,0.5340372282332005,0.9967892420530569,0.5551682884975269,-0.030962771766799402,0.08159340157860795,0.11101129394747328,0.16777503420841866,0.08908024125230585,0.135574294221563,200,0.3313974738375478,0.15970980339260965,0.4395500154000514,0.056720935173559014,0.46283928452475337,0.124633714178977,0.5992863589742966,200,0.565,0.46598789346927577,1.0267432717615348,0.5708964344664729,-0.09901210653072418,0.13003225583386496,0.15922790019791455,0.20321464672527845,0.1237795404169932,0.13393160039297783,200,0.2985030719971128,0.1478902997509041,0.4395500154000514,0.05097817130344681,0.45801796795395044,0.12428717116767352,0.5984610174316201
jeff-2b,typed_customer_service,per_type,all,500,0.592,0.645168727726003,0.9010402026475034,0.5209075653821483,0.05316872772600301,0.05316872772600298,0.0704664980178199,0.08341058671073591,0.0578111620014409,0.0755184148083087,500,0.3755729485585993,0.19020558979894986,0.5087902207894097,0.056720935173559014,0.46283928452475337,0.124633714178977,0.5992863589742966,500,0.592,0.5913646080572765,0.8918738138307436,0.5165848546358043,-0.00063539194272344,0.034413286909292094,0.0658313803077642,0.09947111666728559,0.06355136022116056,0.060437222994384934,500,0.3194074596060806,0.1704564348032042,0.5087902207894097,0.05251127777487847,0.4578799998367997,0.1237083045797077,0.5972969066688164
jeff-2b,typed_customer_service,per_type,choice,200,0.59,0.756453166081807,0.9521007507295423,0.5374579469409939,0.16645316608180705,0.17194383498534876,0.17441222824198782,0.17808813824198788,0.17368188608180693,0.173681886081807,200,0.544846365760811,0.25991564095040504,0.5386588615734729,,,,,200,0.59,0.7008758083138842,0.8998655397640669,0.5056415096098317,0.11087580831388422,0.12955067455075867,0.14076156294824738,0.1413888931101024,0.14206459897813734,0.13129882405063692,200,0.43334348321760574,0.22188811508416306,0.5386588615734729,,,,
jeff-2b,typed_customer_service,per_type,noul,100,0.65,0.64486285,0.6074210276723185,0.4192853560337,-0.005137150000000035,0.07323627000000005,0.12437325,0.14269123,0.04093090999999993,0.06477021000000001,100,0.12537706359627898,0.11177706030871999,0.58753335,,,,,100,0.65,0.5713249424861073,0.6377635291490802,0.44558623198001784,-0.0786750575138927,0.1214054703617696,0.15767493765032356,0.1766454507026414,0.07867505751389278,0.0972928211095056,100,0.12009344732227457,0.10768287744571273,0.58753335,,,,
jeff-2b,typed_customer_service,per_type,score,200,0.565,0.5340372282332005,0.9967892420530569,0.5551682884975269,-0.030962771766799402,0.08159340157860795,0.11101129394747328,0.16777503420841866,0.08908024125230585,0.135574294221563,200,0.3313974738375478,0.15970980339260965,0.4395500154000514,0.056720935173559014,0.46283928452475337,0.124633714178977,0.5992863589742966,200,0.565,0.4918732405862535,1.0109372302382522,0.56302751098967,-0.07312675941374647,0.10255533387526054,0.14447189255038986,0.18981497670880856,0.11705185263409429,0.1170518526340943,200,0.30512844213645834,0.150411533200991,0.4395500154000514,0.05251127777487847,0.4578799998367997,0.1237083045797077,0.5972969066688164
jeff-2b,typed_invoice_processing,global,all,500,0.574,0.7157742057426174,1.0957918724617384,0.6244366911591187,0.14177420574261745,0.24224436471216618,0.2458572687119677,0.2577367575704029,0.22867569527816534,0.24978903855475695,500,0.6735206525829329,0.37511214649309615,0.5232791135533238,0.12774935124888348,0.6633843281780318,0.20483749603245854,0.7968901469017454,500,0.574,0.7097465051035065,1.0833041515648612,0.6203419323387381,0.1357465051035065,0.22565800445405468,0.23457500214441965,0.24703579727977,0.22401294386174714,0.23884336428665587,500,0.6564878217717299,0.36994547398571925,0.5232791135533238,0.1257272962546241,0.6600312647784817,0.20303972624729424,0.7960875278657318
jeff-2b,typed_invoice_processing,global,choice,100,0.45,0.7926983668301459,1.4967765235935604,0.8124510129904263,0.34269836683014593,0.34269836683014576,0.3693562943456133,0.36873197773036426,0.3426983668301458,0.3552975943456134,100,0.8745938924834833,0.4614384979630923,0.3821486308300044,,,,,100,0.45,0.7823148492729366,1.472479364582656,0.8025548915936573,0.3323148492729366,0.3323148492729367,0.36078667972200384,0.3624076118195838,0.33231484927293675,0.337475596974092,100,0.8443048089486196,0.44968761731229506,0.3821486308300044,,,,
jeff-2b,typed_invoice_processing,global,noul,200,0.725,0.7567563799999999,0.7380960555338106,0.49215416136326,0.03175637999999992,0.24749716,0.26290621000000003,0.2735441,0.27963562999999997,0.2681048299999999,200,0.5981756250073046,0.40187587005051995,0.694075,,,,,200,0.725,0.7536233073562261,0.7294947196042004,0.48991710287218965,0.02862330735622609,0.24593552005920638,0.2626475884834323,0.273017305880248,0.2788362679558241,0.2674751739078038,200,0.5868146052170676,0.3992971267181222,0.694075,,,,
jeff-2b,typed_invoice_processing,global,score,200,0.485,0.6363299509414704,1.252995363823755,0.6627120600393238,0.1513299509414704,0.18034084957157182,0.21424274066561622,0.2203434067140866,0.20790014464501397,0.2309420229718196,200,0.6483290602082858,0.3051852472006742,0.42304846846830735,0.12774935124888348,0.6633843281780318,0.20483749603245854,0.7968901469017454,200,0.485,0.6295855307660719,1.2425259770166244,0.6596602821778274,0.14458553076607195,0.17955514054460747,0.2113436860707395,0.21811854958625884,0.21305721793353516,0.21611148214523873,200,0.6322525447379477,0.30072274959002854,0.42304846846830735,0.1257272962546241,0.6600312647784817,0.20303972624729424,0.7960875278657318
jeff-2b,typed_invoice_processing,per_type,all,500,0.574,0.7157742057426174,1.0957918724617384,0.6244366911591187,0.14177420574261745,0.24224436471216618,0.2458572687119677,0.2577367575704029,0.22867569527816534,0.24978903855475695,500,0.6735206525829329,0.37511214649309615,0.5232791135533238,0.12774935124888348,0.6633843281780318,0.20483749603245854,0.7968901469017454,500,0.574,0.716143106234168,1.1001279142496947,0.6183762165735427,0.14214310623416804,0.21539893242594846,0.2429548360067061,0.2418256876859565,0.2214464277397631,0.23736200144289754,500,0.6858868384872238,0.37066242744476613,0.5232791135533238,0.14525182619130433,0.6958201489344563,0.22065424199516287,0.8102454785339356
jeff-2b,typed_invoice_processing,per_type,choice,100,0.45,0.7926983668301459,1.4967765235935604,0.8124510129904263,0.34269836683014593,0.34269836683014576,0.3693562943456133,0.36873197773036426,0.3426983668301458,0.3552975943456134,100,0.8745938924834833,0.4614384979630923,0.3821486308300044,,,,,100,0.45,0.7507625582352216,1.4083499388230125,0.7747019394054404,0.30076255823522163,0.3137762721594842,0.33495621082786087,0.33805697146263963,0.30561391206405986,0.30561391206405997,100,0.7633433991204069,0.4160910612053449,0.3821486308300044,,,,
jeff-2b,typed_invoice_processing,per_type,noul,200,0.725,0.7567563799999999,0.7380960555338106,0.49215416136326,0.03175637999999992,0.24749716,0.26290621000000003,0.2735441,0.27963562999999997,0.2681048299999999,200,0.5981756250073046,0.40187587005051995,0.694075,,,,,200,0.725,0.7213757129201067,0.66484242899093,0.46737060132169234,-0.0036242870798932625,0.233106376519838,0.25745833999374934,0.26628913085464,0.23142991223862405,0.26604808619386755,200,0.4989510066024856,0.3729038427632279,0.694075,,,,
jeff-2b,typed_invoice_processing,per_type,score,200,0.485,0.6363299509414704,1.252995363823755,0.6627120600393238,0.1513299509414704,0.18034084957157182,0.21424274066561622,0.2203434067140866,0.20790014464501397,0.2309420229718196,200,0.6483290602082858,0.3051852472006742,0.42304846846830735,0.12774935124888348,0.6633843281780318,0.20483749603245854,0.7968901469017454,200,0.485,0.6936007735477028,1.3813023872217998,0.6912189704094441,0.2086007735477028,0.21971296133963875,0.25595868928374493,0.2734515724526646,0.21861459008812711,0.2548470993523245,200,0.8340943900553701,0.34570669524601505,0.42304846846830735,0.14525182619130433,0.6958201489344563,0.22065424199516287,0.8102454785339356
jeff-2b,typed_security_incidents,global,all,500,0.608,0.563137673939874,0.903864241241356,0.5215947934763908,-0.04486232606012597,0.08965663603248826,0.09215173203248826,0.09856597603248826,0.08943037211069817,0.09531241740526163,500,0.2117636614601658,0.11544995717058483,0.48150334266337336,0.04169911104455928,0.47146902155030546,0.1389600938380394,0.7141054209885621,500,0.608,0.4970960248547643,0.9415445380983907,0.5362185479453856,-0.1109039751452357,0.12540894269781946,0.12637962315412765,0.1254089426978194,0.11707930300957907,0.11559702399737809,500,0.18664713661436275,0.09820923795667207,0.48150334266337336,0.04428627348815098,0.5070170012093932,0.1465290950703783,0.7584195314863856
jeff-2b,typed_security_incidents,global,choice,100,0.69,0.602079899902562,0.9136049450219845,0.4974587069623584,-0.08792010009743789,0.12473996633388149,0.159171839006144,0.15936068782504914,0.12934119705806355,0.15437357319774833,100,0.2479072881843017,0.12702674396307134,0.48406666233338586,,,,,100,0.69,0.49353846155423314,0.978209977619324,0.5303605314978465,-0.1964615384457668,0.19817811126868,0.25048557763735546,0.23728690138201208,0.1964615384457668,0.2194575381700935,100,0.19196966190744458,0.09743429021774155,0.48406666233338586,,,,
jeff-2b,typed_security_incidents,global,noul,200,0.705,0.745371845,0.5592833591544516,0.38403145838013,0.04037184500000002,0.06632558499999991,0.08439360499999997,0.08055368500000004,0.057833795000000056,0.06559218500000005,200,0.13475090041370838,0.10429595795806999,0.59625003,,,,,200,0.705,0.6793870537785622,0.5638069930995842,0.3826846560216897,-0.025612946221437727,0.06908885965613629,0.08329215636743142,0.09113256991217147,0.07616893950925505,0.05429365218934333,200,0.08153410247898404,0.07065420146777107,0.59625003,,,,
jeff-2b,typed_security_incidents,global,score,200,0.47,0.36143238989840426,1.2435747714379461,0.6712261718296678,-0.10856761010159571,0.12226382604587349,0.12226382604587356,0.16615487306562252,0.12567766010159565,0.12421621501584013,200,0.2707046091445553,0.1208155629868564,0.3654749954917406,0.04169911104455928,0.47146902155030546,0.1389600938380394,0.7141054209885621,200,0.47,0.31658377758123185,1.3009493633367304,0.6926814480928507,-0.15341622241876812,0.15341622241876818,0.15341622241876815,0.1622689308893674,0.15832844430002704,0.16362958856234422,200,0.28909890810320044,0.12615174831503834,0.3654749954917406,0.04428627348815098,0.5070170012093932,0.1465290950703783,0.7584195314863856
jeff-2b,typed_security_incidents,per_type,all,500,0.608,0.563137673939874,0.903864241241356,0.5215947934763908,-0.04486232606012597,0.08965663603248826,0.09215173203248826,0.09856597603248826,0.08943037211069817,0.09531241740526163,500,0.2117636614601658,0.11544995717058483,0.48150334266337336,0.04169911104455928,0.47146902155030546,0.1389600938380394,0.7141054209885621,500,0.608,0.47639179830212613,0.9447193141108728,0.5420204477332523,-0.13160820169787385,0.13160820169787382,0.132832599062949,0.1410283521481527,0.13160820169787388,0.1342079278534867,500,0.1767015259115776,0.09188626800957285,0.48150334266337336,0.04295850448362769,0.4917287918769253,0.14340824155220008,0.7410841048804463
jeff-2b,typed_security_incidents,per_type,choice,100,0.69,0.602079899902562,0.9136049450219845,0.4974587069623584,-0.08792010009743789,0.12473996633388149,0.159171839006144,0.15936068782504914,0.12934119705806355,0.15437357319774833,100,0.2479072881843017,0.12702674396307134,0.48406666233338586,,,,,100,0.69,0.4985939410962725,0.973836826916022,0.5280505479728751,-0.19140605890372747,0.19569152572376303,0.24674671200688755,0.23315933301588693,0.19140605890372758,0.20753708662410358,100,0.19270812095382778,0.09803452153572927,0.48406666233338586,,,,
jeff-2b,typed_security_incidents,per_type,noul,200,0.705,0.745371845,0.5592833591544516,0.38403145838013,0.04037184500000002,0.06632558499999991,0.08439360499999997,0.08055368500000004,0.057833795000000056,0.06559218500000005,200,0.13475090041370838,0.10429595795806999,0.59625003,,,,,200,0.705,0.609683247589941,0.5960257288620538,0.4068484508698839,-0.09531675241005899,0.10474858700942834,0.12233286499859404,0.13578817711041752,0.09531675241005898,0.09531675241005903,200,0.06522020119968236,0.05746937234094194,0.59625003,,,,
jeff-2b,typed_security_incidents,per_type,score,200,0.47,0.36143238989840426,1.2435747714379461,0.6712261718296678,-0.10856761010159571,0.12226382604587349,0.12226382604587356,0.16615487306562252,0.12567766010159565,0.12421621501584013,200,0.2707046091445553,0.1208155629868564,0.3654749954917406,0.04169911104455928,0.47146902155030546,0.1389600938380394,0.7141054209885621,200,0.47,0.33199927761723813,1.278854142957117,0.6841773944768096,-0.13800072238276184,0.13800072238276187,0.14637411337235143,0.15215433085850932,0.13879843643159478,0.1428043648697016,200,0.28017955310234777,0.12322903691512556,0.3654749954917406,0.04295850448362769,0.4917287918769253,0.14340824155220008,0.7410841048804463
jeff-0.8b,typed_agent_trace_observability,global,all,500,0.388,0.5315684807177975,1.2237524151316357,0.6982096226550244,0.1435684807177975,0.14356848071779743,0.14356848071779746,0.14595918874217984,0.14356848071779743,0.14356848071779743,500,0.38482307387263553,0.20698841513454144,0.37143068029334847,0.0748643192991225,0.5591242432705509,0.19577096335199518,0.8503669157085798,500,0.388,0.39999390753832437,1.1729859596861103,0.6660123220127827,0.011993907538324355,0.04673843901860222,0.04962727466452578,0.06354377944733762,0.04524522436793793,0.05225103249296368,500,0.3109003303821702,0.16284066658788865,0.37143068029334847,0.06777791327223155,0.6131366472908791,0.19118198304314413,0.8968583756833985
jeff-0.8b,typed_agent_trace_observability,global,choice,200,0.385,0.5305509634419251,1.3179536037687216,0.738182097238148,0.14555096344192509,0.14555096344192509,0.16273917650314565,0.18446820343221063,0.1455509634419251,0.14555096344192509,200,0.4207656388105977,0.22316556909702218,0.3404633509000149,,,,,200,0.385,0.36855056254013446,1.2803639964899012,0.7026403287414036,-0.016449437459865546,0.07305635813650269,0.09616966669914226,0.11826191059724375,0.0607211968073871,0.09034042492027547,200,0.3350214838526122,0.16388438578684003,0.3404633509000149,,,,
jeff-0.8b,typed_agent_trace_observability,global,noul,100,0.49,0.58817441,0.7123583062142107,0.5188659630981001,0.09817441000000005,0.10322765000000005,0.12869636999999995,0.13334559,0.10200327000000005,0.10289273000000003,100,0.191354509281508,0.17237516894860005,0.50670001,,,,,100,0.49,0.537751151064735,0.694400160661445,0.501335436780764,0.04775115106473504,0.06594623337508919,0.10255904201996509,0.1259205753069749,0.06192776419888789,0.06192776419888798,100,0.1766395317788669,0.1582730448925787,0.50670001,,,,
jeff-0.8b,typed_agent_trace_observability,global,score,200,0.34,0.5042830333525685,1.3852482809532614,0.747908977850363,0.1642830333525685,0.16428303335256866,0.17030298796711518,0.16673289261312704,0.1642830333525686,0.1642830333525687,200,0.445614791230237,0.20811788426503136,0.3347633448333561,0.0748643192991225,0.5591242432705509,0.19577096335199518,0.8503669157085798,200,0.34,0.36255863077330885,1.3049008223946523,0.7117227579001714,0.02255863077330883,0.052537439829722525,0.07411016803389192,0.09978551226653738,0.022558630773308868,0.022558630773308826,200,0.3539095762133797,0.16408075823659218,0.3347633448333561,0.06777791327223155,0.6131366472908791,0.19118198304314413,0.8968583756833985
jeff-0.8b,typed_agent_trace_observability,per_type,all,500,0.388,0.5315684807177975,1.2237524151316357,0.6982096226550244,0.1435684807177975,0.14356848071779743,0.14356848071779746,0.14595918874217984,0.14356848071779743,0.14356848071779743,500,0.38482307387263553,0.20698841513454144,0.37143068029334847,0.0748643192991225,0.5591242432705509,0.19577096335199518,0.8503669157085798,500,0.388,0.4043806074646799,1.17054139042653,0.6657519269602997,0.016380607464679897,0.02451295212704844,0.06928769982761274,0.06810030653225507,0.029016622624500638,0.04641314264088842,500,0.3120313383305254,0.1644790936756052,0.37143068029334847,0.06851540997426481,0.6243821399090231,0.19222529198354926,0.9104194701685593
jeff-0.8b,typed_agent_trace_observability,per_type,choice,200,0.385,0.5305509634419251,1.3179536037687216,0.738182097238148,0.14555096344192509,0.14555096344192509,0.16273917650314565,0.18446820343221063,0.1455509634419251,0.14555096344192509,200,0.4207656388105977,0.22316556909702218,0.3404633509000149,,,,,200,0.385,0.4022849015973222,1.2723302094736053,0.702042800748095,0.01728490159732221,0.07794129336434104,0.12028343050113902,0.12867440721381995,0.0552828508283222,0.08698493889589903,200,0.3364108986562093,0.16821028311409905,0.3404633509000149,,,,
jeff-0.8b,typed_agent_trace_observability,per_type,noul,100,0.49,0.58817441,0.7123583062142107,0.5188659630981001,0.09817441000000005,0.10322765000000005,0.12869636999999995,0.13334559,0.10200327000000005,0.10289273000000003,100,0.191354509281508,0.17237516894860005,0.50670001,,,,,100,0.49,0.5204562733637559,0.6925972622700758,0.49946915915686935,0.030456273363755892,0.06774450008534831,0.09673935153755565,0.1277404280859335,0.030456273363755892,0.030456273363756038,100,0.1758943085822839,0.15748069159171985,0.50670001,,,,
jeff-0.8b,typed_agent_trace_observability,per_type,score,200,0.34,0.5042830333525685,1.3852482809532614,0.747908977850363,0.1642830333525685,0.16428303335256866,0.17030298796711518,0.16673289261312704,0.1642830333525686,0.1642830333525687,200,0.445614791230237,0.20811788426503136,0.3347633448333561,0.0748643192991225,0.5591242432705509,0.19577096335199518,0.8503669157085798,200,0.34,0.3484384803824996,1.3077246354576824,0.7126024370742197,0.008438480382499558,0.04853179643889872,0.06204370796140662,0.08212166984515976,0.014825675041430862,0.03279905279444345,200,0.3557202928789623,0.16424710527905412,0.3347633448333561,0.06851540997426481,0.6243821399090231,0.19222529198354926,0.9104194701685593
jeff-0.8b,typed_customer_service,global,all,500,0.544,0.6503709897486356,1.002284799402221,0.5886898668466709,0.10637098974863557,0.10637098974863549,0.11864637790821826,0.11936829650014166,0.11052205807841603,0.11258006177801952,500,0.4465910585500898,0.23461925848955423,0.48280024255273757,0.07679374026415747,0.583408833526729,0.15032088494138285,0.6914719838818675,500,0.544,0.43209535031481894,1.0432170693210847,0.5798502020586316,-0.1119046496851811,0.11190464968518118,0.11190464968518109,0.11190464968518112,0.11190464968518114,0.11573880635343448,500,0.36385614062140587,0.18682159260378917,0.48280024255273757,0.06916526030260627,0.5893149920891356,0.15477213069626428,0.7289642645498159
jeff-0.8b,typed_customer_service,global,choice,200,0.555,0.7830636644541614,0.9897410379658933,0.5817745631549257,0.22806366445416137,0.22806366445416135,0.22843813504615534,0.23435257333224388,0.2282998278734248,0.23450007089056787,200,0.5826199199444538,0.30443037001157075,0.5169672300151344,,,,,200,0.555,0.45980057249632705,1.0405491842715549,0.5337364667551003,-0.095199427503673,0.1445569227434227,0.16936059717116442,0.17421063398194483,0.14055043638762732,0.1405504363876273,200,0.4419113166966278,0.21059372308565735,0.5169672300151344,,,,
jeff-0.8b,typed_customer_service,global,noul,100,0.55,0.6523738099999999,0.7213722811323897,0.5239586676675,0.1023738099999999,0.15265410999999998,0.16383143,0.21404380999999997,0.12163233000000004,0.15237799,100,0.17569820387072213,0.15598470308432,0.5400666900000001,,,,,100,0.55,0.5532834954937097,0.6842676797567546,0.49141890977563335,0.003283495493709654,0.08801326038732649,0.12392345139640674,0.19401449864274278,0.0340971659020905,0.08043289166561442,100,0.1362503494720902,0.12370647830242307,0.5400666900000001,,,,
jeff-0.8b,typed_customer_service,global,score,200,0.53,0.5166769049174273,1.1552848199734642,0.6279707701280017,-0.013323095082572678,0.044985610477328054,0.09173234484018473,0.0891947327683668,0.03131110496831086,0.019915895537251337,200,0.44600862449540946,0.20412542467015485,0.42000003136670955,0.07679374026415747,0.583408833526729,0.15032088494138285,0.6914719838818675,200,0.53,0.3437960555438653,1.2253596491527796,0.6701795835036619,-0.18620394445613475,0.1862039444561347,0.18620394445613467,0.19667831612624165,0.18620394445613472,0.18620394445613472,200,0.3996038601208417,0.19460701927260401,0.42000003136670955,0.06916526030260627,0.5893149920891356,0.15477213069626428,0.7289642645498159
jeff-0.8b,typed_customer_service,per_type,all,500,0.544,0.6503709897486356,1.002284799402221,0.5886898668466709,0.10637098974863557,0.10637098974863549,0.11864637790821826,0.11936829650014166,0.11052205807841603,0.11258006177801952,500,0.4465910585500898,0.23461925848955423,0.48280024255273757,0.07679374026415747,0.583408833526729,0.15032088494138285,0.6914719838818675,500,0.544,0.4617966891396056,1.0124797797354046,0.5698264048499864,-0.08220331086039445,0.09000303203860813,0.12003987416058387,0.12776693612235726,0.0916303585989889,0.10750801678185386,500,0.3446305179031497,0.18200686459623522,0.48280024255273757,0.07010168520103444,0.5937120940339704,0.15641514202603965,0.7391012025584602
jeff-0.8b,typed_customer_service,per_type,choice,200,0.555,0.7830636644541614,0.9897410379658933,0.5817745631549257,0.22806366445416137,0.22806366445416135,0.22843813504615534,0.23435257333224388,0.2282998278734248,0.23450007089056787,200,0.5826199199444538,0.30443037001157075,0.5169672300151344,,,,,200,0.555,0.5511936425485557,0.9522989715243,0.5030021831698503,-0.003806357451444309,0.12231725689732977,0.12231725689732972,0.12953729255826904,0.11957163038353519,0.1195716303835352,200,0.3878143638586572,0.19559553450253298,0.5169672300151344,,,,
jeff-0.8b,typed_customer_service,per_type,noul,100,0.55,0.6523738099999999,0.7213722811323897,0.5239586676675,0.1023738099999999,0.15265410999999998,0.16383143,0.21404380999999997,0.12163233000000004,0.15237799,100,0.17569820387072213,0.15598470308432,0.5400666900000001,,,,,100,0.55,0.5368929804846808,0.6850659983486134,0.49204394014605746,-0.01310701951531923,0.09469939520496218,0.13180950747529319,0.1927379156624431,0.018078078581138305,0.07028939339251063,100,0.1367068432640669,0.12408180279410481,0.5400666900000001,,,,
jeff-0.8b,typed_customer_service,per_type,score,200,0.53,0.5166769049174273,1.1552848199734642,0.6279707701280017,-0.013323095082572678,0.044985610477328054,0.09173234484018473,0.0891947327683668,0.03131110496831086,0.019915895537251337,200,0.44600862449540946,0.20412542467015485,0.42000003136670955,0.07679374026415747,0.583408833526729,0.15032088494138285,0.6914719838818675,200,0.53,0.33485159005811793,1.236367478639905,0.6755418588820867,-0.1951484099418821,0.19514840994188204,0.19514840994188207,0.21101298354164216,0.19514840994188204,0.19514840994188204,200,0.40540850926718364,0.19738072559100275,0.42000003136670955,0.07010168520103444,0.5937120940339704,0.15641514202603965,0.7391012025584602
jeff-0.8b,typed_invoice_processing,global,all,500,0.572,0.7671884711643677,1.5312354961747336,0.7396621199489455,0.19518847116436777,0.32726099577795964,0.32726099577795953,0.3281980237779595,0.3214641661239932,0.3311885237779595,500,1.0589608188947577,0.47120305884177366,0.5274264484399871,0.18164809366512624,0.808182984578951,0.2669374344461349,0.9212748744062188,500,0.572,0.6695624624670579,1.1944536742975547,0.6698641499453818,0.09756246246705791,0.24334462320182965,0.24944873151157487,0.24966634167471058,0.20918153184218563,0.2348001526892242,500,0.6818679298955556,0.38777371306955744,0.5274264484399871,0.14293330002110233,0.7478671906688669,0.23121984702301146,0.9228395149148553
jeff-0.8b,typed_invoice_processing,global,choice,100,0.45,0.901604345493207,2.092192517402705,0.9557275300087599,0.451604345493207,0.451604345493207,0.46467870166673086,0.46062500300548953,0.45160434549320705,0.4606250030054895,100,1.4482763440967394,0.6161779459137415,0.3821486308300044,,,,,100,0.45,0.7304134732920136,1.5232011854560026,0.7898156823899926,0.28041347329201355,0.32935869024178577,0.32935869024178577,0.32935869024178566,0.2804134732920136,0.2804134732920136,100,0.8087933599816917,0.41705591457262925,0.3821486308300044,,,,
jeff-0.8b,typed_invoice_processing,global,noul,200,0.71,0.81923644,1.0943555417305537,0.5833468255490399,0.10923643999999999,0.28377472,0.3363674,0.31985080999999993,0.33346528,0.33389712,200,0.911379960222659,0.4631694195618799,0.7035416499999999,,,,,200,0.71,0.7616534774402572,0.8272809167808666,0.5542546072392718,0.05165347744025728,0.28351576509332393,0.35313721994262426,0.3301347620321414,0.334003279420783,0.334003279420783,200,0.6248133704112778,0.4343786398676853,0.7035416499999999,,,,
jeff-0.8b,typed_invoice_processing,global,score,200,0.495,0.6479325651643154,1.6876369400049283,0.7879447093189438,0.15293256516431541,0.27367283295384365,0.31948548401632143,0.3100425428981931,0.2975608566982953,0.3001307966982953,200,1.0118839149658658,0.4067492545856834,0.42395015568496563,0.18164809366512624,0.808182984578951,0.2669374344461349,0.9212748744062188,200,0.495,0.5470459420813804,1.397252676235019,0.7254979264291864,0.05204594208138036,0.21848643360261935,0.26994001395533807,0.2778566659533556,0.24691302513083754,0.2482046568306481,200,0.6754597743367649,0.3265276855198937,0.42395015568496563,0.14293330002110233,0.7478671906688669,0.23121984702301146,0.9228395149148553
jeff-0.8b,typed_invoice_processing,per_type,all,500,0.572,0.7671884711643677,1.5312354961747336,0.7396621199489455,0.19518847116436777,0.32726099577795964,0.32726099577795953,0.3281980237779595,0.3214641661239932,0.3311885237779595,500,1.0589608188947577,0.47120305884177366,0.5274264484399871,0.18164809366512624,0.808182984578951,0.2669374344461349,0.9212748744062188,500,0.572,0.6506898236736222,1.1716247111369464,0.6629013417541559,0.0786898236736222,0.21551697831868794,0.2276738438522806,0.22580472393800594,0.20426737508208115,0.2182205074084535,500,0.6547272066799781,0.3794234692213721,0.5274264484399871,0.1265471656909593,0.7254987911084478,0.2164040890948027,0.9288386509700872
jeff-0.8b,typed_invoice_processing,per_type,choice,100,0.45,0.901604345493207,2.092192517402705,0.9557275300087599,0.451604345493207,0.451604345493207,0.46467870166673086,0.46062500300548953,0.45160434549320705,0.4606250030054895,100,1.4482763440967394,0.6161779459137415,0.3821486308300044,,,,,100,0.45,0.7873246269672438,1.6419426418738527,0.8352369678749187,0.3373246269672438,0.3643915270965565,0.37003792089047327,0.3643915270965565,0.3373246269672441,0.3373246269672439,100,0.9450591645973715,0.47352982364487445,0.3821486308300044,,,,
jeff-0.8b,typed_invoice_processing,per_type,noul,200,0.71,0.81923644,1.0943555417305537,0.5833468255490399,0.10923643999999999,0.28377472,0.3363674,0.31985080999999993,0.33346528,0.33389712,200,0.911379960222659,0.4631694195618799,0.7035416499999999,,,,,200,0.71,0.7363418345209459,0.7688808296836018,0.5355505928582651,0.02634183452094596,0.2813385417701558,0.3559123214940525,0.33098011310457714,0.3373406257328099,0.32495987866020926,200,0.5612382119212823,0.41524399566558984,0.7035416499999999,,,,
jeff-0.8b,typed_invoice_processing,per_type,score,200,0.495,0.6479325651643154,1.6876369400049283,0.7879447093189438,0.15293256516431541,0.27367283295384365,0.31948548401632143,0.3100425428981931,0.2975608566982953,0.3001307966982953,200,1.0118839149658658,0.4067492545856834,0.42395015568496563,0.18164809366512624,0.808182984578951,0.2669374344461349,0.9212748744062188,200,0.495,0.4967204111794878,1.3392096272218377,0.7040842775896654,0.0017204111794877908,0.21750456976419943,0.25094782428269713,0.24764655869498503,0.23348206590047926,0.2622806453007411,200,0.6030502224799771,0.2965497655654032,0.42395015568496563,0.1265471656909593,0.7254987911084478,0.2164040890948027,0.9288386509700872
jeff-0.8b,typed_security_incidents,global,all,500,0.468,0.5557246212323946,1.122228972758698,0.6304267668666814,0.0877246212323946,0.08772462123239458,0.08873208408440374,0.10324418996656337,0.09174670923239454,0.10183563555646437,500,0.35442537114749917,0.18279961796327532,0.3910000286066698,0.11386339214490857,0.8710261451799198,0.2357140427165004,1.1024719349984602,500,0.468,0.43462785488548633,1.0936682532807454,0.6188633768651217,-0.033372145114513696,0.047452723395509246,0.0488700971067134,0.057720711378867015,0.04517836930092153,0.03623976530056589,500,0.26075159312097523,0.13223550659596475,0.3910000286066698,0.07925155251017578,0.7175486294039937,0.19713795951971733,0.9808391881064705
jeff-0.8b,typed_security_incidents,global,choice,100,0.7,0.5379551681206636,0.9160766180150468,0.4992577219442086,-0.16204483187933638,0.170500798214043,0.18294429146642446,0.17923944621685006,0.17888661925463442,0.18280376640878732,100,0.23528982334457232,0.11416120414375502,0.48390000083338736,,,,,100,0.7,0.36799367305289293,1.1210827201965037,0.6077875909606391,-0.332006326947107,0.332006326947107,0.332006326947107,0.3765078505233903,0.33200632694710713,0.332006326947107,100,0.2389549721003666,0.11494198474878242,0.48390000083338736,,,,
jeff-0.8b,typed_security_incidents,global,noul,200,0.645,0.72174403,0.6556599445690391,0.45715370866689997,0.07674402999999996,0.07884976000000003,0.09886798000000004,0.14447237000000004,0.09266209999999998,0.10679753,200,0.16802035973877408,0.13313491935605998,0.56488337,,,,,200,0.645,0.6062990282638525,0.6366994122008187,0.4457124566512584,-0.038700971736147505,0.056975982310446115,0.09105812075191866,0.12908920726031922,0.05195956364302641,0.06019282927299281,200,0.08537855779050314,0.07686871804405365,0.56488337,,,,
jeff-0.8b,typed_security_incidents,global,score,200,0.175,0.39858993902065465,1.6918741783201825,0.869284347527699,0.22358993902065466,0.22358993902065466,0.23269998425028904,0.24160738424713982,0.22358993902065466,0.24160738424713984,200,0.6003981564576876,0.26678352348025086,0.17066670109998106,0.11386339214490857,0.8710261451799198,0.2357140427165004,1.1024719349984602,200,0.175,0.29627377242341685,1.5369298609027933,0.7975521900312263,0.12127377242341686,0.1389974440561687,0.1394626872147344,0.17041525253240425,0.12127377242341683,0.12127377242341683,200,0.44702293896175177,0.19624905607146698,0.17066670109998106,0.07925155251017578,0.7175486294039937,0.19713795951971733,0.9808391881064705
jeff-0.8b,typed_security_incidents,per_type,all,500,0.468,0.5557246212323946,1.122228972758698,0.6304267668666814,0.0877246212323946,0.08772462123239458,0.08873208408440374,0.10324418996656337,0.09174670923239454,0.10183563555646437,500,0.35442537114749917,0.18279961796327532,0.3910000286066698,0.11386339214490857,0.8710261451799198,0.2357140427165004,1.1024719349984602,500,0.468,0.4147979727301104,1.0977013801602984,0.6249615125100938,-0.05320202726988965,0.06793301386652253,0.07037577966964784,0.08096582734569116,0.06031808658952391,0.06005888500194094,500,0.25898164372326155,0.13108653099871537,0.3910000286066698,0.0798795078126219,0.7202474147222747,0.19786469140941546,0.9832255603036557
jeff-0.8b,typed_security_incidents,per_type,choice,100,0.7,0.5379551681206636,0.9160766180150468,0.4992577219442086,-0.16204483187933638,0.170500798214043,0.18294429146642446,0.17923944621685006,0.17888661925463442,0.18280376640878732,100,0.23528982334457232,0.11416120414375502,0.48390000083338736,,,,,100,0.7,0.3907047195298301,1.0843372065555401,0.5873340088366966,-0.30929528047016985,0.30929528047016996,0.30929528047017,0.34142973785796366,0.30929528047016996,0.3092952804701699,100,0.22794258299027542,0.10915161541524297,0.48390000083338736,,,,
jeff-0.8b,typed_security_incidents,per_type,noul,200,0.645,0.72174403,0.6556599445690391,0.45715370866689997,0.07674402999999996,0.07884976000000003,0.09886798000000004,0.14447237000000004,0.09266209999999998,0.10679753,200,0.16802035973877408,0.13313491935605998,0.56488337,,,,,200,0.645,0.5430210404720517,0.6628857938915445,0.4699775666400335,-0.10197895952794833,0.11522247992160028,0.12057230823383945,0.1439869776868003,0.10197895952794833,0.10197895952794842,200,0.08422592098617876,0.07571497973547743,0.56488337,,,,
jeff-0.8b,typed_security_incidents,per_type,score,200,0.175,0.39858993902065465,1.6918741783201825,0.869284347527699,0.22358993902065466,0.22358993902065466,0.23269998425028904,0.24160738424713982,0.22358993902065466,0.24160738424713984,200,0.6003981564576876,0.26678352348025086,0.17066670109998106,0.11386339214490857,0.8710261451799198,0.2357140427165004,1.1024719349984602,200,0.175,0.29862153158830923,1.539199053231431,0.7987592102168528,0.12362153158830924,0.14094414282874038,0.14094414282874038,0.1716277607015017,0.1236215315883092,0.1236215315883092,200,0.44925689682683734,0.1974255400536895,0.17066670109998106,0.0798795078126219,0.7202474147222747,0.19786469140941546,0.9832255603036557
