model,seed,eval,mode,qtype,n_fit,n_eval,before_n,before_accuracy,before_mean_confidence,before_nll,before_brier,before_signed_gap,before_ece_mass_5,before_ece_mass_10,before_ece_mass_15,before_ece_width_10,before_ece_width_15,before_soft_n,before_soft_kl,before_soft_brier,before_soft_accuracy,before_ordinal_rps_soft,before_ordinal_mae_soft,before_ordinal_rps_hard,before_ordinal_mae_hard,after_n,after_accuracy,after_mean_confidence,after_nll,after_brier,after_signed_gap,after_ece_mass_5,after_ece_mass_10,after_ece_mass_15,after_ece_width_10,after_ece_width_15,after_soft_n,after_soft_kl,after_soft_brier,after_soft_accuracy,after_ordinal_rps_soft,after_ordinal_mae_soft,after_ordinal_rps_hard,after_ordinal_mae_hard,delta_accuracy,delta_mean_confidence,delta_nll,delta_brier,delta_signed_gap,delta_ece_mass_5,delta_ece_mass_10,delta_ece_mass_15,delta_ece_width_10,delta_ece_width_15,delta_soft_n,delta_soft_kl,delta_soft_brier,delta_soft_accuracy,delta_ordinal_rps_soft,delta_ordinal_mae_soft,delta_ordinal_rps_hard,delta_ordinal_mae_hard
d1-omni,0,in-domain,global,all,400,1600,1600,0.58375,0.6294118005553446,0.9375664554855289,0.5346552325043177,0.045661800555344634,0.0569474896547298,0.06386411513160195,0.07642068626229137,0.061693524313503764,0.06169352431350374,1600,0.3599596113148038,0.17626642166548784,0.508004537235241,0.07392808827367933,0.54595047900206,0.15942512397027533,0.7481073344259841,1600,0.58375,0.5629754710817915,0.9212008816623513,0.5288057107812734,-0.020774528918208524,0.022908179948375726,0.03489404678882606,0.041558437739712836,0.030236958093280045,0.03729084717710342,1600,0.2875173921824868,0.15262170966913902,0.508004537235241,0.06441286391055205,0.5258394582178386,0.15377129271850515,0.7543061552735839,0.0,-0.06643632947355316,-0.016365573823177604,-0.005849521723044315,-0.06643632947355316,-0.034039309706354076,-0.028970068342775893,-0.034862248522578534,-0.03145656622022372,-0.024402677136400326,0,-0.07244221913231702,-0.02364471199634882,0.0,-0.009515224363127281,-0.020111020784221334,-0.005653831251770186,0.0061988208475998174
d1-omni,0,in-domain,global,choice,400,480,480,0.6354166666666666,0.5723303926168378,0.8770095724762433,0.48971276768435257,-0.0630862740498288,0.06919741118525614,0.0803710136648619,0.08322253145137704,0.0672958440031318,0.06992246409617088,480,0.30502210169150085,0.13917645905290718,0.5058213291341075,,,,,480,0.6354166666666666,0.5084717295263526,0.9154178186751707,0.5088837024076037,-0.12694493714031407,0.12694493714031416,0.12694493714031416,0.12694493714031416,0.12694493714031416,0.12923862487016496,480,0.25806064842647647,0.12968947216046925,0.5058213291341075,,,,,0.0,-0.06385866309048527,0.038408246198927354,0.019170934723251154,-0.06385866309048527,0.05774752595505801,0.04657392347545225,0.04372240568893712,0.05964909313718236,0.059316160773994084,0,-0.04696145326502438,-0.009486986892437932,0.0,,,,
d1-omni,0,in-domain,global,noul,400,480,480,0.70625,0.7404803636833094,0.5427081606804097,0.3721974888307363,0.03423036368330934,0.041182687905772286,0.06376718836448464,0.06447864984705423,0.037042475705190245,0.04082407510140912,480,0.16464827191101214,0.12782826382692344,0.6613576291666666,,,,,480,0.70625,0.6898491464469332,0.543729195815975,0.3703748271774681,-0.016400853553066863,0.03854902839295928,0.06067909209341797,0.061788444522449,0.03715544165328807,0.032942289745128354,480,0.14421613932625174,0.1150544340870055,0.6613576291666666,,,,,0.0,-0.0506312172363762,0.0010210351355652847,-0.001822661653268165,-0.0506312172363762,-0.002633659512813004,-0.0030880962710666676,-0.0026902053246052327,0.00011296594809782207,-0.007881785356280764,0,-0.0204321325847604,-0.012773829739917947,0.0,,,,
d1-omni,0,in-domain,global,score,400,640,640,0.453125,0.5889214341632509,1.2791278388463323,0.6902053888744777,0.13579643416325093,0.15043092215577725,0.15043092215577727,0.1504309221557773,0.1442707892808695,0.14427078928086953,640,0.5476462480851247,0.24041251200384656,0.39462712436252206,0.07392808827367933,0.54595047900206,0.15942512397027533,0.7481073344259841,640,0.453125,0.5086980207245144,1.2086419432875188,0.6625703797643794,0.05557302072451442,0.08278231641430198,0.08297138499206329,0.0919240863446553,0.07781310540918086,0.07671204170900307,640,0.41708588964167087,0.1979963444872415,0.39462712436252206,0.06441286391055205,0.5258394582178386,0.15377129271850515,0.7543061552735839,0.0,-0.08022341343873651,-0.07048589555881346,-0.027635009110098308,-0.08022341343873651,-0.06764860574147527,-0.06745953716371399,-0.058506835811121996,-0.06645768387168864,-0.06755874757186646,0,-0.13056035844345387,-0.04241616751660507,0.0,-0.009515224363127281,-0.020111020784221334,-0.005653831251770186,0.0061988208475998174
d1-omni,0,ood,global,all,400,3000,3000,0.802,0.8175124793975249,0.49356355032935867,0.27520625697185885,0.01551247939752487,0.020371152227036757,0.024368578066935275,0.02440000903077209,0.021690329742884568,0.027345712840731215,,,,,,,0.06876334158367087,0.46693653653180345,3000,0.802,0.7552971822864428,0.5035497911147022,0.2800594630880651,-0.04670281771355722,0.04670281771355702,0.04670281771355697,0.046702817713556964,0.04695572400038852,0.048816781669834886,,,,,,,0.07155990576581764,0.4982169300041777,0.0,-0.06221529711108209,0.009986240785343548,0.004853206116206266,-0.06221529711108209,0.026331665486520262,0.022334239646621696,0.022302808682784874,0.025265394257503952,0.02147106882910367,,,,,,,0.0027965641821467713,0.03128039347237427
d1-omni,0,ood,global,choice,400,1000,1000,0.871,0.8742857807425438,0.3811842004325214,0.19450206264324357,0.00328578074254382,0.011095569368739233,0.015979352628526424,0.021329163855847617,0.01678711230997334,0.02298641295816184,,,,,,,,,1000,0.871,0.8041513062923608,0.4015355432807614,0.202798591339955,-0.06684869370763924,0.06684869370763925,0.06684869370763923,0.06897238623242206,0.06814190574878488,0.06921767142588044,,,,,,,,,0.0,-0.07013447445018306,0.020351342848240028,0.008296528696711436,-0.07013447445018306,0.05575312433890002,0.0508693410791128,0.04764322237657445,0.051354793438811545,0.0462312584677186,,,,,,,,
d1-omni,0,ood,global,noul,400,1000,1000,0.901,0.9432314204015347,0.2887468860516532,0.16364282690775503,0.042231420401534714,0.042724886807562146,0.04342792972824103,0.05033073260630045,0.05219197965045897,0.052457974139651836,,,,,,,,,1000,0.901,0.908414481334469,0.2608899570511671,0.1567340999968317,0.007414481334468981,0.013124953002896666,0.023769895050421222,0.0290088152132398,0.018707340356584674,0.020781341798390685,,,,,,,,,0.0,-0.03481693906706573,-0.02785692900048614,-0.006908726910923341,-0.03481693906706573,-0.029599933804665482,-0.019658034677819805,-0.02132191739306065,-0.033484639293874296,-0.031676632341261154,,,,,,,,
d1-omni,0,ood,global,score,400,1000,1000,0.634,0.6350202370484967,0.8107595645039014,0.467473881364578,0.0010202370484967416,0.013176887610125119,0.016725084452484596,0.04182437878468601,0.0208631530906699,0.021981095991194622,,,,,,,0.06876334158367087,0.46693653653180345,1000,0.634,0.5533257592324993,0.8482238730121783,0.48064569792740863,-0.08067424076750074,0.08067424076750071,0.08067424076750068,0.08620575319700344,0.08181754356060594,0.08717757170736366,,,,,,,0.07155990576581764,0.4982169300041777,0.0,-0.08169447781599748,0.03746430850827687,0.013171816562830618,-0.08169447781599748,0.0674973531573756,0.06394915631501609,0.044381374412317424,0.060954390469936046,0.06519647571616904,,,,,,,0.0027965641821467713,0.03128039347237427
d1-omni,0,in-domain,per_type,all,400,1600,1600,0.58375,0.6294118005553446,0.9375664554855289,0.5346552325043177,0.045661800555344634,0.0569474896547298,0.06386411513160195,0.07642068626229137,0.061693524313503764,0.06169352431350374,1600,0.3599596113148038,0.17626642166548784,0.508004537235241,0.07392808827367933,0.54595047900206,0.15942512397027533,0.7481073344259841,1600,0.58375,0.5678519178252013,0.9108016617812055,0.5240694884931574,-0.01589808217479871,0.02122505870341818,0.03401172989917773,0.04198765513794395,0.039501971457938524,0.03747327140432469,1600,0.2819400624829077,0.1507403461186833,0.508004537235241,0.06201663274180448,0.523869324562811,0.153166438295737,0.7600782803971651,0.0,-0.061559882730143345,-0.026764793704323386,-0.010585744011160303,-0.061559882730143345,-0.035722430951311626,-0.02985238523242422,-0.034433031124347424,-0.02219155285556524,-0.024220252909179056,0,-0.0780195488318961,-0.025526075546804528,0.0,-0.011911455531874851,-0.022081154439248962,-0.006258685674538328,0.01197094597118098
d1-omni,0,in-domain,per_type,choice,400,480,480,0.6354166666666666,0.5723303926168378,0.8770095724762433,0.48971276768435257,-0.0630862740498288,0.06919741118525614,0.0803710136648619,0.08322253145137704,0.0672958440031318,0.06992246409617088,480,0.30502210169150085,0.13917645905290718,0.5058213291341075,,,,,480,0.6354166666666666,0.5326045230729654,0.8968804083862839,0.5001792872093187,-0.10281214359370128,0.1028121435937013,0.10324560082941078,0.10774524407641647,0.10366416517238351,0.10281214359370133,480,0.2686501919479779,0.13159814286194396,0.5058213291341075,,,,,0.0,-0.03972586954387247,0.019870835910040574,0.010466519524966134,-0.03972586954387247,0.03361473240844516,0.022874587164548876,0.02452271262503944,0.03636832116925172,0.03288967949753045,0,-0.036371909743522945,-0.007578316190963219,0.0,,,,
d1-omni,0,in-domain,per_type,noul,400,480,480,0.70625,0.7404803636833094,0.5427081606804097,0.3721974888307363,0.03423036368330934,0.041182687905772286,0.06376718836448464,0.06447864984705423,0.037042475705190245,0.04082407510140912,480,0.16464827191101214,0.12782826382692344,0.6613576291666666,,,,,480,0.70625,0.7246921684668381,0.5404402484006124,0.37019167174318396,0.018442168466838105,0.0396643531811754,0.0572900629122886,0.05806999425644181,0.03142376667576398,0.046211179391181245,480,0.15495390158680208,0.12246346583998878,0.6613576291666666,,,,,0.0,-0.015788195216471235,-0.0022679122797972795,-0.0020058170875523196,-0.015788195216471235,-0.0015183347245968856,-0.006477125452196038,-0.006408655590612419,-0.0056187090294262665,0.005387104289772127,0,-0.009694370324210055,-0.0053647979869346635,0.0,,,,
d1-omni,0,in-domain,per_type,score,400,640,640,0.453125,0.5889214341632509,1.2791278388463323,0.6902053888744777,0.13579643416325093,0.15043092215577725,0.15043092215577727,0.1504309221557773,0.1442707892808695,0.14427078928086953,640,0.5476462480851247,0.24041251200384656,0.39462712436252206,0.07392808827367933,0.54595047900206,0.15942512397027533,0.7481073344259841,640,0.453125,0.4766572759081503,1.199013661862842,0.6573955020185163,0.023532275908150324,0.06408967808378872,0.06408967808378872,0.06650140182713338,0.05675393595165758,0.05695062769841939,640,0.3871470860561843,0.18630465877025873,0.39462712436252206,0.06201663274180448,0.523869324562811,0.153166438295737,0.7600782803971651,0.0,-0.11226415825510061,-0.08011417698349033,-0.03280988685596142,-0.11226415825510061,-0.08634124407198852,-0.08634124407198855,-0.08392952032864393,-0.08751685332921193,-0.08732016158245015,0,-0.16049916202894043,-0.05410785323358783,0.0,-0.011911455531874851,-0.022081154439248962,-0.006258685674538328,0.01197094597118098
d1-omni,0,ood,per_type,all,400,3000,3000,0.802,0.8175124793975249,0.49356355032935867,0.27520625697185885,0.01551247939752487,0.020371152227036757,0.024368578066935275,0.02440000903077209,0.021690329742884568,0.027345712840731215,,,,,,,0.06876334158367087,0.46693653653180345,3000,0.802,0.762358849558191,0.5134385784173708,0.2837850267260063,-0.03964115044180905,0.04788953388360373,0.051600568446668806,0.051227257637777045,0.051455463811179526,0.05364930662137481,,,,,,,0.07416499603443037,0.516132315412852,0.0,-0.05515362983933392,0.01987502808801217,0.008578769754147453,-0.05515362983933392,0.027518381656566972,0.02723199037973353,0.026827248607004955,0.02976513406829496,0.02630359378064359,,,,,,,0.005401654450759505,0.049195778881048535
d1-omni,0,ood,per_type,choice,400,1000,1000,0.871,0.8742857807425438,0.3811842004325214,0.19450206264324357,0.00328578074254382,0.011095569368739233,0.015979352628526424,0.021329163855847617,0.01678711230997334,0.02298641295816184,,,,,,,,,1000,0.871,0.8343365136411418,0.3861974870653712,0.1972965215683839,-0.03666348635885819,0.03666348635885821,0.036746048845976396,0.04254035077999549,0.03831577308913362,0.04486725287267522,,,,,,,,,0.0,-0.03994926710140201,0.005013286632849834,0.002794458925140325,-0.03994926710140201,0.025567916990118976,0.020766696217449972,0.021211186924147873,0.021528660779160283,0.02188083991451338,,,,,,,,
d1-omni,0,ood,per_type,noul,400,1000,1000,0.901,0.9432314204015347,0.2887468860516532,0.16364282690775503,0.042231420401534714,0.042724886807562146,0.04342792972824103,0.05033073260630045,0.05219197965045897,0.052457974139651836,,,,,,,,,1000,0.901,0.9342745490961455,0.2755603689892771,0.1610412242787279,0.03327454909614547,0.034255714501282196,0.03852419614343408,0.04406743970475951,0.04235843017383948,0.04259655282157114,,,,,,,,,0.0,-0.008956871305389247,-0.013186517062376113,-0.0026016026290271166,-0.008956871305389247,-0.00846917230627995,-0.004903733584806946,-0.006263292901540943,-0.00983354947661949,-0.009861421318080696,,,,,,,,
d1-omni,0,ood,per_type,score,400,1000,1000,0.634,0.6350202370484967,0.8107595645039014,0.467473881364578,0.0010202370484967416,0.013176887610125119,0.016725084452484596,0.04182437878468601,0.0208631530906699,0.021981095991194622,,,,,,,0.06876334158367087,0.46693653653180345,1000,0.634,0.5184654859372858,0.8785578791974642,0.4930173343309071,-0.1155345140627142,0.11553451406271427,0.11553451406271428,0.11553451406271428,0.11791861186974624,0.12299593336592023,,,,,,,0.07416499603443037,0.516132315412852,0.0,-0.11655475111121094,0.06779831469356279,0.025543452966329094,-0.11655475111121094,0.10235762645258915,0.09880942961022969,0.07371013527802828,0.09705545877907634,0.10101483737472561,,,,,,,0.005401654450759505,0.049195778881048535
d1-omni,0,in-domain,per_task,all,400,1600,1600,0.58375,0.6294118005553446,0.9375664554855289,0.5346552325043177,0.045661800555344634,0.0569474896547298,0.06386411513160195,0.07642068626229137,0.061693524313503764,0.06169352431350374,1600,0.3599596113148038,0.17626642166548784,0.508004537235241,0.07392808827367933,0.54595047900206,0.15942512397027533,0.7481073344259841,1600,0.58375,0.5821680024110295,0.9146762627057204,0.5243060796024943,-0.0015819975889704851,0.025478623278177338,0.028608594791491745,0.035655110253666675,0.03646394446379119,0.03865372042647725,1600,0.31371729358121325,0.15874110555160695,0.508004537235241,0.06043364967411409,0.510909011133964,0.15032977792424246,0.7488235261435066,0.0,-0.04724379814431512,-0.022890192779808416,-0.010349152901823366,-0.04724379814431512,-0.03146886637655247,-0.0352555203401102,-0.040765576008624696,-0.025229579849712573,-0.02303980388702649,0,-0.046242317733590554,-0.01752531611388089,0.0,-0.013494438599565242,-0.03504146786809592,-0.009095346046032876,0.000716191717522463
d1-omni,0,in-domain,per_task,choice,400,480,480,0.6354166666666666,0.5723303926168378,0.8770095724762433,0.48971276768435257,-0.0630862740498288,0.06919741118525614,0.0803710136648619,0.08322253145137704,0.0672958440031318,0.06992246409617088,480,0.30502210169150085,0.13917645905290718,0.5058213291341075,,,,,480,0.6354166666666666,0.5644329838802823,0.8784547021921008,0.4858641274691724,-0.07098368278638434,0.08845146758470038,0.09557680548949504,0.09911878902766559,0.07693848101525277,0.08959537126422369,480,0.3135010103649442,0.1463655543068064,0.5058213291341075,,,,,0.0,-0.007897408736555533,0.0014451297158574183,-0.0038486402151801657,-0.007897408736555533,0.019254056399444233,0.015205791824633136,0.015896257576288556,0.00964263701212098,0.01967290716805281,0,0.008478908673443364,0.007189095253899214,0.0,,,,
d1-omni,0,in-domain,per_task,noul,400,480,480,0.70625,0.7404803636833094,0.5427081606804097,0.3721974888307363,0.03423036368330934,0.041182687905772286,0.06376718836448464,0.06447864984705423,0.037042475705190245,0.04082407510140912,480,0.16464827191101214,0.12782826382692344,0.6613576291666666,,,,,480,0.70625,0.7300598079897505,0.5888831540742212,0.387571654821337,0.02380980798975041,0.03540388771114658,0.05330021096369812,0.07474180626513369,0.04056545134117315,0.04605440917279923,480,0.2149286436219832,0.13463372176751642,0.6613576291666666,,,,,0.0,-0.01042055569355893,0.04617499339381148,0.015374165990600708,-0.01042055569355893,-0.005778800194625705,-0.010466977400786517,0.010263156418079455,0.003522975635982903,0.005230334071390112,0,0.05028037171097105,0.006805457940592979,0.0,,,,
d1-omni,0,in-domain,per_task,score,400,640,640,0.453125,0.5889214341632509,1.2791278388463323,0.6902053888744777,0.13579643416325093,0.15043092215577725,0.15043092215577727,0.1504309221557773,0.1442707892808695,0.14427078928086953,640,0.5476462480851247,0.24041251200384656,0.39462712436252206,0.07392808827367933,0.54595047900206,0.15942512397027533,0.7481073344259841,640,0.453125,0.48455041212504935,1.1861872645645597,0.6556883622883538,0.031425412125049346,0.048660914023380256,0.049393054772701006,0.06677480481459167,0.05466933274351341,0.06756776423478845,640,0.3879709934628376,0.1861033068232753,0.39462712436252206,0.06043364967411409,0.510909011133964,0.15032977792424246,0.7488235261435066,0.0,-0.10437102203820159,-0.0929405742817726,-0.03451702658612388,-0.10437102203820159,-0.10177000813239699,-0.10103786738307627,-0.08365611734118564,-0.0896014565373561,-0.07670302504608108,0,-0.15967525462228715,-0.05430920518057125,0.0,-0.013494438599565242,-0.03504146786809592,-0.009095346046032876,0.000716191717522463
d1-omni,1,in-domain,global,all,400,1600,1600,0.5775,0.6292056657631241,0.9496947776453252,0.5433185979744571,0.051705665763124076,0.06619613842794261,0.07532749769451126,0.08334389211054336,0.07683824017398952,0.07683824017398955,1600,0.36727398641711334,0.17893741489696374,0.5058571193664828,0.07476191315199252,0.5511198367132113,0.16140164573729524,0.7498674243916822,1600,0.5775,0.5840794136010982,0.9308920728453512,0.5360687543174005,0.00657941360109815,0.039149776049644314,0.03914977604964437,0.05122810953652466,0.03988139814360178,0.042795391343269165,1600,0.3089991434169056,0.1607000671894555,0.5058571193664828,0.0676902203802119,0.5332031930816831,0.15637969198231136,0.7508172962759008,0.0,-0.045126252162025926,-0.018802704799973924,-0.007249843657056609,-0.045126252162025926,-0.0270463623782983,-0.03617772164486689,-0.032115782574018696,-0.03695684203038774,-0.03404284883072038,0,-0.05827484300020774,-0.018237347707508234,0.0,-0.007071692771780616,-0.01791664363152823,-0.005021953754983877,0.0009498718842185783
d1-omni,1,in-domain,global,choice,400,480,480,0.6145833333333334,0.5713837947124284,0.9169060193689444,0.5133706552831226,-0.043199538620904976,0.05757560076771587,0.07055738040989583,0.08213371285409611,0.07101357782482108,0.07336944070672971,480,0.31749342041803835,0.1467136961288352,0.499398690009784,,,,,480,0.6145833333333334,0.5278855180116379,0.9313457190267077,0.52170977867614,-0.08669781532169551,0.08669781532169543,0.0941670612626316,0.09942224056294154,0.09136467953239091,0.09307302138978078,480,0.27591781092344786,0.13759602760728823,0.499398690009784,,,,,0.0,-0.04349827670079054,0.01443969965776326,0.008339123393017345,-0.04349827670079054,0.029122214553979564,0.023609680852735765,0.017288527708845425,0.020351101707569832,0.019703580683051072,0,-0.04157560949459049,-0.009117668521546968,0.0,,,,
d1-omni,1,in-domain,global,noul,400,480,480,0.71875,0.740536044035495,0.5351725796502114,0.364192149672547,0.021786044035495,0.03206052282863921,0.05295172815482753,0.041724511645346254,0.021786044035494927,0.028453350092361978,480,0.16250539142674308,0.1256093541844835,0.6641291541666667,,,,,480,0.71875,0.7061859103179546,0.5350334161668329,0.3633272365242444,-0.012564089682045365,0.02650221806431898,0.05304447337771334,0.0404927761907201,0.025347487949122872,0.027867645404501273,480,0.14536039355830255,0.11574576862731117,0.6641291541666667,,,,,0.0,-0.034350133717540365,-0.0001391634833785016,-0.0008649131483025596,-0.034350133717540365,-0.005558304764320225,9.274522288581222e-05,-0.0012317354546261539,0.003561443913627945,-0.0005857046878607053,0,-0.017144997868440537,-0.009863585557172316,0.0,,,,
d1-omni,1,in-domain,global,score,400,640,640,0.44375,0.5890742853468678,1.2851779948489461,0.7001243912193906,0.1453242853468678,0.15566832621768775,0.16321570895182244,0.1635079496609307,0.15920431852269765,0.15920431852269762,640,0.5581858571591972,0.24310124950742037,0.39199691528386915,0.07476191315199252,0.5511198367132113,0.16140164573729524,0.7498674243916822,640,0.44375,0.5346449627555512,1.2274458307182228,0.676394124393213,0.0908949627555512,0.11853813458728382,0.12095881027822084,0.1284590697694971,0.1093627563698389,0.10936275636983894,640,0.45653920518095104,0.2117438207976891,0.39199691528386915,0.0676902203802119,0.5332031930816831,0.15637969198231136,0.7508172962759008,0.0,-0.05442932259131661,-0.05773216413072335,-0.023730266826177626,-0.05442932259131661,-0.03713019163040393,-0.042256898673601606,-0.035048879891433626,-0.049841562152858745,-0.049841562152858676,0,-0.10164665197824618,-0.031357428709731267,0.0,-0.007071692771780616,-0.01791664363152823,-0.005021953754983877,0.0009498718842185783
d1-omni,1,ood,global,all,400,3000,3000,0.802,0.8175124793975249,0.49356355032935867,0.27520625697185885,0.01551247939752487,0.020371152227036757,0.024368578066935275,0.02440000903077209,0.021690329742884568,0.027345712840731215,,,,,,,0.06876334158367087,0.46693653653180345,3000,0.802,0.7772809962976892,0.49456692032932786,0.27672255269303864,-0.024719003702310838,0.027784155211040763,0.029097046631078125,0.029097043573322948,0.029185367271672927,0.030128411800074036,,,,,,,0.07018737460514952,0.4868324336469843,0.0,-0.04023148309983571,0.0010033699999691947,0.0015162957211797834,-0.04023148309983571,0.007413002984004005,0.00472846856414285,0.004697034542550858,0.00749503752878836,0.0027826989593428206,,,,,,,0.0014240330214786573,0.01989589711518086
d1-omni,1,ood,global,choice,400,1000,1000,0.871,0.8742857807425438,0.3811842004325214,0.19450206264324357,0.00328578074254382,0.011095569368739233,0.015979352628526424,0.021329163855847617,0.01678711230997334,0.02298641295816184,,,,,,,,,1000,0.871,0.8302594008131714,0.38782416152410126,0.1978820011054845,-0.0407405991868286,0.04074059918682857,0.04074059918682854,0.045965470762618144,0.04209175401627001,0.04393104446140098,,,,,,,,,0.0,-0.04402637992937242,0.006639961091579882,0.003379938462240939,-0.04402637992937242,0.029645029818089336,0.024761246558302117,0.024636306906770527,0.02530464170629667,0.020944631503239143,,,,,,,,
d1-omni,1,ood,global,noul,400,1000,1000,0.901,0.9432314204015347,0.2887468860516532,0.16364282690775503,0.042231420401534714,0.042724886807562146,0.04342792972824103,0.05033073260630045,0.05219197965045897,0.052457974139651836,,,,,,,,,1000,0.901,0.921683700428349,0.2652737863959843,0.15840246244983378,0.020683700428348994,0.022709440305571784,0.031331287108928296,0.03550652454688229,0.03227908132078511,0.030706602508374068,,,,,,,,,0.0,-0.02154771997318572,-0.023473099655668905,-0.005240364457921254,-0.02154771997318572,-0.02001544650199036,-0.01209664261931273,-0.014824208059418163,-0.019912898329673863,-0.021751371631277768,,,,,,,,
d1-omni,1,ood,global,score,400,1000,1000,0.634,0.6350202370484967,0.8107595645039014,0.467473881364578,0.0010202370484967416,0.013176887610125119,0.016725084452484596,0.04182437878468601,0.0208631530906699,0.021981095991194622,,,,,,,0.06876334158367087,0.46693653653180345,1000,0.634,0.5798998876515472,0.830602813067898,0.4738831945237977,-0.0541001123484528,0.05410011234845289,0.05815306332622344,0.06114883167210637,0.06061755823504455,0.06311600795595407,,,,,,,0.07018737460514952,0.4868324336469843,0.0,-0.05512034939694954,0.01984324856399655,0.006409313159219665,-0.05512034939694954,0.04092322473832777,0.04142797887373885,0.01932445288742036,0.039754405144374644,0.04113491196475945,,,,,,,0.0014240330214786573,0.01989589711518086
d1-omni,1,in-domain,per_type,all,400,1600,1600,0.5775,0.6292056657631241,0.9496947776453252,0.5433185979744571,0.051705665763124076,0.06619613842794261,0.07532749769451126,0.08334389211054336,0.07683824017398952,0.07683824017398955,1600,0.36727398641711334,0.17893741489696374,0.5058571193664828,0.07476191315199252,0.5511198367132113,0.16140164573729524,0.7498674243916822,1600,0.5775,0.5889987743480752,0.9181589678905852,0.5281088624736434,0.011498774348075225,0.0406120633927889,0.04061206339278887,0.04757551030326788,0.03254231471917096,0.038856437762365824,1600,0.31610503479166036,0.15900900257977188,0.5058571193664828,0.06359101640494294,0.5258620223225045,0.15426275276792828,0.7554225661679252,0.0,-0.04020689141504885,-0.03153580975474002,-0.015209735500813726,-0.04020689141504885,-0.02558407503515371,-0.034715434301722393,-0.03576838180727548,-0.04429592545481856,-0.03798180241162372,0,-0.051168951625452985,-0.019928412317191863,0.0,-0.011170896747049575,-0.025257814390706845,-0.007138892969366956,0.0055551417762430555
d1-omni,1,in-domain,per_type,choice,400,480,480,0.6145833333333334,0.5713837947124284,0.9169060193689444,0.5133706552831226,-0.043199538620904976,0.05757560076771587,0.07055738040989583,0.08213371285409611,0.07101357782482108,0.07336944070672971,480,0.31749342041803835,0.1467136961288352,0.499398690009784,,,,,480,0.6145833333333334,0.6045040202514997,0.9189651879288786,0.5109867238865033,-0.01007931308183363,0.05748368578926886,0.05748368578926887,0.06924890398765678,0.036863790230135765,0.05848119398717366,480,0.37088052422675516,0.1578087765177692,0.499398690009784,,,,,0.0,0.033120225539071346,0.0020591685599341547,-0.0023839313966192988,0.033120225539071346,-9.191497844700941e-05,-0.013073694620626956,-0.012884808866439335,-0.034149787594685316,-0.014888246719556048,0,0.05338710380871681,0.011095080388934003,0.0,,,,
d1-omni,1,in-domain,per_type,noul,400,480,480,0.71875,0.740536044035495,0.5351725796502114,0.364192149672547,0.021786044035495,0.03206052282863921,0.05295172815482753,0.041724511645346254,0.021786044035494927,0.028453350092361978,480,0.16250539142674308,0.1256093541844835,0.6641291541666667,,,,,480,0.71875,0.7041736011773049,0.5353514990376959,0.36345721357533617,-0.014576398822695125,0.026665144589068945,0.05346577574647384,0.041172710846118565,0.022243436596402374,0.030928228387838083,480,0.144788382578762,0.11534781657054906,0.6641291541666667,,,,,0.0,-0.036362442858190125,0.00017891938748448855,-0.0007349360972108143,-0.036362442858190125,-0.005395378239570262,0.0005140475916463119,-0.0005518007992276891,0.0004573925609074464,0.002474878295476105,0,-0.01771700884798108,-0.010261537613934432,0.0,,,,
d1-omni,1,in-domain,per_type,score,400,640,640,0.44375,0.5890742853468678,1.2851779948489461,0.7001243912193906,0.1453242853468678,0.15566832621768775,0.16321570895182244,0.1635079496609307,0.15920431852269765,0.15920431852269762,640,0.5581858571591972,0.24310124950742037,0.39199691528386915,0.07476191315199252,0.5511198367132113,0.16140164573729524,0.7498674243916822,640,0.44375,0.49098871979858494,1.204659904501532,0.664439203087729,0.04723871979858496,0.08699293768635699,0.08715291400627803,0.09159000896630716,0.07292751173295571,0.0718463510627068,640,0.4035109068750131,0.19265506163319096,0.39199691528386915,0.06359101640494294,0.5258620223225045,0.15426275276792828,0.7554225661679252,0.0,-0.09808556554828285,-0.08051809034741408,-0.03568518813166166,-0.09808556554828285,-0.06867538853133076,-0.07606279494554441,-0.07191794069462355,-0.08627680678974194,-0.08735796745999082,0,-0.1546749502841841,-0.050446187874229415,0.0,-0.011170896747049575,-0.025257814390706845,-0.007138892969366956,0.0055551417762430555
d1-omni,1,ood,per_type,all,400,3000,3000,0.802,0.8175124793975249,0.49356355032935867,0.27520625697185885,0.01551247939752487,0.020371152227036757,0.024368578066935275,0.02440000903077209,0.021690329742884568,0.027345712840731215,,,,,,,0.06876334158367087,0.46693653653180345,3000,0.802,0.7842768343591036,0.5079967014637244,0.2804953972624988,-0.017723165640896488,0.04050861189147986,0.040508611891479855,0.04078120464738009,0.04458952432573709,0.046102561342098815,,,,,,,0.07294198182159242,0.5080270501602815,0.0,-0.03323564503842136,0.014433151134365774,0.0052891402906399265,-0.03323564503842136,0.020137459664443105,0.01614003382454458,0.016381195616608,0.02289919458285252,0.0187568485013676,,,,,,,0.004178640237921555,0.04109051362847804
d1-omni,1,ood,per_type,choice,400,1000,1000,0.871,0.8742857807425438,0.3811842004325214,0.19450206264324357,0.00328578074254382,0.011095569368739233,0.015979352628526424,0.021329163855847617,0.01678711230997334,0.02298641295816184,,,,,,,,,1000,0.871,0.8994448939212433,0.3947543907604685,0.19602768140633803,0.028444893921243275,0.02844489392124332,0.028830290622911436,0.03032293081910856,0.029454532365595684,0.03545550208136255,,,,,,,,,0.0,0.025159113178699455,0.013570190327947096,0.001525618763094455,0.025159113178699455,0.017349324552504087,0.012850937994385012,0.008993766963260943,0.012667420055622346,0.01246908912320071,,,,,,,,
d1-omni,1,ood,per_type,noul,400,1000,1000,0.901,0.9432314204015347,0.2887468860516532,0.16364282690775503,0.042231420401534714,0.042724886807562146,0.04342792972824103,0.05033073260630045,0.05219197965045897,0.052457974139651836,,,,,,,,,1000,0.901,0.9201637063605039,0.26449411046373755,0.15815651530794117,0.019163706360503907,0.0213450384809184,0.03045831636420291,0.03450265649921152,0.02955483780348094,0.027648471029106524,,,,,,,,,0.0,-0.023067714041030807,-0.024252775587915665,-0.005486311599813859,-0.023067714041030807,-0.021379848326643747,-0.012969613364038117,-0.01582807610708893,-0.022637141846978032,-0.024809503110545313,,,,,,,,
d1-omni,1,ood,per_type,score,400,1000,1000,0.634,0.6350202370484967,0.8107595645039014,0.467473881364578,0.0010202370484967416,0.013176887610125119,0.016725084452484596,0.04182437878468601,0.0208631530906699,0.021981095991194622,,,,,,,0.06876334158367087,0.46693653653180345,1000,0.634,0.5332219027955635,0.8647416031669675,0.4873019950732172,-0.10077809720443653,0.10077809720443658,0.1007780972044366,0.10291304920885432,0.10266900895287459,0.10737392658833644,,,,,,,0.07294198182159242,0.5080270501602815,0.0,-0.10179833425293328,0.053982038663066056,0.019828113708639183,-0.10179833425293328,0.08760120959431146,0.08405301275195201,0.0610886704241683,0.0818058558622047,0.08539283059714182,,,,,,,0.004178640237921555,0.04109051362847804
d1-omni,1,in-domain,per_task,all,400,1600,1600,0.5775,0.6292056657631241,0.9496947776453252,0.5433185979744571,0.051705665763124076,0.06619613842794261,0.07532749769451126,0.08334389211054336,0.07683824017398952,0.07683824017398955,1600,0.36727398641711334,0.17893741489696374,0.5058571193664828,0.07476191315199252,0.5511198367132113,0.16140164573729524,0.7498674243916822,1600,0.5775,0.6008062491178427,0.9188834162944524,0.531531376064322,0.023306249117842737,0.0463079740169382,0.047501095550691194,0.0537869206434559,0.05254254846953714,0.0525425484695372,1600,0.3286345318290927,0.16601412998702178,0.5058571193664828,0.06424671787088292,0.5207914864434298,0.15438241129613262,0.7499480675799213,0.0,-0.02839941664528134,-0.030811361350872812,-0.011787221910135148,-0.02839941664528134,-0.01988816441100441,-0.027826402143820067,-0.029556971467087453,-0.02429569170445238,-0.024295691704452345,0,-0.03863945458802065,-0.012923284909941962,0.0,-0.010515195281109599,-0.030328350269781534,-0.0070192344411626195,8.064318823908234e-05
d1-omni,1,in-domain,per_task,choice,400,480,480,0.6145833333333334,0.5713837947124284,0.9169060193689444,0.5133706552831226,-0.043199538620904976,0.05757560076771587,0.07055738040989583,0.08213371285409611,0.07101357782482108,0.07336944070672971,480,0.31749342041803835,0.1467136961288352,0.499398690009784,,,,,480,0.6145833333333334,0.618879734755167,0.9041164914016923,0.5064960768205273,0.004296401421833629,0.06350577317853098,0.07132927163454929,0.07947899329667978,0.07039238169873034,0.08484724767712312,480,0.38656488730547484,0.16860479537636822,0.499398690009784,,,,,0.0,0.047495940042738605,-0.01278952796725219,-0.0068745784625953155,0.047495940042738605,0.0059301724108151155,0.0007718912246534593,-0.002654719557416335,-0.0006211961260907395,0.011477806970393412,0,0.06907146688743648,0.02189109924753302,0.0,,,,
d1-omni,1,in-domain,per_task,noul,400,480,480,0.71875,0.740536044035495,0.5351725796502114,0.364192149672547,0.021786044035495,0.03206052282863921,0.05295172815482753,0.041724511645346254,0.021786044035494927,0.028453350092361978,480,0.16250539142674308,0.1256093541844835,0.6641291541666667,,,,,480,0.71875,0.7083285650515461,0.5522739902872605,0.37462301012452115,-0.010421434948453934,0.02802629521307702,0.052127171123862406,0.0806569246562465,0.032449895166310555,0.039705469470069234,480,0.16445270362932088,0.12126866473237392,0.6641291541666667,,,,,0.0,-0.032207478983948934,0.017101410637049175,0.010430860451974167,-0.032207478983948934,-0.004034227615562186,-0.0008245570309651229,0.03893241301090025,0.010663851130815628,0.011252119377707256,0,0.0019473122025777945,-0.004340689452109567,0.0,,,,
d1-omni,1,in-domain,per_task,score,400,640,640,0.44375,0.5890742853468678,1.2851779948489461,0.7001243912193906,0.1453242853468678,0.15566832621768775,0.16321570895182244,0.1635079496609307,0.15920431852269765,0.15920431852269762,640,0.5581858571591972,0.24310124950742037,0.39199691528386915,0.07476191315199252,0.5511198367132113,0.16140164573729524,0.7498674243916822,640,0.44375,0.506609397939572,1.2049156794694162,0.6679891249520187,0.06285939793957207,0.0922884229902456,0.09228842299024556,0.09237574839724089,0.09635491283913615,0.09522393196013669,640,0.408323136371635,0.19763022988599785,0.39199691528386915,0.06424671787088292,0.5207914864434298,0.15438241129613262,0.7499480675799213,0.0,-0.08246488740729574,-0.08026231537952988,-0.032135266267371954,-0.08246488740729574,-0.06337990322744215,-0.07092728596157688,-0.07113220126368983,-0.0628494056835615,-0.06398038656256093,0,-0.14986272078756224,-0.045471019621422526,0.0,-0.010515195281109599,-0.030328350269781534,-0.0070192344411626195,8.064318823908234e-05
d1-omni,2,in-domain,global,all,400,1600,1600,0.575,0.6268259678047694,0.9401697509233478,0.5409605015010327,0.051825967804769446,0.05996876077800434,0.06419839263039305,0.0718431005311637,0.0655464074806502,0.06502123183253106,1600,0.354755575318935,0.1742765294283636,0.5057831659258603,0.07278489222804571,0.5463732200766144,0.1583359740271387,0.7366815289312155,1600,0.575,0.560384539925338,0.9242229641872959,0.5334284330424672,-0.014615460074661968,0.021001475228622578,0.03715362877470389,0.04470179761548962,0.028050954899369457,0.04423906530896649,1600,0.2831220965975533,0.15060959034954272,0.5057831659258603,0.06332588722882934,0.5245061023470996,0.15210463108626898,0.7383849396425355,0.0,-0.06644142787943141,-0.015946786736051877,-0.007532068458565466,-0.06644142787943141,-0.03896728554938176,-0.027044763855689158,-0.027141302915674084,-0.037495452581280744,-0.020782166523564564,0,-0.0716334787213817,-0.023666939078820892,0.0,-0.00945900499921637,-0.021867117729514773,-0.006231342940869716,0.0017034107113199637
d1-omni,2,in-domain,global,choice,400,480,480,0.6166666666666667,0.5689603551199054,0.9076821540782027,0.5083593353163907,-0.047706311546761304,0.04770631154676126,0.06314351019672881,0.0683393271997728,0.06991570676342206,0.06400729350713784,480,0.30793064858623065,0.1440673858769175,0.500263967943124,,,,,480,0.6166666666666667,0.5049737257521147,0.9387562239700558,0.5244884360844384,-0.11169294091455195,0.11169294091455192,0.11491388562104556,0.1137136488560809,0.11269419896401847,0.11895116966492522,480,0.26073814013073904,0.1338809768312056,0.500263967943124,,,,,0.0,-0.06398662936779065,0.031074069891853018,0.016129100768047744,-0.06398662936779065,0.06398662936779066,0.05177037542431674,0.0453743216563081,0.042778492200596416,0.05494387615778738,0,-0.04719250845549161,-0.010186409045711914,0.0,,,,
d1-omni,2,in-domain,global,noul,400,480,480,0.7145833333333333,0.7362042904947884,0.5346814366294381,0.3665030804689199,0.021620957161455068,0.02736179420802123,0.04649650127394125,0.0532635462974819,0.02614168107587224,0.034076209013195115,480,0.15345660383992943,0.12004061359678204,0.6670659625,,,,,480,0.7145833333333333,0.6866054097394254,0.5387253836274972,0.3666133242155892,-0.02797792359390794,0.027995048983069995,0.058097169782070406,0.06103142290392391,0.0401609824108715,0.0441483358897283,480,0.13512746394873656,0.10842264462822063,0.6670659625,,,,,0.0,-0.049598880755363006,0.0040439469980591,0.00011024374666929182,-0.049598880755363006,0.0006332547750487645,0.011600668508129158,0.007767876606442008,0.014019301334999262,0.010072126876533187,0,-0.018329139891192864,-0.011617968968561418,0.0,,,,
d1-omni,2,in-domain,global,score,400,640,640,0.4390625,0.5881914353009032,1.2686516842776387,0.6962544419135991,0.1491289353009032,0.15259649401890168,0.1529717912644185,0.1553520708418255,0.15464919640245747,0.15426054906458164,640,0.5408484989777175,0.23761032396563433,0.3889604669823076,0.07278489222804571,0.5463732200766144,0.1583359740271387,0.7366815289312155,640,0.4390625,0.5072769981946899,1.2024462047700748,0.6652447623811474,0.06821449819468983,0.09104968149205432,0.09104968149205427,0.09790750273527508,0.08383575257886207,0.08268115615912493,640,0.4109060384342764,0.1947962597792872,0.3889604669823076,0.06332588722882934,0.5245061023470996,0.15210463108626898,0.7383849396425355,0.0,-0.08091443710621338,-0.06620547950756395,-0.031009679532451706,-0.08091443710621338,-0.061546812526847364,-0.061922109772364245,-0.05744456810655042,-0.0708134438235954,-0.07157939290545672,0,-0.12994246054344105,-0.042814064186347145,0.0,-0.00945900499921637,-0.021867117729514773,-0.006231342940869716,0.0017034107113199637
d1-omni,2,ood,global,all,400,3000,3000,0.802,0.8175124793975249,0.49356355032935867,0.27520625697185885,0.01551247939752487,0.020371152227036757,0.024368578066935275,0.02440000903077209,0.021690329742884568,0.027345712840731215,,,,,,,0.06876334158367087,0.46693653653180345,3000,0.802,0.7549467230698133,0.5037295679242397,0.2801257751907797,-0.047053276930186794,0.04705327693018674,0.047053276930186794,0.04705327693018674,0.04730553307545256,0.04938716738244149,,,,,,,0.071584766817744,0.49840394410024236,0.0,-0.06256575632771166,0.01016601759488106,0.0049195182189208375,-0.06256575632771166,0.02668212470314998,0.02268469886325152,0.022653267899414648,0.02561520333256799,0.022041454541710276,,,,,,,0.0028214252340731383,0.03146740756843891
d1-omni,2,ood,global,choice,400,1000,1000,0.871,0.8742857807425438,0.3811842004325214,0.19450206264324357,0.00328578074254382,0.011095569368739233,0.015979352628526424,0.021329163855847617,0.01678711230997334,0.02298641295816184,,,,,,,,,1000,0.871,0.8037253591816191,0.4018002163635559,0.20289493641501918,-0.06727464081838086,0.06727464081838079,0.06727464081838078,0.06935136495881869,0.06898568023629079,0.07039780116702997,,,,,,,,,0.0,-0.07056042156092468,0.020616015931034515,0.00839287377177561,-0.07056042156092468,0.05617907144964156,0.05129528818985435,0.04802220110297108,0.05219856792631745,0.04741138820886813,,,,,,,,
d1-omni,2,ood,global,noul,400,1000,1000,0.901,0.9432314204015347,0.2887468860516532,0.16364282690775503,0.042231420401534714,0.042724886807562146,0.04342792972824103,0.05033073260630045,0.05219197965045897,0.052457974139651836,,,,,,,,,1000,0.901,0.9081951588958477,0.2608576645808098,0.15671525804267195,0.007195158895847653,0.012991832407686421,0.02364659695320831,0.028951033849325992,0.01851672773718651,0.020621773712513572,,,,,,,,,0.0,-0.03503626150568706,-0.02788922147084344,-0.0069275688650830836,-0.03503626150568706,-0.029733054399875725,-0.019781332775032717,-0.021379698756974458,-0.03367525191327246,-0.031836200427138264,,,,,,,,
d1-omni,2,ood,global,score,400,1000,1000,0.634,0.6350202370484967,0.8107595645039014,0.467473881364578,0.0010202370484967416,0.013176887610125119,0.016725084452484596,0.04182437878468601,0.0208631530906699,0.021981095991194622,,,,,,,0.06876334158367087,0.46693653653180345,1000,0.634,0.5529196511319728,0.8485308228283535,0.480767131114648,-0.08108034886802717,0.08108034886802719,0.08108034886802713,0.08658319266673027,0.08221588128841341,0.08824402116279836,,,,,,,0.071584766817744,0.49840394410024236,0.0,-0.08210058591652392,0.03777125832445205,0.013293249750070013,-0.08210058591652392,0.06790346125790207,0.06435526441554254,0.04475881388204426,0.06135272819774351,0.06626292517160375,,,,,,,0.0028214252340731383,0.03146740756843891
d1-omni,2,in-domain,per_type,all,400,1600,1600,0.575,0.6268259678047694,0.9401697509233478,0.5409605015010327,0.051825967804769446,0.05996876077800434,0.06419839263039305,0.0718431005311637,0.0655464074806502,0.06502123183253106,1600,0.354755575318935,0.1742765294283636,0.5057831659258603,0.07278489222804571,0.5463732200766144,0.1583359740271387,0.7366815289312155,1600,0.575,0.5651631305049076,0.9103362246405854,0.5250081223972155,-0.009836869495092326,0.024729928815365402,0.02517443988172226,0.030065611479225998,0.027733767306186288,0.038690912682380285,1600,0.2835696091762597,0.148068344111698,0.5057831659258603,0.06009033330001384,0.5198530857558163,0.15129446099367821,0.7456279585051049,0.0,-0.06166283729986177,-0.029833526282762368,-0.015952379103817194,-0.06166283729986177,-0.03523883196263894,-0.03902395274867079,-0.041777489051937705,-0.03781264017446391,-0.02633031915015077,0,-0.0711859661426753,-0.026208185316665605,0.0,-0.012694558928031868,-0.026520134320798028,-0.007041513033460484,0.008946429573889358
d1-omni,2,in-domain,per_type,choice,400,480,480,0.6166666666666667,0.5689603551199054,0.9076821540782027,0.5083593353163907,-0.047706311546761304,0.04770631154676126,0.06314351019672881,0.0683393271997728,0.06991570676342206,0.06400729350713784,480,0.30793064858623065,0.1440673858769175,0.500263967943124,,,,,480,0.6166666666666667,0.5738853648425881,0.9068931754722761,0.5076418221050419,-0.04278130182407858,0.04278130182407856,0.05956599060644857,0.06553590181409143,0.05493957540917542,0.06619661359268955,480,0.31422238579804945,0.14542787314450073,0.500263967943124,,,,,0.0,0.004925009722682727,-0.0007889786059266379,-0.0007175132113487193,0.004925009722682727,-0.004925009722682699,-0.0035775195902802426,-0.002803425385681374,-0.014976131354246636,0.002189320085551713,0,0.006291737211818804,0.001360487267583227,0.0,,,,
d1-omni,2,in-domain,per_type,noul,400,480,480,0.7145833333333333,0.7362042904947884,0.5346814366294381,0.3665030804689199,0.021620957161455068,0.02736179420802123,0.04649650127394125,0.0532635462974819,0.02614168107587224,0.034076209013195115,480,0.15345660383992943,0.12004061359678204,0.6670659625,,,,,480,0.7145833333333333,0.6971701091098461,0.5360925978725682,0.3655175919739367,-0.017413224223487234,0.025583442219705942,0.05437178899711466,0.05662491010824949,0.02635748059748625,0.04706962302305351,480,0.1367067452619816,0.10984011083758617,0.6670659625,,,,,0.0,-0.0390341813849423,0.0014111612431301213,-0.0009854884949832,-0.0390341813849423,-0.0017783519883152882,0.007875287723173412,0.003361363810767591,0.00021579952161401156,0.012993414009858394,0,-0.016749858577947835,-0.010200502759195873,0.0,,,,
d1-omni,2,in-domain,per_type,score,400,640,640,0.4390625,0.5881914353009032,1.2686516842776387,0.6962544419135991,0.1491289353009032,0.15259649401890168,0.1529717912644185,0.1553520708418255,0.15464919640245747,0.15426054906458164,640,0.5408484989777175,0.23761032396563433,0.3889604669823076,0.07278489222804571,0.5463732200766144,0.1583359740271387,0.7366815289312155,640,0.4390625,0.4596162207979436,1.1936012315928306,0.6576507454338051,0.020553720797943598,0.04656897109034645,0.048565599478095856,0.060807982233896704,0.05855458446359564,0.05998518558699473,640,0.3707271746456259,0.17871987229267985,0.3889604669823076,0.06009033330001384,0.5198530857558163,0.15129446099367821,0.7456279585051049,0.0,-0.1285752145029596,-0.07505045268480814,-0.038603696479794,-0.1285752145029596,-0.10602752292855523,-0.10440619178632266,-0.0945440886079288,-0.09609461193886183,-0.09427536347758692,0,-0.1701213243320916,-0.05889045167295448,0.0,-0.012694558928031868,-0.026520134320798028,-0.007041513033460484,0.008946429573889358
d1-omni,2,ood,per_type,all,400,3000,3000,0.802,0.8175124793975249,0.49356355032935867,0.27520625697185885,0.01551247939752487,0.020371152227036757,0.024368578066935275,0.02440000903077209,0.021690329742884568,0.027345712840731215,,,,,,,0.06876334158367087,0.46693653653180345,3000,0.802,0.7653666366102246,0.5143036615805356,0.2844222460228334,-0.03663336338977541,0.046500894567857526,0.05179351387433074,0.0541727821304989,0.053221508387455874,0.053603990044690936,,,,,,,0.07593160644025669,0.5273269652958528,0.0,-0.05214584278730028,0.020740111251176974,0.009215989050974538,-0.05214584278730028,0.02612974234082077,0.027424935807395464,0.02977277309972681,0.031531178644571306,0.02625827720395972,,,,,,,0.007168264856585824,0.06039042876404932
d1-omni,2,ood,per_type,choice,400,1000,1000,0.871,0.8742857807425438,0.3811842004325214,0.19450206264324357,0.00328578074254382,0.011095569368739233,0.015979352628526424,0.021329163855847617,0.01678711230997334,0.02298641295816184,,,,,,,,,1000,0.871,0.8784627734033407,0.3822269129207524,0.19455525215416566,0.007462773403340672,0.011915398536588163,0.017398015538361844,0.023012579029602,0.01447221773338038,0.02548805251504333,,,,,,,,,0.0,0.004176992660796852,0.0010427124882310124,5.3189510922091454e-05,0.004176992660796852,0.0008198291678489303,0.00141866290983542,0.001683415173754383,-0.0023148945765929588,0.0025016395568814923,,,,,,,,
d1-omni,2,ood,per_type,noul,400,1000,1000,0.901,0.9432314204015347,0.2887468860516532,0.16364282690775503,0.042231420401534714,0.042724886807562146,0.04342792972824103,0.05033073260630045,0.05219197965045897,0.052457974139651836,,,,,,,,,1000,0.901,0.917287835593236,0.26323586968293067,0.15773118219342627,0.01628783559323599,0.018781134903422727,0.0288094642419949,0.032986141264651034,0.02624783383244863,0.025531581609972424,,,,,,,,,0.0,-0.025943584808298725,-0.02551101636872255,-0.0059116447143287565,-0.025943584808298725,-0.02394375190413942,-0.014618465486246127,-0.017344591341649417,-0.025944145818010342,-0.026926392529679412,,,,,,,,
d1-omni,2,ood,per_type,score,400,1000,1000,0.634,0.6350202370484967,0.8107595645039014,0.467473881364578,0.0010202370484967416,0.013176887610125119,0.016725084452484596,0.04182437878468601,0.0208631530906699,0.021981095991194622,,,,,,,0.06876334158367087,0.46693653653180345,1000,0.634,0.5003493008340977,0.8974482021379241,0.5009803037209084,-0.13365069916590233,0.13365069916590236,0.13365069916590236,0.13365069916590236,0.13746859692250318,0.13861604189420862,,,,,,,0.07593160644025669,0.5273269652958528,0.0,-0.13467093621439907,0.08668863763402268,0.03350642235633039,-0.13467093621439907,0.12047381155577724,0.11692561471341777,0.09182632038121635,0.11660544383183329,0.116634945903014,,,,,,,0.007168264856585824,0.06039042876404932
d1-omni,2,in-domain,per_task,all,400,1600,1600,0.575,0.6268259678047694,0.9401697509233478,0.5409605015010327,0.051825967804769446,0.05996876077800434,0.06419839263039305,0.0718431005311637,0.0655464074806502,0.06502123183253106,1600,0.354755575318935,0.1742765294283636,0.5057831659258603,0.07278489222804571,0.5463732200766144,0.1583359740271387,0.7366815289312155,1600,0.575,0.5805189824801343,0.9140433567116861,0.5280717917214511,0.005518982480134382,0.024381030519277105,0.03075444017997466,0.04504809801075624,0.040094919335347874,0.040064816710817394,1600,0.2957044786297622,0.15381070171242472,0.5057831659258603,0.0612894597660095,0.5198728755723423,0.15268594021742626,0.7474143786581513,0.0,-0.046306985324635064,-0.02612639421166163,-0.012888709779581564,-0.046306985324635064,-0.03558773025872723,-0.03344395245041839,-0.026795002520407465,-0.025451488145302327,-0.024956415121713663,0,-0.0590510966891728,-0.020465827715938884,0.0,-0.011495432462036208,-0.026500344504272078,-0.005650033809712435,0.010732849726935778
d1-omni,2,in-domain,per_task,choice,400,480,480,0.6166666666666667,0.5689603551199054,0.9076821540782027,0.5083593353163907,-0.047706311546761304,0.04770631154676126,0.06314351019672881,0.0683393271997728,0.06991570676342206,0.06400729350713784,480,0.30793064858623065,0.1440673858769175,0.500263967943124,,,,,480,0.6166666666666667,0.5827652720559432,0.9000356940038916,0.5041780255802739,-0.0339013946107235,0.05297240471681297,0.06642583571693049,0.07165840265452109,0.0505744747318043,0.06425439540900527,480,0.32272174590904507,0.1495913900338868,0.500263967943124,,,,,0.0,0.013804916936037803,-0.007646460074311134,-0.004181309736116745,0.013804916936037803,0.005266093170051708,0.003282325520201676,0.0033190754547482854,-0.019341232031617757,0.00024710190186742753,0,0.014791097322814417,0.005524004156969298,0.0,,,,
d1-omni,2,in-domain,per_task,noul,400,480,480,0.7145833333333333,0.7362042904947884,0.5346814366294381,0.3665030804689199,0.021620957161455068,0.02736179420802123,0.04649650127394125,0.0532635462974819,0.02614168107587224,0.034076209013195115,480,0.15345660383992943,0.12004061359678204,0.6670659625,,,,,480,0.7145833333333333,0.7102208572535408,0.553522945480108,0.37202701456285414,-0.0043624760797925655,0.017947662700326016,0.052280976892910225,0.07205016461002722,0.04620184307436776,0.057871295892673244,480,0.16751745034811255,0.11977979051016015,0.6670659625,,,,,0.0,-0.025983433241247633,0.01884150885066993,0.005523934093934257,-0.025983433241247633,-0.009414131507695215,0.0057844756189689775,0.01878661831254532,0.020060161998495522,0.02379508687947813,0,0.014060846508183122,-0.00026082308662189746,0.0,,,,
d1-omni,2,in-domain,per_task,score,400,640,640,0.4390625,0.5881914353009032,1.2686516842776387,0.6962544419135991,0.1491289353009032,0.15259649401890168,0.1529717912644185,0.1553520708418255,0.15464919640245747,0.15426054906458164,640,0.5408484989777175,0.23761032396563433,0.3889604669823076,0.07278489222804571,0.5463732200766144,0.1583359740271387,0.7366815289312155,640,0.4390625,0.4815578592182227,1.1949394121662151,0.6630256991962817,0.04249535921822267,0.06585840523874094,0.06796805289314863,0.0863243498413062,0.06995083397225146,0.07041882927765783,640,0.3715817993815373,0.18249836887302665,0.3889604669823076,0.0612894597660095,0.5198728755723423,0.15268594021742626,0.7474143786581513,0.0,-0.10663357608268054,-0.07371227211142362,-0.03322874271731735,-0.10663357608268054,-0.08673808878016075,-0.08500373837126989,-0.06902772100051931,-0.08469836243020601,-0.08384171978692381,0,-0.16926669959618018,-0.05511195509260769,0.0,-0.011495432462036208,-0.026500344504272078,-0.005650033809712435,0.010732849726935778
d1-omni,3,in-domain,global,all,400,1600,1600,0.5725,0.6287678726280933,0.9472976487944598,0.5417135944339385,0.056267872628093296,0.058830612515584496,0.06878385471288573,0.07975235090363932,0.07079517285542075,0.07079517285542078,1600,0.3624564002582949,0.1762803504019218,0.5020088723248189,0.07238431520290689,0.5427814531698442,0.1549748530142599,0.722324910304577,1600,0.5725,0.5767350999074939,0.928543245009098,0.5343916802613822,0.004235099907493933,0.022081506742931155,0.024159569468195308,0.04416866903151748,0.028373291060185213,0.031248069506534453,1600,0.29794051870124155,0.15568168863027337,0.5020088723248189,0.06455291882278763,0.5231154560059876,0.1502587454497917,0.7246770347036378,0.0,-0.05203277272059936,-0.01875440378536175,-0.007321914172556343,-0.05203277272059936,-0.03674910577265334,-0.04462428524469042,-0.03558368187212184,-0.04242188179523554,-0.03954710334888632,0,-0.06451588155705335,-0.02059866177164843,0.0,-0.00783139638011926,-0.01966599716385653,-0.004716107564468192,0.00235212439906074
d1-omni,3,in-domain,global,choice,400,480,480,0.6125,0.5691262758914758,0.9106756030572283,0.5087585318689803,-0.04337372410852425,0.056397243586524454,0.07788839332173661,0.0940665056584289,0.07530695001763738,0.06745979732049061,480,0.3149992169046084,0.14222376997770642,0.491903170043818,,,,,480,0.6125,0.5198154742917914,0.9305812940675343,0.5194235712040196,-0.09268452570820862,0.09904339405432039,0.11280450975757417,0.11746323762807132,0.09269282327480155,0.0993169314640429,480,0.2678845881822929,0.13216122595032015,0.491903170043818,,,,,0.0,-0.04931080159968437,0.019905691010306037,0.010665039335039261,-0.04931080159968437,0.042646150467795935,0.03491611643583756,0.023396731969642412,0.017385873257164175,0.03185713414355229,0,-0.04711462872231553,-0.010062544027386267,0.0,,,,
d1-omni,3,in-domain,global,noul,400,480,480,0.7020833333333333,0.7414628027414437,0.5509626620408484,0.378049119415183,0.039379469408110435,0.0461061527545098,0.05106103891157546,0.0654216701843931,0.039379469408110414,0.041239265579497426,480,0.16350736106404276,0.12688684187698393,0.6620541458333334,,,,,480,0.7020833333333333,0.7018430919251131,0.5474325506485455,0.3743883019604742,-0.00024024140822020978,0.04828193337006148,0.04828193337006154,0.06341744411305895,0.011671723329941066,0.020548268804351042,480,0.14355435822241164,0.11499817313921566,0.6620541458333334,,,,,0.0,-0.039619710816330644,-0.0035301113923029703,-0.003660817454708809,-0.039619710816330644,0.0021757806155516812,-0.002779105541513914,-0.0020042260713341448,-0.027707746078169348,-0.020690996775146384,0,-0.019953002841631123,-0.011888668737768268,0.0,,,,
d1-omni,3,in-domain,global,score,400,640,640,0.4453125,0.5889778725955437,1.2720154231625922,0.6891782476217237,0.14366537259554368,0.14786687609384636,0.15073049955440504,0.1556259682914707,0.15085554999968184,0.15085554999968184,640,0.5472610671692488,0.23886791711378672,0.38955419390418383,0.07238431520290689,0.5427814531698442,0.1549748530142599,0.722324910304577,640,0.4453125,0.5255938251060566,1.212847728985685,0.6656202957800849,0.08028132510605657,0.0940631417004147,0.09418407113821017,0.0969367837969737,0.09531333990215787,0.095807458158877,640,0.4362720869495755,0.20383467225853164,0.38955419390418383,0.06455291882278763,0.5231154560059876,0.1502587454497917,0.7246770347036378,0.0,-0.06338404748948712,-0.05916769417690726,-0.02355795184163889,-0.06338404748948712,-0.053803734393431654,-0.056546428416194866,-0.05868918449449702,-0.05554221009752397,-0.055048091840804836,0,-0.11098898021967335,-0.03503324485525508,0.0,-0.00783139638011926,-0.01966599716385653,-0.004716107564468192,0.00235212439906074
d1-omni,3,ood,global,all,400,3000,3000,0.802,0.8175124793975249,0.49356355032935867,0.27520625697185885,0.01551247939752487,0.020371152227036757,0.024368578066935275,0.02440000903077209,0.021690329742884568,0.027345712840731215,,,,,,,0.06876334158367087,0.46693653653180345,3000,0.802,0.770332662137853,0.49688764228949506,0.2775989935605629,-0.03166733786214704,0.03189790583193909,0.033875248279765284,0.03366730784845021,0.03434640736869187,0.03500537044700049,,,,,,,0.07058031417475198,0.49040201120751187,0.0,-0.04717981725967191,0.0033240919601363883,0.0023927365887040364,-0.04717981725967191,0.011526753604902334,0.009506670212830009,0.009267298817678123,0.012656077625807303,0.007659657606269278,,,,,,,0.0018169725910811146,0.02346547467570842
d1-omni,3,ood,global,choice,400,1000,1000,0.871,0.8742857807425438,0.3811842004325214,0.19450206264324357,0.00328578074254382,0.011095569368739233,0.015979352628526424,0.021329163855847617,0.01678711230997334,0.02298641295816184,,,,,,,,,1000,0.871,0.8221440057149537,0.3915115388907416,0.19919745064409575,-0.04885599428504628,0.04885599428504628,0.04885599428504634,0.053058015129998894,0.049409087262164204,0.04971866998303649,,,,,,,,,0.0,-0.0521417750275901,0.010327338458220203,0.004695388000852174,-0.0521417750275901,0.037760424916307045,0.03287664165651992,0.031728851274151273,0.032621974952190866,0.026732257024874653,,,,,,,,
d1-omni,3,ood,global,noul,400,1000,1000,0.901,0.9432314204015347,0.2887468860516532,0.16364282690775503,0.042231420401534714,0.042724886807562146,0.04342792972824103,0.05033073260630045,0.05219197965045897,0.052457974139651836,,,,,,,,,1000,0.901,0.9175962268811102,0.26335786885320933,0.15777432352421142,0.016596226881110177,0.019054970456901583,0.02898603496619172,0.03314618812238388,0.026516158181358312,0.026306694052497224,,,,,,,,,0.0,-0.025635193520424537,-0.025389017198443886,-0.005868503383543611,-0.025635193520424537,-0.023669916350660562,-0.014441894762049306,-0.01718454448391657,-0.02567582146910066,-0.026151280087154612,,,,,,,,
d1-omni,3,ood,global,score,400,1000,1000,0.634,0.6350202370484967,0.8107595645039014,0.467473881364578,0.0010202370484967416,0.013176887610125119,0.016725084452484596,0.04182437878468601,0.0208631530906699,0.021981095991194622,,,,,,,0.06876334158367087,0.46693653653180345,1000,0.634,0.5712577538174951,0.8357935191245343,0.47582520651338156,-0.0627422461825049,0.06274224618250494,0.06576510694928399,0.0675515262898655,0.07072085960529695,0.07269774884022286,,,,,,,0.07058031417475198,0.49040201120751187,0.0,-0.06376248323100164,0.025033954620632848,0.008351325148803546,-0.06376248323100164,0.04956535857237983,0.049040022496799396,0.02572714750517948,0.04985770651462705,0.05071665284902824,,,,,,,0.0018169725910811146,0.02346547467570842
d1-omni,3,in-domain,per_type,all,400,1600,1600,0.5725,0.6287678726280933,0.9472976487944598,0.5417135944339385,0.056267872628093296,0.058830612515584496,0.06878385471288573,0.07975235090363932,0.07079517285542075,0.07079517285542078,1600,0.3624564002582949,0.1762803504019218,0.5020088723248189,0.07238431520290689,0.5427814531698442,0.1549748530142599,0.722324910304577,1600,0.5725,0.586785243341992,0.9177397242385825,0.5287422383287861,0.014285243341991993,0.028290070337978167,0.029735792471966394,0.030499978938867058,0.02241281092835299,0.024478673081962728,1600,0.30371460308545084,0.15613407603956578,0.5020088723248189,0.05977405235828688,0.5160877691435438,0.1491391940765038,0.7344698458556668,0.0,-0.0419826292861013,-0.029557924555877246,-0.012971356105152432,-0.0419826292861013,-0.03054054217760633,-0.039048062240919335,-0.04925237196477226,-0.04838236192706776,-0.04631649977345805,0,-0.05874179717284406,-0.020146274362356026,0.0,-0.01261026284462001,-0.026693684026300346,-0.005835658937756089,0.012144935551089753
d1-omni,3,in-domain,per_type,choice,400,480,480,0.6125,0.5691262758914758,0.9106756030572283,0.5087585318689803,-0.04337372410852425,0.056397243586524454,0.07788839332173661,0.0940665056584289,0.07530695001763738,0.06745979732049061,480,0.3149992169046084,0.14222376997770642,0.491903170043818,,,,,480,0.6125,0.5825804376477215,0.9094357402818504,0.5072204382931358,-0.02991956235227855,0.052454766319598944,0.06177642866710943,0.08103044523893463,0.0385567328234156,0.04614088317246899,480,0.33501616645315857,0.14640542012281868,0.491903170043818,,,,,0.0,0.013454161756245697,-0.001239862775377909,-0.0015380935758445569,0.013454161756245697,-0.003942477266925509,-0.01611196465462718,-0.013036060419494275,-0.03675021719422177,-0.021318914148021617,0,0.020016949548550156,0.0041816501451122645,0.0,,,,
d1-omni,3,in-domain,per_type,noul,400,480,480,0.7020833333333333,0.7414628027414437,0.5509626620408484,0.378049119415183,0.039379469408110435,0.0461061527545098,0.05106103891157546,0.0654216701843931,0.039379469408110414,0.041239265579497426,480,0.16350736106404276,0.12688684187698393,0.6620541458333334,,,,,480,0.7020833333333333,0.7560210286412524,0.5566626716393126,0.38142530133863645,0.05393769530791914,0.056668696744209775,0.06041119079462799,0.0694474481695207,0.05926826254863409,0.06059719016387936,480,0.1764109914816973,0.13319477166061516,0.6620541458333334,,,,,0.0,0.014558225899808708,0.005700009598464173,0.0033761819234534585,0.014558225899808708,0.010562543989699975,0.009350151883052535,0.004025777985127599,0.019888793140523678,0.01935792458438193,0,0.012903630417654549,0.006307929783631233,0.0,,,,
d1-omni,3,in-domain,per_type,score,400,640,640,0.4453125,0.5889778725955437,1.2720154231625922,0.6891782476217237,0.14366537259554368,0.14786687609384636,0.15073049955440504,0.1556259682914707,0.15085554999968184,0.15085554999968184,640,0.5472610671692488,0.23886791711378672,0.38955419390418383,0.07238431520290689,0.5427814531698442,0.1549748530142599,0.722324910304577,640,0.4453125,0.4630120086382494,1.1947755016555843,0.655371291098136,0.017699508638249373,0.03569428315806771,0.04381275377342352,0.04348402270863642,0.03237555705726138,0.033450893001890636,640,0.37571613926248515,0.18063504626133908,0.38955419390418383,0.05977405235828688,0.5160877691435438,0.1491391940765038,0.7344698458556668,0.0,-0.1259658639572943,-0.07723992150700787,-0.03380695652358778,-0.1259658639572943,-0.11217259293577864,-0.10691774578098151,-0.1121419455828343,-0.11847999294242045,-0.1174046569977912,0,-0.17154492790676368,-0.05823287085244763,0.0,-0.01261026284462001,-0.026693684026300346,-0.005835658937756089,0.012144935551089753
d1-omni,3,ood,per_type,all,400,3000,3000,0.802,0.8175124793975249,0.49356355032935867,0.27520625697185885,0.01551247939752487,0.020371152227036757,0.024368578066935275,0.02440000903077209,0.021690329742884568,0.027345712840731215,,,,,,,0.06876334158367087,0.46693653653180345,3000,0.802,0.7797541869016742,0.527849853171096,0.2868363906196603,-0.02224581309832585,0.05965429899617193,0.059829544479075215,0.05995110970927075,0.06166118605315682,0.06313156098836924,,,,,,,0.07560030689725486,0.5252803937370377,0.0,-0.03775829249585072,0.03428630284173734,0.011630133647801466,-0.03775829249585072,0.03928314676913518,0.035460966412139944,0.03555110067849866,0.03997085631027225,0.03578584814763802,,,,,,,0.0068369653135839925,0.05834385720523427
d1-omni,3,ood,per_type,choice,400,1000,1000,0.871,0.8742857807425438,0.3811842004325214,0.19450206264324357,0.00328578074254382,0.011095569368739233,0.015979352628526424,0.021329163855847617,0.01678711230997334,0.02298641295816184,,,,,,,,,1000,0.871,0.885450738787831,0.38491873225212925,0.1948132640206443,0.014450738787830986,0.014450738787831008,0.020872277340394787,0.026079411917133744,0.017719844025735967,0.023517766090957577,,,,,,,,,0.0,0.011164958045287166,0.003734531819607867,0.0003112013774007327,0.011164958045287166,0.003355169419091775,0.004892924711868363,0.0047502480612861275,0.0009327317157626289,0.000531353132795738,,,,,,,,
d1-omni,3,ood,per_type,noul,400,1000,1000,0.901,0.9432314204015347,0.2887468860516532,0.16364282690775503,0.042231420401534714,0.042724886807562146,0.04342792972824103,0.05033073260630045,0.05219197965045897,0.052457974139651836,,,,,,,,,1000,0.901,0.9502933505576682,0.3046398736556496,0.16618329288749328,0.04929335055766815,0.04953785826277468,0.04985371162464611,0.055249745089583344,0.05734283299942883,0.05763735730810142,,,,,,,,,0.0,0.0070619301561334336,0.015892987603996378,0.0025404659797382545,0.0070619301561334336,0.006812971455212535,0.006425781896405081,0.004919012483282893,0.005150853348969857,0.005179383168449583,,,,,,,,
d1-omni,3,ood,per_type,score,400,1000,1000,0.634,0.6350202370484967,0.8107595645039014,0.467473881364578,0.0010202370484967416,0.013176887610125119,0.016725084452484596,0.04182437878468601,0.0208631530906699,0.021981095991194622,,,,,,,0.06876334158367087,0.46693653653180345,1000,0.634,0.5035184713595234,0.8939909536055093,0.4995126149508433,-0.13048152864047657,0.1304815286404765,0.13048152864047655,0.1306452224210803,0.13313559624710186,0.13754672105273894,,,,,,,0.07560030689725486,0.5252803937370377,0.0,-0.13150176568897332,0.08323138910160788,0.0320387335862653,-0.13150176568897332,0.11730464103035138,0.11375644418799195,0.08882084363639428,0.11227244315643196,0.11556562506154432,,,,,,,0.0068369653135839925,0.05834385720523427
d1-omni,3,in-domain,per_task,all,400,1600,1600,0.5725,0.6287678726280933,0.9472976487944598,0.5417135944339385,0.056267872628093296,0.058830612515584496,0.06878385471288573,0.07975235090363932,0.07079517285542075,0.07079517285542078,1600,0.3624564002582949,0.1762803504019218,0.5020088723248189,0.07238431520290689,0.5427814531698442,0.1549748530142599,0.722324910304577,1600,0.5725,0.6039537591607348,0.9346295577407625,0.5328909846204233,0.031453759160734784,0.04099843347303263,0.04687674894250983,0.04719097301819583,0.04506576058424487,0.04615408310875105,1600,0.35804955510793235,0.1688266066615713,0.5020088723248189,0.05919386167908276,0.508947336011969,0.14789056358631814,0.7275303334825358,0.0,-0.024814113467358512,-0.012668091053697261,-0.008822609813515236,-0.024814113467358512,-0.01783217904255187,-0.021907105770375898,-0.032561377885443485,-0.02572941227117588,-0.02464108974666973,0,-0.004406845150362548,-0.007453743740350516,0.0,-0.013190453523824128,-0.03383411715787521,-0.007084289427941759,0.005205423177958801
d1-omni,3,in-domain,per_task,choice,400,480,480,0.6125,0.5691262758914758,0.9106756030572283,0.5087585318689803,-0.04337372410852425,0.056397243586524454,0.07788839332173661,0.0940665056584289,0.07530695001763738,0.06745979732049061,480,0.3149992169046084,0.14222376997770642,0.491903170043818,,,,,480,0.6125,0.6266109669802743,0.9496823865036642,0.5128316639176446,0.014110966980274253,0.047836429025322244,0.07021560356647973,0.08839716164995029,0.05599489585269802,0.0775366750060096,480,0.4827353177473988,0.17733933025130505,0.491903170043818,,,,,0.0,0.0574846910887985,0.03900678344643593,0.004073132048664219,0.0574846910887985,-0.00856081456120221,-0.007672789755256884,-0.005669344008478613,-0.019312054164939356,0.010076877685518987,0,0.1677361008427904,0.035115560273598634,0.0,,,,
d1-omni,3,in-domain,per_task,noul,400,480,480,0.7020833333333333,0.7414628027414437,0.5509626620408484,0.378049119415183,0.039379469408110435,0.0461061527545098,0.05106103891157546,0.0654216701843931,0.039379469408110414,0.041239265579497426,480,0.16350736106404276,0.12688684187698393,0.6620541458333334,,,,,480,0.7020833333333333,0.7608710012651566,0.580893806263083,0.39064513479146945,0.05878766793182333,0.05878766793182333,0.06873087268432307,0.07136441935218545,0.05878766793182339,0.06294187767023847,480,0.2084028905420005,0.14287030443908907,0.6620541458333334,,,,,0.0,0.019408198523712894,0.02993114422223453,0.012596015376286462,0.019408198523712894,0.01268151517731353,0.017669833772747612,0.005942749167792347,0.019408198523712977,0.021702612090741043,0,0.044895529477957746,0.015983462562105144,0.0,,,,
d1-omni,3,in-domain,per_task,score,400,640,640,0.4453125,0.5889778725955437,1.2720154231625922,0.6891782476217237,0.14366537259554368,0.14786687609384636,0.15073049955440504,0.1556259682914707,0.15085554999968184,0.15085554999968184,640,0.5472610671692488,0.23886791711378672,0.38955419390418383,0.07238431520290689,0.5427814531698442,0.1549748530142599,0.722324910304577,640,0.4453125,0.4692729217177637,1.188641749776846,0.6546198625192228,0.02396042171776369,0.042252638899366875,0.0613651220390426,0.06500103522264129,0.03729822193137397,0.05185832033187189,640,0.3767702315527814,0.1819092906361326,0.38955419390418383,0.05919386167908276,0.508947336011969,0.14789056358631814,0.7275303334825358,0.0,-0.11970495087777999,-0.0833736733857462,-0.03455838510250098,-0.11970495087777999,-0.10561423719447949,-0.08936537751536244,-0.09062493306882942,-0.11355732806830787,-0.09899722966780995,0,-0.17049083561646744,-0.05695862647765412,0.0,-0.013190453523824128,-0.03383411715787521,-0.007084289427941759,0.005205423177958801
d1-omni,4,in-domain,global,all,400,1600,1600,0.579375,0.628529290978398,0.9383023708267174,0.5386248402718652,0.049154290978398074,0.0586520696045143,0.06467432199654993,0.07531245954575601,0.06350438989669839,0.06350438989669838,1600,0.3594565225845619,0.17548164667748453,0.5068582898281556,0.0722378769672812,0.5450404163534345,0.157479608797654,0.7358213607806128,1600,0.579375,0.5626759262065633,0.9219600215262962,0.5318689033636501,-0.016699073793436714,0.024024469938259078,0.03899658748089423,0.03542654074376821,0.028198719305891906,0.03370696277298463,1600,0.2857626239962241,0.15198281466160835,0.5068582898281556,0.06314768649660267,0.5234126555172509,0.15175132325841845,0.741309531081997,0.0,-0.06585336477183479,-0.01634234930042122,-0.006755936908215077,-0.06585336477183479,-0.03462759966625523,-0.0256777345156557,-0.039885918801987795,-0.035305670590806484,-0.02979742712371375,0,-0.0736938985883378,-0.023498832015876187,0.0,-0.009090190470678536,-0.021627760836183563,-0.005728285539235545,0.005488170301384265
d1-omni,4,in-domain,global,choice,400,480,480,0.6125,0.5697435482173951,0.9049904965260943,0.5069509464874283,-0.0427564517826049,0.04493113615068391,0.054191675760206455,0.07700940911322933,0.06178007326772193,0.06504558460742443,480,0.3187494317922029,0.14440153780675213,0.4940137026243791,,,,,480,0.6125,0.506263037247172,0.9362647543654227,0.5229878145475133,-0.10623696275282801,0.10623696275282796,0.10623696275282798,0.1201779862007889,0.10634754719821862,0.1133194661679551,480,0.2655477591376819,0.13381610437394145,0.4940137026243791,,,,,0.0,-0.06348051097022311,0.03127425783932836,0.016036868060084974,-0.06348051097022311,0.061305826602144044,0.05204528699262153,0.04316857708755957,0.04456747393049669,0.04827388156053067,0,-0.05320167265452097,-0.010585433432810681,0.0,,,,
d1-omni,4,in-domain,global,noul,400,480,480,0.7166666666666667,0.738710556893299,0.544591862515653,0.3739927288970526,0.022043890226632334,0.042719341721385716,0.05293845397730667,0.06485143877410642,0.04315646681934593,0.03903780216351152,480,0.16295627168681634,0.1270218551637782,0.6645381833333334,,,,,480,0.7166666666666667,0.6888973614344398,0.5452901996808824,0.372252614509863,-0.02776930523222687,0.04470900464361751,0.05158768874991862,0.05740024930787381,0.05045670325772488,0.03402201248646981,480,0.1415205757718816,0.11375659871052385,0.6645381833333334,,,,,0.0,-0.049813195458859205,0.0006983371652294901,-0.001740114387189573,-0.049813195458859205,0.001989662922231794,-0.0013507652273880497,-0.007451189466232605,0.007300236438378953,-0.005015789677041707,0,-0.021435695914934744,-0.013265256453254354,0.0,,,,
d1-omni,4,in-domain,global,score,400,640,640,0.4515625,0.5899826486129747,1.2585691577854827,0.6858543441413023,0.1384201486129747,0.14292635401669768,0.14853712100762245,0.1458670833341942,0.14307660230407387,0.14307660230407387,640,0.5373620288521403,0.2351365719658136,0.3982318101021047,0.0722378769672812,0.5450404163534345,0.157479608797654,0.7358213607806128,640,0.4515625,0.5103195165051995,1.1937338382810119,0.6582419366160931,0.05875701650519949,0.08835666371062662,0.09127575983703339,0.09384823893373172,0.08067869778343964,0.0806478752989092,640,0.4091053088083877,0.1942775093406719,0.3982318101021047,0.06314768649660267,0.5234126555172509,0.15175132325841845,0.741309531081997,0.0,-0.0796631321077752,-0.06483531950447086,-0.027612407525209215,-0.0796631321077752,-0.05456969030607106,-0.05726136117058907,-0.05201884440046249,-0.062397904520634234,-0.06242872700516468,0,-0.12825672004375266,-0.04085906262514172,0.0,-0.009090190470678536,-0.021627760836183563,-0.005728285539235545,0.005488170301384265
d1-omni,4,ood,global,all,400,3000,3000,0.802,0.8175124793975249,0.49356355032935867,0.27520625697185885,0.01551247939752487,0.020371152227036757,0.024368578066935275,0.02440000903077209,0.021690329742884568,0.027345712840731215,,,,,,,0.06876334158367087,0.46693653653180345,3000,0.802,0.7557023842135967,0.5033432469082636,0.2799832938665538,-0.046297615786403346,0.046297615786403505,0.04629761578640346,0.04629761578640341,0.04655127605371572,0.04841420746497752,,,,,,,0.0715312738075893,0.49800072339928453,0.0,-0.061810095183928215,0.009779696578904928,0.0047770368946949415,-0.061810095183928215,0.025926463559366748,0.02192903771946818,0.021897606755631318,0.024860946310831154,0.021068494624246308,,,,,,,0.002767932223918426,0.03106418686748108
d1-omni,4,ood,global,choice,400,1000,1000,0.871,0.8742857807425438,0.3811842004325214,0.19450206264324357,0.00328578074254382,0.011095569368739233,0.015979352628526424,0.021329163855847617,0.01678711230997334,0.02298641295816184,,,,,,,,,1000,0.871,0.8046434329154613,0.4012312095867314,0.20268790498132147,-0.06635656708453874,0.06635656708453874,0.06635656708453877,0.06853465943830334,0.06771790285608367,0.06877828948404294,,,,,,,,,0.0,-0.06964234782708256,0.020047009154210038,0.008185842338077898,-0.06964234782708256,0.05526099771579951,0.05037721445601234,0.04720549558245572,0.050930790546110334,0.0457918765258811,,,,,,,,
d1-omni,4,ood,global,noul,400,1000,1000,0.901,0.9432314204015347,0.2887468860516532,0.16364282690775503,0.042231420401534714,0.042724886807562146,0.04342792972824103,0.05033073260630045,0.05219197965045897,0.052457974139651836,,,,,,,,,1000,0.901,0.9086677680803261,0.26092865348673805,0.15675619916407735,0.007667768080326098,0.01327905480456315,0.023912375760798504,0.029075630589058186,0.018927342980927242,0.020965391840617263,,,,,,,,,0.0,-0.034563652321208616,-0.02781823256491517,-0.006886627743677681,-0.034563652321208616,-0.029445832002998995,-0.019515553967442523,-0.021255102017242265,-0.03326463666953173,-0.03149258229903457,,,,,,,,
d1-omni,4,ood,global,score,400,1000,1000,0.634,0.6350202370484967,0.8107595645039014,0.467473881364578,0.0010202370484967416,0.013176887610125119,0.016725084452484596,0.04182437878468601,0.0208631530906699,0.021981095991194622,,,,,,,0.06876334158367087,0.46693653653180345,1000,0.634,0.5537959516450022,0.8478698776513215,0.48050577745426276,-0.08020404835499784,0.0802040483549978,0.08020404835499773,0.08576878359868861,0.08135632163999236,0.086714611109336,,,,,,,0.0715312738075893,0.49800072339928453,0.0,-0.08122428540349458,0.03711031314742008,0.013031896089684747,-0.08122428540349458,0.06702716074487268,0.06347896390251313,0.0439444048140026,0.06049316854932246,0.06473351511814138,,,,,,,0.002767932223918426,0.03106418686748108
d1-omni,4,in-domain,per_type,all,400,1600,1600,0.579375,0.628529290978398,0.9383023708267174,0.5386248402718652,0.049154290978398074,0.0586520696045143,0.06467432199654993,0.07531245954575601,0.06350438989669839,0.06350438989669838,1600,0.3594565225845619,0.17548164667748453,0.5068582898281556,0.0722378769672812,0.5450404163534345,0.157479608797654,0.7358213607806128,1600,0.579375,0.5692436640336825,0.9086874766069454,0.5243883127328315,-0.010131335966317434,0.021381760481759295,0.023888934259894863,0.027203617629576585,0.026773354321358817,0.027975722248234736,1600,0.28751359623364836,0.1504550026542682,0.5068582898281556,0.05961825204933755,0.5211086080810213,0.15135460917022925,0.7544150320742213,0.0,-0.05928562694471551,-0.029614894219772037,-0.014236527539033705,-0.05928562694471551,-0.037270309122755,-0.04078538773665507,-0.04810884191617942,-0.03673103557533958,-0.035528667648463644,0,-0.07194292635091354,-0.025026644023216332,0.0,-0.012619624917943655,-0.023931808272413146,-0.006124999627424743,0.01859367129360856
d1-omni,4,in-domain,per_type,choice,400,480,480,0.6125,0.5697435482173951,0.9049904965260943,0.5069509464874283,-0.0427564517826049,0.04493113615068391,0.054191675760206455,0.07700940911322933,0.06178007326772193,0.06504558460742443,480,0.3187494317922029,0.14440153780675213,0.4940137026243791,,,,,480,0.6125,0.5705140578669348,0.9048422689981493,0.5068333617364089,-0.04198594213306528,0.04440734852965195,0.05365353034231032,0.07759582557425085,0.06024814486633886,0.06351957571342333,480,0.31979359988974415,0.1446130754990655,0.4940137026243791,,,,,0.0,0.0007705096495396191,-0.0001482275279449663,-0.00011758475101941723,0.0007705096495396191,-0.0005237876210319667,-0.0005381454178961381,0.0005864164610215189,-0.0015319284013830745,-0.0015260088940011046,0,0.0010441680975412648,0.00021153769231335717,0.0,,,,
d1-omni,4,in-domain,per_type,noul,400,480,480,0.7166666666666667,0.738710556893299,0.544591862515653,0.3739927288970526,0.022043890226632334,0.042719341721385716,0.05293845397730667,0.06485143877410642,0.04315646681934593,0.03903780216351152,480,0.16295627168681634,0.1270218551637782,0.6645381833333334,,,,,480,0.7166666666666667,0.7244136620343617,0.5423990642742891,0.3722101491742203,0.007746995367695075,0.04190608860452798,0.04835837269208275,0.06000844957192633,0.031351470012296594,0.035636190762363656,480,0.15370164894321212,0.12196368289345746,0.6645381833333334,,,,,0.0,-0.014296894858937259,-0.002192798241363869,-0.0017825797228323004,-0.014296894858937259,-0.0008132531168577387,-0.004580081285223921,-0.004842989202180084,-0.011804996807049335,-0.0034016114011478638,0,-0.009254622743604224,-0.005058172270320738,0.0,,,,
d1-omni,4,in-domain,per_type,score,400,640,640,0.4515625,0.5899826486129747,1.2585691577854827,0.6858543441413023,0.1384201486129747,0.14292635401669768,0.14853712100762245,0.1458670833341942,0.14307660230407387,0.14307660230407387,640,0.5373620288521403,0.2351365719658136,0.3982318101021047,0.0722378769672812,0.5450404163534345,0.157479608797654,0.7358213607806128,640,0.4515625,0.4519133701582339,1.1862876915630347,0.6516881486491067,0.0003508701582339291,0.04582802950721018,0.04582802950721021,0.06623291917009118,0.046434708968419634,0.05302936633480711,640,0.36366255395940356,0.17620493784127828,0.3982318101021047,0.05961825204933755,0.5211086080810213,0.15135460917022925,0.7544150320742213,0.0,-0.13806927845474076,-0.07228146622244802,-0.03416619549219557,-0.13806927845474076,-0.0970983245094875,-0.10270909150041224,-0.07963416416410303,-0.09664189333565423,-0.09004723596926677,0,-0.1736994748927368,-0.05893163412453534,0.0,-0.012619624917943655,-0.023931808272413146,-0.006124999627424743,0.01859367129360856
d1-omni,4,ood,per_type,all,400,3000,3000,0.802,0.8175124793975249,0.49356355032935867,0.27520625697185885,0.01551247939752487,0.020371152227036757,0.024368578066935275,0.02440000903077209,0.021690329742884568,0.027345712840731215,,,,,,,0.06876334158367087,0.46693653653180345,3000,0.802,0.7664231094657904,0.5226607636497766,0.2873841493477696,-0.03557689053420965,0.05725519019357869,0.05872378786091451,0.062130039487943704,0.060574859085376326,0.06130538975442999,,,,,,,0.07717538786724532,0.5349013062683493,0.0,-0.05108936993173452,0.02909721332041798,0.01217789237591077,-0.05108936993173452,0.03688403796654194,0.03435520979397924,0.03773003045717162,0.03888452934249176,0.03395967691369878,,,,,,,0.008412046283574448,0.06796476973654586
d1-omni,4,ood,per_type,choice,400,1000,1000,0.871,0.8742857807425438,0.3811842004325214,0.19450206264324357,0.00328578074254382,0.011095569368739233,0.015979352628526424,0.021329163855847617,0.01678711230997334,0.02298641295816184,,,,,,,,,1000,0.871,0.8749485341023114,0.381323689650707,0.1945056309741974,0.003948534102311441,0.011225754799269927,0.016204562832214896,0.021183169031970935,0.016932659485045326,0.025443489373608727,,,,,,,,,0.0,0.0006627533597676205,0.00013948921818562887,3.5683309538292463e-06,0.0006627533597676205,0.0001301854305306941,0.00022521020368847233,-0.00014599482387668214,0.0001455471750719875,0.0024570764154468877,,,,,,,,
d1-omni,4,ood,per_type,noul,400,1000,1000,0.901,0.9432314204015347,0.2887468860516532,0.16364282690775503,0.042231420401534714,0.042724886807562146,0.04342792972824103,0.05033073260630045,0.05219197965045897,0.052457974139651836,,,,,,,,,1000,0.901,0.9351125193899302,0.27654350705394465,0.1612574531243721,0.03411251938993021,0.035039341513488205,0.038994828665508345,0.044649795715249324,0.043168423475398954,0.04340885519070525,,,,,,,,,0.0,-0.008118901011604507,-0.01220337899770857,-0.002385373783382938,-0.008118901011604507,-0.007685545294073941,-0.004433101062732682,-0.005680936891051126,-0.009023556175060017,-0.009049118948946583,,,,,,,,
d1-omni,4,ood,per_type,score,400,1000,1000,0.634,0.6350202370484967,0.8107595645039014,0.467473881364578,0.0010202370484967416,0.013176887610125119,0.016725084452484596,0.04182437878468601,0.0208631530906699,0.021981095991194622,,,,,,,0.06876334158367087,0.46693653653180345,1000,0.634,0.48920827490512964,0.9101150942446784,0.5063893639447394,-0.14479172509487037,0.14479172509487034,0.14479172509487032,0.14479172509487034,0.14847615327178482,0.1489571866231935,,,,,,,0.07717538786724532,0.5349013062683493,0.0,-0.1458119621433671,0.099355529740777,0.03891548258016142,-0.1458119621433671,0.13161483748474523,0.1280666406423857,0.10296734631018434,0.1276130001811149,0.12697609063199886,,,,,,,0.008412046283574448,0.06796476973654586
d1-omni,4,in-domain,per_task,all,400,1600,1600,0.579375,0.628529290978398,0.9383023708267174,0.5386248402718652,0.049154290978398074,0.0586520696045143,0.06467432199654993,0.07531245954575601,0.06350438989669839,0.06350438989669838,1600,0.3594565225845619,0.17548164667748453,0.5068582898281556,0.0722378769672812,0.5450404163534345,0.157479608797654,0.7358213607806128,1600,0.579375,0.5812818272488463,0.916477714470349,0.5272110202663043,0.0019068272488462767,0.03257649011761728,0.0364616372980032,0.049327016537625584,0.037205615531562826,0.039001894788823384,1600,0.3290463348229491,0.15953784857581052,0.5068582898281556,0.058911448486192716,0.5171361121442546,0.1496590716531852,0.7500311545267848,0.0,-0.0472474637295518,-0.021824656356368433,-0.011413820005560904,-0.0472474637295518,-0.026075579486897024,-0.028212684698546736,-0.025985443008130424,-0.026298774365135565,-0.024502495107874993,0,-0.030410187761612806,-0.01594379810167401,0.0,-0.01332642848108849,-0.027904304209179887,-0.007820537144468787,0.01420979374617204
d1-omni,4,in-domain,per_task,choice,400,480,480,0.6125,0.5697435482173951,0.9049904965260943,0.5069509464874283,-0.0427564517826049,0.04493113615068391,0.054191675760206455,0.07700940911322933,0.06178007326772193,0.06504558460742443,480,0.3187494317922029,0.14440153780675213,0.4940137026243791,,,,,480,0.6125,0.5988958054548055,0.901240604320461,0.5047723361257576,-0.01360419454519457,0.05839608367349387,0.08218228850926672,0.08792540130013095,0.05753484833546042,0.08691995243835146,480,0.3776763103370226,0.16587665988944184,0.4940137026243791,,,,,0.0,0.02915225723741033,-0.003749892205633265,-0.002178610361670774,0.02915225723741033,0.01346494752280996,0.027990612749060263,0.010915992186901619,-0.00424522493226151,0.021874367830927027,0,0.058926878544819705,0.0214751220826897,0.0,,,,
d1-omni,4,in-domain,per_task,noul,400,480,480,0.7166666666666667,0.738710556893299,0.544591862515653,0.3739927288970526,0.022043890226632334,0.042719341721385716,0.05293845397730667,0.06485143877410642,0.04315646681934593,0.03903780216351152,480,0.16295627168681634,0.1270218551637782,0.6645381833333334,,,,,480,0.7166666666666667,0.72396853780987,0.5901447127280449,0.3850770233174351,0.007301871143203353,0.05309117809748935,0.061109956700721155,0.06909935858517591,0.046234865519306945,0.04722522206619452,480,0.23819356785367946,0.1316757864715251,0.6645381833333334,,,,,0.0,-0.014742019083428981,0.04555285021239197,0.011084294420382501,-0.014742019083428981,0.010371836376103637,0.008171502723414485,0.004247919811069492,0.0030783986999610158,0.008187419902682999,0,0.07523729616686312,0.004653931307746911,0.0,,,,
d1-omni,4,in-domain,per_task,score,400,640,640,0.4515625,0.5899826486129747,1.2585691577854827,0.6858543441413023,0.1384201486129747,0.14292635401669768,0.14853712100762245,0.1458670833341942,0.14307660230407387,0.14307660230407387,640,0.5373620288521403,0.2351365719658136,0.3982318101021047,0.0722378769672812,0.5450404163534345,0.157479608797654,0.7358213607806128,640,0.4515625,0.4610563106736091,1.172655298389493,0.6506405310833665,0.009493810673609104,0.04441763761265306,0.05331339624872843,0.05768357687896808,0.05411311132794847,0.04917008922873992,640,0.3607134284143463,0.17568028666880106,0.3982318101021047,0.058911448486192716,0.5171361121442546,0.1496590716531852,0.7500311545267848,0.0,-0.1289263379393656,-0.08591385939598983,-0.035213813057935806,-0.1289263379393656,-0.09850871640404461,-0.09522372475889401,-0.08818350645522613,-0.08896349097612541,-0.09390651307533396,0,-0.17664860043779407,-0.05945628529701255,0.0,-0.01332642848108849,-0.027904304209179887,-0.007820537144468787,0.01420979374617204
d1-omni,5,in-domain,global,all,400,1600,1600,0.575625,0.6320857330894725,0.9429665427091146,0.541961050682684,0.056460733089472415,0.06865901412688181,0.0722311997027359,0.08315721915917183,0.07268764283262433,0.07180570452711375,1600,0.36664887907669375,0.1779809947938967,0.5047527580623237,0.07223155812437396,0.5413985105733512,0.15495666590188512,0.7263798179374195,1600,0.575625,0.578861638459377,0.9241670773638222,0.5337946529018553,0.0032366384593769393,0.02932229614993842,0.037209402873118615,0.04554954260953827,0.035358416567986,0.0417777393490589,1600,0.30095084661627997,0.15706423427014893,0.5047527580623237,0.06449208579638094,0.522970756548997,0.14997882899411225,0.7304391922398569,0.0,-0.053224094630095475,-0.01879946534529242,-0.008166397780828616,-0.053224094630095475,-0.039336717976943394,-0.03502179682961728,-0.03760767654963356,-0.037329226264638325,-0.030027965178054852,0,-0.06569803246041378,-0.020916760523747774,0.0,-0.007739472327993019,-0.018427754024354148,-0.00497783690777287,0.004059374302437413
d1-omni,5,in-domain,global,choice,400,480,480,0.6083333333333333,0.5722142012970599,0.934963061793056,0.5212733927039493,-0.03611913203627337,0.03611913203627338,0.059329836701944805,0.09935742624812936,0.062340491649869184,0.08303727751345422,480,0.33078742003044537,0.15081629669661634,0.48820009516604485,,,,,480,0.6083333333333333,0.5210268074359334,0.9489359847315841,0.5300514208513761,-0.08730652589739984,0.08730652589739997,0.0942951089010866,0.10220514592757574,0.08998321429649492,0.0945826882688271,480,0.2802538475854656,0.1392485102318792,0.48820009516604485,,,,,0.0,-0.05118739386112647,0.013972922938528143,0.008778028147426786,-0.05118739386112647,0.05118739386112659,0.03496527219914179,0.0028477196794463727,0.027642722646625734,0.011545410755372881,0,-0.050533572444979746,-0.011567786464737134,0.0,,,,
d1-omni,5,in-domain,global,noul,400,480,480,0.7041666666666667,0.7410576816803466,0.550933689067255,0.37873081206764625,0.03689101501367986,0.05151479338916642,0.06163616470682124,0.06631088404295347,0.0368910150136799,0.04524688871266944,480,0.1644524521162337,0.12800502320937496,0.6607194479166666,,,,,480,0.7041666666666667,0.700674190970521,0.5480142491291959,0.3752691472652295,-0.003492475696145747,0.04475982262568923,0.05631876833296626,0.05551319692013279,0.03257842196567749,0.038180826694297336,480,0.14461856733336814,0.11587926482043656,0.6607194479166666,,,,,0.0,-0.04038349070982561,-0.0029194399380590985,-0.003461664802416775,-0.04038349070982561,-0.00675497076347719,-0.005317396373854984,-0.010797687122820684,-0.004312593048002404,-0.007066062018372107,0,-0.019833884782865546,-0.012125758388938396,0.0,,,,
d1-omni,5,in-domain,global,score,400,640,640,0.4546875,0.5952604204906262,1.242993793627553,0.6798994731280132,0.1405729204906262,0.1460130063966384,0.14601300639663842,0.1536374265873022,0.14314829971141863,0.14384299918011106,640,0.545192293581725,0.23583649705524828,0.40019223784377544,0.07223155812437396,0.5413985105733512,0.15495666590188512,0.7263798179374195,640,0.4546875,0.530878347343602,1.1877050180139705,0.6554962061671841,0.07619084734360193,0.09511746048331082,0.09547096844379208,0.09584049050841327,0.09751112899711112,0.09806476015997048,640,0.43372280535157454,0.2013147543861355,0.40019223784377544,0.06449208579638094,0.522970756548997,0.14997882899411225,0.7304391922398569,0.0,-0.06438207314702427,-0.055288775613582475,-0.024403266960829173,-0.06438207314702427,-0.05089554591332757,-0.05054203795284634,-0.05779693607888893,-0.04563717071430751,-0.04577823902014058,0,-0.11146948823015052,-0.03452174266911279,0.0,-0.007739472327993019,-0.018427754024354148,-0.00497783690777287,0.004059374302437413
d1-omni,5,ood,global,all,400,3000,3000,0.802,0.8175124793975249,0.49356355032935867,0.27520625697185885,0.01551247939752487,0.020371152227036757,0.024368578066935275,0.02440000903077209,0.021690329742884568,0.027345712840731215,,,,,,,0.06876334158367087,0.46693653653180345,3000,0.802,0.7696842144713404,0.49713009491351134,0.2776893426725161,-0.03231578552865966,0.03231578552865972,0.03436495881569533,0.03409800033565101,0.03457443730781357,0.035233892853058765,,,,,,,0.07061896382633079,0.49073531645328694,0.0,-0.04782826492618453,0.0035665445841526755,0.0024830857006572504,-0.04782826492618453,0.011944633301622962,0.009996380748760057,0.00969799130487892,0.012884107564929005,0.00788818001232755,,,,,,,0.0018556222426599212,0.023798779921483493
d1-omni,5,ood,global,choice,400,1000,1000,0.871,0.8742857807425438,0.3811842004325214,0.19450206264324357,0.00328578074254382,0.011095569368739233,0.015979352628526424,0.021329163855847617,0.01678711230997334,0.02298641295816184,,,,,,,,,1000,0.871,0.8213799191410728,0.3918875896785509,0.1993314040025106,-0.04962008085892722,0.04962008085892715,0.049620080858927135,0.05372864360736251,0.0502713075151696,0.05047441286203711,,,,,,,,,0.0,-0.05290586160147104,0.010703389246029538,0.00482934135926702,-0.05290586160147104,0.038524511490187915,0.03364072823040071,0.03239947975151489,0.033484195205196264,0.027487999903875272,,,,,,,,
d1-omni,5,ood,global,noul,400,1000,1000,0.901,0.9432314204015347,0.2887468860516532,0.16364282690775503,0.042231420401534714,0.042724886807562146,0.04342792972824103,0.05033073260630045,0.05219197965045897,0.052457974139651836,,,,,,,,,1000,0.901,0.9172096338990204,0.2632054096098476,0.15772033572571126,0.016209633899020415,0.018711737934554384,0.02876470046887741,0.03294562351645584,0.026179755425035797,0.02547004819423339,,,,,,,,,0.0,-0.0260217865025143,-0.0255414764418056,-0.005922491182043771,-0.0260217865025143,-0.02401314887300776,-0.014663229259363617,-0.017385109089844614,-0.026012224225423174,-0.026987925945418448,,,,,,,,
d1-omni,5,ood,global,score,400,1000,1000,0.634,0.6350202370484967,0.8107595645039014,0.467473881364578,0.0010202370484967416,0.013176887610125119,0.016725084452484596,0.04182437878468601,0.0208631530906699,0.021981095991194622,,,,,,,0.06876334158367087,0.46693653653180345,1000,0.634,0.5704630903739276,0.8362972854521357,0.4760162882893265,-0.06353690962607239,0.06353690962607239,0.06446549776106908,0.06828934664772146,0.07030738438847055,0.07224162164963807,,,,,,,0.07061896382633079,0.49073531645328694,0.0,-0.06455714667456913,0.025537720948234255,0.008542406924748502,-0.06455714667456913,0.050360022015947276,0.04774041330858449,0.026464967863035448,0.04944423129780065,0.05026052565844345,,,,,,,0.0018556222426599212,0.023798779921483493
d1-omni,5,in-domain,per_type,all,400,1600,1600,0.575625,0.6320857330894725,0.9429665427091146,0.541961050682684,0.056460733089472415,0.06865901412688181,0.0722311997027359,0.08315721915917183,0.07268764283262433,0.07180570452711375,1600,0.36664887907669375,0.1779809947938967,0.5047527580623237,0.07223155812437396,0.5413985105733512,0.15495666590188512,0.7263798179374195,1600,0.575625,0.5987379659653853,0.9325340813020795,0.5303052542161061,0.023112965965385257,0.04813279667354596,0.05315820267377941,0.05539783903569622,0.04716678316961852,0.05542433383787107,1600,0.357492597324243,0.16617608966706585,0.5047527580623237,0.059106180204850055,0.5207387878238178,0.14979503188679621,0.751983263126476,0.0,-0.03334776712408716,-0.010432461407035132,-0.011655796466577883,-0.03334776712408716,-0.020526217453335854,-0.019072997028956484,-0.027759380123475612,-0.02552085966300581,-0.016381370689242683,0,-0.009156281752450757,-0.011804905126830856,0.0,-0.013125377919523902,-0.020659722749533427,-0.005161634015088901,0.02560344518905655
d1-omni,5,in-domain,per_type,choice,400,480,480,0.6083333333333333,0.5722142012970599,0.934963061793056,0.5212733927039493,-0.03611913203627337,0.03611913203627338,0.059329836701944805,0.09935742624812936,0.062340491649869184,0.08303727751345422,480,0.33078742003044537,0.15081629669661634,0.48820009516604485,,,,,480,0.6083333333333333,0.6626395857272424,0.9838217882089102,0.5264760179092123,0.05430625239390907,0.08600837460870692,0.08665896094392098,0.09438614584426677,0.08640991617644016,0.09293405522881715,480,0.5406433485071269,0.1922212721752628,0.48820009516604485,,,,,0.0,0.09042538443018244,0.0488587264158542,0.005202625205262934,0.09042538443018244,0.04988924257243354,0.02732912424197617,-0.004971280403862591,0.024069424526570973,0.009896777715362931,0,0.20985592847668155,0.041404975478646466,0.0,,,,
d1-omni,5,in-domain,per_type,noul,400,480,480,0.7041666666666667,0.7410576816803466,0.550933689067255,0.37873081206764625,0.03689101501367986,0.05151479338916642,0.06163616470682124,0.06631088404295347,0.0368910150136799,0.04524688871266944,480,0.1644524521162337,0.12800502320937496,0.6607194479166666,,,,,480,0.7041666666666667,0.7469577236196532,0.5527772952534161,0.37991984555217434,0.04279105695298646,0.05424601178247612,0.06507470714673315,0.06927761950514785,0.042791056952986475,0.05663635122294133,480,0.16914502451436236,0.13044057408312273,0.6607194479166666,,,,,0.0,0.0059000419393065995,0.0018436061861610842,0.0011890334845280903,0.0059000419393065995,0.002731218393309705,0.0034385424399119083,0.002966735462194378,0.005900041939306579,0.011389462510271883,0,0.004692572398128675,0.002435550873747777,0.0,,,,
d1-omni,5,in-domain,per_type,score,400,640,640,0.4546875,0.5952604204906262,1.242993793627553,0.6798994731280132,0.1405729204906262,0.1460130063966384,0.14601300639663842,0.1536374265873022,0.14314829971141863,0.14384299918011106,640,0.545192293581725,0.23583649705524828,0.40019223784377544,0.07223155812437396,0.5413985105733512,0.15495666590188512,0.7263798179374195,640,0.4546875,0.4396469329032916,1.1788858906584538,0.6459662379442251,-0.015040567096708424,0.049125402451443444,0.057053917487101986,0.06822314653100454,0.04957602166335632,0.055552191019520025,640,0.3613902135444906,0.17344383947387546,0.40019223784377544,0.059106180204850055,0.5207387878238178,0.14979503188679621,0.751983263126476,0.0,-0.15561348758733462,-0.06410790296909918,-0.0339332351837881,-0.15561348758733462,-0.09688760394519494,-0.08895908890953644,-0.08541428005629766,-0.09357227804806231,-0.08829080816059104,0,-0.18380208003723447,-0.06239265758137283,0.0,-0.013125377919523902,-0.020659722749533427,-0.005161634015088901,0.02560344518905655
d1-omni,5,ood,per_type,all,400,3000,3000,0.802,0.8175124793975249,0.49356355032935867,0.27520625697185885,0.01551247939752487,0.020371152227036757,0.024368578066935275,0.02440000903077209,0.021690329742884568,0.027345712840731215,,,,,,,0.06876334158367087,0.46693653653180345,3000,0.802,0.7822817099929372,0.5600988211376696,0.2945918621917527,-0.019718290007062822,0.08368521865873121,0.0836852186587312,0.0837136358980252,0.08467114493825134,0.08539396525327217,,,,,,,0.0795539070243617,0.5495118164243331,0.0,-0.03523076940458769,0.06653527080831095,0.019385605219893853,-0.03523076940458769,0.06331406643169446,0.05931664059179592,0.05931362686725311,0.06298081519536677,0.058048252412540954,,,,,,,0.010790565440690833,0.08257527989252966
d1-omni,5,ood,per_type,choice,400,1000,1000,0.871,0.8742857807425438,0.3811842004325214,0.19450206264324357,0.00328578074254382,0.011095569368739233,0.015979352628526424,0.021329163855847617,0.01678711230997334,0.02298641295816184,,,,,,,,,1000,0.871,0.9301181432555532,0.45248629848809446,0.20280775642076168,0.0591181432555532,0.059225119240607936,0.059225119240608,0.05950932687525991,0.06066076018391394,0.06421422859207912,,,,,,,,,0.0,0.05583236251300938,0.07130209805557308,0.008305693777518108,0.05583236251300938,0.0481295498718687,0.04324576661208157,0.038180163019412294,0.0438736478739406,0.04122781563391728,,,,,,,,
d1-omni,5,ood,per_type,noul,400,1000,1000,0.901,0.9432314204015347,0.2887468860516532,0.16364282690775503,0.042231420401534714,0.042724886807562146,0.04342792972824103,0.05033073260630045,0.05219197965045897,0.052457974139651836,,,,,,,,,1000,0.901,0.9461875098778871,0.29467319029600353,0.16465036419714615,0.04518750987788711,0.045563166873421525,0.046025545219727466,0.052400030367594205,0.055023104672081866,0.055300174969188085,,,,,,,,,0.0,0.002956089476352397,0.005926304244350311,0.001007537289391125,0.002956089476352397,0.002838280065859379,0.0025976154914864394,0.002069297761293755,0.0028311250216228948,0.0028422008295362483,,,,,,,,
d1-omni,5,ood,per_type,score,400,1000,1000,0.634,0.6350202370484967,0.8107595645039014,0.467473881364578,0.0010202370484967416,0.013176887610125119,0.016725084452484596,0.04182437878468601,0.0208631530906699,0.021981095991194622,,,,,,,0.06876334158367087,0.46693653653180345,1000,0.634,0.4705394768453713,0.9331369746289112,0.5163174659573504,-0.16346052315462872,0.16346052315462872,0.16346052315462867,0.16346052315462875,0.166481512626167,0.16688033881327946,,,,,,,0.0795539070243617,0.5495118164243331,0.0,-0.16448076020312546,0.1223774101250098,0.04884358459277238,-0.16448076020312546,0.1502836355445036,0.14673543870214406,0.12163614436994274,0.1456183595354971,0.14489924282208483,,,,,,,0.010790565440690833,0.08257527989252966
d1-omni,5,in-domain,per_task,all,400,1600,1600,0.575625,0.6320857330894725,0.9429665427091146,0.541961050682684,0.056460733089472415,0.06865901412688181,0.0722311997027359,0.08315721915917183,0.07268764283262433,0.07180570452711375,1600,0.36664887907669375,0.1779809947938967,0.5047527580623237,0.07223155812437396,0.5413985105733512,0.15495666590188512,0.7263798179374195,1600,0.575625,0.6013932867653488,0.9264495842671537,0.5316303724779747,0.025768286765348702,0.041213758457709526,0.04346824513504226,0.050497351404543755,0.04562101555665037,0.05202317473383131,1600,0.3516337714628404,0.16673072664135138,0.5047527580623237,0.05777771766936861,0.5098558019039684,0.14767771932558937,0.7446078059993608,0.0,-0.030692446324123712,-0.016516958441960883,-0.010330678204709232,-0.030692446324123712,-0.02744525566917229,-0.028762954567693635,-0.03265986775462808,-0.027066627275973955,-0.019782529793282447,0,-0.015015107613853329,-0.011250268152545317,0.0,-0.014453840455005348,-0.0315427086693828,-0.007278946576295742,0.01822798806194137
d1-omni,5,in-domain,per_task,choice,400,480,480,0.6083333333333333,0.5722142012970599,0.934963061793056,0.5212733927039493,-0.03611913203627337,0.03611913203627338,0.059329836701944805,0.09935742624812936,0.062340491649869184,0.08303727751345422,480,0.33078742003044537,0.15081629669661634,0.48820009516604485,,,,,480,0.6083333333333333,0.665052887465891,0.9671633794927952,0.5211978067119578,0.05671955413255769,0.08322523889101854,0.09363496956795613,0.0974369454339194,0.09288379179496617,0.08340850648739297,480,0.5109199061987658,0.19036182372525648,0.48820009516604485,,,,,0.0,0.09283868616883106,0.03220031769973919,-7.55859919915336e-05,0.09283868616883106,0.047106106854745165,0.03430513286601132,-0.0019204808142099655,0.030543300145096985,0.0003712289739387503,0,0.18013248616832045,0.03954552702864014,0.0,,,,
d1-omni,5,in-domain,per_task,noul,400,480,480,0.7041666666666667,0.7410576816803466,0.550933689067255,0.37873081206764625,0.03689101501367986,0.05151479338916642,0.06163616470682124,0.06631088404295347,0.0368910150136799,0.04524688871266944,480,0.1644524521162337,0.12800502320937496,0.6607194479166666,,,,,480,0.7041666666666667,0.7482956367944806,0.5667567921968693,0.3917493354688712,0.044128970127813916,0.06644332596850555,0.07104026451703833,0.07739911262269897,0.056832028157056416,0.08398697967284144,480,0.1843176243683293,0.13538904267417043,0.6607194479166666,,,,,0.0,0.007237955114134054,0.015823103129614213,0.013018523401224946,0.007237955114134054,0.014928532579339134,0.009404099810217094,0.011088228579745493,0.01994101314337652,0.038740090960171995,0,0.01986517225209561,0.0073840194647954716,0.0,,,,
d1-omni,5,in-domain,per_task,score,400,640,640,0.4546875,0.5952604204906262,1.242993793627553,0.6798994731280132,0.1405729204906262,0.1460130063966384,0.14601300639663842,0.1536374265873022,0.14314829971141863,0.14384299918011106,640,0.545192293581725,0.23583649705524828,0.40019223784377544,0.07223155812437396,0.5413985105733512,0.15495666590188512,0.7263798179374195,640,0.4546875,0.4434718237180931,1.1656838319006364,0.6443655745593151,-0.011215676281906894,0.03532307761041313,0.05645076885242636,0.05618742023292132,0.03808859690735631,0.037339805166959054,640,0.3576562807317797,0.1725136668038083,0.40019223784377544,0.05777771766936861,0.5098558019039684,0.14767771932558937,0.7446078059993608,0.0,-0.1517885967725331,-0.07730996172691662,-0.03553389856869815,-0.1517885967725331,-0.11068992878622526,-0.08956223754421205,-0.09745000635438088,-0.10505970280406232,-0.106503194013152,0,-0.18753601284994537,-0.06332283025143998,0.0,-0.014453840455005348,-0.0315427086693828,-0.007278946576295742,0.01822798806194137
d1-omni,6,in-domain,global,all,400,1600,1600,0.566875,0.6270913182176421,0.9614134153591778,0.5513241106991374,0.06021631821764206,0.0684757542866205,0.07440466197323488,0.08357359252476348,0.07297541775972152,0.07297541775972147,1600,0.3696165882846947,0.1812247581666731,0.49511421072794326,0.07637307648461471,0.560713556720233,0.163859936368127,0.7573940030086999,1600,0.566875,0.5949039672170534,0.9445638201429913,0.5444881158529408,0.02802896721705339,0.04578050511515881,0.048193864939069866,0.05767879110434671,0.04925891456882239,0.051574995572149444,1600,0.3240168445407481,0.166642803144575,0.49511421072794326,0.07047597659373717,0.5441078523761493,0.1594227832799922,0.7546978688927699,0.0,-0.03218735100058867,-0.016849595216186453,-0.00683599484619668,-0.03218735100058867,-0.022695249171461693,-0.026210797034165012,-0.025894801420416773,-0.02371650319089913,-0.021400422187572023,0,-0.0455997437439466,-0.014581955022098109,0.0,-0.005897099890877541,-0.016605704344083705,-0.004437153088134804,-0.002696134115929949
d1-omni,6,in-domain,global,choice,400,480,480,0.6020833333333333,0.5712050633601671,0.9180412954994526,0.5146985385290259,-0.030878269973166228,0.045996608038834756,0.05286681559166138,0.07826937671727863,0.05815602629133511,0.07247157611688487,480,0.32429131045873244,0.14731211086472706,0.4856799573806228,,,,,480,0.6020833333333333,0.5406011606914338,0.9261562615818114,0.5193897171511316,-0.06148217264189948,0.06148217264189961,0.06360978043328432,0.08834813208930035,0.06665123649683667,0.07833049150921349,480,0.2892440807959275,0.13951119909139403,0.4856799573806228,,,,,0.0,-0.03060390266873325,0.008114966082358843,0.004691178622105663,-0.03060390266873325,0.015485564603064855,0.010742964841622939,0.010078755372021728,0.008495210205501563,0.00585891539232862,0,-0.035047229662804935,-0.00780091177333303,0.0,,,,
d1-omni,6,in-domain,global,noul,400,480,480,0.7125,0.7344814635968456,0.5467939503112932,0.37434277875730343,0.021981463596845607,0.04043133043063183,0.04834602857008577,0.060499687710156035,0.022840921968842517,0.03089392931821445,480,0.1633849989044683,0.12793506413983838,0.65749651875,,,,,480,0.7125,0.7105984169069122,0.5447005453144645,0.37260775538868446,-0.0019015830930878552,0.038591041274547176,0.04385970297490083,0.05686072758816561,0.03516170765409681,0.061067945740119554,480,0.14977810589952587,0.12010528528592516,0.65749651875,,,,,0.0,-0.023883046689933463,-0.0020934049968286406,-0.0017350233686189709,-0.023883046689933463,-0.001840289156084654,-0.004486325595184942,-0.0036389601219904213,0.012320785685254295,0.030174016421905106,0,-0.013606893004942444,-0.007829778853913213,0.0,,,,
d1-omni,6,in-domain,global,score,400,640,640,0.43125,0.5884634003263457,1.3049071040398854,0.7115292887830965,0.15721340032634568,0.15959928262096118,0.1602842267165608,0.16637669613733078,0.15908430974997906,0.16017534583521742,640,0.5582842386893362,0.24662651416325873,0.38040316972189114,0.07637307648461471,0.560713556720233,0.163859936368127,0.7573940030086999,640,0.43125,0.5488602348438741,1.2582669451852713,0.69222218522749,0.11761023484387412,0.13134222300827708,0.13648953992134072,0.13871993166486382,0.12744138410208,0.12744138410207997,640,0.48077547133028026,0.22189464457844812,0.38040316972189114,0.07047597659373717,0.5441078523761493,0.1594227832799922,0.7546978688927699,0.0,-0.03960316548247156,-0.046640158854614144,-0.019307103555606497,-0.03960316548247156,-0.0282570596126841,-0.023794686795220094,-0.027656764472466955,-0.031642925647899056,-0.032733961733137446,0,-0.07750876735905593,-0.024731869584810606,0.0,-0.005897099890877541,-0.016605704344083705,-0.004437153088134804,-0.002696134115929949
d1-omni,6,ood,global,all,400,3000,3000,0.802,0.8175124793975249,0.49356355032935867,0.27520625697185885,0.01551247939752487,0.020371152227036757,0.024368578066935275,0.02440000903077209,0.021690329742884568,0.027345712840731215,,,,,,,0.06876334158367087,0.46693653653180345,3000,0.802,0.7898326395863787,0.49177648171844973,0.2755769176903987,-0.01216736041362132,0.020687975842419458,0.02159667096145348,0.022566622797212412,0.02487775287979018,0.02584433263224177,,,,,,,0.0695801258791745,0.48045663293222374,0.0,-0.02767983981114619,-0.0017870686109089373,0.0003706607185398614,-0.02767983981114619,0.00031682361538270046,-0.002771907105481794,-0.0018333862335596779,0.0031874231369056136,-0.0015013802084894445,,,,,,,0.0008167842955036364,0.01352009640042029
d1-omni,6,ood,global,choice,400,1000,1000,0.871,0.8742857807425438,0.3811842004325214,0.19450206264324357,0.00328578074254382,0.011095569368739233,0.015979352628526424,0.021329163855847617,0.01678711230997334,0.02298641295816184,,,,,,,,,1000,0.871,0.8445648683928568,0.38286548279176236,0.19605774992831723,-0.02643513160714317,0.026848831578587397,0.029933952992962483,0.03365664937043121,0.027876443122562503,0.040007215131087605,,,,,,,,,0.0,-0.02972091234968699,0.0016812823592409765,0.0015556872850736592,-0.02972091234968699,0.015753262209848164,0.013954600364436059,0.012327485514583594,0.011089330812589164,0.017020802172925766,,,,,,,,
d1-omni,6,ood,global,noul,400,1000,1000,0.901,0.9432314204015347,0.2887468860516532,0.16364282690775503,0.042231420401534714,0.042724886807562146,0.04342792972824103,0.05033073260630045,0.05219197965045897,0.052457974139651836,,,,,,,,,1000,0.901,0.9288045074125,0.2701504305510957,0.159758180455871,0.027804507412499957,0.029186410308330978,0.03541793201150933,0.040299566410317934,0.037231235019362915,0.03735355823768228,,,,,,,,,0.0,-0.014426912989034757,-0.018596455500557496,-0.003884646451884022,-0.014426912989034757,-0.013538476499231167,-0.0080099977167317,-0.010031166195982516,-0.014960744631096055,-0.015104415901969558,,,,,,,,
d1-omni,6,ood,global,score,400,1000,1000,0.634,0.6350202370484967,0.8107595645039014,0.467473881364578,0.0010202370484967416,0.013176887610125119,0.016725084452484596,0.04182437878468601,0.0208631530906699,0.021981095991194622,,,,,,,0.06876334158367087,0.46693653653180345,1000,0.634,0.5961285429537794,0.8223135318124912,0.4709148226870079,-0.037871457046220636,0.039991652369745265,0.043876059992799615,0.04485807179172211,0.04886087474910895,0.05160364384183964,,,,,,,0.0695801258791745,0.48045663293222374,0.0,-0.03889169409471738,0.011553967308589819,0.0034409413224298913,-0.03889169409471738,0.026814764759620146,0.02715097554031502,0.003033693007036098,0.027997721658439046,0.029622547850645015,,,,,,,0.0008167842955036364,0.01352009640042029
d1-omni,6,in-domain,per_type,all,400,1600,1600,0.566875,0.6270913182176421,0.9614134153591778,0.5513241106991374,0.06021631821764206,0.0684757542866205,0.07440466197323488,0.08357359252476348,0.07297541775972152,0.07297541775972147,1600,0.3696165882846947,0.1812247581666731,0.49511421072794326,0.07637307648461471,0.560713556720233,0.163859936368127,0.7573940030086999,1600,0.566875,0.5990443640567499,0.9307618454869868,0.5365226165126458,0.03216936405674986,0.049395373516538624,0.05321307098715829,0.05494327305747798,0.043591772988589086,0.048860863987963944,1600,0.33022527195306867,0.1646006732310791,0.49511421072794326,0.06533576770435237,0.5316292192196866,0.15611825802662382,0.754081030906676,0.0,-0.0280469541608922,-0.030651569872190976,-0.014801494186491682,-0.0280469541608922,-0.01908038077008188,-0.02119159098607659,-0.028630319467285503,-0.029383644771132436,-0.024114553771757523,0,-0.039391316331626014,-0.016624084935594002,0.0,-0.011037308780262337,-0.029084337500546398,-0.007741678341503189,-0.003312972102023859
d1-omni,6,in-domain,per_type,choice,400,480,480,0.6020833333333333,0.5712050633601671,0.9180412954994526,0.5146985385290259,-0.030878269973166228,0.045996608038834756,0.05286681559166138,0.07826937671727863,0.05815602629133511,0.07247157611688487,480,0.32429131045873244,0.14731211086472706,0.4856799573806228,,,,,480,0.6020833333333333,0.6082289444094885,0.921561852527683,0.5131068089107683,0.0061456110761551885,0.054849494740102145,0.061600084720284415,0.07527237529254713,0.02912791605429424,0.07640500283715015,480,0.3892743243873292,0.1609208093565062,0.4856799573806228,,,,,0.0,0.03702388104932142,0.0035205570282303977,-0.001591729618257598,0.03702388104932142,0.008852886701267389,0.008733269128623038,-0.002997001424731499,-0.02902811023704087,0.003933426720265282,0,0.06498301392859673,0.013608698491779148,0.0,,,,
d1-omni,6,in-domain,per_type,noul,400,480,480,0.7125,0.7344814635968456,0.5467939503112932,0.37434277875730343,0.021981463596845607,0.04043133043063183,0.04834602857008577,0.060499687710156035,0.022840921968842517,0.03089392931821445,480,0.1633849989044683,0.12793506413983838,0.65749651875,,,,,480,0.7125,0.7143287894710253,0.5446598494474979,0.3726969221187519,0.0018287894710252717,0.03835411267939244,0.044068927274500805,0.05688262344809077,0.03784712386567454,0.04922376028375946,480,0.15142463387595803,0.12114421218033179,0.65749651875,,,,,0.0,-0.020152674125820336,-0.002134100863795285,-0.001645856638551546,-0.020152674125820336,-0.0020772177512393894,-0.004277101295584965,-0.0036170642620652615,0.015006201896832026,0.01832983096554501,0,-0.011960365028510278,-0.006790851959506586,0.0,,,,
d1-omni,6,in-domain,per_type,score,400,640,640,0.43125,0.5884634003263457,1.3049071040398854,0.7115292887830965,0.15721340032634568,0.15959928262096118,0.1602842267165608,0.16637669613733078,0.15908430974997906,0.16017534583521742,640,0.5582842386893362,0.24662651416325873,0.38040316972189114,0.07637307648461471,0.560713556720233,0.163859936368127,0.7573940030086999,640,0.43125,0.5056926097314893,1.2272383372360811,0.6769537430094741,0.0744426097314893,0.09408460136175845,0.10029874527479396,0.10292582790681697,0.08774921685685505,0.08905705596013706,640,0.42003896118520617,0.19995291692506925,0.38040316972189114,0.06533576770435237,0.5316292192196866,0.15611825802662382,0.754081030906676,0.0,-0.08277079059485637,-0.0776687668038043,-0.03457554577362243,-0.08277079059485637,-0.06551468125920273,-0.05998548144176685,-0.06345086823051381,-0.07133509289312401,-0.07111828987508036,0,-0.13824527750413002,-0.04667359723818948,0.0,-0.011037308780262337,-0.029084337500546398,-0.007741678341503189,-0.003312972102023859
d1-omni,6,ood,per_type,all,400,3000,3000,0.802,0.8175124793975249,0.49356355032935867,0.27520625697185885,0.01551247939752487,0.020371152227036757,0.024368578066935275,0.02440000903077209,0.021690329742884568,0.027345712840731215,,,,,,,0.06876334158367087,0.46693653653180345,3000,0.802,0.7950181184159425,0.5064629266228557,0.27928251692930595,-0.006981881584057548,0.03791008585308082,0.03831255140550255,0.038107727322518804,0.03858838009829795,0.04186410287217623,,,,,,,0.07166406852864718,0.49899902337695584,0.0,-0.022494360981582417,0.012899376293497078,0.004076259957447093,-0.022494360981582417,0.01753893362604406,0.013943973338567273,0.013707718291746714,0.016898050355413384,0.014518390031445012,,,,,,,0.0029007269449763118,0.032062486845152394
d1-omni,6,ood,per_type,choice,400,1000,1000,0.871,0.8742857807425438,0.3811842004325214,0.19450206264324357,0.00328578074254382,0.011095569368739233,0.015979352628526424,0.021329163855847617,0.01678711230997334,0.02298641295816184,,,,,,,,,1000,0.871,0.9021040376036278,0.3974549202876369,0.19637405814901973,0.031104037603627788,0.0311040376036279,0.03135020887546421,0.03151644843303975,0.031104037603627885,0.03846953950007094,,,,,,,,,0.0,0.027818256861083968,0.016270719855115523,0.0018719955057761584,0.027818256861083968,0.020008468234888666,0.015370856246937788,0.010187284577192136,0.014316925293654546,0.0154831265419091,,,,,,,,
d1-omni,6,ood,per_type,noul,400,1000,1000,0.901,0.9432314204015347,0.2887468860516532,0.16364282690775503,0.042231420401534714,0.042724886807562146,0.04342792972824103,0.05033073260630045,0.05219197965045897,0.052457974139651836,,,,,,,,,1000,0.901,0.9313129596967479,0.27242653530224786,0.16031938956379072,0.030312959696747854,0.03150111104208424,0.03684852079345196,0.04201952182323001,0.040770280403096826,0.03964058832803902,,,,,,,,,0.0,-0.01191846070478686,-0.016320350749405355,-0.003323437343964314,-0.01191846070478686,-0.011223775765477909,-0.0065794089347890675,-0.008311210783070441,-0.011421699247362145,-0.01281738581161282,,,,,,,,
d1-omni,6,ood,per_type,score,400,1000,1000,0.634,0.6350202370484967,0.8107595645039014,0.467473881364578,0.0010202370484967416,0.013176887610125119,0.016725084452484596,0.04182437878468601,0.0208631530906699,0.021981095991194622,,,,,,,0.06876334158367087,0.46693653653180345,1000,0.634,0.5516373579474521,0.8495073242786823,0.4811541030751074,-0.08236264205254795,0.08236264205254787,0.08236264205254787,0.08777512264419358,0.08347350187790381,0.08950558920240963,,,,,,,0.07166406852864718,0.49899902337695584,0.0,-0.0833828791010447,0.03874775977478084,0.013680221710529405,-0.0833828791010447,0.06918575444242275,0.06563755760006328,0.04595074385950757,0.06261034878723391,0.06752449321121501,,,,,,,0.0029007269449763118,0.032062486845152394
d1-omni,6,in-domain,per_task,all,400,1600,1600,0.566875,0.6270913182176421,0.9614134153591778,0.5513241106991374,0.06021631821764206,0.0684757542866205,0.07440466197323488,0.08357359252476348,0.07297541775972152,0.07297541775972147,1600,0.3696165882846947,0.1812247581666731,0.49511421072794326,0.07637307648461471,0.560713556720233,0.163859936368127,0.7573940030086999,1600,0.566875,0.6128716341348717,0.952483292986249,0.5435337034543498,0.04599663413487165,0.054992265465951116,0.060989785071339016,0.06980343035663389,0.04755224729619747,0.05948448687996195,1600,0.37449357025165014,0.17398239347371208,0.49511421072794326,0.06663864135607518,0.5350473912381014,0.15652995265654795,0.7523898287957722,0.0,-0.014219684082770412,-0.008930122372928784,-0.007790407244787634,-0.014219684082770412,-0.013483488820669388,-0.013414876901895863,-0.013770162168129596,-0.025423170463524054,-0.01349093087975952,0,0.004876981966955463,-0.007242364692961023,0.0,-0.009734435128539526,-0.02566616548213163,-0.007329983711579058,-0.005004174212927648
d1-omni,6,in-domain,per_task,choice,400,480,480,0.6020833333333333,0.5712050633601671,0.9180412954994526,0.5146985385290259,-0.030878269973166228,0.045996608038834756,0.05286681559166138,0.07826937671727863,0.05815602629133511,0.07247157611688487,480,0.32429131045873244,0.14731211086472706,0.4856799573806228,,,,,480,0.6020833333333333,0.6259946325752073,0.9204824139443689,0.5065213422946491,0.023911299241873962,0.05325290818630323,0.05443121774703184,0.06112039661298914,0.034513903626362086,0.06489117272520345,480,0.4018490534719344,0.16691291083594115,0.4856799573806228,,,,,0.0,0.05478956921504019,0.002441118444916346,-0.008177196234376849,0.05478956921504019,0.007256300147468475,0.001564402155370466,-0.017148980104289488,-0.023642122664973023,-0.007580403391681423,0,0.07755774301320195,0.019600799971214083,0.0,,,,
d1-omni,6,in-domain,per_task,noul,400,480,480,0.7125,0.7344814635968456,0.5467939503112932,0.37434277875730343,0.021981463596845607,0.04043133043063183,0.04834602857008577,0.060499687710156035,0.022840921968842517,0.03089392931821445,480,0.1633849989044683,0.12793506413983838,0.65749651875,,,,,480,0.7125,0.7157374148804388,0.5805896636401197,0.38953156721910603,0.003237414880438827,0.064897209073107,0.07880312091740166,0.07918634762473512,0.07382213871072538,0.07988444757624683,480,0.21691920512739285,0.1346010785686394,0.65749651875,,,,,0.0,-0.01874404871640678,0.03379571332882647,0.015188788461802605,-0.01874404871640678,0.024465878642475174,0.03045709234731589,0.01868665991457908,0.05098121674188286,0.04899051825803238,0,0.05353420622292454,0.00666601442880102,0.0,,,,
d1-omni,6,in-domain,per_task,score,400,640,640,0.43125,0.5884634003263457,1.3049071040398854,0.7115292887830965,0.15721340032634568,0.15959928262096118,0.1602842267165608,0.16637669613733078,0.15908430974997906,0.16017534583521742,640,0.5582842386893362,0.24662651416325873,0.38040316972189114,0.07637307648461471,0.560713556720233,0.163859936368127,0.7573940030086999,640,0.43125,0.5258800497454444,1.2554041742772561,0.6867945765005582,0.09463004974544442,0.09884438550124106,0.11067381837296308,0.12169217314208201,0.09879212834335192,0.1125176351818148,640,0.47215773167962993,0.20882049163084487,0.38040316972189114,0.06663864135607518,0.5350473912381014,0.15652995265654795,0.7523898287957722,0.0,-0.06258335058090125,-0.049502929762629266,-0.024734712282538318,-0.06258335058090125,-0.060754897119720125,-0.04961040834359773,-0.04468452299524876,-0.060292181406627135,-0.047657710653402616,0,-0.08612650700970625,-0.03780602253241386,0.0,-0.009734435128539526,-0.02566616548213163,-0.007329983711579058,-0.005004174212927648
d1-omni,7,in-domain,global,all,400,1600,1600,0.56625,0.6285518926755811,0.9555209030786996,0.5504649035009146,0.06230189267558106,0.06726069016557679,0.0755618242725189,0.08425790976130287,0.07615456689120054,0.07615456689120054,1600,0.3700824991866763,0.18277057430824936,0.5000999496719072,0.07501409887259956,0.5552649477236675,0.16029778960849023,0.74863428375031,1600,0.56625,0.5907591938812663,0.9375016476134652,0.5428264010742727,0.024509193881266267,0.03887645363502126,0.04706327531725235,0.052967501799223375,0.04230910955878332,0.04243369375977035,1600,0.3193078328068252,0.16649990657120964,0.5000999496719072,0.06885093710015189,0.5400924883015352,0.1558872374099637,0.7483313582441558,0.0,-0.037792698794314794,-0.01801925546523442,-0.00763850242664188,-0.037792698794314794,-0.028384236530555523,-0.028498548955266545,-0.0312904079620795,-0.033845457332417214,-0.033720873131430185,0,-0.05077466637985112,-0.016270667737039723,0.0,-0.006163161772447676,-0.0151724594221323,-0.004410552198526513,-0.0003029255061542946
d1-omni,7,in-domain,global,choice,400,480,480,0.6,0.5685558184703355,0.9224442820403643,0.5170452068749166,-0.03144418152966444,0.04104872967658715,0.0555866211682338,0.07470916195501552,0.05978418674089378,0.05921912060371923,480,0.32775600366498947,0.15119017103867327,0.4852567342570212,,,,,480,0.6,0.5326029934469606,0.9328378033631578,0.5233576962782783,-0.06739700655303937,0.07007657559068567,0.08185259011962225,0.0919013834694235,0.07407862032106277,0.07455485060845203,480,0.2892248115823836,0.14257017983743062,0.4852567342570212,,,,,0.0,-0.035952825023374935,0.010393521322793475,0.00631248940336171,-0.035952825023374935,0.029027845914098516,0.026265968951388448,0.017192221514407982,0.014294433580168991,0.015335730004732803,0,-0.03853119208260586,-0.008619991201242655,0.0,,,,
d1-omni,7,in-domain,global,noul,400,480,480,0.6979166666666666,0.7375071281489606,0.5576792503300771,0.38379780492492216,0.03959046148229395,0.04340495398112882,0.0700175383981938,0.05829460637178271,0.03959046148229389,0.045930484860825044,480,0.16817673724568813,0.1321545553377737,0.6583652645833333,,,,,480,0.6979166666666666,0.7093296778993851,0.5530802070979289,0.3800944349809902,0.011413011232718429,0.03806863987406575,0.061591458574494086,0.0517157694939025,0.036440165125479825,0.04577844263890154,480,0.15257692889832383,0.12296536273960725,0.6583652645833333,,,,,0.0,-0.02817745024957552,-0.004599043232148214,-0.0037033699439319445,-0.02817745024957552,-0.0053363141070630685,-0.008426079823699716,-0.006578836877880211,-0.0031502963568140682,-0.00015204222192350542,0,-0.015599808347364297,-0.00918919259816646,0.0,,,,
d1-omni,7,in-domain,global,score,400,640,640,0.4421875,0.5918325217244806,1.278709608418918,0.7005299999024073,0.14964502172448063,0.1581320596863559,0.16232699728140565,0.16053879416891934,0.16047728494846897,0.160477284948469,640,0.5532566922836825,0.2444178909882882,0.39253337504950203,0.07501409887259956,0.5552649477236675,0.16029778960849023,0.74863428375031,640,0.4421875,0.5454484811934066,1.229315611187848,0.6794769042412303,0.1032609811934066,0.12436146136392875,0.12436146136392877,0.1255836994813279,0.12154304162181621,0.12290551459012193,640,0.4669182766565324,0.21709810949524572,0.39253337504950203,0.06885093710015189,0.5400924883015352,0.1558872374099637,0.7483313582441558,0.0,-0.04638404053107403,-0.049393997231069964,-0.021053095661176968,-0.04638404053107403,-0.03377059832242715,-0.03796553591747688,-0.03495509468759145,-0.038934243326652754,-0.037571770358347065,0,-0.08633841562715006,-0.027319781493042483,0.0,-0.006163161772447676,-0.0151724594221323,-0.004410552198526513,-0.0003029255061542946
d1-omni,7,ood,global,all,400,3000,3000,0.802,0.8175124793975249,0.49356355032935867,0.27520625697185885,0.01551247939752487,0.020371152227036757,0.024368578066935275,0.02440000903077209,0.021690329742884568,0.027345712840731215,,,,,,,0.06876334158367087,0.46693653653180345,3000,0.802,0.7845736608644752,0.49271220700429585,0.27598687585141596,-0.017426339135524826,0.02375024603479895,0.024816067047332538,0.025823556289240015,0.02673068661163347,0.027884010405870133,,,,,,,0.06981798114851978,0.48311599335857336,0.0,-0.032938818533049696,-0.0008513433250628144,0.0007806188795571045,-0.032938818533049696,0.0033790938077621936,0.00044748898039726273,0.0014235472584679248,0.005040356868748902,0.0005382975651389184,,,,,,,0.0010546395648489137,0.01617945682676991
d1-omni,7,ood,global,choice,400,1000,1000,0.871,0.8742857807425438,0.3811842004325214,0.19450206264324357,0.00328578074254382,0.011095569368739233,0.015979352628526424,0.021329163855847617,0.01678711230997334,0.02298641295816184,,,,,,,,,1000,0.871,0.8386288423261113,0.3846627556990023,0.1967360347642679,-0.03237115767388865,0.03237115767388856,0.03306293976021133,0.037865162862013836,0.03448885590651564,0.03849726619553968,,,,,,,,,0.0,-0.03565693841643247,0.0034785552664809427,0.00223397212102433,-0.03565693841643247,0.021275588305149327,0.017083587131684907,0.01653599900616622,0.0177017435965423,0.015510853237377838,,,,,,,,
d1-omni,7,ood,global,noul,400,1000,1000,0.901,0.9432314204015347,0.2887468860516532,0.16364282690775503,0.042231420401534714,0.042724886807562146,0.04342792972824103,0.05033073260630045,0.05219197965045897,0.052457974139651836,,,,,,,,,1000,0.901,0.9258630456579388,0.26787277479718563,0.15915656868646952,0.02486304565793873,0.026493979363239297,0.033732299582913,0.038302546405402836,0.03470081643661939,0.03511353967999421,,,,,,,,,0.0,-0.017368374743595982,-0.020874111254467587,-0.004486258221285511,-0.017368374743595982,-0.01623090744432285,-0.009695630145328024,-0.012028186200897614,-0.017491163213839582,-0.017344434459657623,,,,,,,,
d1-omni,7,ood,global,score,400,1000,1000,0.634,0.6350202370484967,0.8107595645039014,0.467473881364578,0.0010202370484967416,0.013176887610125119,0.016725084452484596,0.04182437878468601,0.0208631530906699,0.021981095991194622,,,,,,,0.06876334158367087,0.46693653653180345,1000,0.634,0.5892290946093756,0.8256010905166996,0.4720680241035103,-0.04477090539062445,0.04716234537981442,0.051945338023718673,0.05407387460858291,0.052631231902686024,0.05566662583517664,,,,,,,0.06981798114851978,0.48311599335857336,0.0,-0.04579114243912119,0.0148415260127982,0.004594142738932272,-0.04579114243912119,0.033985457769689295,0.03522025357123408,0.012249495823896894,0.031768078812016126,0.033685529843982015,,,,,,,0.0010546395648489137,0.01617945682676991
d1-omni,7,in-domain,per_type,all,400,1600,1600,0.56625,0.6285518926755811,0.9555209030786996,0.5504649035009146,0.06230189267558106,0.06726069016557679,0.0755618242725189,0.08425790976130287,0.07615456689120054,0.07615456689120054,1600,0.3700824991866763,0.18277057430824936,0.5000999496719072,0.07501409887259956,0.5552649477236675,0.16029778960849023,0.74863428375031,1600,0.56625,0.6008454528352307,0.926869259975123,0.5358533017204025,0.03459545283523069,0.055483167353086435,0.05548316735308643,0.055483167353086484,0.05254210276395591,0.052166296020094,1600,0.3296049688724932,0.1672619321429543,0.5000999496719072,0.06292733665812042,0.5301723988659433,0.15294646344945625,0.7542405665392984,0.0,-0.027706439840350372,-0.028651643103576596,-0.014611601780512129,-0.027706439840350372,-0.011777522812490351,-0.020078656919432468,-0.02877474240821639,-0.023612464127244624,-0.02398827087110654,0,-0.04047753031418311,-0.015508642165295072,0.0,-0.012086762214479144,-0.025092548857724273,-0.007351326159033972,0.005606282788988337
d1-omni,7,in-domain,per_type,choice,400,480,480,0.6,0.5685558184703355,0.9224442820403643,0.5170452068749166,-0.03144418152966444,0.04104872967658715,0.0555866211682338,0.07470916195501552,0.05978418674089378,0.05921912060371923,480,0.32775600366498947,0.15119017103867327,0.4852567342570212,,,,,480,0.6,0.6053920473257196,0.9259087343768154,0.5149980108740451,0.005392047325719629,0.03312392425582054,0.040874420412137305,0.07167422577693923,0.03556713960557781,0.06159735590184934,480,0.3908630771070546,0.16454505541000494,0.4852567342570212,,,,,0.0,0.03683622885538407,0.003464452336451096,-0.002047196000871554,0.03683622885538407,-0.007924805420766616,-0.014712200756096493,-0.003034936178076292,-0.024217047135315972,0.0023782352981301103,0,0.06310707344206512,0.013354884371331671,0.0,,,,
d1-omni,7,in-domain,per_type,noul,400,480,480,0.6979166666666666,0.7375071281489606,0.5576792503300771,0.38379780492492216,0.03959046148229395,0.04340495398112882,0.0700175383981938,0.05829460637178271,0.03959046148229389,0.045930484860825044,480,0.16817673724568813,0.1321545553377737,0.6583652645833333,,,,,480,0.6979166666666666,0.7566458122263333,0.5661065398976661,0.38860857665349474,0.058729145559666684,0.058729145559666567,0.08126822944370322,0.0707877272405774,0.05983222398909217,0.07013822555413556,480,0.18534053317749014,0.1406216426013843,0.6583652645833333,,,,,0.0,0.019138684077372736,0.00842728956758898,0.004810771728572583,0.019138684077372736,0.015324191578537746,0.011250691045509423,0.012493120868794692,0.02024176250679828,0.02420774069331051,0,0.017163795931802006,0.00846708726361059,0.0,,,,
d1-omni,7,in-domain,per_type,score,400,640,640,0.4421875,0.5918325217244806,1.278709608418918,0.7005299999024073,0.14964502172448063,0.1581320596863559,0.16232699728140565,0.16053879416891934,0.16047728494846897,0.160477284948469,640,0.5532566922836825,0.2444178909882882,0.39253337504950203,0.07501409887259956,0.5552649477236675,0.16029778960849023,0.74863428375031,640,0.4421875,0.4805852374240372,1.1981616942319466,0.6619283136553512,0.03839773742403718,0.06780795764699497,0.067807957646995,0.0744888753005991,0.07074655427008965,0.06925203281497194,640,0.39185971446782436,0.18927980684884377,0.39253337504950203,0.06292733665812042,0.5301723988659433,0.15294646344945625,0.7542405665392984,0.0,-0.11124728430044345,-0.08054791418697138,-0.038601686247056066,-0.11124728430044345,-0.09032410203936093,-0.09451903963441065,-0.08604991886832024,-0.08973073067837932,-0.09122525213349705,0,-0.1613969778158581,-0.05513808413944443,0.0,-0.012086762214479144,-0.025092548857724273,-0.007351326159033972,0.005606282788988337
d1-omni,7,ood,per_type,all,400,3000,3000,0.802,0.8175124793975249,0.49356355032935867,0.27520625697185885,0.01551247939752487,0.020371152227036757,0.024368578066935275,0.02440000903077209,0.021690329742884568,0.027345712840731215,,,,,,,0.06876334158367087,0.46693653653180345,3000,0.802,0.7917068156318131,0.5280676522422016,0.2851494106701211,-0.010293184368186936,0.057725235598054765,0.05785037625449673,0.05795422385508342,0.05873819661622395,0.05977668366620055,,,,,,,0.07396030815046274,0.5147960098244084,0.0,-0.025805663765711806,0.03450410191284298,0.009943153698262264,-0.025805663765711806,0.037354083371018004,0.03348179818756146,0.033554214824311326,0.037047866873339386,0.032430970825469335,,,,,,,0.005196966566791875,0.04785947329260498
d1-omni,7,ood,per_type,choice,400,1000,1000,0.871,0.8742857807425438,0.3811842004325214,0.19450206264324357,0.00328578074254382,0.011095569368739233,0.015979352628526424,0.021329163855847617,0.01678711230997334,0.02298641295816184,,,,,,,,,1000,0.871,0.9019645025172957,0.39730549678595023,0.19635489787037871,0.030964502517295656,0.03096450251729559,0.03121272740109924,0.031380239658608367,0.030964502517295593,0.03835273522939607,,,,,,,,,0.0,0.027678721774751835,0.01612129635342885,0.0018528352271351411,0.027678721774751835,0.019868933148556357,0.015233374772572816,0.01005107580276075,0.014177390207322255,0.015366322271234231,,,,,,,,
d1-omni,7,ood,per_type,noul,400,1000,1000,0.901,0.9432314204015347,0.2887468860516532,0.16364282690775503,0.042231420401534714,0.042724886807562146,0.04342792972824103,0.05033073260630045,0.05219197965045897,0.052457974139651836,,,,,,,,,1000,0.901,0.9523700852707837,0.3106059551934982,0.16702081843050784,0.05137008527078368,0.05156163230675953,0.0518158812217306,0.05667111577366742,0.0577244046190657,0.05957521995844646,,,,,,,,,0.0,0.00913866486924897,0.02185906914184499,0.00337799152275281,0.00913866486924897,0.008836745499197385,0.008387951493489573,0.0063403831673669725,0.005532424968606731,0.007117245818794624,,,,,,,,
d1-omni,7,ood,per_type,score,400,1000,1000,0.634,0.6350202370484967,0.8107595645039014,0.467473881364578,0.0010202370484967416,0.013176887610125119,0.016725084452484596,0.04182437878468601,0.0208631530906699,0.021981095991194622,,,,,,,0.06876334158367087,0.46693653653180345,1000,0.634,0.52078585910736,0.8762915047471564,0.4920725157094767,-0.11321414089264004,0.11321414089264,0.11326087782781326,0.11342368994946145,0.11561486186312543,0.11920740283269149,,,,,,,0.07396030815046274,0.5147960098244084,0.0,-0.11423437794113678,0.06553194024325504,0.024598634344898673,-0.11423437794113678,0.10003725328251488,0.09653579337532867,0.07159931116477544,0.09475170877245553,0.09722630684149687,,,,,,,0.005196966566791875,0.04785947329260498
d1-omni,7,in-domain,per_task,all,400,1600,1600,0.56625,0.6285518926755811,0.9555209030786996,0.5504649035009146,0.06230189267558106,0.06726069016557679,0.0755618242725189,0.08425790976130287,0.07615456689120054,0.07615456689120054,1600,0.3700824991866763,0.18277057430824936,0.5000999496719072,0.07501409887259956,0.5552649477236675,0.16029778960849023,0.74863428375031,1600,0.56625,0.6184955649484073,0.9410128773488811,0.5396342002419668,0.052245564948407264,0.06460157198717154,0.06677581850522128,0.06748879242167488,0.06455699544631749,0.06455699544631749,1600,0.3757400532470356,0.17735670674405107,0.5000999496719072,0.06395953114402037,0.5262631025990521,0.15204945248969678,0.7471084283782884,0.0,-0.010056327727173797,-0.014508025729818574,-0.01083070325894775,-0.010056327727173797,-0.002659118178405251,-0.008786005767297614,-0.016769117339627992,-0.011597571444883048,-0.011597571444883048,0,0.005657554060359282,-0.005413867564198288,0.0,-0.011054567728579198,-0.029001845124615455,-0.008248337118793442,-0.0015258553720216561
d1-omni,7,in-domain,per_task,choice,400,480,480,0.6,0.5685558184703355,0.9224442820403643,0.5170452068749166,-0.03144418152966444,0.04104872967658715,0.0555866211682338,0.07470916195501552,0.05978418674089378,0.05921912060371923,480,0.32775600366498947,0.15119017103867327,0.4852567342570212,,,,,480,0.6,0.6153567319156198,0.9040871120844334,0.507248632450017,0.015356731915619815,0.063117077481328,0.07190630999246418,0.0718750579894332,0.06266137197103216,0.06081636580271052,480,0.3887331823327197,0.16938978040443586,0.4852567342570212,,,,,0.0,0.04680091344528425,-0.018357169955930952,-0.009796574424899673,0.04680091344528425,0.022068347804740845,0.016319688824230384,-0.002834103965582327,0.002877185230138385,0.0015972451989912928,0,0.060977178667730225,0.018199609365762592,0.0,,,,
d1-omni,7,in-domain,per_task,noul,400,480,480,0.6979166666666666,0.7375071281489606,0.5576792503300771,0.38379780492492216,0.03959046148229395,0.04340495398112882,0.0700175383981938,0.05829460637178271,0.03959046148229389,0.045930484860825044,480,0.16817673724568813,0.1321545553377737,0.6583652645833333,,,,,480,0.6979166666666666,0.7660483807493089,0.6272350289642534,0.39839578913440715,0.06813171408264229,0.06813171408264217,0.0803063155562833,0.09508448508710898,0.06813171408264225,0.07890599476128221,480,0.29930552197879207,0.15427118795457045,0.6583652645833333,,,,,0.0,0.028541252600348344,0.06955577863417628,0.014597984209484993,0.028541252600348344,0.024726760101513347,0.010288777158089499,0.036789878715326275,0.028541252600348357,0.03297550990045717,0,0.13112878473310394,0.02211663261679675,0.0,,,,
d1-omni,7,in-domain,per_task,score,400,640,640,0.4421875,0.5918325217244806,1.278709608418918,0.7005299999024073,0.14964502172448063,0.1581320596863559,0.16232699728140565,0.16053879416891934,0.16047728494846897,0.160477284948469,640,0.5532566922836825,0.2444178909882882,0.39253337504950203,0.07501409887259956,0.5552649477236675,0.16029778960849023,0.74863428375031,640,0.4421875,0.5101850778723216,1.2040405875856874,0.669852184416599,0.06799757787232158,0.07836920712788623,0.10165496465660334,0.09471608113012685,0.07995160042789307,0.07995160042789304,640,0.423321104883955,0.20064604059087293,0.39253337504950203,0.06395953114402037,0.5262631025990521,0.15204945248969678,0.7471084283782884,0.0,-0.08164744385215905,-0.07466902083323057,-0.03067781548580828,-0.08164744385215905,-0.07976285255846968,-0.06067203262480231,-0.06582271303879249,-0.0805256845205759,-0.08052568452057596,0,-0.12993558739972744,-0.04377185039741527,0.0,-0.011054567728579198,-0.029001845124615455,-0.008248337118793442,-0.0015258553720216561
d1-omni,8,in-domain,global,all,400,1600,1600,0.5775,0.6293161234903298,0.9403112854962586,0.5400519344723476,0.051816123490329824,0.06238492285308105,0.06637338763655723,0.0767334644312959,0.0672273292076653,0.0654303677272539,1600,0.36096842942735075,0.17797899149766555,0.5056145299156658,0.07300572864636731,0.5423049019371415,0.15806936652396594,0.738875966301565,1600,0.5775,0.5663380211801551,0.9231544004242969,0.532690920090451,-0.011161978819844931,0.020735662297382253,0.02456921676859032,0.026317250840502963,0.02398218445349549,0.02280343279550973,1600,0.29088701810501544,0.1549039525077608,0.5056145299156658,0.06399002123187245,0.5217268884843848,0.15236103260352526,0.7429676731404877,0.0,-0.06297810231017476,-0.01715688507196178,-0.0073610143818965135,-0.06297810231017476,-0.0416492605556988,-0.04180417086796691,-0.050416213590792944,-0.04324514475416981,-0.04262693493174417,0,-0.07008141132233531,-0.02307503898990476,0.0,-0.009015707414494867,-0.020578013452756783,-0.005708333920440678,0.004091706838922682
d1-omni,8,in-domain,global,choice,400,480,480,0.6125,0.5719986597273627,0.9092139480096788,0.5105038235771197,-0.0405013402726373,0.04994962108192736,0.08041730111217997,0.08380506303127831,0.07027275996986039,0.05439434943036326,480,0.3160147679148402,0.14674862822828916,0.4973879980896568,,,,,480,0.6125,0.5118876807903319,0.9353240516819497,0.5235553718480254,-0.10061231920966818,0.10061231920966812,0.10802917621550064,0.11104947384613763,0.10254628091262964,0.10871597058259165,480,0.2667655804367529,0.13564556455732518,0.4973879980896568,,,,,0.0,-0.06011097893703088,0.026110103672270846,0.01305154827090571,-0.06011097893703088,0.05066269812774076,0.027611875103320666,0.027244410814859316,0.03227352094276925,0.05432162115222839,0,-0.049249187478087264,-0.011103063670963975,0.0,,,,
d1-omni,8,in-domain,global,noul,400,480,480,0.7145833333333333,0.7387027124136997,0.5444094833634456,0.371422843438335,0.02411937908036632,0.025168614046803373,0.03769825671721871,0.040755741092531626,0.026017737345925246,0.03437118290069826,480,0.16551153536605942,0.1285103720384275,0.6643242979166667,,,,,480,0.7145833333333333,0.6908688986669708,0.5450733509609665,0.3707657123665431,-0.023714434666362583,0.023714434666362513,0.047554483477416414,0.03562319799574043,0.03125626527310935,0.030754897385082858,480,0.14536294150616005,0.11615432200138635,0.6643242979166667,,,,,0.0,-0.047833813746728904,0.0006638675975209063,-0.0006571310717918832,-0.047833813746728904,-0.0014541793804408593,0.009856226760197706,-0.005132543096791196,0.005238527927184107,-0.0036162855156154014,0,-0.020148593859899366,-0.012356050037041141,0.0,,,,
d1-omni,8,in-domain,global,score,400,640,640,0.4484375,0.5902642796200281,1.2605606402108034,0.6886848359192779,0.14182677962002815,0.14182677962002813,0.1418267796200281,0.1510198074271355,0.14325409491214028,0.14206903897993287,640,0.5412763461077021,0.23850322854412634,0.3927521027844219,0.07300572864636731,0.5423049019371415,0.15806936652396594,0.738875966301565,640,0.4484375,0.5137776183574106,1.1975879490785548,0.6609864870652011,0.06534011835741066,0.08057461126765521,0.08057461126765521,0.08719452926478063,0.07890279109885272,0.07630862737799718,640,0.41812115380535386,0.19840996635036828,0.3927521027844219,0.06399002123187245,0.5217268884843848,0.15236103260352526,0.7429676731404877,0.0,-0.0764866612626175,-0.06297269113224857,-0.027698348854076738,-0.0764866612626175,-0.06125216835237292,-0.06125216835237289,-0.06382527816235486,-0.06435130381328756,-0.06576041160193569,0,-0.12315519230234828,-0.040093262193758056,0.0,-0.009015707414494867,-0.020578013452756783,-0.005708333920440678,0.004091706838922682
d1-omni,8,ood,global,all,400,3000,3000,0.802,0.8175124793975249,0.49356355032935867,0.27520625697185885,0.01551247939752487,0.020371152227036757,0.024368578066935275,0.02440000903077209,0.021690329742884568,0.027345712840731215,,,,,,,0.06876334158367087,0.46693653653180345,3000,0.802,0.7591540493584834,0.5016418717778118,0.2793563303868785,-0.04284595064151664,0.04284595064151658,0.04284595064151657,0.042845950641516604,0.0432843793546857,0.0454295402373518,,,,,,,0.0712922969149852,0.4961779323769463,0.0,-0.05835843003904151,0.008078321448453163,0.004150073415019662,-0.05835843003904151,0.02247479841447982,0.018477372574581295,0.018445941610744514,0.021594049611801135,0.018083827396620587,,,,,,,0.0025289553313143365,0.029241395845142848
d1-omni,8,ood,global,choice,400,1000,1000,0.871,0.8742857807425438,0.3811842004325214,0.19450206264324357,0.00328578074254382,0.011095569368739233,0.015979352628526424,0.021329163855847617,0.01678711230997334,0.02298641295816184,,,,,,,,,1000,0.871,0.8088199171034379,0.3987128644076205,0.20177577756609175,-0.06218008289656207,0.06218008289656209,0.06218008289656213,0.06482552316074687,0.06489182458674267,0.06443767362460444,,,,,,,,,0.0,-0.06546586363910589,0.017528663975099112,0.0072737149228481734,-0.06546586363910589,0.05108451352782286,0.0462007302680357,0.04349635930489926,0.04810471227676933,0.0414512606664426,,,,,,,,
d1-omni,8,ood,global,noul,400,1000,1000,0.901,0.9432314204015347,0.2887468860516532,0.16364282690775503,0.042231420401534714,0.042724886807562146,0.04342792972824103,0.05033073260630045,0.05219197965045897,0.052457974139651836,,,,,,,,,1000,0.901,0.9108124737465507,0.26131827723024403,0.15695801459171851,0.009812473746550698,0.014599743639764217,0.025122489452621674,0.029723001999717783,0.01959487406620244,0.021412157886853175,,,,,,,,,0.0,-0.032418946654984016,-0.027428608821409184,-0.006684812316036515,-0.032418946654984016,-0.028125143167797927,-0.018305440275619353,-0.020607730606582667,-0.03259710558425653,-0.03104581625279866,,,,,,,,
d1-omni,8,ood,global,score,400,1000,1000,0.634,0.6350202370484967,0.8107595645039014,0.467473881364578,0.0010202370484967416,0.013176887610125119,0.016725084452484596,0.04182437878468601,0.0208631530906699,0.021981095991194622,,,,,,,0.06876334158367087,0.46693653653180345,1000,0.634,0.5578297572254617,0.8448944736955711,0.4793351990028253,-0.07617024277453832,0.07617024277453839,0.07628684804741505,0.08202133999410306,0.07879517087909162,0.08407617478021207,,,,,,,0.0712922969149852,0.4961779323769463,0.0,-0.07719047982303506,0.03413490919166973,0.01186131763824727,-0.07719047982303506,0.06299335516441328,0.059561763594930456,0.04019696120941705,0.05793201778842172,0.06209507878901745,,,,,,,0.0025289553313143365,0.029241395845142848
d1-omni,8,in-domain,per_type,all,400,1600,1600,0.5775,0.6293161234903298,0.9403112854962586,0.5400519344723476,0.051816123490329824,0.06238492285308105,0.06637338763655723,0.0767334644312959,0.0672273292076653,0.0654303677272539,1600,0.36096842942735075,0.17797899149766555,0.5056145299156658,0.07300572864636731,0.5423049019371415,0.15806936652396594,0.738875966301565,1600,0.5775,0.5745546929282329,0.9106760518257819,0.5247962039802708,-0.0029453070717671004,0.02419604347033402,0.03392626964599589,0.03999839319503738,0.030634198808814836,0.04105785124504386,1600,0.2981955178028221,0.15420411270943218,0.5056145299156658,0.06006156723914132,0.5202603073020148,0.15179695956464423,0.7549500295952659,0.0,-0.054761430562096924,-0.029635233670476713,-0.015255730492076736,-0.054761430562096924,-0.03818887938274704,-0.03244711799056134,-0.03673507123625852,-0.03659313039885047,-0.02437251648221004,0,-0.06277291162452864,-0.023774878788233367,0.0,-0.012944161407225992,-0.022044594635126757,-0.0062724069593217135,0.01607406329370087
d1-omni,8,in-domain,per_type,choice,400,480,480,0.6125,0.5719986597273627,0.9092139480096788,0.5105038235771197,-0.0405013402726373,0.04994962108192736,0.08041730111217997,0.08380506303127831,0.07027275996986039,0.05439434943036326,480,0.3160147679148402,0.14674862822828916,0.4973879980896568,,,,,480,0.6125,0.5931513010217896,0.9085560133983708,0.5086899245357801,-0.019348698978210455,0.05336646300115694,0.07253685818714325,0.09168922609160719,0.03510400913437138,0.07379735107044355,480,0.34762114179599485,0.15359439291037622,0.4973879980896568,,,,,0.0,0.021152641294426844,-0.0006579346113080309,-0.0018138990413395506,0.021152641294426844,0.003416841919229578,-0.007880442925036715,0.00788416306032888,-0.03516875083548901,0.01940300164008029,0,0.03160637388115467,0.006845764682087058,0.0,,,,
d1-omni,8,in-domain,per_type,noul,400,480,480,0.7145833333333333,0.7387027124136997,0.5444094833634456,0.371422843438335,0.02411937908036632,0.025168614046803373,0.03769825671721871,0.040755741092531626,0.026017737345925246,0.03437118290069826,480,0.16551153536605942,0.1285103720384275,0.6643242979166667,,,,,480,0.7145833333333333,0.7198940893071389,0.5421599335672418,0.3698209250492878,0.005310755973805592,0.016288657771125804,0.03659037744290663,0.031041400610227643,0.03109584175570684,0.03225255970746118,480,0.15435550278582344,0.12230615928899653,0.6643242979166667,,,,,0.0,-0.01880862310656073,-0.0022495497962038424,-0.0016019183890471633,-0.01880862310656073,-0.008879956275677569,-0.0011078792743120791,-0.009714340482303983,0.005078104409781594,-0.002118623193237079,0,-0.01115603258023598,-0.006204212749430962,0.0,,,,
d1-omni,8,in-domain,per_type,score,400,640,640,0.4484375,0.5902642796200281,1.2605606402108034,0.6886848359192779,0.14182677962002815,0.14182677962002813,0.1418267796200281,0.1510198074271355,0.14325409491214028,0.14206903897993287,640,0.5412763461077021,0.23850322854412634,0.3927521027844219,0.07300572864636731,0.5423049019371415,0.15806936652396594,0.738875966301565,640,0.4484375,0.451602689573886,1.1886531693402456,0.653107372761876,0.003165189573886007,0.03934999597008913,0.044229418833271236,0.04637435154656091,0.043326918961356105,0.04474009459223845,640,0.3690063110706916,0.17858486762405085,0.3927521027844219,0.06006156723914132,0.5202603073020148,0.15179695956464423,0.7549500295952659,0.0,-0.13866159004614215,-0.07190747087055782,-0.035577463157401845,-0.13866159004614215,-0.102476783649939,-0.09759736078675686,-0.10464545588057458,-0.09992717595078418,-0.09732894438769442,0,-0.17227003503701055,-0.05991836092007549,0.0,-0.012944161407225992,-0.022044594635126757,-0.0062724069593217135,0.01607406329370087
d1-omni,8,ood,per_type,all,400,3000,3000,0.802,0.8175124793975249,0.49356355032935867,0.27520625697185885,0.01551247939752487,0.020371152227036757,0.024368578066935275,0.02440000903077209,0.021690329742884568,0.027345712840731215,,,,,,,0.06876334158367087,0.46693653653180345,3000,0.802,0.7710303144329507,0.523844526582306,0.2873472443293556,-0.030969685567049376,0.06021232262794132,0.06072249165488957,0.0610492297368032,0.06304129819973546,0.06320369959831627,,,,,,,0.07714686816068442,0.5347289246612845,0.0,-0.046482164964574246,0.03028097625294729,0.012140987357496746,-0.046482164964574246,0.03984117040090457,0.0363539135879543,0.036649220706031105,0.04135096845685089,0.03585798675758506,,,,,,,0.00838352657701355,0.06779238812948107
d1-omni,8,ood,per_type,choice,400,1000,1000,0.871,0.8742857807425438,0.3811842004325214,0.19450206264324357,0.00328578074254382,0.011095569368739233,0.015979352628526424,0.021329163855847617,0.01678711230997334,0.02298641295816184,,,,,,,,,1000,0.871,0.8912345050415882,0.3881811352520077,0.19519673672705978,0.02023450504158819,0.020234505041588167,0.024191637703594716,0.026241077536264663,0.0234427889038692,0.02458440877524047,,,,,,,,,0.0,0.01694872429904437,0.006996934819486322,0.0006946740838162102,0.01694872429904437,0.009138935672848934,0.008212285075068292,0.004911913680417046,0.006655676593895862,0.0015979958170786318,,,,,,,,
d1-omni,8,ood,per_type,noul,400,1000,1000,0.901,0.9432314204015347,0.2887468860516532,0.16364282690775503,0.042231420401534714,0.042724886807562146,0.04342792972824103,0.05033073260630045,0.05219197965045897,0.052457974139651836,,,,,,,,,1000,0.901,0.9324048088443341,0.27352257436640065,0.1605779189067443,0.03140480884433405,0.032513926762308736,0.03746827920150283,0.04277252155339783,0.04054889540095656,0.04078205139352809,,,,,,,,,0.0,-0.01082661155720066,-0.015224311685252567,-0.0030649080010107244,-0.01082661155720066,-0.01021096004525341,-0.0059596505267381986,-0.007558211052902622,-0.01164308424950241,-0.011675922746123744,,,,,,,,
d1-omni,8,ood,per_type,score,400,1000,1000,0.634,0.6350202370484967,0.8107595645039014,0.467473881364578,0.0010202370484967416,0.013176887610125119,0.016725084452484596,0.04182437878468601,0.0208631530906699,0.021981095991194622,,,,,,,0.06876334158367087,0.46693653653180345,1000,0.634,0.48945162941293013,0.9098298701285096,0.5062670773542628,-0.14454837058706987,0.14454837058706993,0.14454837058706993,0.14454837058706993,0.1482356662449037,0.14872287044064592,,,,,,,0.07714686816068442,0.5347289246612845,0.0,-0.14556860763556662,0.09907030562460817,0.03879319598968478,-0.14556860763556662,0.13137148297694481,0.12782328613458532,0.10272399180238392,0.12737251315423379,0.12674177444945128,,,,,,,0.00838352657701355,0.06779238812948107
d1-omni,8,in-domain,per_task,all,400,1600,1600,0.5775,0.6293161234903298,0.9403112854962586,0.5400519344723476,0.051816123490329824,0.06238492285308105,0.06637338763655723,0.0767334644312959,0.0672273292076653,0.0654303677272539,1600,0.36096842942735075,0.17797899149766555,0.5056145299156658,0.07300572864636731,0.5423049019371415,0.15806936652396594,0.738875966301565,1600,0.5775,0.5753555818894881,0.9091611190931181,0.5258974874014707,-0.0021444181105119142,0.028494118290826553,0.02855535843911454,0.0321296829640918,0.038772150949212644,0.03721099625486019,1600,0.30028582738617327,0.15605672731627776,0.5056145299156658,0.0592847935956062,0.5124566813313631,0.1503096377326658,0.7487688867781906,0.0,-0.05396054160084174,-0.0311501664031405,-0.014154447070876874,-0.05396054160084174,-0.0338908045622545,-0.03781802919744269,-0.044603781467204104,-0.02845517825845266,-0.028219371472393708,0,-0.06068260204117748,-0.02192226418138779,0.0,-0.013720935050761114,-0.02984822060577841,-0.00775972879130013,0.0098929204766256
d1-omni,8,in-domain,per_task,choice,400,480,480,0.6125,0.5719986597273627,0.9092139480096788,0.5105038235771197,-0.0405013402726373,0.04994962108192736,0.08041730111217997,0.08380506303127831,0.07027275996986039,0.05439434943036326,480,0.3160147679148402,0.14674862822828916,0.4973879980896568,,,,,480,0.6125,0.6069678679529604,0.9015600492850334,0.501356077426385,-0.005532132047039617,0.0642341222394837,0.06423412223948373,0.07278398606282317,0.06159300527389183,0.06374257971617647,480,0.351758744602762,0.1568588130309628,0.4973879980896568,,,,,0.0,0.03496920822559768,-0.0076538987246453916,-0.009147746150734659,0.03496920822559768,0.014284501157556341,-0.01618317887269624,-0.01102107696845514,-0.008679754695968558,0.009348230285813212,0,0.03574397668792184,0.010110184802673644,0.0,,,,
d1-omni,8,in-domain,per_task,noul,400,480,480,0.7145833333333333,0.7387027124136997,0.5444094833634456,0.371422843438335,0.02411937908036632,0.025168614046803373,0.03769825671721871,0.040755741092531626,0.026017737345925246,0.03437118290069826,480,0.16551153536605942,0.1285103720384275,0.6643242979166667,,,,,480,0.7145833333333333,0.7120513733053391,0.5530615112703702,0.3807196123109325,-0.0025319600279942733,0.03246927687035066,0.03883636061486757,0.05082432852470027,0.0325067095404451,0.042090545283344924,480,0.15642855222862004,0.12511090661472746,0.6643242979166667,,,,,0.0,-0.026651339108360594,0.008652027906924542,0.009296768872597505,-0.026651339108360594,0.007300662823547285,0.0011381038976488594,0.010068587432168645,0.006488972194519854,0.007719362382646665,0,-0.009082983137439382,-0.0033994654237000377,0.0,,,,
d1-omni,8,in-domain,per_task,score,400,640,640,0.4484375,0.5902642796200281,1.2605606402108034,0.6886848359192779,0.14182677962002815,0.14182677962002813,0.1418267796200281,0.1510198074271355,0.14325409491214028,0.14206903897993287,640,0.5412763461077021,0.23850322854412634,0.3927521027844219,0.07300572864636731,0.5423049019371415,0.15806936652396594,0.738875966301565,640,0.4484375,0.4491245237799958,1.1819366273162424,0.6531869512006885,0.000687023779995799,0.04861193262228107,0.048611932622281064,0.07189279484049427,0.06248971500446218,0.06107867229909301,640,0.3695740958418966,0.1786645285564267,0.3927521027844219,0.0592847935956062,0.5124566813313631,0.1503096377326658,0.7487688867781906,0.0,-0.14113975584003235,-0.078624012894561,-0.03549788471858939,-0.14113975584003235,-0.09321484699774706,-0.09321484699774704,-0.07912701258664123,-0.0807643799076781,-0.08099036668083986,0,-0.17170225026580554,-0.05983869998769964,0.0,-0.013720935050761114,-0.02984822060577841,-0.00775972879130013,0.0098929204766256
d1-omni,9,in-domain,global,all,400,1600,1600,0.56625,0.6284452138572627,0.9583754387042254,0.5463976905517272,0.06219521385726268,0.06643675433175097,0.07761781703157523,0.08276618820007875,0.0778949124644146,0.07789491246441457,1600,0.3685201290158078,0.17927491880084787,0.49828473938002543,0.07678576741228485,0.5610419912551057,0.163873629503501,0.7547657755586367,1600,0.56625,0.5961488050350621,0.9414716756347272,0.5401152070621705,0.029898805035062037,0.04592102240237713,0.04695910340870203,0.05126631206779586,0.05152522826829338,0.052361873160294135,1600,0.3229114969241473,0.16514110092535092,0.49828473938002543,0.07105299232295446,0.5459262213780486,0.15965538741852003,0.7535733709365459,0.0,-0.03229640882220064,-0.016903763069498146,-0.006282483489556623,-0.03229640882220064,-0.020515731929373844,-0.0306587136228732,-0.03149987613228289,-0.02636968419612122,-0.025533039304120438,0,-0.045608632091660495,-0.014133817875496946,0.0,-0.005732775089330386,-0.015115769877057095,-0.004218242084980978,-0.0011924046220908036
d1-omni,9,in-domain,global,choice,400,480,480,0.5979166666666667,0.5732121850324143,0.9077014712618134,0.508862565654868,-0.024704481634252318,0.05164747972501015,0.07587282601552549,0.10685615379635605,0.08215628454798933,0.0587653797187473,480,0.31555350502652785,0.14535956467868402,0.48740813030422625,,,,,480,0.5979166666666667,0.5423557600289807,0.916969710589422,0.5136975802525138,-0.05556090663768598,0.06372648371472533,0.08248682309814233,0.09640462872574442,0.06497756512700209,0.08919848298803558,480,0.28172030645449836,0.13750944238391374,0.48740813030422625,,,,,0.0,-0.030856425003433663,0.009268239327608563,0.0048350145976457926,-0.030856425003433663,0.012079003989715183,0.00661399708261684,-0.01045152507061163,-0.01717871942098724,0.030433103269288282,0,-0.03383319857202949,-0.007850122294770279,0.0,,,,
d1-omni,9,in-domain,global,noul,400,480,480,0.7020833333333333,0.738454066622459,0.544636190088265,0.37376780377012353,0.03637073328912577,0.036407653706070665,0.051714410056592885,0.0513141839124728,0.036370733289125684,0.0407271279662382,480,0.15991633547630818,0.12452570755245856,0.66020485,,,,,480,0.7020833333333333,0.7141581506016109,0.5421257229222785,0.37127693420352326,0.012074817268277638,0.021717801561676443,0.04991851361465041,0.04225137591052277,0.024504225583891957,0.03862711560981526,480,0.14652282111986728,0.11685316883333353,0.66020485,,,,,0.0,-0.02429591602084813,-0.002510467165986574,-0.0024908695666002734,-0.02429591602084813,-0.014689852144394222,-0.0017958964419424739,-0.009062808001950029,-0.011866507705233727,-0.002100012356422945,0,-0.0133935143564409,-0.00767253871912503,0.0,,,,
d1-omni,9,in-domain,global,score,400,640,640,0.440625,0.5873633459020018,1.3066853507480043,0.7040214493105744,0.1467383459020018,0.15185336576868957,0.1575503767197528,0.15938078853743742,0.15457672928768182,0.15457672928768174,640,0.5646979421623926,0.24577334282876265,0.3850021132218938,0.07678576741228485,0.5610419912551057,0.163873629503501,0.7547657755586367,640,0.440625,0.5479865796147114,1.259357613953043,0.6865571318133986,0.10736157961471143,0.12039768926200786,0.12417671198457927,0.12039768926200785,0.12347044261043545,0.12429869230977808,640,0.4860963966295941,0.2220807939004419,0.3850021132218938,0.07105299232295446,0.5459262213780486,0.15965538741852003,0.7535733709365459,0.0,-0.039376766287290366,-0.047327736794961384,-0.017464317497175808,-0.039376766287290366,-0.03145567650668171,-0.03337366473517353,-0.038983099275429575,-0.031106286677246367,-0.030278036977903655,0,-0.07860154553279847,-0.02369254892832076,0.0,-0.005732775089330386,-0.015115769877057095,-0.004218242084980978,-0.0011924046220908036
d1-omni,9,ood,global,all,400,3000,3000,0.802,0.8175124793975249,0.49356355032935867,0.27520625697185885,0.01551247939752487,0.020371152227036757,0.024368578066935275,0.02440000903077209,0.021690329742884568,0.027345712840731215,,,,,,,0.06876334158367087,0.46693653653180345,3000,0.802,0.7895067437399872,0.4918241412171248,0.2755993282275937,-0.012493256260012853,0.0208815210946495,0.02179945836579965,0.023021623711438507,0.024758698537491085,0.024946536680518147,,,,,,,0.06959415122707167,0.48062104980284953,0.0,-0.028005735657537723,-0.0017394091122338584,0.0003930712557348448,-0.028005735657537723,0.0005103688676127427,-0.0025691197011356234,-0.0013783853193335832,0.003068368794606518,-0.002399176160213068,,,,,,,0.0008308096434008067,0.013684513271046084
d1-omni,9,ood,global,choice,400,1000,1000,0.871,0.8742857807425438,0.3811842004325214,0.19450206264324357,0.00328578074254382,0.011095569368739233,0.015979352628526424,0.021329163855847617,0.01678711230997334,0.02298641295816184,,,,,,,,,1000,0.871,0.8441995195002726,0.38296457819024704,0.19609619176397858,-0.026800480499727386,0.027105482433226216,0.03025085571261024,0.03385224119043243,0.028196289794432932,0.04028185509402653,,,,,,,,,0.0,-0.030086261242271206,0.0017803777577256596,0.001594129120735005,-0.030086261242271206,0.016009913064486982,0.014271503084083814,0.012523077334584815,0.011409177484459593,0.01729544213586469,,,,,,,,
d1-omni,9,ood,global,noul,400,1000,1000,0.901,0.9432314204015347,0.2887468860516532,0.16364282690775503,0.042231420401534714,0.042724886807562146,0.04342792972824103,0.05033073260630045,0.05219197965045897,0.052457974139651836,,,,,,,,,1000,0.901,0.9286240210258858,0.2699989701096988,0.15971953089778584,0.027624021025885792,0.029020523085079943,0.03531470763793418,0.04017638938626758,0.037076756425558584,0.03785517784793029,,,,,,,,,0.0,-0.014607399375648922,-0.018747915941954407,-0.003923296009969185,-0.014607399375648922,-0.013704363722482203,-0.008113222090306849,-0.01015434322003287,-0.015115223224900387,-0.014602796291721544,,,,,,,,
d1-omni,9,ood,global,score,400,1000,1000,0.634,0.6350202370484967,0.8107595645039014,0.467473881364578,0.0010202370484967416,0.013176887610125119,0.016725084452484596,0.04182437878468601,0.0208631530906699,0.021981095991194622,,,,,,,0.06876334158367087,0.46693653653180345,1000,0.634,0.5956966906938035,0.8225088753514286,0.4709822620210168,-0.03830330930619652,0.04031563121261173,0.04425589190238901,0.04518370827299732,0.04807261104888549,0.050808264889538594,,,,,,,0.06959415122707167,0.48062104980284953,0.0,-0.03932354635469326,0.011749310847527172,0.00350838065643877,-0.03932354635469326,0.027138743602486613,0.027530807449904413,0.0033593294883113092,0.027209457958215586,0.028827168898343972,,,,,,,0.0008308096434008067,0.013684513271046084
d1-omni,9,in-domain,per_type,all,400,1600,1600,0.56625,0.6284452138572627,0.9583754387042254,0.5463976905517272,0.06219521385726268,0.06643675433175097,0.07761781703157523,0.08276618820007875,0.0778949124644146,0.07789491246441457,1600,0.3685201290158078,0.17927491880084787,0.49828473938002543,0.07678576741228485,0.5610419912551057,0.163873629503501,0.7547657755586367,1600,0.56625,0.5994828479894032,0.9272034542929875,0.5336225451837051,0.03323284798940318,0.050280061123619116,0.05489911686423384,0.054219094697338495,0.04859618165391952,0.04831237365159796,1600,0.3216875284575884,0.1629970426703717,0.49828473938002543,0.06666277714188533,0.5353165825485016,0.15685663186387067,0.7538369483548606,0.0,-0.028962365867859496,-0.03117198441123792,-0.012775145368022045,-0.028962365867859496,-0.01615669320813186,-0.022718700167341392,-0.028547093502740255,-0.029298730810495083,-0.02958253881281661,0,-0.04683260055821936,-0.016277876130476154,0.0,-0.01012299027039952,-0.025725408706604114,-0.007016997639630346,-0.0009288272037760725
d1-omni,9,in-domain,per_type,choice,400,480,480,0.5979166666666667,0.5732121850324143,0.9077014712618134,0.508862565654868,-0.024704481634252318,0.05164747972501015,0.07587282601552549,0.10685615379635605,0.08215628454798933,0.0587653797187473,480,0.31555350502652785,0.14535956467868402,0.48740813030422625,,,,,480,0.5979166666666667,0.592810541819835,0.9068452672531151,0.5075488693850391,-0.0051061248468317055,0.055633946852876856,0.06802954013286769,0.0963012712561131,0.03936266345024701,0.05659936643155957,480,0.3456004884692717,0.15210262653896675,0.48740813030422625,,,,,0.0,0.019598356787420612,-0.0008562040086983469,-0.0013136962698289123,0.019598356787420612,0.003986467127866704,-0.0078432858826578,-0.01055488254024295,-0.04279362109774232,-0.0021660132871877263,0,0.03004698344274387,0.006743061860282729,0.0,,,,
d1-omni,9,in-domain,per_type,noul,400,480,480,0.7020833333333333,0.738454066622459,0.544636190088265,0.37376780377012353,0.03637073328912577,0.036407653706070665,0.051714410056592885,0.0513141839124728,0.036370733289125684,0.0407271279662382,480,0.15991633547630818,0.12452570755245856,0.66020485,,,,,480,0.7020833333333333,0.7242938264477329,0.542443684254981,0.3719445612180596,0.0222104931143996,0.02751448755910328,0.0503651182405626,0.04375473230686589,0.027825631665947526,0.028418041525949574,480,0.15117582545778394,0.11969880910939334,0.66020485,,,,,0.0,-0.014160240174726169,-0.0021925058332840086,-0.0018232425520639528,-0.014160240174726169,-0.008893166146967384,-0.0013492918160302875,-0.007559451605606907,-0.008545101623178158,-0.012309086440288629,0,-0.008740510018524245,-0.0048268984430652195,0.0,,,,
d1-omni,9,in-domain,per_type,score,400,640,640,0.440625,0.5873633459020018,1.3066853507480043,0.7040214493105744,0.1467383459020018,0.15185336576868957,0.1575503767197528,0.15938078853743742,0.15457672928768182,0.15457672928768174,640,0.5646979421623926,0.24577334282876265,0.3850021132218938,0.07678576741228485,0.5610419912551057,0.163873629503501,0.7547657755586367,640,0.440625,0.5108788437728323,1.2310419221013964,0.6744362900069387,0.07025384377283234,0.09356219735791166,0.09356219735791164,0.09515329760935591,0.09402263130698826,0.09420028844325978,640,0.4316365856986792,0.20364152993965928,0.3850021132218938,0.06666277714188533,0.5353165825485016,0.15685663186387067,0.7538369483548606,0.0,-0.07648450212916946,-0.07564342864660789,-0.0295851593036357,-0.07648450212916946,-0.058291168410777916,-0.06398817936184116,-0.06422749092808151,-0.060554097980693555,-0.06037644084442195,0,-0.13306135646371337,-0.042131812889103365,0.0,-0.01012299027039952,-0.025725408706604114,-0.007016997639630346,-0.0009288272037760725
d1-omni,9,ood,per_type,all,400,3000,3000,0.802,0.8175124793975249,0.49356355032935867,0.27520625697185885,0.01551247939752487,0.020371152227036757,0.024368578066935275,0.02440000903077209,0.021690329742884568,0.027345712840731215,,,,,,,0.06876334158367087,0.46693653653180345,3000,0.802,0.7940803375102129,0.5031776512007311,0.2786486917771833,-0.00791966248978715,0.03428328237792259,0.03474713206135623,0.03870799591160199,0.035888648663262454,0.03834624168101014,,,,,,,0.0713393805967988,0.49653846158815806,0.0,-0.02343214188731202,0.009614100871372433,0.003442434805324468,-0.02343214188731202,0.01391213015088583,0.010378553994420957,0.0143079868808299,0.014198318920377886,0.011000528840278925,,,,,,,0.0025760390131279315,0.029601925056354617
d1-omni,9,ood,per_type,choice,400,1000,1000,0.871,0.8742857807425438,0.3811842004325214,0.19450206264324357,0.00328578074254382,0.011095569368739233,0.015979352628526424,0.021329163855847617,0.01678711230997334,0.02298641295816184,,,,,,,,,1000,0.871,0.8900407719324293,0.38742307070590765,0.1951044346494352,0.019040771932429257,0.019040771932429236,0.023510324778074982,0.02570345648885715,0.022465376184484107,0.02357777578177618,,,,,,,,,0.0,0.015754991189885437,0.0062388702733862655,0.0006023720061916205,0.015754991189885437,0.007945202563690003,0.007530972149548558,0.004374292633009532,0.005678263874510769,0.0005913628236143414,,,,,,,,
d1-omni,9,ood,per_type,noul,400,1000,1000,0.901,0.9432314204015347,0.2887468860516532,0.16364282690775503,0.042231420401534714,0.042724886807562146,0.04342792972824103,0.05033073260630045,0.05219197965045897,0.052457974139651836,,,,,,,,,1000,0.901,0.9351813011866936,0.2766262083198259,0.16127544067216837,0.0341813011866936,0.03510374468563631,0.039033378926263615,0.04469764666045221,0.04323488035990283,0.043475503992581405,,,,,,,,,0.0,-0.008050119214841112,-0.012120677731827345,-0.0023673862355866604,-0.008050119214841112,-0.007621142121925835,-0.004394550801977412,-0.005633085945848243,-0.008957099290556138,-0.008982470147070432,,,,,,,,
d1-omni,9,ood,per_type,score,400,1000,1000,0.634,0.6350202370484967,0.8107595645039014,0.467473881364578,0.0010202370484967416,0.013176887610125119,0.016725084452484596,0.04182437878468601,0.0208631530906699,0.021981095991194622,,,,,,,0.06876334158367087,0.46693653653180345,1000,0.634,0.5570189394115156,0.8454836745764601,0.47956620000994626,-0.07698106058848442,0.07698106058848446,0.07698106058848445,0.08277440354608613,0.07799490791570608,0.08354146638087227,,,,,,,0.0713393805967988,0.49653846158815806,0.0,-0.07800129763698116,0.03472411007255871,0.01209231864536825,-0.07800129763698116,0.06380417297835934,0.06025597613599985,0.04095002476140012,0.057131754825036185,0.061560370389677654,,,,,,,0.0025760390131279315,0.029601925056354617
d1-omni,9,in-domain,per_task,all,400,1600,1600,0.56625,0.6284452138572627,0.9583754387042254,0.5463976905517272,0.06219521385726268,0.06643675433175097,0.07761781703157523,0.08276618820007875,0.0778949124644146,0.07789491246441457,1600,0.3685201290158078,0.17927491880084787,0.49828473938002543,0.07678576741228485,0.5610419912551057,0.163873629503501,0.7547657755586367,1600,0.56625,0.605329275317324,0.9250200712315356,0.531694168675486,0.039079275317323914,0.0512124638063535,0.05259564692207764,0.05460117599204068,0.05456755335235382,0.054538243569302015,1600,0.33009442986311727,0.1654171684034813,0.49828473938002543,0.06594978590458551,0.5326647160946765,0.15539993231783772,0.7501231618681811,0.0,-0.023115938539938763,-0.033355367472689745,-0.014703521876241132,-0.023115938539938763,-0.015224290525397477,-0.025022170109497595,-0.02816501220803807,-0.023327359112060783,-0.023356668895112558,0,-0.03842569915269051,-0.013857750397366558,0.0,-0.010835981507699335,-0.028377275160429205,-0.008473697185663293,-0.004642613690455599
d1-omni,9,in-domain,per_task,choice,400,480,480,0.5979166666666667,0.5732121850324143,0.9077014712618134,0.508862565654868,-0.024704481634252318,0.05164747972501015,0.07587282601552549,0.10685615379635605,0.08215628454798933,0.0587653797187473,480,0.31555350502652785,0.14535956467868402,0.48740813030422625,,,,,480,0.5979166666666667,0.6149172705814917,0.9019090835812558,0.5005963384609841,0.017000603914825052,0.0708400678820099,0.09504837287535725,0.09625576630522327,0.0770065924930857,0.08847114567564476,480,0.3674598927561863,0.16140261286541013,0.48740813030422625,,,,,0.0,0.04170508554907737,-0.005792387680557676,-0.008266227193883924,0.04170508554907737,0.01919258815699975,0.019175546859831763,-0.010600387491132776,-0.005149692054903635,0.029705765956897466,0,0.05190638772965844,0.01604304818672611,0.0,,,,
d1-omni,9,in-domain,per_task,noul,400,480,480,0.7020833333333333,0.738454066622459,0.544636190088265,0.37376780377012353,0.03637073328912577,0.036407653706070665,0.051714410056592885,0.0513141839124728,0.036370733289125684,0.0407271279662382,480,0.15991633547630818,0.12452570755245856,0.66020485,,,,,480,0.7020833333333333,0.7219052660840181,0.5433349198261628,0.3743917439659253,0.01982193275068478,0.025599322177954152,0.030123844956717372,0.04379739839867398,0.020802821530219166,0.0263735696380168,480,0.14824630789671306,0.11879649659803221,0.66020485,,,,,0.0,-0.01654880053844099,-0.0013012702621022498,0.0006239401958017532,-0.01654880053844099,-0.010808331528116513,-0.021590565099875513,-0.007516785513798821,-0.015567911758906518,-0.014353558328221404,0,-0.011670027579595121,-0.005729210954426356,0.0,,,,
d1-omni,9,in-domain,per_task,score,400,640,640,0.440625,0.5873633459020018,1.3066853507480043,0.7040214493105744,0.1467383459020018,0.15185336576868957,0.1575503767197528,0.15938078853743742,0.15457672928768182,0.15457672928768174,640,0.5646979421623926,0.24577334282876265,0.3850021132218938,0.07678576741228485,0.5610419912551057,0.163873629503501,0.7547657755586367,640,0.440625,0.5107062857941778,1.2286171755232753,0.6729943598685328,0.07008128579417777,0.09017266234987718,0.09263042500781539,0.09491938737554405,0.08647129858313339,0.08643512759958345,640,0.4384564241681188,0.20339358891112144,0.3850021132218938,0.06594978590458551,0.5326647160946765,0.15539993231783772,0.7501231618681811,0.0,-0.07665706010782403,-0.07806817522472898,-0.031027089442041578,-0.07665706010782403,-0.06168070341881239,-0.06491995171193742,-0.06446140116189338,-0.06810543070454843,-0.06814160168809828,0,-0.12624151799427374,-0.042379753917641205,0.0,-0.010835981507699335,-0.028377275160429205,-0.008473697185663293,-0.004642613690455599
d1-omni,10,in-domain,global,all,400,1600,1600,0.580625,0.6276423552362849,0.9479439951486025,0.5404266976671832,0.04701735523628492,0.05771587389821353,0.06178824988392647,0.07084971426613879,0.06290039960288754,0.0623300759805256,1600,0.35906859085578424,0.17613459429697428,0.5063796327019046,0.07397459896331895,0.5532595794902015,0.16002138128716376,0.7502489716245415,1600,0.580625,0.5706674201592602,0.9296135136687431,0.533812138476538,-0.00995757984073975,0.021981481412234626,0.030485065405081276,0.05021156561695849,0.028093882705603312,0.034304709007071776,1600,0.2939890651668502,0.15492012377868458,0.5063796327019046,0.06560835729558598,0.5337407061340174,0.15475804549846783,0.7549262083454663,0.0,-0.05697493507702467,-0.018330481479859384,-0.006614559190645242,-0.05697493507702467,-0.03573439248597891,-0.0313031844788452,-0.020638148649180295,-0.03480651689728423,-0.02802536697345382,0,-0.06507952568893405,-0.021214470518289702,0.0,-0.008366241667732977,-0.019518873356184185,-0.005263335788695922,0.004677236720924793
d1-omni,10,in-domain,global,choice,400,480,480,0.6145833333333334,0.5680354456740687,0.9175296244729386,0.5115276365263248,-0.04654788765926465,0.05111260625560767,0.07062943856630462,0.08445161613190566,0.062492887301291385,0.07063976930418073,480,0.313284524226851,0.14531800355209104,0.493879284957013,,,,,480,0.6145833333333334,0.5136673917753309,0.93966783434189,0.5236814106321758,-0.10091594155800243,0.10091594155800243,0.1013713670877229,0.10736830978137187,0.10091594155800239,0.10713846271501076,480,0.2671526689642325,0.13491058915285545,0.493879284957013,,,,,0.0,-0.05436805389873778,0.02213820986895143,0.012153774105850945,-0.05436805389873778,0.04980333530239476,0.030741928521418285,0.022916693649466205,0.038423054256711005,0.036498693410830035,0,-0.04613185526261848,-0.010407414399235593,0.0,,,,
d1-omni,10,in-domain,global,noul,400,480,480,0.7125,0.7374621051674087,0.5411325464346758,0.3703441637936681,0.02496210516740871,0.03800587564085925,0.04785980032756925,0.04977057715877891,0.026653886089722325,0.027049013134092064,480,0.1591867908969728,0.12329699246176423,0.6659215145833334,,,,,480,0.7125,0.6945895163377326,0.5418796314453672,0.3691527166956226,-0.01791048366226744,0.04076795081870908,0.04993195215345228,0.05497463010432389,0.026735416541198785,0.023216246424502547,480,0.1408531418815065,0.11230213828932074,0.6659215145833334,,,,,0.0,-0.04287258882967615,0.0007470850106914284,-0.0011914470980454728,-0.04287258882967615,0.002762075177849828,0.00207215182588303,0.005204052945544983,8.153045147646018e-05,-0.003832766709589517,0,-0.018333649015466302,-0.010994854172443488,0.0,,,,
d1-omni,10,in-domain,global,score,400,640,640,0.45625,0.5899827249596039,1.2758633596907951,0.6896628939279634,0.13373272495960392,0.13975264534387194,0.14045824725754757,0.14247309248343454,0.13975984756444873,0.13925833029096588,640,0.5433179907965927,0.23887523873204425,0.39609848209950166,0.07397459896331895,0.5532595794902015,0.16002138128716376,0.7502489716245415,640,0.45625,0.5204758693133528,1.2128731848314145,0.6649047506954961,0.06422586931335278,0.08758550828434201,0.08871302785779263,0.10044001320717101,0.08886348087190428,0.08790089509870876,640,0.42896830478282116,0.20189076386507937,0.39609848209950166,0.06560835729558598,0.5337407061340174,0.15475804549846783,0.7549262083454663,0.0,-0.06950685564625114,-0.06299017485938063,-0.024758143232467278,-0.06950685564625114,-0.052167137059529925,-0.051745219399754946,-0.04203307927626353,-0.05089636669254445,-0.05135743519225712,0,-0.11434968601377155,-0.03698447486696488,0.0,-0.008366241667732977,-0.019518873356184185,-0.005263335788695922,0.004677236720924793
d1-omni,10,ood,global,all,400,3000,3000,0.802,0.8175124793975249,0.49356355032935867,0.27520625697185885,0.01551247939752487,0.020371152227036757,0.024368578066935275,0.02440000903077209,0.021690329742884568,0.027345712840731215,,,,,,,0.06876334158367087,0.46693653653180345,3000,0.802,0.7656442036466097,0.49873548453242605,0.2782846460099458,-0.03635579635339037,0.03635579635339031,0.03739167034022032,0.03683763811033404,0.038618615102597446,0.03928107903360925,,,,,,,0.07086720186418265,0.49281429542884464,0.0,-0.05186827575091524,0.005171934203067385,0.003078389038086937,-0.05186827575091524,0.015984644126353555,0.013023092273285044,0.01243762907956195,0.01692828535971288,0.011935366192878036,,,,,,,0.0021038602805117795,0.025877758897041192
d1-omni,10,ood,global,choice,400,1000,1000,0.871,0.8742857807425438,0.3811842004325214,0.19450206264324357,0.00328578074254382,0.011095569368739233,0.015979352628526424,0.021329163855847617,0.01678711230997334,0.02298641295816184,,,,,,,,,1000,0.871,0.8165944929117707,0.39434856156196413,0.200209174435254,-0.05440550708822933,0.05440550708822929,0.054405507088229256,0.05794566821933216,0.05733685381732794,0.057579654991469165,,,,,,,,,0.0,-0.05769128783077315,0.013164361129442748,0.005707111792010416,-0.05769128783077315,0.04330993771949006,0.038426154459702835,0.03661650436348454,0.0405497415073546,0.034593242033307325,,,,,,,,
d1-omni,10,ood,global,noul,400,1000,1000,0.901,0.9432314204015347,0.2887468860516532,0.16364282690775503,0.042231420401534714,0.042724886807562146,0.04342792972824103,0.05033073260630045,0.05219197965045897,0.052457974139651836,,,,,,,,,1000,0.901,0.914781666360331,0.2623525106689583,0.15740217605457052,0.013781666360330957,0.01711979394577576,0.027377396037061415,0.031701127022032836,0.02405889745598671,0.02314286899368626,,,,,,,,,0.0,-0.028449754041203756,-0.0263943753826949,-0.0062406508531845095,-0.028449754041203756,-0.025605092861786385,-0.016050533691179612,-0.018629605584267614,-0.02813308219447226,-0.029315105145965577,,,,,,,,
d1-omni,10,ood,global,score,400,1000,1000,0.634,0.6350202370484967,0.8107595645039014,0.467473881364578,0.0010202370484967416,0.013176887610125119,0.016725084452484596,0.04182437878468601,0.0208631530906699,0.021981095991194622,,,,,,,0.06876334158367087,0.46693653653180345,1000,0.634,0.5655564516677275,0.8395053813663556,0.4772425875400128,-0.06844354833227251,0.0684435483322724,0.06879190331380061,0.07284699461832418,0.07498860144535185,0.07643038007080219,,,,,,,0.07086720186418265,0.49281429542884464,0.0,-0.06946378538076925,0.028745816862454143,0.009768706175434794,-0.06946378538076925,0.05526666072214728,0.05206681886131602,0.03102261583363817,0.05412544835468196,0.05444928407960757,,,,,,,0.0021038602805117795,0.025877758897041192
d1-omni,10,in-domain,per_type,all,400,1600,1600,0.580625,0.6276423552362849,0.9479439951486025,0.5404266976671832,0.04701735523628492,0.05771587389821353,0.06178824988392647,0.07084971426613879,0.06290039960288754,0.0623300759805256,1600,0.35906859085578424,0.17613459429697428,0.5063796327019046,0.07397459896331895,0.5532595794902015,0.16002138128716376,0.7502489716245415,1600,0.580625,0.5766141128969209,0.9160100972957808,0.5259116038355363,-0.004010887103079064,0.02575718643287471,0.034107073226233735,0.041556433333014925,0.024751949403842396,0.027475746933010557,1600,0.2993968360692664,0.15341539173836283,0.5063796327019046,0.06168464634431779,0.5304538341353291,0.15361478661661054,0.7634897685685701,0.0,-0.05102824233936398,-0.03193389785282175,-0.014515093831646952,-0.05102824233936398,-0.03195868746533882,-0.027681176657692735,-0.02929328093312386,-0.03814845019904514,-0.03485432904751504,0,-0.05967175478651782,-0.022719202558611457,0.0,-0.012289952619001163,-0.022805745354872453,-0.006406594670553212,0.013240796944028577
d1-omni,10,in-domain,per_type,choice,400,480,480,0.6145833333333334,0.5680354456740687,0.9175296244729386,0.5115276365263248,-0.04654788765926465,0.05111260625560767,0.07062943856630462,0.08445161613190566,0.062492887301291385,0.07063976930418073,480,0.313284524226851,0.14531800355209104,0.493879284957013,,,,,480,0.6145833333333334,0.5900172815016922,0.9169623177364765,0.5092649455025542,-0.024566051831641178,0.05143793162192352,0.06967839405745312,0.07509986391648288,0.032512630954234914,0.052222587246870636,480,0.34588531785066173,0.15235094098697555,0.493879284957013,,,,,0.0,0.021981835827623475,-0.0005673067364621032,-0.0022626910237706355,0.021981835827623475,0.000325325366315847,-0.0009510445088515007,-0.009351752215422782,-0.02998025634705647,-0.01841718205731009,0,0.03260079362381074,0.007032937434884506,0.0,,,,
d1-omni,10,in-domain,per_type,noul,400,480,480,0.7125,0.7374621051674087,0.5411325464346758,0.3703441637936681,0.02496210516740871,0.03800587564085925,0.04785980032756925,0.04977057715877891,0.026653886089722325,0.027049013134092064,480,0.1591867908969728,0.12329699246176423,0.6659215145833334,,,,,480,0.7125,0.708932907488339,0.5397855133563477,0.36851166293545357,-0.0035670925116609853,0.039444316366174514,0.04449035676674718,0.05009846949444222,0.021241828499463128,0.03143574180179655,480,0.14459726185523347,0.11496662611051241,0.6659215145833334,,,,,0.0,-0.028529197679069696,-0.0013470330783280637,-0.0018325008582145141,-0.028529197679069696,0.0014384407253152653,-0.003369443560822069,0.0003278923356633129,-0.005412057590259197,0.004386728667704485,0,-0.014589529041739324,-0.008330366351251825,0.0,,,,
d1-omni,10,in-domain,per_type,score,400,640,640,0.45625,0.5899827249596039,1.2758633596907951,0.6896628939279634,0.13373272495960392,0.13975264534387194,0.14045824725754757,0.14247309248343454,0.13975984756444873,0.13925833029096588,640,0.5433179907965927,0.23887523873204425,0.39609848209950166,0.07397459896331895,0.5532595794902015,0.16002138128716376,0.7502489716245415,640,0.45625,0.4673226404997786,1.197464369919834,0.6564465532603351,0.01107264049977863,0.048398777088659466,0.04839877708865945,0.05825626835141481,0.05286559375260329,0.056288210317209535,640,0.3806301553937447,0.18305030402279104,0.39609848209950166,0.06168464634431779,0.5304538341353291,0.15361478661661054,0.7634897685685701,0.0,-0.12266008445982529,-0.07839898977096116,-0.03321634066762835,-0.12266008445982529,-0.09135386825521247,-0.09205947016888813,-0.08421682413201972,-0.08689425381184544,-0.08297011997375633,0,-0.16268783540284804,-0.055824934709253204,0.0,-0.012289952619001163,-0.022805745354872453,-0.006406594670553212,0.013240796944028577
d1-omni,10,ood,per_type,all,400,3000,3000,0.802,0.8175124793975249,0.49356355032935867,0.27520625697185885,0.01551247939752487,0.020371152227036757,0.024368578066935275,0.02440000903077209,0.021690329742884568,0.027345712840731215,,,,,,,0.06876334158367087,0.46693653653180345,3000,0.802,0.7752911586689492,0.5150729361099021,0.2839088419612197,-0.026708841331050892,0.04965723100583501,0.05028230747707009,0.05125648020135673,0.0530898681905468,0.05476736808792768,,,,,,,0.07511611124545925,0.5222451544017204,0.0,-0.04222132072857576,0.021509385780543455,0.008702584989360829,-0.04222132072857576,0.02928607877879825,0.025913729410134815,0.02685647117058464,0.03139953844766223,0.027421655247196468,,,,,,,0.006352769661788382,0.05530861786991692
d1-omni,10,ood,per_type,choice,400,1000,1000,0.871,0.8742857807425438,0.3811842004325214,0.19450206264324357,0.00328578074254382,0.011095569368739233,0.015979352628526424,0.021329163855847617,0.01678711230997334,0.02298641295816184,,,,,,,,,1000,0.871,0.8917741025351822,0.38853910154786503,0.19524076104912638,0.020774102535182193,0.020774102535182172,0.0244989322581849,0.026426604256726487,0.025032043025522477,0.025797594267738373,,,,,,,,,0.0,0.017488321792638373,0.007354901115343648,0.0007386984058828094,0.017488321792638373,0.009678533166442939,0.008519579629658477,0.00509744040087887,0.008244930715549138,0.002811181309576534,,,,,,,,
d1-omni,10,ood,per_type,noul,400,1000,1000,0.901,0.9432314204015347,0.2887468860516532,0.16364282690775503,0.042231420401534714,0.042724886807562146,0.04342792972824103,0.05033073260630045,0.05219197965045897,0.052457974139651836,,,,,,,,,1000,0.901,0.9257735699372224,0.2678096164529025,0.1591392012955517,0.02477356993722235,0.026412450825495436,0.03368093784653472,0.038242161010966454,0.034623431624050564,0.03503169280506132,,,,,,,,,0.0,-0.017457850464312363,-0.020937269598750696,-0.004503625612203327,-0.017457850464312363,-0.01631243598206671,-0.009746991881706309,-0.012088571595333997,-0.017568548026408407,-0.017426281334590517,,,,,,,,
d1-omni,10,ood,per_type,score,400,1000,1000,0.634,0.6350202370484967,0.8107595645039014,0.467473881364578,0.0010202370484967416,0.013176887610125119,0.016725084452484596,0.04182437878468601,0.0208631530906699,0.021981095991194622,,,,,,,0.06876334158367087,0.46693653653180345,1000,0.634,0.5083258035344431,0.8888700903289392,0.49734656353898093,-0.1256741964655569,0.1256741964655569,0.12567419646555683,0.1256741964655569,0.12717213378513945,0.13220463347728167,,,,,,,0.07511611124545925,0.5222451544017204,0.0,-0.12669443351405363,0.07811052582503775,0.02987268217440292,-0.12669443351405363,0.11249730885543177,0.10894911201307224,0.08384981768087088,0.10630898069446955,0.11022353748608706,,,,,,,0.006352769661788382,0.05530861786991692
d1-omni,10,in-domain,per_task,all,400,1600,1600,0.580625,0.6276423552362849,0.9479439951486025,0.5404266976671832,0.04701735523628492,0.05771587389821353,0.06178824988392647,0.07084971426613879,0.06290039960288754,0.0623300759805256,1600,0.35906859085578424,0.17613459429697428,0.5063796327019046,0.07397459896331895,0.5532595794902015,0.16002138128716376,0.7502489716245415,1600,0.580625,0.5873672243852993,0.9101696793169305,0.5272921256934524,0.006742224385299367,0.03242249751919409,0.03242249751919411,0.03511258325613836,0.03132989071661262,0.03333666288813014,1600,0.31418613981226634,0.1594667318736089,0.5063796327019046,0.0603359680851594,0.5202462620341752,0.15100548064529218,0.75582763198566,0.0,-0.04027513085098555,-0.03777431583167201,-0.013134571973730802,-0.04027513085098555,-0.02529337637901944,-0.029365752364732357,-0.03573713101000042,-0.03157050888627492,-0.028993413092395455,0,-0.0448824510435179,-0.016667862423365376,0.0,-0.013638630878159558,-0.033013317456026314,-0.009015900641871577,0.005578660361118537
d1-omni,10,in-domain,per_task,choice,400,480,480,0.6145833333333334,0.5680354456740687,0.9175296244729386,0.5115276365263248,-0.04654788765926465,0.05111260625560767,0.07062943856630462,0.08445161613190566,0.062492887301291385,0.07063976930418073,480,0.313284524226851,0.14531800355209104,0.493879284957013,,,,,480,0.6145833333333334,0.6122705621665365,0.9100697078664772,0.5053657091219266,-0.0023127711667968454,0.055471057209735504,0.05547105720973552,0.06660197255445546,0.05043778833010738,0.059947906472680494,480,0.38772327691296243,0.16790422388336684,0.493879284957013,,,,,0.0,0.04423511649246781,-0.007459916606461392,-0.006161927404398249,0.04423511649246781,0.004358450954127832,-0.0151583813565691,-0.017849643577450197,-0.012055098971184001,-0.010691862831500233,0,0.07443875268611144,0.022586220331275803,0.0,,,,
d1-omni,10,in-domain,per_task,noul,400,480,480,0.7125,0.7374621051674087,0.5411325464346758,0.3703441637936681,0.02496210516740871,0.03800587564085925,0.04785980032756925,0.04977057715877891,0.026653886089722325,0.027049013134092064,480,0.1591867908969728,0.12329699246176423,0.6659215145833334,,,,,480,0.7125,0.7144304068203245,0.5470837348825008,0.3798779469053411,0.0019304068203245262,0.05566645342009282,0.06111793339586672,0.06967511688303982,0.05134260407352361,0.05766744857587687,480,0.15506492986832754,0.12052088672344512,0.6659215145833334,,,,,0.0,-0.023031698347084184,0.005951188447825051,0.009533783111673022,-0.023031698347084184,0.01766057777923357,0.01325813306829747,0.019904539724260907,0.024688717983801286,0.030618435441784806,0,-0.004121861028645257,-0.002776105738319115,0.0,,,,
d1-omni,10,in-domain,per_task,score,400,640,640,0.45625,0.5899827249596039,1.2758633596907951,0.6896628939279634,0.13373272495960392,0.13975264534387194,0.14045824725754757,0.14247309248343454,0.13975984756444873,0.13925833029096588,640,0.5433179907965927,0.23887523873204425,0.39609848209950166,0.07397459896331895,0.5532595794902015,0.16002138128716376,0.7502489716245415,640,0.45625,0.4733923342231024,1.1825591162305924,0.6542975722131802,0.017142334223102407,0.029832002150922052,0.06129673412518399,0.06685704609858537,0.03926178451926694,0.03711006469235946,640,0.3783741944446983,0.1823479967289133,0.39609848209950166,0.0603359680851594,0.5202462620341752,0.15100548064529218,0.75582763198566,0.0,-0.11659039073650151,-0.09330424346020272,-0.03536532171478324,-0.11659039073650151,-0.10992064319294989,-0.07916151313236358,-0.07561604638484917,-0.10049806304518179,-0.10214826559860642,0,-0.16494379635189443,-0.056527242003130945,0.0,-0.013638630878159558,-0.033013317456026314,-0.009015900641871577,0.005578660361118537
d1-omni,11,in-domain,global,all,400,1600,1600,0.58375,0.6280774545744775,0.9435250914214405,0.5366149636455024,0.04432745457447751,0.059139075451564015,0.059139075451564015,0.07105653261116265,0.05907316894382948,0.05890589432336805,1600,0.36092162881240997,0.17566345558693897,0.5119398238498307,0.07352944897752342,0.5511366588874704,0.15913645477126867,0.7449561776071224,1600,0.58375,0.5680338299071442,0.9257855810440312,0.5307006226319771,-0.015716170092855752,0.02284718910318841,0.03409643027960823,0.04235593440988902,0.03195278727402343,0.03216473301170919,1600,0.29386033895976554,0.15462415738931914,0.5119398238498307,0.06553148321248717,0.5369312998180267,0.15422899309080398,0.7509303986545595,0.0,-0.06004362466733326,-0.017739510377409284,-0.005914341013525282,-0.06004362466733326,-0.0362918863483756,-0.025042645171955785,-0.02870059820127363,-0.02712038166980605,-0.026741161311658858,0,-0.06706128985264442,-0.02103929819761982,0.0,-0.007997965765036252,-0.014205359069443757,-0.0049074616804646864,0.005974221047437056
d1-omni,11,in-domain,global,choice,400,480,480,0.6229166666666667,0.5723906985839544,0.9166022054067563,0.5097799162624127,-0.05052596808271226,0.051862975036777476,0.07450162000395565,0.09812868539635645,0.06795782841820126,0.0654448673989328,480,0.3257607012631207,0.14922445244085314,0.5011535801340918,,,,,480,0.6229166666666667,0.5143596519077394,0.9395522764020766,0.5225376947260532,-0.10855701475892732,0.10855701475892734,0.10855701475892732,0.11322714106017981,0.10972502140414175,0.11154040796960177,480,0.2747791134277608,0.13813190426916527,0.5011535801340918,,,,,0.0,-0.05803104667621506,0.022950070995320315,0.012757778463640457,-0.05803104667621506,0.05669403972214987,0.03405539475497167,0.015098455663823354,0.04176719298594049,0.046095540570668975,0,-0.05098158783535989,-0.011092548171687866,0.0,,,,
d1-omni,11,in-domain,global,noul,400,480,480,0.7270833333333333,0.7343208967281195,0.5265183888579871,0.35789206332272816,0.007237563394786206,0.05335829780669883,0.055218453592776016,0.06494249483803287,0.031690104379473893,0.03619335285620768,480,0.1509756794573925,0.11765421250108865,0.67409443125,,,,,480,0.7270833333333333,0.6891585830364602,0.5328628616315362,0.36051174680205783,-0.037924750296873144,0.05618695816573729,0.05889302031235774,0.06294076994168064,0.04524076954199553,0.050598292917821454,480,0.1363082409167751,0.1086588836899041,0.67409443125,,,,,0.0,-0.04516231369165935,0.0063444727735491036,0.002619683479329671,-0.04516231369165935,0.0028286603590384554,0.0036745667195817247,-0.002001724896352225,0.013550665162521638,0.014404940061613775,0,-0.014667438540617389,-0.008995328811184547,0.0,,,,
d1-omni,11,in-domain,global,score,400,640,640,0.446875,0.5901599399521386,1.2764722828550439,0.6907834244249006,0.14328493995213853,0.1445196679951268,0.14998894381390285,0.14818385592532557,0.14328493995213853,0.1432849399521385,640,0.5447517864906398,0.2389996402608911,0.39841355108650783,0.07352944897752342,0.5511366588874704,0.15913645477126867,0.7449561776071224,640,0.446875,0.5174458985597112,1.2101525990848683,0.6644644754338596,0.07057089855971121,0.08335223950319195,0.08335223950319193,0.10167273260275622,0.08967858964219755,0.08831198305767135,640,0.426335331641012,0.20146730250399583,0.39841355108650783,0.06553148321248717,0.5369312998180267,0.15422899309080398,0.7509303986545595,0.0,-0.07271404139242732,-0.06631968377017561,-0.026318948991041036,-0.07271404139242732,-0.06116742849193485,-0.06663670431071092,-0.04651112332256935,-0.05360635030994099,-0.054972956894467156,0,-0.11841645484962782,-0.03753233775689527,0.0,-0.007997965765036252,-0.014205359069443757,-0.0049074616804646864,0.005974221047437056
d1-omni,11,ood,global,all,400,3000,3000,0.802,0.8175124793975249,0.49356355032935867,0.27520625697185885,0.01551247939752487,0.020371152227036757,0.024368578066935275,0.02440000903077209,0.021690329742884568,0.027345712840731215,,,,,,,0.06876334158367087,0.46693653653180345,3000,0.802,0.7620544449010137,0.5002946408787757,0.2788599865844473,-0.03994555509898634,0.039945555098986285,0.040226647884807336,0.04016378265470905,0.040886625751473206,0.04232502356630501,,,,,,,0.07109837088031631,0.49466710086511123,0.0,-0.05545803449651121,0.0067310905494170625,0.003653729612588419,-0.05545803449651121,0.019574402871949528,0.01585806981787206,0.015763773623936963,0.01919629600858864,0.014979310725573798,,,,,,,0.0023350292966454467,0.027730564333307783
d1-omni,11,ood,global,choice,400,1000,1000,0.871,0.8742857807425438,0.3811842004325214,0.19450206264324357,0.00328578074254382,0.011095569368739233,0.015979352628526424,0.021329163855847617,0.01678711230997334,0.02298641295816184,,,,,,,,,1000,0.871,0.8123072335471929,0.3967014344099416,0.20105177147227704,-0.05869276645280708,0.058692766452806966,0.05869276645280699,0.061735412024236096,0.06146129697761128,0.06206099558359347,,,,,,,,,0.0,-0.0619785471953509,0.01551723397742022,0.006549708829033468,-0.0619785471953509,0.04759719708406773,0.042713413824280566,0.040406248168388476,0.044674184667637944,0.039074582625431634,,,,,,,,
d1-omni,11,ood,global,noul,400,1000,1000,0.901,0.9432314204015347,0.2887468860516532,0.16364282690775503,0.042231420401534714,0.042724886807562146,0.04342792972824103,0.05033073260630045,0.05219197965045897,0.052457974139651836,,,,,,,,,1000,0.901,0.9125966198918857,0.2617306926634154,0.15714617506057624,0.011596619891885651,0.01572020157268901,0.026133799885377677,0.03060351098319161,0.019948131291988695,0.0223651502264404,,,,,,,,,0.0,-0.030634800509649063,-0.027016193388237797,-0.0064966518471787915,-0.030634800509649063,-0.027004685234873135,-0.01729412984286335,-0.019727221623108842,-0.03224384835847027,-0.030092823913211435,,,,,,,,
d1-omni,11,ood,global,score,400,1000,1000,0.634,0.6350202370484967,0.8107595645039014,0.467473881364578,0.0010202370484967416,0.013176887610125119,0.016725084452484596,0.04182437878468601,0.0208631530906699,0.021981095991194622,,,,,,,0.06876334158367087,0.46693653653180345,1000,0.634,0.5612594812639622,0.8424517955629702,0.4783820132204885,-0.07274051873603782,0.07274051873603776,0.07342713422131056,0.0788365010729109,0.07669047567002012,0.08002925310812735,,,,,,,0.07109837088031631,0.49466710086511123,0.0,-0.07376075578453456,0.03169223105906882,0.010908131855910497,-0.07376075578453456,0.05956363112591265,0.056702049768825966,0.03701212228822489,0.05582732257935022,0.05804815711693273,,,,,,,0.0023350292966454467,0.027730564333307783
d1-omni,11,in-domain,per_type,all,400,1600,1600,0.58375,0.6280774545744775,0.9435250914214405,0.5366149636455024,0.04432745457447751,0.059139075451564015,0.059139075451564015,0.07105653261116265,0.05907316894382948,0.05890589432336805,1600,0.36092162881240997,0.17566345558693897,0.5119398238498307,0.07352944897752342,0.5511366588874704,0.15913645477126867,0.7449561776071224,1600,0.58375,0.5730724924926116,0.9169255102609032,0.5244993666134263,-0.010677507507388384,0.03369118618331585,0.037473778742967485,0.041974453265586,0.03159551433895478,0.041932997868959695,1600,0.31214307934066715,0.1556216084614536,0.5119398238498307,0.06265052988986951,0.5363232375106082,0.1535100378197936,0.7585327860264458,0.0,-0.055004962081865894,-0.02659958116053729,-0.012115597032076098,-0.055004962081865894,-0.025447889268248168,-0.02166529670859653,-0.029082079345576654,-0.027477654604874703,-0.016972896454408352,0,-0.048778549471742816,-0.020041847125485374,0.0,-0.010878919087653913,-0.014813421376862257,-0.005626416951475061,0.0135766084193234
d1-omni,11,in-domain,per_type,choice,400,480,480,0.6229166666666667,0.5723906985839544,0.9166022054067563,0.5097799162624127,-0.05052596808271226,0.051862975036777476,0.07450162000395565,0.09812868539635645,0.06795782841820126,0.0654448673989328,480,0.3257607012631207,0.14922445244085314,0.5011535801340918,,,,,480,0.6229166666666667,0.6093215245652676,0.9199810851006724,0.507382479023313,-0.013595142101399116,0.04501406716735979,0.06865367251949463,0.09506740422239007,0.034912886105733426,0.08502319826924633,480,0.3882603863807008,0.16222474432377673,0.5011535801340918,,,,,0.0,0.03693082598131314,0.003378879693916148,-0.0023974372390996868,0.03693082598131314,-0.006848907869417685,-0.005847947484461019,-0.003061281173966382,-0.03304494231246784,0.019578330870313534,0,0.06249968511758014,0.013000291882923593,0.0,,,,
d1-omni,11,in-domain,per_type,noul,400,480,480,0.7270833333333333,0.7343208967281195,0.5265183888579871,0.35789206332272816,0.007237563394786206,0.05335829780669883,0.055218453592776016,0.06494249483803287,0.031690104379473893,0.03619335285620768,480,0.1509756794573925,0.11765421250108865,0.67409443125,,,,,480,0.7270833333333333,0.6685795445329568,0.5408368476879691,0.3650866346847669,-0.058503788800376544,0.0639391958263337,0.06896987455974665,0.07529558189289741,0.058503788800376606,0.06732478930164545,480,0.1363595952804678,0.10798236192459765,0.67409443125,,,,,0.0,-0.06574135219516275,0.014318458829982061,0.007194571362038715,-0.06574135219516275,0.010580898019634868,0.013751420966970636,0.01035308705486454,0.026813684420902713,0.031131436445437775,0,-0.014616084176924699,-0.009671850576491003,0.0,,,,
d1-omni,11,in-domain,per_type,score,400,640,640,0.446875,0.5901599399521386,1.2764722828550439,0.6907834244249006,0.14328493995213853,0.1445196679951268,0.14998894381390285,0.14818385592532557,0.14328493995213853,0.1432849399521385,640,0.5447517864906398,0.2389996402608911,0.39841355108650783,0.07352944897752342,0.5511366588874704,0.15913645477126867,0.7449561776071224,640,0.446875,0.47425542940786086,1.1967003260607765,0.6568965812525058,0.02738042940786084,0.05176076453726391,0.052230515222336404,0.07059343617825169,0.05731311669535966,0.05886696116458513,640,0.3868927121057914,0.18639869146735316,0.39841355108650783,0.06265052988986951,0.5363232375106082,0.1535100378197936,0.7585327860264458,0.0,-0.1159045105442777,-0.0797719567942674,-0.033886843172394765,-0.1159045105442777,-0.09275890345786289,-0.09775842859156644,-0.07759041974707388,-0.08597182325677888,-0.08441797878755337,0,-0.15785907438484842,-0.05260094879353794,0.0,-0.010878919087653913,-0.014813421376862257,-0.005626416951475061,0.0135766084193234
d1-omni,11,ood,per_type,all,400,3000,3000,0.802,0.8175124793975249,0.49356355032935867,0.27520625697185885,0.01551247939752487,0.020371152227036757,0.024368578066935275,0.02440000903077209,0.021690329742884568,0.027345712840731215,,,,,,,0.06876334158367087,0.46693653653180345,3000,0.802,0.7697705386705839,0.5136077703301503,0.28235966429806575,-0.032229461329416176,0.046324092171807864,0.04648427643984638,0.04689213391735221,0.04211055117321487,0.04804926197292641,,,,,,,0.07452752684766346,0.5184916262042633,0.0,-0.047741940726941046,0.02004422000079159,0.007153407326206895,-0.047741940726941046,0.025952939944771106,0.022115698372911104,0.02249212488658012,0.0204202214303303,0.020703549132195194,,,,,,,0.005764185263992597,0.05155508967245981
d1-omni,11,ood,per_type,choice,400,1000,1000,0.871,0.8742857807425438,0.3811842004325214,0.19450206264324357,0.00328578074254382,0.011095569368739233,0.015979352628526424,0.021329163855847617,0.01678711230997334,0.02298641295816184,,,,,,,,,1000,0.871,0.901949678874606,0.39728967415209054,0.1963528688412299,0.03094967887460598,0.03094967887460598,0.031198122612424075,0.031365770448378905,0.03094967887460595,0.03834032410932622,,,,,,,,,0.0,0.02766389813206216,0.016105473719569163,0.0018508061979863322,0.02766389813206216,0.019854109505866746,0.015218769983897651,0.010036606592531288,0.014162566564632613,0.015353911151164377,,,,,,,,
d1-omni,11,ood,per_type,noul,400,1000,1000,0.901,0.9432314204015347,0.2887468860516532,0.16364282690775503,0.042231420401534714,0.042724886807562146,0.04342792972824103,0.05033073260630045,0.05219197965045897,0.052457974139651836,,,,,,,,,1000,0.901,0.8928799260791934,0.2610037040889201,0.156046863246591,-0.008120073920806603,0.009619250095890064,0.020790039339984887,0.025119945040915678,0.015955783633704722,0.02274388593017268,,,,,,,,,0.0,-0.05035149432234132,-0.02774318196273312,-0.0075959636611640236,-0.05035149432234132,-0.03310563671167208,-0.02263789038825614,-0.025210787565384772,-0.03623619601675425,-0.029714088209479156,,,,,,,,
d1-omni,11,ood,per_type,score,400,1000,1000,0.634,0.6350202370484967,0.8107595645039014,0.467473881364578,0.0010202370484967416,0.013176887610125119,0.016725084452484596,0.04182437878468601,0.0208631530906699,0.021981095991194622,,,,,,,0.06876334158367087,0.46693653653180345,1000,0.634,0.5144820110579521,0.8825299327494401,0.4946792608063762,-0.1195179889420479,0.11951798894204779,0.11951798894204775,0.11951798894204778,0.12106943163366485,0.12687607493850414,,,,,,,0.07452752684766346,0.5184916262042633,0.0,-0.12053822599054465,0.07177036824553873,0.027205379441798183,-0.12053822599054465,0.10634110133192268,0.10279290448956316,0.07769361015736176,0.10020627854299495,0.10489497894730952,,,,,,,0.005764185263992597,0.05155508967245981
d1-omni,11,in-domain,per_task,all,400,1600,1600,0.58375,0.6280774545744775,0.9435250914214405,0.5366149636455024,0.04432745457447751,0.059139075451564015,0.059139075451564015,0.07105653261116265,0.05907316894382948,0.05890589432336805,1600,0.36092162881240997,0.17566345558693897,0.5119398238498307,0.07352944897752342,0.5511366588874704,0.15913645477126867,0.7449561776071224,1600,0.58375,0.5792834495940443,0.9108130427187504,0.5235751281316641,-0.0044665504059556715,0.030396445232933333,0.053910837631057154,0.04994859031042664,0.032409835573407056,0.04196650957192006,1600,0.32089009107417565,0.16087951759518326,0.5119398238498307,0.06279463340429733,0.5260664970189872,0.15174801018759826,0.7455066237843379,0.0,-0.04879400498043318,-0.032712048702690066,-0.01303983551383836,-0.04879400498043318,-0.02874263021863068,-0.0052282378205068605,-0.021107942300736017,-0.026663333370422426,-0.01693938475144799,0,-0.04003153773823431,-0.014783937991755702,0.0,-0.010734815573226086,-0.02507016186848321,-0.007388444583670412,0.0005504461772154468
d1-omni,11,in-domain,per_task,choice,400,480,480,0.6229166666666667,0.5723906985839544,0.9166022054067563,0.5097799162624127,-0.05052596808271226,0.051862975036777476,0.07450162000395565,0.09812868539635645,0.06795782841820126,0.0654448673989328,480,0.3257607012631207,0.14922445244085314,0.5011535801340918,,,,,480,0.6229166666666667,0.6235704346849744,0.9009353142979734,0.4963440828931557,0.0006537680183077432,0.04782936486331059,0.06210933971704602,0.07789225778848943,0.058288996129342,0.05897955447625011,480,0.38817666889672586,0.16649058343324766,0.5011535801340918,,,,,0.0,0.05117973610102,-0.015666891108782943,-0.013435833369257022,0.05117973610102,-0.004033610173466887,-0.012392280286909627,-0.020236427607867022,-0.009668832288859265,-0.006465312922682681,0,0.062415967633605185,0.01726613099239452,0.0,,,,
d1-omni,11,in-domain,per_task,noul,400,480,480,0.7270833333333333,0.7343208967281195,0.5265183888579871,0.35789206332272816,0.007237563394786206,0.05335829780669883,0.055218453592776016,0.06494249483803287,0.031690104379473893,0.03619335285620768,480,0.1509756794573925,0.11765421250108865,0.67409443125,,,,,480,0.7270833333333333,0.6723883497784107,0.5367053003113107,0.3682041287136955,-0.05469498355492264,0.05469498355492262,0.06561891422028265,0.0773485372641017,0.07281243095675191,0.07471883419146155,480,0.13899855142640558,0.10984241026212913,0.67409443125,,,,,0.0,-0.061932546949708844,0.010186911453323622,0.010312065390967351,-0.061932546949708844,0.0013366857482237857,0.010400460627506637,0.012406042426068825,0.04112232657727802,0.038525481335253874,0,-0.011977128030986911,-0.007811802238959525,0.0,,,,
d1-omni,11,in-domain,per_task,score,400,640,640,0.446875,0.5901599399521386,1.2764722828550439,0.6907834244249006,0.14328493995213853,0.1445196679951268,0.14998894381390285,0.14818385592532557,0.14328493995213853,0.1432849399521385,640,0.5447517864906398,0.2389996402608911,0.39841355108650783,0.07352944897752342,0.5511366588874704,0.15913645477126867,0.7449561776071224,640,0.446875,0.47623953563757215,1.198802145839913,0.6605266616240216,0.02936453563757213,0.08853650831597815,0.0885365083159782,0.09127963263726202,0.08547932308765076,0.08451770522010504,640,0.4068438124430907,0.19494904871642565,0.39841355108650783,0.06279463340429733,0.5260664970189872,0.15174801018759826,0.7455066237843379,0.0,-0.1139204043145664,-0.07767013701513092,-0.030256762800878967,-0.1139204043145664,-0.05598315967914866,-0.061452435497924646,-0.05690422328806355,-0.05780561686448778,-0.05876723473203346,0,-0.13790797404754912,-0.044050591544465445,0.0,-0.010734815573226086,-0.02507016186848321,-0.007388444583670412,0.0005504461772154468
d1-omni,12,in-domain,global,all,400,1600,1600,0.568125,0.6295160757567225,0.9491334836391561,0.5455990913684956,0.061391075756722535,0.06902571440883104,0.07503929530667572,0.08368253329306098,0.07586957798866609,0.07586957798866609,1600,0.3629478157373721,0.17871448686665622,0.5020893210175279,0.07431238556942975,0.5513590441471061,0.1601989965729977,0.7446848960345389,1600,0.568125,0.5838672305039485,0.9303489575032257,0.5372927245859513,0.015742230503948518,0.03477940902143154,0.03738939047904441,0.057506392879727995,0.04484326111668686,0.04338951092928679,1600,0.3047352381029581,0.15969751412032668,0.5020893210175279,0.06696379159853547,0.5331686287012489,0.15498487985473064,0.7455764299829004,0.0,-0.04564884525277402,-0.0187845261359304,-0.008306366782544261,-0.04564884525277402,-0.0342463053873995,-0.03764990482763131,-0.026176140413332986,-0.03102631687197923,-0.032480067059379295,0,-0.05821257763441401,-0.019016972746329547,0.0,-0.007348593970894282,-0.0181904154458572,-0.005214116718267048,0.0008915339483615004
d1-omni,12,in-domain,global,choice,400,480,480,0.60625,0.5703931201710902,0.9300345778314798,0.519881181154009,-0.03585687982890973,0.038161314726011586,0.06138378304799396,0.08314040438228718,0.06296763410327995,0.0708970377995463,480,0.3229198173349769,0.1478732179809477,0.4919852032139571,,,,,480,0.60625,0.527298478157205,0.9411599175169023,0.5271951377943364,-0.07895152184279497,0.07895152184279504,0.08398068226083753,0.10548688458007986,0.08383402031182119,0.0845660326430945,480,0.27798332808173465,0.13804413274810284,0.4919852032139571,,,,,0.0,-0.04309464201388524,0.011125339685422508,0.0073139566403273015,-0.04309464201388524,0.04079020711678345,0.022596899212843573,0.022346480197792687,0.02086638620854124,0.013668994843548193,0,-0.04493648925324223,-0.00982908523284487,0.0,,,,
d1-omni,12,in-domain,global,noul,400,480,480,0.7083333333333334,0.7410146414573925,0.5366068031427093,0.36947748419885557,0.032681308124059116,0.043073912713831916,0.05548467208088066,0.057535058698461705,0.04216758845141155,0.039667711410826687,480,0.16112911706676153,0.1263556150204093,0.6628576249999999,,,,,480,0.7083333333333334,0.7063040586142046,0.5361106117932508,0.36686306438844896,-0.0020292747191287264,0.040257701481596395,0.056463217798223185,0.05141577203641883,0.043108366770494025,0.03809339383663169,480,0.14400767615435978,0.11592090324303586,0.6628576249999999,,,,,0.0,-0.03471058284318784,-0.0004961913494584413,-0.0026144198104066096,-0.03471058284318784,-0.0028162112322355215,0.000978545717342523,-0.0061192866620428735,0.000940778319082472,-0.0015743175741949958,0,-0.017121440912401753,-0.010434711777373429,0.0,,,,
d1-omni,12,in-domain,global,score,400,640,640,0.434375,0.5902343681704446,1.2728526733672485,0.6969787294065906,0.1558593681704446,0.1558593681704445,0.15653663793934997,0.1684261173173817,0.1597092371409283,0.16005255815359984,640,0.5443328385421264,0.24111459241562277,0.38909118138335197,0.07431238556942975,0.5513590441471061,0.1601989965729977,0.7446848960345389,640,0.434375,0.5344661736813142,1.2179194967754494,0.6726881598277892,0.1000911736813142,0.11738750816948311,0.11738750816948311,0.11738750816948308,0.11283908634730061,0.11283908634730057,640,0.44534484208032443,0.2087700083074627,0.38909118138335197,0.06696379159853547,0.5331686287012489,0.15498487985473064,0.7455764299829004,0.0,-0.055768194489130396,-0.05493317659179908,-0.02429056957880138,-0.055768194489130396,-0.03847186000096138,-0.039149129769866856,-0.05103860914789861,-0.04687015079362769,-0.04721347180629927,0,-0.09898799646180201,-0.032344584108160074,0.0,-0.007348593970894282,-0.0181904154458572,-0.005214116718267048,0.0008915339483615004
d1-omni,12,ood,global,all,400,3000,3000,0.802,0.8175124793975249,0.49356355032935867,0.27520625697185885,0.01551247939752487,0.020371152227036757,0.024368578066935275,0.02440000903077209,0.021690329742884568,0.027345712840731215,,,,,,,0.06876334158367087,0.46693653653180345,3000,0.802,0.7768392640555858,0.49469890582757176,0.27677323049367314,-0.02516073594441426,0.02802064825831887,0.029349640886474532,0.02928532190590437,0.029648732063643313,0.03079205221213268,,,,,,,0.07021118403532738,0.4870573757083265,0.0,-0.04067321534193913,0.0011353554982130865,0.0015669735218142855,-0.04067321534193913,0.007649496031282111,0.004981062819539257,0.0048853128751322784,0.007958402320758746,0.003446339371401465,,,,,,,0.0014478424516565086,0.020120839176523075
d1-omni,12,ood,global,choice,400,1000,1000,0.871,0.8742857807425438,0.3811842004325214,0.19450206264324357,0.00328578074254382,0.011095569368739233,0.015979352628526424,0.021329163855847617,0.01678711230997334,0.02298641295816184,,,,,,,,,1000,0.871,0.82974748159146,0.3880394945792522,0.19795911683507403,-0.04125251840854005,0.04125251840854009,0.04125251840854007,0.04641096087797108,0.042597678348911906,0.04436390099556519,,,,,,,,,0.0,-0.04453829915108387,0.006855294146730806,0.0034570541918304554,-0.04453829915108387,0.03015694903980086,0.025273165780013648,0.025081797022123462,0.025810566038938568,0.02137748803740335,,,,,,,,
d1-omni,12,ood,global,noul,400,1000,1000,0.901,0.9432314204015347,0.2887468860516532,0.16364282690775503,0.042231420401534714,0.042724886807562146,0.04342792972824103,0.05033073260630045,0.05219197965045897,0.052457974139651836,,,,,,,,,1000,0.901,0.9214268717395744,0.26513619264035776,0.1583598631791785,0.02042687173957436,0.022478450942574925,0.03118373973053066,0.03533640048384511,0.03205571883553744,0.03050564839055353,,,,,,,,,0.0,-0.021804548661960355,-0.023610693411295458,-0.005282963728576534,-0.021804548661960355,-0.02024643586498722,-0.012244189997710368,-0.014994332122455344,-0.02013626081492153,-0.021952325749098306,,,,,,,,
d1-omni,12,ood,global,score,400,1000,1000,0.634,0.6350202370484967,0.8107595645039014,0.467473881364578,0.0010202370484967416,0.013176887610125119,0.016725084452484596,0.04182437878468601,0.0208631530906699,0.021981095991194622,,,,,,,0.06876334158367087,0.46693653653180345,1000,0.634,0.579343438835723,0.8309210302631054,0.4740007114667668,-0.05465656116427697,0.05465656116427696,0.058642713894884506,0.06357254221814782,0.06194054473035679,0.06443971460019632,,,,,,,0.07021118403532738,0.4870573757083265,0.0,-0.055676798212773715,0.020161465759203967,0.0065268301021887964,-0.055676798212773715,0.041479673554151844,0.041917629442399906,0.021748163433461802,0.04107739163968689,0.0424586186090017,,,,,,,0.0014478424516565086,0.020120839176523075
d1-omni,12,in-domain,per_type,all,400,1600,1600,0.568125,0.6295160757567225,0.9491334836391561,0.5455990913684956,0.061391075756722535,0.06902571440883104,0.07503929530667572,0.08368253329306098,0.07586957798866609,0.07586957798866609,1600,0.3629478157373721,0.17871448686665622,0.5020893210175279,0.07431238556942975,0.5513590441471061,0.1601989965729977,0.7446848960345389,1600,0.568125,0.5915042461785236,0.9245683552593355,0.5292834821996591,0.023379246178523605,0.03349406907021781,0.037375212800748556,0.0406504480021366,0.03966382344669709,0.041182791572107295,1600,0.3326114249719667,0.16053125720246164,0.5020893210175279,0.0614068486916764,0.5237353933314429,0.15256549492892266,0.7532338482796358,0.0,-0.03801182957819893,-0.02456512837982061,-0.016315609168836454,-0.03801182957819893,-0.03553164533861323,-0.03766408250592716,-0.04303208529092438,-0.036205754541969,-0.03468678641655879,0,-0.030336390765405397,-0.018183229664194583,0.0,-0.012905536877753351,-0.027623650815663203,-0.00763350164407503,0.008548952245096886
d1-omni,12,in-domain,per_type,choice,400,480,480,0.60625,0.5703931201710902,0.9300345778314798,0.519881181154009,-0.03585687982890973,0.038161314726011586,0.06138378304799396,0.08314040438228718,0.06296763410327995,0.0708970377995463,480,0.3229198173349769,0.1478732179809477,0.4919852032139571,,,,,480,0.60625,0.6364615960889933,0.9537303483915713,0.5201619445112644,0.030211596088993375,0.06338097720952485,0.06338097720952483,0.06656574112704712,0.07114231861138362,0.060244062372781994,480,0.45890673110560687,0.17476660656366966,0.4919852032139571,,,,,0.0,0.0660684759179031,0.023695770560091534,0.0002807633572553536,0.0660684759179031,0.02521966248351326,0.0019971941615308728,-0.016574663255240055,0.008174684508103672,-0.010652975426764306,0,0.13598691377063,0.026893388582721944,0.0,,,,
d1-omni,12,in-domain,per_type,noul,400,480,480,0.7083333333333334,0.7410146414573925,0.5366068031427093,0.36947748419885557,0.032681308124059116,0.043073912713831916,0.05548467208088066,0.057535058698461705,0.04216758845141155,0.039667711410826687,480,0.16112911706676153,0.1263556150204093,0.6628576249999999,,,,,480,0.7083333333333334,0.7095710169440999,0.5356911434347836,0.3668384477442723,0.0012376836107664824,0.04027587708654545,0.05611779949259571,0.05142859403884826,0.04105997317860416,0.0390982183919564,480,0.14500679636252206,0.11664535149297822,0.6628576249999999,,,,,0.0,-0.031443624513292634,-0.0009156597079256201,-0.0026390364545832434,-0.031443624513292634,-0.002798035627286463,0.0006331274117150482,-0.006106464659613446,-0.001107615272807394,-0.0005694930188702846,0,-0.016122320704239468,-0.009710263527431068,0.0,,,,
d1-omni,12,in-domain,per_type,score,400,640,640,0.434375,0.5902343681704446,1.2728526733672485,0.6969787294065906,0.1558593681704446,0.1558593681704445,0.15653663793934997,0.1684261173173817,0.1597092371409283,0.16005255815359984,640,0.5443328385421264,0.24111459241562277,0.38909118138335197,0.07431238556942975,0.5513590441471061,0.1601989965729977,0.7446848960345389,640,0.434375,0.4692361556714893,1.1943547692785723,0.6579584113074953,0.034861155671489286,0.05228297701056419,0.05589340742340864,0.056280660523070035,0.060046560594120675,0.060184842047679515,640,0.37859341682882003,0.18276917446366822,0.38909118138335197,0.0614068486916764,0.5237353933314429,0.15256549492892266,0.7532338482796358,0.0,-0.12099821249895532,-0.07849790408867618,-0.03902031809909523,-0.12099821249895532,-0.1035763911598803,-0.10064323051594132,-0.11214545679431165,-0.09966267654680763,-0.09986771610592032,0,-0.1657394217133064,-0.058345417951954553,0.0,-0.012905536877753351,-0.027623650815663203,-0.00763350164407503,0.008548952245096886
d1-omni,12,ood,per_type,all,400,3000,3000,0.802,0.8175124793975249,0.49356355032935867,0.27520625697185885,0.01551247939752487,0.020371152227036757,0.024368578066935275,0.02440000903077209,0.021690329742884568,0.027345712840731215,,,,,,,0.06876334158367087,0.46693653653180345,3000,0.802,0.784174750185599,0.526191530937407,0.28512119480872256,-0.017825249814401034,0.06036564859886476,0.060365648598864834,0.06048165213877955,0.05887116421995973,0.06075525615657012,,,,,,,0.07501969587736204,0.5216355042161047,0.0,-0.033337729211925904,0.032627980608048335,0.009914937836863702,-0.033337729211925904,0.039994496371828,0.03599707053192956,0.03608164310800746,0.03718083447707516,0.033409543315838904,,,,,,,0.006256354293691174,0.05469896768430127
d1-omni,12,ood,per_type,choice,400,1000,1000,0.871,0.8742857807425438,0.3811842004325214,0.19450206264324357,0.00328578074254382,0.011095569368739233,0.015979352628526424,0.021329163855847617,0.01678711230997334,0.02298641295816184,,,,,,,,,1000,0.871,0.9193793520796872,0.4242098223790638,0.19967514639758724,0.04837935207968724,0.04837935207968724,0.04845098443066123,0.04850453970008181,0.048575392420985505,0.0516326834641684,,,,,,,,,0.0,0.04509357133714342,0.043025621946542414,0.005173083754343666,0.04509357133714342,0.03728378271094801,0.032471631802134804,0.027175375844234195,0.03178828011101217,0.028646270506006558,,,,,,,,
d1-omni,12,ood,per_type,noul,400,1000,1000,0.901,0.9432314204015347,0.2887468860516532,0.16364282690775503,0.042231420401534714,0.042724886807562146,0.04342792972824103,0.05033073260630045,0.05219197965045897,0.052457974139651836,,,,,,,,,1000,0.901,0.9238352061394816,0.2665243814508723,0.15877620773981027,0.022835206139481534,0.02465166933013094,0.03256758434689707,0.03693952995242822,0.03354778477902696,0.031927352645247466,,,,,,,,,0.0,-0.01939621426205318,-0.0222225046007809,-0.004866619167944758,-0.01939621426205318,-0.018073217477431205,-0.010860345381343957,-0.013391202653872232,-0.018644194871432013,-0.02053062149440437,,,,,,,,
d1-omni,12,ood,per_type,score,400,1000,1000,0.634,0.6350202370484967,0.8107595645039014,0.467473881364578,0.0010202370484967416,0.013176887610125119,0.016725084452484596,0.04182437878468601,0.0208631530906699,0.021981095991194622,,,,,,,0.06876334158367087,0.46693653653180345,1000,0.634,0.5093096923376284,0.8878403889822849,0.49691223028877013,-0.12469030766237166,0.12469030766237169,0.12469030766237167,0.12469030766237166,0.1261967299264956,0.13124791864183552,,,,,,,0.07501969587736204,0.5216355042161047,0.0,-0.1257105447108684,0.07708082447838349,0.029438348924192115,-0.1257105447108684,0.11151342005224657,0.10796522320988708,0.08286592887768565,0.10533357683582571,0.1092668226506409,,,,,,,0.006256354293691174,0.05469896768430127
d1-omni,12,in-domain,per_task,all,400,1600,1600,0.568125,0.6295160757567225,0.9491334836391561,0.5455990913684956,0.061391075756722535,0.06902571440883104,0.07503929530667572,0.08368253329306098,0.07586957798866609,0.07586957798866609,1600,0.3629478157373721,0.17871448686665622,0.5020893210175279,0.07431238556942975,0.5513590441471061,0.1601989965729977,0.7446848960345389,1600,0.568125,0.6037405437938089,0.9289828400485315,0.5344430300632557,0.035615543793808935,0.03724984983834345,0.059743794639359464,0.06388602065301761,0.04515850645037975,0.046484612943617463,1600,0.34137566646855544,0.16551958796481883,0.5020893210175279,0.06316116979546241,0.5290737185123529,0.15399172221411112,0.7576367829741558,0.0,-0.0257755319629136,-0.020150643590624573,-0.01115606130523994,-0.0257755319629136,-0.03177586457048759,-0.015295500667316254,-0.019796512640043368,-0.03071107153828634,-0.029384965045048624,0,-0.021572149268816676,-0.013194898901837393,0.0,-0.01115121577396734,-0.022285325634753272,-0.006207274358886572,0.012951886939616908
d1-omni,12,in-domain,per_task,choice,400,480,480,0.60625,0.5703931201710902,0.9300345778314798,0.519881181154009,-0.03585687982890973,0.038161314726011586,0.06138378304799396,0.08314040438228718,0.06296763410327995,0.0708970377995463,480,0.3229198173349769,0.1478732179809477,0.4919852032139571,,,,,480,0.60625,0.6422144117907108,0.9531661754846787,0.519560540141231,0.03596441179071086,0.05419450770601769,0.0648442299145946,0.06858534646999569,0.06719426449170332,0.06389803775107974,480,0.4568195051476078,0.1764672529227478,0.4919852032139571,,,,,0.0,0.07182129161962059,0.023131597653198943,-0.0003206410127780668,0.07182129161962059,0.016033192980006106,0.0034604468666006374,-0.014555057912291489,0.004226630388423372,-0.0069990000484665554,0,0.1338996878126309,0.0285940349418001,0.0,,,,
d1-omni,12,in-domain,per_task,noul,400,480,480,0.7083333333333334,0.7410146414573925,0.5366068031427093,0.36947748419885557,0.032681308124059116,0.043073912713831916,0.05548467208088066,0.057535058698461705,0.04216758845141155,0.039667711410826687,480,0.16112911706676153,0.1263556150204093,0.6628576249999999,,,,,480,0.7083333333333334,0.712965875733605,0.5500826504056623,0.37363776642998925,0.004632542400271666,0.021735572201501727,0.03845303492169258,0.04895864147526578,0.017385608133781857,0.03154275458659343,480,0.1644435831634419,0.1224038133498477,0.6628576249999999,,,,,0.0,-0.02804876572378745,0.013475847262953033,0.004160282231133683,-0.02804876572378745,-0.02133834051233019,-0.01703163715918808,-0.008576417223195923,-0.024781980317629695,-0.008124956824233254,0,0.003314466096680374,-0.003951801670561583,0.0,,,,
d1-omni,12,in-domain,per_task,score,400,640,640,0.434375,0.5902343681704446,1.2728526733672485,0.6969787294065906,0.1558593681704446,0.1558593681704445,0.15653663793934997,0.1684261173173817,0.1597092371409283,0.16005255815359984,640,0.5443328385421264,0.24111459241562277,0.38909118138335197,0.07431238556942975,0.5513590441471061,0.1601989965729977,0.7446848960345389,640,0.434375,0.4929661438412854,1.1950204807035731,0.666208845229724,0.05859114384128539,0.074344494465791,0.07873955741617185,0.08324313521931201,0.07489608609129367,0.07877975292632713,640,0.3874918499381015,0.18964567020760054,0.38909118138335197,0.06316116979546241,0.5290737185123529,0.15399172221411112,0.7576367829741558,0.0,-0.09726822432915921,-0.07783219266367536,-0.030769884176866547,-0.09726822432915921,-0.08151487370465349,-0.07779708052317812,-0.08518298209806968,-0.08481315104963463,-0.0812728052272727,0,-0.15684098860402496,-0.05146892220802224,0.0,-0.01115121577396734,-0.022285325634753272,-0.006207274358886572,0.012951886939616908
d1-omni,13,in-domain,global,all,400,1600,1600,0.5725,0.6280772482062315,0.9491053200652962,0.5450257955897093,0.055577248206231444,0.06538818065702909,0.07433554762524978,0.08119036556018004,0.07463180532113982,0.07411592329375608,1600,0.3612919484926007,0.17715099221811254,0.5040289090196106,0.07120856125791826,0.5383382827396066,0.15562979530714363,0.7311386506254502,1600,0.5725,0.5767983914900207,0.9303772404481434,0.5372994756363095,0.004298391490020648,0.03460814183757332,0.03545959579513992,0.042655582939634784,0.03217608071458021,0.0357019949303424,1600,0.29893386927382815,0.15722093712888768,0.5040289090196106,0.06390850703545521,0.5189373508401764,0.15106505416368243,0.7356209319460815,0.0,-0.0512788567162108,-0.018728079617152837,-0.007726319953399785,-0.0512788567162108,-0.03078003881945577,-0.03887595183010986,-0.03853478262054526,-0.04245572460655961,-0.038413928363413674,0,-0.062358079218772566,-0.019930055089224852,0.0,-0.007300054222463048,-0.01940093189943015,-0.004564741143461198,0.004482281320631221
d1-omni,13,in-domain,global,choice,400,480,480,0.6104166666666667,0.567360692653203,0.9193325131479941,0.5127489147146469,-0.04305597401346373,0.05704967488156711,0.09845222923749744,0.08645929530060505,0.0821501655035995,0.06579719542947313,480,0.31978712520470964,0.1470349696288567,0.49163868242923214,,,,,480,0.6104166666666667,0.5184508292059545,0.9378184324493721,0.5234850303210276,-0.09196583746071219,0.0919658374607121,0.10642814970923688,0.1072112137125062,0.0942224385255271,0.0994373844273564,480,0.27411720969914233,0.13724141721242802,0.49163868242923214,,,,,0.0,-0.04890986344724846,0.018485919301377995,0.010736115606380658,-0.04890986344724846,0.03491616257914499,0.007975920471739437,0.02075191841190116,0.012072273021927593,0.03364018899788328,0,-0.045669915505567316,-0.00979355241642868,0.0,,,,
d1-omni,13,in-domain,global,noul,400,480,480,0.6979166666666666,0.7415136650359879,0.5618018010115909,0.3868012490655456,0.043596998369321294,0.04359699836932123,0.055197235786666465,0.06284780572168529,0.04359699836932123,0.04608759794694683,480,0.16613023979238015,0.1291022201242625,0.6626145729166667,,,,,480,0.6979166666666666,0.7024433737094107,0.5557472441278809,0.38179134335661896,0.004526707042744049,0.030098877760203216,0.04115017475025753,0.04698067393228981,0.02438837567312837,0.02521234472783027,480,0.14597652821622784,0.11723172399138376,0.6626145729166667,,,,,0.0,-0.039070291326577244,-0.006054556883710038,-0.005009905708926621,-0.039070291326577244,-0.013498120609118015,-0.014047061036408938,-0.01586713178939548,-0.019208622696192862,-0.020875253219116558,0,-0.02015371157615231,-0.011870496132878744,0.0,,,,
d1-omni,13,in-domain,global,score,400,640,640,0.45,0.5885373522486856,1.2619125645435514,0.6879018661391291,0.13853735224868563,0.13999434117920617,0.14575537358230378,0.14755870438983018,0.14717639062928184,0.14691199662834215,640,0.5387918474836845,0.23577458823044192,0.39438233103960246,0.07120856125791826,0.5383382827396066,0.15562979530714363,0.7311386506254502,640,0.45,0.5263253265385275,1.2057688436874188,0.6642914088325391,0.07632532653852747,0.09327157207610717,0.09649760277107562,0.10445278794608376,0.09374999710590011,0.09136859792273946,640,0.43226436974804283,0.20219748691936043,0.39438233103960246,0.06390850703545521,0.5189373508401764,0.15106505416368243,0.7356209319460815,0.0,-0.06221202571015816,-0.05614372085613262,-0.02361045730658995,-0.06221202571015816,-0.046722769103099,-0.04925777081122816,-0.04310591644374642,-0.05342639352338173,-0.05554339870560268,0,-0.10652747773564164,-0.03357710131108149,0.0,-0.007300054222463048,-0.01940093189943015,-0.004564741143461198,0.004482281320631221
d1-omni,13,ood,global,all,400,3000,3000,0.802,0.8175124793975249,0.49356355032935867,0.27520625697185885,0.01551247939752487,0.020371152227036757,0.024368578066935275,0.02440000903077209,0.021690329742884568,0.027345712840731215,,,,,,,0.06876334158367087,0.46693653653180345,3000,0.802,0.7712050253866468,0.49656826232886103,0.2774797316431028,-0.030794974613353232,0.031340567042466044,0.03321475540886555,0.03308619516680982,0.03381539228988083,0.03464900508008366,,,,,,,0.07052884500356627,0.4899535904659342,0.0,-0.0463074540108781,0.003004711999502363,0.002273474671243947,-0.0463074540108781,0.010969414815429287,0.008846177341930276,0.008686186136037732,0.01212506254699626,0.0073032922393524435,,,,,,,0.0017655034198953978,0.023017053934130727
d1-omni,13,ood,global,choice,400,1000,1000,0.871,0.8742857807425438,0.3811842004325214,0.19450206264324357,0.00328578074254382,0.011095569368739233,0.015979352628526424,0.021329163855847617,0.01678711230997334,0.02298641295816184,,,,,,,,,1000,0.871,0.8231701613319367,0.3910140574263268,0.1990202619959166,-0.04782983866806334,0.04782983866806325,0.04782983866806326,0.052158070887724506,0.04910023785199695,0.05111843354797389,,,,,,,,,0.0,-0.05111561941060716,0.009829856993805397,0.00451819935267303,-0.05111561941060716,0.03673426929932402,0.03185048603953683,0.03082890703187689,0.03231312554202361,0.028132020589812054,,,,,,,,
d1-omni,13,ood,global,noul,400,1000,1000,0.901,0.9432314204015347,0.2887468860516532,0.16364282690775503,0.042231420401534714,0.042724886807562146,0.04342792972824103,0.05033073260630045,0.05219197965045897,0.052457974139651836,,,,,,,,,1000,0.901,0.9181149448664583,0.26356990663223806,0.15784821584506203,0.01711494486645826,0.01951616269425298,0.029283177207280853,0.033416336863153366,0.026367436113753702,0.026711941322037136,,,,,,,,,0.0,-0.025116475535076455,-0.025176979419415157,-0.005794611062692995,-0.025116475535076455,-0.023208724113309164,-0.014144752520960174,-0.016914395743147084,-0.02582454353670527,-0.0257460328176147,,,,,,,,
d1-omni,13,ood,global,score,400,1000,1000,0.634,0.6350202370484967,0.8107595645039014,0.467473881364578,0.0010202370484967416,0.013176887610125119,0.016725084452484596,0.04182437878468601,0.0208631530906699,0.021981095991194622,,,,,,,0.06876334158367087,0.46693653653180345,1000,0.634,0.5723299699615456,0.8351208229280181,0.47557071708832976,-0.06167003003845439,0.061670030038454254,0.06481984711981285,0.06655615027969858,0.06891708192483886,0.0708919707137665,,,,,,,0.07052884500356627,0.4899535904659342,0.0,-0.06269026708695113,0.02436125842411674,0.00809683572375175,-0.06269026708695113,0.04849314242832914,0.04809476266732826,0.024731771495012565,0.048053928834168966,0.048910874722571884,,,,,,,0.0017655034198953978,0.023017053934130727
d1-omni,13,in-domain,per_type,all,400,1600,1600,0.5725,0.6280772482062315,0.9491053200652962,0.5450257955897093,0.055577248206231444,0.06538818065702909,0.07433554762524978,0.08119036556018004,0.07463180532113982,0.07411592329375608,1600,0.3612919484926007,0.17715099221811254,0.5040289090196106,0.07120856125791826,0.5383382827396066,0.15562979530714363,0.7311386506254502,1600,0.5725,0.5959941455098212,0.9305505169105153,0.5355471414726756,0.023494145509821207,0.0449449523225236,0.05141292163145423,0.05732545730147654,0.04682630787700054,0.05128193973370019,1600,0.3214569475145682,0.16367007575593376,0.5040289090196106,0.059163985468961636,0.5142004449097061,0.150254571570831,0.7511603352544223,0.0,-0.03208310269641024,-0.018554803154780974,-0.009478654117033747,-0.03208310269641024,-0.020443228334505487,-0.022922625993795555,-0.0238649082587035,-0.02780549744413928,-0.022833983560055886,0,-0.0398350009780325,-0.013480916462178777,0.0,-0.012044575788956624,-0.024137837829900533,-0.005375223736312634,0.020021684628972025
d1-omni,13,in-domain,per_type,choice,400,480,480,0.6104166666666667,0.567360692653203,0.9193325131479941,0.5127489147146469,-0.04305597401346373,0.05704967488156711,0.09845222923749744,0.08645929530060505,0.0821501655035995,0.06579719542947313,480,0.31978712520470964,0.1470349696288567,0.49163868242923214,,,,,480,0.6104166666666667,0.5910107959598243,0.9190625045240365,0.5103162932002098,-0.01940587070684241,0.04363531767946194,0.08073957304208987,0.07901295976543501,0.031224720008291903,0.07014031727351133,480,0.3563970837022313,0.15465531677603994,0.49163868242923214,,,,,0.0,0.023650103306621317,-0.00027000862395765157,-0.0024326215144371277,0.023650103306621317,-0.013414357202105175,-0.017712656195407572,-0.007446335535170032,-0.0509254454953076,0.004343121844038206,0,0.03660995849752163,0.007620347147183237,0.0,,,,
d1-omni,13,in-domain,per_type,noul,400,480,480,0.6979166666666666,0.7415136650359879,0.5618018010115909,0.3868012490655456,0.043596998369321294,0.04359699836932123,0.055197235786666465,0.06284780572168529,0.04359699836932123,0.04608759794694683,480,0.16613023979238015,0.1291022201242625,0.6626145729166667,,,,,480,0.6979166666666666,0.7904685883958069,0.5970843059538995,0.4037721231294809,0.09255192172914029,0.0925519217291402,0.09445869910488525,0.10058822391237839,0.09255192172914013,0.09599297464445475,480,0.22523941435815995,0.15422910680963067,0.6626145729166667,,,,,0.0,0.04895492335981899,0.03528250494230856,0.016970874063935326,0.04895492335981899,0.04895492335981897,0.03926146331821878,0.0377404181906931,0.0489549233598189,0.04990537669750792,0,0.0591091745657798,0.025126886685368166,0.0,,,,
d1-omni,13,in-domain,per_type,score,400,640,640,0.45,0.5885373522486856,1.2619125645435514,0.6879018661391291,0.13853735224868563,0.13999434117920617,0.14575537358230378,0.14755870438983018,0.14717639062928184,0.14691199662834215,640,0.5387918474836845,0.23577458823044192,0.39438233103960246,0.07120856125791826,0.5383382827396066,0.15562979530714363,0.7311386506254502,640,0.45,0.4538758255078295,1.189266184417836,0.6533015414344209,0.0038758255078295,0.039451051302991216,0.04270049170516505,0.0516700394416019,0.04555467294125912,0.049639573610094835,640,0.3674149952411271,0.17751187170058152,0.39438233103960246,0.059163985468961636,0.5142004449097061,0.150254571570831,0.7511603352544223,0.0,-0.13466152674085613,-0.07264638012571534,-0.034600324704708196,-0.13466152674085613,-0.10054328987621496,-0.10305488187713874,-0.09588866494822829,-0.10162171768802272,-0.09727242301824732,0,-0.1713768522425574,-0.0582627165298604,0.0,-0.012044575788956624,-0.024137837829900533,-0.005375223736312634,0.020021684628972025
d1-omni,13,ood,per_type,all,400,3000,3000,0.802,0.8175124793975249,0.49356355032935867,0.27520625697185885,0.01551247939752487,0.020371152227036757,0.024368578066935275,0.02440000903077209,0.021690329742884568,0.027345712840731215,,,,,,,0.06876334158367087,0.46693653653180345,3000,0.802,0.7830547415891836,0.550654635530536,0.29066617217235924,-0.0189452584108164,0.06997163779504331,0.07000161956826696,0.06998318424556724,0.07215978811102822,0.07279540235272569,,,,,,,0.0767425433953789,0.5322742736304658,0.0,-0.03445773780834127,0.05709108520117728,0.015459915200500385,-0.03445773780834127,0.04960048556800656,0.045633041501331684,0.045583175214795144,0.05046945836814365,0.045449689511994476,,,,,,,0.00797920181170804,0.06533773709866231
d1-omni,13,ood,per_type,choice,400,1000,1000,0.871,0.8742857807425438,0.3811842004325214,0.19450206264324357,0.00328578074254382,0.011095569368739233,0.015979352628526424,0.021329163855847617,0.01678711230997334,0.02298641295816184,,,,,,,,,1000,0.871,0.8930114770150738,0.38939693748047316,0.19534719018770133,0.022011477015073777,0.022011477015073756,0.025202185498211783,0.02570930538340323,0.025204873808500554,0.02579046753096407,,,,,,,,,0.0,0.018725696272529957,0.00821273704795178,0.0008451275444577577,0.018725696272529957,0.010915907646334523,0.009222832869685359,0.004380141527555614,0.008417761498527215,0.0028040545728022295,,,,,,,,
d1-omni,13,ood,per_type,noul,400,1000,1000,0.901,0.9432314204015347,0.2887468860516532,0.16364282690775503,0.042231420401534714,0.042724886807562146,0.04342792972824103,0.05033073260630045,0.05219197965045897,0.052457974139651836,,,,,,,,,1000,0.901,0.963193031239163,0.356806360418165,0.17212658791404878,0.06219303123916298,0.06222767059073504,0.062282976558834184,0.06358305521093915,0.0681920850306611,0.0703425336825364,,,,,,,,,0.0,0.019961610837628263,0.06805947436651177,0.00848376100629375,0.019961610837628263,0.019502783783172897,0.018855046830593157,0.013252322604638704,0.016000105380202127,0.017884559542884565,,,,,,,,
d1-omni,13,ood,per_type,score,400,1000,1000,0.634,0.6350202370484967,0.8107595645039014,0.467473881364578,0.0010202370484967416,0.013176887610125119,0.016725084452484596,0.04182437878468601,0.0208631530906699,0.021981095991194622,,,,,,,0.06876334158367087,0.46693653653180345,1000,0.634,0.49295971651331427,0.9057606086929696,0.5045247384153276,-0.14104028348668574,0.1410402834866857,0.1410402834866857,0.1410402834866857,0.14476915054780648,0.14667599327289885,,,,,,,0.0767425433953789,0.5322742736304658,0.0,-0.14206052053518248,0.09500104418906818,0.03705085705074962,-0.14206052053518248,0.1278633958765606,0.12431519903420112,0.0992159047019997,0.12390599745713658,0.12469489728170423,,,,,,,0.00797920181170804,0.06533773709866231
d1-omni,13,in-domain,per_task,all,400,1600,1600,0.5725,0.6280772482062315,0.9491053200652962,0.5450257955897093,0.055577248206231444,0.06538818065702909,0.07433554762524978,0.08119036556018004,0.07463180532113982,0.07411592329375608,1600,0.3612919484926007,0.17715099221811254,0.5040289090196106,0.07120856125791826,0.5383382827396066,0.15562979530714363,0.7311386506254502,1600,0.5725,0.614508783419966,0.9743343689529942,0.5390394981260189,0.042008783419965945,0.0602168146329266,0.060216814632926656,0.06021681463292666,0.05899365305715509,0.060259071292939184,1600,0.41024932348906207,0.17461431860875945,0.5040289090196106,0.058472257073234425,0.506767517843868,0.14837483246673738,0.743898216409036,0.0,-0.0135684647862655,0.025229048887697947,-0.005986297463690393,-0.0135684647862655,-0.0051713660241024875,-0.014118732992323128,-0.02097355092725338,-0.015638152263984725,-0.013856852000816891,0,0.048957374996461356,-0.002536673609353085,0.0,-0.012736304184683835,-0.03157076489573862,-0.007254962840406248,0.012759565783585725
d1-omni,13,in-domain,per_task,choice,400,480,480,0.6104166666666667,0.567360692653203,0.9193325131479941,0.5127489147146469,-0.04305597401346373,0.05704967488156711,0.09845222923749744,0.08645929530060505,0.0821501655035995,0.06579719542947313,480,0.31978712520470964,0.1470349696288567,0.49163868242923214,,,,,480,0.6104166666666667,0.6215972521515005,0.9333870699315234,0.5054803084558369,0.011180585484833805,0.05472893065002377,0.06873649696939385,0.07767936365613536,0.06360298278546415,0.0733387698551817,480,0.40161345250701364,0.1688583842895559,0.49163868242923214,,,,,0.0,0.05423655949829753,0.014054556783529293,-0.007268606258809984,0.05423655949829753,-0.0023207442315433396,-0.02971573226810359,-0.00877993164446969,-0.018547182718135352,0.007541574425708575,0,0.08182632730230399,0.021823414660699203,0.0,,,,
d1-omni,13,in-domain,per_task,noul,400,480,480,0.6979166666666666,0.7415136650359879,0.5618018010115909,0.3868012490655456,0.043596998369321294,0.04359699836932123,0.055197235786666465,0.06284780572168529,0.04359699836932123,0.04608759794694683,480,0.16613023979238015,0.1291022201242625,0.6626145729166667,,,,,480,0.6979166666666666,0.8051734285308709,0.7434665465672462,0.4187229934070267,0.1072567618642043,0.10725676186420421,0.10725676186420424,0.10725676186420427,0.10725676186420423,0.10725676186420424,480,0.4733010144852258,0.17387711065737105,0.6626145729166667,,,,,0.0,0.063659763494883,0.18166474555565526,0.031921744341481095,0.063659763494883,0.06365976349488298,0.05205952607753778,0.04440895614251898,0.063659763494883,0.061169163917257414,0,0.3071707746928457,0.04477489053310854,0.0,,,,
d1-omni,13,in-domain,per_task,score,400,640,640,0.45,0.5885373522486856,1.2619125645435514,0.6879018661391291,0.13853735224868563,0.13999434117920617,0.14575537358230378,0.14755870438983018,0.14717639062928184,0.14691199662834215,640,0.5387918474836845,0.23577458823044192,0.39438233103960246,0.07120856125791826,0.5383382827396066,0.15562979530714363,0.7311386506254502,640,0.45,0.46619394803813635,1.178195710008408,0.6544462689178994,0.01619394803813634,0.03881951152647045,0.061815361691859735,0.0691855539316312,0.033564332243977826,0.049945470532958676,640,0.3694374584784757,0.17948417531170335,0.39438233103960246,0.058472257073234425,0.506767517843868,0.14837483246673738,0.743898216409036,0.0,-0.12234340421054929,-0.08371685453514344,-0.033455597221229705,-0.12234340421054929,-0.10117482965273572,-0.08394001189044405,-0.07837315045819898,-0.11361205838530401,-0.09696652609538348,0,-0.16935438900520877,-0.05629041291873857,0.0,-0.012736304184683835,-0.03157076489573862,-0.007254962840406248,0.012759565783585725
d1-omni,14,in-domain,global,all,400,1600,1600,0.570625,0.6290200723881713,0.9526167078317391,0.5462373009994691,0.05839507238817121,0.06348750095536174,0.07091328305430959,0.07881973315515653,0.07167621575635706,0.0716762157563571,1600,0.3652942225440378,0.17872797110336905,0.5009712011623156,0.0743313534961421,0.5526966741201144,0.15997785023178096,0.7437739738561311,1600,0.570625,0.5837355514155509,0.9338100318565823,0.5385886529590125,0.013110551415550842,0.032296520133546024,0.03624301146857102,0.051449756462207966,0.03613729079083962,0.03999630915362847,1600,0.3068914682846128,0.16005130118371724,0.5009712011623156,0.06723157369482151,0.5343204494476023,0.15499560140930996,0.7433867419289116,0.0,-0.04528452097262037,-0.01880667597515684,-0.007648648040456618,-0.04528452097262037,-0.031190980821815713,-0.03467027158573857,-0.027369976692948564,-0.03553892496551744,-0.03167990660272863,0,-0.05840275425942504,-0.018676669919651806,0.0,-0.007099779801320594,-0.018376224672512098,-0.004982248822471003,-0.00038723192721945576
d1-omni,14,in-domain,global,choice,400,480,480,0.6020833333333333,0.570062556613215,0.9257491295122028,0.5172702181910765,-0.03202077672011827,0.04133961329960023,0.05110738993616691,0.07131581619278513,0.06041900093631487,0.057778490809045985,480,0.32279867620342856,0.1473601504115285,0.49080743273824984,,,,,480,0.6020833333333333,0.5269447151625793,0.9386210266104115,0.5251027409226309,-0.07513861817075396,0.07513861817075398,0.0789235910188457,0.10073879155086114,0.0802112236475566,0.08143830199085937,480,0.2780509470518061,0.13773611968798327,0.49080743273824984,,,,,0.0,-0.043117841450635686,0.012871897098208684,0.007832522731554326,-0.043117841450635686,0.033799004871153754,0.027816201082678793,0.029422975358076017,0.01979222271124173,0.023659811181813387,0,-0.04474772915162245,-0.00962403072354523,0.0,,,,
d1-omni,14,in-domain,global,noul,400,480,480,0.7104166666666667,0.7443712024328609,0.5443446027006262,0.3716653537727748,0.03395453576619423,0.050526500338067645,0.06003969372250138,0.05504834878568849,0.033954535766194255,0.034844877663999775,480,0.1643900861138681,0.12649730124509714,0.65917013125,,,,,480,0.7104166666666667,0.7094284765859772,0.5417979345046601,0.3692213923557359,-0.0009881900806895105,0.04400056222375128,0.06053159077059738,0.05147185509265904,0.04284472945290912,0.04829601803833212,480,0.14479244693563686,0.11521242311719802,0.65917013125,,,,,0.0,-0.03494272584688374,-0.002546668195966162,-0.002443961417038898,-0.03494272584688374,-0.006525938114316364,0.0004918970480959975,-0.0035764936930294533,0.008890193686714863,0.013451140374332343,0,-0.019597639178231235,-0.01128487812789912,0.0,,,,
d1-omni,14,in-domain,global,score,400,640,640,0.4421875,0.5867248616858712,1.2789714704197264,0.6988915735257842,0.14453736168587122,0.1553891848290176,0.15538918482901765,0.15983695302919196,0.1537538386025697,0.1537538386025697,640,0.5478439846221221,0.24142683901595344,0.3899448299146019,0.0743313534961421,0.5526966741201144,0.15997785023178096,0.7437739738561311,640,0.4421875,0.5320589847274599,1.2242108588051521,0.6757285324387562,0.08987148472745993,0.10851276090969285,0.10851276090969286,0.10887386352098936,0.11005979185472342,0.10922634051420665,640,0.4500961252209497,0.21041684585540715,0.3899448299146019,0.06723157369482151,0.5343204494476023,0.15499560140930996,0.7433867419289116,0.0,-0.0546658769584113,-0.05476061161457424,-0.023163041087028047,-0.0546658769584113,-0.04687642391932474,-0.04687642391932478,-0.050963089508202594,-0.04369404674784627,-0.04452749808836304,0,-0.09774785940117242,-0.031009993160546284,0.0,-0.007099779801320594,-0.018376224672512098,-0.004982248822471003,-0.00038723192721945576
d1-omni,14,ood,global,all,400,3000,3000,0.802,0.8175124793975249,0.49356355032935867,0.27520625697185885,0.01551247939752487,0.020371152227036757,0.024368578066935275,0.02440000903077209,0.021690329742884568,0.027345712840731215,,,,,,,0.06876334158367087,0.46693653653180345,3000,0.802,0.7773865643066578,0.49453569956820304,0.2767105437251739,-0.02461343569334229,0.02772750212239082,0.02903656518523261,0.02903564367151313,0.02913818203040804,0.03002092629280381,,,,,,,0.07018170836132595,0.48677867291938665,0.0,-0.04012591509086716,0.0009721492388443664,0.0015042867533150428,-0.04012591509086716,0.007356349895354063,0.004667987118297336,0.00463563464074104,0.007447852287523472,0.002675213452072594,,,,,,,0.0014183667776550835,0.019842136387583198
d1-omni,14,ood,global,choice,400,1000,1000,0.871,0.8742857807425438,0.3811842004325214,0.19450206264324357,0.00328578074254382,0.011095569368739233,0.015979352628526424,0.021329163855847617,0.01678711230997334,0.02298641295816184,,,,,,,,,1000,0.871,0.8303816603189157,0.3877730929142189,0.19786370208007542,-0.0406183396810843,0.04061833968108435,0.04061833968108437,0.04585910970393279,0.041970930154515515,0.04449432812598386,,,,,,,,,0.0,-0.043904120423628124,0.006588892481697528,0.003361639436831848,-0.043904120423628124,0.02952277031234512,0.02463898705255795,0.024529945848085172,0.025183817844542176,0.021507915167822023,,,,,,,,
d1-omni,14,ood,global,noul,400,1000,1000,0.901,0.9432314204015347,0.2887468860516532,0.16364282690775503,0.042231420401534714,0.042724886807562146,0.04342792972824103,0.05033073260630045,0.05219197965045897,0.052457974139651836,,,,,,,,,1000,0.901,0.9217450174826011,0.26530699550846976,0.15841269594565108,0.020745017482601047,0.02276461537890218,0.03136651555059396,0.03554717110934294,0.03233238274240622,0.03075454518134612,,,,,,,,,0.0,-0.021486402918933667,-0.02343989054318346,-0.0052301309621039516,-0.021486402918933667,-0.019960271428659967,-0.01206141417764707,-0.01478356149695751,-0.01985959690805275,-0.021703428958305716,,,,,,,,
d1-omni,14,ood,global,score,400,1000,1000,0.634,0.6350202370484967,0.8107595645039014,0.467473881364578,0.0010202370484967416,0.013176887610125119,0.016725084452484596,0.04182437878468601,0.0208631530906699,0.021981095991194622,,,,,,,0.06876334158367087,0.46693653653180345,1000,0.634,0.5800330151184563,0.8305270102819204,0.4738552331497951,-0.05396698488154372,0.05396698488154374,0.0580359267505539,0.06104750068491215,0.06049231633708658,0.0629905935467567,,,,,,,0.07018170836132595,0.48677867291938665,0.0,-0.054987221930040464,0.019767445778019033,0.006381351785217093,-0.054987221930040464,0.04079009727141862,0.041310842298069306,0.01922312190022614,0.039629163246416674,0.04100949755556209,,,,,,,0.0014183667776550835,0.019842136387583198
d1-omni,14,in-domain,per_type,all,400,1600,1600,0.570625,0.6290200723881713,0.9526167078317391,0.5462373009994691,0.05839507238817121,0.06348750095536174,0.07091328305430959,0.07881973315515653,0.07167621575635706,0.0716762157563571,1600,0.3652942225440378,0.17872797110336905,0.5009712011623156,0.0743313534961421,0.5526966741201144,0.15997785023178096,0.7437739738561311,1600,0.570625,0.5955218931787484,0.9235136948999428,0.5304613583178552,0.024896893178748325,0.04068218528214099,0.045045486025199505,0.04367489470695041,0.04208619883920802,0.04617905471265032,1600,0.3261994229345539,0.16125237063847975,0.5009712011623156,0.0619163893233578,0.5252201565059804,0.15261959977190276,0.7489342065282714,0.0,-0.033498179209422885,-0.02910301293179629,-0.015775942681613864,-0.033498179209422885,-0.02280531567322075,-0.025867797029110087,-0.03514483844820612,-0.02959001691714904,-0.025497161043706786,0,-0.03909479960948392,-0.0174756004648893,0.0,-0.012414964172784301,-0.027476517614133944,-0.007358250459878202,0.005160232672140275
d1-omni,14,in-domain,per_type,choice,400,480,480,0.6020833333333333,0.570062556613215,0.9257491295122028,0.5172702181910765,-0.03202077672011827,0.04133961329960023,0.05110738993616691,0.07131581619278513,0.06041900093631487,0.057778490809045985,480,0.32279867620342856,0.1473601504115285,0.49080743273824984,,,,,480,0.6020833333333333,0.618731761416776,0.9351695329315997,0.5155106331597399,0.01664842808344269,0.046252781085838225,0.04635145123605538,0.06361728844725086,0.03891438828187681,0.05430134496820646,480,0.41342029408782904,0.16540549680184838,0.49080743273824984,,,,,0.0,0.04866920480356096,0.009420403419396872,-0.0017595850313366634,0.04866920480356096,0.004913167786237994,-0.0047559387001115325,-0.00769852774553427,-0.021504612654438066,-0.003477145840839524,0,0.09062161788440048,0.018045346390319877,0.0,,,,
d1-omni,14,in-domain,per_type,noul,400,480,480,0.7104166666666667,0.7443712024328609,0.5443446027006262,0.3716653537727748,0.03395453576619423,0.050526500338067645,0.06003969372250138,0.05504834878568849,0.033954535766194255,0.034844877663999775,480,0.1643900861138681,0.12649730124509714,0.65917013125,,,,,480,0.7104166666666667,0.7389763130984531,0.5431562585660004,0.37089895601752626,0.028559646431786434,0.047983541567253284,0.06005459357470543,0.05372994885650789,0.02855964643178657,0.0448807711152178,480,0.16032205347910997,0.1243740285892232,0.65917013125,,,,,0.0,-0.005394889334407793,-0.0011883441346258738,-0.0007663977552485601,-0.005394889334407793,-0.0025429587708143617,1.4899852204049158e-05,-0.0013183999291805984,-0.0053948893344076855,0.010035893451218025,0,-0.004068032634758134,-0.002123272655873948,0.0,,,,
d1-omni,14,in-domain,per_type,score,400,640,640,0.4421875,0.5867248616858712,1.2789714704197264,0.6988915735257842,0.14453736168587122,0.1553891848290176,0.15538918482901765,0.15983695302919196,0.1537538386025697,0.1537538386025697,640,0.5478439846221221,0.24142683901595344,0.3899448299146019,0.0743313534961421,0.5526966741201144,0.15997785023178096,0.7437739738561311,640,0.4421875,0.47052367706044923,1.2000398936266568,0.6613462039116883,0.02833617706044922,0.058697023749854874,0.058697023749854874,0.06759531036558089,0.06657833257195939,0.06657833257195936,640,0.3851917966611804,0.18579628255289568,0.3899448299146019,0.0619163893233578,0.5252201565059804,0.15261959977190276,0.7489342065282714,0.0,-0.116201184625422,-0.07893157679306961,-0.037545369614095936,-0.116201184625422,-0.09669216107916272,-0.09669216107916277,-0.09224164266361107,-0.0871755060306103,-0.08717550603061033,0,-0.16265218796094172,-0.055630556463057756,0.0,-0.012414964172784301,-0.027476517614133944,-0.007358250459878202,0.005160232672140275
d1-omni,14,ood,per_type,all,400,3000,3000,0.802,0.8175124793975249,0.49356355032935867,0.27520625697185885,0.01551247939752487,0.020371152227036757,0.024368578066935275,0.02440000903077209,0.021690329742884568,0.027345712840731215,,,,,,,0.06876334158367087,0.46693653653180345,3000,0.802,0.7878075940860836,0.5245738804120417,0.28509718296787606,-0.014192405913916462,0.05883238812711864,0.05906573588046836,0.058944795582434296,0.05804287958652071,0.061753711873374285,,,,,,,0.07460187579876959,0.5189720883175719,0.0,-0.02970488531144133,0.031010330082683002,0.009890925996017208,-0.02970488531144133,0.03846123590008188,0.03469715781353308,0.03454478655166221,0.036352549843636145,0.03440799903264307,,,,,,,0.005838534215098723,0.052035551785768464
d1-omni,14,ood,per_type,choice,400,1000,1000,0.871,0.8742857807425438,0.3811842004325214,0.19450206264324357,0.00328578074254382,0.011095569368739233,0.015979352628526424,0.021329163855847617,0.01678711230997334,0.02298641295816184,,,,,,,,,1000,0.871,0.9093391813283184,0.40650281504423647,0.1975240620792056,0.03833918132831837,0.03833918132831842,0.03849408734141315,0.03860275378672491,0.04046605806449709,0.04204413653002202,,,,,,,,,0.0,0.03505340058577455,0.025318614611715085,0.003021999435962014,0.03505340058577455,0.027243611959579188,0.022514734712886727,0.017273589930877294,0.02367894575452375,0.019057723571860183,,,,,,,,
d1-omni,14,ood,per_type,noul,400,1000,1000,0.901,0.9432314204015347,0.2887468860516532,0.16364282690775503,0.042231420401534714,0.042724886807562146,0.04342792972824103,0.05033073260630045,0.05219197965045897,0.052457974139651836,,,,,,,,,1000,0.901,0.9403996981189161,0.28388073798516994,0.16274919605007537,0.03939969811891608,0.04002554392390366,0.041913534186875455,0.04834483849138755,0.04946920430109836,0.04985184982425534,,,,,,,,,0.0,-0.0028317222826186317,-0.004866148066483278,-0.0008936308576796559,-0.0028317222826186317,-0.002699342883658487,-0.0015143955413655721,-0.0019858941149129006,-0.0027227753493606136,-0.002606124315396495,,,,,,,,
d1-omni,14,ood,per_type,score,400,1000,1000,0.634,0.6350202370484967,0.8107595645039014,0.467473881364578,0.0010202370484967416,0.013176887610125119,0.016725084452484596,0.04182437878468601,0.0208631530906699,0.021981095991194622,,,,,,,0.06876334158367087,0.46693653653180345,1000,0.634,0.513683902811016,0.8833380882067184,0.4950182907743473,-0.12031609718898406,0.12031609718898409,0.12031609718898406,0.12031609718898406,0.12186054720648466,0.12765359546097788,,,,,,,0.07460187579876959,0.5189720883175719,0.0,-0.1213363342374808,0.07257852370281703,0.027544409409769266,-0.1213363342374808,0.10713920957885897,0.10359101273649947,0.07849171840429806,0.10099739411581476,0.10567249946978326,,,,,,,0.005838534215098723,0.052035551785768464
d1-omni,14,in-domain,per_task,all,400,1600,1600,0.570625,0.6290200723881713,0.9526167078317391,0.5462373009994691,0.05839507238817121,0.06348750095536174,0.07091328305430959,0.07881973315515653,0.07167621575635706,0.0716762157563571,1600,0.3652942225440378,0.17872797110336905,0.5009712011623156,0.0743313534961421,0.5526966741201144,0.15997785023178096,0.7437739738561311,1600,0.570625,0.5977371879573488,0.9151097075374764,0.528388808371544,0.02711218795734871,0.034237362277661054,0.04338066710700831,0.052272799473925734,0.03848660987064359,0.04036303151241542,1600,0.32127754965834654,0.16062079526997294,0.5009712011623156,0.0611777772111415,0.5182569185797593,0.1506032420027967,0.7406442415923997,0.0,-0.0312828844308225,-0.03750700029426268,-0.017848492627925094,-0.0312828844308225,-0.029250138677700682,-0.027532615947301282,-0.026546933681230796,-0.03318960588571347,-0.03131318424394168,0,-0.04401667288569128,-0.018107175833396105,0.0,-0.0131535762850006,-0.034439755540355055,-0.009374608228984255,-0.0031297322637313663
d1-omni,14,in-domain,per_task,choice,400,480,480,0.6020833333333333,0.570062556613215,0.9257491295122028,0.5172702181910765,-0.03202077672011827,0.04133961329960023,0.05110738993616691,0.07131581619278513,0.06041900093631487,0.057778490809045985,480,0.32279867620342856,0.1473601504115285,0.49080743273824984,,,,,480,0.6020833333333333,0.6250780792697997,0.9231123795894953,0.508226387078477,0.022994745936466443,0.04045758307433015,0.06565426715011222,0.05778145728516977,0.04943371840617809,0.05735286279162094,480,0.3965863606399471,0.16419169204401365,0.49080743273824984,,,,,0.0,0.055015522656584714,-0.0026367499227074598,-0.009043831112599543,0.055015522656584714,-0.0008820302252700793,0.014546877213945306,-0.013534358907615354,-0.01098528253013678,-0.00042562801742504486,0,0.07378768443651856,0.016831541632485153,0.0,,,,
d1-omni,14,in-domain,per_task,noul,400,480,480,0.7104166666666667,0.7443712024328609,0.5443446027006262,0.3716653537727748,0.03395453576619423,0.050526500338067645,0.06003969372250138,0.05504834878568849,0.033954535766194255,0.034844877663999775,480,0.1643900861138681,0.12649730124509714,0.65917013125,,,,,480,0.7104166666666667,0.7282249656598797,0.539564637655179,0.37330032403071817,0.017808298993213012,0.03626777960032741,0.04744929808081768,0.05873812756593501,0.026203460112236468,0.0524391875562147,480,0.15453144990086898,0.12040482927338902,0.65917013125,,,,,0.0,-0.016146236772981215,-0.004779965045447199,0.0016349702579433467,-0.016146236772981215,-0.014258720737740233,-0.012590395641683703,0.003689778780246518,-0.007751075653957787,0.017594309892214922,0,-0.009858636212999122,-0.006092471971708119,0.0,,,,
d1-omni,14,in-domain,per_task,score,400,640,640,0.4421875,0.5867248616858712,1.2789714704197264,0.6988915735257842,0.14453736168587122,0.1553891848290176,0.15538918482901765,0.15983695302919196,0.1537538386025697,0.1537538386025697,640,0.5478439846221221,0.24142683901595344,0.3899448299146019,0.0743313534961421,0.5526966741201144,0.15997785023178096,0.7437739738561311,640,0.4421875,0.47936568619611253,1.1907665059101853,0.6598269875969638,0.03717818619611252,0.0591055237683364,0.06968983823730272,0.07254268518929241,0.06158674911730128,0.06288873074396002,640,0.3898555162402543,0.1881045971868803,0.3899448299146019,0.0611777772111415,0.5182569185797593,0.1506032420027967,0.7406442415923997,0.0,-0.10735917548975871,-0.08820496450954107,-0.03906458592882045,-0.10735917548975871,-0.09628366106068119,-0.08569934659171492,-0.08729426783989955,-0.09216708948526842,-0.09086510785860967,0,-0.15798846838186786,-0.053322241829073136,0.0,-0.0131535762850006,-0.034439755540355055,-0.009374608228984255,-0.0031297322637313663
d1-omni,15,in-domain,global,all,400,1600,1600,0.583125,0.6297847924844825,0.9270484972461115,0.5295126783968693,0.04665979248448249,0.05154540732450187,0.05538173172172805,0.07080887507663217,0.05667113940855036,0.05667113940855033,1600,0.35829554679999887,0.1740615516823936,0.5097893222675283,0.07185942132185215,0.5464269829024818,0.15478277766917642,0.7340261974004846,1600,0.583125,0.5445630740838319,0.918506464108699,0.5265805945429585,-0.03856192591616814,0.04068920692255076,0.04068920692255075,0.04708433133481394,0.03856192591616816,0.04175685268029122,1600,0.27716402069638213,0.1481749551825131,0.5097893222675283,0.062235057583918965,0.5296324398250064,0.15026458510274895,0.7474943580723518,0.0,-0.08522171840065063,-0.00854203313741253,-0.0029320838539108607,-0.08522171840065063,-0.010856200401951115,-0.0146925247991773,-0.023724543741818226,-0.018109213492382203,-0.014914286728259105,0,-0.08113152610361674,-0.025886596499880482,0.0,-0.009624363737933184,-0.01679454307747541,-0.004518192566427465,0.01346816067186718
d1-omni,15,in-domain,global,choice,400,480,480,0.6104166666666667,0.5705385781199344,0.895076739164461,0.5026068447377983,-0.03987808854673236,0.049821635165680334,0.07133537636100912,0.08460320101006322,0.06635481694909011,0.05876264720710573,480,0.3116951941185811,0.14214759084103573,0.49843034408200687,,,,,480,0.6104166666666667,0.48782765698776637,0.945996829234844,0.5260771829499616,-0.12258900967890035,0.12258900967890032,0.12258900967890031,0.13624289138236426,0.12258900967890027,0.12444299902796738,480,0.2586295027040745,0.13200416575056234,0.49843034408200687,,,,,0.0,-0.08271092113216799,0.050920090070383006,0.023470338212163377,-0.08271092113216799,0.07276737451321999,0.05125363331789119,0.05163969037230104,0.05623419272981016,0.06568035182086165,0,-0.05306569141450662,-0.01014342509047339,0.0,,,,
d1-omni,15,in-domain,global,noul,400,480,480,0.725,0.7443764255828379,0.5263365603752425,0.35623107477549387,0.01937642558283792,0.028216155942451814,0.041789775110858816,0.04665082126739435,0.019376425582837944,0.023881050461204714,480,0.16218738539070998,0.1244585902853225,0.6681840104166666,,,,,480,0.725,0.6784068685365653,0.5367510005130636,0.36150343141501656,-0.04659313146343469,0.052545980079861984,0.05978791054730523,0.07144839298685264,0.05026748513180303,0.052824275640609604,480,0.14044071850644252,0.11108574631762279,0.6681840104166666,,,,,0.0,-0.06596955704627261,0.010414440137821113,0.005272356639522691,-0.06596955704627261,0.02432982413741017,0.017998135436446412,0.02479757171945829,0.030891059548965084,0.02894322517940489,0,-0.021746666884267463,-0.013372843967699707,0.0,,,,
d1-omni,15,in-domain,global,score,400,640,640,0.45625,0.588275728434127,1.2515612684605013,0.6796532563572042,0.13202572843412702,0.13631141182726542,0.13631141182726542,0.14067469887044678,0.13530927311576915,0.1354457074329302,640,0.540326932368029,0.23519924336121525,0.3995125397948157,0.07185942132185215,0.5464269829024818,0.15478277766917642,0.7340261974004846,640,0.45625,0.4867317910663308,1.184205287960817,0.6507660255836628,0.03048179106633081,0.06001188704381574,0.06549230055957436,0.06324169084454943,0.04032628786103223,0.04484506972133585,640,0.39360738583306765,0.1881199539051439,0.3995125397948157,0.062235057583918965,0.5296324398250064,0.15026458510274895,0.7474943580723518,0.0,-0.10154393736779621,-0.06735598049968439,-0.028887230773541384,-0.10154393736779621,-0.07629952478344967,-0.07081911126769105,-0.07743300802589735,-0.09498298525473692,-0.09060063771159434,0,-0.14671954653496133,-0.047079289456071344,0.0,-0.009624363737933184,-0.01679454307747541,-0.004518192566427465,0.01346816067186718
d1-omni,15,ood,global,all,400,3000,3000,0.802,0.8175124793975249,0.49356355032935867,0.27520625697185885,0.01551247939752487,0.020371152227036757,0.024368578066935275,0.02440000903077209,0.021690329742884568,0.027345712840731215,,,,,,,0.06876334158367087,0.46693653653180345,3000,0.802,0.7341944249904232,0.5161179127645071,0.284755626228908,-0.06780557500957685,0.0678055750095768,0.06780557500957686,0.06780557500957683,0.06880894620852168,0.06941886019042076,,,,,,,0.07321316376924161,0.5098459884998989,0.0,-0.08331805440710172,0.022554362435148467,0.009549369257049134,-0.08331805440710172,0.04743442278254005,0.04343699694264158,0.04340556597880474,0.047118616465637114,0.042073147349689546,,,,,,,0.004449822185570745,0.04290945196809548
d1-omni,15,ood,global,choice,400,1000,1000,0.871,0.8742857807425438,0.3811842004325214,0.19450206264324357,0.00328578074254382,0.011095569368739233,0.015979352628526424,0.021329163855847617,0.01678711230997334,0.02298641295816184,,,,,,,,,1000,0.871,0.7780321945437713,0.4197325094132961,0.20962012865855933,-0.09296780545622874,0.09296780545622864,0.09296780545622858,0.09296780545622864,0.0944372126991404,0.09463021581241102,,,,,,,,,0.0,-0.09625358619877256,0.038548308980774715,0.015118066015315762,-0.09625358619877256,0.0818722360874894,0.07698845282770216,0.07163864160038103,0.07765010038916706,0.07164380285424918,,,,,,,,
d1-omni,15,ood,global,noul,400,1000,1000,0.901,0.9432314204015347,0.2887468860516532,0.16364282690775503,0.042231420401534714,0.042724886807562146,0.04342792972824103,0.05033073260630045,0.05219197965045897,0.052457974139651836,,,,,,,,,1000,0.901,0.8948006632671338,0.2607570288055204,0.15606296159364388,-0.006199336732866212,0.008871274033183506,0.02041394066779264,0.02557592015928232,0.016982871186250532,0.022251672481994767,,,,,,,,,0.0,-0.048430757134400926,-0.027989857246132843,-0.007579865314111145,-0.048430757134400926,-0.033853612774378636,-0.023013989060448388,-0.024754812447018132,-0.03520910846420844,-0.03020630165765707,,,,,,,,
d1-omni,15,ood,global,score,400,1000,1000,0.634,0.6350202370484967,0.8107595645039014,0.467473881364578,0.0010202370484967416,0.013176887610125119,0.016725084452484596,0.04182437878468601,0.0208631530906699,0.021981095991194622,,,,,,,0.06876334158367087,0.46693653653180345,1000,0.634,0.5297504171603643,0.867864200074705,0.48858378843452077,-0.1042495828396357,0.10424958283963573,0.10424958283963577,0.10614859013296214,0.10671568916775474,0.10991425867107033,,,,,,,0.07321316376924161,0.5098459884998989,0.0,-0.10526981988813244,0.057104635570803586,0.021109907069942757,-0.10526981988813244,0.09107269522951061,0.08752449838715118,0.06432421134827612,0.08585253607708485,0.0879331626798757,,,,,,,0.004449822185570745,0.04290945196809548
d1-omni,15,in-domain,per_type,all,400,1600,1600,0.583125,0.6297847924844825,0.9270484972461115,0.5295126783968693,0.04665979248448249,0.05154540732450187,0.05538173172172805,0.07080887507663217,0.05667113940855036,0.05667113940855033,1600,0.35829554679999887,0.1740615516823936,0.5097893222675283,0.07185942132185215,0.5464269829024818,0.15478277766917642,0.7340261974004846,1600,0.583125,0.548621103455352,0.9047343626908528,0.5193171765182472,-0.03450389654464803,0.04009761421232575,0.045062913649120136,0.04276625344434925,0.03587175479045688,0.04238994826794971,1600,0.27600430862467484,0.14568160960232696,0.5097893222675283,0.06051739735388274,0.5340054528128187,0.15136180530212412,0.7616051787541075,0.0,-0.08116368902913051,-0.022314134555258658,-0.01019550187862217,-0.08116368902913051,-0.01144779311217612,-0.010318818072607913,-0.028042621632282917,-0.020799384618093483,-0.01428119114060062,0,-0.08229123817532402,-0.02837994208006664,0.0,-0.011342023967969406,-0.012421530089663069,-0.0034209723670522996,0.02757898135362291
d1-omni,15,in-domain,per_type,choice,400,480,480,0.6104166666666667,0.5705385781199344,0.895076739164461,0.5026068447377983,-0.03987808854673236,0.049821635165680334,0.07133537636100912,0.08460320101006322,0.06635481694909011,0.05876264720710573,480,0.3116951941185811,0.14214759084103573,0.49843034408200687,,,,,480,0.6104166666666667,0.5513928381599188,0.9016023699213115,0.5061068085955448,-0.05902382850674792,0.0670939113105751,0.07874719058955987,0.0987755686445863,0.06208011711227324,0.06228257648901896,480,0.2903561231903622,0.13773685842351036,0.49843034408200687,,,,,0.0,-0.019145739960015562,0.006525630756850531,0.0034999638577465353,-0.019145739960015562,0.017272276144894766,0.0074118142285507504,0.014172367634523078,-0.004274699836816866,0.003519929281913234,0,-0.021339070928218906,-0.004410732417525376,0.0,,,,
d1-omni,15,in-domain,per_type,noul,400,480,480,0.725,0.7443764255828379,0.5263365603752425,0.35623107477549387,0.01937642558283792,0.028216155942451814,0.041789775110858816,0.04665082126739435,0.019376425582837944,0.023881050461204714,480,0.16218738539070998,0.1244585902853225,0.6681840104166666,,,,,480,0.725,0.6891130146097757,0.5328130376052924,0.35919896291460307,-0.03588698539022428,0.04300896331142316,0.054492059144670306,0.06423228907925527,0.058206855083151515,0.05375529839607631,480,0.14094453452474112,0.11178741027582935,0.6681840104166666,,,,,0.0,-0.0552634109730622,0.0064764772300499596,0.0029678881391091982,-0.0552634109730622,0.014792807368971348,0.01270228403381149,0.017581467811860915,0.03883042950031357,0.029874247934871596,0,-0.02124285086596886,-0.012671180009493146,0.0,,,,
d1-omni,15,in-domain,per_type,score,400,640,640,0.45625,0.588275728434127,1.2515612684605013,0.6796532563572042,0.13202572843412702,0.13631141182726542,0.13631141182726542,0.14067469887044678,0.13530927311576915,0.1354457074329302,640,0.540326932368029,0.23519924336121525,0.3995125397948157,0.07185942132185215,0.5464269829024818,0.15478277766917642,0.7340261974004846,640,0.45625,0.441173369061109,1.1860243510821789,0.6493136126630068,-0.015076630938891,0.04074433069929542,0.042429280330068375,0.05385963446243046,0.03321816886201949,0.05080969717379197,640,0.36653527827535953,0.1770608224813126,0.3995125397948157,0.06051739735388274,0.5340054528128187,0.15136180530212412,0.7616051787541075,0.0,-0.14710235937301802,-0.06553691737832246,-0.030339643694197393,-0.14710235937301802,-0.09556708112797,-0.09388213149719704,-0.08681506440801633,-0.10209110425374966,-0.08463601025913822,0,-0.17379165409266945,-0.05813842087990265,0.0,-0.011342023967969406,-0.012421530089663069,-0.0034209723670522996,0.02757898135362291
d1-omni,15,ood,per_type,all,400,3000,3000,0.802,0.8175124793975249,0.49356355032935867,0.27520625697185885,0.01551247939752487,0.020371152227036757,0.024368578066935275,0.02440000903077209,0.021690329742884568,0.027345712840731215,,,,,,,0.06876334158367087,0.46693653653180345,3000,0.802,0.7465482373729266,0.521588744041924,0.2879184542655446,-0.05545176262707341,0.05663811552862001,0.05670575396058372,0.06164191000618565,0.05782953109875727,0.059635585022409364,,,,,,,0.07856251267728312,0.543389208178951,0.0,-0.07096424202459828,0.028025193712565344,0.012712197293685723,-0.07096424202459828,0.03626696330158326,0.03233717589364844,0.037241900975413564,0.0361392013558727,0.03228987218167815,,,,,,,0.009799171093612252,0.07645267164714753
d1-omni,15,ood,per_type,choice,400,1000,1000,0.871,0.8742857807425438,0.3811842004325214,0.19450206264324357,0.00328578074254382,0.011095569368739233,0.015979352628526424,0.021329163855847617,0.01678711230997334,0.02298641295816184,,,,,,,,,1000,0.871,0.8566553695997985,0.38053662598609106,0.19503925541472408,-0.014344630400201508,0.01817340288181415,0.021524060922114712,0.027868536756241766,0.019355252874592197,0.027241363568544362,,,,,,,,,0.0,-0.017630411142745328,-0.0006475744464303212,0.0005371927714805103,-0.017630411142745328,0.007077833513074918,0.005544708293588288,0.00653937290039415,0.0025681405646188586,0.004254950610382523,,,,,,,,
d1-omni,15,ood,per_type,noul,400,1000,1000,0.901,0.9432314204015347,0.2887468860516532,0.16364282690775503,0.042231420401534714,0.042724886807562146,0.04342792972824103,0.05033073260630045,0.05219197965045897,0.052457974139651836,,,,,,,,,1000,0.901,0.9050302120518049,0.26051266630508474,0.15647341414350568,0.004030212051804871,0.011103293198251808,0.02187566875554282,0.028125316396900867,0.016143319911887808,0.020541973299778988,,,,,,,,,0.0,-0.03820120834972984,-0.02823421974656848,-0.007169412764249344,-0.03820120834972984,-0.03162159360931034,-0.021552260972698207,-0.022205416209399583,-0.03604865973857116,-0.03191600083987285,,,,,,,,
d1-omni,15,ood,per_type,score,400,1000,1000,0.634,0.6350202370484967,0.8107595645039014,0.467473881364578,0.0010202370484967416,0.013176887610125119,0.016725084452484596,0.04182437878468601,0.0208631530906699,0.021981095991194622,,,,,,,0.06876334158367087,0.46693653653180345,1000,0.634,0.4779591304671766,0.9237169398345964,0.5122426932384042,-0.15604086953282342,0.15604086953282345,0.15604086953282342,0.15604086953282345,0.15797501564292954,0.1584374320534399,,,,,,,0.07856251267728312,0.543389208178951,0.0,-0.15706110658132016,0.11295737533069494,0.0447688118738262,-0.15706110658132016,0.14286398192269834,0.13931578508033882,0.11421649074813744,0.13711186255225963,0.13645633606224528,,,,,,,0.009799171093612252,0.07645267164714753
d1-omni,15,in-domain,per_task,all,400,1600,1600,0.583125,0.6297847924844825,0.9270484972461115,0.5295126783968693,0.04665979248448249,0.05154540732450187,0.05538173172172805,0.07080887507663217,0.05667113940855036,0.05667113940855033,1600,0.35829554679999887,0.1740615516823936,0.5097893222675283,0.07185942132185215,0.5464269829024818,0.15478277766917642,0.7340261974004846,1600,0.583125,0.5584208406705371,0.8986895558505966,0.5187248263836258,-0.024704159329462905,0.032782964640382564,0.038004308521623106,0.05002061823757851,0.04172618846166192,0.04234337958105374,1600,0.2954599727738875,0.1524146650306159,0.5097893222675283,0.059778098165344386,0.5266083678812248,0.14952834065896964,0.7566858709318878,0.0,-0.07136395181394539,-0.02835894139551487,-0.010787852013243504,-0.07136395181394539,-0.018762442684119307,-0.017377423200104943,-0.020788256839053658,-0.014944950946888441,-0.014327759827496588,0,-0.06283557402611134,-0.02164688665177769,0.0,-0.012081323156507763,-0.019818615021257036,-0.0052544370102067806,0.02265967353140319
d1-omni,15,in-domain,per_task,choice,400,480,480,0.6104166666666667,0.5705385781199344,0.895076739164461,0.5026068447377983,-0.03987808854673236,0.049821635165680334,0.07133537636100912,0.08460320101006322,0.06635481694909011,0.05876264720710573,480,0.3116951941185811,0.14214759084103573,0.49843034408200687,,,,,480,0.6104166666666667,0.5874711871314362,0.8983401405954962,0.5001186304777152,-0.022945479535230517,0.04461210395510682,0.05726961059300735,0.07544929559163216,0.04213346708125352,0.05166635981443666,480,0.35920079553668044,0.16056919331238037,0.49843034408200687,,,,,0.0,0.016932609011501842,0.0032634014310352066,-0.002488214260083055,0.016932609011501842,-0.005209531210573513,-0.014065765768001767,-0.009153905418431058,-0.02422134986783659,-0.007096287392669071,0,0.04750560141809934,0.01842160247134464,0.0,,,,
d1-omni,15,in-domain,per_task,noul,400,480,480,0.725,0.7443764255828379,0.5263365603752425,0.35623107477549387,0.01937642558283792,0.028216155942451814,0.041789775110858816,0.04665082126739435,0.019376425582837944,0.023881050461204714,480,0.16218738539070998,0.1244585902853225,0.6681840104166666,,,,,480,0.725,0.68323552801037,0.5312293055702308,0.36124673628896325,-0.04176447198962996,0.051078817772062586,0.05159809275304024,0.06473454555230104,0.04418134217470427,0.05236979347970122,480,0.13472067458715553,0.10915133607283109,0.6681840104166666,,,,,0.0,-0.06114089757246788,0.0048927451949883904,0.005015661513469383,-0.06114089757246788,0.022862661829610772,0.009808317642181423,0.01808372428490669,0.024804916591866327,0.028488743018496507,0,-0.02746671080355445,-0.015307254212491406,0.0,,,,
d1-omni,15,in-domain,per_task,score,400,640,640,0.45625,0.588275728434127,1.2515612684605013,0.6796532563572042,0.13202572843412702,0.13631141182726542,0.13631141182726542,0.14067469887044678,0.13530927311576915,0.1354457074329302,640,0.540326932368029,0.23519924336121525,0.3995125397948157,0.07185942132185215,0.5464269829024818,0.15478277766917642,0.7340261974004846,640,0.45625,0.443022065319988,1.1745468050021965,0.6507880408840558,-0.013227934680011988,0.03926405383709789,0.050788860656683525,0.06908883349400667,0.054773803481830204,0.058311472474741256,640,0.3682088293418417,0.17874626553763115,0.3995125397948157,0.059778098165344386,0.5266083678812248,0.14952834065896964,0.7566858709318878,0.0,-0.145253663114139,-0.07701446345830476,-0.028865215473148353,-0.145253663114139,-0.09704735799016753,-0.08552255117058188,-0.07158586537644011,-0.08053546963393896,-0.07713423495818894,0,-0.1721181030261873,-0.056452977823584105,0.0,-0.012081323156507763,-0.019818615021257036,-0.0052544370102067806,0.02265967353140319
d1-omni,16,in-domain,global,all,400,1600,1600,0.56375,0.6283640243549964,0.9623052882568234,0.5507460977073316,0.06461402435499641,0.07101050442171315,0.0784713655968276,0.0865902629836004,0.07925339815469021,0.0792533981546901,1600,0.3735130811549411,0.18185781452744318,0.49685837018106777,0.07651062850934102,0.5654865338090788,0.16378459804966083,0.7573587505882124,1600,0.56375,0.6017463522723644,0.9470786302742548,0.5448825886018948,0.03799635227236442,0.05478063994835551,0.05478063994835552,0.060937417227341244,0.052496003366963,0.0528279043532836,1600,0.33426451376518185,0.1697867484728171,0.49685837018106777,0.07187851311023541,0.5542789032329802,0.16028108505932406,0.7558475675482915,0.0,-0.026617672082631993,-0.015226657982568614,-0.00586350910543687,-0.026617672082631993,-0.01622986447335764,-0.023690725648472084,-0.025652845756259153,-0.026757394787727207,-0.026425493801406498,0,-0.03924856738975924,-0.012071066054626073,0.0,-0.004632115399105616,-0.011207630576098526,-0.003503512990336771,-0.001511183039920927
d1-omni,16,in-domain,global,choice,400,480,480,0.6020833333333333,0.5699336459470634,0.9243258373465103,0.5201058948758551,-0.03214968738626989,0.043908808895263274,0.07175842461106263,0.07862017078158809,0.07496053824627004,0.062495128501346364,480,0.32380518135181674,0.14737678901347653,0.4868549472868632,,,,,480,0.6020833333333333,0.5446319518274457,0.9296665003362091,0.5234947295604246,-0.05745138150588758,0.0574513815058876,0.08133403828961885,0.08822731219615526,0.07023651120680893,0.07462446389905555,480,0.2934299486738821,0.14062139844442534,0.4868549472868632,,,,,0.0,-0.02530169411961769,0.005340662989698819,0.0033888346845695194,-0.02530169411961769,0.013542572610624325,0.009575613678556222,0.009607141414567172,-0.004724027039461107,0.01212933539770919,0,-0.030375232677934627,-0.006755390569051195,0.0,,,,
d1-omni,16,in-domain,global,noul,400,480,480,0.7020833333333333,0.7407900389264493,0.542053486416989,0.36994890492865373,0.038706705593116064,0.056790167774306656,0.06225518083083441,0.06279924178379588,0.050908856526560485,0.044922176436133075,480,0.16585914979118885,0.1285121036452234,0.66057985,,,,,480,0.7020833333333333,0.7208278540445635,0.5394303914090602,0.3679966987288993,0.018744520711230228,0.05112976103776258,0.055843134637811126,0.057798740129082045,0.03426254905710807,0.046616493177006876,480,0.15335311097049692,0.12180746881278447,0.66057985,,,,,0.0,-0.019962184881885836,-0.0026230950079287885,-0.001952206199754447,-0.019962184881885836,-0.0056604067365440755,-0.0064120461930232825,-0.005000501654713836,-0.016646307469452414,0.001694316740873801,0,-0.012506038820691928,-0.006704634832438924,0.0,,,,
d1-omni,16,in-domain,global,score,400,640,640,0.43125,0.5878672972323565,1.3059787278194341,0.7093241444149475,0.1566172972323565,0.15771739446779237,0.16069992177427855,0.16546595588841814,0.1613884311483561,0.1613884311483561,640,0.5665344545300985,0.24772786682458303,0.381569827487522,0.07651062850934102,0.5654865338090788,0.16378459804966083,0.7573587505882124,640,0.43125,0.5552710262769043,1.2658739068766849,0.6935879002877439,0.12402102627690426,0.12861875643868556,0.13366877011295622,0.13021905027022246,0.12844830655624243,0.1292780590220439,640,0.5005739896796705,0.2276452207391353,0.381569827487522,0.07187851311023541,0.5542789032329802,0.16028108505932406,0.7558475675482915,0.0,-0.032596270955452256,-0.04010482094274925,-0.015736244127203647,-0.032596270955452256,-0.02909863802910681,-0.027031151661322333,-0.035246905618195684,-0.03294012459211368,-0.03211037212631221,0,-0.06596046485042806,-0.020082646085447742,0.0,-0.004632115399105616,-0.011207630576098526,-0.003503512990336771,-0.001511183039920927
d1-omni,16,ood,global,all,400,3000,3000,0.802,0.8175124793975249,0.49356355032935867,0.27520625697185885,0.01551247939752487,0.020371152227036757,0.024368578066935275,0.02440000903077209,0.021690329742884568,0.027345712840731215,,,,,,,0.06876334158367087,0.46693653653180345,3000,0.802,0.7948251606682382,0.4912250647746405,0.27528392141939106,-0.007174839331761884,0.018327238511649125,0.019102326737841062,0.02154036666168445,0.022793271880001194,0.022475419319819417,,,,,,,0.06937735757141818,0.4779700770034229,0.0,-0.022687318729286754,-0.0023384855547181616,7.76644475322108e-05,-0.022687318729286754,-0.0020439137153876324,-0.005266251329094213,-0.0028596423690876414,0.0011029421371166262,-0.004870293520911798,,,,,,,0.00061401598774731,0.011033540471619474
d1-omni,16,ood,global,choice,400,1000,1000,0.871,0.8742857807425438,0.3811842004325214,0.19450206264324357,0.00328578074254382,0.011095569368739233,0.015979352628526424,0.021329163855847617,0.01678711230997334,0.02298641295816184,,,,,,,,,1000,0.871,0.850119326904023,0.38155808695991256,0.19552792734650334,-0.020880673095976965,0.02290816110102074,0.025095737209071274,0.030664846626578736,0.022649493707837465,0.031144179618304825,,,,,,,,,0.0,-0.024166453838520785,0.0003738865273911762,0.0010258647032597712,-0.024166453838520785,0.011812591732281507,0.00911638458054485,0.00933568277073112,0.005862381397864127,0.008157766660142986,,,,,,,,
d1-omni,16,ood,global,noul,400,1000,1000,0.901,0.9432314204015347,0.2887468860516532,0.16364282690775503,0.042231420401534714,0.042724886807562146,0.04342792972824103,0.05033073260630045,0.05219197965045897,0.052457974139651836,,,,,,,,,1000,0.901,0.9315393919163489,0.27264837402088316,0.1603722851404519,0.030539391916348912,0.031710890044793445,0.03697721639784871,0.04217547649843228,0.04036350184893989,0.03984636462402191,,,,,,,,,0.0,-0.011692028485185801,-0.016098512030770062,-0.0032705417673031256,-0.011692028485185801,-0.0110139967627687,-0.0064507133303923145,-0.008155256107868172,-0.011828477801519084,-0.012611609515629923,,,,,,,,
d1-omni,16,ood,global,score,400,1000,1000,0.634,0.6350202370484967,0.8107595645039014,0.467473881364578,0.0010202370484967416,0.013176887610125119,0.016725084452484596,0.04182437878468601,0.0208631530906699,0.021981095991194622,,,,,,,0.06876334158367087,0.46693653653180345,1000,0.634,0.6028167631843423,0.8194687333431259,0.46995155177121795,-0.03118323681565771,0.0349726460559321,0.03599624781688765,0.04170129528894032,0.0416694580686047,0.044124184071240365,,,,,,,0.06937735757141818,0.4779700770034229,0.0,-0.03220347386415445,0.008709168839224457,0.0024776704066399313,-0.03220347386415445,0.021795758445806983,0.019271163364403054,-0.00012308349574569055,0.020806304977934797,0.022143088080045743,,,,,,,0.00061401598774731,0.011033540471619474
d1-omni,16,in-domain,per_type,all,400,1600,1600,0.56375,0.6283640243549964,0.9623052882568234,0.5507460977073316,0.06461402435499641,0.07101050442171315,0.0784713655968276,0.0865902629836004,0.07925339815469021,0.0792533981546901,1600,0.3735130811549411,0.18185781452744318,0.49685837018106777,0.07651062850934102,0.5654865338090788,0.16378459804966083,0.7573587505882124,1600,0.56375,0.6077183265953116,0.9340032095389617,0.5371241309682226,0.04396832659531158,0.05295320782583017,0.05731692472714325,0.05337144782019551,0.05727830252624042,0.05699935906703131,1600,0.3451042696565392,0.16879482663979858,0.49685837018106777,0.06646551985061915,0.5430165064046859,0.15677888590724462,0.7561810277398504,0.0,-0.020645697759684833,-0.028302078717861723,-0.013621966739108982,-0.020645697759684833,-0.018057296595882982,-0.021154440869684356,-0.033218815163404886,-0.021975095628449785,-0.022254039087658786,0,-0.02840881149840191,-0.013062987887644595,0.0,-0.01004510865872188,-0.022470027404392856,-0.007005712142416215,-0.0011777228483620394
d1-omni,16,in-domain,per_type,choice,400,480,480,0.6020833333333333,0.5699336459470634,0.9243258373465103,0.5201058948758551,-0.03214968738626989,0.043908808895263274,0.07175842461106263,0.07862017078158809,0.07496053824627004,0.062495128501346364,480,0.32380518135181674,0.14737678901347653,0.4868549472868632,,,,,480,0.6020833333333333,0.6196888776183637,0.9345238114347788,0.519633436565025,0.01760554428503036,0.0542635939793403,0.06263838570710406,0.07952148953629856,0.04908299520924489,0.06137570468499948,480,0.41849604338245344,0.16681655199868123,0.4868549472868632,,,,,0.0,0.04975523167130025,0.010197974088268502,-0.0004724583108300928,0.04975523167130025,0.010354785084077028,-0.009120038903958572,0.0009013187547104728,-0.02587754303702515,-0.0011194238163468873,0,0.0946908620306367,0.019439762985204695,0.0,,,,
d1-omni,16,in-domain,per_type,noul,400,480,480,0.7020833333333333,0.7407900389264493,0.542053486416989,0.36994890492865373,0.038706705593116064,0.056790167774306656,0.06225518083083441,0.06279924178379588,0.050908856526560485,0.044922176436133075,480,0.16585914979118885,0.1285121036452234,0.66057985,,,,,480,0.7020833333333333,0.728981107714412,0.5399905596387348,0.3685526578478136,0.026897774381078765,0.05173558745717626,0.05844610034628515,0.05939424719727336,0.032907735438613826,0.046739595674654154,480,0.1577918622571193,0.12431290647028889,0.66057985,,,,,0.0,-0.011808931212037299,-0.0020629267782542593,-0.0013962470808401295,-0.011808931212037299,-0.005054580317130394,-0.0038090804845492612,-0.0034049945865225195,-0.01800112108794666,0.0018174192385210786,0,-0.008067287534069545,-0.004199197174934499,0.0,,,,
d1-omni,16,in-domain,per_type,score,400,640,640,0.43125,0.5878672972323565,1.3059787278194341,0.7093241444149475,0.1566172972323565,0.15771739446779237,0.16069992177427855,0.16546595588841814,0.1613884311483561,0.1613884311483561,640,0.5665344545300985,0.24772786682458303,0.381569827487522,0.07651062850934102,0.5654865338090788,0.16378459804966083,0.7573587505882124,640,0.43125,0.5077933274886972,1.2291222455422692,0.6766707566109276,0.07654332748869719,0.09040292014066822,0.09419361104062784,0.09220313333394617,0.09097511176615437,0.09089269515227592,640,0.4305447449116685,0.2036399727477689,0.381569827487522,0.06646551985061915,0.5430165064046859,0.15677888590724462,0.7561810277398504,0.0,-0.08007396974365932,-0.0768564822771649,-0.03265338780401994,-0.08007396974365932,-0.06731447432712415,-0.06650631073365071,-0.07326282255447197,-0.07041331938220173,-0.07049573599608018,0,-0.13598970961843004,-0.04408789407681413,0.0,-0.01004510865872188,-0.022470027404392856,-0.007005712142416215,-0.0011777228483620394
d1-omni,16,ood,per_type,all,400,3000,3000,0.802,0.8175124793975249,0.49356355032935867,0.27520625697185885,0.01551247939752487,0.020371152227036757,0.024368578066935275,0.02440000903077209,0.021690329742884568,0.027345712840731215,,,,,,,0.06876334158367087,0.46693653653180345,3000,0.802,0.800156118859157,0.5113235664819975,0.2799489636014854,-0.0018438811408429956,0.0410317429866993,0.04129205933824802,0.041156150683960446,0.04132310876968373,0.044505589254350574,,,,,,,0.07153468121693338,0.4980265003154044,0.0,-0.017356360538367865,0.017760016152638836,0.0047427066296265585,-0.017356360538367865,0.020660590759662544,0.016923481271312744,0.016756141653188356,0.019632779026799163,0.01715987641361936,,,,,,,0.0027713396332625095,0.03108996378360096
d1-omni,16,ood,per_type,choice,400,1000,1000,0.871,0.8742857807425438,0.3811842004325214,0.19450206264324357,0.00328578074254382,0.011095569368739233,0.015979352628526424,0.021329163855847617,0.01678711230997334,0.02298641295816184,,,,,,,,,1000,0.871,0.910117299689735,0.4076417349118415,0.1976667633705543,0.039117299689734986,0.03911729968973491,0.03926406500709673,0.03936748690351072,0.04120592354317537,0.04183292897519242,,,,,,,,,0.0,0.035831518947191165,0.026457534479320144,0.003164700727310732,0.035831518947191165,0.028021730320995676,0.023284712378570303,0.0180383230476631,0.024418811233202033,0.01884651601703058,,,,,,,,
d1-omni,16,ood,per_type,noul,400,1000,1000,0.901,0.9432314204015347,0.2887468860516532,0.16364282690775503,0.042231420401534714,0.042724886807562146,0.04342792972824103,0.05033073260630045,0.05219197965045897,0.052457974139651836,,,,,,,,,1000,0.901,0.936611202249763,0.27841693142603535,0.16165769462367346,0.035611202249762997,0.03644541677961129,0.039831793607568514,0.04569399618153239,0.04461543227622524,0.044860130757388386,,,,,,,,,0.0,-0.006620218151771717,-0.010329954625617865,-0.0019851322840815644,-0.006620218151771717,-0.006279470027950859,-0.0035961361206725134,-0.004636736424768063,-0.00757654737423373,-0.00759784338226345,,,,,,,,
d1-omni,16,ood,per_type,score,400,1000,1000,0.634,0.6350202370484967,0.8107595645039014,0.467473881364578,0.0010202370484967416,0.013176887610125119,0.016725084452484596,0.04182437878468601,0.0208631530906699,0.021981095991194622,,,,,,,0.06876334158367087,0.46693653653180345,1000,0.634,0.5537398546379733,0.8479120331081154,0.4805224328102284,-0.08026014536202675,0.08026014536202675,0.08026014536202672,0.0858209152016217,0.08141134987551132,0.08676984478617976,,,,,,,0.07153468121693338,0.4980265003154044,0.0,-0.08128038241052349,0.03715246860421395,0.01304855144565037,-0.08128038241052349,0.06708325775190163,0.06353506090954213,0.04399653641693569,0.06054819678484143,0.06478874879498514,,,,,,,0.0027713396332625095,0.03108996378360096
d1-omni,16,in-domain,per_task,all,400,1600,1600,0.56375,0.6283640243549964,0.9623052882568234,0.5507460977073316,0.06461402435499641,0.07101050442171315,0.0784713655968276,0.0865902629836004,0.07925339815469021,0.0792533981546901,1600,0.3735130811549411,0.18185781452744318,0.49685837018106777,0.07651062850934102,0.5654865338090788,0.16378459804966083,0.7573587505882124,1600,0.56375,0.6109293072167595,0.9291204039085463,0.5366268516851774,0.04717930721675956,0.06723905514466547,0.06723905514466545,0.06723905514466542,0.06324391792048059,0.06324391792048063,1600,0.35665494520388213,0.17299024526569948,0.49685837018106777,0.06533610647353788,0.5335931842243774,0.15478350888872522,0.7484816315827273,0.0,-0.017434717138236855,-0.033184884348277044,-0.014119246022154197,-0.017434717138236855,-0.0037714492770476865,-0.01123231045216215,-0.019351207838934972,-0.016009480234209617,-0.016009480234209464,0,-0.01685813595105895,-0.008867569261743702,0.0,-0.011174522035803144,-0.03189334958470136,-0.009001089160935616,-0.008877119005485157
d1-omni,16,in-domain,per_task,choice,400,480,480,0.6020833333333333,0.5699336459470634,0.9243258373465103,0.5201058948758551,-0.03214968738626989,0.043908808895263274,0.07175842461106263,0.07862017078158809,0.07496053824627004,0.062495128501346364,480,0.32380518135181674,0.14737678901347653,0.4868549472868632,,,,,480,0.6020833333333333,0.6383026459998964,0.940017532462153,0.5226730554319128,0.036219312666563086,0.08864632130213188,0.10015976369464245,0.10251136374192545,0.09043407200020702,0.11022861556277055,480,0.469842771920788,0.18542335376044286,0.4868549472868632,,,,,0.0,0.06836900005283297,0.015691695115642723,0.002567160556057657,0.06836900005283297,0.0447375124068686,0.02840133908357982,0.023891192960337357,0.01547353375393698,0.04773348706142419,0,0.14603759056897125,0.03804656474696633,0.0,,,,
d1-omni,16,in-domain,per_task,noul,400,480,480,0.7020833333333333,0.7407900389264493,0.542053486416989,0.36994890492865373,0.038706705593116064,0.056790167774306656,0.06225518083083441,0.06279924178379588,0.050908856526560485,0.044922176436133075,480,0.16585914979118885,0.1285121036452234,0.66057985,,,,,480,0.7020833333333333,0.7184896846113645,0.53228396535304,0.3670480623224768,0.01640635127803125,0.030707099831809793,0.04749905989278412,0.06332444710543239,0.03249422300436971,0.03711835019012934,480,0.14970238650010056,0.11991517914410774,0.66057985,,,,,0.0,-0.022300354315084814,-0.009769521063949016,-0.0029008426061769566,-0.022300354315084814,-0.026083067942496863,-0.014756120938050288,0.0005252053216365099,-0.018414633522190776,-0.007803826246003738,0,-0.016156763291088283,-0.008596924501115655,0.0,,,,
d1-omni,16,in-domain,per_task,score,400,640,640,0.43125,0.5878672972323565,1.3059787278194341,0.7093241444149475,0.1566172972323565,0.15771739446779237,0.16069992177427855,0.16546595588841814,0.1613884311483561,0.1613884311483561,640,0.5665344545300985,0.24772786682458303,0.381569827487522,0.07651062850934102,0.5654865338090788,0.16378459804966083,0.7573587505882124,640,0.43125,0.509729020083453,1.218574886409971,0.6742762908971515,0.07847902008345298,0.09282115374452408,0.09840442261514779,0.10343153390273599,0.09220375940145768,0.09281029694757774,640,0.4269784941940388,0.20347171348583576,0.381569827487522,0.06533610647353788,0.5335931842243774,0.15478350888872522,0.7484816315827273,0.0,-0.07813827714890353,-0.08740384140946311,-0.035047853517796046,-0.07813827714890353,-0.06489624072326829,-0.06229549915913077,-0.06203442198568215,-0.06918467174689842,-0.06857813420077837,0,-0.13955596033605971,-0.04425615333874727,0.0,-0.011174522035803144,-0.03189334958470136,-0.009001089160935616,-0.008877119005485157
d1-omni,17,in-domain,global,all,400,1600,1600,0.58125,0.6288117355934943,0.952053305408075,0.5432055810893966,0.0475617355934943,0.06288655483674384,0.06999444896562233,0.08249450491394647,0.0661304792791841,0.07006294632882872,1600,0.3627017482958763,0.17541321122277112,0.5060478564696193,0.0728149245903529,0.5455179411662561,0.15835722613582776,0.7373895824206065,1600,0.58125,0.584491614386081,0.9333136969854344,0.5361794792563732,0.0032416143860809488,0.03566058009983798,0.040346101080623496,0.049833093533290455,0.036669718015524884,0.0396151537948456,1600,0.3047946094700702,0.15728616738860196,0.5060478564696193,0.0659528828213383,0.5285075267167554,0.15373665604962014,0.7375381344955686,0.0,-0.044320121207413354,-0.018739608422640552,-0.007026101833023435,-0.044320121207413354,-0.027225974736905856,-0.029648347884998837,-0.032661411380656015,-0.029460761263659214,-0.030447792533983116,0,-0.057907138825806115,-0.01812704383416916,0.0,-0.006862041769014601,-0.017010414449500688,-0.004620570086207615,0.0001485520749621161
d1-omni,17,in-domain,global,choice,400,480,480,0.6104166666666667,0.5688007652567303,0.9250704371918582,0.5180865242788165,-0.04161590140993643,0.04891830536626186,0.06985524929081804,0.06914622040166132,0.0678451027542894,0.07616088159925588,480,0.3227613814907767,0.14748166779519203,0.4921657601722881,,,,,480,0.6104166666666667,0.527144749500971,0.9373900693092023,0.525485465985681,-0.08327191716569571,0.08327191716569568,0.09448468959577626,0.09490674069543233,0.0884091826503595,0.09006253698801622,480,0.27887877264283845,0.13784239171531337,0.4921657601722881,,,,,0.0,-0.04165601575575928,0.012319632117344104,0.007398941706864504,-0.04165601575575928,0.03435361179943382,0.024629440304958214,0.025760520293771003,0.020564079896070106,0.013901655388760342,0,-0.043882608847938265,-0.009639276079878661,0.0,,,,
d1-omni,17,in-domain,global,noul,400,480,480,0.7229166666666667,0.7418975219809606,0.5348749054811104,0.3664080766174948,0.018980855314293943,0.04502062961497966,0.04540987512446011,0.05554223089517715,0.0417890430990762,0.03698322589237552,480,0.15576640978796022,0.12062460426940878,0.6683444291666667,,,,,480,0.7229166666666667,0.7080499590928911,0.5344838697850736,0.3645041417422756,-0.014866707573775506,0.04661959171657734,0.05886836168230995,0.048962294763771175,0.03292703245796812,0.0382550597459023,480,0.13778842125676896,0.11012179008513452,0.6683444291666667,,,,,0.0,-0.03384756288806945,-0.0003910356960368233,-0.0019039348752192264,-0.03384756288806945,0.001598962101597684,0.013458486557849841,-0.006579936131405978,-0.00886201064110808,0.001271833853526777,0,-0.017977988531191258,-0.010502814184274262,0.0,,,,
d1-omni,17,in-domain,global,score,400,640,640,0.453125,0.5890056235554677,1.285174256515461,0.6946430020512582,0.1358806235554677,0.14573669520729618,0.14573669520729618,0.15069826292849003,0.14413758334664697,0.1441375833466471,640,0.5478585272806379,0.2374533240084772,0.3947369991698321,0.0728149245903529,0.5455179411662561,0.15835722613582776,0.7373895824206065,640,0.453125,0.5348330045198055,1.229378788142879,0.6729564923449656,0.08170800451980553,0.1088997800117772,0.11035708362220872,0.11466578500521812,0.09907990134246847,0.10167239526109455,640,0.4494861282504699,0.20724228212116894,0.3947369991698321,0.0659528828213383,0.5285075267167554,0.15373665604962014,0.7375381344955686,0.0,-0.05417261903566217,-0.05579546837258187,-0.0216865097062926,-0.05417261903566217,-0.036836915195518974,-0.035379611585087456,-0.03603247792327191,-0.045057682004178506,-0.042465188085552566,0,-0.09837239903016798,-0.030211041887308276,0.0,-0.006862041769014601,-0.017010414449500688,-0.004620570086207615,0.0001485520749621161
d1-omni,17,ood,global,all,400,3000,3000,0.802,0.8175124793975249,0.49356355032935867,0.27520625697185885,0.01551247939752487,0.020371152227036757,0.024368578066935275,0.02440000903077209,0.021690329742884568,0.027345712840731215,,,,,,,0.06876334158367087,0.46693653653180345,3000,0.802,0.7781751180257385,0.4943064436840856,0.27662209246289216,-0.02382488197426158,0.027302682064945072,0.02858338725022458,0.02863069439006498,0.02898493765959792,0.02901723500588844,,,,,,,0.07013967594157536,0.4863770676346935,0.0,-0.03933736137178645,0.0007428933547269367,0.0014158354910333015,-0.03933736137178645,0.006931529837908314,0.004214809183289304,0.0042306853592928885,0.007294607916713353,0.0016715221651572264,,,,,,,0.0013763343579044907,0.01944053110289007
d1-omni,17,ood,global,choice,400,1000,1000,0.871,0.8742857807425438,0.3811842004325214,0.19450206264324357,0.00328578074254382,0.011095569368739233,0.015979352628526424,0.021329163855847617,0.01678711230997334,0.02298641295816184,,,,,,,,,1000,0.871,0.8312938858560351,0.38739644835953313,0.19772860798057815,-0.039706114143964855,0.039706114143964875,0.03970611414396489,0.045065919039728786,0.04106946449953578,0.04505172100143976,,,,,,,,,0.0,-0.042991894886508675,0.006212247927011749,0.0032265453373345743,-0.042991894886508675,0.028610544775225642,0.023726761515438465,0.02373675518388117,0.024282352189562442,0.02206530804327792,,,,,,,,
d1-omni,17,ood,global,noul,400,1000,1000,0.901,0.9432314204015347,0.2887468860516532,0.16364282690775503,0.042231420401534714,0.042724886807562146,0.04342792972824103,0.05033073260630045,0.05219197965045897,0.052457974139651836,,,,,,,,,1000,0.901,0.9222022808568255,0.26555905489141735,0.1584897795077978,0.021202280856825517,0.023176404816255977,0.03162924630854333,0.035850649524929605,0.03272955559797954,0.030711929542975074,,,,,,,,,0.0,-0.021029139544709197,-0.023187831160235872,-0.005153047399957228,-0.021029139544709197,-0.01954848199130617,-0.011798683419697698,-0.014480083081370845,-0.01946242405247943,-0.021746044596676763,,,,,,,,
d1-omni,17,ood,global,score,400,1000,1000,0.634,0.6350202370484967,0.8107595645039014,0.467473881364578,0.0010202370484967416,0.013176887610125119,0.016725084452484596,0.04182437878468601,0.0208631530906699,0.021981095991194622,,,,,,,0.06876334158367087,0.46693653653180345,1000,0.634,0.5810291873643554,0.8299638278013065,0.4736478899003005,-0.052970812635644626,0.05297081263564458,0.057159531743908885,0.06028940459347379,0.05875491776169388,0.061251901399505836,,,,,,,0.07013967594157536,0.4863770676346935,0.0,-0.05399104968414137,0.0192042632974051,0.006174008535722475,-0.05399104968414137,0.039793925025519455,0.040434447291424286,0.018465025808787776,0.03789176467102398,0.03927080540831121,,,,,,,0.0013763343579044907,0.01944053110289007
d1-omni,17,in-domain,per_type,all,400,1600,1600,0.58125,0.6288117355934943,0.952053305408075,0.5432055810893966,0.0475617355934943,0.06288655483674384,0.06999444896562233,0.08249450491394647,0.0661304792791841,0.07006294632882872,1600,0.3627017482958763,0.17541321122277112,0.5060478564696193,0.0728149245903529,0.5455179411662561,0.15835722613582776,0.7373895824206065,1600,0.58125,0.5884470146824899,0.9221296611401297,0.5285352502076947,0.0071970146824898995,0.03463373357714458,0.0390593088737235,0.04375075044352277,0.03523140674588097,0.040600793391349185,1600,0.31837234401749914,0.15638727818939235,0.5060478564696193,0.061227197916918975,0.5198759707413169,0.15166884649244558,0.7425264004732995,0.0,-0.040364720911004404,-0.02992364426794525,-0.014670330881701998,-0.040364720911004404,-0.028252821259599256,-0.030935140091898836,-0.0387437544704237,-0.03089907253330313,-0.02946215293747953,0,-0.04432940427837717,-0.019025933033378767,0.0,-0.01158772667343392,-0.02564197042493921,-0.006688379643382175,0.00513681805269306
d1-omni,17,in-domain,per_type,choice,400,480,480,0.6104166666666667,0.5688007652567303,0.9250704371918582,0.5180865242788165,-0.04161590140993643,0.04891830536626186,0.06985524929081804,0.06914622040166132,0.0678451027542894,0.07616088159925588,480,0.3227613814907767,0.14748166779519203,0.4921657601722881,,,,,480,0.6104166666666667,0.6141854224820827,0.9330492053330884,0.5163320989980206,0.003768755815416025,0.047140642409091695,0.058445903074244986,0.0804046355736292,0.04225381101633956,0.07751143025547061,480,0.40622401096256344,0.1644818803207012,0.4921657601722881,,,,,0.0,0.045384657225352454,0.00797876814123022,-0.001754425280795946,0.045384657225352454,-0.0017776629571701688,-0.011409346216573059,0.011258415171967878,-0.025591291737949842,0.0013505486562147284,0,0.08346262947178673,0.01700021252550918,0.0,,,,
d1-omni,17,in-domain,per_type,noul,400,480,480,0.7229166666666667,0.7418975219809606,0.5348749054811104,0.3664080766174948,0.018980855314293943,0.04502062961497966,0.04540987512446011,0.05554223089517715,0.0417890430990762,0.03698322589237552,480,0.15576640978796022,0.12062460426940878,0.6683444291666667,,,,,480,0.7229166666666667,0.7066371399445032,0.5346904472756531,0.36455212611111454,-0.016279526722163484,0.046732583279269636,0.05968003782344869,0.049427500313680914,0.03726676768715417,0.039866505151883544,480,0.13733661937570796,0.10980608003286442,0.6683444291666667,,,,,0.0,-0.03526038203645743,-0.00018445820545731628,-0.0018559505063802662,-0.03526038203645743,0.0017119536642899794,0.014270162698988578,-0.006114730581496239,-0.0045222754119220235,0.0028832792595080217,0,-0.01842979041225226,-0.010818524236544363,0.0,,,,
d1-omni,17,in-domain,per_type,score,400,640,640,0.453125,0.5890056235554677,1.285174256515461,0.6946430020512582,0.1358806235554677,0.14573669520729618,0.14573669520729618,0.15069826292849003,0.14413758334664697,0.1441375833466471,640,0.5478585272806379,0.2374533240084772,0.3947369991698321,0.0728149245903529,0.5455179411662561,0.15835722613582776,0.7373895824206065,640,0.453125,0.4805006148862854,1.204519413393768,0.6606749566873854,0.027375614886285426,0.07111166690119516,0.07181567029315004,0.07418958338609104,0.06789746243925206,0.06705657875876388,640,0.3882603872900443,0.18525222520830664,0.3947369991698321,0.061227197916918975,0.5198759707413169,0.15166884649244558,0.7425264004732995,0.0,-0.10850500866918228,-0.08065484312169291,-0.03396804536387277,-0.10850500866918228,-0.07462502830610102,-0.07392102491414614,-0.076508679542399,-0.07624012090739492,-0.07708100458788324,0,-0.15959813999059358,-0.05220109880017057,0.0,-0.01158772667343392,-0.02564197042493921,-0.006688379643382175,0.00513681805269306
d1-omni,17,ood,per_type,all,400,3000,3000,0.802,0.8175124793975249,0.49356355032935867,0.27520625697185885,0.01551247939752487,0.020371152227036757,0.024368578066935275,0.02440000903077209,0.021690329742884568,0.027345712840731215,,,,,,,0.06876334158367087,0.46693653653180345,3000,0.802,0.7840519685375662,0.5143655422551405,0.282207236148679,-0.017948031462433844,0.04894116252835555,0.04894116252835553,0.04912562238703661,0.050246901096603375,0.05107562878917428,,,,,,,0.07374417229772044,0.5133772275978603,0.0,-0.033460510859958714,0.02080199192578186,0.007000979176820132,-0.033460510859958714,0.028570010301318793,0.024572584461420254,0.024725613356264522,0.028556571353718807,0.023729915948443064,,,,,,,0.004980830714049575,0.04644069106605686
d1-omni,17,ood,per_type,choice,400,1000,1000,0.871,0.8742857807425438,0.3811842004325214,0.19450206264324357,0.00328578074254382,0.011095569368739233,0.015979352628526424,0.021329163855847617,0.01678711230997334,0.02298641295816184,,,,,,,,,1000,0.871,0.9077076870310338,0.4042258061774912,0.19723718049775607,0.036707687031033776,0.036707687031033776,0.03688068026830743,0.03700091524381755,0.03891321369575795,0.0394636912508869,,,,,,,,,0.0,0.033421906288489955,0.02304160574496983,0.0027351178545124977,0.033421906288489955,0.025612117662294542,0.020901327639781007,0.015671751387969935,0.022126101385784615,0.016477278292725057,,,,,,,,
d1-omni,17,ood,per_type,noul,400,1000,1000,0.901,0.9432314204015347,0.2887468860516532,0.16364282690775503,0.042231420401534714,0.042724886807562146,0.04342792972824103,0.05033073260630045,0.05219197965045897,0.052457974139651836,,,,,,,,,1000,0.901,0.9211522203696997,0.2649917171760642,0.15831477846746808,0.020152220369699658,0.022231634696361382,0.031025969933748263,0.035154695771918494,0.03181666525258767,0.0302904923212138,,,,,,,,,0.0,-0.022079200031835056,-0.02375516887558904,-0.005328048440286948,-0.022079200031835056,-0.020493252111200764,-0.012401959794492764,-0.015176036834381956,-0.020375314397871304,-0.022167481818438035,,,,,,,,
d1-omni,17,ood,per_type,score,400,1000,1000,0.634,0.6350202370484967,0.8107595645039014,0.467473881364578,0.0010202370484967416,0.013176887610125119,0.016725084452484596,0.04182437878468601,0.0208631530906699,0.021981095991194622,,,,,,,0.06876334158367087,0.46693653653180345,1000,0.634,0.5232959982119648,0.873879103411866,0.4910697494808128,-0.11070400178803519,0.11070400178803509,0.11070400178803505,0.11118858187662813,0.11312284339280738,0.1161305596742674,,,,,,,0.07374417229772044,0.5133772275978603,0.0,-0.11172423883653193,0.06311953890796462,0.023595868116234764,-0.11172423883653193,0.09752711417790998,0.09397891733555046,0.0693642030919421,0.09225969030213749,0.09414946368307278,,,,,,,0.004980830714049575,0.04644069106605686
d1-omni,17,in-domain,per_task,all,400,1600,1600,0.58125,0.6288117355934943,0.952053305408075,0.5432055810893966,0.0475617355934943,0.06288655483674384,0.06999444896562233,0.08249450491394647,0.0661304792791841,0.07006294632882872,1600,0.3627017482958763,0.17541321122277112,0.5060478564696193,0.0728149245903529,0.5455179411662561,0.15835722613582776,0.7373895824206065,1600,0.58125,0.5893414463271308,0.9268271038395582,0.5338081079160326,0.008091446327130769,0.044514105407675586,0.05421122742506228,0.04707537216439982,0.03855111378598914,0.051052657874226574,1600,0.3439678148890398,0.1632404485032297,0.5060478564696193,0.06074450602523307,0.5140091278407828,0.14988335723235244,0.7366282545012414,0.0,-0.039470289266363534,-0.025226201568516737,-0.009397473173364035,-0.039470289266363534,-0.018372449429068252,-0.015783221540560055,-0.03541913274954665,-0.02757936549319496,-0.01901028845460214,0,-0.01873393340683649,-0.01217276271954143,0.0,-0.012070418565119825,-0.031508813325473284,-0.008473868903475318,-0.0007613279193651179
d1-omni,17,in-domain,per_task,choice,400,480,480,0.6104166666666667,0.5688007652567303,0.9250704371918582,0.5180865242788165,-0.04161590140993643,0.04891830536626186,0.06985524929081804,0.06914622040166132,0.0678451027542894,0.07616088159925588,480,0.3227613814907767,0.14748166779519203,0.4921657601722881,,,,,480,0.6104166666666667,0.6227685538469371,0.9396998645800216,0.5215639501969304,0.01235188718027036,0.07897431291732414,0.08030454628910907,0.08689124137605521,0.08434900830081131,0.0906334834159256,480,0.44623906021584686,0.1772956118253548,0.4921657601722881,,,,,0.0,0.05396778859020679,0.014629427388163418,0.003477425918113841,0.05396778859020679,0.030056007551062275,0.01044929699829103,0.017745020974393885,0.01650390554652191,0.01447260181666972,0,0.12347767872507015,0.02981394403016277,0.0,,,,
d1-omni,17,in-domain,per_task,noul,400,480,480,0.7229166666666667,0.7418975219809606,0.5348749054811104,0.3664080766174948,0.018980855314293943,0.04502062961497966,0.04540987512446011,0.05554223089517715,0.0417890430990762,0.03698322589237552,480,0.15576640978796022,0.12062460426940878,0.6683444291666667,,,,,480,0.7229166666666667,0.7029751492421161,0.5499487476132534,0.37548232507326157,-0.019941517424550526,0.04756928117285997,0.054413471899093825,0.06277036814852688,0.05261103425112268,0.04747260828104428,480,0.17012832025268138,0.1168210091477171,0.6683444291666667,,,,,0.0,-0.03892237273884447,0.015073842132143023,0.009074248455766765,-0.03892237273884447,0.0025486515578803104,0.009003596774633714,0.007228137253349726,0.010821991152046483,0.010489382388668755,0,0.014361910464721156,-0.0038035951216916775,0.0,,,,
d1-omni,17,in-domain,per_task,score,400,640,640,0.453125,0.5890056235554677,1.285174256515461,0.6946430020512582,0.1358806235554677,0.14573669520729618,0.14573669520729618,0.15069826292849003,0.14413758334664697,0.1441375833466471,640,0.5478585272806379,0.2374533240084772,0.3947369991698321,0.0728149245903529,0.5455179411662561,0.15835722613582776,0.7373895824206065,640,0.453125,0.47904583850103694,1.1998313004539392,0.6617355633374378,0.025920838501036936,0.06270001561314034,0.06648247705033751,0.08738472416921918,0.06370310320913872,0.08134396123021136,640,0.3976440018712034,0.1875136555282703,0.3947369991698321,0.06074450602523307,0.5140091278407828,0.14988335723235244,0.7366282545012414,0.0,-0.10995978505443077,-0.08534295606152176,-0.0329074387138204,-0.10995978505443077,-0.08303667959415584,-0.07925421815695867,-0.06331353875927086,-0.08043448013750826,-0.06279362211643576,0,-0.15021452540943447,-0.04993966848020692,0.0,-0.012070418565119825,-0.031508813325473284,-0.008473868903475318,-0.0007613279193651179
d1-omni,18,in-domain,global,all,400,1600,1600,0.58,0.6300476021998412,0.9351808938434363,0.5360375521369678,0.05004760219984128,0.05381260334479371,0.05579100355814263,0.06803289768634567,0.057912315121522194,0.057912315121522145,1600,0.359824111562994,0.17590945238061725,0.5042697468998205,0.07286800907580694,0.5437475723832522,0.15379939927526348,0.7205803324336127,1600,0.58,0.5603773654805265,0.9198423369067157,0.529658098989655,-0.019622634519473436,0.019622634519473433,0.036966227158997424,0.040204258758069995,0.02213311281892689,0.03446639053817592,1600,0.28350649320487564,0.15075569977736392,0.5042697468998205,0.06288402750650637,0.5192624195407202,0.148053227934217,0.7252884184105189,0.0,-0.06967023671931472,-0.015338556936720593,-0.006379453147312808,-0.06967023671931472,-0.03418996882532027,-0.018824776399145204,-0.027828638928275674,-0.035779202302595306,-0.023445924583346225,0,-0.07631761835811834,-0.025153752603253338,0.0,-0.009983981569300568,-0.024485152842532054,-0.005746171341046491,0.004708085976906196
d1-omni,18,in-domain,global,choice,400,480,480,0.6166666666666667,0.5707977385125046,0.9108702584650583,0.5051034943820695,-0.0458689281541621,0.04586892815416213,0.0660077659916914,0.08382409674046785,0.06597923638811014,0.06261290337846571,480,0.3119422004783224,0.14131703951058186,0.4938199391167358,,,,,480,0.6166666666666667,0.5038345945982329,0.9426012315696966,0.5232021697994897,-0.11283207206843382,0.11283207206843385,0.11630327629787209,0.11516227193135518,0.11316587131585884,0.1166395819202906,480,0.25907351019563607,0.13065851921295743,0.4938199391167358,,,,,0.0,-0.06696314391427172,0.03173097310463824,0.018098675417420274,-0.06696314391427172,0.06696314391427172,0.05029551030618068,0.03133817519088733,0.0471866349277487,0.054026678541824885,0,-0.052868690282686315,-0.01065852029762443,0.0,,,,
d1-omni,18,in-domain,global,noul,400,480,480,0.7104166666666667,0.7388270877456914,0.5548089274485211,0.3807606430549422,0.028410421079024695,0.05024137427099049,0.07264899658039213,0.07380389116394023,0.046454445660735165,0.04645444566073519,480,0.16584881402494164,0.1298560262349632,0.6610520750000001,,,,,480,0.7104166666666667,0.6861850128884425,0.552981152241318,0.3779459059233982,-0.024231653778224227,0.052611406324192304,0.07146118222945459,0.06723887611434762,0.04343804799697795,0.04330187729961418,480,0.14263766646225762,0.11506668794207654,0.6610520750000001,,,,,0.0,-0.05264207485724892,-0.0018277752072030085,-0.0028147371315440095,-0.05264207485724892,0.002370032053201812,-0.0011878143509375383,-0.006565015049592615,-0.003016397663757213,-0.0031525683611210095,0,-0.023211147562684026,-0.014789338292886658,0.0,,,,
d1-omni,18,in-domain,global,score,400,640,640,0.4546875,0.5929003858059563,1.2386928451734063,0.6756957772646608,0.13821288580595625,0.13821288580595634,0.13895210879589828,0.1382396348564395,0.14006104955283985,0.13928773078605933,640,0.541217018030037,0.23639383164238437,0.39452035666199936,0.07286800907580694,0.5437475723832522,0.15379939927526348,0.7205803324336127,640,0.4546875,0.5084287080863099,1.177919054408528,0.6482841906819716,0.05374120808630989,0.06504040533710276,0.06571768429551794,0.06923555127258563,0.05941267817131025,0.06197943862695357,640,0.4074828505187688,0.19259534407713436,0.39452035666199936,0.06288402750650637,0.5192624195407202,0.148053227934217,0.7252884184105189,0.0,-0.08447167771964637,-0.06077379076487821,-0.027411586582689162,-0.08447167771964637,-0.07317248046885358,-0.07323442450038034,-0.06900408358385388,-0.08064837138152961,-0.07730829215910576,0,-0.13373416751126815,-0.04379848756525001,0.0,-0.009983981569300568,-0.024485152842532054,-0.005746171341046491,0.004708085976906196
d1-omni,18,ood,global,all,400,3000,3000,0.802,0.8175124793975249,0.49356355032935867,0.27520625697185885,0.01551247939752487,0.020371152227036757,0.024368578066935275,0.02440000903077209,0.021690329742884568,0.027345712840731215,,,,,,,0.06876334158367087,0.46693653653180345,3000,0.802,0.751861514639913,0.5053570603779621,0.2807268224369905,-0.050138485360087026,0.050138485360086846,0.050138485360086846,0.0501384853600869,0.050584417786552885,0.05200690339373569,,,,,,,0.07180749793853053,0.50006026763298,0.0,-0.0656509647576119,0.011793510048603462,0.005520565465131633,-0.0656509647576119,0.02976733313305009,0.02576990729315157,0.02573847632931481,0.028894088043668317,0.024661190553004475,,,,,,,0.0030441563548596617,0.0331237311011765
d1-omni,18,ood,global,choice,400,1000,1000,0.871,0.8742857807425438,0.3811842004325214,0.19450206264324357,0.00328578074254382,0.011095569368739233,0.015979352628526424,0.021329163855847617,0.01678711230997334,0.02298641295816184,,,,,,,,,1000,0.871,0.7999634893531602,0.4041877761532014,0.20376763855512145,-0.0710365106468398,0.07103651064683969,0.07103651064683973,0.0710365106468397,0.0720079934630754,0.07467839898342724,,,,,,,,,0.0,-0.07432229138938362,0.023003575720680014,0.009265575911877877,-0.07432229138938362,0.05994094127810046,0.055057158018313304,0.04970734679099209,0.055220881153102065,0.051691986025265396,,,,,,,,
d1-omni,18,ood,global,noul,400,1000,1000,0.901,0.9432314204015347,0.2887468860516532,0.16364282690775503,0.042231420401534714,0.042724886807562146,0.04342792972824103,0.05033073260630045,0.05219197965045897,0.052457974139651836,,,,,,,,,1000,0.901,0.9062542581266498,0.26061983986174353,0.15656032069913273,0.005254258126649813,0.011826525093608153,0.022558677568636307,0.028442815072192262,0.017205191862402096,0.018402014943580337,,,,,,,,,0.0,-0.0369771622748849,-0.028127046189909688,-0.007082506208622302,-0.0369771622748849,-0.030898361713953992,-0.02086925215960472,-0.021887917534108188,-0.034986787788056875,-0.0340559591960715,,,,,,,,
d1-omni,18,ood,global,score,400,1000,1000,0.634,0.6350202370484967,0.8107595645039014,0.467473881364578,0.0010202370484967416,0.013176887610125119,0.016725084452484596,0.04182437878468601,0.0208631530906699,0.021981095991194622,,,,,,,0.06876334158367087,0.46693653653180345,1000,0.634,0.5493667964399294,0.8512635651189414,0.4818525080567173,-0.08463320356007065,0.0846332035600707,0.08463320356007069,0.08988626528093306,0.08629782469749751,0.09040534622804305,,,,,,,0.07180749793853053,0.50006026763298,0.0,-0.08565344060856739,0.04050400061504,0.014378626692139296,-0.08565344060856739,0.07145631594994559,0.0679081191075861,0.04806188649624705,0.06543467160682762,0.06842425023684844,,,,,,,0.0030441563548596617,0.0331237311011765
d1-omni,18,in-domain,per_type,all,400,1600,1600,0.58,0.6300476021998412,0.9351808938434363,0.5360375521369678,0.05004760219984128,0.05381260334479371,0.05579100355814263,0.06803289768634567,0.057912315121522194,0.057912315121522145,1600,0.359824111562994,0.17590945238061725,0.5042697468998205,0.07286800907580694,0.5437475723832522,0.15379939927526348,0.7205803324336127,1600,0.58,0.5728784029396666,0.9140059018993287,0.5244512308382285,-0.007121597060333329,0.030341283724155444,0.033035604998284875,0.04957065921783461,0.025059666717238468,0.025966278286570315,1600,0.29632688807069785,0.15313412526297257,0.5042697468998205,0.058913700589008446,0.5212152039481686,0.14928444989875583,0.7465221061555248,0.0,-0.05716919926017461,-0.021174991944107546,-0.011586321298739266,-0.05716919926017461,-0.023471319620638264,-0.022755398559857754,-0.018462238468511062,-0.03285264840428373,-0.03194603683495183,0,-0.06349722349229614,-0.022775327117644684,0.0,-0.013954308486798496,-0.02253236843508366,-0.004514949376507649,0.025941773721912087
d1-omni,18,in-domain,per_type,choice,400,480,480,0.6166666666666667,0.5707977385125046,0.9108702584650583,0.5051034943820695,-0.0458689281541621,0.04586892815416213,0.0660077659916914,0.08382409674046785,0.06597923638811014,0.06261290337846571,480,0.3119422004783224,0.14131703951058186,0.4938199391167358,,,,,480,0.6166666666666667,0.5853277922039725,0.9096417171230826,0.5029446068125975,-0.03133887446269423,0.03451275399063256,0.06618567204463789,0.08412429973103984,0.043219418892855584,0.05139950885403956,480,0.3329005351209124,0.14556746903978932,0.4938199391167358,,,,,0.0,0.01453005369146787,-0.0012285413419756974,-0.0021588875694720233,0.01453005369146787,-0.011356174163529568,0.00017790605294648598,0.00030020299057198496,-0.022759817495254554,-0.011213394524426157,0,0.020958334642590004,0.004250429529207456,0.0,,,,
d1-omni,18,in-domain,per_type,noul,400,480,480,0.7104166666666667,0.7388270877456914,0.5548089274485211,0.3807606430549422,0.028410421079024695,0.05024137427099049,0.07264899658039213,0.07380389116394023,0.046454445660735165,0.04645444566073519,480,0.16584881402494164,0.1298560262349632,0.6610520750000001,,,,,480,0.7104166666666667,0.7530861396623831,0.5603919586188153,0.38388620957104835,0.04266947299571644,0.061838453682546146,0.0794220460426848,0.0794645968120181,0.06103530657532486,0.06714306484897974,480,0.17857722863336062,0.13621551580196095,0.6610520750000001,,,,,0.0,0.014259051916691745,0.005583031170294239,0.0031255665161061263,0.014259051916691745,0.011597079411555654,0.006773049462292666,0.005660705648077871,0.014580860914589697,0.020688619188244543,0,0.012728414608418975,0.00635948956699775,0.0,,,,
d1-omni,18,in-domain,per_type,score,400,640,640,0.4546875,0.5929003858059563,1.2386928451734063,0.6756957772646608,0.13821288580595625,0.13821288580595634,0.13895210879589828,0.1382396348564395,0.14006104955283985,0.13928773078605933,640,0.541217018030037,0.23639383164238437,0.39452035666199936,0.07286800907580694,0.5437475723832522,0.15379939927526348,0.7205803324336127,640,0.4546875,0.42838555844939974,1.1824894979418985,0.6460049648078368,-0.026301941550600283,0.03646208682279624,0.04424905401570011,0.06259116575874425,0.0355797839770307,0.04182950214547376,640,0.35720889736103995,0.1714980745261187,0.39452035666199936,0.058913700589008446,0.5212152039481686,0.14928444989875583,0.7465221061555248,0.0,-0.16451482735655654,-0.05620334723150777,-0.029690812456824034,-0.16451482735655654,-0.1017507989831601,-0.09470305478019816,-0.07564846909769525,-0.10448126557580914,-0.09745822864058556,0,-0.18400812066899702,-0.06489575711626566,0.0,-0.013954308486798496,-0.02253236843508366,-0.004514949376507649,0.025941773721912087
d1-omni,18,ood,per_type,all,400,3000,3000,0.802,0.8175124793975249,0.49356355032935867,0.27520625697185885,0.01551247939752487,0.020371152227036757,0.024368578066935275,0.02440000903077209,0.021690329742884568,0.027345712840731215,,,,,,,0.06876334158367087,0.46693653653180345,3000,0.802,0.7653361575988065,0.54569142077176,0.2945156406328068,-0.03666384240119358,0.0758102898831006,0.07598689260299782,0.07589115640427904,0.08160725798353852,0.07595915201473567,,,,,,,0.08111465917936395,0.5589658418763734,0.0,-0.05217632179871845,0.05212787044240136,0.01930938366094792,-0.05217632179871845,0.05543913765606384,0.05161831453606254,0.05149114737350695,0.05991692824065395,0.04861343917400446,,,,,,,0.012351317595693079,0.09202930534456999
d1-omni,18,ood,per_type,choice,400,1000,1000,0.871,0.8742857807425438,0.3811842004325214,0.19450206264324357,0.00328578074254382,0.011095569368739233,0.015979352628526424,0.021329163855847617,0.01678711230997334,0.02298641295816184,,,,,,,,,1000,0.871,0.8861109879131231,0.3852406369237593,0.19484903853724073,0.015110987913123153,0.015110987913123106,0.02125325816420179,0.024176034517497988,0.020300773549706268,0.023512865466919892,,,,,,,,,0.0,0.011825207170579333,0.004056436491237936,0.00034697589399715345,0.011825207170579333,0.004015418544383873,0.0052739055356753675,0.0028468706616503713,0.003513661239732929,0.0005264525087580532,,,,,,,,
d1-omni,18,ood,per_type,noul,400,1000,1000,0.901,0.9432314204015347,0.2887468860516532,0.16364282690775503,0.042231420401534714,0.042724886807562146,0.04342792972824103,0.05033073260630045,0.05219197965045897,0.052457974139651836,,,,,,,,,1000,0.901,0.9501748591221009,0.3043197975398169,0.16613679379892957,0.049174859122100845,0.049422649735883444,0.049742267420039926,0.055168148628903124,0.05722970626205004,0.05752368815121165,,,,,,,,,0.0,0.006943438720566131,0.015572911488163699,0.002493966891174537,0.006943438720566131,0.006697762928321298,0.006314337691798899,0.004837416022602674,0.005037726611591069,0.0050657140115598145,,,,,,,,
d1-omni,18,ood,per_type,score,400,1000,1000,0.634,0.6350202370484967,0.8107595645039014,0.467473881364578,0.0010202370484967416,0.013176887610125119,0.016725084452484596,0.04182437878468601,0.0208631530906699,0.021981095991194622,,,,,,,0.06876334158367087,0.46693653653180345,1000,0.634,0.45972262576119555,0.9475138278517036,0.5225610895622501,-0.17427737423880446,0.17427737423880446,0.1742773742388045,0.17427737423880446,0.17751066028290619,0.17464975133182456,,,,,,,0.08111465917936395,0.5589658418763734,0.0,-0.1752976112873012,0.13675426334780216,0.0550872081976721,-0.1752976112873012,0.16110048662867935,0.15755228978631988,0.13245299545411846,0.15664750719223627,0.15266865534062993,,,,,,,0.012351317595693079,0.09202930534456999
d1-omni,18,in-domain,per_task,all,400,1600,1600,0.58,0.6300476021998412,0.9351808938434363,0.5360375521369678,0.05004760219984128,0.05381260334479371,0.05579100355814263,0.06803289768634567,0.057912315121522194,0.057912315121522145,1600,0.359824111562994,0.17590945238061725,0.5042697468998205,0.07286800907580694,0.5437475723832522,0.15379939927526348,0.7205803324336127,1600,0.58,0.5883976289303205,0.9325981461117592,0.527642397576669,0.008397628930320589,0.02329913367276917,0.028114190303056962,0.037528183057144705,0.021961999062071594,0.024559244899159997,1600,0.3256111340983477,0.15935970106608496,0.5042697468998205,0.059679703895902825,0.5246961153346669,0.1500428616743446,0.7527853984453257,0.0,-0.04164997326952069,-0.002582747731677104,-0.008395154560298823,-0.04164997326952069,-0.030513469672024538,-0.027676813255085666,-0.030504714629200964,-0.0359503160594506,-0.03335307022236215,0,-0.0342129774646463,-0.01654975131453229,0.0,-0.013188305179904117,-0.019051457048585352,-0.0037565376009188745,0.03220506601171291
d1-omni,18,in-domain,per_task,choice,400,480,480,0.6166666666666667,0.5707977385125046,0.9108702584650583,0.5051034943820695,-0.0458689281541621,0.04586892815416213,0.0660077659916914,0.08382409674046785,0.06597923638811014,0.06261290337846571,480,0.3119422004783224,0.14131703951058186,0.4938199391167358,,,,,480,0.6166666666666667,0.6221280146405853,0.9858896438011853,0.5089590326827015,0.005461347973918618,0.02746420936760126,0.04095939408441123,0.05817217158348454,0.036152608126557226,0.04183916469071262,480,0.4352409125429932,0.16601327503050534,0.4938199391167358,,,,,0.0,0.05133027612808072,0.07501938533612695,0.003855538300632011,0.05133027612808072,-0.018404718786560872,-0.025048371907280174,-0.025651925156983314,-0.029826628261552912,-0.020773738687753097,0,0.1232987120646708,0.024696235519923476,0.0,,,,
d1-omni,18,in-domain,per_task,noul,400,480,480,0.7104166666666667,0.7388270877456914,0.5548089274485211,0.3807606430549422,0.028410421079024695,0.05024137427099049,0.07264899658039213,0.07380389116394023,0.046454445660735165,0.04645444566073519,480,0.16584881402494164,0.1298560262349632,0.6610520750000001,,,,,480,0.7104166666666667,0.7513210742782526,0.5519985781485666,0.3817459541804496,0.04090440761158587,0.05137909902382689,0.07786707147172503,0.0771360923663199,0.04606498990216993,0.06171811077107732,480,0.17557555540983863,0.13411758555238823,0.6610520750000001,,,,,0.0,0.012493986532561174,-0.0028103492999544955,0.000985311125507371,0.012493986532561174,0.001137724752836397,0.0052180748913328995,0.0033322012023796616,-0.0003894557585652353,0.015263665110342127,0,0.009726741384896986,0.004261559317425029,0.0,,,,
d1-omni,18,in-domain,per_task,score,400,640,640,0.4546875,0.5929003858059563,1.2386928451734063,0.6756957772646608,0.13821288580595625,0.13821288580595634,0.13895210879589828,0.1382396348564395,0.14006104955283985,0.13928773078605933,640,0.541217018030037,0.23639383164238437,0.39452035666199936,0.07286800907580694,0.5437475723832522,0.15379939927526348,0.7205803324336127,640,0.4546875,0.44090725563667305,1.178079198817084,0.6510772537943091,-0.013780244363326977,0.022546934982244617,0.04493797516903883,0.05449775300676976,0.013780244363326963,0.024928817420323525,640,0.3559154842812454,0.1733011072280422,0.39452035666199936,0.059679703895902825,0.5246961153346669,0.1500428616743446,0.7527853984453257,0.0,-0.15199313016928323,-0.06061364635632227,-0.02461852347035165,-0.15199313016928323,-0.11566595082371173,-0.09401413362685945,-0.08374188184966974,-0.1262808051895129,-0.11435891336573581,0,-0.18530153374879155,-0.06309272441434216,0.0,-0.013188305179904117,-0.019051457048585352,-0.0037565376009188745,0.03220506601171291
d1-omni,19,in-domain,global,all,400,1600,1600,0.56375,0.6269201019636182,0.9600849220692238,0.5517070553749248,0.06317010196361827,0.07211512475773521,0.07833281653272117,0.08888992034309907,0.07909738740270521,0.07909738740270522,1600,0.37009476403041075,0.18256187117617792,0.49662912064690334,0.0761715565120658,0.5584292407430427,0.16264867191650811,0.7561137510686717,1600,0.56375,0.5992383245213275,0.9444482464147659,0.5455025570769704,0.03548832452132755,0.053883714402202625,0.055484766995578125,0.06480652352969529,0.05625411904706137,0.05658587551707995,1600,0.3299092684279752,0.16989151082530485,0.49662912064690334,0.07119782055021616,0.5456112474326558,0.15908676480340608,0.7553951605720447,0.0,-0.027681777442290723,-0.01563667565445792,-0.006204498297954442,-0.027681777442290723,-0.018231410355532586,-0.022848049537143048,-0.024083396813403782,-0.02284326835564384,-0.022511511885625272,0,-0.04018549560243556,-0.012670360350873072,0.0,-0.004973735961849635,-0.01281799331038691,-0.003561907113102031,-0.0007185904966270362
d1-omni,19,in-domain,global,choice,400,480,480,0.5979166666666667,0.5687688938056129,0.9225943491118085,0.5179543607172482,-0.029147772861053745,0.0497257375815978,0.08021834861190501,0.09092862259289332,0.08837878161356179,0.0722659657340633,480,0.32083918592835864,0.1485355121236943,0.485451189826459,,,,,480,0.5979166666666667,0.5424328435131966,0.9286205400381512,0.5217633524265687,-0.05548382315347,0.07214915631809242,0.09895551055450967,0.09564037328953454,0.06548688484303151,0.0935916645734872,480,0.2908344987446049,0.14172867769312517,0.485451189826459,,,,,0.0,-0.026336050292416258,0.006026190926342712,0.003808991709320475,-0.026336050292416258,0.022423418736494623,0.018737161942604663,0.004711750696641218,-0.022891896770530273,0.021325698839423896,0,-0.030004687183753764,-0.0068068344305691475,0.0,,,,
d1-omni,19,in-domain,global,noul,400,480,480,0.69375,0.7353882619761862,0.5612381621176915,0.3868431417511218,0.04163826197618625,0.04163826197618616,0.06705362329958005,0.05788503991207107,0.0416382619761862,0.05148268021875994,480,0.16850455011146062,0.1323212396111257,0.6565527625,,,,,480,0.69375,0.7146151197030451,0.5568178980835345,0.3835212056249574,0.020865119703045165,0.02624096961749327,0.06120900469460049,0.053262307150351615,0.03142441092784081,0.03405327972665876,480,0.156130652928986,0.12518988023014885,0.6565527625,,,,,0.0,-0.020773142273141088,-0.004420264034156962,-0.003321936126164382,-0.020773142273141088,-0.015397292358692891,-0.005844618604979555,-0.004622732761719456,-0.010213851048345386,-0.017429400492101177,0,-0.012373897182474614,-0.007131359380976865,0.0,,,,
d1-omni,19,in-domain,global,score,400,640,640,0.440625,0.5891823880726962,1.2873379217509344,0.7006695115860344,0.1485573880726962,0.15565922208810434,0.1559715036842859,0.1607385964375049,0.15232292390440955,0.15232292390440957,640,0.5582291080461623,0.24576211413932975,0.3850698373724141,0.0761715565120658,0.5584292407430427,0.16264867191650811,0.7561137510686717,640,0.440625,0.5553098388911375,1.24704178744565,0.6847929741537812,0.11468483889113751,0.13506841491292337,0.13506841491292337,0.13506841491292343,0.1264084605387685,0.12723785171381505,640,0.4895493073147447,0.22453985862080658,0.3850698373724141,0.07119782055021616,0.5456112474326558,0.15908676480340608,0.7553951605720447,0.0,-0.03387254918155869,-0.04029613430528434,-0.015876537432253257,-0.03387254918155869,-0.02059080717518097,-0.020903088771362516,-0.025670181524581476,-0.025914463365641044,-0.025085072190594526,0,-0.0686798007314176,-0.021222255518523164,0.0,-0.004973735961849635,-0.01281799331038691,-0.003561907113102031,-0.0007185904966270362
d1-omni,19,ood,global,all,400,3000,3000,0.802,0.8175124793975249,0.49356355032935867,0.27520625697185885,0.01551247939752487,0.020371152227036757,0.024368578066935275,0.02440000903077209,0.021690329742884568,0.027345712840731215,,,,,,,0.06876334158367087,0.46693653653180345,3000,0.802,0.7935715464780951,0.491331386116965,0.2753485469347693,-0.00842845352190491,0.018431823745607867,0.01923907204699182,0.022390939772758425,0.02181045828039995,0.022994525673099557,,,,,,,0.06942611676967499,0.47858990474205404,0.0,-0.02394093291942978,-0.0022321642123936947,0.00014228996291043572,-0.02394093291942978,-0.0019393284814288904,-0.0051295060199434556,-0.0020090692580136647,0.0001201285375153835,-0.004351187167631658,,,,,,,0.0006627751860041192,0.011653368210250592
d1-omni,19,ood,global,choice,400,1000,1000,0.871,0.8742857807425438,0.3811842004325214,0.19450206264324357,0.00328578074254382,0.011095569368739233,0.015979352628526424,0.021329163855847617,0.01678711230997334,0.02298641295816184,,,,,,,,,1000,0.871,0.8487321839062798,0.38184861047773005,0.19565055158273548,-0.022267816093720194,0.023899157296750986,0.026307655626711356,0.031415085040463725,0.02305043679359457,0.03153321099216356,,,,,,,,,0.0,-0.025553596836264014,0.0006644100452086743,0.001148488939491904,-0.025553596836264014,0.012803587928011752,0.010328302998184932,0.010085921184616108,0.0062633244836212305,0.00854679803400172,,,,,,,,
d1-omni,19,ood,global,noul,400,1000,1000,0.901,0.9432314204015347,0.2887468860516532,0.16364282690775503,0.042231420401534714,0.042724886807562146,0.04342792972824103,0.05033073260630045,0.05219197965045897,0.052457974139651836,,,,,,,,,1000,0.901,0.9308580010529193,0.2719892519466622,0.1602142391382614,0.029858001052919247,0.031080030027459914,0.03658969402752977,0.04170650614033811,0.04038281344245146,0.03922678821236003,,,,,,,,,0.0,-0.012373419348615466,-0.016757634104991037,-0.0034285877694936184,-0.012373419348615466,-0.011644856780102231,-0.006838235700711258,-0.008624226465962344,-0.01180916620800751,-0.013231185927291805,,,,,,,,
d1-omni,19,ood,global,score,400,1000,1000,0.634,0.6350202370484967,0.8107595645039014,0.467473881364578,0.0010202370484967416,0.013176887610125119,0.016725084452484596,0.04182437878468601,0.0208631530906699,0.021981095991194622,,,,,,,0.06876334158367087,0.46693653653180345,1000,0.634,0.601124454475086,0.8201562959265027,0.47018085008331095,-0.03287554552491401,0.03624153794090695,0.03748371246386608,0.04107402303453578,0.04328631367940388,0.04610938333818927,,,,,,,0.06942611676967499,0.47858990474205404,0.0,-0.03389578257341075,0.009396731422601334,0.0027069687187329383,-0.03389578257341075,0.023064650330781828,0.020758628011381484,-0.0007503557501502348,0.02242316058873398,0.02412828734699465,,,,,,,0.0006627751860041192,0.011653368210250592
d1-omni,19,in-domain,per_type,all,400,1600,1600,0.56375,0.6269201019636182,0.9600849220692238,0.5517070553749248,0.06317010196361827,0.07211512475773521,0.07833281653272117,0.08888992034309907,0.07909738740270521,0.07909738740270522,1600,0.37009476403041075,0.18256187117617792,0.49662912064690334,0.0761715565120658,0.5584292407430427,0.16264867191650811,0.7561137510686717,1600,0.56375,0.6080395350369819,0.9330229950913508,0.5390756809196118,0.044289535036981964,0.06383352700938881,0.06383352700938882,0.06383352700938882,0.06034784820846143,0.060261153127516925,1600,0.33721758128972995,0.1697778164539371,0.49662912064690334,0.06435702290642657,0.5314194810815118,0.15522196276441047,0.7594093473663565,0.0,-0.01888056692663631,-0.02706192697787302,-0.012631374455313038,-0.01888056692663631,-0.0082815977483464,-0.014499289523332348,-0.02505639333371025,-0.018749539194243776,-0.018836234275188296,0,-0.0328771827406808,-0.012784054722240812,0.0,-0.011814533605639221,-0.027009759661530852,-0.007426709152097644,0.003295596297684722
d1-omni,19,in-domain,per_type,choice,400,480,480,0.5979166666666667,0.5687688938056129,0.9225943491118085,0.5179543607172482,-0.029147772861053745,0.0497257375815978,0.08021834861190501,0.09092862259289332,0.08837878161356179,0.0722659657340633,480,0.32083918592835864,0.1485355121236943,0.485451189826459,,,,,480,0.5979166666666667,0.6106097081483526,0.9287100542167965,0.5167161962433938,0.01269304148168593,0.049523763792819385,0.0614181916272238,0.06876105226430632,0.04598718551971084,0.0741375218851685,480,0.3947122273494857,0.16426360670045986,0.485451189826459,,,,,0.0,0.041840814342739674,0.006115705104988045,-0.0012381644738543862,0.041840814342739674,-0.00020197378877841177,-0.01880015698468121,-0.022167570328587002,-0.04239159609385095,0.0018715561511052081,0,0.07387304142112705,0.01572809457676555,0.0,,,,
d1-omni,19,in-domain,per_type,noul,400,480,480,0.69375,0.7353882619761862,0.5612381621176915,0.3868431417511218,0.04163826197618625,0.04163826197618616,0.06705362329958005,0.05788503991207107,0.0416382619761862,0.05148268021875994,480,0.16850455011146062,0.1323212396111257,0.6565527625,,,,,480,0.69375,0.758036737649724,0.5720777013562118,0.39299992805362055,0.06428673764972404,0.06428673764972408,0.07829763802493556,0.0766436263995188,0.06486504122177277,0.08158465826201633,480,0.18938755620165182,0.14253485628519952,0.6565527625,,,,,0.0,0.022648475673537782,0.010839539238520324,0.0061567863024987735,0.022648475673537782,0.022648475673537914,0.011244014725355508,0.01875858648744773,0.023226779245586568,0.030101978043256393,0,0.020883006090191197,0.010213616674073805,0.0,,,,
d1-omni,19,in-domain,per_type,score,400,640,640,0.440625,0.5891823880726962,1.2873379217509344,0.7006695115860344,0.1485573880726962,0.15565922208810434,0.1559715036842859,0.1607385964375049,0.15232292390440955,0.15232292390440957,640,0.5582291080461623,0.24576211413932975,0.3850698373724141,0.0761715565120658,0.5584292407430427,0.16264867191650811,0.7561137510686717,640,0.440625,0.49361400324389726,1.2069666710486202,0.6654021090762687,0.05298900324389727,0.08240522918475772,0.08240522918475772,0.08395240810538887,0.07817094168339073,0.07715251768045808,640,0.40496911556097165,0.19434569389559825,0.3850698373724141,0.06435702290642657,0.5314194810815118,0.15522196276441047,0.7594093473663565,0.0,-0.09556838482879892,-0.08037125070231421,-0.03526740250976568,-0.09556838482879892,-0.07325399290334662,-0.07356627449952817,-0.07678618833211603,-0.07415198222101882,-0.07517040622395149,0,-0.15325999248519068,-0.0514164202437315,0.0,-0.011814533605639221,-0.027009759661530852,-0.007426709152097644,0.003295596297684722
d1-omni,19,ood,per_type,all,400,3000,3000,0.802,0.8175124793975249,0.49356355032935867,0.27520625697185885,0.01551247939752487,0.020371152227036757,0.024368578066935275,0.02440000903077209,0.021690329742884568,0.027345712840731215,,,,,,,0.06876334158367087,0.46693653653180345,3000,0.802,0.7985234623427804,0.5263981507847217,0.28361016712450504,-0.0034765376572196693,0.05204804378284042,0.05215052015042287,0.052236825322302644,0.05251563862669002,0.055450327810128944,,,,,,,0.07272561166451183,0.5065646558300517,0.0,-0.01898901705474454,0.03283460045536307,0.008403910152646188,-0.01898901705474454,0.031676891555803666,0.027781942083487592,0.027836816291530554,0.030825308883805455,0.02810461496939773,,,,,,,0.003962270080840963,0.03962811929824828
d1-omni,19,ood,per_type,choice,400,1000,1000,0.871,0.8742857807425438,0.3811842004325214,0.19450206264324357,0.00328578074254382,0.011095569368739233,0.015979352628526424,0.021329163855847617,0.01678711230997334,0.02298641295816184,,,,,,,,,1000,0.871,0.9055714509328593,0.4014605105145449,0.19688621407369625,0.03457145093285929,0.03457145093285936,0.0347702572193317,0.034906871518069676,0.035091692576123865,0.037994523334578756,,,,,,,,,0.0,0.03128567019031547,0.02027631008202352,0.0023841514304526745,0.03128567019031547,0.02347588156412013,0.018790904590805273,0.01357770766222206,0.018304580266150526,0.015008110376416917,,,,,,,,
d1-omni,19,ood,per_type,noul,400,1000,1000,0.901,0.9432314204015347,0.2887468860516532,0.16364282690775503,0.042231420401534714,0.042724886807562146,0.04342792972824103,0.05033073260630045,0.05219197965045897,0.052457974139651836,,,,,,,,,1000,0.901,0.9539121202359481,0.31550979744517854,0.16767089443479918,0.052912120235948046,0.05306972729371127,0.05328347995297602,0.05771369276930938,0.06149211314105465,0.059519169449315186,,,,,,,,,0.0,0.010680699834413332,0.026762911393525324,0.004028067527044155,0.010680699834413332,0.010344840486149122,0.009855550224734992,0.007382960163008927,0.009300133490595677,0.00706119530966335,,,,,,,,
d1-omni,19,ood,per_type,score,400,1000,1000,0.634,0.6350202370484967,0.8107595645039014,0.467473881364578,0.0010202370484967416,0.013176887610125119,0.016725084452484596,0.04182437878468601,0.0208631530906699,0.021981095991194622,,,,,,,0.06876334158367087,0.46693653653180345,1000,0.634,0.5360868158595337,0.862224144394442,0.4862733928650199,-0.09791318414046635,0.09791318414046633,0.09791318414046632,0.10024411435064166,0.09982326124486623,0.10408743135146097,,,,,,,0.07272561166451183,0.5065646558300517,0.0,-0.09893342118896309,0.05146457989054054,0.0187995115004419,-0.09893342118896309,0.08473629653034122,0.08118809968798173,0.05841973556595565,0.07896010815419634,0.08210633536026635,,,,,,,0.003962270080840963,0.03962811929824828
d1-omni,19,in-domain,per_task,all,400,1600,1600,0.56375,0.6269201019636182,0.9600849220692238,0.5517070553749248,0.06317010196361827,0.07211512475773521,0.07833281653272117,0.08888992034309907,0.07909738740270521,0.07909738740270522,1600,0.37009476403041075,0.18256187117617792,0.49662912064690334,0.0761715565120658,0.5584292407430427,0.16264867191650811,0.7561137510686717,1600,0.56375,0.6152434955006009,0.9283627596369582,0.5387212806579655,0.051493495500600894,0.06083606557060457,0.06393669417902612,0.0762184416370581,0.06714109511475529,0.07045345248822474,1600,0.33709835459324944,0.1719975311279544,0.49662912064690334,0.06464510999798907,0.531067802840378,0.1555703723683682,0.7609389871572342,0.0,-0.01167660646301738,-0.031722162432265555,-0.012985774716959275,-0.01167660646301738,-0.011279059187130638,-0.014396122353695057,-0.012671478706040976,-0.011956292287949921,-0.008643934914480483,0,-0.03299640943716131,-0.010564340048223514,0.0,-0.011526446514076721,-0.027361437902664654,-0.007078299548139905,0.004825236088562446
d1-omni,19,in-domain,per_task,choice,400,480,480,0.5979166666666667,0.5687688938056129,0.9225943491118085,0.5179543607172482,-0.029147772861053745,0.0497257375815978,0.08021834861190501,0.09092862259289332,0.08837878161356179,0.0722659657340633,480,0.32083918592835864,0.1485355121236943,0.485451189826459,,,,,480,0.5979166666666667,0.6218688124447205,0.9108356377108983,0.5079584650442477,0.023952145778053824,0.06530896740049046,0.08795630478126978,0.0882868659584553,0.07646891513683624,0.06647564362299775,480,0.3932028631771382,0.16842610893917367,0.485451189826459,,,,,0.0,0.05309991863910757,-0.011758711400910227,-0.009995895673000521,0.05309991863910757,0.015583229818892659,0.007737956169364776,-0.002641756634438025,-0.011909866476725553,-0.005790322111065546,0,0.07236367724877957,0.01989059681547936,0.0,,,,
d1-omni,19,in-domain,per_task,noul,400,480,480,0.69375,0.7353882619761862,0.5612381621176915,0.3868431417511218,0.04163826197618625,0.04163826197618616,0.06705362329958005,0.05788503991207107,0.0416382619761862,0.05148268021875994,480,0.16850455011146062,0.1323212396111257,0.6565527625,,,,,480,0.69375,0.7587295186334331,0.5825864835647024,0.39908379096195173,0.0649795186334331,0.06902536990388203,0.07832814173878909,0.08887074954049705,0.06497951863343304,0.07597221765682455,480,0.20247934366701179,0.1467615872148915,0.6565527625,,,,,0.0,0.023341256657246845,0.02134832144701093,0.012240649210829957,0.023341256657246845,0.027387107927695865,0.011274518439209041,0.030985709628425978,0.023341256657246845,0.02448953743806461,0,0.033974793555551164,0.01444034760376578,0.0,,,,
d1-omni,19,in-domain,per_task,score,400,640,640,0.440625,0.5891823880726962,1.2873379217509344,0.7006695115860344,0.1485573880726962,0.15565922208810434,0.1559715036842859,0.1607385964375049,0.15232292390440955,0.15232292390440957,640,0.5582291080461623,0.24576211413932975,0.3850698373724141,0.0761715565120658,0.5584292407430427,0.16264867191650811,0.7561137510686717,640,0.440625,0.502659990442887,1.200840308135695,0.6665215096402644,0.06203499044288702,0.07733662603431511,0.08447029619165422,0.09302673751778796,0.08106255794050041,0.08843172547113326,640,0.39598423135001104,0.19360305570433717,0.3850698373724141,0.06464510999798907,0.531067802840378,0.1555703723683682,0.7609389871572342,0.0,-0.08652239762980918,-0.08649761361523933,-0.03414800194577006,-0.08652239762980918,-0.07832259605378923,-0.07150120749263167,-0.06771185891971694,-0.07126036596390914,-0.06389119843327631,0,-0.16224487669615129,-0.05215905843499258,0.0,-0.011526446514076721,-0.027361437902664654,-0.007078299548139905,0.004825236088562446
