model,domain,row_id,question,qtype,gold_idx,pred_idx,labels_json,probs_json,gold_probs_json
d1-omni,typed_agent_trace_observability,agent_trace_observability_000000,action,choice,0,0,"[""continue"", ""human_review"", ""observe"", ""stop""]","[0.6507976496992288, 0.10372809439764036, 0.2430072545103586, 0.0024670013927722326]","[0.583333, 0.29, 0.09, 0.036667]"
d1-omni,typed_agent_trace_observability,agent_trace_observability_000000,needs_review,noul,0,0,"[""false"", ""true""]","[0.8991933033445298, 0.10080669665547005]","[0.643333, 0.356667]"
d1-omni,typed_agent_trace_observability,agent_trace_observability_000000,outcome,choice,3,3,"[""failure"", ""harmful"", ""partial"", ""success""]","[0.009371992162287061, 0.0002658628624866339, 0.2116455563948455, 0.7787165885803807]","[0.073333, 0.003333, 0.316667, 0.606667]"
d1-omni,typed_agent_trace_observability,agent_trace_observability_000000,risk,score,1,1,"[""0"", ""1"", ""2"", ""3""]","[0.21174036344136887, 0.7882489421042814, 7.5306079603751835e-06, 3.1638463892225928e-06]","[0.3, 0.616667, 0.076667, 0.006667]"
d1-omni,typed_agent_trace_observability,agent_trace_observability_000000,urgency,score,0,1,"[""0"", ""1"", ""2"", ""3""]","[0.2171725674244482, 0.7676912639881898, 0.015011512843208978, 0.0001246557441532199]","[0.533333, 0.383333, 0.076667, 0.006667]"
d1-omni,typed_agent_trace_observability,agent_trace_observability_000001,action,choice,2,1,"[""continue"", ""human_review"", ""observe"", ""stop""]","[0.2915700033983645, 0.37002157872004493, 0.3332273707618423, 0.005181047119748214]","[0.333333, 0.186667, 0.433333, 0.046667]"
d1-omni,typed_agent_trace_observability,agent_trace_observability_000001,needs_review,noul,0,0,"[""false"", ""true""]","[0.7215470428196701, 0.27845295718032986]","[0.75, 0.25]"
d1-omni,typed_agent_trace_observability,agent_trace_observability_000001,outcome,choice,3,3,"[""failure"", ""harmful"", ""partial"", ""success""]","[0.07967562218971225, 0.002663195380572138, 0.2897386547270219, 0.6279225277026936]","[0.123333, 0.01, 0.233333, 0.633333]"
d1-omni,typed_agent_trace_observability,agent_trace_observability_000001,risk,score,0,0,"[""0"", ""1"", ""2"", ""3""]","[0.9133205463307547, 0.08664871096768667, 2.2615610718488387e-05, 8.127090840193554e-06]","[0.5, 0.45, 0.043333, 0.006667]"
d1-omni,typed_agent_trace_observability,agent_trace_observability_000001,urgency,score,1,1,"[""0"", ""1"", ""2"", ""3""]","[0.3120371148344343, 0.6667395890113934, 0.021198134024110835, 2.5162130061431166e-05]","[0.433333, 0.433333, 0.113333, 0.02]"
d1-omni,typed_agent_trace_observability,agent_trace_observability_000002,action,choice,0,1,"[""continue"", ""human_review"", ""observe"", ""stop""]","[0.06183956735958417, 0.5991664745592863, 0.33675898157838324, 0.0022349765027463737]","[0.383333, 0.27, 0.313333, 0.033333]"
d1-omni,typed_agent_trace_observability,agent_trace_observability_000002,needs_review,noul,0,0,"[""false"", ""true""]","[0.8050197928672004, 0.19498020713279965]","[0.593333, 0.406667]"
d1-omni,typed_agent_trace_observability,agent_trace_observability_000002,outcome,choice,2,3,"[""failure"", ""harmful"", ""partial"", ""success""]","[0.050154840584727176, 0.0006565067555976654, 0.34882419329180697, 0.6003644593678683]","[0.166667, 0.016667, 0.42, 0.396667]"
d1-omni,typed_agent_trace_observability,agent_trace_observability_000002,risk,score,1,0,"[""0"", ""1"", ""2"", ""3""]","[0.872512270090112, 0.12714793230364094, 0.00023193689905827422, 0.00010786070718895934]","[0.383333, 0.533333, 0.083333, 0.0]"
d1-omni,typed_agent_trace_observability,agent_trace_observability_000002,urgency,score,1,1,"[""0"", ""1"", ""2"", ""3""]","[0.31128793284455264, 0.628051755659183, 0.060582100414440954, 7.821108182316828e-05]","[0.066667, 0.6, 0.283333, 0.05]"
d1-omni,typed_agent_trace_observability,agent_trace_observability_000003,action,choice,1,1,"[""continue"", ""human_review"", ""observe"", ""stop""]","[0.1693529932201597, 0.4562094770539606, 0.3689989983731638, 0.005438531352715711]","[0.333333, 0.333333, 0.283333, 0.05]"
d1-omni,typed_agent_trace_observability,agent_trace_observability_000003,needs_review,noul,0,0,"[""false"", ""true""]","[0.8572908799311263, 0.1427091200688737]","[0.6, 0.4]"
d1-omni,typed_agent_trace_observability,agent_trace_observability_000003,outcome,choice,2,3,"[""failure"", ""harmful"", ""partial"", ""success""]","[0.06962112545700012, 0.0006960036823349588, 0.45576364231047534, 0.47391922855018964]","[0.183333, 0.0, 0.466667, 0.35]"
d1-omni,typed_agent_trace_observability,agent_trace_observability_000003,risk,score,1,0,"[""0"", ""1"", ""2"", ""3""]","[0.9050175773073282, 0.09492353160863125, 3.3896999437259314e-05, 2.49940846032667e-05]","[0.35, 0.566667, 0.076667, 0.006667]"
d1-omni,typed_agent_trace_observability,agent_trace_observability_000003,urgency,score,1,1,"[""0"", ""1"", ""2"", ""3""]","[0.4624403427564548, 0.5317135900540682, 0.005827663366964604, 1.8403822512409053e-05]","[0.2, 0.633333, 0.15, 0.016667]"
d1-omni,typed_agent_trace_observability,agent_trace_observability_000004,action,choice,0,0,"[""continue"", ""human_review"", ""observe"", ""stop""]","[0.4650518471769371, 0.25632491605489327, 0.27614019866699574, 0.002483038101173695]","[0.383333, 0.216667, 0.366667, 0.033333]"
d1-omni,typed_agent_trace_observability,agent_trace_observability_000004,needs_review,noul,0,0,"[""false"", ""true""]","[0.9367711755911178, 0.06322882440888218]","[0.7, 0.3]"
d1-omni,typed_agent_trace_observability,agent_trace_observability_000004,outcome,choice,3,3,"[""failure"", ""harmful"", ""partial"", ""success""]","[0.03848815227088357, 0.0008436972544427569, 0.39176528634174257, 0.5689028641329312]","[0.35, 0.016667, 0.266667, 0.366667]"
d1-omni,typed_agent_trace_observability,agent_trace_observability_000004,risk,score,0,0,"[""0"", ""1"", ""2"", ""3""]","[0.6767616517002222, 0.3231321433202478, 5.1858131631213915e-05, 5.434684789890311e-05]","[0.716667, 0.266667, 0.016667, 0.0]"
d1-omni,typed_agent_trace_observability,agent_trace_observability_000004,urgency,score,0,1,"[""0"", ""1"", ""2"", ""3""]","[0.34472611758876137, 0.6445051234421488, 0.010750762876363373, 1.7996092726501484e-05]","[0.733333, 0.233333, 0.033333, 0.0]"
d1-omni,typed_agent_trace_observability,agent_trace_observability_000005,action,choice,0,1,"[""continue"", ""human_review"", ""observe"", ""stop""]","[0.10527035298107532, 0.5483547589395598, 0.3381616214920815, 0.008213266587283325]","[0.6, 0.083333, 0.316667, 0.0]"
d1-omni,typed_agent_trace_observability,agent_trace_observability_000005,needs_review,noul,0,0,"[""false"", ""true""]","[0.8669231460255057, 0.13307685397449434]","[0.85, 0.15]"
d1-omni,typed_agent_trace_observability,agent_trace_observability_000005,outcome,choice,3,2,"[""failure"", ""harmful"", ""partial"", ""success""]","[0.04565622581871061, 0.0009969258103898998, 0.49760749903604423, 0.4557393493348554]","[0.05, 0.0, 0.15, 0.8]"
d1-omni,typed_agent_trace_observability,agent_trace_observability_000005,risk,score,1,0,"[""0"", ""1"", ""2"", ""3""]","[0.5836143112099788, 0.41627647111778043, 8.3385917979698e-05, 2.5831754260955933e-05]","[0.166667, 0.716667, 0.1, 0.016667]"
d1-omni,typed_agent_trace_observability,agent_trace_observability_000005,urgency,score,0,1,"[""0"", ""1"", ""2"", ""3""]","[0.21257157305922092, 0.7593569970015587, 0.027951482474483598, 0.00011994746473678732]","[0.4, 0.316667, 0.25, 0.033333]"
d1-omni,typed_agent_trace_observability,agent_trace_observability_000006,action,choice,1,1,"[""continue"", ""human_review"", ""observe"", ""stop""]","[0.019170695069734418, 0.8668848160634499, 0.10866240744610399, 0.00528208142071161]","[0.01, 0.533333, 0.14, 0.316667]"
d1-omni,typed_agent_trace_observability,agent_trace_observability_000006,needs_review,noul,1,1,"[""false"", ""true""]","[0.22646269318278414, 0.7735373068172158]","[0.1, 0.9]"
d1-omni,typed_agent_trace_observability,agent_trace_observability_000006,outcome,choice,2,2,"[""failure"", ""harmful"", ""partial"", ""success""]","[0.33661362782826865, 0.10326465407529697, 0.3668207453178699, 0.19330097277856445]","[0.233333, 0.333333, 0.383333, 0.05]"
d1-omni,typed_agent_trace_observability,agent_trace_observability_000006,risk,score,2,3,"[""0"", ""1"", ""2"", ""3""]","[0.2692368539146305, 0.21256831537805201, 0.23713703798919153, 0.281057792718126]","[0.006667, 0.06, 0.516667, 0.416667]"
d1-omni,typed_agent_trace_observability,agent_trace_observability_000006,urgency,score,3,3,"[""0"", ""1"", ""2"", ""3""]","[0.10656188569592338, 0.267896585438217, 0.07154228495936675, 0.5539992439064928]","[0.033333, 0.133333, 0.4, 0.433333]"
d1-omni,typed_agent_trace_observability,agent_trace_observability_000007,action,choice,2,2,"[""continue"", ""human_review"", ""observe"", ""stop""]","[0.14537583755927586, 0.3004846330418846, 0.5431783325681304, 0.01096119683070914]","[0.15, 0.35, 0.45, 0.05]"
d1-omni,typed_agent_trace_observability,agent_trace_observability_000007,needs_review,noul,1,0,"[""false"", ""true""]","[0.9468920972087088, 0.05310790279129104]","[0.483333, 0.516667]"
d1-omni,typed_agent_trace_observability,agent_trace_observability_000007,outcome,choice,2,3,"[""failure"", ""harmful"", ""partial"", ""success""]","[0.13133349359778976, 0.0006448961292287296, 0.4314678100023785, 0.43655380027060314]","[0.156667, 0.01, 0.55, 0.283333]"
d1-omni,typed_agent_trace_observability,agent_trace_observability_000007,risk,score,1,0,"[""0"", ""1"", ""2"", ""3""]","[0.9188143211326207, 0.08115962384907535, 2.4120919056003186e-05, 1.934099247939112e-06]","[0.366667, 0.5, 0.1, 0.033333]"
d1-omni,typed_agent_trace_observability,agent_trace_observability_000007,urgency,score,1,1,"[""0"", ""1"", ""2"", ""3""]","[0.3781562687407862, 0.5682343557230384, 0.05351622423063179, 9.315130554358788e-05]","[0.116667, 0.466667, 0.333333, 0.083333]"
d1-omni,typed_agent_trace_observability,agent_trace_observability_000008,action,choice,1,1,"[""continue"", ""human_review"", ""observe"", ""stop""]","[0.012872311712666673, 0.8997784891579037, 0.08076181209087276, 0.006587387038556811]","[0.05, 0.533333, 0.183333, 0.233333]"
d1-omni,typed_agent_trace_observability,agent_trace_observability_000008,needs_review,noul,1,1,"[""false"", ""true""]","[0.017994842076470216, 0.9820051579235297]","[0.266667, 0.733333]"
d1-omni,typed_agent_trace_observability,agent_trace_observability_000008,outcome,choice,1,2,"[""failure"", ""harmful"", ""partial"", ""success""]","[0.12455655774502922, 0.32752246503325055, 0.41890761300294777, 0.12901336421877244]","[0.25, 0.466667, 0.233333, 0.05]"
d1-omni,typed_agent_trace_observability,agent_trace_observability_000008,risk,score,3,3,"[""0"", ""1"", ""2"", ""3""]","[0.18441317973014912, 0.24574346606150058, 0.2555327151740536, 0.3143106390342966]","[0.01, 0.09, 0.35, 0.55]"
d1-omni,typed_agent_trace_observability,agent_trace_observability_000008,urgency,score,3,1,"[""0"", ""1"", ""2"", ""3""]","[0.19481973287312346, 0.41480641300727245, 0.023279260428773308, 0.3670945936908308]","[0.05, 0.133333, 0.383333, 0.433333]"
d1-omni,typed_agent_trace_observability,agent_trace_observability_000009,action,choice,1,1,"[""continue"", ""human_review"", ""observe"", ""stop""]","[0.007222654646137582, 0.9422929871730988, 0.03675137062870589, 0.013732987552057787]","[0.016667, 0.583333, 0.083333, 0.316667]"
d1-omni,typed_agent_trace_observability,agent_trace_observability_000009,needs_review,noul,1,1,"[""false"", ""true""]","[0.018937143988909957, 0.98106285601109]","[0.106667, 0.893333]"
d1-omni,typed_agent_trace_observability,agent_trace_observability_000009,outcome,choice,1,2,"[""failure"", ""harmful"", ""partial"", ""success""]","[0.08704401749665554, 0.20041659302539738, 0.5373911880890136, 0.17514820138893347]","[0.15, 0.666667, 0.15, 0.033333]"
d1-omni,typed_agent_trace_observability,agent_trace_observability_000009,risk,score,3,0,"[""0"", ""1"", ""2"", ""3""]","[0.36987753788436784, 0.3577980014088496, 0.12462152617280435, 0.14770293453397818]","[0.0, 0.083333, 0.25, 0.666667]"
d1-omni,typed_agent_trace_observability,agent_trace_observability_000009,urgency,score,3,3,"[""0"", ""1"", ""2"", ""3""]","[0.19427522729158922, 0.34853840790658264, 0.047609186844589035, 0.40957717795723914]","[0.033333, 0.133333, 0.416667, 0.416667]"
d1-omni,typed_agent_trace_observability,agent_trace_observability_000010,action,choice,0,1,"[""continue"", ""human_review"", ""observe"", ""stop""]","[0.10466574287709327, 0.5802263370594261, 0.3042684492360685, 0.010839470827412163]","[0.833, 0.033333, 0.133667, 0.0]"
d1-omni,typed_agent_trace_observability,agent_trace_observability_000010,needs_review,noul,0,0,"[""false"", ""true""]","[0.8419556380243108, 0.15804436197568916]","[0.9, 0.1]"
d1-omni,typed_agent_trace_observability,agent_trace_observability_000010,outcome,choice,3,3,"[""failure"", ""harmful"", ""partial"", ""success""]","[0.009184684178866384, 0.0009833037586347885, 0.15534716795477635, 0.8344848441077225]","[0.033333, 0.0, 0.067, 0.899667]"
d1-omni,typed_agent_trace_observability,agent_trace_observability_000010,risk,score,1,0,"[""0"", ""1"", ""2"", ""3""]","[0.9188059680918594, 0.0809535765531563, 1.8774322739796944e-05, 0.0002216810322445041]","[0.366667, 0.583, 0.050333, 0.0]"
d1-omni,typed_agent_trace_observability,agent_trace_observability_000010,urgency,score,1,1,"[""0"", ""1"", ""2"", ""3""]","[0.4653429349597281, 0.46682216351181244, 0.06781267987706031, 2.2221651399201807e-05]","[0.4, 0.566333, 0.033667, 0.0]"
d1-omni,typed_agent_trace_observability,agent_trace_observability_000011,action,choice,0,0,"[""continue"", ""human_review"", ""observe"", ""stop""]","[0.7027515120849749, 0.11975788380663954, 0.1771636213377342, 0.00032698277065135634]","[0.78, 0.033333, 0.18, 0.006667]"
d1-omni,typed_agent_trace_observability,agent_trace_observability_000011,needs_review,noul,0,0,"[""false"", ""true""]","[0.9848255526557563, 0.015174447344243617]","[0.936667, 0.063333]"
d1-omni,typed_agent_trace_observability,agent_trace_observability_000011,outcome,choice,3,3,"[""failure"", ""harmful"", ""partial"", ""success""]","[0.008534656547665786, 0.00023742672295289658, 0.09522518589660904, 0.8960027308327723]","[0.02, 0.006667, 0.116667, 0.856667]"
d1-omni,typed_agent_trace_observability,agent_trace_observability_000011,risk,score,0,0,"[""0"", ""1"", ""2"", ""3""]","[0.8167640726355005, 0.1832093771473102, 8.97602272045448e-06, 1.757419446868011e-05]","[0.643333, 0.3, 0.053333, 0.003333]"
d1-omni,typed_agent_trace_observability,agent_trace_observability_000011,urgency,score,0,1,"[""0"", ""1"", ""2"", ""3""]","[0.23367521847569553, 0.7516932876557574, 0.014570059197658743, 6.143467088843586e-05]","[0.61, 0.33, 0.053333, 0.006667]"
d1-omni,typed_agent_trace_observability,agent_trace_observability_000012,action,choice,2,2,"[""continue"", ""human_review"", ""observe"", ""stop""]","[0.2884606151806768, 0.35162194202567193, 0.35864464280230535, 0.001272799991346026]","[0.316667, 0.283333, 0.35, 0.05]"
d1-omni,typed_agent_trace_observability,agent_trace_observability_000012,needs_review,noul,0,0,"[""false"", ""true""]","[0.9076402034287334, 0.09235979657126656]","[0.616667, 0.383333]"
d1-omni,typed_agent_trace_observability,agent_trace_observability_000012,outcome,choice,3,3,"[""failure"", ""harmful"", ""partial"", ""success""]","[0.01350811748391104, 0.0014071581620437067, 0.28545145672566385, 0.6996332676283813]","[0.133333, 0.033333, 0.333333, 0.5]"
d1-omni,typed_agent_trace_observability,agent_trace_observability_000012,risk,score,2,0,"[""0"", ""1"", ""2"", ""3""]","[0.80787983898999, 0.19202888932657047, 6.104982989692324e-05, 3.022185354257744e-05]","[0.1, 0.333333, 0.533333, 0.033333]"
d1-omni,typed_agent_trace_observability,agent_trace_observability_000012,urgency,score,2,1,"[""0"", ""1"", ""2"", ""3""]","[0.3968507380158702, 0.5570592583487871, 0.04475428646639825, 0.001335717168944456]","[0.333333, 0.233333, 0.35, 0.083333]"
d1-omni,typed_agent_trace_observability,agent_trace_observability_000013,action,choice,0,2,"[""continue"", ""human_review"", ""observe"", ""stop""]","[0.195976763876078, 0.24129099382693256, 0.561018398414613, 0.001713843882376475]","[0.4, 0.166667, 0.383333, 0.05]"
d1-omni,typed_agent_trace_observability,agent_trace_observability_000013,needs_review,noul,0,0,"[""false"", ""true""]","[0.7070002618401987, 0.2929997381598013]","[0.766667, 0.233333]"
d1-omni,typed_agent_trace_observability,agent_trace_observability_000013,outcome,choice,2,2,"[""failure"", ""harmful"", ""partial"", ""success""]","[0.030064089723160627, 0.00042716940448412683, 0.5277200193863905, 0.44178872148596476]","[0.216667, 0.016667, 0.4, 0.366667]"
d1-omni,typed_agent_trace_observability,agent_trace_observability_000013,risk,score,0,0,"[""0"", ""1"", ""2"", ""3""]","[0.7581216837977955, 0.24160138226535427, 0.00022378125373000951, 5.3152683120255826e-05]","[0.516667, 0.416667, 0.063333, 0.003333]"
d1-omni,typed_agent_trace_observability,agent_trace_observability_000013,urgency,score,0,1,"[""0"", ""1"", ""2"", ""3""]","[0.1501769739772801, 0.839257437638912, 0.010549224808070785, 1.6363575737134988e-05]","[0.533333, 0.3, 0.143333, 0.023333]"
d1-omni,typed_agent_trace_observability,agent_trace_observability_000014,action,choice,0,1,"[""continue"", ""human_review"", ""observe"", ""stop""]","[0.15726163087689954, 0.4255030986994297, 0.4112555146579943, 0.005979755765676332]","[0.5, 0.113333, 0.383333, 0.003333]"
d1-omni,typed_agent_trace_observability,agent_trace_observability_000014,needs_review,noul,0,0,"[""false"", ""true""]","[0.8738621026084478, 0.12613789739155218]","[0.823333, 0.176667]"
d1-omni,typed_agent_trace_observability,agent_trace_observability_000014,outcome,choice,3,3,"[""failure"", ""harmful"", ""partial"", ""success""]","[0.0383612525912827, 0.00041466021976658586, 0.3224519543671463, 0.6387721328218043]","[0.063333, 0.003333, 0.266667, 0.666667]"
d1-omni,typed_agent_trace_observability,agent_trace_observability_000014,risk,score,1,0,"[""0"", ""1"", ""2"", ""3""]","[0.7844064677790784, 0.21465430491478404, 0.0002613463529953056, 0.0006778809531421321]","[0.193333, 0.61, 0.18, 0.016667]"
d1-omni,typed_agent_trace_observability,agent_trace_observability_000014,urgency,score,1,1,"[""0"", ""1"", ""2"", ""3""]","[0.26691043989623187, 0.6782598627940363, 0.053909354510907365, 0.0009203427988245059]","[0.313333, 0.543333, 0.12, 0.023333]"
d1-omni,typed_agent_trace_observability,agent_trace_observability_000015,action,choice,1,1,"[""continue"", ""human_review"", ""observe"", ""stop""]","[0.017528469249531397, 0.861226442103336, 0.11363220375143815, 0.0076128848956943836]","[0.133333, 0.433333, 0.133333, 0.3]"
d1-omni,typed_agent_trace_observability,agent_trace_observability_000015,needs_review,noul,1,1,"[""false"", ""true""]","[0.16938871421193488, 0.830611285788065]","[0.123333, 0.876667]"
d1-omni,typed_agent_trace_observability,agent_trace_observability_000015,outcome,choice,1,2,"[""failure"", ""harmful"", ""partial"", ""success""]","[0.18866499780715426, 0.17044461645056366, 0.4360964444126966, 0.20479394132958542]","[0.116667, 0.566667, 0.216667, 0.1]"
d1-omni,typed_agent_trace_observability,agent_trace_observability_000015,risk,score,3,0,"[""0"", ""1"", ""2"", ""3""]","[0.3236203427775614, 0.2698673047117788, 0.11471624170325272, 0.291796110807407]","[0.033333, 0.09, 0.343333, 0.533333]"
d1-omni,typed_agent_trace_observability,agent_trace_observability_000015,urgency,score,2,3,"[""0"", ""1"", ""2"", ""3""]","[0.13176332285017858, 0.3294785428077904, 0.021300730937294385, 0.5174574034047367]","[0.033333, 0.133333, 0.433333, 0.4]"
d1-omni,typed_agent_trace_observability,agent_trace_observability_000016,action,choice,1,1,"[""continue"", ""human_review"", ""observe"", ""stop""]","[0.009767142781043663, 0.9350009742658275, 0.04765487846636708, 0.007577004486761804]","[0.05, 0.666667, 0.083333, 0.2]"
d1-omni,typed_agent_trace_observability,agent_trace_observability_000016,needs_review,noul,1,0,"[""false"", ""true""]","[0.5044554444947618, 0.49554455550523824]","[0.183333, 0.816667]"
d1-omni,typed_agent_trace_observability,agent_trace_observability_000016,outcome,choice,1,2,"[""failure"", ""harmful"", ""partial"", ""success""]","[0.09815240427251666, 0.18194584299569738, 0.49169054580845595, 0.22821120692332997]","[0.2, 0.65, 0.133333, 0.016667]"
d1-omni,typed_agent_trace_observability,agent_trace_observability_000016,risk,score,3,0,"[""0"", ""1"", ""2"", ""3""]","[0.3863020324043128, 0.3067861382822174, 0.22842981045368554, 0.07848201885978409]","[0.016667, 0.066667, 0.283333, 0.633333]"
d1-omni,typed_agent_trace_observability,agent_trace_observability_000016,urgency,score,3,1,"[""0"", ""1"", ""2"", ""3""]","[0.18972076792049686, 0.6217666674539261, 0.0360676672019974, 0.15244489742357972]","[0.033333, 0.133333, 0.283333, 0.55]"
d1-omni,typed_agent_trace_observability,agent_trace_observability_000017,action,choice,1,1,"[""continue"", ""human_review"", ""observe"", ""stop""]","[0.03726763659298578, 0.6989097163820817, 0.25919435630262844, 0.0046282907223040405]","[0.133333, 0.5, 0.316667, 0.05]"
d1-omni,typed_agent_trace_observability,agent_trace_observability_000017,needs_review,noul,1,1,"[""false"", ""true""]","[0.4277552352930931, 0.5722447647069069]","[0.306667, 0.693333]"
d1-omni,typed_agent_trace_observability,agent_trace_observability_000017,outcome,choice,3,2,"[""failure"", ""harmful"", ""partial"", ""success""]","[0.06692886880091789, 0.004680824569713387, 0.6772790666200382, 0.2511112400093305]","[0.096667, 0.036667, 0.35, 0.516667]"
d1-omni,typed_agent_trace_observability,agent_trace_observability_000017,risk,score,2,1,"[""0"", ""1"", ""2"", ""3""]","[0.23828421023905844, 0.7325348591311065, 0.0032687292861241666, 0.025912201343710962]","[0.033333, 0.216667, 0.583333, 0.166667]"
d1-omni,typed_agent_trace_observability,agent_trace_observability_000017,urgency,score,2,1,"[""0"", ""1"", ""2"", ""3""]","[0.08294104496124483, 0.8529460802909073, 0.04800258685286431, 0.016110287894983408]","[0.033333, 0.216667, 0.5, 0.25]"
d1-omni,typed_agent_trace_observability,agent_trace_observability_000018,action,choice,0,0,"[""continue"", ""human_review"", ""observe"", ""stop""]","[0.8070179245568567, 0.10741977884320715, 0.08514217083268023, 0.00042012576725595374]","[0.743333, 0.063333, 0.183333, 0.01]"
d1-omni,typed_agent_trace_observability,agent_trace_observability_000018,needs_review,noul,0,0,"[""false"", ""true""]","[0.8396024899827264, 0.1603975100172736]","[0.893333, 0.106667]"
d1-omni,typed_agent_trace_observability,agent_trace_observability_000018,outcome,choice,3,3,"[""failure"", ""harmful"", ""partial"", ""success""]","[0.04587510090720538, 0.0003072981522697399, 0.18393725393209165, 0.7698803470084333]","[0.056667, 0.01, 0.14, 0.793333]"
d1-omni,typed_agent_trace_observability,agent_trace_observability_000018,risk,score,0,0,"[""0"", ""1"", ""2"", ""3""]","[0.8947388269437441, 0.10525595107789931, 5.039830886276206e-06, 1.8214747047300806e-07]","[0.713333, 0.273333, 0.01, 0.003333]"
d1-omni,typed_agent_trace_observability,agent_trace_observability_000018,urgency,score,0,1,"[""0"", ""1"", ""2"", ""3""]","[0.15008199157276697, 0.8167013605543724, 0.032768020234718157, 0.0004486276381425094]","[0.593333, 0.326667, 0.063333, 0.016667]"
d1-omni,typed_agent_trace_observability,agent_trace_observability_000019,action,choice,0,2,"[""continue"", ""human_review"", ""observe"", ""stop""]","[0.1908357491361587, 0.35461828406083534, 0.45201608811108285, 0.002529878691923186]","[0.5, 0.1, 0.4, 0.0]"
d1-omni,typed_agent_trace_observability,agent_trace_observability_000019,needs_review,noul,0,0,"[""false"", ""true""]","[0.9437636702364445, 0.056236329763555484]","[0.816667, 0.183333]"
d1-omni,typed_agent_trace_observability,agent_trace_observability_000019,outcome,choice,3,3,"[""failure"", ""harmful"", ""partial"", ""success""]","[0.02219353729084339, 0.0005556042557936313, 0.45812609715423575, 0.5191247612991272]","[0.066667, 0.016667, 0.3, 0.616667]"
d1-omni,typed_agent_trace_observability,agent_trace_observability_000019,risk,score,1,0,"[""0"", ""1"", ""2"", ""3""]","[0.6361302751673673, 0.362456075428732, 0.0013699549685678028, 4.3694435333041424e-05]","[0.433333, 0.483333, 0.083333, 0.0]"
d1-omni,typed_agent_trace_observability,agent_trace_observability_000019,urgency,score,0,1,"[""0"", ""1"", ""2"", ""3""]","[0.3632406581526578, 0.6186478011338369, 0.0139543040474628, 0.004157236666042437]","[0.666667, 0.266667, 0.066667, 0.0]"
d1-omni,typed_agent_trace_observability,agent_trace_observability_000020,action,choice,2,2,"[""continue"", ""human_review"", ""observe"", ""stop""]","[0.20169004042708155, 0.309423426734957, 0.48738595036556503, 0.0015005824723964799]","[0.333333, 0.196667, 0.466667, 0.003333]"
d1-omni,typed_agent_trace_observability,agent_trace_observability_000020,needs_review,noul,0,0,"[""false"", ""true""]","[0.6085940184013228, 0.3914059815986772]","[0.716667, 0.283333]"
d1-omni,typed_agent_trace_observability,agent_trace_observability_000020,outcome,choice,3,2,"[""failure"", ""harmful"", ""partial"", ""success""]","[0.016938662848382337, 0.0006829466434112877, 0.5290086439693577, 0.4533697465388489]","[0.046667, 0.003333, 0.1, 0.85]"
d1-omni,typed_agent_trace_observability,agent_trace_observability_000020,risk,score,2,0,"[""0"", ""1"", ""2"", ""3""]","[0.7623439711091347, 0.23685600081504923, 0.0007777907836052678, 2.2237292210968605e-05]","[0.1, 0.3, 0.583333, 0.016667]"
d1-omni,typed_agent_trace_observability,agent_trace_observability_000020,urgency,score,1,1,"[""0"", ""1"", ""2"", ""3""]","[0.06746363887795534, 0.8536766996021096, 0.03639390341528062, 0.0424657581046544]","[0.366667, 0.5, 0.13, 0.003333]"
d1-omni,typed_agent_trace_observability,agent_trace_observability_000021,action,choice,0,0,"[""continue"", ""human_review"", ""observe"", ""stop""]","[0.36247271478729465, 0.2802169019972764, 0.3554184895480518, 0.0018918936673771834]","[0.68, 0.053333, 0.253333, 0.013333]"
d1-omni,typed_agent_trace_observability,agent_trace_observability_000021,needs_review,noul,0,0,"[""false"", ""true""]","[0.9456132415860486, 0.05438675841395126]","[0.913333, 0.086667]"
d1-omni,typed_agent_trace_observability,agent_trace_observability_000021,outcome,choice,3,3,"[""failure"", ""harmful"", ""partial"", ""success""]","[0.0568709699026652, 0.0003091096776825522, 0.1623270388460593, 0.780492881573593]","[0.026667, 0.023333, 0.173333, 0.776667]"
d1-omni,typed_agent_trace_observability,agent_trace_observability_000021,risk,score,0,0,"[""0"", ""1"", ""2"", ""3""]","[0.9546211237559715, 0.04537346559116755, 3.45651518719716e-06, 1.9541376735575715e-06]","[0.9, 0.083333, 0.013333, 0.003333]"
d1-omni,typed_agent_trace_observability,agent_trace_observability_000021,urgency,score,0,0,"[""0"", ""1"", ""2"", ""3""]","[0.5198444512726493, 0.47983950411724313, 0.00031194539086688264, 4.099219240652825e-06]","[0.44, 0.41, 0.13, 0.02]"
d1-omni,typed_agent_trace_observability,agent_trace_observability_000022,action,choice,2,1,"[""continue"", ""human_review"", ""observe"", ""stop""]","[0.20822705431104707, 0.548337391358759, 0.2379189104639092, 0.005516643866284605]","[0.306667, 0.173333, 0.46, 0.06]"
d1-omni,typed_agent_trace_observability,agent_trace_observability_000022,needs_review,noul,0,0,"[""false"", ""true""]","[0.7541915783831113, 0.24580842161688868]","[0.766667, 0.233333]"
d1-omni,typed_agent_trace_observability,agent_trace_observability_000022,outcome,choice,2,3,"[""failure"", ""harmful"", ""partial"", ""success""]","[0.11520953585929311, 0.0006486025361593494, 0.35556410705275826, 0.5285777545517892]","[0.25, 0.05, 0.566667, 0.133333]"
d1-omni,typed_agent_trace_observability,agent_trace_observability_000022,risk,score,0,0,"[""0"", ""1"", ""2"", ""3""]","[0.8980497564024704, 0.10192120181650612, 1.855291577048927e-05, 1.0488865253026724e-05]","[0.66, 0.273333, 0.06, 0.006667]"
d1-omni,typed_agent_trace_observability,agent_trace_observability_000022,urgency,score,0,1,"[""0"", ""1"", ""2"", ""3""]","[0.44550794199871835, 0.5499945904996957, 0.004494161660851001, 3.305840735059406e-06]","[0.533333, 0.333333, 0.11, 0.023333]"
d1-omni,typed_agent_trace_observability,agent_trace_observability_000023,action,choice,0,0,"[""continue"", ""human_review"", ""observe"", ""stop""]","[0.4397683835005941, 0.15516674130716154, 0.4043431458291907, 0.0007217293630535609]","[0.65, 0.08, 0.246667, 0.023333]"
d1-omni,typed_agent_trace_observability,agent_trace_observability_000023,needs_review,noul,0,0,"[""false"", ""true""]","[0.9900779810198806, 0.009922018980119312]","[0.9, 0.1]"
d1-omni,typed_agent_trace_observability,agent_trace_observability_000023,outcome,choice,3,3,"[""failure"", ""harmful"", ""partial"", ""success""]","[0.048416039158007726, 0.0008494741248205587, 0.21954339933715014, 0.7311910873800216]","[0.06, 0.023333, 0.203333, 0.713333]"
d1-omni,typed_agent_trace_observability,agent_trace_observability_000023,risk,score,0,0,"[""0"", ""1"", ""2"", ""3""]","[0.9680706997211479, 0.031895435723039524, 2.26513322855254e-05, 1.1213223527302402e-05]","[0.483333, 0.416667, 0.083333, 0.016667]"
d1-omni,typed_agent_trace_observability,agent_trace_observability_000023,urgency,score,1,0,"[""0"", ""1"", ""2"", ""3""]","[0.5427923640111323, 0.451090613638215, 0.006083108679422929, 3.391367122975931e-05]","[0.35, 0.466667, 0.146667, 0.036667]"
d1-omni,typed_agent_trace_observability,agent_trace_observability_000024,action,choice,1,1,"[""continue"", ""human_review"", ""observe"", ""stop""]","[0.11419309794727826, 0.5734439611195331, 0.30757072862543383, 0.004792212307754826]","[0.116667, 0.466667, 0.366667, 0.05]"
d1-omni,typed_agent_trace_observability,agent_trace_observability_000024,needs_review,noul,1,1,"[""false"", ""true""]","[0.23231010762589793, 0.7676898923741021]","[0.466667, 0.533333]"
d1-omni,typed_agent_trace_observability,agent_trace_observability_000024,outcome,choice,3,2,"[""failure"", ""harmful"", ""partial"", ""success""]","[0.08204825122719753, 0.0037339399608295127, 0.5585119144497723, 0.3557058943622006]","[0.116667, 0.033333, 0.3, 0.55]"
d1-omni,typed_agent_trace_observability,agent_trace_observability_000024,risk,score,2,0,"[""0"", ""1"", ""2"", ""3""]","[0.5789533991565348, 0.367287115865067, 0.04438328056018052, 0.009376204418217658]","[0.066667, 0.366667, 0.5, 0.066667]"
d1-omni,typed_agent_trace_observability,agent_trace_observability_000024,urgency,score,1,1,"[""0"", ""1"", ""2"", ""3""]","[0.1622466985059953, 0.6237799900749076, 0.14487000138265851, 0.06910331003643867]","[0.116667, 0.5, 0.316667, 0.066667]"
d1-omni,typed_agent_trace_observability,agent_trace_observability_000025,action,choice,1,1,"[""continue"", ""human_review"", ""observe"", ""stop""]","[0.01924408369562384, 0.9057524957593736, 0.061277128450898215, 0.013726292094104408]","[0.046667, 0.59, 0.14, 0.223333]"
d1-omni,typed_agent_trace_observability,agent_trace_observability_000025,needs_review,noul,1,1,"[""false"", ""true""]","[0.03753801093755781, 0.9624619890624422]","[0.206667, 0.793333]"
d1-omni,typed_agent_trace_observability,agent_trace_observability_000025,outcome,choice,1,3,"[""failure"", ""harmful"", ""partial"", ""success""]","[0.1580802845373933, 0.20779260416342674, 0.2304550747736383, 0.40367203652554173]","[0.216667, 0.483333, 0.243333, 0.056667]"
d1-omni,typed_agent_trace_observability,agent_trace_observability_000025,risk,score,3,0,"[""0"", ""1"", ""2"", ""3""]","[0.5052295864706337, 0.12189227382079668, 0.31370416377119953, 0.05917397593737016]","[0.016667, 0.1, 0.35, 0.533333]"
d1-omni,typed_agent_trace_observability,agent_trace_observability_000025,urgency,score,3,3,"[""0"", ""1"", ""2"", ""3""]","[0.15172102503650606, 0.2903157658207003, 0.10478664311073276, 0.4531765660320609]","[0.03, 0.12, 0.333333, 0.516667]"
d1-omni,typed_agent_trace_observability,agent_trace_observability_000026,action,choice,1,1,"[""continue"", ""human_review"", ""observe"", ""stop""]","[0.011176090398934668, 0.9124380865980981, 0.0511755127010849, 0.025210310301882106]","[0.05, 0.683333, 0.2, 0.066667]"
d1-omni,typed_agent_trace_observability,agent_trace_observability_000026,needs_review,noul,1,1,"[""false"", ""true""]","[0.007614040256341164, 0.9923859597436588]","[0.183333, 0.816667]"
d1-omni,typed_agent_trace_observability,agent_trace_observability_000026,outcome,choice,1,2,"[""failure"", ""harmful"", ""partial"", ""success""]","[0.12275289808346466, 0.3092040826726982, 0.46507772710384804, 0.10296529213998902]","[0.266667, 0.5, 0.196667, 0.036667]"
d1-omni,typed_agent_trace_observability,agent_trace_observability_000026,risk,score,2,2,"[""0"", ""1"", ""2"", ""3""]","[0.0912823285266921, 0.06249279126018353, 0.6238015693683062, 0.22242331084481823]","[0.02, 0.13, 0.433333, 0.416667]"
d1-omni,typed_agent_trace_observability,agent_trace_observability_000026,urgency,score,3,3,"[""0"", ""1"", ""2"", ""3""]","[0.011049651004120234, 0.20545987366408663, 0.07610289495577924, 0.7073875803760139]","[0.04, 0.143333, 0.4, 0.416667]"
d1-omni,typed_agent_trace_observability,agent_trace_observability_000027,action,choice,2,2,"[""continue"", ""human_review"", ""observe"", ""stop""]","[0.204429038576736, 0.3570366118736315, 0.4348946502612981, 0.0036396992883344008]","[0.133333, 0.216667, 0.633333, 0.016667]"
d1-omni,typed_agent_trace_observability,agent_trace_observability_000027,needs_review,noul,0,0,"[""false"", ""true""]","[0.9466090158195528, 0.05339098418044716]","[0.733333, 0.266667]"
d1-omni,typed_agent_trace_observability,agent_trace_observability_000027,outcome,choice,3,2,"[""failure"", ""harmful"", ""partial"", ""success""]","[0.03295508846067712, 0.0010307656334956326, 0.5155042472369403, 0.4505098986688869]","[0.066667, 0.0, 0.233333, 0.7]"
d1-omni,typed_agent_trace_observability,agent_trace_observability_000027,risk,score,1,1,"[""0"", ""1"", ""2"", ""3""]","[0.39641054210077076, 0.6032745788421864, 0.00011486082007826011, 0.00020001823696475578]","[0.466667, 0.483333, 0.05, 0.0]"
d1-omni,typed_agent_trace_observability,agent_trace_observability_000027,urgency,score,1,1,"[""0"", ""1"", ""2"", ""3""]","[0.22610765014743575, 0.7576637850900186, 0.01611344157412506, 0.0001151231884206634]","[0.233333, 0.566667, 0.2, 0.0]"
d1-omni,typed_agent_trace_observability,agent_trace_observability_000028,action,choice,0,0,"[""continue"", ""human_review"", ""observe"", ""stop""]","[0.69652989907894, 0.19755352031741133, 0.10577827681252865, 0.00013830379112003837]","[0.633333, 0.083333, 0.283333, 0.0]"
d1-omni,typed_agent_trace_observability,agent_trace_observability_000028,needs_review,noul,0,0,"[""false"", ""true""]","[0.980894279501666, 0.019105720498334155]","[0.876667, 0.123333]"
d1-omni,typed_agent_trace_observability,agent_trace_observability_000028,outcome,choice,3,3,"[""failure"", ""harmful"", ""partial"", ""success""]","[0.007901001003500658, 3.370726870627643e-05, 0.08461259853225633, 0.9074526931955368]","[0.083333, 0.0, 0.25, 0.666667]"
d1-omni,typed_agent_trace_observability,agent_trace_observability_000028,risk,score,0,0,"[""0"", ""1"", ""2"", ""3""]","[0.7507344957983736, 0.24926411053178546, 1.0378049847643974e-06, 3.558648560623067e-07]","[0.733333, 0.2, 0.063333, 0.003333]"
d1-omni,typed_agent_trace_observability,agent_trace_observability_000028,urgency,score,0,1,"[""0"", ""1"", ""2"", ""3""]","[0.30511466716874247, 0.692340017315991, 0.0025313403056759086, 1.3975209590556822e-05]","[0.633333, 0.283333, 0.08, 0.003333]"
d1-omni,typed_agent_trace_observability,agent_trace_observability_000029,action,choice,2,2,"[""continue"", ""human_review"", ""observe"", ""stop""]","[0.22935102586900533, 0.3388967762758349, 0.42579888608261685, 0.005953311772542899]","[0.133333, 0.366667, 0.466667, 0.033333]"
d1-omni,typed_agent_trace_observability,agent_trace_observability_000029,needs_review,noul,1,0,"[""false"", ""true""]","[0.5722447647069069, 0.4277552352930931]","[0.45, 0.55]"
d1-omni,typed_agent_trace_observability,agent_trace_observability_000029,outcome,choice,2,3,"[""failure"", ""harmful"", ""partial"", ""success""]","[0.028033258405630833, 0.0006290887625788923, 0.386987171878772, 0.5843504809530182]","[0.216667, 0.033333, 0.633333, 0.116667]"
d1-omni,typed_agent_trace_observability,agent_trace_observability_000029,risk,score,1,0,"[""0"", ""1"", ""2"", ""3""]","[0.7306869361314738, 0.2692644823207713, 2.2114250459178993e-05, 2.6467297295588493e-05]","[0.383333, 0.5, 0.083333, 0.033333]"
d1-omni,typed_agent_trace_observability,agent_trace_observability_000029,urgency,score,1,1,"[""0"", ""1"", ""2"", ""3""]","[0.35421563131684464, 0.6195843772649305, 0.026154199428114668, 4.5791990110117574e-05]","[0.25, 0.5, 0.2, 0.05]"
d1-omni,typed_agent_trace_observability,agent_trace_observability_000030,action,choice,1,1,"[""continue"", ""human_review"", ""observe"", ""stop""]","[0.02667375665989991, 0.5661482746018519, 0.4037198951780894, 0.003458073560158642]","[0.1, 0.533333, 0.283333, 0.083333]"
d1-omni,typed_agent_trace_observability,agent_trace_observability_000030,needs_review,noul,1,1,"[""false"", ""true""]","[0.02633029543685392, 0.973669704563146]","[0.256667, 0.743333]"
d1-omni,typed_agent_trace_observability,agent_trace_observability_000030,outcome,choice,2,2,"[""failure"", ""harmful"", ""partial"", ""success""]","[0.01426711336308249, 0.002809361860863928, 0.5610624572467957, 0.42186106752925784]","[0.2, 0.006667, 0.583333, 0.21]"
d1-omni,typed_agent_trace_observability,agent_trace_observability_000030,risk,score,1,0,"[""0"", ""1"", ""2"", ""3""]","[0.6615691817627727, 0.32273807113913244, 0.007815723550069783, 0.007877023548025172]","[0.133333, 0.416667, 0.383333, 0.066667]"
d1-omni,typed_agent_trace_observability,agent_trace_observability_000030,urgency,score,1,1,"[""0"", ""1"", ""2"", ""3""]","[0.45620294716605386, 0.49514317582486944, 0.04283420915101707, 0.005819667858059467]","[0.083333, 0.433333, 0.4, 0.083333]"
d1-omni,typed_agent_trace_observability,agent_trace_observability_000031,action,choice,1,2,"[""continue"", ""human_review"", ""observe"", ""stop""]","[0.21828741724145406, 0.2675819507763905, 0.51307743717022, 0.0010531948119354025]","[0.1, 0.516667, 0.333333, 0.05]"
d1-omni,typed_agent_trace_observability,agent_trace_observability_000031,needs_review,noul,1,0,"[""false"", ""true""]","[0.9290551877671033, 0.07094481223289667]","[0.35, 0.65]"
d1-omni,typed_agent_trace_observability,agent_trace_observability_000031,outcome,choice,0,3,"[""failure"", ""harmful"", ""partial"", ""success""]","[0.039310836673302124, 0.0014152159467579182, 0.3679063674896734, 0.5913675798902666]","[0.473333, 0.02, 0.443333, 0.063333]"
d1-omni,typed_agent_trace_observability,agent_trace_observability_000031,risk,score,1,0,"[""0"", ""1"", ""2"", ""3""]","[0.9343268689395827, 0.06563207433903505, 1.0667585383293879e-05, 3.038913599889053e-05]","[0.233333, 0.633333, 0.116667, 0.016667]"
d1-omni,typed_agent_trace_observability,agent_trace_observability_000031,urgency,score,1,1,"[""0"", ""1"", ""2"", ""3""]","[0.31491748794778157, 0.6525099041104406, 0.03248655291212081, 8.605502965701056e-05]","[0.116667, 0.5, 0.35, 0.033333]"
d1-omni,typed_agent_trace_observability,agent_trace_observability_000032,action,choice,1,1,"[""continue"", ""human_review"", ""observe"", ""stop""]","[0.05434680994259861, 0.770279331371777, 0.16793211689094237, 0.007441741794682055]","[0.066667, 0.566667, 0.266667, 0.1]"
d1-omni,typed_agent_trace_observability,agent_trace_observability_000032,needs_review,noul,1,1,"[""false"", ""true""]","[0.07001717021242894, 0.9299828297875711]","[0.2, 0.8]"
d1-omni,typed_agent_trace_observability,agent_trace_observability_000032,outcome,choice,1,2,"[""failure"", ""harmful"", ""partial"", ""success""]","[0.09060814712827704, 0.1679609096172997, 0.48128793731318653, 0.26014300594123674]","[0.25, 0.383333, 0.316667, 0.05]"
d1-omni,typed_agent_trace_observability,agent_trace_observability_000032,risk,score,3,1,"[""0"", ""1"", ""2"", ""3""]","[0.23427496053545677, 0.40479081063907696, 0.16132945222282027, 0.19960477660264608]","[0.05, 0.133333, 0.383333, 0.433333]"
d1-omni,typed_agent_trace_observability,agent_trace_observability_000032,urgency,score,2,1,"[""0"", ""1"", ""2"", ""3""]","[0.2704525924473209, 0.5726879709288322, 0.0910336997090015, 0.0658257369148455]","[0.066667, 0.183333, 0.383333, 0.366667]"
d1-omni,typed_agent_trace_observability,agent_trace_observability_000033,action,choice,1,1,"[""continue"", ""human_review"", ""observe"", ""stop""]","[0.016050736406520345, 0.9201926796982312, 0.04953641362912575, 0.014220170266122824]","[0.0, 0.583333, 0.05, 0.366667]"
d1-omni,typed_agent_trace_observability,agent_trace_observability_000033,needs_review,noul,1,1,"[""false"", ""true""]","[0.00523027916994387, 0.9947697208300561]","[0.066667, 0.933333]"
d1-omni,typed_agent_trace_observability,agent_trace_observability_000033,outcome,choice,1,1,"[""failure"", ""harmful"", ""partial"", ""success""]","[0.06476109367359016, 0.4566100898275283, 0.2818593077998175, 0.19676950869906412]","[0.15, 0.766667, 0.083333, 0.0]"
d1-omni,typed_agent_trace_observability,agent_trace_observability_000033,risk,score,3,1,"[""0"", ""1"", ""2"", ""3""]","[0.15735048106663307, 0.43615906443850594, 0.13778065699096692, 0.2687097975038941]","[0.0, 0.033333, 0.233333, 0.733333]"
d1-omni,typed_agent_trace_observability,agent_trace_observability_000033,urgency,score,3,3,"[""0"", ""1"", ""2"", ""3""]","[0.10730005191036071, 0.40346586532928547, 0.08170931632710193, 0.40752476643325186]","[0.0, 0.083333, 0.316667, 0.6]"
d1-omni,typed_agent_trace_observability,agent_trace_observability_000034,action,choice,2,1,"[""continue"", ""human_review"", ""observe"", ""stop""]","[0.2188985710093051, 0.47718547390504124, 0.29759616140407946, 0.006319793681574297]","[0.316667, 0.183333, 0.466667, 0.033333]"
d1-omni,typed_agent_trace_observability,agent_trace_observability_000034,needs_review,noul,0,0,"[""false"", ""true""]","[0.5535053068325617, 0.4464946931674382]","[0.616667, 0.383333]"
d1-omni,typed_agent_trace_observability,agent_trace_observability_000034,outcome,choice,3,2,"[""failure"", ""harmful"", ""partial"", ""success""]","[0.042682776514157285, 0.0054053509499344555, 0.6174946971250962, 0.33441717541081206]","[0.083333, 0.033333, 0.283333, 0.6]"
d1-omni,typed_agent_trace_observability,agent_trace_observability_000034,risk,score,2,1,"[""0"", ""1"", ""2"", ""3""]","[0.2535820362908948, 0.7181678821756969, 0.008542571460584824, 0.019707510072823467]","[0.073333, 0.226667, 0.633333, 0.066667]"
d1-omni,typed_agent_trace_observability,agent_trace_observability_000034,urgency,score,1,1,"[""0"", ""1"", ""2"", ""3""]","[0.2557692036477653, 0.5935208351170876, 0.08710611738404245, 0.0636038438511047]","[0.2, 0.466667, 0.25, 0.083333]"
d1-omni,typed_agent_trace_observability,agent_trace_observability_000035,action,choice,0,1,"[""continue"", ""human_review"", ""observe"", ""stop""]","[0.318219375174543, 0.3875180402823267, 0.29229980366682706, 0.0019627808763032777]","[0.516667, 0.133333, 0.333333, 0.016667]"
d1-omni,typed_agent_trace_observability,agent_trace_observability_000035,needs_review,noul,0,0,"[""false"", ""true""]","[0.9496460255366815, 0.0503539744633184]","[0.766667, 0.233333]"
d1-omni,typed_agent_trace_observability,agent_trace_observability_000035,outcome,choice,3,3,"[""failure"", ""harmful"", ""partial"", ""success""]","[0.03246959537266526, 0.0005066918279985948, 0.33244556226554545, 0.6345781505337907]","[0.08, 0.003333, 0.35, 0.566667]"
d1-omni,typed_agent_trace_observability,agent_trace_observability_000035,risk,score,0,0,"[""0"", ""1"", ""2"", ""3""]","[0.665973988617156, 0.3338931439371878, 5.715255821528063e-05, 7.571488744101728e-05]","[0.5, 0.4, 0.096667, 0.003333]"
d1-omni,typed_agent_trace_observability,agent_trace_observability_000035,urgency,score,0,1,"[""0"", ""1"", ""2"", ""3""]","[0.3509317472528079, 0.6329778885065689, 0.016025255278641574, 6.510896198173331e-05]","[0.483333, 0.366667, 0.126667, 0.023333]"
d1-omni,typed_agent_trace_observability,agent_trace_observability_000036,action,choice,1,2,"[""continue"", ""human_review"", ""observe"", ""stop""]","[0.14048096917779154, 0.4267319265118563, 0.4315513595231183, 0.0012357447872338707]","[0.15, 0.45, 0.316667, 0.083333]"
d1-omni,typed_agent_trace_observability,agent_trace_observability_000036,needs_review,noul,1,0,"[""false"", ""true""]","[0.8659059210213614, 0.13409407897863856]","[0.316667, 0.683333]"
d1-omni,typed_agent_trace_observability,agent_trace_observability_000036,outcome,choice,2,3,"[""failure"", ""harmful"", ""partial"", ""success""]","[0.06968433500652933, 0.0004713672062694367, 0.4129276408822419, 0.5169166569049594]","[0.35, 0.0, 0.45, 0.2]"
d1-omni,typed_agent_trace_observability,agent_trace_observability_000036,risk,score,0,0,"[""0"", ""1"", ""2"", ""3""]","[0.9244875809482149, 0.07548008342828949, 1.673597779806954e-05, 1.5599645697557838e-05]","[0.666667, 0.266667, 0.066667, 0.0]"
d1-omni,typed_agent_trace_observability,agent_trace_observability_000036,urgency,score,1,1,"[""0"", ""1"", ""2"", ""3""]","[0.38509532426529014, 0.6065984265982677, 0.008242327113099622, 6.392202334260505e-05]","[0.3, 0.45, 0.233333, 0.016667]"
d1-omni,typed_agent_trace_observability,agent_trace_observability_000037,action,choice,1,1,"[""continue"", ""human_review"", ""observe"", ""stop""]","[0.015998179851370132, 0.918972629531283, 0.04823045935746556, 0.016798731259881333]","[0.066667, 0.593333, 0.216667, 0.123333]"
d1-omni,typed_agent_trace_observability,agent_trace_observability_000037,needs_review,noul,1,1,"[""false"", ""true""]","[0.05765220186404692, 0.942347798135953]","[0.24, 0.76]"
d1-omni,typed_agent_trace_observability,agent_trace_observability_000037,outcome,choice,1,2,"[""failure"", ""harmful"", ""partial"", ""success""]","[0.15291195776210068, 0.1596256088495173, 0.4538437107681968, 0.23361872262018524]","[0.123333, 0.566667, 0.266667, 0.043333]"
d1-omni,typed_agent_trace_observability,agent_trace_observability_000037,risk,score,3,0,"[""0"", ""1"", ""2"", ""3""]","[0.4284543421889718, 0.3744351704602966, 0.1385564656703855, 0.05855402168034597]","[0.016667, 0.106667, 0.366667, 0.51]"
d1-omni,typed_agent_trace_observability,agent_trace_observability_000037,urgency,score,3,0,"[""0"", ""1"", ""2"", ""3""]","[0.41348315739447367, 0.16551962179102814, 0.1533798256160477, 0.2676173951984505]","[0.033333, 0.116667, 0.35, 0.5]"
d1-omni,typed_agent_trace_observability,agent_trace_observability_000038,action,choice,2,2,"[""continue"", ""human_review"", ""observe"", ""stop""]","[0.24461005523975687, 0.34876615034208, 0.405119450640842, 0.0015043437773212028]","[0.2, 0.233333, 0.516667, 0.05]"
d1-omni,typed_agent_trace_observability,agent_trace_observability_000038,needs_review,noul,0,0,"[""false"", ""true""]","[0.9441511087701694, 0.05584889122983056]","[0.633333, 0.366667]"
d1-omni,typed_agent_trace_observability,agent_trace_observability_000038,outcome,choice,3,3,"[""failure"", ""harmful"", ""partial"", ""success""]","[0.06729048810908171, 0.0002407988294850607, 0.2005002613990267, 0.7319684516624064]","[0.11, 0.006667, 0.366667, 0.516667]"
d1-omni,typed_agent_trace_observability,agent_trace_observability_000038,risk,score,0,0,"[""0"", ""1"", ""2"", ""3""]","[0.8196981456050945, 0.18028370534417715, 1.1363558403675246e-05, 6.7854923247318096e-06]","[0.6, 0.3, 0.09, 0.01]"
d1-omni,typed_agent_trace_observability,agent_trace_observability_000038,urgency,score,0,1,"[""0"", ""1"", ""2"", ""3""]","[0.45089893292832167, 0.542230679495079, 0.0068273409367298815, 4.304663986947862e-05]","[0.416667, 0.366667, 0.196667, 0.02]"
d1-omni,typed_agent_trace_observability,agent_trace_observability_000039,action,choice,1,1,"[""continue"", ""human_review"", ""observe"", ""stop""]","[0.026803430029554962, 0.8322030857635522, 0.13270637190794748, 0.00828711229894532]","[0.033333, 0.733333, 0.133333, 0.1]"
d1-omni,typed_agent_trace_observability,agent_trace_observability_000039,needs_review,noul,1,1,"[""false"", ""true""]","[0.010388227717738424, 0.9896117722822615]","[0.1, 0.9]"
d1-omni,typed_agent_trace_observability,agent_trace_observability_000039,outcome,choice,1,2,"[""failure"", ""harmful"", ""partial"", ""success""]","[0.10495839621886026, 0.21704970200963572, 0.4212439433822496, 0.2567479583892545]","[0.2, 0.533333, 0.233333, 0.033333]"
d1-omni,typed_agent_trace_observability,agent_trace_observability_000039,risk,score,3,3,"[""0"", ""1"", ""2"", ""3""]","[0.1779265511686749, 0.329180140253777, 0.08242096006325218, 0.4104723485142959]","[0.0, 0.05, 0.433333, 0.516667]"
d1-omni,typed_agent_trace_observability,agent_trace_observability_000039,urgency,score,2,3,"[""0"", ""1"", ""2"", ""3""]","[0.006716093594745184, 0.4121759078122441, 0.04914332476123965, 0.5319646738317712]","[0.033333, 0.2, 0.433333, 0.333333]"
d1-omni,typed_agent_trace_observability,agent_trace_observability_000040,action,choice,1,1,"[""continue"", ""human_review"", ""observe"", ""stop""]","[0.07926660601169838, 0.47903180916133503, 0.4374965046222544, 0.004205080204712132]","[0.1, 0.366667, 0.283333, 0.25]"
d1-omni,typed_agent_trace_observability,agent_trace_observability_000040,needs_review,noul,1,0,"[""false"", ""true""]","[0.9004422907212575, 0.09955770927874245]","[0.233333, 0.766667]"
d1-omni,typed_agent_trace_observability,agent_trace_observability_000040,outcome,choice,0,3,"[""failure"", ""harmful"", ""partial"", ""success""]","[0.04653046096662692, 0.0016235878094349157, 0.40988975313355436, 0.5419561980903839]","[0.696667, 0.003333, 0.256667, 0.043333]"
d1-omni,typed_agent_trace_observability,agent_trace_observability_000040,risk,score,0,0,"[""0"", ""1"", ""2"", ""3""]","[0.5604933037020129, 0.43934594109249336, 4.2010322565922804e-05, 0.00011874488292782626]","[0.65, 0.283333, 0.06, 0.006667]"
d1-omni,typed_agent_trace_observability,agent_trace_observability_000040,urgency,score,1,1,"[""0"", ""1"", ""2"", ""3""]","[0.3938658846846237, 0.5837949425476339, 0.022274370047322578, 6.480272041989909e-05]","[0.116667, 0.566667, 0.25, 0.066667]"
d1-omni,typed_agent_trace_observability,agent_trace_observability_000041,action,choice,0,1,"[""continue"", ""human_review"", ""observe"", ""stop""]","[0.07466948609659581, 0.6893353018653448, 0.1777288689788614, 0.05826634305919795]","[0.566667, 0.1, 0.333333, 0.0]"
d1-omni,typed_agent_trace_observability,agent_trace_observability_000041,needs_review,noul,0,0,"[""false"", ""true""]","[0.9374975341776745, 0.06250246582232558]","[0.816667, 0.183333]"
d1-omni,typed_agent_trace_observability,agent_trace_observability_000041,outcome,choice,3,3,"[""failure"", ""harmful"", ""partial"", ""success""]","[0.055423161416369965, 0.0018670743717517256, 0.45065431707185444, 0.4920554471400239]","[0.083333, 0.0, 0.3, 0.616667]"
d1-omni,typed_agent_trace_observability,agent_trace_observability_000041,risk,score,0,0,"[""0"", ""1"", ""2"", ""3""]","[0.8586650234448475, 0.14120361407909063, 4.9836079287785954e-05, 8.152639677408396e-05]","[0.7, 0.266667, 0.033333, 0.0]"
d1-omni,typed_agent_trace_observability,agent_trace_observability_000041,urgency,score,0,1,"[""0"", ""1"", ""2"", ""3""]","[0.46909398788759, 0.5305160681903879, 0.00038928844945179957, 6.554725704129551e-07]","[0.6, 0.366667, 0.033333, 0.0]"
d1-omni,typed_agent_trace_observability,agent_trace_observability_000042,action,choice,0,2,"[""continue"", ""human_review"", ""observe"", ""stop""]","[0.19279740038182192, 0.34620393797612997, 0.45979487999876056, 0.0012037816432874959]","[0.383333, 0.316667, 0.283333, 0.016667]"
d1-omni,typed_agent_trace_observability,agent_trace_observability_000042,needs_review,noul,0,0,"[""false"", ""true""]","[0.6959583174408022, 0.30404168255919783]","[0.6, 0.4]"
d1-omni,typed_agent_trace_observability,agent_trace_observability_000042,outcome,choice,3,2,"[""failure"", ""harmful"", ""partial"", ""success""]","[0.01864922391622951, 0.0005352739999891042, 0.5471433388753579, 0.43367216320842356]","[0.3, 0.0, 0.283333, 0.416667]"
d1-omni,typed_agent_trace_observability,agent_trace_observability_000042,risk,score,0,0,"[""0"", ""1"", ""2"", ""3""]","[0.8292797298272725, 0.17045916357843008, 7.597700326968073e-05, 0.00018512959102761796]","[0.65, 0.306667, 0.04, 0.003333]"
d1-omni,typed_agent_trace_observability,agent_trace_observability_000042,urgency,score,0,1,"[""0"", ""1"", ""2"", ""3""]","[0.23115476124429093, 0.7538672517003131, 0.014929532445441351, 4.845460995460186e-05]","[0.6, 0.333333, 0.06, 0.006667]"
d1-omni,typed_agent_trace_observability,agent_trace_observability_000043,action,choice,1,1,"[""continue"", ""human_review"", ""observe"", ""stop""]","[0.16311259688774124, 0.5528140631907277, 0.27113572697491106, 0.012937612946620122]","[0.116667, 0.583333, 0.216667, 0.083333]"
d1-omni,typed_agent_trace_observability,agent_trace_observability_000043,needs_review,noul,1,1,"[""false"", ""true""]","[0.06995360067634905, 0.930046399323651]","[0.3, 0.7]"
d1-omni,typed_agent_trace_observability,agent_trace_observability_000043,outcome,choice,2,2,"[""failure"", ""harmful"", ""partial"", ""success""]","[0.04592025021505578, 0.003873854915762777, 0.6168108247235004, 0.33339507014568115]","[0.233333, 0.083333, 0.416667, 0.266667]"
d1-omni,typed_agent_trace_observability,agent_trace_observability_000043,risk,score,2,0,"[""0"", ""1"", ""2"", ""3""]","[0.6351004883922602, 0.3500514736474055, 0.011230424914674589, 0.0036176130456596995]","[0.1, 0.2, 0.6, 0.1]"
d1-omni,typed_agent_trace_observability,agent_trace_observability_000043,urgency,score,2,1,"[""0"", ""1"", ""2"", ""3""]","[0.05348557588001372, 0.4441273593982408, 0.10910412710202651, 0.39328293761971894]","[0.083333, 0.283333, 0.433333, 0.2]"
d1-omni,typed_agent_trace_observability,agent_trace_observability_000044,action,choice,1,1,"[""continue"", ""human_review"", ""observe"", ""stop""]","[0.049348799932250276, 0.6346746620947296, 0.31189397134884356, 0.004082566624176551]","[0.066667, 0.616667, 0.233333, 0.083333]"
d1-omni,typed_agent_trace_observability,agent_trace_observability_000044,needs_review,noul,1,1,"[""false"", ""true""]","[0.3548800609156829, 0.6451199390843171]","[0.283333, 0.716667]"
d1-omni,typed_agent_trace_observability,agent_trace_observability_000044,outcome,choice,2,2,"[""failure"", ""harmful"", ""partial"", ""success""]","[0.15344086848082397, 0.01056486414870051, 0.6523496438070572, 0.18364462356341835]","[0.3, 0.033333, 0.433333, 0.233333]"
d1-omni,typed_agent_trace_observability,agent_trace_observability_000044,risk,score,2,0,"[""0"", ""1"", ""2"", ""3""]","[0.5925605073254175, 0.3893704125515393, 0.007173477950968705, 0.0108956021720746]","[0.083333, 0.316667, 0.516667, 0.083333]"
d1-omni,typed_agent_trace_observability,agent_trace_observability_000044,urgency,score,1,1,"[""0"", ""1"", ""2"", ""3""]","[0.264902645034535, 0.6280650246980266, 0.062065505474322394, 0.04496682479311599]","[0.133333, 0.5, 0.283333, 0.083333]"
d1-omni,typed_agent_trace_observability,agent_trace_observability_000045,action,choice,2,2,"[""continue"", ""human_review"", ""observe"", ""stop""]","[0.273842205225275, 0.3236116457863962, 0.39746647372017546, 0.005079675268153338]","[0.2, 0.133333, 0.633333, 0.033333]"
d1-omni,typed_agent_trace_observability,agent_trace_observability_000045,needs_review,noul,0,0,"[""false"", ""true""]","[0.8057850828667813, 0.19421491713321876]","[0.816667, 0.183333]"
d1-omni,typed_agent_trace_observability,agent_trace_observability_000045,outcome,choice,3,3,"[""failure"", ""harmful"", ""partial"", ""success""]","[0.025410226603626473, 0.00042707934553189554, 0.47852025102648954, 0.49564244302435223]","[0.133333, 0.0, 0.216667, 0.65]"
d1-omni,typed_agent_trace_observability,agent_trace_observability_000045,risk,score,1,0,"[""0"", ""1"", ""2"", ""3""]","[0.7512772175049209, 0.24871459989231864, 2.780675377514617e-06, 5.401927382882921e-06]","[0.333333, 0.6, 0.066667, 0.0]"
d1-omni,typed_agent_trace_observability,agent_trace_observability_000045,urgency,score,0,1,"[""0"", ""1"", ""2"", ""3""]","[0.32402712211720697, 0.6706478328366543, 0.005308858779925485, 1.6186266213225442e-05]","[0.833333, 0.15, 0.016667, 0.0]"
d1-omni,typed_agent_trace_observability,agent_trace_observability_000046,action,choice,0,1,"[""continue"", ""human_review"", ""observe"", ""stop""]","[0.25438255824445277, 0.37448729424471383, 0.3708480096315252, 0.00028213787930816134]","[0.793333, 0.036667, 0.166667, 0.003333]"
d1-omni,typed_agent_trace_observability,agent_trace_observability_000046,needs_review,noul,0,0,"[""false"", ""true""]","[0.989646865170883, 0.010353134829117046]","[0.903333, 0.096667]"
d1-omni,typed_agent_trace_observability,agent_trace_observability_000046,outcome,choice,3,3,"[""failure"", ""harmful"", ""partial"", ""success""]","[0.11659007981401388, 0.0004423940503727274, 0.17570742686889299, 0.7072600992667204]","[0.01, 0.006667, 0.07, 0.913333]"
d1-omni,typed_agent_trace_observability,agent_trace_observability_000046,risk,score,0,0,"[""0"", ""1"", ""2"", ""3""]","[0.943734139351401, 0.05626203624921222, 1.807729940285485e-06, 2.0166694465158067e-06]","[0.913333, 0.08, 0.006667, 0.0]"
d1-omni,typed_agent_trace_observability,agent_trace_observability_000046,urgency,score,0,1,"[""0"", ""1"", ""2"", ""3""]","[0.46377930462243344, 0.5345240607502353, 0.0016775567186559108, 1.907790867541171e-05]","[0.843333, 0.133333, 0.02, 0.003333]"
d1-omni,typed_agent_trace_observability,agent_trace_observability_000047,action,choice,2,1,"[""continue"", ""human_review"", ""observe"", ""stop""]","[0.12822076413863512, 0.5181360472544452, 0.34515301257876985, 0.008490176028149913]","[0.2, 0.2, 0.583333, 0.016667]"
d1-omni,typed_agent_trace_observability,agent_trace_observability_000047,needs_review,noul,0,0,"[""false"", ""true""]","[0.9618530959611177, 0.03814690403888225]","[0.75, 0.25]"
d1-omni,typed_agent_trace_observability,agent_trace_observability_000047,outcome,choice,3,3,"[""failure"", ""harmful"", ""partial"", ""success""]","[0.04469126751941972, 0.002073972973520449, 0.45847370766940965, 0.49476105183765023]","[0.09, 0.006667, 0.226667, 0.676667]"
d1-omni,typed_agent_trace_observability,agent_trace_observability_000047,risk,score,0,1,"[""0"", ""1"", ""2"", ""3""]","[0.40116494418508236, 0.598409430936133, 0.00033536309493994, 9.026178384462583e-05]","[0.516667, 0.416667, 0.06, 0.006667]"
d1-omni,typed_agent_trace_observability,agent_trace_observability_000047,urgency,score,0,1,"[""0"", ""1"", ""2"", ""3""]","[0.2676449190843261, 0.7140725316655898, 0.01816018696447995, 0.0001223622856041527]","[0.433333, 0.4, 0.15, 0.016667]"
d1-omni,typed_agent_trace_observability,agent_trace_observability_000048,action,choice,2,1,"[""continue"", ""human_review"", ""observe"", ""stop""]","[0.21803988730108292, 0.4435821942944137, 0.3326741699468238, 0.005703748457679602]","[0.416667, 0.133333, 0.416667, 0.033333]"
d1-omni,typed_agent_trace_observability,agent_trace_observability_000048,needs_review,noul,0,0,"[""false"", ""true""]","[0.6392857507482334, 0.36071424925176665]","[0.816667, 0.183333]"
d1-omni,typed_agent_trace_observability,agent_trace_observability_000048,outcome,choice,3,3,"[""failure"", ""harmful"", ""partial"", ""success""]","[0.05585292540701596, 0.0010431585876045399, 0.36563223902892916, 0.5774716769764504]","[0.1, 0.0, 0.4, 0.5]"
d1-omni,typed_agent_trace_observability,agent_trace_observability_000048,risk,score,1,0,"[""0"", ""1"", ""2"", ""3""]","[0.6376029296140108, 0.3622324408435919, 6.7369813013336e-05, 9.725972938410888e-05]","[0.25, 0.616667, 0.116667, 0.016667]"
d1-omni,typed_agent_trace_observability,agent_trace_observability_000048,urgency,score,1,1,"[""0"", ""1"", ""2"", ""3""]","[0.38353124609835243, 0.60855722727833, 0.007888351834955341, 2.317478836214866e-05]","[0.283333, 0.466667, 0.2, 0.05]"
d1-omni,typed_agent_trace_observability,agent_trace_observability_000049,action,choice,2,1,"[""continue"", ""human_review"", ""observe"", ""stop""]","[0.33437245630275153, 0.3790786795187672, 0.27796694251911647, 0.008581921659364816]","[0.333333, 0.15, 0.483333, 0.033333]"
d1-omni,typed_agent_trace_observability,agent_trace_observability_000049,needs_review,noul,0,0,"[""false"", ""true""]","[0.8755477482341274, 0.12445225176587262]","[0.656667, 0.343333]"
d1-omni,typed_agent_trace_observability,agent_trace_observability_000049,outcome,choice,3,3,"[""failure"", ""harmful"", ""partial"", ""success""]","[0.016949894220380072, 0.0034167824208925957, 0.4745148420396152, 0.5051184813191122]","[0.043333, 0.026667, 0.19, 0.74]"
d1-omni,typed_agent_trace_observability,agent_trace_observability_000049,risk,score,2,0,"[""0"", ""1"", ""2"", ""3""]","[0.7425564361394216, 0.256620566592206, 0.00043718398942827315, 0.0003858132789441171]","[0.09, 0.293333, 0.55, 0.066667]"
d1-omni,typed_agent_trace_observability,agent_trace_observability_000049,urgency,score,0,1,"[""0"", ""1"", ""2"", ""3""]","[0.2938568845049126, 0.6716606624219921, 0.031799806134068825, 0.0026826469390265695]","[0.5, 0.35, 0.113333, 0.036667]"
d1-omni,typed_agent_trace_observability,agent_trace_observability_000050,action,choice,1,1,"[""continue"", ""human_review"", ""observe"", ""stop""]","[0.03810452801023232, 0.6197991220554449, 0.33763779364455127, 0.004458556289771653]","[0.1, 0.45, 0.4, 0.05]"
d1-omni,typed_agent_trace_observability,agent_trace_observability_000050,needs_review,noul,1,1,"[""false"", ""true""]","[0.06187599726514851, 0.9381240027348515]","[0.4, 0.6]"
d1-omni,typed_agent_trace_observability,agent_trace_observability_000050,outcome,choice,2,2,"[""failure"", ""harmful"", ""partial"", ""success""]","[0.06207228929787401, 0.006050705115799819, 0.5207408244661231, 0.411136181120203]","[0.233333, 0.0, 0.566667, 0.2]"
d1-omni,typed_agent_trace_observability,agent_trace_observability_000050,risk,score,2,0,"[""0"", ""1"", ""2"", ""3""]","[0.5254970238575517, 0.43821248820677805, 0.02295383561327163, 0.013336652322398652]","[0.1, 0.433333, 0.433333, 0.033333]"
d1-omni,typed_agent_trace_observability,agent_trace_observability_000050,urgency,score,1,1,"[""0"", ""1"", ""2"", ""3""]","[0.18964810978742788, 0.48428348709683, 0.29937989925062436, 0.026688503865117702]","[0.216667, 0.583333, 0.183333, 0.016667]"
d1-omni,typed_agent_trace_observability,agent_trace_observability_000051,action,choice,2,2,"[""continue"", ""human_review"", ""observe"", ""stop""]","[0.1537838000031387, 0.3502999399218535, 0.49520964201567064, 0.0007066180593371797]","[0.183333, 0.25, 0.533333, 0.033333]"
d1-omni,typed_agent_trace_observability,agent_trace_observability_000051,needs_review,noul,0,0,"[""false"", ""true""]","[0.8657924528613758, 0.1342075471386242]","[0.683333, 0.316667]"
d1-omni,typed_agent_trace_observability,agent_trace_observability_000051,outcome,choice,2,3,"[""failure"", ""harmful"", ""partial"", ""success""]","[0.053742153668478856, 0.00048727465732626384, 0.32347426393187917, 0.6222963077423157]","[0.443333, 0.016667, 0.46, 0.08]"
d1-omni,typed_agent_trace_observability,agent_trace_observability_000051,risk,score,0,0,"[""0"", ""1"", ""2"", ""3""]","[0.8626678870645088, 0.13732950485519965, 1.1922490750980149e-06, 1.4158312165899549e-06]","[0.793333, 0.14, 0.06, 0.006667]"
d1-omni,typed_agent_trace_observability,agent_trace_observability_000051,urgency,score,0,1,"[""0"", ""1"", ""2"", ""3""]","[0.21064141057659075, 0.786266618640923, 0.0030901935607687567, 1.7772217174525085e-06]","[0.65, 0.233333, 0.1, 0.016667]"
d1-omni,typed_agent_trace_observability,agent_trace_observability_000052,action,choice,2,1,"[""continue"", ""human_review"", ""observe"", ""stop""]","[0.15716981822526205, 0.5041401360256873, 0.33599369991880973, 0.0026963458302410107]","[0.25, 0.133333, 0.583333, 0.033333]"
d1-omni,typed_agent_trace_observability,agent_trace_observability_000052,needs_review,noul,0,1,"[""false"", ""true""]","[0.1642482107532351, 0.835751789246765]","[0.81, 0.19]"
d1-omni,typed_agent_trace_observability,agent_trace_observability_000052,outcome,choice,3,3,"[""failure"", ""harmful"", ""partial"", ""success""]","[0.048963627681527434, 0.0004933293533021575, 0.3192828856381654, 0.6312601573270049]","[0.056667, 0.01, 0.366667, 0.566667]"
d1-omni,typed_agent_trace_observability,agent_trace_observability_000052,risk,score,1,0,"[""0"", ""1"", ""2"", ""3""]","[0.8634368829834669, 0.13654884236481568, 1.1247442394803422e-05, 3.027209322565595e-06]","[0.316667, 0.333333, 0.313333, 0.036667]"
d1-omni,typed_agent_trace_observability,agent_trace_observability_000052,urgency,score,1,1,"[""0"", ""1"", ""2"", ""3""]","[0.4123178738302799, 0.5666067517388523, 0.0208208458009111, 0.0002545286299567425]","[0.333333, 0.45, 0.183333, 0.033333]"
d1-omni,typed_agent_trace_observability,agent_trace_observability_000053,action,choice,2,2,"[""continue"", ""human_review"", ""observe"", ""stop""]","[0.1330105635328146, 0.3918954232917423, 0.47275573911917174, 0.002338274056271196]","[0.233333, 0.266667, 0.483333, 0.016667]"
d1-omni,typed_agent_trace_observability,agent_trace_observability_000053,needs_review,noul,0,0,"[""false"", ""true""]","[0.9720057668098132, 0.027994233190186794]","[0.6, 0.4]"
d1-omni,typed_agent_trace_observability,agent_trace_observability_000053,outcome,choice,3,3,"[""failure"", ""harmful"", ""partial"", ""success""]","[0.04571772484815932, 0.0011049831902039846, 0.3603008170564142, 0.5928764749052224]","[0.116667, 0.016667, 0.383333, 0.483333]"
d1-omni,typed_agent_trace_observability,agent_trace_observability_000053,risk,score,1,0,"[""0"", ""1"", ""2"", ""3""]","[0.9380900597828241, 0.061860524206871575, 1.838516746262162e-05, 3.103084284176093e-05]","[0.2, 0.65, 0.133333, 0.016667]"
d1-omni,typed_agent_trace_observability,agent_trace_observability_000053,urgency,score,1,1,"[""0"", ""1"", ""2"", ""3""]","[0.3141597658215848, 0.6714800492500577, 0.014287517612839412, 7.266731551805197e-05]","[0.3, 0.466667, 0.2, 0.033333]"
d1-omni,typed_agent_trace_observability,agent_trace_observability_000054,action,choice,2,1,"[""continue"", ""human_review"", ""observe"", ""stop""]","[0.1511414226454677, 0.4884863434928531, 0.35753695098599286, 0.0028352828756863886]","[0.4, 0.2, 0.4, 0.0]"
d1-omni,typed_agent_trace_observability,agent_trace_observability_000054,needs_review,noul,0,0,"[""false"", ""true""]","[0.579876291651777, 0.4201237083482231]","[0.75, 0.25]"
d1-omni,typed_agent_trace_observability,agent_trace_observability_000054,outcome,choice,3,3,"[""failure"", ""harmful"", ""partial"", ""success""]","[0.048471110688176, 0.0007245845181498479, 0.2724704966399153, 0.6783338081537589]","[0.2, 0.0, 0.333333, 0.466667]"
d1-omni,typed_agent_trace_observability,agent_trace_observability_000054,risk,score,0,0,"[""0"", ""1"", ""2"", ""3""]","[0.818543978707138, 0.1814197217726114, 2.123889291583127e-05, 1.5060627334831895e-05]","[0.8, 0.2, 0.0, 0.0]"
d1-omni,typed_agent_trace_observability,agent_trace_observability_000054,urgency,score,0,1,"[""0"", ""1"", ""2"", ""3""]","[0.3310417207453879, 0.6296270776757985, 0.03924159215496515, 8.960942384840202e-05]","[0.766667, 0.233333, 0.0, 0.0]"
d1-omni,typed_agent_trace_observability,agent_trace_observability_000055,action,choice,0,2,"[""continue"", ""human_review"", ""observe"", ""stop""]","[0.30953097000739516, 0.2667021286603918, 0.4189671969282442, 0.0047997044039690346]","[0.466667, 0.296667, 0.216667, 0.02]"
d1-omni,typed_agent_trace_observability,agent_trace_observability_000055,needs_review,noul,0,0,"[""false"", ""true""]","[0.9327295766687864, 0.06727042333121366]","[0.66, 0.34]"
d1-omni,typed_agent_trace_observability,agent_trace_observability_000055,outcome,choice,3,3,"[""failure"", ""harmful"", ""partial"", ""success""]","[0.019579908672109573, 0.00039080035610549417, 0.29918628185240936, 0.6808430091193756]","[0.05, 0.006667, 0.376667, 0.566667]"
d1-omni,typed_agent_trace_observability,agent_trace_observability_000055,risk,score,0,0,"[""0"", ""1"", ""2"", ""3""]","[0.8557479798518803, 0.1441578480776519, 8.851358708001126e-05, 5.658483387934286e-06]","[0.7, 0.266667, 0.03, 0.003333]"
d1-omni,typed_agent_trace_observability,agent_trace_observability_000055,urgency,score,0,1,"[""0"", ""1"", ""2"", ""3""]","[0.13757393473835217, 0.7739106024868772, 0.08849971848767192, 1.5744287098742268e-05]","[0.533333, 0.383333, 0.066667, 0.016667]"
d1-omni,typed_agent_trace_observability,agent_trace_observability_000056,action,choice,0,0,"[""continue"", ""human_review"", ""observe"", ""stop""]","[0.4236527662259415, 0.242542032208097, 0.3325695055106655, 0.001235696055295929]","[0.633333, 0.06, 0.3, 0.006667]"
d1-omni,typed_agent_trace_observability,agent_trace_observability_000056,needs_review,noul,0,0,"[""false"", ""true""]","[0.9628394426168819, 0.03716055738311811]","[0.866667, 0.133333]"
d1-omni,typed_agent_trace_observability,agent_trace_observability_000056,outcome,choice,3,3,"[""failure"", ""harmful"", ""partial"", ""success""]","[0.022404110014178986, 0.0009998699921265994, 0.14243044819854622, 0.8341655717951482]","[0.03, 0.003333, 0.25, 0.716667]"
d1-omni,typed_agent_trace_observability,agent_trace_observability_000056,risk,score,1,0,"[""0"", ""1"", ""2"", ""3""]","[0.9224314966637965, 0.07755124863536217, 1.0897970244294415e-05, 6.356730597145047e-06]","[0.35, 0.566667, 0.073333, 0.01]"
d1-omni,typed_agent_trace_observability,agent_trace_observability_000056,urgency,score,0,1,"[""0"", ""1"", ""2"", ""3""]","[0.32517425479894735, 0.6587973098442972, 0.016000854659048453, 2.7580697706943083e-05]","[0.526667, 0.333333, 0.133333, 0.006667]"
d1-omni,typed_agent_trace_observability,agent_trace_observability_000057,action,choice,2,1,"[""continue"", ""human_review"", ""observe"", ""stop""]","[0.23767584296271907, 0.47801311373587807, 0.28210926103252315, 0.002201782268879758]","[0.316667, 0.116667, 0.55, 0.016667]"
d1-omni,typed_agent_trace_observability,agent_trace_observability_000057,needs_review,noul,0,0,"[""false"", ""true""]","[0.6352224663251342, 0.3647775336748658]","[0.666667, 0.333333]"
d1-omni,typed_agent_trace_observability,agent_trace_observability_000057,outcome,choice,3,2,"[""failure"", ""harmful"", ""partial"", ""success""]","[0.02649674640018412, 0.0008032643126273204, 0.5219077647605815, 0.45079222452660694]","[0.15, 0.016667, 0.416667, 0.416667]"
d1-omni,typed_agent_trace_observability,agent_trace_observability_000057,risk,score,1,0,"[""0"", ""1"", ""2"", ""3""]","[0.7910717991020672, 0.2082359707127353, 0.0005941024139548532, 9.812777124256953e-05]","[0.216667, 0.6, 0.166667, 0.016667]"
d1-omni,typed_agent_trace_observability,agent_trace_observability_000057,urgency,score,1,1,"[""0"", ""1"", ""2"", ""3""]","[0.1879893409307159, 0.7431493074078246, 0.06496736985416186, 0.003893981807297636]","[0.133333, 0.566667, 0.25, 0.05]"
d1-omni,typed_agent_trace_observability,agent_trace_observability_000058,action,choice,2,1,"[""continue"", ""human_review"", ""observe"", ""stop""]","[0.31926044941954246, 0.33536920521042995, 0.33314034799027825, 0.012229997379749264]","[0.15, 0.39, 0.41, 0.05]"
d1-omni,typed_agent_trace_observability,agent_trace_observability_000058,needs_review,noul,1,0,"[""false"", ""true""]","[0.8069287243434071, 0.19307127565659296]","[0.426667, 0.573333]"
d1-omni,typed_agent_trace_observability,agent_trace_observability_000058,outcome,choice,2,3,"[""failure"", ""harmful"", ""partial"", ""success""]","[0.031689749620671365, 0.0004313302620292868, 0.3181852760645321, 0.6496936440527672]","[0.333333, 0.05, 0.46, 0.156667]"
d1-omni,typed_agent_trace_observability,agent_trace_observability_000058,risk,score,1,0,"[""0"", ""1"", ""2"", ""3""]","[0.6036130239699458, 0.3962457908174387, 0.00013862627027855966, 2.5589423369426147e-06]","[0.4, 0.466667, 0.11, 0.023333]"
d1-omni,typed_agent_trace_observability,agent_trace_observability_000058,urgency,score,1,1,"[""0"", ""1"", ""2"", ""3""]","[0.11199637437781829, 0.8442815122073648, 0.04263374788771444, 0.0010883655271024689]","[0.133333, 0.566667, 0.283333, 0.016667]"
d1-omni,typed_agent_trace_observability,agent_trace_observability_000059,action,choice,1,1,"[""continue"", ""human_review"", ""observe"", ""stop""]","[0.009578813412179196, 0.9286876108636726, 0.04288736500596213, 0.01884621071818615]","[0.05, 0.666667, 0.166667, 0.116667]"
d1-omni,typed_agent_trace_observability,agent_trace_observability_000059,needs_review,noul,1,1,"[""false"", ""true""]","[0.012908039826612852, 0.9870919601733871]","[0.196667, 0.803333]"
d1-omni,typed_agent_trace_observability,agent_trace_observability_000059,outcome,choice,1,2,"[""failure"", ""harmful"", ""partial"", ""success""]","[0.1260987761007971, 0.32516446322699066, 0.410244357880199, 0.13849240279201336]","[0.133333, 0.5, 0.283333, 0.083333]"
d1-omni,typed_agent_trace_observability,agent_trace_observability_000059,risk,score,3,3,"[""0"", ""1"", ""2"", ""3""]","[0.051541117140364696, 0.07859082673735936, 0.4340846329299595, 0.43578342319231644]","[0.033333, 0.1, 0.266667, 0.6]"
d1-omni,typed_agent_trace_observability,agent_trace_observability_000059,urgency,score,3,3,"[""0"", ""1"", ""2"", ""3""]","[0.04862493015376476, 0.09918900323621356, 0.12453246299921304, 0.7276536036108088]","[0.033333, 0.133333, 0.3, 0.533333]"
d1-omni,typed_agent_trace_observability,agent_trace_observability_000060,action,choice,0,0,"[""continue"", ""human_review"", ""observe"", ""stop""]","[0.4313404148530383, 0.23420100187528858, 0.33181199941359574, 0.0026465838580773888]","[0.736667, 0.043333, 0.213333, 0.006667]"
d1-omni,typed_agent_trace_observability,agent_trace_observability_000060,needs_review,noul,0,0,"[""false"", ""true""]","[0.9957467547534373, 0.004253245246562537]","[0.903333, 0.096667]"
d1-omni,typed_agent_trace_observability,agent_trace_observability_000060,outcome,choice,3,3,"[""failure"", ""harmful"", ""partial"", ""success""]","[0.029931169775176764, 0.0005050334954785519, 0.18623802234708028, 0.7833257743822644]","[0.053333, 0.01, 0.186667, 0.75]"
d1-omni,typed_agent_trace_observability,agent_trace_observability_000060,risk,score,1,0,"[""0"", ""1"", ""2"", ""3""]","[0.8836808120379547, 0.11631056721540407, 6.167488403713661e-06, 2.453258237510764e-06]","[0.443333, 0.496667, 0.05, 0.01]"
d1-omni,typed_agent_trace_observability,agent_trace_observability_000060,urgency,score,0,1,"[""0"", ""1"", ""2"", ""3""]","[0.1713998459999424, 0.8145150453485347, 0.014069358777067126, 1.574987445570485e-05]","[0.54, 0.346667, 0.103333, 0.01]"
d1-omni,typed_agent_trace_observability,agent_trace_observability_000061,action,choice,1,1,"[""continue"", ""human_review"", ""observe"", ""stop""]","[0.0917337542823504, 0.6256632321658178, 0.27906343443350157, 0.0035395791183303214]","[0.083333, 0.433333, 0.433333, 0.05]"
d1-omni,typed_agent_trace_observability,agent_trace_observability_000061,needs_review,noul,0,0,"[""false"", ""true""]","[0.5053709246126225, 0.49462907538737766]","[0.53, 0.47]"
d1-omni,typed_agent_trace_observability,agent_trace_observability_000061,outcome,choice,3,2,"[""failure"", ""harmful"", ""partial"", ""success""]","[0.08909147644715744, 0.005717721623260225, 0.6417976120992739, 0.26339318983030846]","[0.063333, 0.003333, 0.25, 0.683333]"
d1-omni,typed_agent_trace_observability,agent_trace_observability_000061,risk,score,2,1,"[""0"", ""1"", ""2"", ""3""]","[0.36203442196153274, 0.6194601234415985, 0.01127952211435822, 0.007225932482510717]","[0.116667, 0.383333, 0.433333, 0.066667]"
d1-omni,typed_agent_trace_observability,agent_trace_observability_000061,urgency,score,1,1,"[""0"", ""1"", ""2"", ""3""]","[0.20463510252320816, 0.6560699092080413, 0.09723079967798462, 0.042064188590765945]","[0.15, 0.383333, 0.366667, 0.1]"
d1-omni,typed_agent_trace_observability,agent_trace_observability_000062,action,choice,0,2,"[""continue"", ""human_review"", ""observe"", ""stop""]","[0.18336317387928347, 0.3736736536831385, 0.43799005471696095, 0.004973117720617082]","[0.533333, 0.1, 0.366667, 0.0]"
d1-omni,typed_agent_trace_observability,agent_trace_observability_000062,needs_review,noul,0,0,"[""false"", ""true""]","[0.8437664143240038, 0.15623358567599618]","[0.85, 0.15]"
d1-omni,typed_agent_trace_observability,agent_trace_observability_000062,outcome,choice,3,2,"[""failure"", ""harmful"", ""partial"", ""success""]","[0.01799932739689111, 0.0002567466920032639, 0.632024483179976, 0.3497194427311298]","[0.083333, 0.0, 0.283333, 0.633333]"
d1-omni,typed_agent_trace_observability,agent_trace_observability_000062,risk,score,1,0,"[""0"", ""1"", ""2"", ""3""]","[0.7236300237095666, 0.2755320708650439, 0.00024856819495419245, 0.0005893372304354382]","[0.466667, 0.483333, 0.05, 0.0]"
d1-omni,typed_agent_trace_observability,agent_trace_observability_000062,urgency,score,0,1,"[""0"", ""1"", ""2"", ""3""]","[0.17712115973053566, 0.7930271004936466, 0.029832069271044905, 1.967050477287007e-05]","[0.566667, 0.366667, 0.05, 0.016667]"
d1-omni,typed_agent_trace_observability,agent_trace_observability_000063,action,choice,1,1,"[""continue"", ""human_review"", ""observe"", ""stop""]","[0.01929897133190343, 0.9056785815591937, 0.07254961325169859, 0.002472833857204354]","[0.033333, 0.573333, 0.1, 0.293333]"
d1-omni,typed_agent_trace_observability,agent_trace_observability_000063,needs_review,noul,1,1,"[""false"", ""true""]","[0.31827319681366195, 0.681726803186338]","[0.14, 0.86]"
d1-omni,typed_agent_trace_observability,agent_trace_observability_000063,outcome,choice,1,2,"[""failure"", ""harmful"", ""partial"", ""success""]","[0.06703365115974037, 0.13781304800014907, 0.5090460755246671, 0.2861072253154435]","[0.073333, 0.743333, 0.166667, 0.016667]"
d1-omni,typed_agent_trace_observability,agent_trace_observability_000063,risk,score,3,0,"[""0"", ""1"", ""2"", ""3""]","[0.3224503735317416, 0.2106436957860926, 0.21479835623473917, 0.2521075744474267]","[0.016667, 0.05, 0.366667, 0.566667]"
d1-omni,typed_agent_trace_observability,agent_trace_observability_000063,urgency,score,3,1,"[""0"", ""1"", ""2"", ""3""]","[0.17001488492956518, 0.5706770609410233, 0.03756678265218744, 0.22174127147722406]","[0.016667, 0.1, 0.366667, 0.516667]"
d1-omni,typed_agent_trace_observability,agent_trace_observability_000064,action,choice,2,2,"[""continue"", ""human_review"", ""observe"", ""stop""]","[0.23921593556876103, 0.3690604216299871, 0.3871498825314041, 0.004573760269847864]","[0.316667, 0.216667, 0.416667, 0.05]"
d1-omni,typed_agent_trace_observability,agent_trace_observability_000064,needs_review,noul,0,1,"[""false"", ""true""]","[0.4411914213836755, 0.5588085786163246]","[0.666667, 0.333333]"
d1-omni,typed_agent_trace_observability,agent_trace_observability_000064,outcome,choice,2,3,"[""failure"", ""harmful"", ""partial"", ""success""]","[0.03664471197295899, 0.0005718453120990195, 0.4284839825957189, 0.534299460119223]","[0.283333, 0.016667, 0.493333, 0.206667]"
d1-omni,typed_agent_trace_observability,agent_trace_observability_000064,risk,score,0,0,"[""0"", ""1"", ""2"", ""3""]","[0.6082667453167951, 0.39169115015493555, 4.035877901704445e-05, 1.7457492523227543e-06]","[0.683333, 0.266667, 0.046667, 0.003333]"
d1-omni,typed_agent_trace_observability,agent_trace_observability_000064,urgency,score,0,1,"[""0"", ""1"", ""2"", ""3""]","[0.08539020510054214, 0.8867502029374936, 0.027614060647936284, 0.0002455313140278973]","[0.4, 0.366667, 0.2, 0.033333]"
d1-omni,typed_agent_trace_observability,agent_trace_observability_000065,action,choice,1,1,"[""continue"", ""human_review"", ""observe"", ""stop""]","[0.01676953809626326, 0.8987537493399054, 0.04996689974296348, 0.03450981282086787]","[0.016667, 0.583333, 0.066667, 0.333333]"
d1-omni,typed_agent_trace_observability,agent_trace_observability_000065,needs_review,noul,1,1,"[""false"", ""true""]","[0.48999162818867414, 0.510008371811326]","[0.073333, 0.926667]"
d1-omni,typed_agent_trace_observability,agent_trace_observability_000065,outcome,choice,1,2,"[""failure"", ""harmful"", ""partial"", ""success""]","[0.07096537526812084, 0.29014916811963004, 0.5052648096463875, 0.13362064696586154]","[0.116667, 0.8, 0.083333, 0.0]"
d1-omni,typed_agent_trace_observability,agent_trace_observability_000065,risk,score,3,3,"[""0"", ""1"", ""2"", ""3""]","[0.13764781227786418, 0.2880056096180289, 0.08155365334064618, 0.49279292476346065]","[0.0, 0.05, 0.25, 0.7]"
d1-omni,typed_agent_trace_observability,agent_trace_observability_000065,urgency,score,3,3,"[""0"", ""1"", ""2"", ""3""]","[0.09995019910229827, 0.14457709089846243, 0.30741761641364196, 0.4480550935855974]","[0.016667, 0.116667, 0.366667, 0.5]"
d1-omni,typed_agent_trace_observability,agent_trace_observability_000066,action,choice,2,2,"[""continue"", ""human_review"", ""observe"", ""stop""]","[0.17386794407679287, 0.3660173437428012, 0.45970547558804553, 0.0004092365923602537]","[0.15, 0.35, 0.416667, 0.083333]"
d1-omni,typed_agent_trace_observability,agent_trace_observability_000066,needs_review,noul,1,0,"[""false"", ""true""]","[0.8838389274269076, 0.1161610725730924]","[0.483333, 0.516667]"
d1-omni,typed_agent_trace_observability,agent_trace_observability_000066,outcome,choice,2,3,"[""failure"", ""harmful"", ""partial"", ""success""]","[0.06552048289537832, 0.00015316638200149862, 0.43482383643769035, 0.49950251428492987]","[0.366667, 0.0, 0.45, 0.183333]"
d1-omni,typed_agent_trace_observability,agent_trace_observability_000066,risk,score,1,0,"[""0"", ""1"", ""2"", ""3""]","[0.8646376442397262, 0.1353438396792766, 8.716195748883954e-06, 9.79988524829448e-06]","[0.4, 0.516667, 0.083333, 0.0]"
d1-omni,typed_agent_trace_observability,agent_trace_observability_000066,urgency,score,1,1,"[""0"", ""1"", ""2"", ""3""]","[0.28680707587912063, 0.6800402249459271, 0.03307088464292723, 8.181453202501892e-05]","[0.333333, 0.566667, 0.1, 0.0]"
d1-omni,typed_agent_trace_observability,agent_trace_observability_000067,action,choice,0,0,"[""continue"", ""human_review"", ""observe"", ""stop""]","[0.38420859116387557, 0.2764649707473593, 0.33889738610092823, 0.00042905198783698036]","[0.5, 0.07, 0.423333, 0.006667]"
d1-omni,typed_agent_trace_observability,agent_trace_observability_000067,needs_review,noul,0,0,"[""false"", ""true""]","[0.9689591491239697, 0.0310408508760304]","[0.9, 0.1]"
d1-omni,typed_agent_trace_observability,agent_trace_observability_000067,outcome,choice,3,3,"[""failure"", ""harmful"", ""partial"", ""success""]","[0.02583973903718492, 0.00172440476807383, 0.14468659416793386, 0.8277492620268073]","[0.04, 0.01, 0.1, 0.85]"
d1-omni,typed_agent_trace_observability,agent_trace_observability_000067,risk,score,0,0,"[""0"", ""1"", ""2"", ""3""]","[0.960025096326714, 0.039955252318868414, 9.74891515766717e-06, 9.9024392600607e-06]","[0.92, 0.066667, 0.011667, 0.001667]"
d1-omni,typed_agent_trace_observability,agent_trace_observability_000067,urgency,score,0,1,"[""0"", ""1"", ""2"", ""3""]","[0.27355651305264683, 0.6449509468727168, 0.08135820102862912, 0.00013433904600713078]","[0.8, 0.166667, 0.026667, 0.006667]"
d1-omni,typed_agent_trace_observability,agent_trace_observability_000068,action,choice,2,2,"[""continue"", ""human_review"", ""observe"", ""stop""]","[0.2072385119637809, 0.31630978420537337, 0.4679893418296981, 0.008462362001147678]","[0.083333, 0.416667, 0.433333, 0.066667]"
d1-omni,typed_agent_trace_observability,agent_trace_observability_000068,needs_review,noul,1,0,"[""false"", ""true""]","[0.7076068110388766, 0.29239318896112343]","[0.393333, 0.606667]"
d1-omni,typed_agent_trace_observability,agent_trace_observability_000068,outcome,choice,2,3,"[""failure"", ""harmful"", ""partial"", ""success""]","[0.05697963346432871, 0.00021452321682815772, 0.302071082084599, 0.6407347612342441]","[0.306667, 0.016667, 0.55, 0.126667]"
d1-omni,typed_agent_trace_observability,agent_trace_observability_000068,risk,score,0,0,"[""0"", ""1"", ""2"", ""3""]","[0.9238800034637784, 0.07609634340007404, 1.2886263307566934e-05, 1.0766872839881172e-05]","[0.65, 0.273333, 0.073333, 0.003333]"
d1-omni,typed_agent_trace_observability,agent_trace_observability_000068,urgency,score,1,1,"[""0"", ""1"", ""2"", ""3""]","[0.1753661916400921, 0.8176438810100888, 0.006977946336638611, 1.1981013180516612e-05]","[0.183333, 0.483333, 0.3, 0.033333]"
d1-omni,typed_agent_trace_observability,agent_trace_observability_000069,action,choice,3,1,"[""continue"", ""human_review"", ""observe"", ""stop""]","[0.008296878521179498, 0.8834616797941962, 0.10348624308820768, 0.0047551985964165945]","[0.02, 0.45, 0.063333, 0.466667]"
d1-omni,typed_agent_trace_observability,agent_trace_observability_000069,needs_review,noul,1,1,"[""false"", ""true""]","[0.10074586422132523, 0.8992541357786749]","[0.056667, 0.943333]"
d1-omni,typed_agent_trace_observability,agent_trace_observability_000069,outcome,choice,1,2,"[""failure"", ""harmful"", ""partial"", ""success""]","[0.11947476322103166, 0.14897941419618693, 0.5189746375925656, 0.21257118499021585]","[0.083333, 0.816667, 0.076667, 0.023333]"
d1-omni,typed_agent_trace_observability,agent_trace_observability_000069,risk,score,3,3,"[""0"", ""1"", ""2"", ""3""]","[0.099891198798119, 0.09795915542950615, 0.05388727421712212, 0.7482623715552528]","[0.003333, 0.03, 0.316667, 0.65]"
d1-omni,typed_agent_trace_observability,agent_trace_observability_000069,urgency,score,3,3,"[""0"", ""1"", ""2"", ""3""]","[0.1268638520961515, 0.2592929167865502, 0.06243526199098868, 0.5514079691263096]","[0.016667, 0.066667, 0.266667, 0.65]"
d1-omni,typed_agent_trace_observability,agent_trace_observability_000070,action,choice,2,1,"[""continue"", ""human_review"", ""observe"", ""stop""]","[0.17401216377107617, 0.4999684440538842, 0.32406732126716464, 0.0019520709078748324]","[0.316667, 0.193333, 0.45, 0.04]"
d1-omni,typed_agent_trace_observability,agent_trace_observability_000070,needs_review,noul,0,1,"[""false"", ""true""]","[0.4099293047761079, 0.5900706952238921]","[0.676667, 0.323333]"
d1-omni,typed_agent_trace_observability,agent_trace_observability_000070,outcome,choice,3,3,"[""failure"", ""harmful"", ""partial"", ""success""]","[0.0015336241493269578, 0.0002685942852656698, 0.33442061807910356, 0.6637771634863039]","[0.063333, 0.026667, 0.266667, 0.643333]"
d1-omni,typed_agent_trace_observability,agent_trace_observability_000070,risk,score,2,1,"[""0"", ""1"", ""2"", ""3""]","[0.43138281161386227, 0.5681505696444799, 0.00027035908840824824, 0.00019625965324970144]","[0.073333, 0.236667, 0.616667, 0.073333]"
d1-omni,typed_agent_trace_observability,agent_trace_observability_000070,urgency,score,1,1,"[""0"", ""1"", ""2"", ""3""]","[0.18786285697786165, 0.7977195065974358, 0.010961654683220669, 0.0034559817414819833]","[0.116667, 0.416667, 0.383333, 0.083333]"
d1-omni,typed_agent_trace_observability,agent_trace_observability_000071,action,choice,0,1,"[""continue"", ""human_review"", ""observe"", ""stop""]","[0.175010485611522, 0.602699155788907, 0.2119809306959762, 0.010309427903594954]","[0.533333, 0.116667, 0.333333, 0.016667]"
d1-omni,typed_agent_trace_observability,agent_trace_observability_000071,needs_review,noul,0,0,"[""false"", ""true""]","[0.84972194096311, 0.1502780590368899]","[0.833333, 0.166667]"
d1-omni,typed_agent_trace_observability,agent_trace_observability_000071,outcome,choice,3,3,"[""failure"", ""harmful"", ""partial"", ""success""]","[0.013126056201391716, 0.0005481635419200532, 0.25553245188247603, 0.7307933283742122]","[0.1, 0.0, 0.316667, 0.583333]"
d1-omni,typed_agent_trace_observability,agent_trace_observability_000071,risk,score,0,0,"[""0"", ""1"", ""2"", ""3""]","[0.8317720558403933, 0.1682027076395329, 1.7479874722092386e-05, 7.756645351713729e-06]","[0.566667, 0.383333, 0.05, 0.0]"
d1-omni,typed_agent_trace_observability,agent_trace_observability_000071,urgency,score,0,1,"[""0"", ""1"", ""2"", ""3""]","[0.4100331068512745, 0.5887091625595656, 0.0012399740940840726, 1.7756495075800685e-05]","[0.633333, 0.283333, 0.083333, 0.0]"
d1-omni,typed_agent_trace_observability,agent_trace_observability_000072,action,choice,2,2,"[""continue"", ""human_review"", ""observe"", ""stop""]","[0.073455205894558, 0.45616186927695185, 0.4674357240483317, 0.0029472007801584162]","[0.183333, 0.35, 0.4, 0.066667]"
d1-omni,typed_agent_trace_observability,agent_trace_observability_000072,needs_review,noul,1,0,"[""false"", ""true""]","[0.6245225350644712, 0.37547746493552875]","[0.416667, 0.583333]"
d1-omni,typed_agent_trace_observability,agent_trace_observability_000072,outcome,choice,2,3,"[""failure"", ""harmful"", ""partial"", ""success""]","[0.03833164547809263, 0.002196577757112514, 0.43954001275017657, 0.5199317640146183]","[0.123333, 0.026667, 0.533333, 0.316667]"
d1-omni,typed_agent_trace_observability,agent_trace_observability_000072,risk,score,2,0,"[""0"", ""1"", ""2"", ""3""]","[0.437783538737594, 0.36011093086531126, 0.020676341898174987, 0.18142918849891976]","[0.066667, 0.3, 0.55, 0.083333]"
d1-omni,typed_agent_trace_observability,agent_trace_observability_000072,urgency,score,2,1,"[""0"", ""1"", ""2"", ""3""]","[0.21719925827123285, 0.6721313724318986, 0.08398346379176033, 0.026685905505108375]","[0.2, 0.333333, 0.366667, 0.1]"
d1-omni,typed_agent_trace_observability,agent_trace_observability_000073,action,choice,1,1,"[""continue"", ""human_review"", ""observe"", ""stop""]","[0.07363560644914573, 0.617447077583587, 0.3068547866380248, 0.0020625293292425313]","[0.09, 0.533333, 0.326667, 0.05]"
d1-omni,typed_agent_trace_observability,agent_trace_observability_000073,needs_review,noul,1,0,"[""false"", ""true""]","[0.6601723913106373, 0.3398276086893626]","[0.373333, 0.626667]"
d1-omni,typed_agent_trace_observability,agent_trace_observability_000073,outcome,choice,3,2,"[""failure"", ""harmful"", ""partial"", ""success""]","[0.15903087697822893, 0.00876407690090154, 0.5183956816249494, 0.3138093644959202]","[0.063333, 0.026667, 0.266667, 0.643333]"
d1-omni,typed_agent_trace_observability,agent_trace_observability_000073,risk,score,2,0,"[""0"", ""1"", ""2"", ""3""]","[0.7616835140112508, 0.23480918595503994, 0.002035468862507662, 0.0014718311712017174]","[0.106667, 0.21, 0.583333, 0.1]"
d1-omni,typed_agent_trace_observability,agent_trace_observability_000073,urgency,score,2,0,"[""0"", ""1"", ""2"", ""3""]","[0.7973943812513784, 0.1661664473211286, 0.02776920213079111, 0.008669969296701817]","[0.093333, 0.306667, 0.476667, 0.123333]"
d1-omni,typed_agent_trace_observability,agent_trace_observability_000074,action,choice,0,0,"[""continue"", ""human_review"", ""observe"", ""stop""]","[0.6012509718353626, 0.1147507819759314, 0.2829036131885169, 0.0010946330001890784]","[0.6, 0.05, 0.35, 0.0]"
d1-omni,typed_agent_trace_observability,agent_trace_observability_000074,needs_review,noul,0,0,"[""false"", ""true""]","[0.995743652296457, 0.004256347703542913]","[0.916667, 0.083333]"
d1-omni,typed_agent_trace_observability,agent_trace_observability_000074,outcome,choice,3,3,"[""failure"", ""harmful"", ""partial"", ""success""]","[0.047767780444403635, 0.0006552678943548834, 0.1139195041057236, 0.8376574475555179]","[0.183333, 0.0, 0.166667, 0.65]"
d1-omni,typed_agent_trace_observability,agent_trace_observability_000074,risk,score,0,0,"[""0"", ""1"", ""2"", ""3""]","[0.9574403210869232, 0.04255247783582511, 5.801419799534785e-06, 1.3996574522130122e-06]","[0.783333, 0.216667, 0.0, 0.0]"
d1-omni,typed_agent_trace_observability,agent_trace_observability_000074,urgency,score,0,1,"[""0"", ""1"", ""2"", ""3""]","[0.3768505553667785, 0.610048268753801, 0.013088594343998625, 1.2581535421842595e-05]","[0.866667, 0.133333, 0.0, 0.0]"
d1-omni,typed_agent_trace_observability,agent_trace_observability_000075,action,choice,2,2,"[""continue"", ""human_review"", ""observe"", ""stop""]","[0.1962861166284168, 0.3560361249831841, 0.4467629850363312, 0.0009147733520678947]","[0.383333, 0.15, 0.45, 0.016667]"
d1-omni,typed_agent_trace_observability,agent_trace_observability_000075,needs_review,noul,0,0,"[""false"", ""true""]","[0.7266196469134892, 0.2733803530865108]","[0.766667, 0.233333]"
d1-omni,typed_agent_trace_observability,agent_trace_observability_000075,outcome,choice,3,3,"[""failure"", ""harmful"", ""partial"", ""success""]","[0.0370260378556479, 0.0008639930128410954, 0.29351653041795195, 0.668593438713559]","[0.1, 0.0, 0.433333, 0.466667]"
d1-omni,typed_agent_trace_observability,agent_trace_observability_000075,risk,score,1,0,"[""0"", ""1"", ""2"", ""3""]","[0.8770952258350692, 0.12278428173046958, 3.663472746177097e-05, 8.385770699944325e-05]","[0.383333, 0.55, 0.066667, 0.0]"
d1-omni,typed_agent_trace_observability,agent_trace_observability_000075,urgency,score,0,1,"[""0"", ""1"", ""2"", ""3""]","[0.3278569484088724, 0.5674548692895175, 0.10455937835684621, 0.00012880394476388521]","[0.516667, 0.4, 0.083333, 0.0]"
d1-omni,typed_agent_trace_observability,agent_trace_observability_000076,action,choice,1,1,"[""continue"", ""human_review"", ""observe"", ""stop""]","[0.07726857519121211, 0.5711159843110571, 0.3482436250248997, 0.003371815472831163]","[0.183333, 0.433333, 0.333333, 0.05]"
d1-omni,typed_agent_trace_observability,agent_trace_observability_000076,needs_review,noul,1,1,"[""false"", ""true""]","[0.26702565001604167, 0.7329743499839584]","[0.383333, 0.616667]"
d1-omni,typed_agent_trace_observability,agent_trace_observability_000076,outcome,choice,2,3,"[""failure"", ""harmful"", ""partial"", ""success""]","[0.018252865560987843, 0.003781435019748374, 0.36877309745970804, 0.6091926019595558]","[0.193333, 0.056667, 0.583333, 0.166667]"
d1-omni,typed_agent_trace_observability,agent_trace_observability_000076,risk,score,2,0,"[""0"", ""1"", ""2"", ""3""]","[0.5714423240137896, 0.4259058589615226, 0.0006910039231294973, 0.001960813101558338]","[0.116667, 0.233333, 0.55, 0.1]"
d1-omni,typed_agent_trace_observability,agent_trace_observability_000076,urgency,score,2,1,"[""0"", ""1"", ""2"", ""3""]","[0.2842165395387782, 0.6918608051318246, 0.007342876583573997, 0.016579778745823278]","[0.083333, 0.266667, 0.483333, 0.166667]"
d1-omni,typed_agent_trace_observability,agent_trace_observability_000077,action,choice,1,1,"[""continue"", ""human_review"", ""observe"", ""stop""]","[0.020873965328274877, 0.8712667366657266, 0.10179647727409012, 0.006062820731908342]","[0.033333, 0.75, 0.116667, 0.1]"
d1-omni,typed_agent_trace_observability,agent_trace_observability_000077,needs_review,noul,1,1,"[""false"", ""true""]","[0.14953133422728035, 0.8504686657727196]","[0.106667, 0.893333]"
d1-omni,typed_agent_trace_observability,agent_trace_observability_000077,outcome,choice,1,2,"[""failure"", ""harmful"", ""partial"", ""success""]","[0.10446399783394161, 0.1411218418216204, 0.57250093396426, 0.18191322638017793]","[0.15, 0.633333, 0.193333, 0.023333]"
d1-omni,typed_agent_trace_observability,agent_trace_observability_000077,risk,score,3,3,"[""0"", ""1"", ""2"", ""3""]","[0.03629147362539339, 0.039317160134725235, 0.034765103919141144, 0.8896262623207402]","[0.0, 0.073333, 0.426667, 0.5]"
d1-omni,typed_agent_trace_observability,agent_trace_observability_000077,urgency,score,3,1,"[""0"", ""1"", ""2"", ""3""]","[0.16148565961478387, 0.530526201832579, 0.05294120931644756, 0.25504692923618955]","[0.016667, 0.166667, 0.383333, 0.433333]"
d1-omni,typed_agent_trace_observability,agent_trace_observability_000078,action,choice,2,1,"[""continue"", ""human_review"", ""observe"", ""stop""]","[0.061297123168538636, 0.7148205627885655, 0.22020113634413058, 0.003681177698765259]","[0.183333, 0.383333, 0.383333, 0.05]"
d1-omni,typed_agent_trace_observability,agent_trace_observability_000078,needs_review,noul,1,1,"[""false"", ""true""]","[0.4258439405151209, 0.574156059484879]","[0.366667, 0.633333]"
d1-omni,typed_agent_trace_observability,agent_trace_observability_000078,outcome,choice,3,2,"[""failure"", ""harmful"", ""partial"", ""success""]","[0.041400376447219535, 0.0052225084405317255, 0.5908091982200333, 0.3625679168922155]","[0.086667, 0.02, 0.326667, 0.566667]"
d1-omni,typed_agent_trace_observability,agent_trace_observability_000078,risk,score,2,1,"[""0"", ""1"", ""2"", ""3""]","[0.44580514986840397, 0.5325178664912806, 0.014499307551123624, 0.007177676089191688]","[0.083333, 0.233333, 0.5, 0.183333]"
d1-omni,typed_agent_trace_observability,agent_trace_observability_000078,urgency,score,2,1,"[""0"", ""1"", ""2"", ""3""]","[0.1965371192007077, 0.7157506603043384, 0.06557505174061895, 0.022137168754334923]","[0.066667, 0.283333, 0.433333, 0.216667]"
d1-omni,typed_agent_trace_observability,agent_trace_observability_000079,action,choice,0,0,"[""continue"", ""human_review"", ""observe"", ""stop""]","[0.6139883866803597, 0.13966727601597873, 0.2459629946956117, 0.000381342608049882]","[0.74, 0.036667, 0.223333, 0.0]"
d1-omni,typed_agent_trace_observability,agent_trace_observability_000079,needs_review,noul,0,0,"[""false"", ""true""]","[0.8588074037802486, 0.14119259621975136]","[0.916667, 0.083333]"
d1-omni,typed_agent_trace_observability,agent_trace_observability_000079,outcome,choice,3,3,"[""failure"", ""harmful"", ""partial"", ""success""]","[0.029728838296536768, 0.0003461071566989013, 0.30378990877671797, 0.6661351457700464]","[0.026667, 0.0, 0.183333, 0.79]"
d1-omni,typed_agent_trace_observability,agent_trace_observability_000079,risk,score,0,0,"[""0"", ""1"", ""2"", ""3""]","[0.7875179006673348, 0.21175067229908584, 0.0001255244337289663, 0.0006059025998504047]","[0.483333, 0.45, 0.063333, 0.003333]"
d1-omni,typed_agent_trace_observability,agent_trace_observability_000079,urgency,score,1,1,"[""0"", ""1"", ""2"", ""3""]","[0.162409048340088, 0.8009681951278144, 0.03641573265690542, 0.00020702387519227225]","[0.366667, 0.483333, 0.126667, 0.023333]"
d1-omni,typed_agent_trace_observability,agent_trace_observability_000080,action,choice,1,1,"[""continue"", ""human_review"", ""observe"", ""stop""]","[0.05047548096218821, 0.7514833719251572, 0.19500985851165814, 0.00303128860099649]","[0.1, 0.6, 0.25, 0.05]"
d1-omni,typed_agent_trace_observability,agent_trace_observability_000080,needs_review,noul,1,0,"[""false"", ""true""]","[0.907640229216529, 0.092359770783471]","[0.216667, 0.783333]"
d1-omni,typed_agent_trace_observability,agent_trace_observability_000080,outcome,choice,0,3,"[""failure"", ""harmful"", ""partial"", ""success""]","[0.09438597534874826, 0.004329107286393996, 0.36967595581151647, 0.5316089615533414]","[0.5, 0.033333, 0.41, 0.056667]"
d1-omni,typed_agent_trace_observability,agent_trace_observability_000080,risk,score,2,0,"[""0"", ""1"", ""2"", ""3""]","[0.824512700567171, 0.14496777991797913, 0.019164770470116218, 0.011354749044733803]","[0.116667, 0.316667, 0.5, 0.066667]"
d1-omni,typed_agent_trace_observability,agent_trace_observability_000080,urgency,score,0,1,"[""0"", ""1"", ""2"", ""3""]","[0.15368421636607324, 0.845232521620825, 0.001016479298275286, 6.678271482639447e-05]","[0.4, 0.333333, 0.216667, 0.05]"
d1-omni,typed_agent_trace_observability,agent_trace_observability_000081,action,choice,2,2,"[""continue"", ""human_review"", ""observe"", ""stop""]","[0.18715157732286258, 0.2653150143173143, 0.5447233968694313, 0.0028100114903918784]","[0.2, 0.316667, 0.433333, 0.05]"
d1-omni,typed_agent_trace_observability,agent_trace_observability_000081,needs_review,noul,1,0,"[""false"", ""true""]","[0.8366880416255076, 0.1633119583744925]","[0.45, 0.55]"
d1-omni,typed_agent_trace_observability,agent_trace_observability_000081,outcome,choice,2,3,"[""failure"", ""harmful"", ""partial"", ""success""]","[0.03181266600229163, 0.0006324818985368158, 0.4776360458294973, 0.48991880626967416]","[0.2, 0.033333, 0.526667, 0.24]"
d1-omni,typed_agent_trace_observability,agent_trace_observability_000081,risk,score,1,0,"[""0"", ""1"", ""2"", ""3""]","[0.8546421426420108, 0.1448971863211087, 0.0004261019539344824, 3.456908294614026e-05]","[0.383333, 0.466667, 0.126667, 0.023333]"
d1-omni,typed_agent_trace_observability,agent_trace_observability_000081,urgency,score,1,1,"[""0"", ""1"", ""2"", ""3""]","[0.2185222007552115, 0.6623369153988944, 0.11633994718903576, 0.0028009366568584743]","[0.183333, 0.483333, 0.266667, 0.066667]"
d1-omni,typed_agent_trace_observability,agent_trace_observability_000082,action,choice,1,2,"[""continue"", ""human_review"", ""observe"", ""stop""]","[0.18577308196635742, 0.28079134883449125, 0.5328483221169593, 0.0005872470821919507]","[0.083333, 0.5, 0.316667, 0.1]"
d1-omni,typed_agent_trace_observability,agent_trace_observability_000082,needs_review,noul,1,0,"[""false"", ""true""]","[0.8596637498668491, 0.1403362501331508]","[0.316667, 0.683333]"
d1-omni,typed_agent_trace_observability,agent_trace_observability_000082,outcome,choice,0,3,"[""failure"", ""harmful"", ""partial"", ""success""]","[0.040695859454882743, 0.001145469168462236, 0.3613041629810068, 0.5968545083956482]","[0.71, 0.006667, 0.246667, 0.036667]"
d1-omni,typed_agent_trace_observability,agent_trace_observability_000082,risk,score,0,0,"[""0"", ""1"", ""2"", ""3""]","[0.8803962105110924, 0.11960040230289651, 1.4829896474455131e-06, 1.9041963636319314e-06]","[0.743333, 0.19, 0.056667, 0.01]"
d1-omni,typed_agent_trace_observability,agent_trace_observability_000082,urgency,score,1,1,"[""0"", ""1"", ""2"", ""3""]","[0.21721126514667363, 0.776878939009864, 0.005908417541662045, 1.3783018004255379e-06]","[0.3, 0.416667, 0.25, 0.033333]"
d1-omni,typed_agent_trace_observability,agent_trace_observability_000083,action,choice,2,2,"[""continue"", ""human_review"", ""observe"", ""stop""]","[0.3000430853863468, 0.3451788885188961, 0.3487365212918949, 0.006041504802862204]","[0.35, 0.126667, 0.516667, 0.006667]"
d1-omni,typed_agent_trace_observability,agent_trace_observability_000083,needs_review,noul,0,0,"[""false"", ""true""]","[0.914520027389607, 0.08547997261039303]","[0.833333, 0.166667]"
d1-omni,typed_agent_trace_observability,agent_trace_observability_000083,outcome,choice,3,3,"[""failure"", ""harmful"", ""partial"", ""success""]","[0.05738826109554751, 0.000492642018104114, 0.4540462509279235, 0.48807284595842493]","[0.063333, 0.003333, 0.366667, 0.566667]"
d1-omni,typed_agent_trace_observability,agent_trace_observability_000083,risk,score,1,0,"[""0"", ""1"", ""2"", ""3""]","[0.7037287205290577, 0.295658618395909, 0.0005237545815919287, 8.890649344135262e-05]","[0.166667, 0.7, 0.11, 0.023333]"
d1-omni,typed_agent_trace_observability,agent_trace_observability_000083,urgency,score,1,1,"[""0"", ""1"", ""2"", ""3""]","[0.2259946893469154, 0.7171582184447715, 0.056035206005643656, 0.0008118862026693988]","[0.25, 0.566667, 0.15, 0.033333]"
d1-omni,typed_agent_trace_observability,agent_trace_observability_000084,action,choice,0,2,"[""continue"", ""human_review"", ""observe"", ""stop""]","[0.26943046390527897, 0.35815945999335985, 0.37079384063141213, 0.0016162354699490033]","[0.493333, 0.086667, 0.416667, 0.003333]"
d1-omni,typed_agent_trace_observability,agent_trace_observability_000084,needs_review,noul,0,0,"[""false"", ""true""]","[0.9401335742046061, 0.05986642579539378]","[0.876667, 0.123333]"
d1-omni,typed_agent_trace_observability,agent_trace_observability_000084,outcome,choice,2,3,"[""failure"", ""harmful"", ""partial"", ""success""]","[0.028694901061726914, 0.00022692766898999226, 0.2792507497303049, 0.6918274215389784]","[0.066667, 0.006667, 0.616667, 0.31]"
d1-omni,typed_agent_trace_observability,agent_trace_observability_000084,risk,score,0,0,"[""0"", ""1"", ""2"", ""3""]","[0.6240032943210871, 0.3759904776079215, 1.9769536655887745e-06, 4.251117325709696e-06]","[0.913333, 0.066667, 0.016667, 0.003333]"
d1-omni,typed_agent_trace_observability,agent_trace_observability_000084,urgency,score,0,1,"[""0"", ""1"", ""2"", ""3""]","[0.21289378491259509, 0.7815901823488486, 0.005482787886419705, 3.324485213663499e-05]","[0.823333, 0.143333, 0.03, 0.003333]"
d1-omni,typed_agent_trace_observability,agent_trace_observability_000085,action,choice,0,1,"[""continue"", ""human_review"", ""observe"", ""stop""]","[0.16270070938730846, 0.6246098188516216, 0.20911594454875237, 0.0035735272123176877]","[0.45, 0.106667, 0.433333, 0.01]"
d1-omni,typed_agent_trace_observability,agent_trace_observability_000085,needs_review,noul,0,0,"[""false"", ""true""]","[0.951840848720541, 0.048159151279459]","[0.816667, 0.183333]"
d1-omni,typed_agent_trace_observability,agent_trace_observability_000085,outcome,choice,2,3,"[""failure"", ""harmful"", ""partial"", ""success""]","[0.05119962929358869, 0.0006914563101566316, 0.4726655931901691, 0.4754433212060857]","[0.086667, 0.013333, 0.466667, 0.433333]"
d1-omni,typed_agent_trace_observability,agent_trace_observability_000085,risk,score,0,0,"[""0"", ""1"", ""2"", ""3""]","[0.910145996089579, 0.08983109088823336, 1.4346399600634232e-05, 8.566622586827498e-06]","[0.65, 0.266667, 0.076667, 0.006667]"
d1-omni,typed_agent_trace_observability,agent_trace_observability_000085,urgency,score,0,0,"[""0"", ""1"", ""2"", ""3""]","[0.5889711012081027, 0.410917240405298, 0.00010899300658838284, 2.665380010828113e-06]","[0.466667, 0.383333, 0.143333, 0.006667]"
d1-omni,typed_agent_trace_observability,agent_trace_observability_000086,action,choice,3,1,"[""continue"", ""human_review"", ""observe"", ""stop""]","[0.018613078641827086, 0.9316437576696662, 0.02671414220191843, 0.02302902148658811]","[0.016667, 0.433333, 0.1, 0.45]"
d1-omni,typed_agent_trace_observability,agent_trace_observability_000086,needs_review,noul,1,1,"[""false"", ""true""]","[0.06648201960003318, 0.9335179803999668]","[0.083333, 0.916667]"
d1-omni,typed_agent_trace_observability,agent_trace_observability_000086,outcome,choice,1,2,"[""failure"", ""harmful"", ""partial"", ""success""]","[0.10730870254018524, 0.22452593727828643, 0.5578819446200874, 0.1102834155614409]","[0.073333, 0.766667, 0.14, 0.02]"
d1-omni,typed_agent_trace_observability,agent_trace_observability_000086,risk,score,3,1,"[""0"", ""1"", ""2"", ""3""]","[0.10361642278267942, 0.6285591407184601, 0.10858905505673701, 0.15923538144212362]","[0.01, 0.056667, 0.3, 0.633333]"
d1-omni,typed_agent_trace_observability,agent_trace_observability_000086,urgency,score,3,1,"[""0"", ""1"", ""2"", ""3""]","[0.09036942147299441, 0.46343757938561053, 0.11948645826904425, 0.3267065408723509]","[0.016667, 0.1, 0.383333, 0.5]"
d1-omni,typed_agent_trace_observability,agent_trace_observability_000087,action,choice,2,2,"[""continue"", ""human_review"", ""observe"", ""stop""]","[0.16120468941643576, 0.32453131774320004, 0.5058446924119917, 0.008419300428372497]","[0.35, 0.183333, 0.416667, 0.05]"
d1-omni,typed_agent_trace_observability,agent_trace_observability_000087,needs_review,noul,0,0,"[""false"", ""true""]","[0.7061904753958645, 0.29380952460413534]","[0.666667, 0.333333]"
d1-omni,typed_agent_trace_observability,agent_trace_observability_000087,outcome,choice,2,2,"[""failure"", ""harmful"", ""partial"", ""success""]","[0.05273622304428918, 0.0005355072624206901, 0.5399487658206785, 0.40677950387261175]","[0.256667, 0.033333, 0.6, 0.11]"
d1-omni,typed_agent_trace_observability,agent_trace_observability_000087,risk,score,0,0,"[""0"", ""1"", ""2"", ""3""]","[0.774199789902966, 0.2256352000483216, 0.00016165500715436678, 3.355041557912122e-06]","[0.766667, 0.2, 0.033333, 0.0]"
d1-omni,typed_agent_trace_observability,agent_trace_observability_000087,urgency,score,0,1,"[""0"", ""1"", ""2"", ""3""]","[0.21548782671727787, 0.7789437700601735, 0.005511113809537439, 5.7289413011175966e-05]","[0.366667, 0.266667, 0.333333, 0.033333]"
d1-omni,typed_agent_trace_observability,agent_trace_observability_000088,action,choice,1,1,"[""continue"", ""human_review"", ""observe"", ""stop""]","[0.01649929241670189, 0.9052402251428924, 0.07279829722670333, 0.005462185213702461]","[0.016667, 0.466667, 0.066667, 0.45]"
d1-omni,typed_agent_trace_observability,agent_trace_observability_000088,needs_review,noul,1,1,"[""false"", ""true""]","[0.03514482314865097, 0.9648551768513489]","[0.12, 0.88]"
d1-omni,typed_agent_trace_observability,agent_trace_observability_000088,outcome,choice,1,1,"[""failure"", ""harmful"", ""partial"", ""success""]","[0.09643776710242508, 0.5394648507317997, 0.30231701839971986, 0.06178036376605532]","[0.233333, 0.683333, 0.066667, 0.016667]"
d1-omni,typed_agent_trace_observability,agent_trace_observability_000088,risk,score,3,3,"[""0"", ""1"", ""2"", ""3""]","[0.12168150708228355, 0.19789474201234505, 0.2647407691149375, 0.4156829817904338]","[0.0, 0.05, 0.283333, 0.666667]"
d1-omni,typed_agent_trace_observability,agent_trace_observability_000088,urgency,score,3,3,"[""0"", ""1"", ""2"", ""3""]","[0.02396893629282778, 0.2527061573566549, 0.07707103678552633, 0.646253869564991]","[0.016667, 0.1, 0.316667, 0.566667]"
d1-omni,typed_agent_trace_observability,agent_trace_observability_000089,action,choice,1,1,"[""continue"", ""human_review"", ""observe"", ""stop""]","[0.13204566321301464, 0.5880430910224994, 0.27146984748134717, 0.008441398283138885]","[0.166667, 0.416667, 0.383333, 0.033333]"
d1-omni,typed_agent_trace_observability,agent_trace_observability_000089,needs_review,noul,1,0,"[""false"", ""true""]","[0.5688948423458545, 0.4311051576541455]","[0.466667, 0.533333]"
d1-omni,typed_agent_trace_observability,agent_trace_observability_000089,outcome,choice,2,2,"[""failure"", ""harmful"", ""partial"", ""success""]","[0.12439894865316632, 0.0006228925970937825, 0.5136090449989208, 0.3613691137508191]","[0.266667, 0.033333, 0.5, 0.2]"
d1-omni,typed_agent_trace_observability,agent_trace_observability_000089,risk,score,0,0,"[""0"", ""1"", ""2"", ""3""]","[0.7814994528262236, 0.21818328877498888, 0.0002781196200791856, 3.913877870838611e-05]","[0.7, 0.233333, 0.066667, 0.0]"
d1-omni,typed_agent_trace_observability,agent_trace_observability_000089,urgency,score,0,1,"[""0"", ""1"", ""2"", ""3""]","[0.2230099360633652, 0.726638958727967, 0.04985752228678975, 0.000493582921878002]","[0.6, 0.283333, 0.1, 0.016667]"
d1-omni,typed_agent_trace_observability,agent_trace_observability_000090,action,choice,0,0,"[""continue"", ""human_review"", ""observe"", ""stop""]","[0.5901000519954296, 0.1867060507788732, 0.2210955877243297, 0.002098309501367513]","[0.786667, 0.073333, 0.14, 0.0]"
d1-omni,typed_agent_trace_observability,agent_trace_observability_000090,needs_review,noul,0,0,"[""false"", ""true""]","[0.9928091872763222, 0.007190812723677829]","[0.893333, 0.106667]"
d1-omni,typed_agent_trace_observability,agent_trace_observability_000090,outcome,choice,3,3,"[""failure"", ""harmful"", ""partial"", ""success""]","[0.0581317743637982, 0.0004293465606798407, 0.10044268660759434, 0.8409961924679276]","[0.05, 0.0, 0.193333, 0.756667]"
d1-omni,typed_agent_trace_observability,agent_trace_observability_000090,risk,score,0,0,"[""0"", ""1"", ""2"", ""3""]","[0.9129783993754597, 0.08701896847074839, 1.944290266106962e-06, 6.878635257951188e-07]","[0.793333, 0.19, 0.016667, 0.0]"
d1-omni,typed_agent_trace_observability,agent_trace_observability_000090,urgency,score,0,1,"[""0"", ""1"", ""2"", ""3""]","[0.3752155840921372, 0.619230347393672, 0.00554908684969762, 4.981664493286234e-06]","[0.816667, 0.166667, 0.016667, 0.0]"
d1-omni,typed_agent_trace_observability,agent_trace_observability_000091,action,choice,1,1,"[""continue"", ""human_review"", ""observe"", ""stop""]","[0.023337354856690404, 0.8655253085795768, 0.09975250221452314, 0.01138483434920973]","[0.016667, 0.716667, 0.083333, 0.183333]"
d1-omni,typed_agent_trace_observability,agent_trace_observability_000091,needs_review,noul,1,1,"[""false"", ""true""]","[0.06899087086887733, 0.9310091291311225]","[0.073333, 0.926667]"
d1-omni,typed_agent_trace_observability,agent_trace_observability_000091,outcome,choice,1,2,"[""failure"", ""harmful"", ""partial"", ""success""]","[0.059735505900173375, 0.15105757072401818, 0.4643821360003446, 0.32482478737546383]","[0.1, 0.75, 0.133333, 0.016667]"
d1-omni,typed_agent_trace_observability,agent_trace_observability_000091,risk,score,3,3,"[""0"", ""1"", ""2"", ""3""]","[0.2888023754418805, 0.30923509900591806, 0.04742273520246654, 0.35453979034973493]","[0.0, 0.04, 0.276667, 0.683333]"
d1-omni,typed_agent_trace_observability,agent_trace_observability_000091,urgency,score,3,1,"[""0"", ""1"", ""2"", ""3""]","[0.07259772053094495, 0.35162676915881474, 0.2244919108942213, 0.35128359941601905]","[0.006667, 0.16, 0.4, 0.433333]"
d1-omni,typed_agent_trace_observability,agent_trace_observability_000092,action,choice,0,1,"[""continue"", ""human_review"", ""observe"", ""stop""]","[0.14736975548767792, 0.48085310128958847, 0.36164019365092487, 0.010136949571808588]","[0.5, 0.08, 0.416667, 0.003333]"
d1-omni,typed_agent_trace_observability,agent_trace_observability_000092,needs_review,noul,0,0,"[""false"", ""true""]","[0.7876047106649319, 0.21239528933506815]","[0.86, 0.14]"
d1-omni,typed_agent_trace_observability,agent_trace_observability_000092,outcome,choice,3,3,"[""failure"", ""harmful"", ""partial"", ""success""]","[0.03279038211790355, 0.001054045675403725, 0.33770302446215816, 0.6284525477445346]","[0.046667, 0.02, 0.466667, 0.466667]"
d1-omni,typed_agent_trace_observability,agent_trace_observability_000092,risk,score,2,0,"[""0"", ""1"", ""2"", ""3""]","[0.8445129390437475, 0.1551549191589212, 0.00025025778032006994, 8.188401701138567e-05]","[0.2, 0.383333, 0.383333, 0.033333]"
d1-omni,typed_agent_trace_observability,agent_trace_observability_000092,urgency,score,0,1,"[""0"", ""1"", ""2"", ""3""]","[0.3442618061854918, 0.5784686422580383, 0.06706485850539527, 0.010204693051074737]","[0.433333, 0.416667, 0.133333, 0.016667]"
d1-omni,typed_agent_trace_observability,agent_trace_observability_000093,action,choice,2,1,"[""continue"", ""human_review"", ""observe"", ""stop""]","[0.22351881945156157, 0.41373190391891296, 0.3579677064034504, 0.004781570226075137]","[0.2, 0.216667, 0.566667, 0.016667]"
d1-omni,typed_agent_trace_observability,agent_trace_observability_000093,needs_review,noul,0,0,"[""false"", ""true""]","[0.9099470101706998, 0.0900529898293002]","[0.683333, 0.316667]"
d1-omni,typed_agent_trace_observability,agent_trace_observability_000093,outcome,choice,3,2,"[""failure"", ""harmful"", ""partial"", ""success""]","[0.03742272291903713, 0.0014854468812653498, 0.6004436072700962, 0.3606482229296013]","[0.08, 0.003333, 0.366667, 0.55]"
d1-omni,typed_agent_trace_observability,agent_trace_observability_000093,risk,score,1,0,"[""0"", ""1"", ""2"", ""3""]","[0.8998917605285432, 0.09976440341059568, 0.00011624306011100686, 0.00022759300075015176]","[0.433333, 0.466667, 0.083333, 0.016667]"
d1-omni,typed_agent_trace_observability,agent_trace_observability_000093,urgency,score,1,0,"[""0"", ""1"", ""2"", ""3""]","[0.5119207427536709, 0.4687051806153044, 0.019354039039849714, 2.003759117502079e-05]","[0.4, 0.466667, 0.116667, 0.016667]"
d1-omni,typed_agent_trace_observability,agent_trace_observability_000094,action,choice,0,1,"[""continue"", ""human_review"", ""observe"", ""stop""]","[0.19306107286577523, 0.4212467888513429, 0.3679004905376906, 0.017791647745191194]","[0.483333, 0.266667, 0.183333, 0.066667]"
d1-omni,typed_agent_trace_observability,agent_trace_observability_000094,needs_review,noul,0,0,"[""false"", ""true""]","[0.8545208641902622, 0.1454791358097379]","[0.616667, 0.383333]"
d1-omni,typed_agent_trace_observability,agent_trace_observability_000094,outcome,choice,3,3,"[""failure"", ""harmful"", ""partial"", ""success""]","[0.009412792375328495, 0.00025779594082325915, 0.1818181582387308, 0.8085112534451174]","[0.383333, 0.0, 0.216667, 0.4]"
d1-omni,typed_agent_trace_observability,agent_trace_observability_000094,risk,score,0,0,"[""0"", ""1"", ""2"", ""3""]","[0.531401323734317, 0.45809655387297854, 0.0007119718504454357, 0.009790150542258904]","[0.733333, 0.233333, 0.033333, 0.0]"
d1-omni,typed_agent_trace_observability,agent_trace_observability_000094,urgency,score,0,1,"[""0"", ""1"", ""2"", ""3""]","[0.39186204156288046, 0.5958430116814314, 0.008940900273034569, 0.003354046482653561]","[0.566667, 0.366667, 0.066667, 0.0]"
d1-omni,typed_agent_trace_observability,agent_trace_observability_000095,action,choice,0,0,"[""continue"", ""human_review"", ""observe"", ""stop""]","[0.6509231454346328, 0.19620752493104932, 0.15191384279892736, 0.0009554868353905622]","[0.516667, 0.063333, 0.416667, 0.003333]"
d1-omni,typed_agent_trace_observability,agent_trace_observability_000095,needs_review,noul,0,0,"[""false"", ""true""]","[0.9908434070306507, 0.009156592969349342]","[0.91, 0.09]"
d1-omni,typed_agent_trace_observability,agent_trace_observability_000095,outcome,choice,3,3,"[""failure"", ""harmful"", ""partial"", ""success""]","[0.026628162318327122, 0.0004440670027975677, 0.24969768611634402, 0.7232300845625312]","[0.036667, 0.003333, 0.11, 0.85]"
d1-omni,typed_agent_trace_observability,agent_trace_observability_000095,risk,score,1,0,"[""0"", ""1"", ""2"", ""3""]","[0.7325611127416155, 0.2674186512164301, 1.3743890863675735e-05, 6.492151090644091e-06]","[0.3, 0.616667, 0.08, 0.003333]"
d1-omni,typed_agent_trace_observability,agent_trace_observability_000095,urgency,score,1,1,"[""0"", ""1"", ""2"", ""3""]","[0.20274912276941082, 0.7893117257388629, 0.00786767660007599, 7.147489165044163e-05]","[0.233333, 0.533333, 0.216667, 0.016667]"
d1-omni,typed_agent_trace_observability,agent_trace_observability_000096,action,choice,1,1,"[""continue"", ""human_review"", ""observe"", ""stop""]","[0.013443923680388969, 0.9188623928264791, 0.05966595105759914, 0.008027732435532873]","[0.016667, 0.483333, 0.116667, 0.383333]"
d1-omni,typed_agent_trace_observability,agent_trace_observability_000096,needs_review,noul,1,1,"[""false"", ""true""]","[0.03055986428837346, 0.9694401357116265]","[0.106667, 0.893333]"
d1-omni,typed_agent_trace_observability,agent_trace_observability_000096,outcome,choice,1,2,"[""failure"", ""harmful"", ""partial"", ""success""]","[0.04984369517097077, 0.2571133103388143, 0.4547871355418169, 0.23825585894839812]","[0.183333, 0.583333, 0.216667, 0.016667]"
d1-omni,typed_agent_trace_observability,agent_trace_observability_000096,risk,score,3,3,"[""0"", ""1"", ""2"", ""3""]","[0.264333640587293, 0.17608413461456549, 0.27432715084735576, 0.28525507395078575]","[0.0, 0.083333, 0.316667, 0.6]"
d1-omni,typed_agent_trace_observability,agent_trace_observability_000096,urgency,score,3,1,"[""0"", ""1"", ""2"", ""3""]","[0.15363161672918507, 0.41797100047052704, 0.0752038277610404, 0.35319355503924754]","[0.05, 0.133333, 0.383333, 0.433333]"
d1-omni,typed_agent_trace_observability,agent_trace_observability_000097,action,choice,1,1,"[""continue"", ""human_review"", ""observe"", ""stop""]","[0.2696487800956677, 0.41190003698170347, 0.3125166371556103, 0.005934545767018634]","[0.083333, 0.483333, 0.283333, 0.15]"
d1-omni,typed_agent_trace_observability,agent_trace_observability_000097,needs_review,noul,1,0,"[""false"", ""true""]","[0.6884684494093611, 0.31153155059063875]","[0.333333, 0.666667]"
d1-omni,typed_agent_trace_observability,agent_trace_observability_000097,outcome,choice,0,3,"[""failure"", ""harmful"", ""partial"", ""success""]","[0.023957528897991867, 0.0009811496818645307, 0.39121259991048746, 0.5838487215096562]","[0.626667, 0.006667, 0.276667, 0.09]"
d1-omni,typed_agent_trace_observability,agent_trace_observability_000097,risk,score,0,0,"[""0"", ""1"", ""2"", ""3""]","[0.885994261468872, 0.11396929747709852, 1.5327093018507096e-05, 2.111396101097997e-05]","[0.466667, 0.366667, 0.166667, 0.0]"
d1-omni,typed_agent_trace_observability,agent_trace_observability_000097,urgency,score,1,0,"[""0"", ""1"", ""2"", ""3""]","[0.5177510618608638, 0.4624689916485393, 0.019706331281699498, 7.361520889742863e-05]","[0.35, 0.416667, 0.216667, 0.016667]"
d1-omni,typed_agent_trace_observability,agent_trace_observability_000098,action,choice,2,2,"[""continue"", ""human_review"", ""observe"", ""stop""]","[0.2108550276060781, 0.2533481272462235, 0.5185057041241418, 0.01729114102355655]","[0.133333, 0.4, 0.4, 0.066667]"
d1-omni,typed_agent_trace_observability,agent_trace_observability_000098,needs_review,noul,1,0,"[""false"", ""true""]","[0.9127477494888498, 0.08725225051115015]","[0.41, 0.59]"
d1-omni,typed_agent_trace_observability,agent_trace_observability_000098,outcome,choice,2,3,"[""failure"", ""harmful"", ""partial"", ""success""]","[0.05306041388113785, 9.622476592842385e-05, 0.34667380844877843, 0.6001695529041554]","[0.36, 0.023333, 0.533333, 0.083333]"
d1-omni,typed_agent_trace_observability,agent_trace_observability_000098,risk,score,1,0,"[""0"", ""1"", ""2"", ""3""]","[0.8569450570491625, 0.1397217401045057, 0.00025838216425248486, 0.0030748206820792544]","[0.366667, 0.5, 0.116667, 0.016667]"
d1-omni,typed_agent_trace_observability,agent_trace_observability_000098,urgency,score,1,1,"[""0"", ""1"", ""2"", ""3""]","[0.25058434456061457, 0.6919700142761555, 0.05721091791661117, 0.00023472324661883128]","[0.133333, 0.566667, 0.266667, 0.033333]"
d1-omni,typed_agent_trace_observability,agent_trace_observability_000099,action,choice,1,1,"[""continue"", ""human_review"", ""observe"", ""stop""]","[0.05137644563585594, 0.697552737432563, 0.24582238347515548, 0.005248433456425522]","[0.166667, 0.433333, 0.3, 0.1]"
d1-omni,typed_agent_trace_observability,agent_trace_observability_000099,needs_review,noul,1,0,"[""false"", ""true""]","[0.6123096631311425, 0.3876903368688574]","[0.333333, 0.666667]"
d1-omni,typed_agent_trace_observability,agent_trace_observability_000099,outcome,choice,2,2,"[""failure"", ""harmful"", ""partial"", ""success""]","[0.03765542611802601, 0.005531771876337938, 0.5720235715282068, 0.38478923047742924]","[0.303333, 0.03, 0.4, 0.266667]"
d1-omni,typed_agent_trace_observability,agent_trace_observability_000099,risk,score,2,0,"[""0"", ""1"", ""2"", ""3""]","[0.7217524108562847, 0.26603702235551646, 0.009373928021654772, 0.002836638766543928]","[0.1, 0.216667, 0.583333, 0.1]"
d1-omni,typed_agent_trace_observability,agent_trace_observability_000099,urgency,score,1,0,"[""0"", ""1"", ""2"", ""3""]","[0.47356762952962567, 0.43755094696883756, 0.08358964884481827, 0.0052917746567185935]","[0.083333, 0.433333, 0.35, 0.133333]"
d1-omni,typed_customer_service,customer_service_000000,action,choice,0,0,"[""answer_directly"", ""close_no_action"", ""escalate_to_human"", ""execute_refund"", ""request_information""]","[0.5445417568867891, 0.002788574767760747, 0.25497244760247895, 0.017797290684154574, 0.17989993005881655]","[0.5, 0.023333, 0.336667, 0.04, 0.1]"
d1-omni,typed_customer_service,customer_service_000000,category,choice,2,2,"[""account"", ""billing"", ""delivery"", ""refund"", ""technical""]","[0.01224943267020365, 0.004825135961641325, 0.9788110930386114, 0.002488622519366218, 0.0016257158101774985]","[0.006667, 0.01, 0.923333, 0.046667, 0.013333]"
d1-omni,typed_customer_service,customer_service_000000,churn_risk,score,1,0,"[""0"", ""1"", ""2"", ""3""]","[0.8796756356030746, 0.012683418650185692, 0.10640458726049286, 0.0012363584862469404]","[0.1, 0.733333, 0.166667, 0.0]"
d1-omni,typed_customer_service,customer_service_000000,needs_human,noul,0,1,"[""false"", ""true""]","[0.1469421274866635, 0.8530578725133365]","[0.533333, 0.466667]"
d1-omni,typed_customer_service,customer_service_000000,urgency,score,1,1,"[""0"", ""1"", ""2"", ""3""]","[0.04763222974025235, 0.9345568613534693, 0.0037308457504762267, 0.014080063155802134]","[0.033333, 0.75, 0.2, 0.016667]"
d1-omni,typed_customer_service,customer_service_000001,action,choice,3,0,"[""answer_directly"", ""close_no_action"", ""escalate_to_human"", ""execute_refund"", ""request_information""]","[0.5963288298748067, 0.0001875593061679002, 0.24164555015833541, 0.008473013034704668, 0.1533650476259853]","[0.293333, 0.036667, 0.266667, 0.296667, 0.106667]"
d1-omni,typed_customer_service,customer_service_000001,category,choice,1,1,"[""account"", ""billing"", ""delivery"", ""refund"", ""technical""]","[0.00039461433413720944, 0.999312327249607, 2.144839584026517e-06, 0.00014460448985363595, 0.00014630908681790143]","[0.01, 0.88, 0.006667, 0.086667, 0.016667]"
d1-omni,typed_customer_service,customer_service_000001,churn_risk,score,1,0,"[""0"", ""1"", ""2"", ""3""]","[0.6583179689819307, 0.03368428988406391, 0.053200224609598445, 0.2547975165244069]","[0.066667, 0.5, 0.416667, 0.016667]"
d1-omni,typed_customer_service,customer_service_000001,needs_human,noul,1,1,"[""false"", ""true""]","[0.3670824017536667, 0.6329175982463333]","[0.443333, 0.556667]"
d1-omni,typed_customer_service,customer_service_000001,urgency,score,2,1,"[""0"", ""1"", ""2"", ""3""]","[0.0011791054916618204, 0.9952936060848719, 0.0007207733682764599, 0.0028065150551897376]","[0.0, 0.233333, 0.433333, 0.333333]"
d1-omni,typed_customer_service,customer_service_000002,action,choice,4,0,"[""answer_directly"", ""close_no_action"", ""escalate_to_human"", ""execute_refund"", ""request_information""]","[0.44963574433051645, 0.0006361298538641927, 0.33598150828929263, 0.0035204345486258637, 0.21022618297770093]","[0.283333, 0.01, 0.273333, 0.016667, 0.416667]"
d1-omni,typed_customer_service,customer_service_000002,category,choice,1,1,"[""account"", ""billing"", ""delivery"", ""refund"", ""technical""]","[0.00014883799780476776, 0.9998470970917265, 1.7395727104591176e-06, 9.384297984961371e-07, 1.3869079596858714e-06]","[0.026667, 0.966667, 0.001667, 0.001667, 0.003333]"
d1-omni,typed_customer_service,customer_service_000002,churn_risk,score,1,0,"[""0"", ""1"", ""2"", ""3""]","[0.9061081376213624, 0.08002992770441603, 0.013013595167407657, 0.0008483395068140622]","[0.166667, 0.65, 0.183333, 0.0]"
d1-omni,typed_customer_service,customer_service_000002,needs_human,noul,1,0,"[""false"", ""true""]","[0.6665781751964301, 0.3334218248035699]","[0.416667, 0.583333]"
d1-omni,typed_customer_service,customer_service_000002,urgency,score,1,1,"[""0"", ""1"", ""2"", ""3""]","[0.014553255171752228, 0.9850169209442232, 0.00024081008435696038, 0.00018901379966781984]","[0.066667, 0.65, 0.25, 0.033333]"
d1-omni,typed_customer_service,customer_service_000003,action,choice,4,0,"[""answer_directly"", ""close_no_action"", ""escalate_to_human"", ""execute_refund"", ""request_information""]","[0.6010891239102363, 0.00023597500225542578, 0.2673183979907137, 0.0036269485520381366, 0.12772955454475635]","[0.3, 0.016667, 0.21, 0.006667, 0.466667]"
d1-omni,typed_customer_service,customer_service_000003,category,choice,1,1,"[""account"", ""billing"", ""delivery"", ""refund"", ""technical""]","[0.024249096451161967, 0.9564072641553485, 0.00036892300188174097, 1.558837607709288e-05, 0.018959128015530832]","[0.01, 0.966667, 0.0, 0.0, 0.023333]"
d1-omni,typed_customer_service,customer_service_000003,churn_risk,score,2,2,"[""0"", ""1"", ""2"", ""3""]","[0.19873317628137868, 0.0004955048556564764, 0.7860049251799711, 0.014766393682993793]","[0.033333, 0.25, 0.55, 0.166667]"
d1-omni,typed_customer_service,customer_service_000003,needs_human,noul,1,1,"[""false"", ""true""]","[0.14333749919962036, 0.8566625008003798]","[0.45, 0.55]"
d1-omni,typed_customer_service,customer_service_000003,urgency,score,3,1,"[""0"", ""1"", ""2"", ""3""]","[0.01979656983886594, 0.6555722613246265, 0.040461566788540196, 0.2841696020479674]","[0.016667, 0.116667, 0.416667, 0.45]"
d1-omni,typed_customer_service,customer_service_000004,action,choice,0,0,"[""answer_directly"", ""close_no_action"", ""escalate_to_human"", ""execute_refund"", ""request_information""]","[0.7180975203176989, 0.00015405965326107009, 0.2134644981575135, 8.986219318545407e-05, 0.06819405967834107]","[0.853333, 0.0, 0.1, 0.0, 0.046667]"
d1-omni,typed_customer_service,customer_service_000004,category,choice,1,1,"[""account"", ""billing"", ""delivery"", ""refund"", ""technical""]","[0.00017874594708628403, 0.8140637216292115, 0.18558687485145484, 9.694953324938608e-08, 0.00017056062271421306]","[0.035, 0.96, 0.001667, 0.001667, 0.001667]"
d1-omni,typed_customer_service,customer_service_000004,churn_risk,score,2,2,"[""0"", ""1"", ""2"", ""3""]","[0.0005289916042137322, 6.699149952250274e-05, 0.9945395003474197, 0.004864516548844183]","[0.016667, 0.166667, 0.616667, 0.2]"
d1-omni,typed_customer_service,customer_service_000004,needs_human,noul,0,1,"[""false"", ""true""]","[0.14095595940960737, 0.8590440405903926]","[0.85, 0.15]"
d1-omni,typed_customer_service,customer_service_000004,urgency,score,1,1,"[""0"", ""1"", ""2"", ""3""]","[0.0060616459762198255, 0.8484298662672503, 0.04767851593583827, 0.09782997182069163]","[0.066667, 0.433333, 0.35, 0.15]"
d1-omni,typed_customer_service,customer_service_000005,action,choice,2,0,"[""answer_directly"", ""close_no_action"", ""escalate_to_human"", ""execute_refund"", ""request_information""]","[0.8015712742866133, 0.000457409647152302, 0.14072786218955557, 0.0015656372812581812, 0.05567781659542056]","[0.066667, 0.0, 0.583333, 0.0, 0.35]"
d1-omni,typed_customer_service,customer_service_000005,category,choice,1,1,"[""account"", ""billing"", ""delivery"", ""refund"", ""technical""]","[0.00032946836749377545, 0.999547448854801, 5.002711319098438e-06, 9.402626417787269e-05, 2.4053802208284177e-05]","[0.0, 0.93, 0.0, 0.066667, 0.003333]"
d1-omni,typed_customer_service,customer_service_000005,churn_risk,score,2,3,"[""0"", ""1"", ""2"", ""3""]","[0.1390386651831484, 0.00017810102123340065, 0.012388675261083788, 0.8483945585345344]","[0.033333, 0.133333, 0.6, 0.233333]"
d1-omni,typed_customer_service,customer_service_000005,needs_human,noul,1,1,"[""false"", ""true""]","[0.25851310584707865, 0.7414868941529212]","[0.183333, 0.816667]"
d1-omni,typed_customer_service,customer_service_000005,urgency,score,3,3,"[""0"", ""1"", ""2"", ""3""]","[1.1475095373256633e-05, 7.140039190817448e-05, 0.0002492118926698104, 0.9996679126200487]","[0.0, 0.033333, 0.283333, 0.683333]"
d1-omni,typed_customer_service,customer_service_000006,action,choice,2,4,"[""answer_directly"", ""close_no_action"", ""escalate_to_human"", ""execute_refund"", ""request_information""]","[0.13392461459918567, 0.0003329400175262881, 0.385236149441356, 0.0001641746591196121, 0.4803421212828124]","[0.106667, 0.02, 0.483333, 0.006667, 0.383333]"
d1-omni,typed_customer_service,customer_service_000006,category,choice,4,4,"[""account"", ""billing"", ""delivery"", ""refund"", ""technical""]","[0.0031808222991605655, 0.00033005861415288137, 2.7198898386713295e-05, 1.1950356026525385e-06, 0.9964607251526972]","[0.013333, 0.013333, 0.01, 0.01, 0.953333]"
d1-omni,typed_customer_service,customer_service_000006,churn_risk,score,2,2,"[""0"", ""1"", ""2"", ""3""]","[0.010921402869795828, 0.0017347800810976644, 0.9859980365316728, 0.0013457805174336588]","[0.033333, 0.3, 0.566667, 0.1]"
d1-omni,typed_customer_service,customer_service_000006,needs_human,noul,1,1,"[""false"", ""true""]","[0.20277840621870616, 0.7972215937812939]","[0.256667, 0.743333]"
d1-omni,typed_customer_service,customer_service_000006,urgency,score,2,1,"[""0"", ""1"", ""2"", ""3""]","[0.003464287512591696, 0.9165638667304219, 0.07915540875656694, 0.0008164370004193538]","[0.0, 0.166667, 0.566667, 0.266667]"
d1-omni,typed_customer_service,customer_service_000007,action,choice,2,2,"[""answer_directly"", ""close_no_action"", ""escalate_to_human"", ""execute_refund"", ""request_information""]","[0.2702208507370619, 0.001866643889135782, 0.48148562489788865, 0.21612373663192797, 0.03030314384398572]","[0.06, 0.006667, 0.533333, 0.35, 0.05]"
d1-omni,typed_customer_service,customer_service_000007,category,choice,3,3,"[""account"", ""billing"", ""delivery"", ""refund"", ""technical""]","[2.7910481322116635e-06, 2.8354249410132507e-05, 1.8194488604509113e-07, 0.9999686672418026, 5.51576908979149e-09]","[0.0, 0.133333, 0.0, 0.866667, 0.0]"
d1-omni,typed_customer_service,customer_service_000007,churn_risk,score,3,3,"[""0"", ""1"", ""2"", ""3""]","[0.00059934884735383, 1.5508631164229251e-06, 0.001095930100538927, 0.9983031701889908]","[0.003333, 0.013333, 0.1, 0.883333]"
d1-omni,typed_customer_service,customer_service_000007,needs_human,noul,1,1,"[""false"", ""true""]","[0.13864023087831961, 0.8613597691216804]","[0.25, 0.75]"
d1-omni,typed_customer_service,customer_service_000007,urgency,score,3,3,"[""0"", ""1"", ""2"", ""3""]","[0.00035352539417648837, 0.00010288178558768744, 0.00080922729800116, 0.9987343655222346]","[0.016667, 0.05, 0.4, 0.533333]"
d1-omni,typed_customer_service,customer_service_000008,action,choice,4,2,"[""answer_directly"", ""close_no_action"", ""escalate_to_human"", ""execute_refund"", ""request_information""]","[0.29375014024608803, 0.0004871779855710658, 0.619142233689165, 0.005446301779058293, 0.08117414630011754]","[0.116667, 0.023333, 0.426667, 0.0, 0.433333]"
d1-omni,typed_customer_service,customer_service_000008,category,choice,0,1,"[""account"", ""billing"", ""delivery"", ""refund"", ""technical""]","[0.017702058969928523, 0.9812404536007657, 1.8567702459380813e-06, 1.326975173239797e-06, 0.0010543036838864175]","[0.8, 0.143333, 0.005, 0.008333, 0.043333]"
d1-omni,typed_customer_service,customer_service_000008,churn_risk,score,1,0,"[""0"", ""1"", ""2"", ""3""]","[0.7955914926580442, 0.041836669937681606, 0.15666126826820775, 0.005910569136066445]","[0.083333, 0.45, 0.4, 0.066667]"
d1-omni,typed_customer_service,customer_service_000008,needs_human,noul,1,1,"[""false"", ""true""]","[0.16291205802021222, 0.8370879419797876]","[0.266667, 0.733333]"
d1-omni,typed_customer_service,customer_service_000008,urgency,score,2,2,"[""0"", ""1"", ""2"", ""3""]","[0.0011776270762592252, 0.014402580488362913, 0.9622862355218345, 0.0221335569135435]","[0.006667, 0.083333, 0.743333, 0.166667]"
d1-omni,typed_customer_service,customer_service_000009,action,choice,2,2,"[""answer_directly"", ""close_no_action"", ""escalate_to_human"", ""execute_refund"", ""request_information""]","[0.1667817906251635, 0.0003832769586044927, 0.6017784866541964, 0.002619223099853145, 0.2284372226621825]","[0.05, 0.006667, 0.55, 0.026667, 0.366667]"
d1-omni,typed_customer_service,customer_service_000009,category,choice,1,0,"[""account"", ""billing"", ""delivery"", ""refund"", ""technical""]","[0.6023853689248028, 0.12930850931436524, 5.7277655296694485e-05, 2.674083078266685e-05, 0.26822210327475254]","[0.083333, 0.466667, 0.003333, 0.013333, 0.433333]"
d1-omni,typed_customer_service,customer_service_000009,churn_risk,score,2,2,"[""0"", ""1"", ""2"", ""3""]","[0.02379497517679324, 0.0011437567818446633, 0.9280157735406741, 0.04704549450068803]","[0.006667, 0.093333, 0.516667, 0.383333]"
d1-omni,typed_customer_service,customer_service_000009,needs_human,noul,1,1,"[""false"", ""true""]","[0.29198928460512474, 0.7080107153948753]","[0.166667, 0.833333]"
d1-omni,typed_customer_service,customer_service_000009,urgency,score,2,2,"[""0"", ""1"", ""2"", ""3""]","[0.025102469726714087, 0.15377131136075023, 0.7688081617235113, 0.05231805718902424]","[0.0, 0.083333, 0.583333, 0.333333]"
d1-omni,typed_customer_service,customer_service_000010,action,choice,2,2,"[""answer_directly"", ""close_no_action"", ""escalate_to_human"", ""execute_refund"", ""request_information""]","[0.15936870719992535, 0.0006987466310433827, 0.6133136955857846, 0.0003313563835676233, 0.22628749419967897]","[0.083333, 0.033333, 0.616667, 0.0, 0.266667]"
d1-omni,typed_customer_service,customer_service_000010,category,choice,4,4,"[""account"", ""billing"", ""delivery"", ""refund"", ""technical""]","[0.007411006482358699, 0.005255189685825204, 0.003314406872457044, 7.687749247072687e-06, 0.984011709210112]","[0.01, 0.0, 0.01, 0.0, 0.98]"
d1-omni,typed_customer_service,customer_service_000010,churn_risk,score,2,2,"[""0"", ""1"", ""2"", ""3""]","[0.0008804122636353124, 6.749346744462352e-05, 0.9980851501320993, 0.0009669441368208583]","[0.0, 0.166667, 0.633333, 0.2]"
d1-omni,typed_customer_service,customer_service_000010,needs_human,noul,1,1,"[""false"", ""true""]","[0.24077460149110808, 0.7592253985088918]","[0.2, 0.8]"
d1-omni,typed_customer_service,customer_service_000010,urgency,score,2,1,"[""0"", ""1"", ""2"", ""3""]","[0.0034483381242004303, 0.9961603902420811, 0.00014916037724713692, 0.00024211125647138483]","[0.016667, 0.3, 0.466667, 0.216667]"
d1-omni,typed_customer_service,customer_service_000011,action,choice,4,2,"[""answer_directly"", ""close_no_action"", ""escalate_to_human"", ""execute_refund"", ""request_information""]","[0.3620137375151188, 0.0001479246676878494, 0.5974429085089957, 0.0025363976365076896, 0.03785903167168994]","[0.116667, 0.0, 0.4, 0.0, 0.483333]"
d1-omni,typed_customer_service,customer_service_000011,category,choice,1,1,"[""account"", ""billing"", ""delivery"", ""refund"", ""technical""]","[0.13723555812796331, 0.8622880295406626, 4.834112293796183e-05, 3.8913304845975245e-06, 0.00042417987795151775]","[0.076667, 0.923333, 0.0, 0.0, 0.0]"
d1-omni,typed_customer_service,customer_service_000011,churn_risk,score,2,0,"[""0"", ""1"", ""2"", ""3""]","[0.9245998442556256, 0.04062406670247838, 0.02243475195501994, 0.012341337086876134]","[0.016667, 0.316667, 0.55, 0.116667]"
d1-omni,typed_customer_service,customer_service_000011,needs_human,noul,1,0,"[""false"", ""true""]","[0.5765568824417951, 0.42344311755820474]","[0.366667, 0.633333]"
d1-omni,typed_customer_service,customer_service_000011,urgency,score,3,3,"[""0"", ""1"", ""2"", ""3""]","[4.3012713062632745e-06, 0.0009471357433256207, 0.00017865803086427625, 0.9988699049545038]","[0.0, 0.0, 0.133333, 0.866667]"
d1-omni,typed_customer_service,customer_service_000012,action,choice,2,4,"[""answer_directly"", ""close_no_action"", ""escalate_to_human"", ""execute_refund"", ""request_information""]","[0.373872882889599, 0.00023580827369227775, 0.1669615214443678, 0.004082974820923245, 0.4548468125714176]","[0.233333, 0.016667, 0.383333, 0.016667, 0.35]"
d1-omni,typed_customer_service,customer_service_000012,category,choice,1,1,"[""account"", ""billing"", ""delivery"", ""refund"", ""technical""]","[0.001700646935406619, 0.9982549449694981, 2.674293394917328e-06, 5.530336536410474e-06, 3.620346516401764e-05]","[0.023333, 0.963, 0.0, 0.006667, 0.007]"
d1-omni,typed_customer_service,customer_service_000012,churn_risk,score,2,0,"[""0"", ""1"", ""2"", ""3""]","[0.848583101855769, 0.09446746976762328, 0.03201562906308174, 0.02493379931352603]","[0.033333, 0.25, 0.616667, 0.1]"
d1-omni,typed_customer_service,customer_service_000012,needs_human,noul,1,1,"[""false"", ""true""]","[0.06779312432092531, 0.9322068756790748]","[0.24, 0.76]"
d1-omni,typed_customer_service,customer_service_000012,urgency,score,2,1,"[""0"", ""1"", ""2"", ""3""]","[0.001939155077722395, 0.9966898007865715, 0.0009450684437656335, 0.0004259756919401965]","[0.05, 0.266667, 0.583333, 0.1]"
d1-omni,typed_customer_service,customer_service_000013,action,choice,0,0,"[""answer_directly"", ""close_no_action"", ""escalate_to_human"", ""execute_refund"", ""request_information""]","[0.7035386963494367, 0.0002669137727007033, 0.25515500985120043, 8.446910958277732e-06, 0.04103093311570386]","[0.383333, 0.016667, 0.3, 0.0, 0.3]"
d1-omni,typed_customer_service,customer_service_000013,category,choice,0,0,"[""account"", ""billing"", ""delivery"", ""refund"", ""technical""]","[0.9982751264193022, 1.5540853653090965e-05, 7.830875316724966e-05, 1.8706463015632115e-06, 0.0016291533275759793]","[0.88, 0.106667, 0.003333, 0.003333, 0.006667]"
d1-omni,typed_customer_service,customer_service_000013,churn_risk,score,2,0,"[""0"", ""1"", ""2"", ""3""]","[0.9779245199353981, 0.01795509392424384, 0.0006734583198577562, 0.003446927820500379]","[0.233333, 0.3, 0.366667, 0.1]"
d1-omni,typed_customer_service,customer_service_000013,needs_human,noul,0,1,"[""false"", ""true""]","[0.24735059137449994, 0.7526494086255001]","[0.55, 0.45]"
d1-omni,typed_customer_service,customer_service_000013,urgency,score,2,1,"[""0"", ""1"", ""2"", ""3""]","[0.008776431710267655, 0.9909188485701212, 0.00021800377801529662, 8.671594159574023e-05]","[0.25, 0.233333, 0.4, 0.116667]"
d1-omni,typed_customer_service,customer_service_000014,action,choice,2,0,"[""answer_directly"", ""close_no_action"", ""escalate_to_human"", ""execute_refund"", ""request_information""]","[0.5723090878041247, 0.0024631403549430146, 0.23921548730140163, 0.0017466288658900986, 0.1842656556736406]","[0.15, 0.026667, 0.75, 0.006667, 0.066667]"
d1-omni,typed_customer_service,customer_service_000014,category,choice,0,0,"[""account"", ""billing"", ""delivery"", ""refund"", ""technical""]","[0.8973721248529205, 0.006932286273791107, 0.0004536756754461434, 1.0795200680777559e-05, 0.09523111799716144]","[0.55, 0.075, 0.003333, 0.005, 0.366667]"
d1-omni,typed_customer_service,customer_service_000014,churn_risk,score,1,0,"[""0"", ""1"", ""2"", ""3""]","[0.5925510274828376, 0.1113370190641556, 0.2634569059249252, 0.032655047528081564]","[0.1, 0.533333, 0.3, 0.066667]"
d1-omni,typed_customer_service,customer_service_000014,needs_human,noul,1,1,"[""false"", ""true""]","[0.16284544223878922, 0.8371545577612108]","[0.216667, 0.783333]"
d1-omni,typed_customer_service,customer_service_000014,urgency,score,3,3,"[""0"", ""1"", ""2"", ""3""]","[0.0033658401112659194, 0.033597764705085194, 0.037044334113719816, 0.925992061069929]","[0.003333, 0.046667, 0.233333, 0.716667]"
d1-omni,typed_customer_service,customer_service_000015,action,choice,2,4,"[""answer_directly"", ""close_no_action"", ""escalate_to_human"", ""execute_refund"", ""request_information""]","[0.186543588853193, 0.0004275934441463771, 0.12875836767902102, 3.9073559330221975e-06, 0.6842665426677065]","[0.033333, 0.016667, 0.783333, 0.0, 0.166667]"
d1-omni,typed_customer_service,customer_service_000015,category,choice,4,4,"[""account"", ""billing"", ""delivery"", ""refund"", ""technical""]","[2.3873818573469214e-05, 8.851564233292616e-06, 0.0001175110039517261, 3.249470839027884e-07, 0.9998494386661576]","[0.005, 0.005, 0.004167, 0.004167, 0.981667]"
d1-omni,typed_customer_service,customer_service_000015,churn_risk,score,1,1,"[""0"", ""1"", ""2"", ""3""]","[0.4001888626803627, 0.473383182487479, 0.12015851997878449, 0.006269434853373747]","[0.133333, 0.583333, 0.23, 0.053333]"
d1-omni,typed_customer_service,customer_service_000015,needs_human,noul,1,1,"[""false"", ""true""]","[0.1278838490014143, 0.8721161509985857]","[0.14, 0.86]"
d1-omni,typed_customer_service,customer_service_000015,urgency,score,3,3,"[""0"", ""1"", ""2"", ""3""]","[0.002802481177527018, 0.008598598271059138, 0.03374346285917006, 0.9548554576922439]","[0.033333, 0.066667, 0.333333, 0.566667]"
d1-omni,typed_customer_service,customer_service_000016,action,choice,0,0,"[""answer_directly"", ""close_no_action"", ""escalate_to_human"", ""execute_refund"", ""request_information""]","[0.8061816300936281, 0.0001808595646652309, 0.12804006921820846, 1.0923653284715658e-06, 0.06559634875816982]","[0.6, 0.01, 0.053333, 0.003333, 0.333333]"
d1-omni,typed_customer_service,customer_service_000016,category,choice,2,2,"[""account"", ""billing"", ""delivery"", ""refund"", ""technical""]","[0.0015331863451916773, 0.00033745466289047764, 0.9981101969320012, 4.9648501974851814e-08, 1.9112411414667466e-05]","[0.013333, 0.008333, 0.97, 0.003333, 0.005]"
d1-omni,typed_customer_service,customer_service_000016,churn_risk,score,0,0,"[""0"", ""1"", ""2"", ""3""]","[0.6839476919140937, 0.3158983803117017, 8.68304098658771e-05, 6.709736433867255e-05]","[0.593333, 0.35, 0.056667, 0.0]"
d1-omni,typed_customer_service,customer_service_000016,needs_human,noul,0,0,"[""false"", ""true""]","[0.9235233578175024, 0.07647664218249765]","[0.85, 0.15]"
d1-omni,typed_customer_service,customer_service_000016,urgency,score,2,3,"[""0"", ""1"", ""2"", ""3""]","[0.0003137929488606849, 0.12103213775480288, 0.051549392163260224, 0.8271046771330762]","[0.006667, 0.083333, 0.693333, 0.216667]"
d1-omni,typed_customer_service,customer_service_000017,action,choice,2,2,"[""answer_directly"", ""close_no_action"", ""escalate_to_human"", ""execute_refund"", ""request_information""]","[0.08322624131283585, 0.0008500825644320938, 0.8757478128099548, 0.0003213969874788057, 0.03985446632529832]","[0.03, 0.043333, 0.853333, 0.01, 0.063333]"
d1-omni,typed_customer_service,customer_service_000017,category,choice,4,4,"[""account"", ""billing"", ""delivery"", ""refund"", ""technical""]","[0.0007507826268634816, 0.002163991473988847, 2.1549125974966773e-05, 4.780881509487901e-05, 0.9970158679580777]","[0.013333, 0.016667, 0.013333, 0.013333, 0.943333]"
d1-omni,typed_customer_service,customer_service_000017,churn_risk,score,3,2,"[""0"", ""1"", ""2"", ""3""]","[8.924942793605165e-05, 4.986923368712759e-05, 0.9395477969794747, 0.06031308435890208]","[0.006667, 0.04, 0.153333, 0.8]"
d1-omni,typed_customer_service,customer_service_000017,needs_human,noul,1,1,"[""false"", ""true""]","[0.06419820936626253, 0.9358017906337375]","[0.113333, 0.886667]"
d1-omni,typed_customer_service,customer_service_000017,urgency,score,3,1,"[""0"", ""1"", ""2"", ""3""]","[0.35678984897920224, 0.4011497642571312, 0.07807073506680465, 0.163989651696862]","[0.01, 0.07, 0.22, 0.7]"
d1-omni,typed_customer_service,customer_service_000018,action,choice,2,2,"[""answer_directly"", ""close_no_action"", ""escalate_to_human"", ""execute_refund"", ""request_information""]","[0.1279921600544218, 1.7907377401966127e-05, 0.8498293221189985, 0.0016405575407707799, 0.020520052908406895]","[0.08, 0.01, 0.466667, 0.383333, 0.06]"
d1-omni,typed_customer_service,customer_service_000018,category,choice,1,1,"[""account"", ""billing"", ""delivery"", ""refund"", ""technical""]","[0.15309699083470046, 0.8462276071259224, 2.0806450155602044e-05, 0.0002495446407855901, 0.00040505094843605425]","[0.018333, 0.883333, 0.001667, 0.093333, 0.003333]"
d1-omni,typed_customer_service,customer_service_000018,churn_risk,score,3,3,"[""0"", ""1"", ""2"", ""3""]","[8.407236671096597e-07, 3.7667347508901184e-08, 0.0007208372429697552, 0.9992782843660155]","[0.003333, 0.026667, 0.1, 0.87]"
d1-omni,typed_customer_service,customer_service_000018,needs_human,noul,1,1,"[""false"", ""true""]","[0.06506810059241347, 0.9349318994075866]","[0.24, 0.76]"
d1-omni,typed_customer_service,customer_service_000018,urgency,score,3,3,"[""0"", ""1"", ""2"", ""3""]","[3.896003976936562e-06, 1.4588928943356303e-05, 0.0004627997308626352, 0.9995187153362171]","[0.003333, 0.036667, 0.15, 0.81]"
d1-omni,typed_customer_service,customer_service_000019,action,choice,2,2,"[""answer_directly"", ""close_no_action"", ""escalate_to_human"", ""execute_refund"", ""request_information""]","[0.3348778549463679, 0.0002891176658398826, 0.41493475827182075, 0.004657018859543645, 0.2452412502564278]","[0.15, 0.033333, 0.6, 0.05, 0.166667]"
d1-omni,typed_customer_service,customer_service_000019,category,choice,1,1,"[""account"", ""billing"", ""delivery"", ""refund"", ""technical""]","[0.0013559661556795616, 0.9983230330214504, 1.8673646153299275e-05, 7.923558643716709e-05, 0.00022309159027961183]","[0.026667, 0.933333, 0.003333, 0.026667, 0.01]"
d1-omni,typed_customer_service,customer_service_000019,churn_risk,score,2,2,"[""0"", ""1"", ""2"", ""3""]","[0.1753926510513502, 0.009386692941410845, 0.495759080172677, 0.3194615758345619]","[0.016667, 0.133333, 0.616667, 0.233333]"
d1-omni,typed_customer_service,customer_service_000019,needs_human,noul,1,1,"[""false"", ""true""]","[0.06394840328994424, 0.9360515967100559]","[0.25, 0.75]"
d1-omni,typed_customer_service,customer_service_000019,urgency,score,2,1,"[""0"", ""1"", ""2"", ""3""]","[0.0037725884247679104, 0.9923018437540083, 0.0002690484887718875, 0.003656519332452055]","[0.016667, 0.283333, 0.55, 0.15]"
d1-omni,typed_customer_service,customer_service_000020,action,choice,2,2,"[""answer_directly"", ""close_no_action"", ""escalate_to_human"", ""execute_refund"", ""request_information""]","[0.13328078372034827, 0.0054052993669092275, 0.4302355643330824, 0.006270257993005075, 0.42480809458665497]","[0.11, 0.053333, 0.7, 0.02, 0.116667]"
d1-omni,typed_customer_service,customer_service_000020,category,choice,4,4,"[""account"", ""billing"", ""delivery"", ""refund"", ""technical""]","[0.014656208812180846, 0.09932908822760521, 0.00017708051472035513, 9.478434074088584e-05, 0.8857428381047527]","[0.021667, 0.025, 0.013333, 0.013333, 0.926667]"
d1-omni,typed_customer_service,customer_service_000020,churn_risk,score,3,2,"[""0"", ""1"", ""2"", ""3""]","[0.0026255039145844043, 0.0001071049416704835, 0.9911509750334528, 0.00611641611029218]","[0.023333, 0.076667, 0.223333, 0.676667]"
d1-omni,typed_customer_service,customer_service_000020,needs_human,noul,1,1,"[""false"", ""true""]","[0.0031236447628512757, 0.9968763552371487]","[0.18, 0.82]"
d1-omni,typed_customer_service,customer_service_000020,urgency,score,2,2,"[""0"", ""1"", ""2"", ""3""]","[0.00037002529666799357, 0.06138368924772862, 0.821304600623424, 0.11694168483217944]","[0.033333, 0.08, 0.676667, 0.21]"
d1-omni,typed_customer_service,customer_service_000021,action,choice,4,4,"[""answer_directly"", ""close_no_action"", ""escalate_to_human"", ""execute_refund"", ""request_information""]","[0.07947124835879012, 7.736852743031457e-05, 0.33344476218639957, 4.19762600888391e-06, 0.5870024233013712]","[0.2, 0.033333, 0.25, 0.0, 0.516667]"
d1-omni,typed_customer_service,customer_service_000021,category,choice,4,4,"[""account"", ""billing"", ""delivery"", ""refund"", ""technical""]","[5.897779656450927e-05, 5.6378628452612144e-06, 3.905234134782522e-06, 8.627784721752105e-08, 0.9999313928286083]","[0.013333, 0.006667, 0.013333, 0.01, 0.956667]"
d1-omni,typed_customer_service,customer_service_000021,churn_risk,score,2,2,"[""0"", ""1"", ""2"", ""3""]","[0.0028143867170332348, 0.001740679593484998, 0.9683222735554483, 0.027122660134033572]","[0.033333, 0.3, 0.55, 0.116667]"
d1-omni,typed_customer_service,customer_service_000021,needs_human,noul,0,1,"[""false"", ""true""]","[0.27299255853652915, 0.727007441463471]","[0.616667, 0.383333]"
d1-omni,typed_customer_service,customer_service_000021,urgency,score,2,1,"[""0"", ""1"", ""2"", ""3""]","[0.11183693848668522, 0.8328511021095079, 0.03775448937150753, 0.01755747003229958]","[0.033333, 0.366667, 0.5, 0.1]"
d1-omni,typed_customer_service,customer_service_000022,action,choice,4,2,"[""answer_directly"", ""close_no_action"", ""escalate_to_human"", ""execute_refund"", ""request_information""]","[0.36006303933515627, 0.0004615312730484092, 0.3921110938061989, 3.278656722601952e-05, 0.24733154901837037]","[0.383333, 0.016667, 0.133333, 0.0, 0.466667]"
d1-omni,typed_customer_service,customer_service_000022,category,choice,0,0,"[""account"", ""billing"", ""delivery"", ""refund"", ""technical""]","[0.9727847849004886, 6.24035193623698e-05, 0.00016896894472139774, 9.738156326065767e-07, 0.026982868819794923]","[0.886667, 0.006667, 0.006667, 0.003333, 0.096667]"
d1-omni,typed_customer_service,customer_service_000022,churn_risk,score,1,0,"[""0"", ""1"", ""2"", ""3""]","[0.8981350127640779, 0.046953061130888714, 0.04192436282758521, 0.0129875632774483]","[0.033333, 0.583333, 0.333333, 0.05]"
d1-omni,typed_customer_service,customer_service_000022,needs_human,noul,0,0,"[""false"", ""true""]","[0.7439594142467643, 0.2560405857532356]","[0.7, 0.3]"
d1-omni,typed_customer_service,customer_service_000022,urgency,score,3,3,"[""0"", ""1"", ""2"", ""3""]","[0.00012898043450584653, 0.2053985757239197, 0.0024720083344697396, 0.7920004355071046]","[0.01, 0.073333, 0.266667, 0.65]"
d1-omni,typed_customer_service,customer_service_000023,action,choice,3,0,"[""answer_directly"", ""close_no_action"", ""escalate_to_human"", ""execute_refund"", ""request_information""]","[0.8439162096581486, 4.92919957313659e-05, 0.07786657643204119, 0.017912776507288748, 0.06025514540679014]","[0.216667, 0.0, 0.016667, 0.5, 0.266667]"
d1-omni,typed_customer_service,customer_service_000023,category,choice,1,1,"[""account"", ""billing"", ""delivery"", ""refund"", ""technical""]","[0.0003320840347489418, 0.9996430608758924, 7.321286035411026e-07, 3.385326230608945e-06, 2.0737634524589198e-05]","[0.0, 0.816667, 0.0, 0.183333, 0.0]"
d1-omni,typed_customer_service,customer_service_000023,churn_risk,score,1,0,"[""0"", ""1"", ""2"", ""3""]","[0.9760422748749921, 0.019443057564440844, 0.002520660765222155, 0.00199400679534494]","[0.083333, 0.533333, 0.35, 0.033333]"
d1-omni,typed_customer_service,customer_service_000023,needs_human,noul,0,0,"[""false"", ""true""]","[0.9419218595142241, 0.05807814048577588]","[0.666667, 0.333333]"
d1-omni,typed_customer_service,customer_service_000023,urgency,score,1,1,"[""0"", ""1"", ""2"", ""3""]","[0.015654583324953526, 0.9837665465737958, 0.00037395799891850137, 0.00020491210233217883]","[0.033333, 0.5, 0.383333, 0.083333]"
d1-omni,typed_customer_service,customer_service_000024,action,choice,2,2,"[""answer_directly"", ""close_no_action"", ""escalate_to_human"", ""execute_refund"", ""request_information""]","[0.29044538093520783, 0.0005005800962804269, 0.6795230827084566, 0.0027811270113143396, 0.026749829248740812]","[0.36, 0.016667, 0.516667, 0.0, 0.106667]"
d1-omni,typed_customer_service,customer_service_000024,category,choice,1,1,"[""account"", ""billing"", ""delivery"", ""refund"", ""technical""]","[0.002513581175742662, 0.9924965382996277, 0.004259074815542546, 3.8241328127954734e-05, 0.0006925643809590166]","[0.006667, 0.973333, 0.006667, 0.003333, 0.01]"
d1-omni,typed_customer_service,customer_service_000024,churn_risk,score,2,3,"[""0"", ""1"", ""2"", ""3""]","[0.07560523262466133, 0.0008236530230198802, 0.4008127651486289, 0.5227583492036899]","[0.0, 0.283333, 0.55, 0.166667]"
d1-omni,typed_customer_service,customer_service_000024,needs_human,noul,1,1,"[""false"", ""true""]","[0.11904921034083464, 0.8809507896591653]","[0.373333, 0.626667]"
d1-omni,typed_customer_service,customer_service_000024,urgency,score,3,3,"[""0"", ""1"", ""2"", ""3""]","[1.4390890067667318e-05, 0.0038977629234942406, 0.0004618987461373336, 0.9956259474403009]","[0.0, 0.0, 0.066667, 0.933333]"
d1-omni,typed_customer_service,customer_service_000025,action,choice,2,2,"[""answer_directly"", ""close_no_action"", ""escalate_to_human"", ""execute_refund"", ""request_information""]","[0.3809220263273483, 2.252239055737066e-05, 0.43227392202078907, 0.0006016444001494537, 0.18617988486115578]","[0.36, 0.016667, 0.533333, 0.0, 0.09]"
d1-omni,typed_customer_service,customer_service_000025,category,choice,0,0,"[""account"", ""billing"", ""delivery"", ""refund"", ""technical""]","[0.9980805523263478, 0.0014686594335035414, 5.369722440799296e-06, 1.8557268251931054e-06, 0.0004435627908826972]","[0.78, 0.2, 0.006667, 0.006667, 0.006667]"
d1-omni,typed_customer_service,customer_service_000025,churn_risk,score,2,2,"[""0"", ""1"", ""2"", ""3""]","[0.030722414054770105, 0.0001493923026958998, 0.9658326523389401, 0.0032955413035937755]","[0.006667, 0.193333, 0.583333, 0.216667]"
d1-omni,typed_customer_service,customer_service_000025,needs_human,noul,1,1,"[""false"", ""true""]","[0.41822164332200856, 0.5817783566779915]","[0.366667, 0.633333]"
d1-omni,typed_customer_service,customer_service_000025,urgency,score,2,1,"[""0"", ""1"", ""2"", ""3""]","[0.012340873791579658, 0.9803569106775584, 0.007283221800249593, 1.89937306124701e-05]","[0.05, 0.383333, 0.5, 0.066667]"
d1-omni,typed_customer_service,customer_service_000026,action,choice,3,2,"[""answer_directly"", ""close_no_action"", ""escalate_to_human"", ""execute_refund"", ""request_information""]","[0.2739872147577501, 0.00038515173693138915, 0.5037858414572027, 0.08029645655956251, 0.1415453354885532]","[0.1, 0.0, 0.333333, 0.416667, 0.15]"
d1-omni,typed_customer_service,customer_service_000026,category,choice,1,1,"[""account"", ""billing"", ""delivery"", ""refund"", ""technical""]","[0.0015256287484039191, 0.9311950089932192, 3.7522262134286566e-06, 0.06717615622240647, 9.945380975712424e-05]","[0.0, 0.88, 0.0, 0.116667, 0.003333]"
d1-omni,typed_customer_service,customer_service_000026,churn_risk,score,2,2,"[""0"", ""1"", ""2"", ""3""]","[0.0023890393916463867, 2.643635226584214e-05, 0.9969539597778944, 0.0006305644781934158]","[0.05, 0.233333, 0.616667, 0.1]"
d1-omni,typed_customer_service,customer_service_000026,needs_human,noul,0,1,"[""false"", ""true""]","[0.22815649451310568, 0.7718435054868943]","[0.516667, 0.483333]"
d1-omni,typed_customer_service,customer_service_000026,urgency,score,2,1,"[""0"", ""1"", ""2"", ""3""]","[0.0008537853865583435, 0.9986233353046897, 3.259162296560841e-05, 0.0004902876857862902]","[0.05, 0.216667, 0.6, 0.133333]"
d1-omni,typed_customer_service,customer_service_000027,action,choice,2,2,"[""answer_directly"", ""close_no_action"", ""escalate_to_human"", ""execute_refund"", ""request_information""]","[0.1909825922712901, 8.0633832810401e-05, 0.42537172919167526, 0.0013322249365345915, 0.3822328197676896]","[0.16, 0.016667, 0.633333, 0.016667, 0.173333]"
d1-omni,typed_customer_service,customer_service_000027,category,choice,0,0,"[""account"", ""billing"", ""delivery"", ""refund"", ""technical""]","[0.6340176869137223, 0.3631093372118975, 0.00010959006092311136, 2.3979892234383065e-05, 0.002739405921222873]","[0.493333, 0.34, 0.006667, 0.013333, 0.146667]"
d1-omni,typed_customer_service,customer_service_000027,churn_risk,score,2,2,"[""0"", ""1"", ""2"", ""3""]","[0.03551442424602013, 0.0030431948634586626, 0.9404007832039907, 0.0210415976865304]","[0.016667, 0.116667, 0.6, 0.266667]"
d1-omni,typed_customer_service,customer_service_000027,needs_human,noul,1,0,"[""false"", ""true""]","[0.5569418291403481, 0.4430581708596519]","[0.26, 0.74]"
d1-omni,typed_customer_service,customer_service_000027,urgency,score,2,1,"[""0"", ""1"", ""2"", ""3""]","[0.0019489223034289077, 0.9978049497913397, 0.00016505546225634924, 8.107244297489159e-05]","[0.016667, 0.266667, 0.55, 0.166667]"
d1-omni,typed_customer_service,customer_service_000028,action,choice,4,4,"[""answer_directly"", ""close_no_action"", ""escalate_to_human"", ""execute_refund"", ""request_information""]","[0.18351640068980357, 0.0011845895956253624, 0.3558375619689214, 0.0014400951083821593, 0.4580213526372676]","[0.133333, 0.013333, 0.09, 0.02, 0.743333]"
d1-omni,typed_customer_service,customer_service_000028,category,choice,2,2,"[""account"", ""billing"", ""delivery"", ""refund"", ""technical""]","[6.921297163849083e-05, 0.00010761875222796411, 0.99980242709233, 1.3706883094375985e-06, 1.9370495494153448e-05]","[0.019869, 0.009935, 0.933856, 0.026471, 0.009869]"
d1-omni,typed_customer_service,customer_service_000028,churn_risk,score,1,0,"[""0"", ""1"", ""2"", ""3""]","[0.869708041652664, 0.1210832034808591, 0.00803323300845148, 0.0011755218580253184]","[0.133333, 0.683333, 0.176667, 0.006667]"
d1-omni,typed_customer_service,customer_service_000028,needs_human,noul,0,0,"[""false"", ""true""]","[0.6501341459680824, 0.3498658540319175]","[0.723333, 0.276667]"
d1-omni,typed_customer_service,customer_service_000028,urgency,score,1,1,"[""0"", ""1"", ""2"", ""3""]","[0.04625904544255963, 0.947462942197394, 0.005700228978925342, 0.0005777833811209114]","[0.03, 0.67, 0.26, 0.04]"
d1-omni,typed_customer_service,customer_service_000029,action,choice,0,2,"[""answer_directly"", ""close_no_action"", ""escalate_to_human"", ""execute_refund"", ""request_information""]","[0.40962900852013107, 0.0005031352047987003, 0.5421405634705463, 0.0007012677768346771, 0.04702602502768916]","[0.643333, 0.03, 0.133333, 0.0, 0.193333]"
d1-omni,typed_customer_service,customer_service_000029,category,choice,0,1,"[""account"", ""billing"", ""delivery"", ""refund"", ""technical""]","[0.0065001829528455604, 0.9933937107741807, 4.838528303997929e-05, 1.297194193689496e-05, 4.474904799666108e-05]","[0.706667, 0.273333, 0.006667, 0.006667, 0.006667]"
d1-omni,typed_customer_service,customer_service_000029,churn_risk,score,3,3,"[""0"", ""1"", ""2"", ""3""]","[0.010631965558020234, 0.0001829330887760974, 0.0017458203393985127, 0.9874392810138051]","[0.006667, 0.033333, 0.083333, 0.876667]"
d1-omni,typed_customer_service,customer_service_000029,needs_human,noul,0,0,"[""false"", ""true""]","[0.5820159882600934, 0.4179840117399066]","[0.746667, 0.253333]"
d1-omni,typed_customer_service,customer_service_000029,urgency,score,2,1,"[""0"", ""1"", ""2"", ""3""]","[0.003535115915195498, 0.5509115343855391, 0.12857292821619196, 0.31698042148307354]","[0.016667, 0.266667, 0.55, 0.166667]"
d1-omni,typed_customer_service,customer_service_000030,action,choice,4,2,"[""answer_directly"", ""close_no_action"", ""escalate_to_human"", ""execute_refund"", ""request_information""]","[0.028517606346100847, 0.0005187597933230135, 0.8156922660133006, 0.01623298114725883, 0.13903838670001678]","[0.15, 0.0, 0.1, 0.033333, 0.716667]"
d1-omni,typed_customer_service,customer_service_000030,category,choice,2,2,"[""account"", ""billing"", ""delivery"", ""refund"", ""technical""]","[0.0015222582906438413, 0.03476505141364622, 0.960506121504902, 0.0002666035501941553, 0.0029399652406135782]","[0.0, 0.016667, 0.833333, 0.1, 0.05]"
d1-omni,typed_customer_service,customer_service_000030,churn_risk,score,1,0,"[""0"", ""1"", ""2"", ""3""]","[0.9515429105623707, 0.016149892056512655, 0.008345785110379698, 0.023961412270736924]","[0.366667, 0.483333, 0.15, 0.0]"
d1-omni,typed_customer_service,customer_service_000030,needs_human,noul,0,1,"[""false"", ""true""]","[0.42383063809169774, 0.5761693619083023]","[0.733333, 0.266667]"
d1-omni,typed_customer_service,customer_service_000030,urgency,score,1,1,"[""0"", ""1"", ""2"", ""3""]","[0.11094604003916685, 0.876073537165673, 0.012350924099091443, 0.000629498696068766]","[0.05, 0.55, 0.3, 0.1]"
d1-omni,typed_customer_service,customer_service_000031,action,choice,4,0,"[""answer_directly"", ""close_no_action"", ""escalate_to_human"", ""execute_refund"", ""request_information""]","[0.6279906060849365, 0.0005216616684628146, 0.18738678040732812, 1.788249995635494e-06, 0.18409916358927692]","[0.333333, 0.016667, 0.266667, 0.0, 0.383333]"
d1-omni,typed_customer_service,customer_service_000031,category,choice,4,4,"[""account"", ""billing"", ""delivery"", ""refund"", ""technical""]","[0.0005801659846139922, 0.0002101221938907773, 0.0002334943754989035, 7.972952571062289e-07, 0.9989754201507391]","[0.01, 0.003333, 0.013333, 0.003333, 0.97]"
d1-omni,typed_customer_service,customer_service_000031,churn_risk,score,1,2,"[""0"", ""1"", ""2"", ""3""]","[0.05325761682352125, 0.019823319117948327, 0.6412516235147758, 0.28566744054375465]","[0.05, 0.433333, 0.433333, 0.083333]"
d1-omni,typed_customer_service,customer_service_000031,needs_human,noul,0,0,"[""false"", ""true""]","[0.6960616601343672, 0.30393833986563273]","[0.566667, 0.433333]"
d1-omni,typed_customer_service,customer_service_000031,urgency,score,1,1,"[""0"", ""1"", ""2"", ""3""]","[0.02623758644660139, 0.9542667078296452, 0.017341993693348153, 0.0021537120304050326]","[0.033333, 0.466667, 0.416667, 0.083333]"
d1-omni,typed_customer_service,customer_service_000032,action,choice,3,0,"[""answer_directly"", ""close_no_action"", ""escalate_to_human"", ""execute_refund"", ""request_information""]","[0.5063370456345894, 8.408539028935673e-05, 0.4165014934391315, 0.05867003680235871, 0.018407338733630988]","[0.133333, 0.016667, 0.216667, 0.35, 0.283333]"
d1-omni,typed_customer_service,customer_service_000032,category,choice,3,3,"[""account"", ""billing"", ""delivery"", ""refund"", ""technical""]","[0.000688193489110192, 0.001442746818915174, 4.068242489895914e-06, 0.9978584137858262, 6.577663658402077e-06]","[0.0, 0.03, 0.0, 0.97, 0.0]"
d1-omni,typed_customer_service,customer_service_000032,churn_risk,score,2,0,"[""0"", ""1"", ""2"", ""3""]","[0.9493395932370755, 0.03117919564258409, 0.002661297569839112, 0.016819913550501202]","[0.033333, 0.233333, 0.6, 0.133333]"
d1-omni,typed_customer_service,customer_service_000032,needs_human,noul,1,0,"[""false"", ""true""]","[0.7843190471173227, 0.21568095288267733]","[0.433333, 0.566667]"
d1-omni,typed_customer_service,customer_service_000032,urgency,score,2,3,"[""0"", ""1"", ""2"", ""3""]","[8.276817874309308e-05, 0.01732305845701099, 0.0004527150763693848, 0.9821414582878766]","[0.0, 0.116667, 0.7, 0.183333]"
d1-omni,typed_customer_service,customer_service_000033,action,choice,0,2,"[""answer_directly"", ""close_no_action"", ""escalate_to_human"", ""execute_refund"", ""request_information""]","[0.3996632657313978, 0.00031142257968059747, 0.4351031893652685, 0.04508246434612184, 0.1198396579775313]","[0.466667, 0.01, 0.12, 0.036667, 0.366667]"
d1-omni,typed_customer_service,customer_service_000033,category,choice,2,2,"[""account"", ""billing"", ""delivery"", ""refund"", ""technical""]","[0.02975227355854676, 0.17146349291558458, 0.7912922519192671, 0.004742098612250458, 0.0027498829943511005]","[0.023333, 0.013333, 0.866667, 0.086667, 0.01]"
d1-omni,typed_customer_service,customer_service_000033,churn_risk,score,1,0,"[""0"", ""1"", ""2"", ""3""]","[0.8216831608278945, 0.0005251277393986041, 0.030759489166679876, 0.1470322222660271]","[0.2, 0.533333, 0.266667, 0.0]"
d1-omni,typed_customer_service,customer_service_000033,needs_human,noul,0,1,"[""false"", ""true""]","[0.442275127587579, 0.5577248724124211]","[0.7, 0.3]"
d1-omni,typed_customer_service,customer_service_000033,urgency,score,2,3,"[""0"", ""1"", ""2"", ""3""]","[0.03129384515989388, 0.24422968048800636, 0.03279567318738067, 0.6916808011647191]","[0.016667, 0.183333, 0.583333, 0.216667]"
d1-omni,typed_customer_service,customer_service_000034,action,choice,2,0,"[""answer_directly"", ""close_no_action"", ""escalate_to_human"", ""execute_refund"", ""request_information""]","[0.5080537743544467, 0.00013548356369565942, 0.05912823826051956, 0.00023778122875543178, 0.43244472259258265]","[0.116667, 0.006667, 0.616667, 0.043333, 0.216667]"
d1-omni,typed_customer_service,customer_service_000034,category,choice,2,2,"[""account"", ""billing"", ""delivery"", ""refund"", ""technical""]","[0.00023621536589771633, 1.9927236413656085e-05, 0.9949489616956926, 1.3171103802601692e-05, 0.004781724598193437]","[0.016667, 0.01, 0.733333, 0.073333, 0.166667]"
d1-omni,typed_customer_service,customer_service_000034,churn_risk,score,2,2,"[""0"", ""1"", ""2"", ""3""]","[0.20770653596569258, 0.014413387839253855, 0.7130309074651529, 0.0648491687299008]","[0.0, 0.1, 0.5, 0.4]"
d1-omni,typed_customer_service,customer_service_000034,needs_human,noul,1,1,"[""false"", ""true""]","[0.09117961898348906, 0.9088203810165109]","[0.2, 0.8]"
d1-omni,typed_customer_service,customer_service_000034,urgency,score,3,1,"[""0"", ""1"", ""2"", ""3""]","[0.011329926971686236, 0.38862066201706574, 0.24895978332131927, 0.3510896276899287]","[0.0, 0.033333, 0.233333, 0.733333]"
d1-omni,typed_customer_service,customer_service_000035,action,choice,4,2,"[""answer_directly"", ""close_no_action"", ""escalate_to_human"", ""execute_refund"", ""request_information""]","[0.039244179442911406, 0.0001218931829617415, 0.8598148095424255, 0.007409856747773791, 0.09340926108392751]","[0.066667, 0.026667, 0.406667, 0.04, 0.46]"
d1-omni,typed_customer_service,customer_service_000035,category,choice,1,1,"[""account"", ""billing"", ""delivery"", ""refund"", ""technical""]","[0.031236318664045554, 0.9632303061615493, 3.4487417875170448e-06, 0.004799610413620642, 0.0007303160189968553]","[0.016667, 0.846667, 0.01, 0.11, 0.016667]"
d1-omni,typed_customer_service,customer_service_000035,churn_risk,score,2,3,"[""0"", ""1"", ""2"", ""3""]","[0.031284140267458245, 0.02707416212027005, 0.4570312015066191, 0.48461049610565265]","[0.066667, 0.35, 0.533333, 0.05]"
d1-omni,typed_customer_service,customer_service_000035,needs_human,noul,1,1,"[""false"", ""true""]","[0.15733097912144947, 0.8426690208785504]","[0.256667, 0.743333]"
d1-omni,typed_customer_service,customer_service_000035,urgency,score,2,1,"[""0"", ""1"", ""2"", ""3""]","[0.0005046395672479856, 0.9942884651737344, 0.002562772758360482, 0.0026441225006571473]","[0.016667, 0.15, 0.45, 0.383333]"
d1-omni,typed_customer_service,customer_service_000036,action,choice,0,2,"[""answer_directly"", ""close_no_action"", ""escalate_to_human"", ""execute_refund"", ""request_information""]","[0.01708055213857307, 0.0015398579875943162, 0.681946861288086, 0.21568710305898559, 0.0837456255267612]","[0.783333, 0.033333, 0.066667, 0.0, 0.116667]"
d1-omni,typed_customer_service,customer_service_000036,category,choice,0,0,"[""account"", ""billing"", ""delivery"", ""refund"", ""technical""]","[0.5729348647802599, 0.4191680791875092, 7.0764344201771015e-06, 0.007669838249771054, 0.0002201413480395777]","[0.9, 0.083333, 0.006667, 0.003333, 0.006667]"
d1-omni,typed_customer_service,customer_service_000036,churn_risk,score,3,0,"[""0"", ""1"", ""2"", ""3""]","[0.5217787929697204, 0.0008424277853828088, 0.01510841142099173, 0.46227036782390507]","[0.0, 0.016667, 0.1, 0.883333]"
d1-omni,typed_customer_service,customer_service_000036,needs_human,noul,0,0,"[""false"", ""true""]","[0.5506979682290214, 0.44930203177097855]","[0.856667, 0.143333]"
d1-omni,typed_customer_service,customer_service_000036,urgency,score,2,3,"[""0"", ""1"", ""2"", ""3""]","[0.001198058535473744, 0.24782786343056515, 0.013981486886987806, 0.7369925911469734]","[0.0, 0.1, 0.466667, 0.433333]"
d1-omni,typed_customer_service,customer_service_000037,action,choice,2,4,"[""answer_directly"", ""close_no_action"", ""escalate_to_human"", ""execute_refund"", ""request_information""]","[0.15850709600218613, 9.548829416392119e-05, 0.34858609602083074, 2.452342962908486e-05, 0.4927867962531903]","[0.1, 0.1, 0.566667, 0.133333, 0.1]"
d1-omni,typed_customer_service,customer_service_000037,category,choice,2,2,"[""account"", ""billing"", ""delivery"", ""refund"", ""technical""]","[0.0004654624655109432, 0.00012478909119686117, 0.9993956398195063, 1.8010030972454254e-06, 1.2307620688579993e-05]","[0.0, 0.0, 1.0, 0.0, 0.0]"
d1-omni,typed_customer_service,customer_service_000037,churn_risk,score,2,2,"[""0"", ""1"", ""2"", ""3""]","[0.19322199741589297, 0.001782991379162967, 0.7900077736071022, 0.014987237597841895]","[0.016667, 0.216667, 0.666667, 0.1]"
d1-omni,typed_customer_service,customer_service_000037,needs_human,noul,1,1,"[""false"", ""true""]","[0.027663971195359273, 0.9723360288046407]","[0.266667, 0.733333]"
d1-omni,typed_customer_service,customer_service_000037,urgency,score,1,1,"[""0"", ""1"", ""2"", ""3""]","[0.0004357430304762294, 0.9862469895806799, 0.01324154663482158, 7.572075402234626e-05]","[0.05, 0.45, 0.416667, 0.083333]"
d1-omni,typed_customer_service,customer_service_000038,action,choice,4,4,"[""answer_directly"", ""close_no_action"", ""escalate_to_human"", ""execute_refund"", ""request_information""]","[0.102270656425698, 0.00023514045252774854, 0.16697717277839766, 0.00012586158060524846, 0.7303911687627713]","[0.183333, 0.016667, 0.133333, 0.0, 0.666667]"
d1-omni,typed_customer_service,customer_service_000038,category,choice,0,0,"[""account"", ""billing"", ""delivery"", ""refund"", ""technical""]","[0.8931007636332493, 6.870339534801337e-05, 4.648703078251933e-05, 1.1061575932513233e-06, 0.1067829397830268]","[0.91633, 0.003333, 0.003333, 0.003333, 0.07367]"
d1-omni,typed_customer_service,customer_service_000038,churn_risk,score,1,2,"[""0"", ""1"", ""2"", ""3""]","[0.07730862765727155, 0.009752205712869933, 0.5623817288149521, 0.3505574378149064]","[0.333333, 0.5, 0.166667, 0.0]"
d1-omni,typed_customer_service,customer_service_000038,needs_human,noul,0,1,"[""false"", ""true""]","[0.06963654808078201, 0.930363451919218]","[0.783333, 0.216667]"
d1-omni,typed_customer_service,customer_service_000038,urgency,score,1,1,"[""0"", ""1"", ""2"", ""3""]","[0.10125821259232903, 0.8954810701858306, 0.0028501189449510727, 0.0004105982768894839]","[0.133333, 0.416667, 0.383333, 0.066667]"
d1-omni,typed_customer_service,customer_service_000039,action,choice,4,4,"[""answer_directly"", ""close_no_action"", ""escalate_to_human"", ""execute_refund"", ""request_information""]","[0.16354427136657682, 0.002191494655549492, 0.3140108039932693, 3.083094624270735e-06, 0.5202503468899802]","[0.216667, 0.02, 0.04, 0.013333, 0.71]"
d1-omni,typed_customer_service,customer_service_000039,category,choice,4,4,"[""account"", ""billing"", ""delivery"", ""refund"", ""technical""]","[0.0021692694144184676, 0.0002313345154191207, 0.00010106257189009668, 8.574508772926818e-07, 0.997497476047395]","[0.003333, 0.005, 0.008333, 0.003333, 0.98]"
d1-omni,typed_customer_service,customer_service_000039,churn_risk,score,1,2,"[""0"", ""1"", ""2"", ""3""]","[0.42221359320651136, 0.10306450536310917, 0.45474193334416013, 0.019979968086219227]","[0.116667, 0.566667, 0.25, 0.066667]"
d1-omni,typed_customer_service,customer_service_000039,needs_human,noul,0,0,"[""false"", ""true""]","[0.53825517954152, 0.46174482045848]","[0.716667, 0.283333]"
d1-omni,typed_customer_service,customer_service_000039,urgency,score,1,1,"[""0"", ""1"", ""2"", ""3""]","[0.0002640895686918094, 0.9990587582689585, 0.00044226630838537537, 0.000234885853964288]","[0.133333, 0.566667, 0.25, 0.05]"
d1-omni,typed_customer_service,customer_service_000040,action,choice,2,0,"[""answer_directly"", ""close_no_action"", ""escalate_to_human"", ""execute_refund"", ""request_information""]","[0.6051038103857063, 0.00047892986455541316, 0.36083918995013653, 0.0007161553400360072, 0.03286191445956573]","[0.476667, 0.0, 0.476667, 0.0, 0.046667]"
d1-omni,typed_customer_service,customer_service_000040,category,choice,1,1,"[""account"", ""billing"", ""delivery"", ""refund"", ""technical""]","[0.0031035100889039574, 0.98178244465131, 0.014441865964122821, 3.423181077227299e-07, 0.0006718369775555246]","[0.003333, 0.943333, 0.001667, 0.001667, 0.05]"
d1-omni,typed_customer_service,customer_service_000040,churn_risk,score,2,2,"[""0"", ""1"", ""2"", ""3""]","[0.0003595099172338691, 3.383383281154516e-05, 0.9969708886017107, 0.002635767648243922]","[0.0, 0.133333, 0.566667, 0.3]"
d1-omni,typed_customer_service,customer_service_000040,needs_human,noul,1,1,"[""false"", ""true""]","[0.2235465249054421, 0.776453475094558]","[0.3, 0.7]"
d1-omni,typed_customer_service,customer_service_000040,urgency,score,3,3,"[""0"", ""1"", ""2"", ""3""]","[3.821337490709626e-06, 0.010331407041602937, 0.03853606323551577, 0.9511287083853905]","[0.0, 0.033333, 0.066667, 0.9]"
d1-omni,typed_customer_service,customer_service_000041,action,choice,2,2,"[""answer_directly"", ""close_no_action"", ""escalate_to_human"", ""execute_refund"", ""request_information""]","[0.015026602607244076, 0.00016116370051315283, 0.9648102382271713, 0.00640005244913657, 0.013601943015934852]","[0.123333, 0.0, 0.716667, 0.0, 0.16]"
d1-omni,typed_customer_service,customer_service_000041,category,choice,4,4,"[""account"", ""billing"", ""delivery"", ""refund"", ""technical""]","[0.0014824459692416002, 0.010549679326197858, 3.7173752265205774e-07, 3.499504227606493e-06, 0.9879640034628103]","[0.04, 0.033333, 0.0, 0.01, 0.916667]"
d1-omni,typed_customer_service,customer_service_000041,churn_risk,score,3,3,"[""0"", ""1"", ""2"", ""3""]","[0.00032894987737558005, 1.0740588861039522e-05, 0.11722867023637783, 0.8824316392973854]","[0.033333, 0.066667, 0.25, 0.65]"
d1-omni,typed_customer_service,customer_service_000041,needs_human,noul,1,1,"[""false"", ""true""]","[0.24912737519823192, 0.7508726248017681]","[0.123333, 0.876667]"
d1-omni,typed_customer_service,customer_service_000041,urgency,score,3,2,"[""0"", ""1"", ""2"", ""3""]","[0.001834057683065822, 0.0005092993019760253, 0.8015995371089867, 0.19605710590597156]","[0.033333, 0.09, 0.31, 0.566667]"
d1-omni,typed_customer_service,customer_service_000042,action,choice,2,2,"[""answer_directly"", ""close_no_action"", ""escalate_to_human"", ""execute_refund"", ""request_information""]","[0.056605168536139706, 7.662133631945044e-05, 0.7337085197463571, 0.0016446478204854495, 0.20796504256069828]","[0.066667, 0.0, 0.683333, 0.116667, 0.133333]"
d1-omni,typed_customer_service,customer_service_000042,category,choice,1,0,"[""account"", ""billing"", ""delivery"", ""refund"", ""technical""]","[0.6627666695543634, 0.2961906444970666, 0.00017332266620867013, 0.009444634084632288, 0.031424729197729144]","[0.006667, 0.81, 0.0, 0.183333, 0.0]"
d1-omni,typed_customer_service,customer_service_000042,churn_risk,score,3,3,"[""0"", ""1"", ""2"", ""3""]","[0.023011492911289476, 0.0005113776102200781, 0.24933726446948043, 0.7271398650090101]","[0.0, 0.116667, 0.4, 0.483333]"
d1-omni,typed_customer_service,customer_service_000042,needs_human,noul,1,1,"[""false"", ""true""]","[0.17532620581083427, 0.8246737941891658]","[0.183333, 0.816667]"
d1-omni,typed_customer_service,customer_service_000042,urgency,score,3,3,"[""0"", ""1"", ""2"", ""3""]","[0.0002994037123530204, 0.20627160113381135, 0.33220626321619534, 0.46122273193764035]","[0.0, 0.083333, 0.416667, 0.5]"
d1-omni,typed_customer_service,customer_service_000043,action,choice,4,2,"[""answer_directly"", ""close_no_action"", ""escalate_to_human"", ""execute_refund"", ""request_information""]","[0.13354626081064047, 0.0003039168222146591, 0.8192692260397086, 0.004050510009719057, 0.04283008631771732]","[0.116667, 0.016667, 0.233333, 0.266667, 0.366667]"
d1-omni,typed_customer_service,customer_service_000043,category,choice,1,1,"[""account"", ""billing"", ""delivery"", ""refund"", ""technical""]","[0.06861050875806714, 0.927912781373709, 2.3863115617268728e-05, 0.0002281827218258342, 0.0032246640307805785]","[0.216667, 0.766667, 0.0, 0.0, 0.016667]"
d1-omni,typed_customer_service,customer_service_000043,churn_risk,score,2,2,"[""0"", ""1"", ""2"", ""3""]","[0.01430301727393026, 0.007746098984909233, 0.9378370751407935, 0.04011380860036689]","[0.0, 0.15, 0.6, 0.25]"
d1-omni,typed_customer_service,customer_service_000043,needs_human,noul,1,1,"[""false"", ""true""]","[0.24553704354184872, 0.7544629564581513]","[0.266667, 0.733333]"
d1-omni,typed_customer_service,customer_service_000043,urgency,score,2,1,"[""0"", ""1"", ""2"", ""3""]","[0.0034972712121962733, 0.9849669075307067, 0.010279050702936736, 0.0012567705541602586]","[0.016667, 0.183333, 0.6, 0.2]"
d1-omni,typed_customer_service,customer_service_000044,action,choice,2,2,"[""answer_directly"", ""close_no_action"", ""escalate_to_human"", ""execute_refund"", ""request_information""]","[0.3631361091119517, 6.833404966390777e-05, 0.5211853751799023, 5.38459428250823e-05, 0.11555633571565702]","[0.083333, 0.0, 0.566667, 0.0, 0.35]"
d1-omni,typed_customer_service,customer_service_000044,category,choice,4,2,"[""account"", ""billing"", ""delivery"", ""refund"", ""technical""]","[0.0009144699844032123, 3.2221750239324647e-05, 0.9872903695427402, 1.942641449994074e-06, 0.011760996081167267]","[0.0, 0.0, 0.083333, 0.016667, 0.9]"
d1-omni,typed_customer_service,customer_service_000044,churn_risk,score,2,0,"[""0"", ""1"", ""2"", ""3""]","[0.7374930190361744, 0.0009919611053763324, 0.18393548124544482, 0.07757953861300436]","[0.083333, 0.366667, 0.433333, 0.116667]"
d1-omni,typed_customer_service,customer_service_000044,needs_human,noul,1,1,"[""false"", ""true""]","[0.010621665848421955, 0.989378334151578]","[0.2, 0.8]"
d1-omni,typed_customer_service,customer_service_000044,urgency,score,2,3,"[""0"", ""1"", ""2"", ""3""]","[0.00016158440139474664, 0.008287701418410906, 0.14017582235410148, 0.8513748918260928]","[0.0, 0.066667, 0.633333, 0.3]"
d1-omni,typed_customer_service,customer_service_000045,action,choice,0,0,"[""answer_directly"", ""close_no_action"", ""escalate_to_human"", ""execute_refund"", ""request_information""]","[0.7627636567775827, 6.900347827932636e-05, 0.1939902085065114, 5.0287212115710896e-05, 0.04312684402551066]","[0.896667, 0.013333, 0.016667, 0.003333, 0.07]"
d1-omni,typed_customer_service,customer_service_000045,category,choice,1,1,"[""account"", ""billing"", ""delivery"", ""refund"", ""technical""]","[0.00037109351778217653, 0.9993804825576206, 0.00024336897494376804, 3.986062260455281e-09, 5.050963591250722e-06]","[0.005, 0.973333, 0.01, 0.006667, 0.005]"
d1-omni,typed_customer_service,customer_service_000045,churn_risk,score,0,0,"[""0"", ""1"", ""2"", ""3""]","[0.807664173342712, 0.08546037920147992, 0.007351673140516654, 0.09952377431529155]","[0.896667, 0.09, 0.013333, 0.0]"
d1-omni,typed_customer_service,customer_service_000045,needs_human,noul,0,0,"[""false"", ""true""]","[0.50146482647647, 0.49853517352352994]","[0.92, 0.08]"
d1-omni,typed_customer_service,customer_service_000045,urgency,score,3,3,"[""0"", ""1"", ""2"", ""3""]","[1.1807354985729428e-05, 0.05111175930533433, 5.721681746850732e-05, 0.9488192165222115]","[0.003333, 0.03, 0.116667, 0.85]"
d1-omni,typed_customer_service,customer_service_000046,action,choice,2,2,"[""answer_directly"", ""close_no_action"", ""escalate_to_human"", ""execute_refund"", ""request_information""]","[0.3255190440276557, 0.0009645322646095874, 0.39236338625978473, 0.007239216002523036, 0.2739138214454268]","[0.016667, 0.0, 0.6, 0.3, 0.083333]"
d1-omni,typed_customer_service,customer_service_000046,category,choice,1,1,"[""account"", ""billing"", ""delivery"", ""refund"", ""technical""]","[8.59760377030625e-05, 0.9998858823999337, 3.943374141173931e-06, 7.660673103580873e-06, 1.6537515118412055e-05]","[0.0, 0.916667, 0.0, 0.083333, 0.0]"
d1-omni,typed_customer_service,customer_service_000046,churn_risk,score,1,0,"[""0"", ""1"", ""2"", ""3""]","[0.9369951303853028, 0.010328066519491752, 0.049853265610036196, 0.0028235374851694646]","[0.083333, 0.55, 0.266667, 0.1]"
d1-omni,typed_customer_service,customer_service_000046,needs_human,noul,1,1,"[""false"", ""true""]","[0.04016254477954078, 0.9598374552204592]","[0.3, 0.7]"
d1-omni,typed_customer_service,customer_service_000046,urgency,score,2,1,"[""0"", ""1"", ""2"", ""3""]","[0.003484357420363553, 0.6398119010759895, 0.016237865305428104, 0.34046587619821894]","[0.0, 0.083333, 0.583333, 0.333333]"
d1-omni,typed_customer_service,customer_service_000047,action,choice,4,2,"[""answer_directly"", ""close_no_action"", ""escalate_to_human"", ""execute_refund"", ""request_information""]","[0.09761972687562195, 0.0002579588499543854, 0.782600631392869, 0.0005525360087123802, 0.11896914687284234]","[0.216667, 0.016667, 0.133333, 0.0, 0.633333]"
d1-omni,typed_customer_service,customer_service_000047,category,choice,1,0,"[""account"", ""billing"", ""delivery"", ""refund"", ""technical""]","[0.9243391202575613, 0.07508201125698732, 9.565560681443759e-07, 3.1120183367413343e-06, 0.0005747999110465031]","[0.333333, 0.583333, 0.0, 0.0, 0.083333]"
d1-omni,typed_customer_service,customer_service_000047,churn_risk,score,1,3,"[""0"", ""1"", ""2"", ""3""]","[0.2922051490568938, 0.08242025747967754, 0.035103994362651644, 0.5902705991007771]","[0.083333, 0.4, 0.383333, 0.133333]"
d1-omni,typed_customer_service,customer_service_000047,needs_human,noul,0,0,"[""false"", ""true""]","[0.739751586374257, 0.2602484136257431]","[0.7, 0.3]"
d1-omni,typed_customer_service,customer_service_000047,urgency,score,3,3,"[""0"", ""1"", ""2"", ""3""]","[0.16057464302728863, 0.35764464524093237, 0.000517098026183924, 0.4812636137055951]","[0.0, 0.166667, 0.266667, 0.566667]"
d1-omni,typed_customer_service,customer_service_000048,action,choice,2,2,"[""answer_directly"", ""close_no_action"", ""escalate_to_human"", ""execute_refund"", ""request_information""]","[0.21299721414044034, 0.0008874231162694106, 0.5796936786466157, 0.0004308093172753764, 0.20599087477939923]","[0.133333, 0.016667, 0.766667, 0.0, 0.083333]"
d1-omni,typed_customer_service,customer_service_000048,category,choice,2,2,"[""account"", ""billing"", ""delivery"", ""refund"", ""technical""]","[0.00026876369451725066, 0.0006743535460030147, 0.999025367941483, 5.822916608730568e-06, 2.5691901387840716e-05]","[0.003333, 0.003333, 0.986667, 0.003333, 0.003333]"
d1-omni,typed_customer_service,customer_service_000048,churn_risk,score,2,2,"[""0"", ""1"", ""2"", ""3""]","[0.16057252221099189, 0.031495344183464585, 0.7938465484325617, 0.014085585172981719]","[0.0, 0.15, 0.666667, 0.183333]"
d1-omni,typed_customer_service,customer_service_000048,needs_human,noul,1,1,"[""false"", ""true""]","[0.4409506461403938, 0.5590493538596063]","[0.2, 0.8]"
d1-omni,typed_customer_service,customer_service_000048,urgency,score,2,1,"[""0"", ""1"", ""2"", ""3""]","[0.019893643767621767, 0.9272259112545338, 0.047909143092249515, 0.004971301885595143]","[0.0, 0.1, 0.633333, 0.266667]"
d1-omni,typed_customer_service,customer_service_000049,action,choice,4,2,"[""answer_directly"", ""close_no_action"", ""escalate_to_human"", ""execute_refund"", ""request_information""]","[0.0817818742928237, 0.000131211938605105, 0.6373628418642723, 0.0009179339496679877, 0.279806137954631]","[0.233333, 0.0, 0.266667, 0.0, 0.5]"
d1-omni,typed_customer_service,customer_service_000049,category,choice,1,1,"[""account"", ""billing"", ""delivery"", ""refund"", ""technical""]","[0.005641135780817964, 0.863794785345889, 0.00020953105763513565, 4.702040417515778e-06, 0.1303498457752404]","[0.0, 0.883333, 0.0, 0.0, 0.116667]"
d1-omni,typed_customer_service,customer_service_000049,churn_risk,score,2,2,"[""0"", ""1"", ""2"", ""3""]","[0.25953452138089733, 0.004194985729041082, 0.4004077829674176, 0.33586270992264394]","[0.033333, 0.15, 0.583333, 0.233333]"
d1-omni,typed_customer_service,customer_service_000049,needs_human,noul,0,1,"[""false"", ""true""]","[0.23353149016553007, 0.7664685098344699]","[0.516667, 0.483333]"
d1-omni,typed_customer_service,customer_service_000049,urgency,score,3,3,"[""0"", ""1"", ""2"", ""3""]","[1.296014994220281e-06, 5.017631369939704e-05, 1.2987419588600565e-05, 0.9999355402517178]","[0.0, 0.033333, 0.233333, 0.733333]"
d1-omni,typed_customer_service,customer_service_000050,action,choice,2,2,"[""answer_directly"", ""close_no_action"", ""escalate_to_human"", ""execute_refund"", ""request_information""]","[0.01005444005703349, 0.00030779746412650487, 0.9265348659964473, 0.0001436993050443421, 0.06295919717734855]","[0.05, 0.006667, 0.716667, 0.01, 0.216667]"
d1-omni,typed_customer_service,customer_service_000050,category,choice,0,0,"[""account"", ""billing"", ""delivery"", ""refund"", ""technical""]","[0.8049362573533329, 0.024883394570882917, 4.1979868502076584e-05, 8.17002633793765e-06, 0.17013019818094438]","[0.733333, 0.0, 0.0, 0.0, 0.266667]"
d1-omni,typed_customer_service,customer_service_000050,churn_risk,score,2,2,"[""0"", ""1"", ""2"", ""3""]","[0.19211536767495604, 0.017799848753287238, 0.5061566555471445, 0.28392812802461226]","[0.0, 0.083333, 0.533333, 0.383333]"
d1-omni,typed_customer_service,customer_service_000050,needs_human,noul,1,1,"[""false"", ""true""]","[0.18899663920089654, 0.8110033607991034]","[0.183333, 0.816667]"
d1-omni,typed_customer_service,customer_service_000050,urgency,score,3,1,"[""0"", ""1"", ""2"", ""3""]","[0.00046877317152685925, 0.9641717969625809, 0.021552433380786086, 0.013806996485106254]","[0.0, 0.116667, 0.366667, 0.516667]"
d1-omni,typed_customer_service,customer_service_000051,action,choice,2,2,"[""answer_directly"", ""close_no_action"", ""escalate_to_human"", ""execute_refund"", ""request_information""]","[0.158081038379803, 0.00011537728022845837, 0.7826747062610967, 0.0007464992750644586, 0.05838237880380734]","[0.1, 0.025, 0.8, 0.008333, 0.066667]"
d1-omni,typed_customer_service,customer_service_000051,category,choice,2,2,"[""account"", ""billing"", ""delivery"", ""refund"", ""technical""]","[0.0064029082579597, 0.0003986724880740872, 0.9419602400072085, 6.982230409974613e-05, 0.05116835694265789]","[0.008333, 0.008333, 0.75, 0.033333, 0.2]"
d1-omni,typed_customer_service,customer_service_000051,churn_risk,score,3,3,"[""0"", ""1"", ""2"", ""3""]","[1.2869187980743354e-05, 6.137714282149304e-07, 0.0028448715605926362, 0.9971416454799984]","[0.0, 0.033333, 0.15, 0.816667]"
d1-omni,typed_customer_service,customer_service_000051,needs_human,noul,1,1,"[""false"", ""true""]","[0.02324188467121207, 0.9767581153287879]","[0.116667, 0.883333]"
d1-omni,typed_customer_service,customer_service_000051,urgency,score,3,3,"[""0"", ""1"", ""2"", ""3""]","[0.00012279492492691304, 0.0022108664206798396, 0.0007038806585614921, 0.9969624579958318]","[0.0, 0.033333, 0.183333, 0.783333]"
d1-omni,typed_customer_service,customer_service_000052,action,choice,2,0,"[""answer_directly"", ""close_no_action"", ""escalate_to_human"", ""execute_refund"", ""request_information""]","[0.482722741722318, 0.0009680499640360471, 0.36526888967195864, 0.020576900231968842, 0.13046341840971862]","[0.1, 0.016667, 0.5, 0.35, 0.033333]"
d1-omni,typed_customer_service,customer_service_000052,category,choice,1,1,"[""account"", ""billing"", ""delivery"", ""refund"", ""technical""]","[0.1558197785594715, 0.8409539788027433, 5.3999369941951424e-05, 0.0029888507926629877, 0.00018339247518025446]","[0.383333, 0.58, 0.003333, 0.023333, 0.01]"
d1-omni,typed_customer_service,customer_service_000052,churn_risk,score,3,3,"[""0"", ""1"", ""2"", ""3""]","[0.09131071034435183, 0.0006062997490091686, 0.047232791164274784, 0.8608501987423642]","[0.0, 0.033333, 0.15, 0.816667]"
d1-omni,typed_customer_service,customer_service_000052,needs_human,noul,1,1,"[""false"", ""true""]","[0.13245844499470183, 0.8675415550052981]","[0.15, 0.85]"
d1-omni,typed_customer_service,customer_service_000052,urgency,score,3,3,"[""0"", ""1"", ""2"", ""3""]","[2.882594047036001e-05, 0.020290668947765735, 0.0005881024410326457, 0.9790924026707313]","[0.0, 0.016667, 0.133333, 0.85]"
d1-omni,typed_customer_service,customer_service_000053,action,choice,4,2,"[""answer_directly"", ""close_no_action"", ""escalate_to_human"", ""execute_refund"", ""request_information""]","[0.12369746093472231, 5.66766140878079e-05, 0.8259385076703281, 0.002419383472612369, 0.04788797130824946]","[0.133333, 0.013333, 0.266667, 0.02, 0.566667]"
d1-omni,typed_customer_service,customer_service_000053,category,choice,1,1,"[""account"", ""billing"", ""delivery"", ""refund"", ""technical""]","[0.03744853084334242, 0.9564244414613629, 2.0130858649747975e-06, 5.335736687669501e-05, 0.006071657242552987]","[0.02, 0.953333, 0.001667, 0.005, 0.02]"
d1-omni,typed_customer_service,customer_service_000053,churn_risk,score,2,2,"[""0"", ""1"", ""2"", ""3""]","[0.08107264422138125, 0.017653451005868757, 0.8021838451907914, 0.09909005958195852]","[0.016667, 0.216667, 0.583333, 0.183333]"
d1-omni,typed_customer_service,customer_service_000053,needs_human,noul,1,0,"[""false"", ""true""]","[0.5624168863335451, 0.4375831136664549]","[0.433333, 0.566667]"
d1-omni,typed_customer_service,customer_service_000053,urgency,score,3,1,"[""0"", ""1"", ""2"", ""3""]","[0.006722126425181551, 0.9556918955772508, 0.013846892552110726, 0.023739085445457175]","[0.016667, 0.133333, 0.366667, 0.483333]"
d1-omni,typed_customer_service,customer_service_000054,action,choice,2,0,"[""answer_directly"", ""close_no_action"", ""escalate_to_human"", ""execute_refund"", ""request_information""]","[0.67431779511537, 4.52445354443176e-05, 0.24779526495760723, 1.2082634658690989e-05, 0.07782961275691977]","[0.04, 0.0, 0.9, 0.0, 0.06]"
d1-omni,typed_customer_service,customer_service_000054,category,choice,0,0,"[""account"", ""billing"", ""delivery"", ""refund"", ""technical""]","[0.9412114335668568, 0.012314064462718717, 0.007381845899679875, 3.499540041504923e-05, 0.03905766067032968]","[0.833333, 0.016667, 0.016667, 0.0, 0.133333]"
d1-omni,typed_customer_service,customer_service_000054,churn_risk,score,3,3,"[""0"", ""1"", ""2"", ""3""]","[0.0011567932705052633, 7.111830845879933e-05, 0.006935601542572012, 0.9918364868784638]","[0.0, 0.0, 0.066667, 0.933333]"
d1-omni,typed_customer_service,customer_service_000054,needs_human,noul,1,1,"[""false"", ""true""]","[0.04198944299145123, 0.9580105570085489]","[0.046667, 0.953333]"
d1-omni,typed_customer_service,customer_service_000054,urgency,score,3,3,"[""0"", ""1"", ""2"", ""3""]","[4.6482139366215596e-05, 0.0006543223166764579, 0.0001542056639458474, 0.9991449898800115]","[0.0, 0.0, 0.083333, 0.916667]"
d1-omni,typed_customer_service,customer_service_000055,action,choice,3,0,"[""answer_directly"", ""close_no_action"", ""escalate_to_human"", ""execute_refund"", ""request_information""]","[0.5683118444097055, 3.384903695221164e-05, 0.10872936509085986, 0.23598400228681435, 0.08694093917566788]","[0.15, 0.0, 0.133333, 0.65, 0.066667]"
d1-omni,typed_customer_service,customer_service_000055,category,choice,1,1,"[""account"", ""billing"", ""delivery"", ""refund"", ""technical""]","[9.835614513470566e-05, 0.9996466281971008, 1.245211126982618e-07, 0.00025214424183363487, 2.7468948181146658e-06]","[0.0, 0.533333, 0.0, 0.466667, 0.0]"
d1-omni,typed_customer_service,customer_service_000055,churn_risk,score,2,2,"[""0"", ""1"", ""2"", ""3""]","[0.0048956657446884745, 3.390117692682267e-05, 0.9950607202362094, 9.71284217540879e-06]","[0.0, 0.1, 0.633333, 0.266667]"
d1-omni,typed_customer_service,customer_service_000055,needs_human,noul,1,1,"[""false"", ""true""]","[0.15655566401505117, 0.8434443359849488]","[0.466667, 0.533333]"
d1-omni,typed_customer_service,customer_service_000055,urgency,score,2,2,"[""0"", ""1"", ""2"", ""3""]","[6.32824661879792e-05, 0.0011086397699043786, 0.998115076514104, 0.0007130012498035636]","[0.016667, 0.116667, 0.816667, 0.05]"
d1-omni,typed_customer_service,customer_service_000056,action,choice,0,2,"[""answer_directly"", ""close_no_action"", ""escalate_to_human"", ""execute_refund"", ""request_information""]","[0.22301445287554586, 0.0003140530041583852, 0.731236119444936, 0.0339011076949959, 0.011534266980363916]","[0.573333, 0.043333, 0.043333, 0.016667, 0.323333]"
d1-omni,typed_customer_service,customer_service_000056,category,choice,0,0,"[""account"", ""billing"", ""delivery"", ""refund"", ""technical""]","[0.982751623022718, 0.014121249009800389, 9.990947423365e-05, 0.0014397613268028989, 0.0015874571664449687]","[0.93, 0.023333, 0.003333, 0.036667, 0.006667]"
d1-omni,typed_customer_service,customer_service_000056,churn_risk,score,3,3,"[""0"", ""1"", ""2"", ""3""]","[0.0005197746211476686, 7.56041210307719e-06, 0.0010397696377824526, 0.9984328953289667]","[0.0, 0.023333, 0.316667, 0.66]"
d1-omni,typed_customer_service,customer_service_000056,needs_human,noul,0,1,"[""false"", ""true""]","[0.025160873050777143, 0.9748391269492228]","[0.59, 0.41]"
d1-omni,typed_customer_service,customer_service_000056,urgency,score,3,3,"[""0"", ""1"", ""2"", ""3""]","[0.00030795040892007546, 0.018073551402410924, 0.00023064411270274363, 0.9813878540759663]","[0.02, 0.073333, 0.39, 0.516667]"
d1-omni,typed_customer_service,customer_service_000057,action,choice,0,0,"[""answer_directly"", ""close_no_action"", ""escalate_to_human"", ""execute_refund"", ""request_information""]","[0.43377665554265815, 0.0003717409451346275, 0.1870067990496362, 8.795198815086434e-05, 0.3787568524744203]","[0.783333, 0.003333, 0.213333, 0.0, 0.0]"
d1-omni,typed_customer_service,customer_service_000057,category,choice,1,1,"[""account"", ""billing"", ""delivery"", ""refund"", ""technical""]","[0.0003230094963867556, 0.9666462907449097, 0.03299617420469375, 7.927607792774533e-08, 3.444627793193158e-05]","[0.001667, 0.996667, 0.0, 0.0, 0.001667]"
d1-omni,typed_customer_service,customer_service_000057,churn_risk,score,3,3,"[""0"", ""1"", ""2"", ""3""]","[0.1472607655965703, 0.002076089747497442, 0.0015794051121075698, 0.8490837395438245]","[0.0, 0.016667, 0.116667, 0.866667]"
d1-omni,typed_customer_service,customer_service_000057,needs_human,noul,0,1,"[""false"", ""true""]","[0.10645811277392615, 0.8935418872260737]","[0.51, 0.49]"
d1-omni,typed_customer_service,customer_service_000057,urgency,score,3,3,"[""0"", ""1"", ""2"", ""3""]","[0.0005271128110028347, 0.04171050410120509, 0.017661335683623602, 0.9401010474041686]","[0.0, 0.0, 0.116667, 0.883333]"
d1-omni,typed_customer_service,customer_service_000058,action,choice,2,4,"[""answer_directly"", ""close_no_action"", ""escalate_to_human"", ""execute_refund"", ""request_information""]","[0.28604370517934824, 0.00019270603972269224, 0.14738658684254782, 5.552735079499453e-06, 0.5663714492033018]","[0.04, 0.006667, 0.65, 0.003333, 0.3]"
d1-omni,typed_customer_service,customer_service_000058,category,choice,4,4,"[""account"", ""billing"", ""delivery"", ""refund"", ""technical""]","[4.0220347726922375e-05, 6.450420882913187e-07, 3.0893688780694656e-06, 2.97013126734432e-08, 0.9999560155399941]","[0.001667, 0.001667, 0.001667, 0.001667, 0.993333]"
d1-omni,typed_customer_service,customer_service_000058,churn_risk,score,3,2,"[""0"", ""1"", ""2"", ""3""]","[0.008107671660913926, 0.008974371781046172, 0.9425401793017487, 0.04037777725629108]","[0.0, 0.016667, 0.166667, 0.816667]"
d1-omni,typed_customer_service,customer_service_000058,needs_human,noul,1,1,"[""false"", ""true""]","[0.20833992795692352, 0.7916600720430765]","[0.166667, 0.833333]"
d1-omni,typed_customer_service,customer_service_000058,urgency,score,2,2,"[""0"", ""1"", ""2"", ""3""]","[1.4638209791757306e-07, 7.790664656110298e-07, 0.997333869241007, 0.0026652053104293605]","[0.0, 0.05, 0.75, 0.2]"
d1-omni,typed_customer_service,customer_service_000059,action,choice,2,3,"[""answer_directly"", ""close_no_action"", ""escalate_to_human"", ""execute_refund"", ""request_information""]","[0.14032151962191422, 0.000309737476309895, 0.0689067901032254, 0.7639607984770401, 0.026501154321510456]","[0.15, 0.026667, 0.34, 0.2, 0.283333]"
d1-omni,typed_customer_service,customer_service_000059,category,choice,2,3,"[""account"", ""billing"", ""delivery"", ""refund"", ""technical""]","[0.0001225618445469578, 8.827803030331672e-05, 0.0026931312262985048, 0.9970159642494764, 8.006464937495623e-05]","[0.0, 0.033333, 0.566667, 0.366667, 0.033333]"
d1-omni,typed_customer_service,customer_service_000059,churn_risk,score,2,0,"[""0"", ""1"", ""2"", ""3""]","[0.8307516750418965, 0.02120765876023188, 0.053734198725665795, 0.09430646747220589]","[0.0, 0.15, 0.466667, 0.383333]"
d1-omni,typed_customer_service,customer_service_000059,needs_human,noul,1,1,"[""false"", ""true""]","[0.12710989810765086, 0.8728901018923492]","[0.373333, 0.626667]"
d1-omni,typed_customer_service,customer_service_000059,urgency,score,3,1,"[""0"", ""1"", ""2"", ""3""]","[0.0011757389321801746, 0.9286868373796543, 0.0051876031685884625, 0.0649498205195771]","[0.0, 0.083333, 0.35, 0.566667]"
d1-omni,typed_customer_service,customer_service_000060,action,choice,4,0,"[""answer_directly"", ""close_no_action"", ""escalate_to_human"", ""execute_refund"", ""request_information""]","[0.5424347226874517, 0.0008434617420205855, 0.1801249690253217, 0.026548622032778583, 0.2500482245124274]","[0.233333, 0.016667, 0.333333, 0.0, 0.416667]"
d1-omni,typed_customer_service,customer_service_000060,category,choice,1,1,"[""account"", ""billing"", ""delivery"", ""refund"", ""technical""]","[6.787935019989772e-05, 0.9998776874172046, 2.8017170200072897e-06, 1.2955003033125307e-05, 3.867651254231053e-05]","[0.01, 0.98, 0.001667, 0.001667, 0.006667]"
d1-omni,typed_customer_service,customer_service_000060,churn_risk,score,2,0,"[""0"", ""1"", ""2"", ""3""]","[0.9165547859636595, 0.028556140148398527, 0.038426482536763965, 0.016462591351177787]","[0.0, 0.133333, 0.666667, 0.2]"
d1-omni,typed_customer_service,customer_service_000060,needs_human,noul,1,1,"[""false"", ""true""]","[0.2447238228942984, 0.7552761771057016]","[0.5, 0.5]"
d1-omni,typed_customer_service,customer_service_000060,urgency,score,3,3,"[""0"", ""1"", ""2"", ""3""]","[6.9114067972343744e-06, 0.0007330656822334915, 0.002137832846299201, 0.9971221900646701]","[0.0, 0.016667, 0.066667, 0.916667]"
d1-omni,typed_customer_service,customer_service_000061,action,choice,0,0,"[""answer_directly"", ""close_no_action"", ""escalate_to_human"", ""execute_refund"", ""request_information""]","[0.3806372854308281, 0.0001303671048041312, 0.32477252232451015, 0.00014657571764569314, 0.29431324942221204]","[0.61, 0.01, 0.296667, 0.0, 0.083333]"
d1-omni,typed_customer_service,customer_service_000061,category,choice,1,1,"[""account"", ""billing"", ""delivery"", ""refund"", ""technical""]","[0.0024414619435258944, 0.9917115917139455, 0.005833927068866522, 6.929557362141475e-08, 1.294997808860184e-05]","[0.023333, 0.956667, 0.006667, 0.003333, 0.01]"
d1-omni,typed_customer_service,customer_service_000061,churn_risk,score,3,0,"[""0"", ""1"", ""2"", ""3""]","[0.6421356828062514, 0.12136272334247682, 0.10731161490585199, 0.12918997894541967]","[0.006667, 0.093333, 0.25, 0.65]"
d1-omni,typed_customer_service,customer_service_000061,needs_human,noul,0,1,"[""false"", ""true""]","[0.11884136769012929, 0.8811586323098707]","[0.516667, 0.483333]"
d1-omni,typed_customer_service,customer_service_000061,urgency,score,2,2,"[""0"", ""1"", ""2"", ""3""]","[0.00014467894506278373, 0.0027891761721939028, 0.9969022021160481, 0.00016394276669522275]","[0.016667, 0.116667, 0.7, 0.166667]"
d1-omni,typed_customer_service,customer_service_000062,action,choice,2,0,"[""answer_directly"", ""close_no_action"", ""escalate_to_human"", ""execute_refund"", ""request_information""]","[0.6810668981998812, 0.0001391180338112009, 0.2082214361436381, 0.0229211299609593, 0.08765141766171021]","[0.366667, 0.0, 0.533333, 0.0, 0.1]"
d1-omni,typed_customer_service,customer_service_000062,category,choice,2,2,"[""account"", ""billing"", ""delivery"", ""refund"", ""technical""]","[0.0005939263621339828, 0.0002917269185861788, 0.9989799310455749, 9.287804567441674e-05, 4.153762803058171e-05]","[0.0, 0.0, 0.976667, 0.023333, 0.0]"
d1-omni,typed_customer_service,customer_service_000062,churn_risk,score,1,0,"[""0"", ""1"", ""2"", ""3""]","[0.9918442042430177, 0.0003640040464699125, 0.006014043161178707, 0.0017777485493335808]","[0.133333, 0.7, 0.166667, 0.0]"
d1-omni,typed_customer_service,customer_service_000062,needs_human,noul,1,1,"[""false"", ""true""]","[0.029514348240643598, 0.9704856517593564]","[0.416667, 0.583333]"
d1-omni,typed_customer_service,customer_service_000062,urgency,score,1,1,"[""0"", ""1"", ""2"", ""3""]","[0.008980928498921464, 0.990518367689823, 0.00037359470883973673, 0.0001271091024156731]","[0.0, 0.616667, 0.366667, 0.016667]"
d1-omni,typed_customer_service,customer_service_000063,action,choice,0,4,"[""answer_directly"", ""close_no_action"", ""escalate_to_human"", ""execute_refund"", ""request_information""]","[0.2776006057050518, 0.00024957986537254374, 0.18306050620894637, 0.004783386052263673, 0.5343059221683657]","[0.6, 0.02, 0.023333, 0.03, 0.326667]"
d1-omni,typed_customer_service,customer_service_000063,category,choice,1,1,"[""account"", ""billing"", ""delivery"", ""refund"", ""technical""]","[0.002182647481479776, 0.9977854340247825, 3.896847931152935e-06, 8.989940394427729e-06, 1.9031705412207482e-05]","[0.026667, 0.923333, 0.01, 0.026667, 0.013333]"
d1-omni,typed_customer_service,customer_service_000063,churn_risk,score,1,0,"[""0"", ""1"", ""2"", ""3""]","[0.8778869038678302, 0.03940930279194324, 0.06970798459034346, 0.012995808749883073]","[0.156667, 0.51, 0.266667, 0.066667]"
d1-omni,typed_customer_service,customer_service_000063,needs_human,noul,0,1,"[""false"", ""true""]","[0.32466347363774467, 0.6753365263622554]","[0.866667, 0.133333]"
d1-omni,typed_customer_service,customer_service_000063,urgency,score,1,1,"[""0"", ""1"", ""2"", ""3""]","[0.0010290533375636375, 0.9958927003099891, 0.002283054937795994, 0.0007951914146510773]","[0.123333, 0.653333, 0.186667, 0.036667]"
d1-omni,typed_customer_service,customer_service_000064,action,choice,2,0,"[""answer_directly"", ""close_no_action"", ""escalate_to_human"", ""execute_refund"", ""request_information""]","[0.6627514518202097, 0.0002725355157046712, 0.1173258102574557, 1.3861344038604984e-06, 0.219648816272226]","[0.066667, 0.0, 0.866667, 0.0, 0.066667]"
d1-omni,typed_customer_service,customer_service_000064,category,choice,4,4,"[""account"", ""billing"", ""delivery"", ""refund"", ""technical""]","[0.004492336141858012, 8.675196561905245e-07, 1.6173352112379468e-07, 2.7240398074350916e-08, 0.9955066073645666]","[0.016667, 0.0, 0.0, 0.0, 0.983333]"
d1-omni,typed_customer_service,customer_service_000064,churn_risk,score,1,0,"[""0"", ""1"", ""2"", ""3""]","[0.9520510242395904, 0.0379383522674638, 0.009554919749149965, 0.00045570374379587847]","[0.066667, 0.633333, 0.3, 0.0]"
d1-omni,typed_customer_service,customer_service_000064,needs_human,noul,1,1,"[""false"", ""true""]","[0.308190262107446, 0.691809737892554]","[0.083333, 0.916667]"
d1-omni,typed_customer_service,customer_service_000064,urgency,score,2,1,"[""0"", ""1"", ""2"", ""3""]","[0.0058303571861416294, 0.9086015151639292, 0.07242921005090222, 0.01313891759902702]","[0.0, 0.083333, 0.666667, 0.25]"
d1-omni,typed_customer_service,customer_service_000065,action,choice,2,2,"[""answer_directly"", ""close_no_action"", ""escalate_to_human"", ""execute_refund"", ""request_information""]","[0.25608999515629555, 0.00014436250660609118, 0.6045083732911803, 0.00027826608289518827, 0.13897900296302276]","[0.1, 0.0, 0.6, 0.0, 0.3]"
d1-omni,typed_customer_service,customer_service_000065,category,choice,4,4,"[""account"", ""billing"", ""delivery"", ""refund"", ""technical""]","[0.07082383004282923, 0.0026076208454718164, 2.606453757671649e-06, 5.420904285018794e-07, 0.9265654005675127]","[0.433333, 0.033333, 0.0, 0.0, 0.533333]"
d1-omni,typed_customer_service,customer_service_000065,churn_risk,score,3,3,"[""0"", ""1"", ""2"", ""3""]","[0.0001895523333302288, 2.3768079410155436e-06, 0.0003412296978447981, 0.9994668411608839]","[0.0, 0.05, 0.133333, 0.816667]"
d1-omni,typed_customer_service,customer_service_000065,needs_human,noul,1,1,"[""false"", ""true""]","[0.08306850170047121, 0.9169314982995288]","[0.233333, 0.766667]"
d1-omni,typed_customer_service,customer_service_000065,urgency,score,3,3,"[""0"", ""1"", ""2"", ""3""]","[1.0470289057451718e-06, 1.9910959974460256e-05, 1.132109068035867e-06, 0.9999779099020518]","[0.0, 0.066667, 0.466667, 0.466667]"
d1-omni,typed_customer_service,customer_service_000066,action,choice,2,0,"[""answer_directly"", ""close_no_action"", ""escalate_to_human"", ""execute_refund"", ""request_information""]","[0.4813895252428468, 0.0007794987328727856, 0.331338900312099, 0.0004916235416073216, 0.18600045217057418]","[0.316667, 0.05, 0.4, 0.016667, 0.216667]"
d1-omni,typed_customer_service,customer_service_000066,category,choice,1,0,"[""account"", ""billing"", ""delivery"", ""refund"", ""technical""]","[0.9391142648820178, 0.033611195178353974, 5.173072182116041e-05, 3.6320688584623837e-06, 0.02721917714894864]","[0.216667, 0.65, 0.006667, 0.01, 0.116667]"
d1-omni,typed_customer_service,customer_service_000066,churn_risk,score,2,2,"[""0"", ""1"", ""2"", ""3""]","[0.33851622424425754, 0.03087790454570362, 0.5735904421275594, 0.05701542908247939]","[0.05, 0.316667, 0.516667, 0.116667]"
d1-omni,typed_customer_service,customer_service_000066,needs_human,noul,0,1,"[""false"", ""true""]","[0.2847749250861177, 0.7152250749138823]","[0.5, 0.5]"
d1-omni,typed_customer_service,customer_service_000066,urgency,score,3,1,"[""0"", ""1"", ""2"", ""3""]","[0.027592280715739582, 0.906620518277457, 0.0011300068211478266, 0.06465719418565555]","[0.0, 0.133333, 0.366667, 0.5]"
d1-omni,typed_customer_service,customer_service_000067,action,choice,4,2,"[""answer_directly"", ""close_no_action"", ""escalate_to_human"", ""execute_refund"", ""request_information""]","[0.33672908577085386, 0.0042429363697760215, 0.3368112952181843, 0.01573365441846493, 0.30648302822272094]","[0.35, 0.02, 0.15, 0.03, 0.45]"
d1-omni,typed_customer_service,customer_service_000067,category,choice,2,2,"[""account"", ""billing"", ""delivery"", ""refund"", ""technical""]","[0.0057429085049629704, 0.0008502793447786248, 0.9916128451890495, 0.0014463735370998292, 0.00034759342410907814]","[0.026667, 0.023333, 0.906667, 0.03, 0.013333]"
d1-omni,typed_customer_service,customer_service_000067,churn_risk,score,1,0,"[""0"", ""1"", ""2"", ""3""]","[0.7962566936473511, 0.06384665276518417, 0.1289737784990908, 0.010922875088373923]","[0.083333, 0.616667, 0.266667, 0.033333]"
d1-omni,typed_customer_service,customer_service_000067,needs_human,noul,1,1,"[""false"", ""true""]","[0.1423212852278793, 0.8576787147721208]","[0.5, 0.5]"
d1-omni,typed_customer_service,customer_service_000067,urgency,score,2,1,"[""0"", ""1"", ""2"", ""3""]","[0.0026481146503237467, 0.9464842200550253, 0.04824015816474089, 0.002627507129910246]","[0.016667, 0.4, 0.516667, 0.066667]"
d1-omni,typed_customer_service,customer_service_000068,action,choice,0,2,"[""answer_directly"", ""close_no_action"", ""escalate_to_human"", ""execute_refund"", ""request_information""]","[0.12197854070352271, 0.00020861837373769838, 0.45297018400786954, 4.229444870325118e-06, 0.4248384274699997]","[0.766667, 0.006667, 0.16, 0.0, 0.066667]"
d1-omni,typed_customer_service,customer_service_000068,category,choice,2,2,"[""account"", ""billing"", ""delivery"", ""refund"", ""technical""]","[0.0005441395305327523, 6.448246810559179e-05, 0.999319986705354, 2.939838758692254e-07, 7.109731213170137e-05]","[0.01, 0.006667, 0.97, 0.003333, 0.01]"
d1-omni,typed_customer_service,customer_service_000068,churn_risk,score,2,0,"[""0"", ""1"", ""2"", ""3""]","[0.6293109445361654, 0.10724268548884772, 0.2623359021989953, 0.0011104677759917005]","[0.033333, 0.35, 0.55, 0.066667]"
d1-omni,typed_customer_service,customer_service_000068,needs_human,noul,0,1,"[""false"", ""true""]","[0.14432966877665818, 0.8556703312233418]","[0.733333, 0.266667]"
d1-omni,typed_customer_service,customer_service_000068,urgency,score,2,2,"[""0"", ""1"", ""2"", ""3""]","[0.004384442906528052, 0.06831684135716017, 0.9266520981849747, 0.0006466175513370042]","[0.006667, 0.45, 0.51, 0.033333]"
d1-omni,typed_customer_service,customer_service_000069,action,choice,2,2,"[""answer_directly"", ""close_no_action"", ""escalate_to_human"", ""execute_refund"", ""request_information""]","[0.08352078582974733, 0.000961031629368895, 0.8135950714925577, 0.021366289946103418, 0.08055682110222269]","[0.166667, 0.016667, 0.626667, 0.09, 0.1]"
d1-omni,typed_customer_service,customer_service_000069,category,choice,1,1,"[""account"", ""billing"", ""delivery"", ""refund"", ""technical""]","[0.00029939810329130274, 0.9995446380044298, 3.512967313780002e-06, 0.00012927345698797668, 2.3177467977245546e-05]","[0.003333, 0.883333, 0.003333, 0.106667, 0.003333]"
d1-omni,typed_customer_service,customer_service_000069,churn_risk,score,2,2,"[""0"", ""1"", ""2"", ""3""]","[0.05333180193164111, 0.02793968622339026, 0.9038026541901566, 0.014925857654811888]","[0.0, 0.2, 0.633333, 0.166667]"
d1-omni,typed_customer_service,customer_service_000069,needs_human,noul,1,0,"[""false"", ""true""]","[0.5052488188067172, 0.49475118119328276]","[0.216667, 0.783333]"
d1-omni,typed_customer_service,customer_service_000069,urgency,score,2,0,"[""0"", ""1"", ""2"", ""3""]","[0.5001751149545689, 0.26460534360739535, 0.014133552220024657, 0.22108598921801104]","[0.016667, 0.1, 0.5, 0.383333]"
d1-omni,typed_customer_service,customer_service_000070,action,choice,4,4,"[""answer_directly"", ""close_no_action"", ""escalate_to_human"", ""execute_refund"", ""request_information""]","[0.41288691941113553, 0.00035438452495137557, 0.06481982181140603, 8.992640439912472e-07, 0.5219379749884632]","[0.333333, 0.003333, 0.08, 0.0, 0.583333]"
d1-omni,typed_customer_service,customer_service_000070,category,choice,4,4,"[""account"", ""billing"", ""delivery"", ""refund"", ""technical""]","[0.00032565841426922005, 2.073748543622454e-05, 1.8087555386967425e-05, 2.7357457913079615e-07, 0.9996352429703284]","[0.003333, 0.003333, 0.003333, 0.003333, 0.986667]"
d1-omni,typed_customer_service,customer_service_000070,churn_risk,score,1,0,"[""0"", ""1"", ""2"", ""3""]","[0.7407998645876762, 0.08642634968920657, 0.1391921251183621, 0.0335816606047552]","[0.083333, 0.6, 0.283333, 0.033333]"
d1-omni,typed_customer_service,customer_service_000070,needs_human,noul,0,1,"[""false"", ""true""]","[0.15791441791778454, 0.8420855820822155]","[0.75, 0.25]"
d1-omni,typed_customer_service,customer_service_000070,urgency,score,1,1,"[""0"", ""1"", ""2"", ""3""]","[0.010326879291788098, 0.9704098620582758, 0.01663173703163258, 0.0026315216183034943]","[0.083333, 0.55, 0.333333, 0.033333]"
d1-omni,typed_customer_service,customer_service_000071,action,choice,4,2,"[""answer_directly"", ""close_no_action"", ""escalate_to_human"", ""execute_refund"", ""request_information""]","[0.09956286402940054, 1.2701860234037252e-05, 0.7810222357102852, 8.073787800788558e-06, 0.11939412461227944]","[0.273333, 0.013333, 0.083333, 0.003333, 0.626667]"
d1-omni,typed_customer_service,customer_service_000071,category,choice,0,0,"[""account"", ""billing"", ""delivery"", ""refund"", ""technical""]","[0.996441977876537, 0.00018934807263254886, 5.7401926790495785e-06, 9.64776867222516e-08, 0.0033628373804647366]","[0.896667, 0.01, 0.006667, 0.01, 0.076667]"
d1-omni,typed_customer_service,customer_service_000071,churn_risk,score,1,0,"[""0"", ""1"", ""2"", ""3""]","[0.8618337883023226, 0.0010975125591370708, 0.13037182916261436, 0.006696869975925802]","[0.083333, 0.6, 0.283333, 0.033333]"
d1-omni,typed_customer_service,customer_service_000071,needs_human,noul,0,1,"[""false"", ""true""]","[0.23872763618921577, 0.7612723638107842]","[0.816667, 0.183333]"
d1-omni,typed_customer_service,customer_service_000071,urgency,score,2,1,"[""0"", ""1"", ""2"", ""3""]","[0.012917240776483723, 0.952742016706094, 0.020803592851395047, 0.01353714966602726]","[0.026667, 0.256667, 0.4, 0.316667]"
d1-omni,typed_customer_service,customer_service_000072,action,choice,2,2,"[""answer_directly"", ""close_no_action"", ""escalate_to_human"", ""execute_refund"", ""request_information""]","[0.2925923213477444, 4.013988970128816e-05, 0.5999941022627638, 1.0308785329616587e-05, 0.10736312771446083]","[0.216667, 0.033333, 0.466667, 0.0, 0.283333]"
d1-omni,typed_customer_service,customer_service_000072,category,choice,1,1,"[""account"", ""billing"", ""delivery"", ""refund"", ""technical""]","[0.0016030878938439507, 0.9890415975039338, 0.009331598627320721, 1.4630377720988208e-07, 2.3569671124160833e-05]","[0.01, 0.976667, 0.003333, 0.003333, 0.006667]"
d1-omni,typed_customer_service,customer_service_000072,churn_risk,score,3,3,"[""0"", ""1"", ""2"", ""3""]","[0.0005989808726292989, 7.365395326749856e-06, 0.2623044408519694, 0.7370892128800745]","[0.0, 0.056667, 0.343333, 0.6]"
d1-omni,typed_customer_service,customer_service_000072,needs_human,noul,1,1,"[""false"", ""true""]","[0.057387539653480035, 0.94261246034652]","[0.223333, 0.776667]"
d1-omni,typed_customer_service,customer_service_000072,urgency,score,3,3,"[""0"", ""1"", ""2"", ""3""]","[1.6811994522498777e-05, 0.001649176048257432, 0.01252365680139466, 0.9858103551558254]","[0.0, 0.05, 0.333333, 0.616667]"
d1-omni,typed_customer_service,customer_service_000073,action,choice,0,4,"[""answer_directly"", ""close_no_action"", ""escalate_to_human"", ""execute_refund"", ""request_information""]","[0.14184399473590828, 0.0046722562824140345, 0.3899264838864648, 0.0005080845076029834, 0.46304918058760985]","[0.466667, 0.026667, 0.106667, 0.0, 0.4]"
d1-omni,typed_customer_service,customer_service_000073,category,choice,4,4,"[""account"", ""billing"", ""delivery"", ""refund"", ""technical""]","[0.0007731559852013073, 0.00017420740659090223, 1.9507398291276253e-05, 3.5729014639847764e-07, 0.9990327719197701]","[0.008333, 0.008333, 0.015, 0.008333, 0.96]"
d1-omni,typed_customer_service,customer_service_000073,churn_risk,score,2,2,"[""0"", ""1"", ""2"", ""3""]","[0.3174578475600177, 0.02354190766902534, 0.35070809620724563, 0.30829214856371134]","[0.083333, 0.283333, 0.433333, 0.2]"
d1-omni,typed_customer_service,customer_service_000073,needs_human,noul,0,1,"[""false"", ""true""]","[0.21190568269302335, 0.7880943173069767]","[0.516667, 0.483333]"
d1-omni,typed_customer_service,customer_service_000073,urgency,score,2,3,"[""0"", ""1"", ""2"", ""3""]","[0.0006910353851941104, 0.011461910870132557, 0.005247645585133674, 0.9825994081595396]","[0.016667, 0.1, 0.5, 0.383333]"
d1-omni,typed_customer_service,customer_service_000074,action,choice,2,0,"[""answer_directly"", ""close_no_action"", ""escalate_to_human"", ""execute_refund"", ""request_information""]","[0.48317695376845066, 0.0019166863603952, 0.3296590019556018, 0.0005058914509159499, 0.18474146646463638]","[0.216667, 0.02, 0.726667, 0.006667, 0.03]"
d1-omni,typed_customer_service,customer_service_000074,category,choice,2,2,"[""account"", ""billing"", ""delivery"", ""refund"", ""technical""]","[3.10790419013204e-05, 1.94838886505811e-06, 0.9999288546024587, 1.456645037293612e-05, 2.355151640194274e-05]","[0.003333, 0.003333, 0.96, 0.013333, 0.02]"
d1-omni,typed_customer_service,customer_service_000074,churn_risk,score,2,0,"[""0"", ""1"", ""2"", ""3""]","[0.9415432938404869, 0.00629469604537125, 0.04989996400348157, 0.0022620461106602516]","[0.05, 0.366667, 0.516667, 0.066667]"
d1-omni,typed_customer_service,customer_service_000074,needs_human,noul,1,1,"[""false"", ""true""]","[0.011642239493766329, 0.9883577605062336]","[0.203333, 0.796667]"
d1-omni,typed_customer_service,customer_service_000074,urgency,score,2,2,"[""0"", ""1"", ""2"", ""3""]","[0.00020596468743209185, 0.027941307724732883, 0.9715903217409235, 0.0002624058469114416]","[0.016667, 0.066667, 0.533333, 0.383333]"
d1-omni,typed_customer_service,customer_service_000075,action,choice,2,2,"[""answer_directly"", ""close_no_action"", ""escalate_to_human"", ""execute_refund"", ""request_information""]","[0.007635359966036156, 0.0007769602783959349, 0.813022403983915, 0.16777664242085047, 0.010788633350802436]","[0.046667, 0.016667, 0.816667, 0.01, 0.11]"
d1-omni,typed_customer_service,customer_service_000075,category,choice,2,2,"[""account"", ""billing"", ""delivery"", ""refund"", ""technical""]","[0.006756503800374491, 0.01140376015933835, 0.6526637220001258, 0.021556165976328315, 0.3076198480638332]","[0.003333, 0.006667, 0.9, 0.023333, 0.066667]"
d1-omni,typed_customer_service,customer_service_000075,churn_risk,score,3,3,"[""0"", ""1"", ""2"", ""3""]","[5.877710759946171e-05, 3.953231184252578e-06, 0.003407763099660739, 0.9965295065615555]","[0.003333, 0.013333, 0.1, 0.883333]"
d1-omni,typed_customer_service,customer_service_000075,needs_human,noul,1,1,"[""false"", ""true""]","[0.39210409626040305, 0.6078959037395969]","[0.08, 0.92]"
d1-omni,typed_customer_service,customer_service_000075,urgency,score,3,3,"[""0"", ""1"", ""2"", ""3""]","[0.0014053041585803093, 1.6360733636144957e-05, 0.003081480019353952, 0.9954968550884296]","[0.006667, 0.033333, 0.11, 0.85]"
d1-omni,typed_customer_service,customer_service_000076,action,choice,2,2,"[""answer_directly"", ""close_no_action"", ""escalate_to_human"", ""execute_refund"", ""request_information""]","[0.12724802507176175, 0.00018290602160452683, 0.7655325871525935, 9.19708763096726e-05, 0.10694451087773056]","[0.433333, 0.033333, 0.466667, 0.033333, 0.033333]"
d1-omni,typed_customer_service,customer_service_000076,category,choice,2,2,"[""account"", ""billing"", ""delivery"", ""refund"", ""technical""]","[0.0005589295870972249, 5.8224440559112524e-05, 0.9968456881109234, 2.68097411338228e-06, 0.002534476887306734]","[0.003333, 0.003333, 0.986667, 0.003333, 0.003333]"
d1-omni,typed_customer_service,customer_service_000076,churn_risk,score,2,2,"[""0"", ""1"", ""2"", ""3""]","[0.00023011213298891904, 1.3658310516997134e-05, 0.9902911559552532, 0.009465073601241028]","[0.013333, 0.066667, 0.586667, 0.333333]"
d1-omni,typed_customer_service,customer_service_000076,needs_human,noul,1,1,"[""false"", ""true""]","[0.14001256506533116, 0.8599874349346689]","[0.36, 0.64]"
d1-omni,typed_customer_service,customer_service_000076,urgency,score,3,1,"[""0"", ""1"", ""2"", ""3""]","[0.00022878190466326255, 0.633205651786179, 0.31102012111425276, 0.05554544519490484]","[0.006667, 0.076667, 0.45, 0.466667]"
d1-omni,typed_customer_service,customer_service_000077,action,choice,2,2,"[""answer_directly"", ""close_no_action"", ""escalate_to_human"", ""execute_refund"", ""request_information""]","[0.20092315110435685, 0.00556771584464546, 0.6192646905039394, 0.01898306963507312, 0.15526137291198525]","[0.066667, 0.03, 0.743333, 0.016667, 0.143333]"
d1-omni,typed_customer_service,customer_service_000077,category,choice,0,0,"[""account"", ""billing"", ""delivery"", ""refund"", ""technical""]","[0.8193640977772695, 0.16328406600623543, 1.6298762440155135e-05, 0.0020771348654648166, 0.015258402588590183]","[0.726667, 0.24, 0.003333, 0.01, 0.02]"
d1-omni,typed_customer_service,customer_service_000077,churn_risk,score,3,3,"[""0"", ""1"", ""2"", ""3""]","[0.00018438865504995334, 6.0567846835118296e-05, 0.07022282609799232, 0.9295322174001225]","[0.003333, 0.05, 0.206667, 0.74]"
d1-omni,typed_customer_service,customer_service_000077,needs_human,noul,1,1,"[""false"", ""true""]","[0.3555510439393581, 0.6444489560606418]","[0.17, 0.83]"
d1-omni,typed_customer_service,customer_service_000077,urgency,score,3,3,"[""0"", ""1"", ""2"", ""3""]","[0.0859733593524438, 0.3157083977192922, 0.04206406721367616, 0.5562541757145879]","[0.003333, 0.08, 0.223333, 0.693333]"
d1-omni,typed_customer_service,customer_service_000078,action,choice,2,2,"[""answer_directly"", ""close_no_action"", ""escalate_to_human"", ""execute_refund"", ""request_information""]","[0.0513204871952617, 7.219993027062898e-05, 0.8791103010396317, 3.191363161484397e-05, 0.06946509820322107]","[0.096667, 0.03, 0.8, 0.013333, 0.06]"
d1-omni,typed_customer_service,customer_service_000078,category,choice,4,4,"[""account"", ""billing"", ""delivery"", ""refund"", ""technical""]","[9.045655286000967e-05, 2.965071865995087e-06, 5.03316341664859e-07, 3.8590604787161136e-07, 0.9999056891528845]","[0.033333, 0.036667, 0.01, 0.043333, 0.876667]"
d1-omni,typed_customer_service,customer_service_000078,churn_risk,score,2,2,"[""0"", ""1"", ""2"", ""3""]","[0.001933877295709338, 0.00014229564313943742, 0.9959207518310179, 0.0020030752301332467]","[0.006667, 0.15, 0.516667, 0.326667]"
d1-omni,typed_customer_service,customer_service_000078,needs_human,noul,1,1,"[""false"", ""true""]","[0.3734758362028783, 0.6265241637971217]","[0.16, 0.84]"
d1-omni,typed_customer_service,customer_service_000078,urgency,score,3,3,"[""0"", ""1"", ""2"", ""3""]","[0.0003688404513368694, 0.010906160965207391, 0.022203845861037602, 0.966521152722418]","[0.006667, 0.066667, 0.223333, 0.703333]"
d1-omni,typed_customer_service,customer_service_000079,action,choice,2,2,"[""answer_directly"", ""close_no_action"", ""escalate_to_human"", ""execute_refund"", ""request_information""]","[0.038621639459519394, 3.2539897318982676e-05, 0.8885180637428886, 0.0014614063161705105, 0.07136635058410275]","[0.083333, 0.016667, 0.7, 0.016667, 0.183333]"
d1-omni,typed_customer_service,customer_service_000079,category,choice,1,1,"[""account"", ""billing"", ""delivery"", ""refund"", ""technical""]","[0.0014424102979463914, 0.9976256850572354, 1.383826484281092e-06, 2.8616959667186236e-06, 0.0009276591223673342]","[0.006667, 0.946667, 0.003333, 0.003333, 0.04]"
d1-omni,typed_customer_service,customer_service_000079,churn_risk,score,2,2,"[""0"", ""1"", ""2"", ""3""]","[0.0038178774191426085, 0.001191999621124829, 0.9944549413400054, 0.0005351816197271106]","[0.0, 0.083333, 0.683333, 0.233333]"
d1-omni,typed_customer_service,customer_service_000079,needs_human,noul,1,1,"[""false"", ""true""]","[0.24400255221420766, 0.7559974477857923]","[0.14, 0.86]"
d1-omni,typed_customer_service,customer_service_000079,urgency,score,2,1,"[""0"", ""1"", ""2"", ""3""]","[0.0005232333231400144, 0.9953094813681072, 0.003411909320092839, 0.0007553759886600095]","[0.0, 0.166667, 0.466667, 0.366667]"
d1-omni,typed_customer_service,customer_service_000080,action,choice,2,2,"[""answer_directly"", ""close_no_action"", ""escalate_to_human"", ""execute_refund"", ""request_information""]","[0.32124251593846664, 0.0005603218841386369, 0.49301564649186963, 0.0006399076404510918, 0.18454160804507388]","[0.066667, 0.016667, 0.453846, 0.135897, 0.326923]"
d1-omni,typed_customer_service,customer_service_000080,category,choice,2,2,"[""account"", ""billing"", ""delivery"", ""refund"", ""technical""]","[4.691644628930629e-05, 3.058423262377881e-06, 0.9977040624844463, 5.182276459094392e-06, 0.002240780369543044]","[0.0, 0.016667, 0.633333, 0.033333, 0.316667]"
d1-omni,typed_customer_service,customer_service_000080,churn_risk,score,2,2,"[""0"", ""1"", ""2"", ""3""]","[0.19773021258509912, 0.001856949815258591, 0.42518673500570925, 0.3752261025939331]","[0.05, 0.233333, 0.566667, 0.15]"
d1-omni,typed_customer_service,customer_service_000080,needs_human,noul,1,1,"[""false"", ""true""]","[0.14780103274613932, 0.8521989672538607]","[0.2, 0.8]"
d1-omni,typed_customer_service,customer_service_000080,urgency,score,3,3,"[""0"", ""1"", ""2"", ""3""]","[2.197038226956721e-06, 0.0010484620114124695, 4.268118260474776e-06, 0.9989450728321]","[0.033333, 0.083333, 0.233333, 0.65]"
d1-omni,typed_customer_service,customer_service_000081,action,choice,4,2,"[""answer_directly"", ""close_no_action"", ""escalate_to_human"", ""execute_refund"", ""request_information""]","[0.057522446945893854, 0.00039871664129358504, 0.5361173110567784, 0.00010401145727204775, 0.4058575138987621]","[0.4, 0.003333, 0.18, 0.0, 0.416667]"
d1-omni,typed_customer_service,customer_service_000081,category,choice,4,0,"[""account"", ""billing"", ""delivery"", ""refund"", ""technical""]","[0.7272494206950381, 0.0005428481722734242, 0.0007991500123911977, 3.3960444241230493e-06, 0.27140518507587325]","[0.316667, 0.016667, 0.0, 0.0, 0.666667]"
d1-omni,typed_customer_service,customer_service_000081,churn_risk,score,1,0,"[""0"", ""1"", ""2"", ""3""]","[0.9792836947404846, 0.018806167286239465, 0.001756091886026535, 0.00015404608724938184]","[0.133333, 0.6, 0.23, 0.036667]"
d1-omni,typed_customer_service,customer_service_000081,needs_human,noul,0,1,"[""false"", ""true""]","[0.34620972949234796, 0.6537902705076521]","[0.733333, 0.266667]"
d1-omni,typed_customer_service,customer_service_000081,urgency,score,1,1,"[""0"", ""1"", ""2"", ""3""]","[0.011115242827098583, 0.9831278014570727, 0.004913128340373525, 0.0008438273754553153]","[0.116667, 0.733333, 0.146667, 0.003333]"
d1-omni,typed_customer_service,customer_service_000082,action,choice,2,4,"[""answer_directly"", ""close_no_action"", ""escalate_to_human"", ""execute_refund"", ""request_information""]","[0.23272665573168938, 0.00026398210925735046, 0.35568974176953105, 0.00584614498071232, 0.40547347540880985]","[0.216667, 0.016667, 0.533333, 0.15, 0.083333]"
d1-omni,typed_customer_service,customer_service_000082,category,choice,1,1,"[""account"", ""billing"", ""delivery"", ""refund"", ""technical""]","[0.29266518484508985, 0.7068829065935053, 7.519118692119346e-06, 1.4157733957449852e-05, 0.00043023170875543444]","[0.466667, 0.466667, 0.0, 0.033333, 0.033333]"
d1-omni,typed_customer_service,customer_service_000082,churn_risk,score,2,2,"[""0"", ""1"", ""2"", ""3""]","[0.13375260497978486, 0.0044882395540242976, 0.8257601270068661, 0.035999028459324796]","[0.033333, 0.166667, 0.516667, 0.283333]"
d1-omni,typed_customer_service,customer_service_000082,needs_human,noul,1,0,"[""false"", ""true""]","[0.6864751854850878, 0.31352481451491226]","[0.283333, 0.716667]"
d1-omni,typed_customer_service,customer_service_000082,urgency,score,2,1,"[""0"", ""1"", ""2"", ""3""]","[0.005489255620278415, 0.9636824965228893, 0.02598399494936223, 0.004844252907470075]","[0.05, 0.233333, 0.45, 0.266667]"
d1-omni,typed_customer_service,customer_service_000083,action,choice,4,2,"[""answer_directly"", ""close_no_action"", ""escalate_to_human"", ""execute_refund"", ""request_information""]","[0.059273502444948965, 0.00012740104998807119, 0.5770090989606569, 5.228527680475588e-05, 0.3635377122676013]","[0.25, 0.006667, 0.29, 0.003333, 0.45]"
d1-omni,typed_customer_service,customer_service_000083,category,choice,0,0,"[""account"", ""billing"", ""delivery"", ""refund"", ""technical""]","[0.8741644098559639, 0.00032144329984537534, 8.142037762224875e-06, 3.749045681242905e-07, 0.12550562990186034]","[0.883333, 0.006667, 0.006667, 0.003333, 0.1]"
d1-omni,typed_customer_service,customer_service_000083,churn_risk,score,1,0,"[""0"", ""1"", ""2"", ""3""]","[0.5805611501872403, 0.0940364861180867, 0.26373175926231235, 0.06167060443236064]","[0.1, 0.633333, 0.25, 0.016667]"
d1-omni,typed_customer_service,customer_service_000083,needs_human,noul,0,1,"[""false"", ""true""]","[0.1867615743404322, 0.8132384256595678]","[0.533333, 0.466667]"
d1-omni,typed_customer_service,customer_service_000083,urgency,score,2,1,"[""0"", ""1"", ""2"", ""3""]","[0.02237143556445535, 0.9738158498537818, 0.002822073837213195, 0.0009906407445498249]","[0.016667, 0.15, 0.516667, 0.316667]"
d1-omni,typed_customer_service,customer_service_000084,action,choice,2,2,"[""answer_directly"", ""close_no_action"", ""escalate_to_human"", ""execute_refund"", ""request_information""]","[0.3491820366772081, 0.0008918123969075395, 0.37438905253616517, 0.19140605416498682, 0.08413104422473239]","[0.12, 0.003333, 0.46, 0.25, 0.166667]"
d1-omni,typed_customer_service,customer_service_000084,category,choice,3,3,"[""account"", ""billing"", ""delivery"", ""refund"", ""technical""]","[0.0009945547398033027, 8.341098437313512e-05, 2.4752731332425398e-05, 0.9988945367163307, 2.744828160498303e-06]","[0.006667, 0.043333, 0.003333, 0.946667, 0.0]"
d1-omni,typed_customer_service,customer_service_000084,churn_risk,score,2,0,"[""0"", ""1"", ""2"", ""3""]","[0.9510110968978607, 0.026715926410794837, 0.0025738847725607396, 0.019699091918783676]","[0.043333, 0.173333, 0.516667, 0.266667]"
d1-omni,typed_customer_service,customer_service_000084,needs_human,noul,1,1,"[""false"", ""true""]","[0.3082943338732427, 0.6917056661267573]","[0.39, 0.61]"
d1-omni,typed_customer_service,customer_service_000084,urgency,score,3,1,"[""0"", ""1"", ""2"", ""3""]","[0.0017671036781849133, 0.9897650860151658, 0.007267448263025479, 0.001200362043623831]","[0.036667, 0.113333, 0.416667, 0.433333]"
d1-omni,typed_customer_service,customer_service_000085,action,choice,2,2,"[""answer_directly"", ""close_no_action"", ""escalate_to_human"", ""execute_refund"", ""request_information""]","[0.029337166144221733, 1.0673744165238123e-05, 0.9262328249402738, 1.107563889942087e-06, 0.04441822760744921]","[0.123333, 0.02, 0.776667, 0.006667, 0.073333]"
d1-omni,typed_customer_service,customer_service_000085,category,choice,2,2,"[""account"", ""billing"", ""delivery"", ""refund"", ""technical""]","[0.0006549988980357764, 2.34391077144158e-06, 0.9972513822713314, 5.622752019973694e-06, 0.002085652167841414]","[0.0, 0.0, 0.933333, 0.003333, 0.063333]"
d1-omni,typed_customer_service,customer_service_000085,churn_risk,score,3,3,"[""0"", ""1"", ""2"", ""3""]","[0.002021600856663513, 0.0004599769308390956, 0.025212173468786337, 0.972306248743711]","[0.003333, 0.033333, 0.173333, 0.79]"
d1-omni,typed_customer_service,customer_service_000085,needs_human,noul,1,1,"[""false"", ""true""]","[0.2297727146631272, 0.7702272853368727]","[0.12, 0.88]"
d1-omni,typed_customer_service,customer_service_000085,urgency,score,3,3,"[""0"", ""1"", ""2"", ""3""]","[0.0008323813198718493, 0.2428189324120058, 0.285552360791093, 0.4707963254770295]","[0.006667, 0.066667, 0.3, 0.626667]"
d1-omni,typed_customer_service,customer_service_000086,action,choice,2,2,"[""answer_directly"", ""close_no_action"", ""escalate_to_human"", ""execute_refund"", ""request_information""]","[0.19565381949007843, 0.0006654802773952918, 0.39508684614006345, 0.031138849078530016, 0.37745500501393286]","[0.05, 0.05, 0.6, 0.233333, 0.066667]"
d1-omni,typed_customer_service,customer_service_000086,category,choice,1,1,"[""account"", ""billing"", ""delivery"", ""refund"", ""technical""]","[0.0006485111938278363, 0.9990129073176376, 2.117148629792395e-06, 0.00016428995450789538, 0.00017217438539686197]","[0.016667, 0.86, 0.0, 0.123333, 0.0]"
d1-omni,typed_customer_service,customer_service_000086,churn_risk,score,2,0,"[""0"", ""1"", ""2"", ""3""]","[0.4516545560929851, 0.0057976248561475855, 0.1681129942966461, 0.37443482475422124]","[0.0, 0.183333, 0.6, 0.216667]"
d1-omni,typed_customer_service,customer_service_000086,needs_human,noul,1,1,"[""false"", ""true""]","[0.3583881865609576, 0.6416118134390424]","[0.243333, 0.756667]"
d1-omni,typed_customer_service,customer_service_000086,urgency,score,2,1,"[""0"", ""1"", ""2"", ""3""]","[0.0018894848978223383, 0.9980821283619974, 2.0664848070055165e-05, 7.721892110226806e-06]","[0.0, 0.15, 0.616667, 0.233333]"
d1-omni,typed_customer_service,customer_service_000087,action,choice,2,4,"[""answer_directly"", ""close_no_action"", ""escalate_to_human"", ""execute_refund"", ""request_information""]","[0.1825360581326249, 6.959086903929211e-05, 0.10836045174939576, 1.5649611117817492e-05, 0.7090182496378221]","[0.076667, 0.066667, 0.85, 0.0, 0.006667]"
d1-omni,typed_customer_service,customer_service_000087,category,choice,4,0,"[""account"", ""billing"", ""delivery"", ""refund"", ""technical""]","[0.9107103421468502, 0.00028227421735557354, 5.7797259510676826e-05, 1.4870356749117765e-06, 0.08894809934060852]","[0.433333, 0.0, 0.0, 0.0, 0.566667]"
d1-omni,typed_customer_service,customer_service_000087,churn_risk,score,2,2,"[""0"", ""1"", ""2"", ""3""]","[0.2786172802336912, 0.09666440875497874, 0.5818237332859948, 0.04289457772533531]","[0.0, 0.233333, 0.6, 0.166667]"
d1-omni,typed_customer_service,customer_service_000087,needs_human,noul,1,1,"[""false"", ""true""]","[0.26759949557017243, 0.7324005044298276]","[0.133333, 0.866667]"
d1-omni,typed_customer_service,customer_service_000087,urgency,score,2,1,"[""0"", ""1"", ""2"", ""3""]","[0.023641165565224147, 0.9629683411405984, 0.013055894740718466, 0.000334598553458965]","[0.033333, 0.366667, 0.5, 0.1]"
d1-omni,typed_customer_service,customer_service_000088,action,choice,0,2,"[""answer_directly"", ""close_no_action"", ""escalate_to_human"", ""execute_refund"", ""request_information""]","[0.12135269006826495, 0.0019730108640637688, 0.7897748507723534, 0.017144369379728876, 0.06975507891558883]","[0.483333, 0.016667, 0.316667, 0.0, 0.183333]"
d1-omni,typed_customer_service,customer_service_000088,category,choice,1,1,"[""account"", ""billing"", ""delivery"", ""refund"", ""technical""]","[0.0036759896352995926, 0.9956386066708567, 0.000646320738283733, 5.883063186723618e-06, 3.319989237320168e-05]","[0.05, 0.95, 0.0, 0.0, 0.0]"
d1-omni,typed_customer_service,customer_service_000088,churn_risk,score,2,2,"[""0"", ""1"", ""2"", ""3""]","[0.016311362278468054, 0.012074319071168188, 0.8750525783542583, 0.0965617402961054]","[0.033333, 0.3, 0.583333, 0.083333]"
d1-omni,typed_customer_service,customer_service_000088,needs_human,noul,0,0,"[""false"", ""true""]","[0.5562790407373457, 0.4437209592626542]","[0.6, 0.4]"
d1-omni,typed_customer_service,customer_service_000088,urgency,score,2,1,"[""0"", ""1"", ""2"", ""3""]","[0.036003743145332154, 0.8722912738664593, 0.015485017398446236, 0.0762199655897623]","[0.0, 0.216667, 0.666667, 0.116667]"
d1-omni,typed_customer_service,customer_service_000089,action,choice,0,2,"[""answer_directly"", ""close_no_action"", ""escalate_to_human"", ""execute_refund"", ""request_information""]","[0.06699854966842816, 0.0004890694595242961, 0.6702491616529908, 0.22303035116654207, 0.03923286805251481]","[0.94, 0.006667, 0.025, 0.001667, 0.026667]"
d1-omni,typed_customer_service,customer_service_000089,category,choice,0,0,"[""account"", ""billing"", ""delivery"", ""refund"", ""technical""]","[0.9722352966586343, 0.006973368742755984, 2.772985975337393e-05, 0.015083214521082902, 0.005680390217773341]","[0.943333, 0.041667, 0.005, 0.005, 0.005]"
d1-omni,typed_customer_service,customer_service_000089,churn_risk,score,3,3,"[""0"", ""1"", ""2"", ""3""]","[0.4150885423626289, 0.006162797994219485, 0.03789947822415276, 0.5408491814189988]","[0.006667, 0.01, 0.05, 0.933333]"
d1-omni,typed_customer_service,customer_service_000089,needs_human,noul,0,0,"[""false"", ""true""]","[0.7457688728820089, 0.2542311271179912]","[0.95, 0.05]"
d1-omni,typed_customer_service,customer_service_000089,urgency,score,1,1,"[""0"", ""1"", ""2"", ""3""]","[0.010874017394376028, 0.9865256243248218, 0.0020352029791802727, 0.0005651553016218258]","[0.15, 0.76, 0.08, 0.01]"
d1-omni,typed_customer_service,customer_service_000090,action,choice,2,2,"[""answer_directly"", ""close_no_action"", ""escalate_to_human"", ""execute_refund"", ""request_information""]","[0.3815358298413932, 0.00011831458218761668, 0.47413397663650975, 0.013972292238654324, 0.1302395867012551]","[0.023333, 0.023333, 0.733333, 0.013333, 0.206667]"
d1-omni,typed_customer_service,customer_service_000090,category,choice,0,0,"[""account"", ""billing"", ""delivery"", ""refund"", ""technical""]","[0.9348843763985729, 0.05373032212511936, 0.00013266495684119843, 0.001196367828151714, 0.01005626869131481]","[0.733333, 0.096667, 0.02, 0.023333, 0.126667]"
d1-omni,typed_customer_service,customer_service_000090,churn_risk,score,3,3,"[""0"", ""1"", ""2"", ""3""]","[6.21966710610105e-05, 4.199601031823046e-06, 0.020857887528730773, 0.9790757161991763]","[0.0, 0.023333, 0.11, 0.866667]"
d1-omni,typed_customer_service,customer_service_000090,needs_human,noul,1,1,"[""false"", ""true""]","[0.03433842094638097, 0.9656615790536192]","[0.17, 0.83]"
d1-omni,typed_customer_service,customer_service_000090,urgency,score,3,3,"[""0"", ""1"", ""2"", ""3""]","[3.0180117709179127e-05, 0.010252824354778702, 0.0026955855918946604, 0.9870214099356176]","[0.0, 0.066667, 0.233333, 0.7]"
d1-omni,typed_customer_service,customer_service_000091,action,choice,2,2,"[""answer_directly"", ""close_no_action"", ""escalate_to_human"", ""execute_refund"", ""request_information""]","[0.41367285194544223, 0.0001588698255584752, 0.44576082647551873, 0.004025912319799466, 0.13638153943368111]","[0.083333, 0.016667, 0.7, 0.016667, 0.183333]"
d1-omni,typed_customer_service,customer_service_000091,category,choice,1,1,"[""account"", ""billing"", ""delivery"", ""refund"", ""technical""]","[0.0005273686692294932, 0.9992643918362871, 5.984875881652994e-07, 5.904487152348665e-06, 0.00020173651974265977]","[0.015, 0.97, 0.001667, 0.001667, 0.011667]"
d1-omni,typed_customer_service,customer_service_000091,churn_risk,score,2,2,"[""0"", ""1"", ""2"", ""3""]","[0.04171848229222191, 0.006783803182532406, 0.8876356581646562, 0.06386205636058956]","[0.016667, 0.1, 0.5, 0.383333]"
d1-omni,typed_customer_service,customer_service_000091,needs_human,noul,1,0,"[""false"", ""true""]","[0.506591412384379, 0.49340858761562095]","[0.123333, 0.876667]"
d1-omni,typed_customer_service,customer_service_000091,urgency,score,2,1,"[""0"", ""1"", ""2"", ""3""]","[0.011813978245305185, 0.9607567860935761, 0.001825942437873644, 0.025603293223245213]","[0.016667, 0.183333, 0.533333, 0.266667]"
d1-omni,typed_customer_service,customer_service_000092,action,choice,2,2,"[""answer_directly"", ""close_no_action"", ""escalate_to_human"", ""execute_refund"", ""request_information""]","[0.17525406554272008, 0.0007668965379528845, 0.4957301132703129, 0.00714932844388296, 0.3210995962051312]","[0.073333, 0.023333, 0.483333, 0.02, 0.4]"
d1-omni,typed_customer_service,customer_service_000092,category,choice,2,2,"[""account"", ""billing"", ""delivery"", ""refund"", ""technical""]","[0.002404379621037028, 0.010222155309720145, 0.9871970229665282, 5.971508608734228e-06, 0.00017047059410572635]","[0.006667, 0.006667, 0.886667, 0.056667, 0.043333]"
d1-omni,typed_customer_service,customer_service_000092,churn_risk,score,2,0,"[""0"", ""1"", ""2"", ""3""]","[0.48218027717310447, 0.03927176783977521, 0.4747048254491296, 0.003843129537990761]","[0.016667, 0.233333, 0.55, 0.2]"
d1-omni,typed_customer_service,customer_service_000092,needs_human,noul,1,1,"[""false"", ""true""]","[0.4910898616344704, 0.5089101383655297]","[0.256667, 0.743333]"
d1-omni,typed_customer_service,customer_service_000092,urgency,score,2,1,"[""0"", ""1"", ""2"", ""3""]","[0.002250066392334919, 0.99695894062221, 0.0006548061773343649, 0.0001361868081207318]","[0.013333, 0.116667, 0.516667, 0.353333]"
d1-omni,typed_customer_service,customer_service_000093,action,choice,2,2,"[""answer_directly"", ""close_no_action"", ""escalate_to_human"", ""execute_refund"", ""request_information""]","[0.13839055238967676, 0.0005307861674211282, 0.754736644919745, 0.0006157225226802038, 0.10572629400047698]","[0.066667, 0.006667, 0.783333, 0.01, 0.133333]"
d1-omni,typed_customer_service,customer_service_000093,category,choice,4,4,"[""account"", ""billing"", ""delivery"", ""refund"", ""technical""]","[0.0023546826663623306, 0.0001270066223776443, 1.9477096057775154e-05, 1.7121469079275295e-05, 0.9974817121461229]","[0.05, 0.073333, 0.013333, 0.046667, 0.816667]"
d1-omni,typed_customer_service,customer_service_000093,churn_risk,score,3,3,"[""0"", ""1"", ""2"", ""3""]","[1.2644003094543244e-05, 3.5868231350376676e-07, 0.02029322064230731, 0.9796937766722846]","[0.0, 0.016667, 0.133333, 0.85]"
d1-omni,typed_customer_service,customer_service_000093,needs_human,noul,1,0,"[""false"", ""true""]","[0.5535053068325617, 0.4464946931674382]","[0.133333, 0.866667]"
d1-omni,typed_customer_service,customer_service_000093,urgency,score,3,3,"[""0"", ""1"", ""2"", ""3""]","[0.04286294414689441, 0.07464140669789314, 0.013970027983294086, 0.8685256211719184]","[0.006667, 0.043333, 0.15, 0.8]"
d1-omni,typed_customer_service,customer_service_000094,action,choice,4,0,"[""answer_directly"", ""close_no_action"", ""escalate_to_human"", ""execute_refund"", ""request_information""]","[0.4040272384722157, 0.0005399961635949076, 0.33765983473516975, 0.005093409113358686, 0.2526795215156608]","[0.11, 0.006667, 0.106667, 0.056667, 0.72]"
d1-omni,typed_customer_service,customer_service_000094,category,choice,1,1,"[""account"", ""billing"", ""delivery"", ""refund"", ""technical""]","[0.006966087801873097, 0.9894096543997485, 1.673595942823725e-05, 0.0006231246779485818, 0.0029843971610015924]","[0.016667, 0.883333, 0.003333, 0.08, 0.016667]"
d1-omni,typed_customer_service,customer_service_000094,churn_risk,score,2,0,"[""0"", ""1"", ""2"", ""3""]","[0.8787636309574981, 0.07814717072122875, 0.03991368387117229, 0.0031755144501008975]","[0.03, 0.203333, 0.65, 0.116667]"
d1-omni,typed_customer_service,customer_service_000094,needs_human,noul,1,1,"[""false"", ""true""]","[0.45968247200586415, 0.5403175279941358]","[0.44, 0.56]"
d1-omni,typed_customer_service,customer_service_000094,urgency,score,3,3,"[""0"", ""1"", ""2"", ""3""]","[6.261889748846505e-05, 0.028625905263969482, 0.0015230553323108068, 0.9697884205062313]","[0.0, 0.023333, 0.126667, 0.85]"
d1-omni,typed_customer_service,customer_service_000095,action,choice,4,2,"[""answer_directly"", ""close_no_action"", ""escalate_to_human"", ""execute_refund"", ""request_information""]","[0.21801546188428708, 0.0011257541914744295, 0.5252311727949391, 0.0024781574173946613, 0.2531494537119046]","[0.116667, 0.026667, 0.14, 0.116667, 0.6]"
d1-omni,typed_customer_service,customer_service_000095,category,choice,2,2,"[""account"", ""billing"", ""delivery"", ""refund"", ""technical""]","[0.003519127699832333, 0.004634847171501778, 0.9911220627624655, 5.75518739866073e-05, 0.0006664104922136624]","[0.016667, 0.036667, 0.84, 0.076667, 0.03]"
d1-omni,typed_customer_service,customer_service_000095,churn_risk,score,1,0,"[""0"", ""1"", ""2"", ""3""]","[0.9397143947642601, 0.022601969493826472, 0.03340354447205331, 0.00428009126986022]","[0.1, 0.5, 0.333333, 0.066667]"
d1-omni,typed_customer_service,customer_service_000095,needs_human,noul,1,1,"[""false"", ""true""]","[0.21082722521669045, 0.7891727747833095]","[0.356667, 0.643333]"
d1-omni,typed_customer_service,customer_service_000095,urgency,score,1,1,"[""0"", ""1"", ""2"", ""3""]","[0.03230568156403964, 0.9664997596932197, 0.0010223645620399122, 0.00017219418070078317]","[0.05, 0.6, 0.283333, 0.066667]"
d1-omni,typed_customer_service,customer_service_000096,action,choice,3,2,"[""answer_directly"", ""close_no_action"", ""escalate_to_human"", ""execute_refund"", ""request_information""]","[0.2535074951568075, 0.000922362298752543, 0.37944659032306083, 0.25888647388933866, 0.10723707833204037]","[0.046667, 0.0, 0.416667, 0.45, 0.086667]"
d1-omni,typed_customer_service,customer_service_000096,category,choice,3,3,"[""account"", ""billing"", ""delivery"", ""refund"", ""technical""]","[0.0008308209178656219, 0.010161087595820472, 8.519322128429197e-06, 0.9889961834125867, 3.388751598866787e-06]","[0.01, 0.06, 0.003333, 0.926667, 0.0]"
d1-omni,typed_customer_service,customer_service_000096,churn_risk,score,3,3,"[""0"", ""1"", ""2"", ""3""]","[0.0021611734113995496, 0.0001376205490997973, 0.0019832039626490627, 0.9957180020768515]","[0.0, 0.0, 0.133333, 0.866667]"
d1-omni,typed_customer_service,customer_service_000096,needs_human,noul,1,1,"[""false"", ""true""]","[0.18057574650337208, 0.819424253496628]","[0.316667, 0.683333]"
d1-omni,typed_customer_service,customer_service_000096,urgency,score,3,3,"[""0"", ""1"", ""2"", ""3""]","[0.00014420111213577278, 0.013603519813804567, 0.029481607091192148, 0.9567706719828675]","[0.0, 0.016667, 0.45, 0.533333]"
d1-omni,typed_customer_service,customer_service_000097,action,choice,2,2,"[""answer_directly"", ""close_no_action"", ""escalate_to_human"", ""execute_refund"", ""request_information""]","[0.08450502810289169, 0.00042025227036600755, 0.673504356125219, 1.3721727968122431e-05, 0.24155664177355524]","[0.023333, 0.01, 0.866667, 0.0, 0.1]"
d1-omni,typed_customer_service,customer_service_000097,category,choice,4,4,"[""account"", ""billing"", ""delivery"", ""refund"", ""technical""]","[0.0026366622933663092, 3.681054058496162e-05, 1.678739789275596e-05, 1.0986333043296591e-06, 0.9973086411348516]","[0.026667, 0.03, 0.01, 0.0, 0.933333]"
d1-omni,typed_customer_service,customer_service_000097,churn_risk,score,3,0,"[""0"", ""1"", ""2"", ""3""]","[0.8637301839882255, 0.026082398125564298, 0.09247011204014005, 0.017717305846070123]","[0.0, 0.05, 0.183333, 0.766667]"
d1-omni,typed_customer_service,customer_service_000097,needs_human,noul,1,1,"[""false"", ""true""]","[0.23669259887773206, 0.7633074011222679]","[0.123333, 0.876667]"
d1-omni,typed_customer_service,customer_service_000097,urgency,score,2,3,"[""0"", ""1"", ""2"", ""3""]","[0.0007175712008990449, 0.030931924496673018, 0.010773628322261208, 0.9575768759801668]","[0.006667, 0.06, 0.533333, 0.4]"
d1-omni,typed_customer_service,customer_service_000098,action,choice,3,0,"[""answer_directly"", ""close_no_action"", ""escalate_to_human"", ""execute_refund"", ""request_information""]","[0.47216232106198364, 0.0002896269504789885, 0.2766228227244869, 0.08014883167664424, 0.17077639758640611]","[0.116667, 0.0, 0.316667, 0.466667, 0.1]"
d1-omni,typed_customer_service,customer_service_000098,category,choice,1,1,"[""account"", ""billing"", ""delivery"", ""refund"", ""technical""]","[0.001460240242298572, 0.9981908286446265, 2.4783655072007506e-05, 0.00032139920456519187, 2.7482534378602187e-06]","[0.033333, 0.866667, 0.0, 0.1, 0.0]"
d1-omni,typed_customer_service,customer_service_000098,churn_risk,score,2,0,"[""0"", ""1"", ""2"", ""3""]","[0.8806108555874765, 0.0576305868798408, 0.061108257645884165, 0.0006502998867984494]","[0.0, 0.2, 0.616667, 0.183333]"
d1-omni,typed_customer_service,customer_service_000098,needs_human,noul,1,1,"[""false"", ""true""]","[0.24391238410669006, 0.75608761589331]","[0.466667, 0.533333]"
d1-omni,typed_customer_service,customer_service_000098,urgency,score,3,3,"[""0"", ""1"", ""2"", ""3""]","[0.0011422529581952463, 0.08829284702911842, 0.2228369403692805, 0.6877279596434057]","[0.0, 0.016667, 0.15, 0.833333]"
d1-omni,typed_customer_service,customer_service_000099,action,choice,0,0,"[""answer_directly"", ""close_no_action"", ""escalate_to_human"", ""execute_refund"", ""request_information""]","[0.7412517287899751, 0.002359242343846145, 0.06376569516887973, 1.0104395153720814e-05, 0.19261322930214525]","[0.586667, 0.04, 0.083333, 0.0, 0.29]"
d1-omni,typed_customer_service,customer_service_000099,category,choice,0,0,"[""account"", ""billing"", ""delivery"", ""refund"", ""technical""]","[0.9573105005197712, 0.000295128340261528, 0.001162704517108591, 4.048510201285217e-06, 0.04122761811265775]","[0.92, 0.046667, 0.01, 0.01, 0.013333]"
d1-omni,typed_customer_service,customer_service_000099,churn_risk,score,0,0,"[""0"", ""1"", ""2"", ""3""]","[0.9233573540263017, 0.001399098813966779, 0.00320257074161768, 0.07204097641811366]","[0.533333, 0.333333, 0.116667, 0.016667]"
d1-omni,typed_customer_service,customer_service_000099,needs_human,noul,0,1,"[""false"", ""true""]","[0.15778459265406072, 0.8422154073459392]","[0.6, 0.4]"
d1-omni,typed_customer_service,customer_service_000099,urgency,score,3,3,"[""0"", ""1"", ""2"", ""3""]","[9.887555831276232e-06, 0.0024005752994264223, 0.00033519570402860266, 0.9972543414407136]","[0.006667, 0.043333, 0.116667, 0.833333]"
d1-omni,typed_invoice_processing,invoice_processing_000000,discrepancy_severity,score,2,0,"[""0"", ""1"", ""2"", ""3""]","[0.7151667408468546, 0.03150481424459751, 0.1296941867822073, 0.12363425812634053]","[0.38, 0.053333, 0.45, 0.116667]"
d1-omni,typed_invoice_processing,invoice_processing_000000,disposition,choice,0,0,"[""approve"", ""hold"", ""manual_review"", ""reject""]","[0.44264728076274074, 0.1690385528390612, 0.3580294123422463, 0.03028475405595184]","[0.44, 0.186667, 0.353333, 0.02]"
d1-omni,typed_invoice_processing,invoice_processing_000000,duplicate,noul,0,0,"[""false"", ""true""]","[0.99367643910177, 0.006323560898229969]","[0.963333, 0.036667]"
d1-omni,typed_invoice_processing,invoice_processing_000000,matches_order,noul,0,1,"[""false"", ""true""]","[0.24812404372509375, 0.7518759562749062]","[0.52, 0.48]"
d1-omni,typed_invoice_processing,invoice_processing_000000,urgency,score,2,1,"[""0"", ""1"", ""2"", ""3""]","[0.09693234503479911, 0.7684117210296414, 0.07133397741933695, 0.0633219565162227]","[0.016667, 0.2, 0.566667, 0.216667]"
d1-omni,typed_invoice_processing,invoice_processing_000001,discrepancy_severity,score,3,0,"[""0"", ""1"", ""2"", ""3""]","[0.512049336686128, 0.007812160061812267, 0.13539830983442613, 0.34474019341763373]","[0.016667, 0.026667, 0.106667, 0.85]"
d1-omni,typed_invoice_processing,invoice_processing_000001,disposition,choice,2,0,"[""approve"", ""hold"", ""manual_review"", ""reject""]","[0.397483437069335, 0.2084133552699001, 0.37440525739734176, 0.01969795026342335]","[0.033333, 0.416667, 0.483333, 0.066667]"
d1-omni,typed_invoice_processing,invoice_processing_000001,duplicate,noul,0,0,"[""false"", ""true""]","[0.9846457360094626, 0.015354263990537437]","[0.97, 0.03]"
d1-omni,typed_invoice_processing,invoice_processing_000001,matches_order,noul,0,1,"[""false"", ""true""]","[0.17909937981224164, 0.8209006201877584]","[0.95, 0.05]"
d1-omni,typed_invoice_processing,invoice_processing_000001,urgency,score,2,1,"[""0"", ""1"", ""2"", ""3""]","[0.10357753289256787, 0.7593842917065803, 0.07518921359954327, 0.061848961801308736]","[0.033333, 0.283333, 0.583333, 0.1]"
d1-omni,typed_invoice_processing,invoice_processing_000002,discrepancy_severity,score,0,0,"[""0"", ""1"", ""2"", ""3""]","[0.7124033293302713, 0.011216646040928957, 0.13825749043426974, 0.1381225341945299]","[0.976667, 0.02, 0.003333, 0.0]"
d1-omni,typed_invoice_processing,invoice_processing_000002,disposition,choice,0,0,"[""approve"", ""hold"", ""manual_review"", ""reject""]","[0.4600944052159003, 0.15615751489249347, 0.3829946494010773, 0.0007534304905289798]","[0.963333, 0.016667, 0.016667, 0.003333]"
d1-omni,typed_invoice_processing,invoice_processing_000002,duplicate,noul,0,0,"[""false"", ""true""]","[0.9974805730616225, 0.002519426938377523]","[0.983333, 0.016667]"
d1-omni,typed_invoice_processing,invoice_processing_000002,matches_order,noul,1,1,"[""false"", ""true""]","[0.2405514825458041, 0.7594485174541958]","[0.013333, 0.986667]"
d1-omni,typed_invoice_processing,invoice_processing_000002,urgency,score,2,1,"[""0"", ""1"", ""2"", ""3""]","[0.14979211285454266, 0.6967020843417818, 0.08857573932393667, 0.06493006347973887]","[0.0, 0.133333, 0.733333, 0.133333]"
d1-omni,typed_invoice_processing,invoice_processing_000003,discrepancy_severity,score,2,0,"[""0"", ""1"", ""2"", ""3""]","[0.5505509806823808, 0.02642467720996922, 0.20784619807211432, 0.21517814403553573]","[0.0, 0.2, 0.6, 0.2]"
d1-omni,typed_invoice_processing,invoice_processing_000003,disposition,choice,1,2,"[""approve"", ""hold"", ""manual_review"", ""reject""]","[0.2986233643504172, 0.11762980689081014, 0.5650986985050482, 0.01864813025372441]","[0.033333, 0.566667, 0.333333, 0.066667]"
d1-omni,typed_invoice_processing,invoice_processing_000003,duplicate,noul,0,0,"[""false"", ""true""]","[0.9959946594585742, 0.004005340541425712]","[0.96, 0.04]"
d1-omni,typed_invoice_processing,invoice_processing_000003,matches_order,noul,0,0,"[""false"", ""true""]","[0.9855660505575228, 0.01443394944247731]","[0.916667, 0.083333]"
d1-omni,typed_invoice_processing,invoice_processing_000003,urgency,score,2,1,"[""0"", ""1"", ""2"", ""3""]","[0.08074888692703928, 0.7804720386746277, 0.0876520764463778, 0.051126997951955196]","[0.0, 0.083333, 0.6, 0.316667]"
d1-omni,typed_invoice_processing,invoice_processing_000004,discrepancy_severity,score,3,0,"[""0"", ""1"", ""2"", ""3""]","[0.8927546494957166, 0.011312444643287149, 0.05927296279391391, 0.036659943067082444]","[0.0, 0.016667, 0.166667, 0.816667]"
d1-omni,typed_invoice_processing,invoice_processing_000004,disposition,choice,2,0,"[""approve"", ""hold"", ""manual_review"", ""reject""]","[0.5506289456310486, 0.11649386192912076, 0.32562023982369354, 0.0072569526161371245]","[0.02, 0.476667, 0.483333, 0.02]"
d1-omni,typed_invoice_processing,invoice_processing_000004,duplicate,noul,0,0,"[""false"", ""true""]","[0.9971174450795607, 0.0028825549204393084]","[0.983333, 0.016667]"
d1-omni,typed_invoice_processing,invoice_processing_000004,matches_order,noul,0,1,"[""false"", ""true""]","[0.2620384798172279, 0.7379615201827721]","[0.943333, 0.056667]"
d1-omni,typed_invoice_processing,invoice_processing_000004,urgency,score,2,1,"[""0"", ""1"", ""2"", ""3""]","[0.03498595744544903, 0.8741124511994864, 0.06704323407741167, 0.0238583572776528]","[0.0, 0.216667, 0.583333, 0.2]"
d1-omni,typed_invoice_processing,invoice_processing_000005,discrepancy_severity,score,2,2,"[""0"", ""1"", ""2"", ""3""]","[0.4034218988558864, 0.00983184795896832, 0.43006991002766737, 0.15667634315747783]","[0.133333, 0.1, 0.566667, 0.2]"
d1-omni,typed_invoice_processing,invoice_processing_000005,disposition,choice,2,2,"[""approve"", ""hold"", ""manual_review"", ""reject""]","[0.3862063928776764, 0.10735042409753798, 0.5037080590571309, 0.0027351239676547353]","[0.216667, 0.166667, 0.6, 0.016667]"
d1-omni,typed_invoice_processing,invoice_processing_000005,duplicate,noul,0,0,"[""false"", ""true""]","[0.9973938358930421, 0.0026061641069577922]","[0.95, 0.05]"
d1-omni,typed_invoice_processing,invoice_processing_000005,matches_order,noul,0,1,"[""false"", ""true""]","[0.44601201998098083, 0.5539879800190192]","[0.733333, 0.266667]"
d1-omni,typed_invoice_processing,invoice_processing_000005,urgency,score,2,1,"[""0"", ""1"", ""2"", ""3""]","[0.11513073792899763, 0.7052613586038362, 0.08673566375379121, 0.09287223971337503]","[0.0, 0.233333, 0.666667, 0.1]"
d1-omni,typed_invoice_processing,invoice_processing_000006,discrepancy_severity,score,2,0,"[""0"", ""1"", ""2"", ""3""]","[0.7068591855803084, 0.02524934404104143, 0.17907140110368858, 0.08882006927496168]","[0.3, 0.1, 0.45, 0.15]"
d1-omni,typed_invoice_processing,invoice_processing_000006,disposition,choice,2,0,"[""approve"", ""hold"", ""manual_review"", ""reject""]","[0.5199319808496671, 0.16408386454115975, 0.31255701711107003, 0.003427137498103147]","[0.383333, 0.166667, 0.433333, 0.016667]"
d1-omni,typed_invoice_processing,invoice_processing_000006,duplicate,noul,0,0,"[""false"", ""true""]","[0.9963322145766162, 0.0036677854233837987]","[0.973333, 0.026667]"
d1-omni,typed_invoice_processing,invoice_processing_000006,matches_order,noul,0,1,"[""false"", ""true""]","[0.348201743900068, 0.6517982560999319]","[0.616667, 0.383333]"
d1-omni,typed_invoice_processing,invoice_processing_000006,urgency,score,1,1,"[""0"", ""1"", ""2"", ""3""]","[0.06919284415427196, 0.8667315064952779, 0.0363909074240225, 0.02768474192642749]","[0.033333, 0.483333, 0.4, 0.083333]"
d1-omni,typed_invoice_processing,invoice_processing_000007,discrepancy_severity,score,3,0,"[""0"", ""1"", ""2"", ""3""]","[0.8232708339521568, 0.02062024680918394, 0.09972787962976506, 0.05638103960889399]","[0.0, 0.013333, 0.07, 0.916667]"
d1-omni,typed_invoice_processing,invoice_processing_000007,disposition,choice,2,0,"[""approve"", ""hold"", ""manual_review"", ""reject""]","[0.5182950159442518, 0.1474103655382957, 0.32981048701420984, 0.004484131503242762]","[0.013333, 0.176667, 0.756667, 0.053333]"
d1-omni,typed_invoice_processing,invoice_processing_000007,duplicate,noul,0,0,"[""false"", ""true""]","[0.9984796677301504, 0.0015203322698496885]","[0.99, 0.01]"
d1-omni,typed_invoice_processing,invoice_processing_000007,matches_order,noul,0,1,"[""false"", ""true""]","[0.23124817104311432, 0.7687518289568857]","[0.983333, 0.016667]"
d1-omni,typed_invoice_processing,invoice_processing_000007,urgency,score,2,1,"[""0"", ""1"", ""2"", ""3""]","[0.033982281523331076, 0.8420169670406953, 0.05440969507662885, 0.06959105635934482]","[0.016667, 0.126667, 0.59, 0.266667]"
d1-omni,typed_invoice_processing,invoice_processing_000008,discrepancy_severity,score,3,0,"[""0"", ""1"", ""2"", ""3""]","[0.76621302410848, 0.016527644466820857, 0.1934454416939376, 0.023813889730761574]","[0.006667, 0.026667, 0.133333, 0.833333]"
d1-omni,typed_invoice_processing,invoice_processing_000008,disposition,choice,2,0,"[""approve"", ""hold"", ""manual_review"", ""reject""]","[0.4245361034839985, 0.2232237874783329, 0.3377061865381187, 0.014533922499549889]","[0.016667, 0.343333, 0.566667, 0.073333]"
d1-omni,typed_invoice_processing,invoice_processing_000008,duplicate,noul,0,0,"[""false"", ""true""]","[0.9944827120616182, 0.005517287938381774]","[0.963333, 0.036667]"
d1-omni,typed_invoice_processing,invoice_processing_000008,matches_order,noul,0,1,"[""false"", ""true""]","[0.3577217194874026, 0.6422782805125975]","[0.916667, 0.083333]"
d1-omni,typed_invoice_processing,invoice_processing_000008,urgency,score,2,1,"[""0"", ""1"", ""2"", ""3""]","[0.11939287214153693, 0.7263876149150846, 0.11303893776506967, 0.041180575178308795]","[0.033333, 0.366667, 0.5, 0.1]"
d1-omni,typed_invoice_processing,invoice_processing_000009,discrepancy_severity,score,2,0,"[""0"", ""1"", ""2"", ""3""]","[0.8186130718616867, 0.03977335163895125, 0.09844000339724163, 0.04317357310212028]","[0.283333, 0.166667, 0.483333, 0.066667]"
d1-omni,typed_invoice_processing,invoice_processing_000009,disposition,choice,1,0,"[""approve"", ""hold"", ""manual_review"", ""reject""]","[0.5142036423984654, 0.15874933161800042, 0.29578741911550754, 0.03125960686802665]","[0.256667, 0.376667, 0.366667, 0.0]"
d1-omni,typed_invoice_processing,invoice_processing_000009,duplicate,noul,0,0,"[""false"", ""true""]","[0.9958640229031571, 0.0041359770968427915]","[0.976667, 0.023333]"
d1-omni,typed_invoice_processing,invoice_processing_000009,matches_order,noul,1,1,"[""false"", ""true""]","[0.2318750289608693, 0.7681249710391307]","[0.366667, 0.633333]"
d1-omni,typed_invoice_processing,invoice_processing_000009,urgency,score,1,1,"[""0"", ""1"", ""2"", ""3""]","[0.04126934705078517, 0.8845346433700214, 0.050170780028120684, 0.0240252295510726]","[0.066667, 0.75, 0.166667, 0.016667]"
d1-omni,typed_invoice_processing,invoice_processing_000010,discrepancy_severity,score,0,0,"[""0"", ""1"", ""2"", ""3""]","[0.9052943758068749, 0.0017847104188125503, 0.08157491072542276, 0.011346003048889794]","[0.97, 0.021667, 0.006333, 0.002]"
d1-omni,typed_invoice_processing,invoice_processing_000010,disposition,choice,0,0,"[""approve"", ""hold"", ""manual_review"", ""reject""]","[0.592059228144384, 0.17145980214578352, 0.22759142291699946, 0.008889546792832997]","[0.9, 0.043333, 0.046667, 0.01]"
d1-omni,typed_invoice_processing,invoice_processing_000010,duplicate,noul,0,0,"[""false"", ""true""]","[0.9981076967046333, 0.0018923032953666666]","[0.986667, 0.013333]"
d1-omni,typed_invoice_processing,invoice_processing_000010,matches_order,noul,1,1,"[""false"", ""true""]","[0.14813962579230028, 0.8518603742076998]","[0.023333, 0.976667]"
d1-omni,typed_invoice_processing,invoice_processing_000010,urgency,score,2,1,"[""0"", ""1"", ""2"", ""3""]","[0.037003967341600524, 0.8904164656226944, 0.06089017352925206, 0.011689393506452988]","[0.02, 0.2, 0.666667, 0.113333]"
d1-omni,typed_invoice_processing,invoice_processing_000011,discrepancy_severity,score,0,0,"[""0"", ""1"", ""2"", ""3""]","[0.8606404328654228, 0.020073007176417707, 0.10766919538266298, 0.011617364575496449]","[0.993333, 0.005, 0.001333, 0.000333]"
d1-omni,typed_invoice_processing,invoice_processing_000011,disposition,choice,0,0,"[""approve"", ""hold"", ""manual_review"", ""reject""]","[0.45156386547906396, 0.13299408673894467, 0.4133174426213988, 0.002124605160592635]","[0.983333, 0.008, 0.008, 0.000667]"
d1-omni,typed_invoice_processing,invoice_processing_000011,duplicate,noul,0,0,"[""false"", ""true""]","[0.9966048510225843, 0.003395148977415663]","[0.996667, 0.003333]"
d1-omni,typed_invoice_processing,invoice_processing_000011,matches_order,noul,1,1,"[""false"", ""true""]","[0.1337259486412161, 0.8662740513587838]","[0.003333, 0.996667]"
d1-omni,typed_invoice_processing,invoice_processing_000011,urgency,score,1,1,"[""0"", ""1"", ""2"", ""3""]","[0.03063262768225097, 0.8409784655678839, 0.06957314640842971, 0.05881576034143537]","[0.033333, 0.8, 0.15, 0.016667]"
d1-omni,typed_invoice_processing,invoice_processing_000012,discrepancy_severity,score,0,0,"[""0"", ""1"", ""2"", ""3""]","[0.8281896839130531, 0.005775561294695129, 0.09941853879793743, 0.0666162159943143]","[0.606667, 0.056667, 0.016667, 0.32]"
d1-omni,typed_invoice_processing,invoice_processing_000012,disposition,choice,3,0,"[""approve"", ""hold"", ""manual_review"", ""reject""]","[0.5040892193910319, 0.11424878172656598, 0.37515644877004733, 0.006505550112354805]","[0.256667, 0.15, 0.093333, 0.5]"
d1-omni,typed_invoice_processing,invoice_processing_000012,duplicate,noul,1,0,"[""false"", ""true""]","[0.6242362232370461, 0.37576377676295397]","[0.27, 0.73]"
d1-omni,typed_invoice_processing,invoice_processing_000012,matches_order,noul,1,1,"[""false"", ""true""]","[0.17624586113341445, 0.8237541388665856]","[0.023333, 0.976667]"
d1-omni,typed_invoice_processing,invoice_processing_000012,urgency,score,2,1,"[""0"", ""1"", ""2"", ""3""]","[0.12446583938490931, 0.6948929572094117, 0.11669667646660775, 0.06394452693907124]","[0.016667, 0.116667, 0.533333, 0.333333]"
d1-omni,typed_invoice_processing,invoice_processing_000013,discrepancy_severity,score,3,0,"[""0"", ""1"", ""2"", ""3""]","[0.6759369087970277, 0.015680654830879184, 0.2089868597585691, 0.09939557661352395]","[0.0, 0.0, 0.133333, 0.866667]"
d1-omni,typed_invoice_processing,invoice_processing_000013,disposition,choice,2,2,"[""approve"", ""hold"", ""manual_review"", ""reject""]","[0.33299665436223325, 0.2026641775466295, 0.4616432833156959, 0.0026958847754414757]","[0.016667, 0.1, 0.85, 0.033333]"
d1-omni,typed_invoice_processing,invoice_processing_000013,duplicate,noul,0,0,"[""false"", ""true""]","[0.9979012062962063, 0.0020987937037936742]","[0.96, 0.04]"
d1-omni,typed_invoice_processing,invoice_processing_000013,matches_order,noul,0,1,"[""false"", ""true""]","[0.15508043959234954, 0.8449195604076505]","[0.983333, 0.016667]"
d1-omni,typed_invoice_processing,invoice_processing_000013,urgency,score,1,1,"[""0"", ""1"", ""2"", ""3""]","[0.12173907355844558, 0.7277561104749671, 0.07921712232581951, 0.07128769364076779]","[0.083333, 0.666667, 0.183333, 0.066667]"
d1-omni,typed_invoice_processing,invoice_processing_000014,discrepancy_severity,score,1,0,"[""0"", ""1"", ""2"", ""3""]","[0.8917871055606127, 0.001757224279938563, 0.07136708663873347, 0.035088583520715214]","[0.216667, 0.4, 0.333333, 0.05]"
d1-omni,typed_invoice_processing,invoice_processing_000014,disposition,choice,0,0,"[""approve"", ""hold"", ""manual_review"", ""reject""]","[0.5178493616545153, 0.17490362520907604, 0.2858832527833529, 0.02136376035305571]","[0.483333, 0.4, 0.116667, 0.0]"
d1-omni,typed_invoice_processing,invoice_processing_000014,duplicate,noul,0,0,"[""false"", ""true""]","[0.9967428260756432, 0.0032571739243568384]","[0.95, 0.05]"
d1-omni,typed_invoice_processing,invoice_processing_000014,matches_order,noul,1,1,"[""false"", ""true""]","[0.14990440500129318, 0.8500955949987068]","[0.4, 0.6]"
d1-omni,typed_invoice_processing,invoice_processing_000014,urgency,score,2,1,"[""0"", ""1"", ""2"", ""3""]","[0.06314689477818684, 0.8109429872516234, 0.10249747365798102, 0.023412644312208682]","[0.0, 0.133333, 0.6, 0.266667]"
d1-omni,typed_invoice_processing,invoice_processing_000015,discrepancy_severity,score,0,0,"[""0"", ""1"", ""2"", ""3""]","[0.820779389142799, 0.014883370823304178, 0.11105329189115189, 0.0532839481427448]","[0.986667, 0.006667, 0.003333, 0.003333]"
d1-omni,typed_invoice_processing,invoice_processing_000015,disposition,choice,0,0,"[""approve"", ""hold"", ""manual_review"", ""reject""]","[0.4309701793096415, 0.19074060495273054, 0.36026488636739196, 0.018024329370236063]","[0.946667, 0.026667, 0.023333, 0.003333]"
d1-omni,typed_invoice_processing,invoice_processing_000015,duplicate,noul,0,0,"[""false"", ""true""]","[0.9991503400151749, 0.0008496599848250542]","[0.98, 0.02]"
d1-omni,typed_invoice_processing,invoice_processing_000015,matches_order,noul,1,1,"[""false"", ""true""]","[0.1543600391674817, 0.8456399608325182]","[0.006667, 0.993333]"
d1-omni,typed_invoice_processing,invoice_processing_000015,urgency,score,2,1,"[""0"", ""1"", ""2"", ""3""]","[0.10836367003334467, 0.7964160875690476, 0.0621065866829801, 0.03311365571462761]","[0.0, 0.25, 0.666667, 0.083333]"
d1-omni,typed_invoice_processing,invoice_processing_000016,discrepancy_severity,score,3,0,"[""0"", ""1"", ""2"", ""3""]","[0.7367993257962826, 0.03123911642609672, 0.1781956422453201, 0.053765915532300514]","[0.0, 0.006667, 0.093333, 0.9]"
d1-omni,typed_invoice_processing,invoice_processing_000016,disposition,choice,2,0,"[""approve"", ""hold"", ""manual_review"", ""reject""]","[0.4659612880352303, 0.1599348651657084, 0.3704777904380515, 0.003626056361009663]","[0.016667, 0.2, 0.733333, 0.05]"
d1-omni,typed_invoice_processing,invoice_processing_000016,duplicate,noul,0,0,"[""false"", ""true""]","[0.999451521058119, 0.0005484789418809175]","[0.973333, 0.026667]"
d1-omni,typed_invoice_processing,invoice_processing_000016,matches_order,noul,0,1,"[""false"", ""true""]","[0.29787818669250093, 0.7021218133074991]","[0.98, 0.02]"
d1-omni,typed_invoice_processing,invoice_processing_000016,urgency,score,2,1,"[""0"", ""1"", ""2"", ""3""]","[0.03328645091684973, 0.8835597615998404, 0.05651165442824885, 0.026642133055061072]","[0.033333, 0.266667, 0.366667, 0.333333]"
d1-omni,typed_invoice_processing,invoice_processing_000017,discrepancy_severity,score,2,0,"[""0"", ""1"", ""2"", ""3""]","[0.575297048915792, 0.020347693527571646, 0.20045009173907505, 0.20390516581756116]","[0.02, 0.063333, 0.683333, 0.233333]"
d1-omni,typed_invoice_processing,invoice_processing_000017,disposition,choice,2,2,"[""approve"", ""hold"", ""manual_review"", ""reject""]","[0.38894509255362064, 0.19679525028580105, 0.40503179422379343, 0.009227862936785]","[0.05, 0.35, 0.566667, 0.033333]"
d1-omni,typed_invoice_processing,invoice_processing_000017,duplicate,noul,0,0,"[""false"", ""true""]","[0.9983998158983625, 0.0016001841016375171]","[0.973333, 0.026667]"
d1-omni,typed_invoice_processing,invoice_processing_000017,matches_order,noul,0,1,"[""false"", ""true""]","[0.23736593396503586, 0.7626340660349641]","[0.91, 0.09]"
d1-omni,typed_invoice_processing,invoice_processing_000017,urgency,score,1,1,"[""0"", ""1"", ""2"", ""3""]","[0.11213196160121831, 0.7521958649032355, 0.06604785070395879, 0.06962432279158749]","[0.083333, 0.75, 0.146667, 0.02]"
d1-omni,typed_invoice_processing,invoice_processing_000018,discrepancy_severity,score,3,0,"[""0"", ""1"", ""2"", ""3""]","[0.8787185075601608, 0.010983390594795285, 0.05665665554781242, 0.053641446297231526]","[0.006667, 0.036667, 0.09, 0.866667]"
d1-omni,typed_invoice_processing,invoice_processing_000018,disposition,choice,2,2,"[""approve"", ""hold"", ""manual_review"", ""reject""]","[0.36842290271606776, 0.2452466311955353, 0.3711312574657996, 0.015199208622597328]","[0.04, 0.433333, 0.483333, 0.043333]"
d1-omni,typed_invoice_processing,invoice_processing_000018,duplicate,noul,0,0,"[""false"", ""true""]","[0.9961051206364263, 0.003894879363573657]","[0.973333, 0.026667]"
d1-omni,typed_invoice_processing,invoice_processing_000018,matches_order,noul,0,0,"[""false"", ""true""]","[0.5012206976898615, 0.49877930231013834]","[0.943333, 0.056667]"
d1-omni,typed_invoice_processing,invoice_processing_000018,urgency,score,3,1,"[""0"", ""1"", ""2"", ""3""]","[0.12367413115923397, 0.744395133579318, 0.08047629179547518, 0.05145444346597277]","[0.023333, 0.093333, 0.416667, 0.466667]"
d1-omni,typed_invoice_processing,invoice_processing_000019,discrepancy_severity,score,3,0,"[""0"", ""1"", ""2"", ""3""]","[0.5054525791161434, 0.01895384906306883, 0.24603740247951686, 0.22955616934127093]","[0.006667, 0.043333, 0.283333, 0.666667]"
d1-omni,typed_invoice_processing,invoice_processing_000019,disposition,choice,2,0,"[""approve"", ""hold"", ""manual_review"", ""reject""]","[0.535987609628683, 0.17809277675830626, 0.24719693033303392, 0.038722683279976876]","[0.03, 0.216667, 0.733333, 0.02]"
d1-omni,typed_invoice_processing,invoice_processing_000019,duplicate,noul,0,0,"[""false"", ""true""]","[0.9906237611424413, 0.00937623885755877]","[0.963333, 0.036667]"
d1-omni,typed_invoice_processing,invoice_processing_000019,matches_order,noul,0,1,"[""false"", ""true""]","[0.341582491846175, 0.6584175081538249]","[0.95, 0.05]"
d1-omni,typed_invoice_processing,invoice_processing_000019,urgency,score,2,1,"[""0"", ""1"", ""2"", ""3""]","[0.05923974804992305, 0.8343159948908148, 0.08568973289156775, 0.0207545241676945]","[0.02, 0.133333, 0.633333, 0.213333]"
d1-omni,typed_invoice_processing,invoice_processing_000020,discrepancy_severity,score,0,0,"[""0"", ""1"", ""2"", ""3""]","[0.6336578016200559, 0.013492632050226421, 0.13079460986803018, 0.22205495646168746]","[0.986667, 0.013333, 0.0, 0.0]"
d1-omni,typed_invoice_processing,invoice_processing_000020,disposition,choice,0,0,"[""approve"", ""hold"", ""manual_review"", ""reject""]","[0.5901691081656906, 0.09247086067546213, 0.31385760474407604, 0.0035024264147710733]","[0.97, 0.015, 0.015, 0.0]"
d1-omni,typed_invoice_processing,invoice_processing_000020,duplicate,noul,0,0,"[""false"", ""true""]","[0.9970864042566496, 0.0029135957433502886]","[0.993333, 0.006667]"
d1-omni,typed_invoice_processing,invoice_processing_000020,matches_order,noul,1,1,"[""false"", ""true""]","[0.1321921310172345, 0.8678078689827655]","[0.006667, 0.993333]"
d1-omni,typed_invoice_processing,invoice_processing_000020,urgency,score,2,1,"[""0"", ""1"", ""2"", ""3""]","[0.08123585208810151, 0.8456709327788012, 0.0490799444573106, 0.024013270675786635]","[0.0, 0.406667, 0.576667, 0.016667]"
d1-omni,typed_invoice_processing,invoice_processing_000021,discrepancy_severity,score,0,0,"[""0"", ""1"", ""2"", ""3""]","[0.8180359817355549, 0.011884286411274338, 0.13156664462088632, 0.03851308723228427]","[0.859667, 0.063667, 0.06, 0.016667]"
d1-omni,typed_invoice_processing,invoice_processing_000021,disposition,choice,0,0,"[""approve"", ""hold"", ""manual_review"", ""reject""]","[0.446458190780109, 0.17290412475898806, 0.37467264342832557, 0.00596504103257736]","[0.766333, 0.100333, 0.1, 0.033333]"
d1-omni,typed_invoice_processing,invoice_processing_000021,duplicate,noul,0,0,"[""false"", ""true""]","[0.6110084723465888, 0.3889915276534112]","[0.773333, 0.226667]"
d1-omni,typed_invoice_processing,invoice_processing_000021,matches_order,noul,1,1,"[""false"", ""true""]","[0.15283656619684802, 0.847163433803152]","[0.033667, 0.966333]"
d1-omni,typed_invoice_processing,invoice_processing_000021,urgency,score,1,1,"[""0"", ""1"", ""2"", ""3""]","[0.09687083028611969, 0.7792559250920643, 0.05807062854218762, 0.06580261607962828]","[0.399667, 0.433667, 0.133333, 0.033333]"
d1-omni,typed_invoice_processing,invoice_processing_000022,discrepancy_severity,score,0,0,"[""0"", ""1"", ""2"", ""3""]","[0.545041633129509, 0.01688207706821931, 0.3341547901854026, 0.10392149961686906]","[0.616667, 0.316667, 0.06, 0.006667]"
d1-omni,typed_invoice_processing,invoice_processing_000022,disposition,choice,0,2,"[""approve"", ""hold"", ""manual_review"", ""reject""]","[0.3759559784272689, 0.1527926044104988, 0.4586110693936394, 0.01264034776859292]","[0.776667, 0.123333, 0.096667, 0.003333]"
d1-omni,typed_invoice_processing,invoice_processing_000022,duplicate,noul,0,0,"[""false"", ""true""]","[0.9978044847024032, 0.002195515297596691]","[0.97, 0.03]"
d1-omni,typed_invoice_processing,invoice_processing_000022,matches_order,noul,1,1,"[""false"", ""true""]","[0.2645482963206049, 0.735451703679395]","[0.103333, 0.896667]"
d1-omni,typed_invoice_processing,invoice_processing_000022,urgency,score,2,1,"[""0"", ""1"", ""2"", ""3""]","[0.09404761893874242, 0.768083811056508, 0.07631098378560408, 0.061557586219145574]","[0.006667, 0.26, 0.583333, 0.15]"
d1-omni,typed_invoice_processing,invoice_processing_000023,discrepancy_severity,score,0,0,"[""0"", ""1"", ""2"", ""3""]","[0.8093431947427785, 0.016931185574279573, 0.13527133305624553, 0.03845428662669653]","[0.903333, 0.053333, 0.04, 0.003333]"
d1-omni,typed_invoice_processing,invoice_processing_000023,disposition,choice,0,0,"[""approve"", ""hold"", ""manual_review"", ""reject""]","[0.575110463645181, 0.08502463848706951, 0.33792493772733634, 0.0019399601404132235]","[0.593333, 0.196667, 0.183333, 0.026667]"
d1-omni,typed_invoice_processing,invoice_processing_000023,duplicate,noul,1,0,"[""false"", ""true""]","[0.8382478488229728, 0.16175215117702726]","[0.416667, 0.583333]"
d1-omni,typed_invoice_processing,invoice_processing_000023,matches_order,noul,1,1,"[""false"", ""true""]","[0.18344732416290974, 0.8165526758370903]","[0.036667, 0.963333]"
d1-omni,typed_invoice_processing,invoice_processing_000023,urgency,score,1,1,"[""0"", ""1"", ""2"", ""3""]","[0.07173338787368833, 0.8544817401279254, 0.05017587061526635, 0.023609001383119884]","[0.116667, 0.8, 0.073333, 0.01]"
d1-omni,typed_invoice_processing,invoice_processing_000024,discrepancy_severity,score,0,0,"[""0"", ""1"", ""2"", ""3""]","[0.6275101436195658, 0.010421057341089454, 0.20727851589073917, 0.15479028314860566]","[0.963333, 0.023333, 0.01, 0.003333]"
d1-omni,typed_invoice_processing,invoice_processing_000024,disposition,choice,0,0,"[""approve"", ""hold"", ""manual_review"", ""reject""]","[0.41753769987191514, 0.1601910497686844, 0.4108636792868363, 0.011407571072564172]","[0.956667, 0.023333, 0.013333, 0.006667]"
d1-omni,typed_invoice_processing,invoice_processing_000024,duplicate,noul,0,0,"[""false"", ""true""]","[0.9980444130438281, 0.0019555869561718024]","[0.983333, 0.016667]"
d1-omni,typed_invoice_processing,invoice_processing_000024,matches_order,noul,1,1,"[""false"", ""true""]","[0.1597779176402489, 0.8402220823597512]","[0.017, 0.983]"
d1-omni,typed_invoice_processing,invoice_processing_000024,urgency,score,2,1,"[""0"", ""1"", ""2"", ""3""]","[0.10000193992097015, 0.8079863581457111, 0.04403025511292606, 0.047981446820392716]","[0.016667, 0.433333, 0.466667, 0.083333]"
d1-omni,typed_invoice_processing,invoice_processing_000025,discrepancy_severity,score,3,0,"[""0"", ""1"", ""2"", ""3""]","[0.6675628537716157, 0.04194250195273181, 0.15297046027486721, 0.13752418400078534]","[0.003333, 0.046667, 0.216667, 0.733333]"
d1-omni,typed_invoice_processing,invoice_processing_000025,disposition,choice,2,0,"[""approve"", ""hold"", ""manual_review"", ""reject""]","[0.49682874860809856, 0.20781812841689565, 0.281602456201155, 0.013750666773850862]","[0.026667, 0.263333, 0.676667, 0.033333]"
d1-omni,typed_invoice_processing,invoice_processing_000025,duplicate,noul,0,0,"[""false"", ""true""]","[0.9984900090884204, 0.0015099909115796157]","[0.99, 0.01]"
d1-omni,typed_invoice_processing,invoice_processing_000025,matches_order,noul,0,1,"[""false"", ""true""]","[0.4509637829725795, 0.5490362170274206]","[0.976667, 0.023333]"
d1-omni,typed_invoice_processing,invoice_processing_000025,urgency,score,2,1,"[""0"", ""1"", ""2"", ""3""]","[0.05556917289675606, 0.862483575716395, 0.0679519401761298, 0.013995311210718966]","[0.033333, 0.216667, 0.6, 0.15]"
d1-omni,typed_invoice_processing,invoice_processing_000026,discrepancy_severity,score,0,0,"[""0"", ""1"", ""2"", ""3""]","[0.8195205536369062, 0.02514935930544731, 0.11986379728641644, 0.03546628977122995]","[0.65, 0.023333, 0.023333, 0.303333]"
d1-omni,typed_invoice_processing,invoice_processing_000026,disposition,choice,0,0,"[""approve"", ""hold"", ""manual_review"", ""reject""]","[0.585142646362889, 0.11118675672030093, 0.2963549172541403, 0.007315679662669641]","[0.416667, 0.143333, 0.14, 0.3]"
d1-omni,typed_invoice_processing,invoice_processing_000026,duplicate,noul,1,0,"[""false"", ""true""]","[0.950087807849808, 0.04991219215019197]","[0.456667, 0.543333]"
d1-omni,typed_invoice_processing,invoice_processing_000026,matches_order,noul,1,1,"[""false"", ""true""]","[0.09240071348500582, 0.9075992865149942]","[0.033333, 0.966667]"
d1-omni,typed_invoice_processing,invoice_processing_000026,urgency,score,1,1,"[""0"", ""1"", ""2"", ""3""]","[0.072829256228748, 0.8245809120939009, 0.054546570841529, 0.04804326083582205]","[0.033333, 0.5, 0.45, 0.016667]"
d1-omni,typed_invoice_processing,invoice_processing_000027,discrepancy_severity,score,0,0,"[""0"", ""1"", ""2"", ""3""]","[0.6435293662450027, 0.01971966383258056, 0.2303555366772645, 0.10639543324515231]","[0.533333, 0.333333, 0.116667, 0.016667]"
d1-omni,typed_invoice_processing,invoice_processing_000027,disposition,choice,0,0,"[""approve"", ""hold"", ""manual_review"", ""reject""]","[0.42756127129578486, 0.1644777604911409, 0.40406628827296553, 0.0038946799401088136]","[0.566667, 0.233333, 0.15, 0.05]"
d1-omni,typed_invoice_processing,invoice_processing_000027,duplicate,noul,0,1,"[""false"", ""true""]","[0.09785816609716289, 0.9021418339028371]","[0.55, 0.45]"
d1-omni,typed_invoice_processing,invoice_processing_000027,matches_order,noul,1,1,"[""false"", ""true""]","[0.4061551539781443, 0.5938448460218557]","[0.15, 0.85]"
d1-omni,typed_invoice_processing,invoice_processing_000027,urgency,score,1,1,"[""0"", ""1"", ""2"", ""3""]","[0.10305923669171635, 0.798056255281131, 0.055923017366836456, 0.04296149066031634]","[0.083333, 0.666667, 0.2, 0.05]"
d1-omni,typed_invoice_processing,invoice_processing_000028,discrepancy_severity,score,3,2,"[""0"", ""1"", ""2"", ""3""]","[0.34647209058092193, 0.03742041420372881, 0.3777482821073296, 0.23835921310801972]","[0.006667, 0.043333, 0.2, 0.75]"
d1-omni,typed_invoice_processing,invoice_processing_000028,disposition,choice,1,2,"[""approve"", ""hold"", ""manual_review"", ""reject""]","[0.4066772900222226, 0.15015710597913656, 0.43929378943300545, 0.0038718145656354737]","[0.033333, 0.64, 0.293333, 0.033333]"
d1-omni,typed_invoice_processing,invoice_processing_000028,duplicate,noul,0,0,"[""false"", ""true""]","[0.9933894187307688, 0.006610581269231171]","[0.973333, 0.026667]"
d1-omni,typed_invoice_processing,invoice_processing_000028,matches_order,noul,0,1,"[""false"", ""true""]","[0.3834104619375828, 0.6165895380624171]","[0.943333, 0.056667]"
d1-omni,typed_invoice_processing,invoice_processing_000028,urgency,score,2,1,"[""0"", ""1"", ""2"", ""3""]","[0.12261781211429991, 0.7592374396154903, 0.07364870212628154, 0.04449604614392832]","[0.033333, 0.233333, 0.666667, 0.066667]"
d1-omni,typed_invoice_processing,invoice_processing_000029,discrepancy_severity,score,3,0,"[""0"", ""1"", ""2"", ""3""]","[0.5999239511888218, 0.04022675615879327, 0.22067274764624792, 0.13917654500613705]","[0.016667, 0.05, 0.233333, 0.7]"
d1-omni,typed_invoice_processing,invoice_processing_000029,disposition,choice,2,0,"[""approve"", ""hold"", ""manual_review"", ""reject""]","[0.43210476335194625, 0.16119005162988329, 0.398170765521432, 0.008534419496738471]","[0.013333, 0.226667, 0.736667, 0.023333]"
d1-omni,typed_invoice_processing,invoice_processing_000029,duplicate,noul,0,0,"[""false"", ""true""]","[0.9962088557682033, 0.003791144231796729]","[0.97, 0.03]"
d1-omni,typed_invoice_processing,invoice_processing_000029,matches_order,noul,0,1,"[""false"", ""true""]","[0.305956448386563, 0.6940435516134369]","[0.966667, 0.033333]"
d1-omni,typed_invoice_processing,invoice_processing_000029,urgency,score,2,1,"[""0"", ""1"", ""2"", ""3""]","[0.1580621819516634, 0.7174360893549787, 0.06474199741393712, 0.05975973127942064]","[0.033333, 0.4, 0.5, 0.066667]"
d1-omni,typed_invoice_processing,invoice_processing_000030,discrepancy_severity,score,0,0,"[""0"", ""1"", ""2"", ""3""]","[0.8404237534190836, 0.008175108353434558, 0.0860225226672085, 0.06537861556027333]","[0.923333, 0.05, 0.023333, 0.003333]"
d1-omni,typed_invoice_processing,invoice_processing_000030,disposition,choice,3,0,"[""approve"", ""hold"", ""manual_review"", ""reject""]","[0.52493444291123, 0.1880413935250515, 0.25862722796410986, 0.028396935599608708]","[0.216667, 0.15, 0.05, 0.583333]"
d1-omni,typed_invoice_processing,invoice_processing_000030,duplicate,noul,1,1,"[""false"", ""true""]","[0.18385330199127134, 0.8161466980087286]","[0.25, 0.75]"
d1-omni,typed_invoice_processing,invoice_processing_000030,matches_order,noul,1,1,"[""false"", ""true""]","[0.06340982190793755, 0.9365901780920625]","[0.05, 0.95]"
d1-omni,typed_invoice_processing,invoice_processing_000030,urgency,score,1,1,"[""0"", ""1"", ""2"", ""3""]","[0.1498982107741763, 0.7102524039280667, 0.0826201149012838, 0.05722927039647331]","[0.1, 0.65, 0.226667, 0.023333]"
d1-omni,typed_invoice_processing,invoice_processing_000031,discrepancy_severity,score,0,0,"[""0"", ""1"", ""2"", ""3""]","[0.630063006158241, 0.017353237221579852, 0.26632990724758004, 0.08625384937259915]","[0.996667, 0.003333, 0.0, 0.0]"
d1-omni,typed_invoice_processing,invoice_processing_000031,disposition,choice,0,0,"[""approve"", ""hold"", ""manual_review"", ""reject""]","[0.42891810117533374, 0.16411587742373004, 0.39979564876761864, 0.007170372633317565]","[0.96, 0.023333, 0.016667, 0.0]"
d1-omni,typed_invoice_processing,invoice_processing_000031,duplicate,noul,0,0,"[""false"", ""true""]","[0.9961155243680004, 0.0038844756319995084]","[0.98, 0.02]"
d1-omni,typed_invoice_processing,invoice_processing_000031,matches_order,noul,1,1,"[""false"", ""true""]","[0.26383641683424924, 0.7361635831657508]","[0.003333, 0.996667]"
d1-omni,typed_invoice_processing,invoice_processing_000031,urgency,score,3,1,"[""0"", ""1"", ""2"", ""3""]","[0.11214105871670921, 0.7319662194399311, 0.0505459331017378, 0.1053467887416219]","[0.0, 0.05, 0.316667, 0.633333]"
d1-omni,typed_invoice_processing,invoice_processing_000032,discrepancy_severity,score,2,0,"[""0"", ""1"", ""2"", ""3""]","[0.8230843321701453, 0.03391059606893263, 0.10343692382584294, 0.039568147935079304]","[0.333333, 0.216667, 0.38, 0.07]"
d1-omni,typed_invoice_processing,invoice_processing_000032,disposition,choice,0,0,"[""approve"", ""hold"", ""manual_review"", ""reject""]","[0.4840211595320535, 0.23698987401698637, 0.23884858727299751, 0.04014037917796252]","[0.35, 0.283333, 0.346667, 0.02]"
d1-omni,typed_invoice_processing,invoice_processing_000032,duplicate,noul,0,0,"[""false"", ""true""]","[0.9976137541070881, 0.0023862458929119357]","[0.986667, 0.013333]"
d1-omni,typed_invoice_processing,invoice_processing_000032,matches_order,noul,1,1,"[""false"", ""true""]","[0.3939094614098735, 0.6060905385901266]","[0.15, 0.85]"
d1-omni,typed_invoice_processing,invoice_processing_000032,urgency,score,1,1,"[""0"", ""1"", ""2"", ""3""]","[0.08133537825105572, 0.8114917661042885, 0.06651379290970964, 0.040659062734946176]","[0.083333, 0.766667, 0.133333, 0.016667]"
d1-omni,typed_invoice_processing,invoice_processing_000033,discrepancy_severity,score,3,0,"[""0"", ""1"", ""2"", ""3""]","[0.8724957481743384, 0.01166293768718425, 0.07465381178260098, 0.04118750235587648]","[0.0, 0.016667, 0.416667, 0.566667]"
d1-omni,typed_invoice_processing,invoice_processing_000033,disposition,choice,2,0,"[""approve"", ""hold"", ""manual_review"", ""reject""]","[0.5844311247879196, 0.15384140488024628, 0.25364157364427936, 0.008085896687554852]","[0.05, 0.233333, 0.7, 0.016667]"
d1-omni,typed_invoice_processing,invoice_processing_000033,duplicate,noul,0,0,"[""false"", ""true""]","[0.9947006795091418, 0.0052993204908581394]","[0.96, 0.04]"
d1-omni,typed_invoice_processing,invoice_processing_000033,matches_order,noul,0,1,"[""false"", ""true""]","[0.23728856497705475, 0.7627114350229452]","[0.95, 0.05]"
d1-omni,typed_invoice_processing,invoice_processing_000033,urgency,score,1,1,"[""0"", ""1"", ""2"", ""3""]","[0.03983177396713694, 0.8425415813907752, 0.07588329850766302, 0.0417433461344248]","[0.033333, 0.55, 0.383333, 0.033333]"
d1-omni,typed_invoice_processing,invoice_processing_000034,discrepancy_severity,score,0,0,"[""0"", ""1"", ""2"", ""3""]","[0.7152028706416707, 0.009710907659994293, 0.24132397126971936, 0.033762250428615526]","[0.97, 0.021667, 0.008333, 0.0]"
d1-omni,typed_invoice_processing,invoice_processing_000034,disposition,choice,0,0,"[""approve"", ""hold"", ""manual_review"", ""reject""]","[0.48076558896846955, 0.190629352456422, 0.3146977956094603, 0.013907262965648301]","[0.916667, 0.05, 0.026667, 0.006667]"
d1-omni,typed_invoice_processing,invoice_processing_000034,duplicate,noul,0,0,"[""false"", ""true""]","[0.9927672382048711, 0.007232761795128998]","[0.976667, 0.023333]"
d1-omni,typed_invoice_processing,invoice_processing_000034,matches_order,noul,1,1,"[""false"", ""true""]","[0.1622804514379407, 0.8377195485620592]","[0.016667, 0.983333]"
d1-omni,typed_invoice_processing,invoice_processing_000034,urgency,score,3,1,"[""0"", ""1"", ""2"", ""3""]","[0.06791068636436014, 0.839939696598173, 0.0591171778923154, 0.033032439145151485]","[0.006667, 0.076667, 0.233333, 0.683333]"
d1-omni,typed_invoice_processing,invoice_processing_000035,discrepancy_severity,score,3,0,"[""0"", ""1"", ""2"", ""3""]","[0.5942702344951756, 0.03273380244147037, 0.2911839767828027, 0.08181198628055135]","[0.0, 0.016667, 0.2, 0.783333]"
d1-omni,typed_invoice_processing,invoice_processing_000035,disposition,choice,2,0,"[""approve"", ""hold"", ""manual_review"", ""reject""]","[0.4392436476506061, 0.16921954268985367, 0.3737837411083001, 0.017753068551240037]","[0.016667, 0.183333, 0.75, 0.05]"
d1-omni,typed_invoice_processing,invoice_processing_000035,duplicate,noul,0,0,"[""false"", ""true""]","[0.9980666820597923, 0.001933317940207839]","[0.976667, 0.023333]"
d1-omni,typed_invoice_processing,invoice_processing_000035,matches_order,noul,0,1,"[""false"", ""true""]","[0.37521985537505037, 0.6247801446249497]","[0.966667, 0.033333]"
d1-omni,typed_invoice_processing,invoice_processing_000035,urgency,score,2,1,"[""0"", ""1"", ""2"", ""3""]","[0.05018634020155973, 0.8324196490895927, 0.06661608346220807, 0.050777927246639584]","[0.033333, 0.116667, 0.433333, 0.416667]"
d1-omni,typed_invoice_processing,invoice_processing_000036,discrepancy_severity,score,0,0,"[""0"", ""1"", ""2"", ""3""]","[0.6742885212860782, 0.012163007695548208, 0.20027049101999062, 0.113277979998383]","[0.97, 0.02, 0.006667, 0.003333]"
d1-omni,typed_invoice_processing,invoice_processing_000036,disposition,choice,0,0,"[""approve"", ""hold"", ""manual_review"", ""reject""]","[0.525808455603799, 0.1298655419021156, 0.3324338948769768, 0.011892107617108667]","[0.936667, 0.023333, 0.033333, 0.006667]"
d1-omni,typed_invoice_processing,invoice_processing_000036,duplicate,noul,0,0,"[""false"", ""true""]","[0.9983247845043371, 0.0016752154956627702]","[0.983333, 0.016667]"
d1-omni,typed_invoice_processing,invoice_processing_000036,matches_order,noul,1,1,"[""false"", ""true""]","[0.1893757750804721, 0.8106242249195279]","[0.016667, 0.983333]"
d1-omni,typed_invoice_processing,invoice_processing_000036,urgency,score,3,1,"[""0"", ""1"", ""2"", ""3""]","[0.05895607762780472, 0.8364248456888078, 0.04485141722046943, 0.059767659462917976]","[0.013333, 0.103333, 0.433333, 0.45]"
d1-omni,typed_invoice_processing,invoice_processing_000037,discrepancy_severity,score,0,0,"[""0"", ""1"", ""2"", ""3""]","[0.7100546203177404, 0.017279507694081386, 0.19775354808413034, 0.07491232390404791]","[0.96, 0.028333, 0.011667, 0.0]"
d1-omni,typed_invoice_processing,invoice_processing_000037,disposition,choice,0,2,"[""approve"", ""hold"", ""manual_review"", ""reject""]","[0.40253045350584377, 0.16251795291864543, 0.40946875776509056, 0.025482835810420105]","[0.886667, 0.056667, 0.043333, 0.013333]"
d1-omni,typed_invoice_processing,invoice_processing_000037,duplicate,noul,0,0,"[""false"", ""true""]","[0.9933039054145524, 0.0066960945854476666]","[0.656667, 0.343333]"
d1-omni,typed_invoice_processing,invoice_processing_000037,matches_order,noul,1,1,"[""false"", ""true""]","[0.2375758734832837, 0.7624241265167162]","[0.023333, 0.976667]"
d1-omni,typed_invoice_processing,invoice_processing_000037,urgency,score,2,1,"[""0"", ""1"", ""2"", ""3""]","[0.16980539522283705, 0.6389641161414192, 0.07789457172974862, 0.11333591690599522]","[0.0, 0.1, 0.483333, 0.416667]"
d1-omni,typed_invoice_processing,invoice_processing_000038,discrepancy_severity,score,0,0,"[""0"", ""1"", ""2"", ""3""]","[0.7897532896058773, 0.005311579147318356, 0.15222480329294405, 0.05271032795386018]","[0.95, 0.043333, 0.006667, 0.0]"
d1-omni,typed_invoice_processing,invoice_processing_000038,disposition,choice,0,0,"[""approve"", ""hold"", ""manual_review"", ""reject""]","[0.6384203793709121, 0.1063267221387959, 0.2533964499270052, 0.0018564485632866089]","[0.383333, 0.143333, 0.156667, 0.316667]"
d1-omni,typed_invoice_processing,invoice_processing_000038,duplicate,noul,1,0,"[""false"", ""true""]","[0.9595588630160977, 0.04044113698390233]","[0.46, 0.54]"
d1-omni,typed_invoice_processing,invoice_processing_000038,matches_order,noul,1,1,"[""false"", ""true""]","[0.20729501816928494, 0.7927049818307151]","[0.026667, 0.973333]"
d1-omni,typed_invoice_processing,invoice_processing_000038,urgency,score,1,1,"[""0"", ""1"", ""2"", ""3""]","[0.038758917144639, 0.8856015220771234, 0.04400545842841472, 0.03163410234982291]","[0.016667, 0.583333, 0.316667, 0.083333]"
d1-omni,typed_invoice_processing,invoice_processing_000039,discrepancy_severity,score,2,3,"[""0"", ""1"", ""2"", ""3""]","[0.2890646098576448, 0.007907677009966788, 0.22977422602947614, 0.4732534871029124]","[0.006667, 0.043333, 0.5, 0.45]"
d1-omni,typed_invoice_processing,invoice_processing_000039,disposition,choice,2,0,"[""approve"", ""hold"", ""manual_review"", ""reject""]","[0.43451430499365784, 0.1422419848301652, 0.4101864256782498, 0.013057284497927263]","[0.016667, 0.316667, 0.65, 0.016667]"
d1-omni,typed_invoice_processing,invoice_processing_000039,duplicate,noul,0,0,"[""false"", ""true""]","[0.9899524902102124, 0.010047509789787636]","[0.97, 0.03]"
d1-omni,typed_invoice_processing,invoice_processing_000039,matches_order,noul,0,1,"[""false"", ""true""]","[0.26236913849860627, 0.7376308615013937]","[0.976667, 0.023333]"
d1-omni,typed_invoice_processing,invoice_processing_000039,urgency,score,1,1,"[""0"", ""1"", ""2"", ""3""]","[0.13293535853745872, 0.7102692413968156, 0.08015830002625153, 0.07663710003947408]","[0.05, 0.6, 0.3, 0.05]"
d1-omni,typed_invoice_processing,invoice_processing_000040,discrepancy_severity,score,0,0,"[""0"", ""1"", ""2"", ""3""]","[0.9012915149764951, 0.010549458731981565, 0.023913286457214286, 0.064245739834309]","[0.663333, 0.016667, 0.02, 0.3]"
d1-omni,typed_invoice_processing,invoice_processing_000040,disposition,choice,3,0,"[""approve"", ""hold"", ""manual_review"", ""reject""]","[0.5026571056540166, 0.16644812058888164, 0.3200548232012702, 0.01083995055583156]","[0.373333, 0.053333, 0.136667, 0.436667]"
d1-omni,typed_invoice_processing,invoice_processing_000040,duplicate,noul,1,0,"[""false"", ""true""]","[0.9053275263720972, 0.09467247362790265]","[0.383333, 0.616667]"
d1-omni,typed_invoice_processing,invoice_processing_000040,matches_order,noul,1,1,"[""false"", ""true""]","[0.1162363082152603, 0.8837636917847396]","[0.31, 0.69]"
d1-omni,typed_invoice_processing,invoice_processing_000040,urgency,score,1,1,"[""0"", ""1"", ""2"", ""3""]","[0.11923145728106602, 0.751361390834113, 0.08554436127286462, 0.04386279061195629]","[0.05, 0.666667, 0.266667, 0.016667]"
d1-omni,typed_invoice_processing,invoice_processing_000041,discrepancy_severity,score,0,0,"[""0"", ""1"", ""2"", ""3""]","[0.8463282611623099, 0.005912329653706477, 0.0735911123943437, 0.07416829678963999]","[0.626667, 0.03, 0.023333, 0.32]"
d1-omni,typed_invoice_processing,invoice_processing_000041,disposition,choice,3,0,"[""approve"", ""hold"", ""manual_review"", ""reject""]","[0.5865667067621619, 0.14096409602287865, 0.2602238515622463, 0.0122453456527132]","[0.276667, 0.106667, 0.1, 0.516667]"
d1-omni,typed_invoice_processing,invoice_processing_000041,duplicate,noul,1,0,"[""false"", ""true""]","[0.865167150304544, 0.13483284969545586]","[0.353333, 0.646667]"
d1-omni,typed_invoice_processing,invoice_processing_000041,matches_order,noul,1,1,"[""false"", ""true""]","[0.12311498848728207, 0.876885011512718]","[0.35, 0.65]"
d1-omni,typed_invoice_processing,invoice_processing_000041,urgency,score,3,1,"[""0"", ""1"", ""2"", ""3""]","[0.13497489407378352, 0.7030861879848952, 0.11888252977346196, 0.043056388167859165]","[0.0, 0.083333, 0.45, 0.466667]"
d1-omni,typed_invoice_processing,invoice_processing_000042,discrepancy_severity,score,0,0,"[""0"", ""1"", ""2"", ""3""]","[0.6437926332436908, 0.006834387579573641, 0.2739332838549336, 0.07543969532180185]","[0.916667, 0.066667, 0.013333, 0.003333]"
d1-omni,typed_invoice_processing,invoice_processing_000042,disposition,choice,0,0,"[""approve"", ""hold"", ""manual_review"", ""reject""]","[0.5382831810942902, 0.15246123157409489, 0.30106620921782984, 0.00818937811378522]","[0.566667, 0.206667, 0.123333, 0.103333]"
d1-omni,typed_invoice_processing,invoice_processing_000042,duplicate,noul,0,0,"[""false"", ""true""]","[0.6810377403959468, 0.3189622596040532]","[0.546667, 0.453333]"
d1-omni,typed_invoice_processing,invoice_processing_000042,matches_order,noul,1,1,"[""false"", ""true""]","[0.1829358569351046, 0.8170641430648954]","[0.013333, 0.986667]"
d1-omni,typed_invoice_processing,invoice_processing_000042,urgency,score,3,1,"[""0"", ""1"", ""2"", ""3""]","[0.14470999298453227, 0.7067445375238195, 0.06625307851629028, 0.08229239097535788]","[0.016667, 0.1, 0.316667, 0.566667]"
d1-omni,typed_invoice_processing,invoice_processing_000043,discrepancy_severity,score,0,0,"[""0"", ""1"", ""2"", ""3""]","[0.6486681342316893, 0.018160295592306742, 0.24085588192457083, 0.092315688251433]","[0.433333, 0.166667, 0.063333, 0.336667]"
d1-omni,typed_invoice_processing,invoice_processing_000043,disposition,choice,3,0,"[""approve"", ""hold"", ""manual_review"", ""reject""]","[0.6098824910188715, 0.09476972105738424, 0.28682486768560506, 0.008522920238139046]","[0.273333, 0.126667, 0.25, 0.35]"
d1-omni,typed_invoice_processing,invoice_processing_000043,duplicate,noul,1,0,"[""false"", ""true""]","[0.9048819395179674, 0.09511806048203258]","[0.386667, 0.613333]"
d1-omni,typed_invoice_processing,invoice_processing_000043,matches_order,noul,1,1,"[""false"", ""true""]","[0.28212198242653236, 0.7178780175734676]","[0.04, 0.96]"
d1-omni,typed_invoice_processing,invoice_processing_000043,urgency,score,3,1,"[""0"", ""1"", ""2"", ""3""]","[0.04051491703301053, 0.8457676236330346, 0.05941122404728158, 0.05430623528667339]","[0.0, 0.1, 0.366667, 0.533333]"
d1-omni,typed_invoice_processing,invoice_processing_000044,discrepancy_severity,score,3,0,"[""0"", ""1"", ""2"", ""3""]","[0.7886349458275091, 0.017650123922301142, 0.1296558586205058, 0.06405907162968374]","[0.006667, 0.023333, 0.143333, 0.826667]"
d1-omni,typed_invoice_processing,invoice_processing_000044,disposition,choice,1,0,"[""approve"", ""hold"", ""manual_review"", ""reject""]","[0.4503973288653306, 0.2557530131000742, 0.2790102180232988, 0.014839440011296522]","[0.02, 0.483333, 0.45, 0.046667]"
d1-omni,typed_invoice_processing,invoice_processing_000044,duplicate,noul,0,0,"[""false"", ""true""]","[0.9959000658533108, 0.004099934146689083]","[0.98, 0.02]"
d1-omni,typed_invoice_processing,invoice_processing_000044,matches_order,noul,0,1,"[""false"", ""true""]","[0.4510847028593551, 0.548915297140645]","[0.97, 0.03]"
d1-omni,typed_invoice_processing,invoice_processing_000044,urgency,score,1,1,"[""0"", ""1"", ""2"", ""3""]","[0.05744019887052491, 0.8205084057052202, 0.09378256094080005, 0.028268834483454852]","[0.166667, 0.433333, 0.366667, 0.033333]"
d1-omni,typed_invoice_processing,invoice_processing_000045,discrepancy_severity,score,0,0,"[""0"", ""1"", ""2"", ""3""]","[0.5440961917883038, 0.005095458453663842, 0.11930343483401107, 0.3315049149240211]","[0.656667, 0.026667, 0.25, 0.066667]"
d1-omni,typed_invoice_processing,invoice_processing_000045,disposition,choice,0,0,"[""approve"", ""hold"", ""manual_review"", ""reject""]","[0.6223410463595554, 0.08119609295180637, 0.2887802682971436, 0.007682592391494673]","[0.666667, 0.053333, 0.28, 0.0]"
d1-omni,typed_invoice_processing,invoice_processing_000045,duplicate,noul,0,0,"[""false"", ""true""]","[0.997297546303679, 0.0027024536963211826]","[0.982667, 0.017333]"
d1-omni,typed_invoice_processing,invoice_processing_000045,matches_order,noul,1,1,"[""false"", ""true""]","[0.25534361374028786, 0.7446563862597121]","[0.34, 0.66]"
d1-omni,typed_invoice_processing,invoice_processing_000045,urgency,score,2,1,"[""0"", ""1"", ""2"", ""3""]","[0.1265047005783246, 0.7833047214010292, 0.05580816663985638, 0.0343824113807897]","[0.05, 0.35, 0.566667, 0.033333]"
d1-omni,typed_invoice_processing,invoice_processing_000046,discrepancy_severity,score,3,0,"[""0"", ""1"", ""2"", ""3""]","[0.8056637318950851, 0.06159751427754348, 0.07532356599707103, 0.057415187830300404]","[0.043333, 0.023333, 0.316667, 0.616667]"
d1-omni,typed_invoice_processing,invoice_processing_000046,disposition,choice,1,0,"[""approve"", ""hold"", ""manual_review"", ""reject""]","[0.43007313566469435, 0.1506201355542844, 0.3902499092297919, 0.029056819551229494]","[0.036667, 0.683333, 0.25, 0.03]"
d1-omni,typed_invoice_processing,invoice_processing_000046,duplicate,noul,0,0,"[""false"", ""true""]","[0.9808209269059823, 0.019179073094017583]","[0.95, 0.05]"
d1-omni,typed_invoice_processing,invoice_processing_000046,matches_order,noul,0,0,"[""false"", ""true""]","[0.5190337636621455, 0.48096623633785446]","[0.9, 0.1]"
d1-omni,typed_invoice_processing,invoice_processing_000046,urgency,score,1,1,"[""0"", ""1"", ""2"", ""3""]","[0.06273062083946497, 0.7923336292577781, 0.07670918826701824, 0.06822656163573876]","[0.066667, 0.383333, 0.333333, 0.216667]"
d1-omni,typed_invoice_processing,invoice_processing_000047,discrepancy_severity,score,3,0,"[""0"", ""1"", ""2"", ""3""]","[0.8092351314616446, 0.014323613870573753, 0.053426976161324614, 0.12301427850645696]","[0.0, 0.05, 0.2, 0.75]"
d1-omni,typed_invoice_processing,invoice_processing_000047,disposition,choice,2,0,"[""approve"", ""hold"", ""manual_review"", ""reject""]","[0.49638482426477887, 0.2295477791049073, 0.26036586467019945, 0.013701531960114366]","[0.023333, 0.4, 0.51, 0.066667]"
d1-omni,typed_invoice_processing,invoice_processing_000047,duplicate,noul,0,0,"[""false"", ""true""]","[0.9950104631623589, 0.004989536837641244]","[0.97, 0.03]"
d1-omni,typed_invoice_processing,invoice_processing_000047,matches_order,noul,0,1,"[""false"", ""true""]","[0.32972893498296824, 0.6702710650170318]","[0.916667, 0.083333]"
d1-omni,typed_invoice_processing,invoice_processing_000047,urgency,score,1,1,"[""0"", ""1"", ""2"", ""3""]","[0.026034445068578254, 0.871878908731959, 0.06269780961916466, 0.03938883658029807]","[0.1, 0.633333, 0.233333, 0.033333]"
d1-omni,typed_invoice_processing,invoice_processing_000048,discrepancy_severity,score,2,0,"[""0"", ""1"", ""2"", ""3""]","[0.8042880293989111, 0.013862209994964838, 0.12116280466645782, 0.06068695593966627]","[0.303333, 0.106667, 0.39, 0.2]"
d1-omni,typed_invoice_processing,invoice_processing_000048,disposition,choice,2,0,"[""approve"", ""hold"", ""manual_review"", ""reject""]","[0.44695872363405564, 0.16636514954843526, 0.3749095932532833, 0.011766533564225815]","[0.283333, 0.283333, 0.393333, 0.04]"
d1-omni,typed_invoice_processing,invoice_processing_000048,duplicate,noul,0,0,"[""false"", ""true""]","[0.9963017539446477, 0.0036982460553523526]","[0.976667, 0.023333]"
d1-omni,typed_invoice_processing,invoice_processing_000048,matches_order,noul,0,1,"[""false"", ""true""]","[0.19345189773361945, 0.8065481022663804]","[0.526667, 0.473333]"
d1-omni,typed_invoice_processing,invoice_processing_000048,urgency,score,2,1,"[""0"", ""1"", ""2"", ""3""]","[0.13928942709432943, 0.7213218168806662, 0.05955764109167286, 0.07983111493333152]","[0.0, 0.116667, 0.516667, 0.366667]"
d1-omni,typed_invoice_processing,invoice_processing_000049,discrepancy_severity,score,0,0,"[""0"", ""1"", ""2"", ""3""]","[0.6342203050619695, 0.005758312480287722, 0.25522578609236435, 0.10479559636537848]","[0.783333, 0.2, 0.013333, 0.003333]"
d1-omni,typed_invoice_processing,invoice_processing_000049,disposition,choice,0,0,"[""approve"", ""hold"", ""manual_review"", ""reject""]","[0.47632062499637695, 0.13021884021478947, 0.38348267409123993, 0.009977860697593668]","[0.833333, 0.093333, 0.056667, 0.016667]"
d1-omni,typed_invoice_processing,invoice_processing_000049,duplicate,noul,0,0,"[""false"", ""true""]","[0.9995027002207358, 0.0004972997792641131]","[0.973333, 0.026667]"
d1-omni,typed_invoice_processing,invoice_processing_000049,matches_order,noul,1,1,"[""false"", ""true""]","[0.3431215808842228, 0.6568784191157772]","[0.063333, 0.936667]"
d1-omni,typed_invoice_processing,invoice_processing_000049,urgency,score,3,1,"[""0"", ""1"", ""2"", ""3""]","[0.05108926611478558, 0.8798625454879065, 0.029800106802572106, 0.03924808159473563]","[0.0, 0.1, 0.45, 0.45]"
d1-omni,typed_invoice_processing,invoice_processing_000050,discrepancy_severity,score,2,0,"[""0"", ""1"", ""2"", ""3""]","[0.5919692071736979, 0.029068662254837625, 0.2911561671435111, 0.08780596342795324]","[0.316667, 0.133333, 0.48, 0.07]"
d1-omni,typed_invoice_processing,invoice_processing_000050,disposition,choice,2,0,"[""approve"", ""hold"", ""manual_review"", ""reject""]","[0.5002682034359137, 0.11261034271391987, 0.3643991381973495, 0.022722315652816946]","[0.283333, 0.2, 0.5, 0.016667]"
d1-omni,typed_invoice_processing,invoice_processing_000050,duplicate,noul,0,0,"[""false"", ""true""]","[0.9970725406153622, 0.002927459384637695]","[0.973333, 0.026667]"
d1-omni,typed_invoice_processing,invoice_processing_000050,matches_order,noul,1,1,"[""false"", ""true""]","[0.3157096230548489, 0.684290376945151]","[0.35, 0.65]"
d1-omni,typed_invoice_processing,invoice_processing_000050,urgency,score,3,1,"[""0"", ""1"", ""2"", ""3""]","[0.05706533013315459, 0.8215469995060142, 0.0635367823849713, 0.057850887975859716]","[0.033333, 0.116667, 0.333333, 0.516667]"
d1-omni,typed_invoice_processing,invoice_processing_000051,discrepancy_severity,score,3,0,"[""0"", ""1"", ""2"", ""3""]","[0.6587580757231236, 0.011440197760735907, 0.23135876439478115, 0.09844296212135926]","[0.01, 0.023333, 0.083333, 0.883333]"
d1-omni,typed_invoice_processing,invoice_processing_000051,disposition,choice,2,2,"[""approve"", ""hold"", ""manual_review"", ""reject""]","[0.41300309435820187, 0.1554624597962724, 0.42455556574372877, 0.006978880101796894]","[0.0, 0.283333, 0.533333, 0.183333]"
d1-omni,typed_invoice_processing,invoice_processing_000051,duplicate,noul,0,0,"[""false"", ""true""]","[0.9964910595565919, 0.0035089404434080805]","[0.983333, 0.016667]"
d1-omni,typed_invoice_processing,invoice_processing_000051,matches_order,noul,0,1,"[""false"", ""true""]","[0.28288908099813476, 0.7171109190018652]","[0.976667, 0.023333]"
d1-omni,typed_invoice_processing,invoice_processing_000051,urgency,score,3,1,"[""0"", ""1"", ""2"", ""3""]","[0.10765937268549447, 0.7487651353163789, 0.06341342126369705, 0.0801620707344297]","[0.0, 0.116667, 0.416667, 0.466667]"
d1-omni,typed_invoice_processing,invoice_processing_000052,discrepancy_severity,score,3,0,"[""0"", ""1"", ""2"", ""3""]","[0.5156881045925491, 0.035225522410509455, 0.33290757570117413, 0.11617879729576736]","[0.016667, 0.05, 0.266667, 0.666667]"
d1-omni,typed_invoice_processing,invoice_processing_000052,disposition,choice,1,0,"[""approve"", ""hold"", ""manual_review"", ""reject""]","[0.478204078548727, 0.15456939689292662, 0.35868332617967247, 0.008543198378673966]","[0.06, 0.586667, 0.33, 0.023333]"
d1-omni,typed_invoice_processing,invoice_processing_000052,duplicate,noul,0,0,"[""false"", ""true""]","[0.9959189626875855, 0.004081037312414538]","[0.973333, 0.026667]"
d1-omni,typed_invoice_processing,invoice_processing_000052,matches_order,noul,0,0,"[""false"", ""true""]","[0.548915297140645, 0.4510847028593551]","[0.933333, 0.066667]"
d1-omni,typed_invoice_processing,invoice_processing_000052,urgency,score,2,1,"[""0"", ""1"", ""2"", ""3""]","[0.14670655920337908, 0.7549246215794087, 0.0577887182631136, 0.0405801009540988]","[0.006667, 0.11, 0.506667, 0.376667]"
d1-omni,typed_invoice_processing,invoice_processing_000053,discrepancy_severity,score,0,0,"[""0"", ""1"", ""2"", ""3""]","[0.7944006668917617, 0.020995059980901773, 0.16385381678036873, 0.02075045634696768]","[0.85, 0.043333, 0.093333, 0.013333]"
d1-omni,typed_invoice_processing,invoice_processing_000053,disposition,choice,0,0,"[""approve"", ""hold"", ""manual_review"", ""reject""]","[0.5921892589730596, 0.10779302426671725, 0.29545415284403326, 0.004563563916189993]","[0.366667, 0.266667, 0.15, 0.216667]"
d1-omni,typed_invoice_processing,invoice_processing_000053,duplicate,noul,1,1,"[""false"", ""true""]","[0.2928922516688889, 0.7071077483311111]","[0.44, 0.56]"
d1-omni,typed_invoice_processing,invoice_processing_000053,matches_order,noul,1,1,"[""false"", ""true""]","[0.11887011168067932, 0.8811298883193207]","[0.033333, 0.966667]"
d1-omni,typed_invoice_processing,invoice_processing_000053,urgency,score,1,1,"[""0"", ""1"", ""2"", ""3""]","[0.12928504246563682, 0.7819763492200518, 0.04618811762360296, 0.042550490690708376]","[0.146667, 0.693333, 0.136667, 0.023333]"
d1-omni,typed_invoice_processing,invoice_processing_000054,discrepancy_severity,score,3,0,"[""0"", ""1"", ""2"", ""3""]","[0.657529831452984, 0.019979071690532972, 0.12286564434075549, 0.1996254525157275]","[0.01, 0.073333, 0.216667, 0.7]"
d1-omni,typed_invoice_processing,invoice_processing_000054,disposition,choice,2,0,"[""approve"", ""hold"", ""manual_review"", ""reject""]","[0.4261404361691001, 0.2062568203681296, 0.34549951102375764, 0.022103232439012528]","[0.066667, 0.283333, 0.583333, 0.066667]"
d1-omni,typed_invoice_processing,invoice_processing_000054,duplicate,noul,0,0,"[""false"", ""true""]","[0.9966315946756528, 0.0033684053243472007]","[0.98, 0.02]"
d1-omni,typed_invoice_processing,invoice_processing_000054,matches_order,noul,0,1,"[""false"", ""true""]","[0.33648774737771, 0.66351225262229]","[0.933333, 0.066667]"
d1-omni,typed_invoice_processing,invoice_processing_000054,urgency,score,2,1,"[""0"", ""1"", ""2"", ""3""]","[0.019964904250786068, 0.8896702925315941, 0.05566583656970205, 0.034698966647917655]","[0.023333, 0.383333, 0.493333, 0.1]"
d1-omni,typed_invoice_processing,invoice_processing_000055,discrepancy_severity,score,0,0,"[""0"", ""1"", ""2"", ""3""]","[0.6225646594229047, 0.009288426232840652, 0.28853157493028564, 0.07961533941396902]","[0.97, 0.02, 0.006667, 0.003333]"
d1-omni,typed_invoice_processing,invoice_processing_000055,disposition,choice,0,0,"[""approve"", ""hold"", ""manual_review"", ""reject""]","[0.4235640240141889, 0.1693481412925796, 0.40102237155411224, 0.006065463139119127]","[0.95, 0.023333, 0.02, 0.006667]"
d1-omni,typed_invoice_processing,invoice_processing_000055,duplicate,noul,0,0,"[""false"", ""true""]","[0.9973657623398887, 0.0026342376601112554]","[0.983333, 0.016667]"
d1-omni,typed_invoice_processing,invoice_processing_000055,matches_order,noul,1,1,"[""false"", ""true""]","[0.2286298211726889, 0.7713701788273111]","[0.013333, 0.986667]"
d1-omni,typed_invoice_processing,invoice_processing_000055,urgency,score,2,1,"[""0"", ""1"", ""2"", ""3""]","[0.10817811694459344, 0.7969959129983535, 0.04500736215561901, 0.04981860790143389]","[0.033333, 0.216667, 0.65, 0.1]"
d1-omni,typed_invoice_processing,invoice_processing_000056,discrepancy_severity,score,2,0,"[""0"", ""1"", ""2"", ""3""]","[0.5719519253020604, 0.03710660572147073, 0.2874814343842069, 0.10346003459226184]","[0.166667, 0.166667, 0.566667, 0.1]"
d1-omni,typed_invoice_processing,invoice_processing_000056,disposition,choice,2,2,"[""approve"", ""hold"", ""manual_review"", ""reject""]","[0.366192784889942, 0.217174026918474, 0.39565891346084336, 0.02097427473074053]","[0.083333, 0.266667, 0.613333, 0.036667]"
d1-omni,typed_invoice_processing,invoice_processing_000056,duplicate,noul,0,0,"[""false"", ""true""]","[0.9961866628599105, 0.003813337140089459]","[0.986667, 0.013333]"
d1-omni,typed_invoice_processing,invoice_processing_000056,matches_order,noul,1,1,"[""false"", ""true""]","[0.34532599738913283, 0.6546740026108672]","[0.316667, 0.683333]"
d1-omni,typed_invoice_processing,invoice_processing_000056,urgency,score,2,1,"[""0"", ""1"", ""2"", ""3""]","[0.14506310265185618, 0.7431945102220521, 0.06706648369553124, 0.04467590343056051]","[0.033333, 0.316667, 0.566667, 0.083333]"
d1-omni,typed_invoice_processing,invoice_processing_000057,discrepancy_severity,score,0,0,"[""0"", ""1"", ""2"", ""3""]","[0.8312237783989891, 0.006399372017287243, 0.1289119607236509, 0.03346488886007272]","[0.826667, 0.136667, 0.03, 0.006667]"
d1-omni,typed_invoice_processing,invoice_processing_000057,disposition,choice,0,0,"[""approve"", ""hold"", ""manual_review"", ""reject""]","[0.6235077433192713, 0.11294095779961492, 0.2456639870078013, 0.01788731187331248]","[0.823333, 0.09, 0.076667, 0.01]"
d1-omni,typed_invoice_processing,invoice_processing_000057,duplicate,noul,0,0,"[""false"", ""true""]","[0.9971258545574458, 0.002874145442554154]","[0.98, 0.02]"
d1-omni,typed_invoice_processing,invoice_processing_000057,matches_order,noul,1,1,"[""false"", ""true""]","[0.09719743196641925, 0.9028025680335807]","[0.036667, 0.963333]"
d1-omni,typed_invoice_processing,invoice_processing_000057,urgency,score,2,1,"[""0"", ""1"", ""2"", ""3""]","[0.049145615747720424, 0.8685788514839002, 0.060805394941852116, 0.02147013782652727]","[0.023333, 0.266667, 0.633333, 0.076667]"
d1-omni,typed_invoice_processing,invoice_processing_000058,discrepancy_severity,score,3,0,"[""0"", ""1"", ""2"", ""3""]","[0.4589604809151717, 0.012820200018470625, 0.12439764491668481, 0.40382167414967285]","[0.006667, 0.026667, 0.166667, 0.8]"
d1-omni,typed_invoice_processing,invoice_processing_000058,disposition,choice,2,0,"[""approve"", ""hold"", ""manual_review"", ""reject""]","[0.4384238039927169, 0.17160541424723955, 0.3694152993273205, 0.020555482432722972]","[0.0, 0.166667, 0.75, 0.083333]"
d1-omni,typed_invoice_processing,invoice_processing_000058,duplicate,noul,0,0,"[""false"", ""true""]","[0.9899476327226868, 0.010052367277313169]","[0.976667, 0.023333]"
d1-omni,typed_invoice_processing,invoice_processing_000058,matches_order,noul,0,1,"[""false"", ""true""]","[0.21015776332250646, 0.7898422366774936]","[0.983333, 0.016667]"
d1-omni,typed_invoice_processing,invoice_processing_000058,urgency,score,1,1,"[""0"", ""1"", ""2"", ""3""]","[0.17191589676483926, 0.7209710030856981, 0.05559532350078878, 0.05151777664867391]","[0.3, 0.4, 0.263333, 0.036667]"
d1-omni,typed_invoice_processing,invoice_processing_000059,discrepancy_severity,score,3,2,"[""0"", ""1"", ""2"", ""3""]","[0.2004528770198807, 0.04472707002709047, 0.5763594127048128, 0.17846064024821598]","[0.02, 0.07, 0.183333, 0.726667]"
d1-omni,typed_invoice_processing,invoice_processing_000059,disposition,choice,1,2,"[""approve"", ""hold"", ""manual_review"", ""reject""]","[0.4018913849113413, 0.11419200556614563, 0.4777241604242828, 0.006192449098230178]","[0.05, 0.466667, 0.4, 0.083333]"
d1-omni,typed_invoice_processing,invoice_processing_000059,duplicate,noul,0,0,"[""false"", ""true""]","[0.996284623431994, 0.0037153765680060643]","[0.95, 0.05]"
d1-omni,typed_invoice_processing,invoice_processing_000059,matches_order,noul,0,0,"[""false"", ""true""]","[0.5271948122093436, 0.4728051877906564]","[0.9, 0.1]"
d1-omni,typed_invoice_processing,invoice_processing_000059,urgency,score,3,1,"[""0"", ""1"", ""2"", ""3""]","[0.06422481914353995, 0.8304436437352752, 0.06823358479692672, 0.03709795232425814]","[0.013333, 0.086667, 0.433333, 0.466667]"
d1-omni,typed_invoice_processing,invoice_processing_000060,discrepancy_severity,score,2,0,"[""0"", ""1"", ""2"", ""3""]","[0.763504283866413, 0.022687300879917445, 0.07645094993505817, 0.13735746531861148]","[0.326667, 0.006667, 0.533333, 0.133333]"
d1-omni,typed_invoice_processing,invoice_processing_000060,disposition,choice,2,0,"[""approve"", ""hold"", ""manual_review"", ""reject""]","[0.5224428134168355, 0.1702762063191058, 0.2747037634809528, 0.032577216783105996]","[0.333333, 0.05, 0.616667, 0.0]"
d1-omni,typed_invoice_processing,invoice_processing_000060,duplicate,noul,0,0,"[""false"", ""true""]","[0.9983762422883689, 0.0016237577116310653]","[0.98, 0.02]"
d1-omni,typed_invoice_processing,invoice_processing_000060,matches_order,noul,0,1,"[""false"", ""true""]","[0.2403285322194618, 0.7596714677805383]","[0.673333, 0.326667]"
d1-omni,typed_invoice_processing,invoice_processing_000060,urgency,score,1,1,"[""0"", ""1"", ""2"", ""3""]","[0.06387748757898433, 0.8492633951716366, 0.05442429939967051, 0.032434817849708565]","[0.033333, 0.9, 0.066667, 0.0]"
d1-omni,typed_invoice_processing,invoice_processing_000061,discrepancy_severity,score,3,0,"[""0"", ""1"", ""2"", ""3""]","[0.4942811284632358, 0.021983921156703834, 0.07336078416265704, 0.4103741662174033]","[0.016667, 0.033333, 0.366667, 0.583333]"
d1-omni,typed_invoice_processing,invoice_processing_000061,disposition,choice,2,2,"[""approve"", ""hold"", ""manual_review"", ""reject""]","[0.32840684879269505, 0.20853161978437085, 0.4327378507344027, 0.03032368068853139]","[0.1, 0.216667, 0.65, 0.033333]"
d1-omni,typed_invoice_processing,invoice_processing_000061,duplicate,noul,0,0,"[""false"", ""true""]","[0.9784259382682117, 0.021574061731788437]","[0.963333, 0.036667]"
d1-omni,typed_invoice_processing,invoice_processing_000061,matches_order,noul,0,1,"[""false"", ""true""]","[0.39981161677767746, 0.6001883832223225]","[0.95, 0.05]"
d1-omni,typed_invoice_processing,invoice_processing_000061,urgency,score,2,1,"[""0"", ""1"", ""2"", ""3""]","[0.09375824805603022, 0.8028602942995049, 0.06136818760366288, 0.04201327004080212]","[0.016667, 0.15, 0.5, 0.333333]"
d1-omni,typed_invoice_processing,invoice_processing_000062,discrepancy_severity,score,0,0,"[""0"", ""1"", ""2"", ""3""]","[0.834043074854582, 0.002965012047706079, 0.14497036258373236, 0.018021550513979526]","[0.933333, 0.053333, 0.01, 0.003333]"
d1-omni,typed_invoice_processing,invoice_processing_000062,disposition,choice,0,0,"[""approve"", ""hold"", ""manual_review"", ""reject""]","[0.60908887372254, 0.13114712251673719, 0.25647598659541404, 0.0032880171653089153]","[0.666667, 0.11, 0.153333, 0.07]"
d1-omni,typed_invoice_processing,invoice_processing_000062,duplicate,noul,0,1,"[""false"", ""true""]","[0.40774970569953817, 0.5922502943004618]","[0.64, 0.36]"
d1-omni,typed_invoice_processing,invoice_processing_000062,matches_order,noul,1,1,"[""false"", ""true""]","[0.17967444176300698, 0.8203255582369932]","[0.036667, 0.963333]"
d1-omni,typed_invoice_processing,invoice_processing_000062,urgency,score,1,1,"[""0"", ""1"", ""2"", ""3""]","[0.05879666191161519, 0.8382457296916497, 0.061019546704274404, 0.04193806169246077]","[0.216667, 0.643333, 0.116667, 0.023333]"
d1-omni,typed_invoice_processing,invoice_processing_000063,discrepancy_severity,score,0,0,"[""0"", ""1"", ""2"", ""3""]","[0.8505515961444865, 0.0025793694853211632, 0.13024538262074578, 0.016623651749446515]","[0.666667, 0.096667, 0.203333, 0.033333]"
d1-omni,typed_invoice_processing,invoice_processing_000063,disposition,choice,0,0,"[""approve"", ""hold"", ""manual_review"", ""reject""]","[0.49506269557113114, 0.18616940024745965, 0.2880633474753072, 0.030704556706102195]","[0.673333, 0.08, 0.226667, 0.02]"
d1-omni,typed_invoice_processing,invoice_processing_000063,duplicate,noul,0,0,"[""false"", ""true""]","[0.9954857692343388, 0.00451423076566118]","[0.99, 0.01]"
d1-omni,typed_invoice_processing,invoice_processing_000063,matches_order,noul,1,1,"[""false"", ""true""]","[0.19329962236279508, 0.8067003776372049]","[0.283333, 0.716667]"
d1-omni,typed_invoice_processing,invoice_processing_000063,urgency,score,1,1,"[""0"", ""1"", ""2"", ""3""]","[0.07602597971099155, 0.8117881632494497, 0.08349822676541148, 0.028687630274147374]","[0.08, 0.793333, 0.116667, 0.01]"
d1-omni,typed_invoice_processing,invoice_processing_000064,discrepancy_severity,score,0,0,"[""0"", ""1"", ""2"", ""3""]","[0.4050892925958209, 0.019972215661163997, 0.38710553089076205, 0.18783296085225304]","[0.966667, 0.023333, 0.01, 0.0]"
d1-omni,typed_invoice_processing,invoice_processing_000064,disposition,choice,0,0,"[""approve"", ""hold"", ""manual_review"", ""reject""]","[0.6321425067612466, 0.08605394082467098, 0.26998556219266173, 0.011817990221420655]","[0.66, 0.05, 0.09, 0.2]"
d1-omni,typed_invoice_processing,invoice_processing_000064,duplicate,noul,0,1,"[""false"", ""true""]","[0.2589111607708135, 0.7410888392291864]","[0.716667, 0.283333]"
d1-omni,typed_invoice_processing,invoice_processing_000064,matches_order,noul,1,1,"[""false"", ""true""]","[0.12368275602942584, 0.8763172439705742]","[0.006667, 0.993333]"
d1-omni,typed_invoice_processing,invoice_processing_000064,urgency,score,2,1,"[""0"", ""1"", ""2"", ""3""]","[0.051221000180138455, 0.8396832487266043, 0.05295025030676245, 0.05614550078649494]","[0.016667, 0.216667, 0.683333, 0.083333]"
d1-omni,typed_invoice_processing,invoice_processing_000065,discrepancy_severity,score,0,0,"[""0"", ""1"", ""2"", ""3""]","[0.7994830766203982, 0.017749337859897834, 0.04559086947383374, 0.13717671604587]","[0.8, 0.15, 0.043333, 0.006667]"
d1-omni,typed_invoice_processing,invoice_processing_000065,disposition,choice,0,0,"[""approve"", ""hold"", ""manual_review"", ""reject""]","[0.5603921484702801, 0.13908456419057436, 0.2975494079433849, 0.0029738793957607003]","[0.86, 0.08, 0.053333, 0.006667]"
d1-omni,typed_invoice_processing,invoice_processing_000065,duplicate,noul,0,0,"[""false"", ""true""]","[0.9964481160556393, 0.003551883944360674]","[0.98, 0.02]"
d1-omni,typed_invoice_processing,invoice_processing_000065,matches_order,noul,1,1,"[""false"", ""true""]","[0.4171527123938306, 0.5828472876061694]","[0.083333, 0.916667]"
d1-omni,typed_invoice_processing,invoice_processing_000065,urgency,score,3,1,"[""0"", ""1"", ""2"", ""3""]","[0.044550460270849246, 0.7820018730717312, 0.12276778549407155, 0.05067988116334795]","[0.01, 0.09, 0.366667, 0.533333]"
d1-omni,typed_invoice_processing,invoice_processing_000066,discrepancy_severity,score,0,0,"[""0"", ""1"", ""2"", ""3""]","[0.8361647887499954, 0.008756039861928971, 0.10409768408748654, 0.05098148730058896]","[0.36, 0.273333, 0.326667, 0.04]"
d1-omni,typed_invoice_processing,invoice_processing_000066,disposition,choice,0,0,"[""approve"", ""hold"", ""manual_review"", ""reject""]","[0.5317436979042612, 0.1275396669136098, 0.33766697822511615, 0.0030496569570128327]","[0.46, 0.146667, 0.376667, 0.016667]"
d1-omni,typed_invoice_processing,invoice_processing_000066,duplicate,noul,0,0,"[""false"", ""true""]","[0.9993349220940451, 0.0006650779059549474]","[0.973333, 0.026667]"
d1-omni,typed_invoice_processing,invoice_processing_000066,matches_order,noul,1,1,"[""false"", ""true""]","[0.3994601336960101, 0.6005398663039898]","[0.376667, 0.623333]"
d1-omni,typed_invoice_processing,invoice_processing_000066,urgency,score,2,1,"[""0"", ""1"", ""2"", ""3""]","[0.03991285405940589, 0.9039875660053645, 0.030127795533997217, 0.025971784401232403]","[0.02, 0.113333, 0.466667, 0.4]"
d1-omni,typed_invoice_processing,invoice_processing_000067,discrepancy_severity,score,0,0,"[""0"", ""1"", ""2"", ""3""]","[0.5792632318480845, 0.020032923962263513, 0.271594662082828, 0.12910918210682396]","[0.956667, 0.03, 0.01, 0.003333]"
d1-omni,typed_invoice_processing,invoice_processing_000067,disposition,choice,0,0,"[""approve"", ""hold"", ""manual_review"", ""reject""]","[0.4396691677878712, 0.2033698834551971, 0.33589426670436795, 0.021066682052563738]","[0.94, 0.036667, 0.02, 0.003333]"
d1-omni,typed_invoice_processing,invoice_processing_000067,duplicate,noul,0,0,"[""false"", ""true""]","[0.9990650866854832, 0.0009349133145168915]","[0.98, 0.02]"
d1-omni,typed_invoice_processing,invoice_processing_000067,matches_order,noul,1,1,"[""false"", ""true""]","[0.2540692035552189, 0.7459307964447811]","[0.023333, 0.976667]"
d1-omni,typed_invoice_processing,invoice_processing_000067,urgency,score,3,1,"[""0"", ""1"", ""2"", ""3""]","[0.08934345383780319, 0.7620733015021883, 0.0733485218756491, 0.07523472278435955]","[0.006667, 0.06, 0.466667, 0.466667]"
d1-omni,typed_invoice_processing,invoice_processing_000068,discrepancy_severity,score,2,0,"[""0"", ""1"", ""2"", ""3""]","[0.7990520596199195, 0.03602006291940096, 0.10281221549827996, 0.06211566196239958]","[0.050017, 0.183417, 0.633534, 0.133033]"
d1-omni,typed_invoice_processing,invoice_processing_000068,disposition,choice,2,0,"[""approve"", ""hold"", ""manual_review"", ""reject""]","[0.4992915878770563, 0.20082294511430282, 0.29276693069372334, 0.007118536314917585]","[0.116667, 0.25, 0.616667, 0.016667]"
d1-omni,typed_invoice_processing,invoice_processing_000068,duplicate,noul,0,0,"[""false"", ""true""]","[0.9889705284197864, 0.011029471580213512]","[0.966333, 0.033667]"
d1-omni,typed_invoice_processing,invoice_processing_000068,matches_order,noul,0,1,"[""false"", ""true""]","[0.3762220380427343, 0.6237779619572658]","[0.883333, 0.116667]"
d1-omni,typed_invoice_processing,invoice_processing_000068,urgency,score,2,1,"[""0"", ""1"", ""2"", ""3""]","[0.0723578750177696, 0.8502167393674077, 0.06237638140589241, 0.015049004208930263]","[0.066667, 0.25, 0.6, 0.083333]"
d1-omni,typed_invoice_processing,invoice_processing_000069,discrepancy_severity,score,0,0,"[""0"", ""1"", ""2"", ""3""]","[0.6893330130476581, 0.046137338227430026, 0.19348821329213456, 0.07104143543277713]","[0.983333, 0.01, 0.006667, 0.0]"
d1-omni,typed_invoice_processing,invoice_processing_000069,disposition,choice,0,0,"[""approve"", ""hold"", ""manual_review"", ""reject""]","[0.6332673402032559, 0.15063470130424864, 0.204965363616331, 0.011132594876164458]","[0.943333, 0.033333, 0.016667, 0.006667]"
d1-omni,typed_invoice_processing,invoice_processing_000069,duplicate,noul,0,0,"[""false"", ""true""]","[0.9945333818807097, 0.00546661811929033]","[0.986667, 0.013333]"
d1-omni,typed_invoice_processing,invoice_processing_000069,matches_order,noul,1,1,"[""false"", ""true""]","[0.1740239155055682, 0.8259760844944317]","[0.01, 0.99]"
d1-omni,typed_invoice_processing,invoice_processing_000069,urgency,score,3,1,"[""0"", ""1"", ""2"", ""3""]","[0.03727646082461462, 0.9081007392376476, 0.030128500529877443, 0.0244942994078603]","[0.0, 0.033333, 0.483333, 0.483333]"
d1-omni,typed_invoice_processing,invoice_processing_000070,discrepancy_severity,score,3,0,"[""0"", ""1"", ""2"", ""3""]","[0.8698213408629941, 0.01300594837452297, 0.08931455969525398, 0.02785815106722894]","[0.0, 0.016667, 0.1, 0.883333]"
d1-omni,typed_invoice_processing,invoice_processing_000070,disposition,choice,2,0,"[""approve"", ""hold"", ""manual_review"", ""reject""]","[0.4958654860186501, 0.09009463990450425, 0.4118215344678232, 0.0022183396090224377]","[0.013333, 0.283333, 0.633333, 0.07]"
d1-omni,typed_invoice_processing,invoice_processing_000070,duplicate,noul,0,0,"[""false"", ""true""]","[0.9994871181058509, 0.0005128818941491118]","[0.99, 0.01]"
d1-omni,typed_invoice_processing,invoice_processing_000070,matches_order,noul,0,1,"[""false"", ""true""]","[0.29090526564537683, 0.7090947343546232]","[0.976667, 0.023333]"
d1-omni,typed_invoice_processing,invoice_processing_000070,urgency,score,1,1,"[""0"", ""1"", ""2"", ""3""]","[0.0844268608937263, 0.7688301799071492, 0.07509079673337547, 0.0716521624657489]","[0.05, 0.633333, 0.283333, 0.033333]"
d1-omni,typed_invoice_processing,invoice_processing_000071,discrepancy_severity,score,2,0,"[""0"", ""1"", ""2"", ""3""]","[0.8437815524761497, 0.009900456194321809, 0.05137057192715931, 0.09494741940236918]","[0.133333, 0.25, 0.516667, 0.1]"
d1-omni,typed_invoice_processing,invoice_processing_000071,disposition,choice,1,0,"[""approve"", ""hold"", ""manual_review"", ""reject""]","[0.4811279568511836, 0.16076472269566722, 0.34781490635839446, 0.010292414094754723]","[0.2, 0.45, 0.323333, 0.026667]"
d1-omni,typed_invoice_processing,invoice_processing_000071,duplicate,noul,0,0,"[""false"", ""true""]","[0.99970208627073, 0.0002979137292699869]","[0.986667, 0.013333]"
d1-omni,typed_invoice_processing,invoice_processing_000071,matches_order,noul,1,1,"[""false"", ""true""]","[0.3862713932543036, 0.6137286067456964]","[0.15, 0.85]"
d1-omni,typed_invoice_processing,invoice_processing_000071,urgency,score,2,1,"[""0"", ""1"", ""2"", ""3""]","[0.03009803669246956, 0.8319696113372593, 0.08898289406289792, 0.04894945790737316]","[0.043333, 0.416667, 0.5, 0.04]"
d1-omni,typed_invoice_processing,invoice_processing_000072,discrepancy_severity,score,3,0,"[""0"", ""1"", ""2"", ""3""]","[0.5964551832303987, 0.0589157556233428, 0.26793837393236597, 0.07669068721389254]","[0.03, 0.053333, 0.15, 0.766667]"
d1-omni,typed_invoice_processing,invoice_processing_000072,disposition,choice,1,0,"[""approve"", ""hold"", ""manual_review"", ""reject""]","[0.5230310391263681, 0.11267242658174653, 0.3561106233023016, 0.008185910989583737]","[0.023333, 0.7, 0.25, 0.026667]"
d1-omni,typed_invoice_processing,invoice_processing_000072,duplicate,noul,0,0,"[""false"", ""true""]","[0.9974128039502629, 0.002587196049737056]","[0.986667, 0.013333]"
d1-omni,typed_invoice_processing,invoice_processing_000072,matches_order,noul,0,0,"[""false"", ""true""]","[0.5865228386598698, 0.4134771613401302]","[0.933333, 0.066667]"
d1-omni,typed_invoice_processing,invoice_processing_000072,urgency,score,1,1,"[""0"", ""1"", ""2"", ""3""]","[0.09472428574299167, 0.8360638210834079, 0.047910271251808446, 0.021301621921792108]","[0.066667, 0.65, 0.266667, 0.016667]"
d1-omni,typed_invoice_processing,invoice_processing_000073,discrepancy_severity,score,3,0,"[""0"", ""1"", ""2"", ""3""]","[0.47931851801431147, 0.03650817538596131, 0.20814994799340608, 0.27602335860632116]","[0.003333, 0.03, 0.1, 0.866667]"
d1-omni,typed_invoice_processing,invoice_processing_000073,disposition,choice,2,0,"[""approve"", ""hold"", ""manual_review"", ""reject""]","[0.5150710770342425, 0.13561667881659947, 0.3303296227703395, 0.0189826213788185]","[0.0, 0.216667, 0.716667, 0.066667]"
d1-omni,typed_invoice_processing,invoice_processing_000073,duplicate,noul,0,0,"[""false"", ""true""]","[0.9971307473716419, 0.0028692526283581213]","[0.973333, 0.026667]"
d1-omni,typed_invoice_processing,invoice_processing_000073,matches_order,noul,0,1,"[""false"", ""true""]","[0.386531893611452, 0.613468106388548]","[0.976667, 0.023333]"
d1-omni,typed_invoice_processing,invoice_processing_000073,urgency,score,2,1,"[""0"", ""1"", ""2"", ""3""]","[0.044249529530125654, 0.8332981027707974, 0.056155569244350216, 0.06629679845472669]","[0.016667, 0.25, 0.6, 0.133333]"
d1-omni,typed_invoice_processing,invoice_processing_000074,discrepancy_severity,score,0,0,"[""0"", ""1"", ""2"", ""3""]","[0.7826692609042213, 0.018875343741476244, 0.06524119423364406, 0.1332142011206584]","[0.693333, 0.003333, 0.235, 0.068333]"
d1-omni,typed_invoice_processing,invoice_processing_000074,disposition,choice,0,0,"[""approve"", ""hold"", ""manual_review"", ""reject""]","[0.5909840960204384, 0.13290062144941964, 0.27120054354763895, 0.004914738982502913]","[0.64, 0.053333, 0.286667, 0.02]"
d1-omni,typed_invoice_processing,invoice_processing_000074,duplicate,noul,0,0,"[""false"", ""true""]","[0.9988418419384928, 0.001158158061507149]","[0.973333, 0.026667]"
d1-omni,typed_invoice_processing,invoice_processing_000074,matches_order,noul,1,1,"[""false"", ""true""]","[0.27916480758660656, 0.7208351924133934]","[0.29, 0.71]"
d1-omni,typed_invoice_processing,invoice_processing_000074,urgency,score,2,1,"[""0"", ""1"", ""2"", ""3""]","[0.01600759624562329, 0.884287740684985, 0.058667838523068644, 0.041036824546323056]","[0.0, 0.066667, 0.566667, 0.366667]"
d1-omni,typed_invoice_processing,invoice_processing_000075,discrepancy_severity,score,0,0,"[""0"", ""1"", ""2"", ""3""]","[0.8405490237317823, 0.014148128368003395, 0.08189531677003471, 0.06340753113017966]","[0.966667, 0.026667, 0.006333, 0.000333]"
d1-omni,typed_invoice_processing,invoice_processing_000075,disposition,choice,0,0,"[""approve"", ""hold"", ""manual_review"", ""reject""]","[0.6083639237989732, 0.1306078236435298, 0.23887941749246924, 0.02214883506502774]","[0.956865, 0.019901, 0.01495, 0.008284]"
d1-omni,typed_invoice_processing,invoice_processing_000075,duplicate,noul,0,0,"[""false"", ""true""]","[0.9950322350209652, 0.004967764979034756]","[0.99, 0.01]"
d1-omni,typed_invoice_processing,invoice_processing_000075,matches_order,noul,1,1,"[""false"", ""true""]","[0.2644533236665038, 0.7355466763334962]","[0.016667, 0.983333]"
d1-omni,typed_invoice_processing,invoice_processing_000075,urgency,score,1,1,"[""0"", ""1"", ""2"", ""3""]","[0.0524129732421717, 0.8214797918876211, 0.08607748612242372, 0.04002974874778345]","[0.016667, 0.55, 0.416667, 0.016667]"
d1-omni,typed_invoice_processing,invoice_processing_000076,discrepancy_severity,score,3,0,"[""0"", ""1"", ""2"", ""3""]","[0.6576914430232796, 0.04569496061814083, 0.24720556733940344, 0.04940802901917619]","[0.01, 0.023333, 0.383333, 0.583333]"
d1-omni,typed_invoice_processing,invoice_processing_000076,disposition,choice,2,2,"[""approve"", ""hold"", ""manual_review"", ""reject""]","[0.4061416079665695, 0.1683981022948809, 0.4124367207158025, 0.013023569022747067]","[0.033333, 0.316667, 0.616667, 0.033333]"
d1-omni,typed_invoice_processing,invoice_processing_000076,duplicate,noul,0,0,"[""false"", ""true""]","[0.9939525393013844, 0.00604746069861553]","[0.966667, 0.033333]"
d1-omni,typed_invoice_processing,invoice_processing_000076,matches_order,noul,0,0,"[""false"", ""true""]","[0.9763105343970323, 0.023689465602967696]","[0.9, 0.1]"
d1-omni,typed_invoice_processing,invoice_processing_000076,urgency,score,2,1,"[""0"", ""1"", ""2"", ""3""]","[0.07253341024471685, 0.7714754711572971, 0.10208888153285879, 0.053902237065127374]","[0.006667, 0.2, 0.666667, 0.126667]"
d1-omni,typed_invoice_processing,invoice_processing_000077,discrepancy_severity,score,3,0,"[""0"", ""1"", ""2"", ""3""]","[0.7613233502540545, 0.03803383059981293, 0.14242116180502434, 0.058221657341108096]","[0.006667, 0.076667, 0.25, 0.666667]"
d1-omni,typed_invoice_processing,invoice_processing_000077,disposition,choice,2,0,"[""approve"", ""hold"", ""manual_review"", ""reject""]","[0.42017881554510994, 0.22112158153479097, 0.28254278058629084, 0.07615682233380813]","[0.05, 0.416667, 0.466667, 0.066667]"
d1-omni,typed_invoice_processing,invoice_processing_000077,duplicate,noul,0,0,"[""false"", ""true""]","[0.9907767170402048, 0.009223282959795178]","[0.96, 0.04]"
d1-omni,typed_invoice_processing,invoice_processing_000077,matches_order,noul,0,1,"[""false"", ""true""]","[0.3305252322238837, 0.6694747677761163]","[0.876667, 0.123333]"
d1-omni,typed_invoice_processing,invoice_processing_000077,urgency,score,2,1,"[""0"", ""1"", ""2"", ""3""]","[0.024126878333928594, 0.8719473577110138, 0.06344184796307253, 0.04048391599198497]","[0.033333, 0.383333, 0.383333, 0.2]"
d1-omni,typed_invoice_processing,invoice_processing_000078,discrepancy_severity,score,3,0,"[""0"", ""1"", ""2"", ""3""]","[0.8406983398032616, 0.014419174210197592, 0.056035247828454954, 0.08884723815808578]","[0.0, 0.0, 0.2, 0.8]"
d1-omni,typed_invoice_processing,invoice_processing_000078,disposition,choice,2,2,"[""approve"", ""hold"", ""manual_review"", ""reject""]","[0.29874495751812224, 0.2667491843437007, 0.40704198146536624, 0.027463876672810823]","[0.016667, 0.233333, 0.716667, 0.033333]"
d1-omni,typed_invoice_processing,invoice_processing_000078,duplicate,noul,0,0,"[""false"", ""true""]","[0.9971689087315856, 0.0028310912684145185]","[0.96, 0.04]"
d1-omni,typed_invoice_processing,invoice_processing_000078,matches_order,noul,0,1,"[""false"", ""true""]","[0.30029334976168875, 0.6997066502383112]","[0.983333, 0.016667]"
d1-omni,typed_invoice_processing,invoice_processing_000078,urgency,score,1,1,"[""0"", ""1"", ""2"", ""3""]","[0.13432766441169958, 0.7304358600497113, 0.07289019333886113, 0.062346282199727994]","[0.05, 0.5, 0.25, 0.2]"
d1-omni,typed_invoice_processing,invoice_processing_000079,discrepancy_severity,score,3,0,"[""0"", ""1"", ""2"", ""3""]","[0.4740004959777199, 0.01407275904402537, 0.3144062857404027, 0.19752045923785194]","[0.0, 0.033333, 0.093333, 0.873333]"
d1-omni,typed_invoice_processing,invoice_processing_000079,disposition,choice,2,2,"[""approve"", ""hold"", ""manual_review"", ""reject""]","[0.30148420056618574, 0.20776405598125638, 0.48047824632667807, 0.010273497125879901]","[0.02, 0.3, 0.61, 0.07]"
d1-omni,typed_invoice_processing,invoice_processing_000079,duplicate,noul,0,0,"[""false"", ""true""]","[0.9957843296939356, 0.004215670306064479]","[0.97, 0.03]"
d1-omni,typed_invoice_processing,invoice_processing_000079,matches_order,noul,0,1,"[""false"", ""true""]","[0.2548797849785726, 0.7451202150214273]","[0.963333, 0.036667]"
d1-omni,typed_invoice_processing,invoice_processing_000079,urgency,score,3,1,"[""0"", ""1"", ""2"", ""3""]","[0.19839700151760437, 0.6435680366933033, 0.07708872218539241, 0.08094623960370002]","[0.016667, 0.1, 0.433333, 0.45]"
d1-omni,typed_invoice_processing,invoice_processing_000080,discrepancy_severity,score,3,0,"[""0"", ""1"", ""2"", ""3""]","[0.6213740643104438, 0.010261687930088914, 0.21579228050273355, 0.15257196725673383]","[0.006667, 0.06, 0.25, 0.683333]"
d1-omni,typed_invoice_processing,invoice_processing_000080,disposition,choice,1,0,"[""approve"", ""hold"", ""manual_review"", ""reject""]","[0.41258270635804584, 0.18955243399567118, 0.39272920976364356, 0.005135649882639362]","[0.036667, 0.47, 0.46, 0.033333]"
d1-omni,typed_invoice_processing,invoice_processing_000080,duplicate,noul,0,0,"[""false"", ""true""]","[0.9895134449740486, 0.010486555025951444]","[0.98, 0.02]"
d1-omni,typed_invoice_processing,invoice_processing_000080,matches_order,noul,0,1,"[""false"", ""true""]","[0.23148386956714692, 0.768516130432853]","[0.943333, 0.056667]"
d1-omni,typed_invoice_processing,invoice_processing_000080,urgency,score,2,1,"[""0"", ""1"", ""2"", ""3""]","[0.10470914022691297, 0.7901182531882336, 0.06400742656439323, 0.04116518002046012]","[0.016667, 0.2, 0.533333, 0.25]"
d1-omni,typed_invoice_processing,invoice_processing_000081,discrepancy_severity,score,0,0,"[""0"", ""1"", ""2"", ""3""]","[0.8205310280141858, 0.00531559357855435, 0.06313368452985649, 0.11101969387740333]","[0.94, 0.043333, 0.016667, 0.0]"
d1-omni,typed_invoice_processing,invoice_processing_000081,disposition,choice,0,0,"[""approve"", ""hold"", ""manual_review"", ""reject""]","[0.4004667723712601, 0.22430755320533122, 0.3558348741229472, 0.019390800300461385]","[0.833333, 0.09, 0.066667, 0.01]"
d1-omni,typed_invoice_processing,invoice_processing_000081,duplicate,noul,0,0,"[""false"", ""true""]","[0.993745098524844, 0.0062549014751560284]","[0.946667, 0.053333]"
d1-omni,typed_invoice_processing,invoice_processing_000081,matches_order,noul,1,1,"[""false"", ""true""]","[0.13669480880194512, 0.8633051911980549]","[0.036667, 0.963333]"
d1-omni,typed_invoice_processing,invoice_processing_000081,urgency,score,2,1,"[""0"", ""1"", ""2"", ""3""]","[0.08865672143228805, 0.8148740275680217, 0.06460978458798605, 0.031859466411704014]","[0.02, 0.283333, 0.633333, 0.063333]"
d1-omni,typed_invoice_processing,invoice_processing_000082,discrepancy_severity,score,0,0,"[""0"", ""1"", ""2"", ""3""]","[0.6947193111074168, 0.0015696560684775346, 0.22568002490941858, 0.07803100791468713]","[0.866667, 0.11, 0.02, 0.003333]"
d1-omni,typed_invoice_processing,invoice_processing_000082,disposition,choice,0,2,"[""approve"", ""hold"", ""manual_review"", ""reject""]","[0.40225130930876446, 0.13395015763526652, 0.45204254932535304, 0.011755983730616124]","[0.84, 0.09, 0.06, 0.01]"
d1-omni,typed_invoice_processing,invoice_processing_000082,duplicate,noul,0,0,"[""false"", ""true""]","[0.9988027896223047, 0.0011972103776951711]","[0.976667, 0.023333]"
d1-omni,typed_invoice_processing,invoice_processing_000082,matches_order,noul,1,1,"[""false"", ""true""]","[0.11490746253904932, 0.8850925374609507]","[0.046667, 0.953333]"
d1-omni,typed_invoice_processing,invoice_processing_000082,urgency,score,1,1,"[""0"", ""1"", ""2"", ""3""]","[0.1323118491332588, 0.7131787553006742, 0.08072279989690222, 0.07378659566916478]","[0.066667, 0.766667, 0.143333, 0.023333]"
d1-omni,typed_invoice_processing,invoice_processing_000083,discrepancy_severity,score,3,0,"[""0"", ""1"", ""2"", ""3""]","[0.5836313129702914, 0.032336706095761565, 0.22424218580333488, 0.15978979513061223]","[0.003333, 0.013333, 0.183333, 0.8]"
d1-omni,typed_invoice_processing,invoice_processing_000083,disposition,choice,2,0,"[""approve"", ""hold"", ""manual_review"", ""reject""]","[0.519716683203313, 0.2036731023793207, 0.25363004541897893, 0.02298016899838745]","[0.023333, 0.26, 0.683333, 0.033333]"
d1-omni,typed_invoice_processing,invoice_processing_000083,duplicate,noul,0,0,"[""false"", ""true""]","[0.9854124369722129, 0.014587563027787041]","[0.97, 0.03]"
d1-omni,typed_invoice_processing,invoice_processing_000083,matches_order,noul,0,1,"[""false"", ""true""]","[0.46769639850821143, 0.5323036014917886]","[0.98, 0.02]"
d1-omni,typed_invoice_processing,invoice_processing_000083,urgency,score,2,1,"[""0"", ""1"", ""2"", ""3""]","[0.061221883673742816, 0.8199400989540925, 0.10074086335474697, 0.018097154017417627]","[0.043333, 0.2, 0.6, 0.156667]"
d1-omni,typed_invoice_processing,invoice_processing_000084,discrepancy_severity,score,3,0,"[""0"", ""1"", ""2"", ""3""]","[0.8163183218491661, 0.0352458621495799, 0.10995195890008307, 0.0384838571011709]","[0.013333, 0.03, 0.09, 0.866667]"
d1-omni,typed_invoice_processing,invoice_processing_000084,disposition,choice,2,2,"[""approve"", ""hold"", ""manual_review"", ""reject""]","[0.3587511681970973, 0.2514557460619223, 0.3808643963113859, 0.008928689429594565]","[0.023333, 0.36, 0.55, 0.066667]"
d1-omni,typed_invoice_processing,invoice_processing_000084,duplicate,noul,0,0,"[""false"", ""true""]","[0.996781630312754, 0.0032183696872459247]","[0.973333, 0.026667]"
d1-omni,typed_invoice_processing,invoice_processing_000084,matches_order,noul,0,0,"[""false"", ""true""]","[0.5559475738103384, 0.4440524261896617]","[0.96, 0.04]"
d1-omni,typed_invoice_processing,invoice_processing_000084,urgency,score,1,1,"[""0"", ""1"", ""2"", ""3""]","[0.068238395519965, 0.8057369632199826, 0.09909252450439174, 0.026932116755660835]","[0.066667, 0.433333, 0.25, 0.25]"
d1-omni,typed_invoice_processing,invoice_processing_000085,discrepancy_severity,score,3,0,"[""0"", ""1"", ""2"", ""3""]","[0.47122721356803987, 0.056721480298504226, 0.2723261718825759, 0.19972513425087993]","[0.0, 0.016667, 0.2, 0.783333]"
d1-omni,typed_invoice_processing,invoice_processing_000085,disposition,choice,2,2,"[""approve"", ""hold"", ""manual_review"", ""reject""]","[0.2677476765818674, 0.07371822837711753, 0.6459100694789983, 0.012624025562016684]","[0.04, 0.416667, 0.45, 0.093333]"
d1-omni,typed_invoice_processing,invoice_processing_000085,duplicate,noul,0,0,"[""false"", ""true""]","[0.9929865059941393, 0.007013494005860641]","[0.98, 0.02]"
d1-omni,typed_invoice_processing,invoice_processing_000085,matches_order,noul,0,0,"[""false"", ""true""]","[0.9820912446087006, 0.01790875539129951]","[0.943333, 0.056667]"
d1-omni,typed_invoice_processing,invoice_processing_000085,urgency,score,2,1,"[""0"", ""1"", ""2"", ""3""]","[0.11731634286372844, 0.6804038038467022, 0.09995475924313617, 0.10232509404643304]","[0.033333, 0.183333, 0.65, 0.133333]"
d1-omni,typed_invoice_processing,invoice_processing_000086,discrepancy_severity,score,0,0,"[""0"", ""1"", ""2"", ""3""]","[0.733803403675498, 0.006905281151959311, 0.1446444520476274, 0.11464686312491507]","[0.97, 0.03, 0.0, 0.0]"
d1-omni,typed_invoice_processing,invoice_processing_000086,disposition,choice,0,0,"[""approve"", ""hold"", ""manual_review"", ""reject""]","[0.5195655951205791, 0.20104530232602222, 0.2469279577256148, 0.03246114482778383]","[0.913333, 0.056667, 0.03, 0.0]"
d1-omni,typed_invoice_processing,invoice_processing_000086,duplicate,noul,0,0,"[""false"", ""true""]","[0.9959338203166014, 0.004066179683398514]","[0.98, 0.02]"
d1-omni,typed_invoice_processing,invoice_processing_000086,matches_order,noul,1,1,"[""false"", ""true""]","[0.23877194740286597, 0.7612280525971341]","[0.013333, 0.986667]"
d1-omni,typed_invoice_processing,invoice_processing_000086,urgency,score,2,1,"[""0"", ""1"", ""2"", ""3""]","[0.1089077072595061, 0.77163258410151, 0.08819613188471775, 0.03126357675426615]","[0.016667, 0.283333, 0.7, 0.0]"
d1-omni,typed_invoice_processing,invoice_processing_000087,discrepancy_severity,score,3,0,"[""0"", ""1"", ""2"", ""3""]","[0.8173576085718377, 0.01695543261296782, 0.15060648523395018, 0.015080473581244275]","[0.006667, 0.053333, 0.123333, 0.816667]"
d1-omni,typed_invoice_processing,invoice_processing_000087,disposition,choice,1,0,"[""approve"", ""hold"", ""manual_review"", ""reject""]","[0.5315895886830392, 0.1835331413048332, 0.27104580324332017, 0.013831466768807447]","[0.023333, 0.5, 0.433333, 0.043333]"
d1-omni,typed_invoice_processing,invoice_processing_000087,duplicate,noul,0,0,"[""false"", ""true""]","[0.9954083183726782, 0.004591681627321891]","[0.983333, 0.016667]"
d1-omni,typed_invoice_processing,invoice_processing_000087,matches_order,noul,0,1,"[""false"", ""true""]","[0.3241217242759423, 0.6758782757240578]","[0.95, 0.05]"
d1-omni,typed_invoice_processing,invoice_processing_000087,urgency,score,2,1,"[""0"", ""1"", ""2"", ""3""]","[0.046898291130348574, 0.8200040950570238, 0.09345073167178573, 0.039646882140842034]","[0.0, 0.233333, 0.65, 0.116667]"
d1-omni,typed_invoice_processing,invoice_processing_000088,discrepancy_severity,score,2,0,"[""0"", ""1"", ""2"", ""3""]","[0.7910932030840339, 0.004319807967515387, 0.08150877476814952, 0.12307821418030118]","[0.306667, 0.143333, 0.483333, 0.066667]"
d1-omni,typed_invoice_processing,invoice_processing_000088,disposition,choice,2,0,"[""approve"", ""hold"", ""manual_review"", ""reject""]","[0.5106365170903016, 0.1737353372494488, 0.303207630300129, 0.01242051536012069]","[0.283333, 0.233333, 0.476667, 0.006667]"
d1-omni,typed_invoice_processing,invoice_processing_000088,duplicate,noul,0,0,"[""false"", ""true""]","[0.9965402261083952, 0.0034597738916048314]","[0.963333, 0.036667]"
d1-omni,typed_invoice_processing,invoice_processing_000088,matches_order,noul,1,1,"[""false"", ""true""]","[0.4001046179249703, 0.5998953820750297]","[0.29, 0.71]"
d1-omni,typed_invoice_processing,invoice_processing_000088,urgency,score,3,1,"[""0"", ""1"", ""2"", ""3""]","[0.128389187608419, 0.7370272300346915, 0.10336531099344115, 0.03121827136344843]","[0.0, 0.066667, 0.3, 0.633333]"
d1-omni,typed_invoice_processing,invoice_processing_000089,discrepancy_severity,score,0,0,"[""0"", ""1"", ""2"", ""3""]","[0.6475162614976591, 0.004975936640806611, 0.2796173763382154, 0.06789042552331899]","[0.973333, 0.02, 0.006667, 0.0]"
d1-omni,typed_invoice_processing,invoice_processing_000089,disposition,choice,0,0,"[""approve"", ""hold"", ""manual_review"", ""reject""]","[0.4580806448979904, 0.17450568814669526, 0.35130842107034704, 0.016105245884967156]","[0.94, 0.04, 0.016667, 0.003333]"
d1-omni,typed_invoice_processing,invoice_processing_000089,duplicate,noul,0,0,"[""false"", ""true""]","[0.9822707061985475, 0.017729293801452585]","[0.97, 0.03]"
d1-omni,typed_invoice_processing,invoice_processing_000089,matches_order,noul,1,1,"[""false"", ""true""]","[0.21772191179247377, 0.7822780882075262]","[0.016667, 0.983333]"
d1-omni,typed_invoice_processing,invoice_processing_000089,urgency,score,2,1,"[""0"", ""1"", ""2"", ""3""]","[0.12404734190523546, 0.7794230775960594, 0.058026371619090515, 0.03850320887961468]","[0.023333, 0.166667, 0.693333, 0.116667]"
d1-omni,typed_invoice_processing,invoice_processing_000090,discrepancy_severity,score,3,0,"[""0"", ""1"", ""2"", ""3""]","[0.7332530701338441, 0.015142209237084347, 0.12469671568880948, 0.12690800494026216]","[0.003333, 0.013333, 0.15, 0.833333]"
d1-omni,typed_invoice_processing,invoice_processing_000090,disposition,choice,2,0,"[""approve"", ""hold"", ""manual_review"", ""reject""]","[0.551838024342038, 0.1462225397560182, 0.2922572674445206, 0.009682168457423245]","[0.006667, 0.25, 0.693333, 0.05]"
d1-omni,typed_invoice_processing,invoice_processing_000090,duplicate,noul,0,0,"[""false"", ""true""]","[0.9933846086237541, 0.006615391376246022]","[0.976667, 0.023333]"
d1-omni,typed_invoice_processing,invoice_processing_000090,matches_order,noul,0,1,"[""false"", ""true""]","[0.30167057982714307, 0.6983294201728569]","[0.986667, 0.013333]"
d1-omni,typed_invoice_processing,invoice_processing_000090,urgency,score,2,1,"[""0"", ""1"", ""2"", ""3""]","[0.08382750866248291, 0.7656119285880855, 0.07983270890965986, 0.07072785383977188]","[0.0, 0.15, 0.566667, 0.283333]"
d1-omni,typed_invoice_processing,invoice_processing_000091,discrepancy_severity,score,0,0,"[""0"", ""1"", ""2"", ""3""]","[0.6241755685278476, 0.02024615276660547, 0.16254790101685, 0.193030377688697]","[0.913333, 0.07, 0.013333, 0.003333]"
d1-omni,typed_invoice_processing,invoice_processing_000091,disposition,choice,0,2,"[""approve"", ""hold"", ""manual_review"", ""reject""]","[0.32949740099602226, 0.15906246452592815, 0.5079737047244057, 0.003466429753643789]","[0.321667, 0.182667, 0.299333, 0.196333]"
d1-omni,typed_invoice_processing,invoice_processing_000091,duplicate,noul,1,0,"[""false"", ""true""]","[0.9214581810719173, 0.07854181892808257]","[0.383333, 0.616667]"
d1-omni,typed_invoice_processing,invoice_processing_000091,matches_order,noul,1,1,"[""false"", ""true""]","[0.10642326861495281, 0.8935767313850472]","[0.043333, 0.956667]"
d1-omni,typed_invoice_processing,invoice_processing_000091,urgency,score,3,1,"[""0"", ""1"", ""2"", ""3""]","[0.1677271314974579, 0.7110013992380955, 0.05520260296342852, 0.0660688663010181]","[0.016667, 0.333333, 0.316667, 0.333333]"
d1-omni,typed_invoice_processing,invoice_processing_000092,discrepancy_severity,score,2,0,"[""0"", ""1"", ""2"", ""3""]","[0.8567195558846268, 0.030240359434989025, 0.0703109631726654, 0.042729121507718924]","[0.266667, 0.166667, 0.496667, 0.07]"
d1-omni,typed_invoice_processing,invoice_processing_000092,disposition,choice,1,0,"[""approve"", ""hold"", ""manual_review"", ""reject""]","[0.6387643966621814, 0.13997575262342815, 0.218339101055879, 0.0029207496585113165]","[0.293333, 0.593333, 0.106667, 0.006667]"
d1-omni,typed_invoice_processing,invoice_processing_000092,duplicate,noul,0,1,"[""false"", ""true""]","[0.17349814391643706, 0.8265018560835629]","[0.953333, 0.046667]"
d1-omni,typed_invoice_processing,invoice_processing_000092,matches_order,noul,0,1,"[""false"", ""true""]","[0.27113108002354225, 0.7288689199764578]","[0.58, 0.42]"
d1-omni,typed_invoice_processing,invoice_processing_000092,urgency,score,2,1,"[""0"", ""1"", ""2"", ""3""]","[0.03748544281152006, 0.8802469196020642, 0.07085753351019902, 0.011410104076216692]","[0.016667, 0.166667, 0.516667, 0.3]"
d1-omni,typed_invoice_processing,invoice_processing_000093,discrepancy_severity,score,0,0,"[""0"", ""1"", ""2"", ""3""]","[0.7354259727760343, 0.009165442613333264, 0.21168271444692102, 0.04372587016371147]","[0.65, 0.026667, 0.006667, 0.316667]"
d1-omni,typed_invoice_processing,invoice_processing_000093,disposition,choice,0,0,"[""approve"", ""hold"", ""manual_review"", ""reject""]","[0.5456823312011935, 0.130308949578025, 0.3177114047684987, 0.006297314452282819]","[0.52, 0.06, 0.083333, 0.336667]"
d1-omni,typed_invoice_processing,invoice_processing_000093,duplicate,noul,1,0,"[""false"", ""true""]","[0.9611048716576618, 0.03889512834233831]","[0.483333, 0.516667]"
d1-omni,typed_invoice_processing,invoice_processing_000093,matches_order,noul,1,1,"[""false"", ""true""]","[0.14475223933358658, 0.8552477606664134]","[0.016667, 0.983333]"
d1-omni,typed_invoice_processing,invoice_processing_000093,urgency,score,1,1,"[""0"", ""1"", ""2"", ""3""]","[0.09356245194881564, 0.8213852760983006, 0.06088224651940768, 0.02417002543347613]","[0.116667, 0.783333, 0.1, 0.0]"
d1-omni,typed_invoice_processing,invoice_processing_000094,discrepancy_severity,score,0,0,"[""0"", ""1"", ""2"", ""3""]","[0.7682768315069827, 0.02889395524778415, 0.1505090225729931, 0.05232019067224011]","[0.45, 0.283333, 0.23, 0.036667]"
d1-omni,typed_invoice_processing,invoice_processing_000094,disposition,choice,0,0,"[""approve"", ""hold"", ""manual_review"", ""reject""]","[0.4370315557308557, 0.14271717918881052, 0.41671313169269286, 0.0035381333876408692]","[0.466667, 0.25, 0.243333, 0.04]"
d1-omni,typed_invoice_processing,invoice_processing_000094,duplicate,noul,0,0,"[""false"", ""true""]","[0.9976937518222623, 0.0023062481777377927]","[0.966667, 0.033333]"
d1-omni,typed_invoice_processing,invoice_processing_000094,matches_order,noul,1,1,"[""false"", ""true""]","[0.29105637767988185, 0.7089436223201181]","[0.126667, 0.873333]"
d1-omni,typed_invoice_processing,invoice_processing_000094,urgency,score,2,1,"[""0"", ""1"", ""2"", ""3""]","[0.11884666115944352, 0.7511340923301558, 0.07613605982689244, 0.053883186683508354]","[0.023333, 0.183333, 0.693333, 0.1]"
d1-omni,typed_invoice_processing,invoice_processing_000095,discrepancy_severity,score,3,0,"[""0"", ""1"", ""2"", ""3""]","[0.7621907349822354, 0.018789829201729388, 0.10972360561208992, 0.10929583020394533]","[0.0, 0.0, 0.083333, 0.916667]"
d1-omni,typed_invoice_processing,invoice_processing_000095,disposition,choice,2,0,"[""approve"", ""hold"", ""manual_review"", ""reject""]","[0.49480006808940635, 0.16633516940537532, 0.3196229870562469, 0.01924177544897149]","[0.0, 0.083333, 0.816667, 0.1]"
d1-omni,typed_invoice_processing,invoice_processing_000095,duplicate,noul,0,0,"[""false"", ""true""]","[0.9959000658533108, 0.004099934146689083]","[0.98, 0.02]"
d1-omni,typed_invoice_processing,invoice_processing_000095,matches_order,noul,0,1,"[""false"", ""true""]","[0.14562339520280024, 0.8543766047971997]","[1.0, 0.0]"
d1-omni,typed_invoice_processing,invoice_processing_000095,urgency,score,2,1,"[""0"", ""1"", ""2"", ""3""]","[0.0716287124576808, 0.8117806502645236, 0.05755527846024988, 0.0590353588175456]","[0.0, 0.116667, 0.516667, 0.366667]"
d1-omni,typed_invoice_processing,invoice_processing_000096,discrepancy_severity,score,0,0,"[""0"", ""1"", ""2"", ""3""]","[0.5345630565152701, 0.026601335003537882, 0.2543659588157706, 0.1844696496654213]","[0.35, 0.35, 0.266667, 0.033333]"
d1-omni,typed_invoice_processing,invoice_processing_000096,disposition,choice,0,0,"[""approve"", ""hold"", ""manual_review"", ""reject""]","[0.4354176586044163, 0.1467037261704502, 0.4048642723308211, 0.013014342894312433]","[0.433333, 0.416667, 0.116667, 0.033333]"
d1-omni,typed_invoice_processing,invoice_processing_000096,duplicate,noul,0,0,"[""false"", ""true""]","[0.9977360534342645, 0.0022639465657355562]","[0.96, 0.04]"
d1-omni,typed_invoice_processing,invoice_processing_000096,matches_order,noul,1,0,"[""false"", ""true""]","[0.5847455510572306, 0.41525444894276936]","[0.323333, 0.676667]"
d1-omni,typed_invoice_processing,invoice_processing_000096,urgency,score,2,1,"[""0"", ""1"", ""2"", ""3""]","[0.09966955705480254, 0.8009870151918493, 0.047635535377786344, 0.051707892375561865]","[0.016667, 0.166667, 0.566667, 0.25]"
d1-omni,typed_invoice_processing,invoice_processing_000097,discrepancy_severity,score,0,0,"[""0"", ""1"", ""2"", ""3""]","[0.832911928944275, 0.00973006874894706, 0.140079905767063, 0.01727809653971496]","[0.963333, 0.033333, 0.003333, 0.0]"
d1-omni,typed_invoice_processing,invoice_processing_000097,disposition,choice,0,0,"[""approve"", ""hold"", ""manual_review"", ""reject""]","[0.5775618710719279, 0.1003897314969929, 0.31694174415983833, 0.005106653271240831]","[0.943333, 0.026667, 0.026667, 0.003333]"
d1-omni,typed_invoice_processing,invoice_processing_000097,duplicate,noul,0,0,"[""false"", ""true""]","[0.9986717435145459, 0.0013282564854541661]","[0.983333, 0.016667]"
d1-omni,typed_invoice_processing,invoice_processing_000097,matches_order,noul,1,1,"[""false"", ""true""]","[0.23016190897830457, 0.7698380910216954]","[0.02, 0.98]"
d1-omni,typed_invoice_processing,invoice_processing_000097,urgency,score,1,1,"[""0"", ""1"", ""2"", ""3""]","[0.09114966481137324, 0.7920403631056114, 0.06961442449899129, 0.047195547584024035]","[0.036667, 0.716667, 0.226667, 0.02]"
d1-omni,typed_invoice_processing,invoice_processing_000098,discrepancy_severity,score,0,0,"[""0"", ""1"", ""2"", ""3""]","[0.8589871261234007, 0.015219094422647607, 0.06295830929484666, 0.06283547015910501]","[0.683333, 0.25, 0.06, 0.006667]"
d1-omni,typed_invoice_processing,invoice_processing_000098,disposition,choice,0,0,"[""approve"", ""hold"", ""manual_review"", ""reject""]","[0.5498036707057987, 0.1862864875053062, 0.2568712573356275, 0.00703858445326755]","[0.843333, 0.09, 0.053333, 0.013333]"
d1-omni,typed_invoice_processing,invoice_processing_000098,duplicate,noul,0,0,"[""false"", ""true""]","[0.9900923623345514, 0.00990763766544867]","[0.973333, 0.026667]"
d1-omni,typed_invoice_processing,invoice_processing_000098,matches_order,noul,1,1,"[""false"", ""true""]","[0.3988745718630346, 0.6011254281369655]","[0.096667, 0.903333]"
d1-omni,typed_invoice_processing,invoice_processing_000098,urgency,score,1,1,"[""0"", ""1"", ""2"", ""3""]","[0.050461417343132885, 0.8631291201180171, 0.0636647304907261, 0.02274473204812369]","[0.1, 0.7, 0.18, 0.02]"
d1-omni,typed_invoice_processing,invoice_processing_000099,discrepancy_severity,score,0,0,"[""0"", ""1"", ""2"", ""3""]","[0.6521434597171646, 0.014492391114177064, 0.09797934386727396, 0.2353848053013844]","[0.566667, 0.3, 0.113333, 0.02]"
d1-omni,typed_invoice_processing,invoice_processing_000099,disposition,choice,0,0,"[""approve"", ""hold"", ""manual_review"", ""reject""]","[0.5034249550306878, 0.15027251766593838, 0.3428872088446058, 0.003415318458768017]","[0.733333, 0.1, 0.133333, 0.033333]"
d1-omni,typed_invoice_processing,invoice_processing_000099,duplicate,noul,0,0,"[""false"", ""true""]","[0.9981317511091012, 0.001868248890898692]","[0.97, 0.03]"
d1-omni,typed_invoice_processing,invoice_processing_000099,matches_order,noul,1,1,"[""false"", ""true""]","[0.29660339605960007, 0.7033966039403999]","[0.1, 0.9]"
d1-omni,typed_invoice_processing,invoice_processing_000099,urgency,score,2,1,"[""0"", ""1"", ""2"", ""3""]","[0.08288624028262395, 0.8185283945737044, 0.058660461444751705, 0.039924903698919954]","[0.033333, 0.283333, 0.583333, 0.1]"
d1-omni,typed_security_incidents,security_incidents_000000,credential_compromise,noul,1,1,"[""false"", ""true""]","[0.3385689902304414, 0.6614310097695587]","[0.3, 0.7]"
d1-omni,typed_security_incidents,security_incidents_000000,disposition,choice,1,1,"[""close_benign"", ""contain"", ""investigate"", ""monitor""]","[0.1522413588192937, 0.5125171852423364, 0.23510622134794917, 0.10013523459042079]","[0.016667, 0.516667, 0.366667, 0.1]"
d1-omni,typed_security_incidents,security_incidents_000000,severity,score,3,2,"[""0"", ""1"", ""2"", ""3"", ""4""]","[0.08531720517976671, 0.14555525122762053, 0.4134353520784652, 0.16001737713646466, 0.19567481437768292]","[0.016667, 0.083333, 0.366667, 0.45, 0.083333]"
d1-omni,typed_security_incidents,security_incidents_000000,true_positive,noul,1,1,"[""false"", ""true""]","[0.02520283971496315, 0.9747971602850369]","[0.15, 0.85]"
d1-omni,typed_security_incidents,security_incidents_000000,urgency,score,3,3,"[""0"", ""1"", ""2"", ""3""]","[0.04425972186247327, 0.1937633466973085, 0.2748558974342849, 0.4871210340059333]","[0.033333, 0.1, 0.283333, 0.583333]"
d1-omni,typed_security_incidents,security_incidents_000001,credential_compromise,noul,1,1,"[""false"", ""true""]","[0.24481403391541146, 0.7551859660845885]","[0.1, 0.9]"
d1-omni,typed_security_incidents,security_incidents_000001,disposition,choice,1,2,"[""close_benign"", ""contain"", ""investigate"", ""monitor""]","[0.045103791030125226, 0.3447783737833412, 0.43111810235807496, 0.17899973282845852]","[0.003333, 0.7, 0.266667, 0.03]"
d1-omni,typed_security_incidents,security_incidents_000001,severity,score,3,2,"[""0"", ""1"", ""2"", ""3"", ""4""]","[0.04755916564363723, 0.10087958137589585, 0.5724993348185203, 0.24713220613414047, 0.031929712027806076]","[0.006667, 0.076667, 0.266667, 0.533333, 0.116667]"
d1-omni,typed_security_incidents,security_incidents_000001,true_positive,noul,1,1,"[""false"", ""true""]","[0.15291562470519357, 0.8470843752948065]","[0.05, 0.95]"
d1-omni,typed_security_incidents,security_incidents_000001,urgency,score,3,3,"[""0"", ""1"", ""2"", ""3""]","[0.016294195110423054, 0.1516048423069464, 0.29251146753029533, 0.5395894950523352]","[0.003333, 0.013333, 0.1, 0.883333]"
d1-omni,typed_security_incidents,security_incidents_000002,credential_compromise,noul,0,0,"[""false"", ""true""]","[0.9341478118365216, 0.06585218816347842]","[0.8, 0.2]"
d1-omni,typed_security_incidents,security_incidents_000002,disposition,choice,2,2,"[""close_benign"", ""contain"", ""investigate"", ""monitor""]","[0.16389613986671847, 0.3185514013456079, 0.3435962990168202, 0.1739561597708534]","[0.166667, 0.05, 0.516667, 0.266667]"
d1-omni,typed_security_incidents,security_incidents_000002,severity,score,2,2,"[""0"", ""1"", ""2"", ""3"", ""4""]","[0.013397900899671206, 0.040233807365457376, 0.54082513550167, 0.4006335584857, 0.004909597747501467]","[0.033333, 0.216667, 0.466667, 0.25, 0.033333]"
d1-omni,typed_security_incidents,security_incidents_000002,true_positive,noul,0,1,"[""false"", ""true""]","[0.2712517410498585, 0.7287482589501415]","[0.6, 0.4]"
d1-omni,typed_security_incidents,security_incidents_000002,urgency,score,1,2,"[""0"", ""1"", ""2"", ""3""]","[0.0005403848252047878, 0.03449370280396877, 0.9273033150586185, 0.037662597312207995]","[0.066667, 0.433333, 0.383333, 0.116667]"
d1-omni,typed_security_incidents,security_incidents_000003,credential_compromise,noul,1,0,"[""false"", ""true""]","[0.9014879018816668, 0.09851209811833316]","[0.333333, 0.666667]"
d1-omni,typed_security_incidents,security_incidents_000003,disposition,choice,2,2,"[""close_benign"", ""contain"", ""investigate"", ""monitor""]","[0.13393225417719629, 0.025655198177403346, 0.6988482409350425, 0.1415643067103578]","[0.066667, 0.116667, 0.483333, 0.333333]"
d1-omni,typed_security_incidents,security_incidents_000003,severity,score,2,2,"[""0"", ""1"", ""2"", ""3"", ""4""]","[0.03250167905842408, 0.02621804303477291, 0.5863224878535817, 0.3538903363130115, 0.001067453740209906]","[0.05, 0.15, 0.533333, 0.233333, 0.033333]"
d1-omni,typed_security_incidents,security_incidents_000003,true_positive,noul,1,0,"[""false"", ""true""]","[0.8561821767599759, 0.14381782324002412]","[0.383333, 0.616667]"
d1-omni,typed_security_incidents,security_incidents_000003,urgency,score,2,3,"[""0"", ""1"", ""2"", ""3""]","[0.00581190917892041, 0.10443671516754995, 0.35364998619864185, 0.5361013894548878]","[0.05, 0.2, 0.416667, 0.333333]"
d1-omni,typed_security_incidents,security_incidents_000004,credential_compromise,noul,0,0,"[""false"", ""true""]","[0.993423002242258, 0.006576997757742006]","[0.86, 0.14]"
d1-omni,typed_security_incidents,security_incidents_000004,disposition,choice,0,3,"[""close_benign"", ""contain"", ""investigate"", ""monitor""]","[0.06581349275953777, 0.2045094142008033, 0.34215451521477874, 0.3875225778248802]","[0.616667, 0.02, 0.153333, 0.21]"
d1-omni,typed_security_incidents,security_incidents_000004,severity,score,2,3,"[""0"", ""1"", ""2"", ""3"", ""4""]","[0.06890187170509238, 0.22395729747356605, 0.3509392040266951, 0.3557701573588823, 0.00043146943576422036]","[0.35, 0.146667, 0.386667, 0.1, 0.016667]"
d1-omni,typed_security_incidents,security_incidents_000004,true_positive,noul,0,0,"[""false"", ""true""]","[0.9975080330501959, 0.00249196694980411]","[0.826667, 0.173333]"
d1-omni,typed_security_incidents,security_incidents_000004,urgency,score,0,1,"[""0"", ""1"", ""2"", ""3""]","[0.10287980598563767, 0.8275937878887252, 0.042636140235744885, 0.02689026588989209]","[0.36, 0.353333, 0.22, 0.066667]"
d1-omni,typed_security_incidents,security_incidents_000005,credential_compromise,noul,1,0,"[""false"", ""true""]","[0.9311501454788547, 0.06884985452114528]","[0.306667, 0.693333]"
d1-omni,typed_security_incidents,security_incidents_000005,disposition,choice,2,2,"[""close_benign"", ""contain"", ""investigate"", ""monitor""]","[0.1512370800301813, 0.12124087939475411, 0.6340171636786177, 0.09350487689644686]","[0.03, 0.283333, 0.566667, 0.12]"
d1-omni,typed_security_incidents,security_incidents_000005,severity,score,3,2,"[""0"", ""1"", ""2"", ""3"", ""4""]","[0.1046925235927857, 0.08090009739969616, 0.40695136957015565, 0.4068520484935529, 0.0006039609438095743]","[0.0, 0.043333, 0.206667, 0.5, 0.25]"
d1-omni,typed_security_incidents,security_incidents_000005,true_positive,noul,1,0,"[""false"", ""true""]","[0.8925508180426265, 0.10744918195737344]","[0.24, 0.76]"
d1-omni,typed_security_incidents,security_incidents_000005,urgency,score,3,3,"[""0"", ""1"", ""2"", ""3""]","[0.01253765114989678, 0.24695469687869326, 0.2691160048038683, 0.4713916471675416]","[0.03, 0.103333, 0.266667, 0.6]"
d1-omni,typed_security_incidents,security_incidents_000006,credential_compromise,noul,1,1,"[""false"", ""true""]","[0.44137954549241065, 0.5586204545075893]","[0.25, 0.75]"
d1-omni,typed_security_incidents,security_incidents_000006,disposition,choice,1,1,"[""close_benign"", ""contain"", ""investigate"", ""monitor""]","[0.013314823309368833, 0.5740943073727457, 0.3616495338248163, 0.050941335493069305]","[0.033333, 0.5, 0.35, 0.116667]"
d1-omni,typed_security_incidents,security_incidents_000006,severity,score,3,3,"[""0"", ""1"", ""2"", ""3"", ""4""]","[0.0005346933626934916, 0.006642374975563267, 0.4348975240123603, 0.5318077858253012, 0.026117621824081658]","[0.006667, 0.016667, 0.166667, 0.51, 0.3]"
d1-omni,typed_security_incidents,security_incidents_000006,true_positive,noul,1,1,"[""false"", ""true""]","[0.06325052693396475, 0.9367494730660353]","[0.14, 0.86]"
d1-omni,typed_security_incidents,security_incidents_000006,urgency,score,3,3,"[""0"", ""1"", ""2"", ""3""]","[0.004340241060581862, 0.04232058644144975, 0.4167069977399824, 0.536632174757986]","[0.006667, 0.056667, 0.203333, 0.733333]"
d1-omni,typed_security_incidents,security_incidents_000007,credential_compromise,noul,1,1,"[""false"", ""true""]","[0.4632013472809912, 0.5367986527190088]","[0.5, 0.5]"
d1-omni,typed_security_incidents,security_incidents_000007,disposition,choice,2,2,"[""close_benign"", ""contain"", ""investigate"", ""monitor""]","[0.014699421263603827, 0.17807285116161414, 0.77030946356115, 0.036918264013631956]","[0.016667, 0.15, 0.516667, 0.316667]"
d1-omni,typed_security_incidents,security_incidents_000007,severity,score,2,2,"[""0"", ""1"", ""2"", ""3"", ""4""]","[0.04296909118629205, 0.0272595179577849, 0.6070143072186331, 0.25837870106479444, 0.06437838257249538]","[0.013333, 0.133333, 0.466667, 0.333333, 0.053333]"
d1-omni,typed_security_incidents,security_incidents_000007,true_positive,noul,1,1,"[""false"", ""true""]","[0.214115700860612, 0.785884299139388]","[0.25, 0.75]"
d1-omni,typed_security_incidents,security_incidents_000007,urgency,score,2,3,"[""0"", ""1"", ""2"", ""3""]","[0.03353810618602442, 0.02234119963973625, 0.2737709606666393, 0.6703497335076]","[0.016667, 0.166667, 0.416667, 0.4]"
d1-omni,typed_security_incidents,security_incidents_000008,credential_compromise,noul,0,0,"[""false"", ""true""]","[0.5501240323172282, 0.4498759676827718]","[0.533333, 0.466667]"
d1-omni,typed_security_incidents,security_incidents_000008,disposition,choice,2,1,"[""close_benign"", ""contain"", ""investigate"", ""monitor""]","[0.07936059423529257, 0.46461728042665895, 0.4035679670048141, 0.052454158333234475]","[0.016667, 0.106667, 0.533333, 0.343333]"
d1-omni,typed_security_incidents,security_incidents_000008,severity,score,2,3,"[""0"", ""1"", ""2"", ""3"", ""4""]","[0.02692238882464561, 0.04277051226512041, 0.37297017817070627, 0.5389055892259587, 0.018431331513569]","[0.046667, 0.153333, 0.383333, 0.3, 0.116667]"
d1-omni,typed_security_incidents,security_incidents_000008,true_positive,noul,1,1,"[""false"", ""true""]","[0.42588878777571504, 0.574111212224285]","[0.383333, 0.616667]"
d1-omni,typed_security_incidents,security_incidents_000008,urgency,score,3,3,"[""0"", ""1"", ""2"", ""3""]","[0.009205163843546556, 0.06788478825153316, 0.33446714183699733, 0.5884429060679229]","[0.053333, 0.213333, 0.316667, 0.416667]"
d1-omni,typed_security_incidents,security_incidents_000009,credential_compromise,noul,0,0,"[""false"", ""true""]","[0.9393872750588705, 0.0606127249411294]","[0.583333, 0.416667]"
d1-omni,typed_security_incidents,security_incidents_000009,disposition,choice,3,0,"[""close_benign"", ""contain"", ""investigate"", ""monitor""]","[0.3132768494322247, 0.20950415505575465, 0.3108389123009714, 0.16638008321104925]","[0.1, 0.05, 0.333333, 0.516667]"
d1-omni,typed_security_incidents,security_incidents_000009,severity,score,2,2,"[""0"", ""1"", ""2"", ""3"", ""4""]","[0.015441730941086907, 0.05517504954093699, 0.8205491921716259, 0.10583465896567175, 0.0029993683806783223]","[0.066667, 0.25, 0.533333, 0.15, 0.0]"
d1-omni,typed_security_incidents,security_incidents_000009,true_positive,noul,0,0,"[""false"", ""true""]","[0.9643141007099836, 0.0356858992900165]","[0.616667, 0.383333]"
d1-omni,typed_security_incidents,security_incidents_000009,urgency,score,1,0,"[""0"", ""1"", ""2"", ""3""]","[0.3846838582431474, 0.3728483134218593, 0.05277794501499668, 0.18968988331999656]","[0.05, 0.516667, 0.366667, 0.066667]"
d1-omni,typed_security_incidents,security_incidents_000010,credential_compromise,noul,0,1,"[""false"", ""true""]","[0.17101790146333373, 0.8289820985366663]","[0.616667, 0.383333]"
d1-omni,typed_security_incidents,security_incidents_000010,disposition,choice,2,1,"[""close_benign"", ""contain"", ""investigate"", ""monitor""]","[0.14518371121225015, 0.4158172282956723, 0.3583892026599834, 0.0806098578320942]","[0.166667, 0.083333, 0.533333, 0.216667]"
d1-omni,typed_security_incidents,security_incidents_000010,severity,score,3,2,"[""0"", ""1"", ""2"", ""3"", ""4""]","[0.011608968824935501, 0.02005850066244734, 0.6293565869599497, 0.31376776328546757, 0.02520818026719997]","[0.03, 0.1, 0.25, 0.55, 0.07]"
d1-omni,typed_security_incidents,security_incidents_000010,true_positive,noul,0,0,"[""false"", ""true""]","[0.6098291728181914, 0.3901708271818085]","[0.55, 0.45]"
d1-omni,typed_security_incidents,security_incidents_000010,urgency,score,2,2,"[""0"", ""1"", ""2"", ""3""]","[0.01485515592191461, 0.33156232523655904, 0.4086258936156127, 0.24495662522591372]","[0.033333, 0.15, 0.416667, 0.4]"
d1-omni,typed_security_incidents,security_incidents_000011,credential_compromise,noul,0,0,"[""false"", ""true""]","[0.903932131057439, 0.09606786894256097]","[0.6, 0.4]"
d1-omni,typed_security_incidents,security_incidents_000011,disposition,choice,2,2,"[""close_benign"", ""contain"", ""investigate"", ""monitor""]","[0.042840019934669266, 0.2815429622190529, 0.5008030061352167, 0.17481401171106117]","[0.083333, 0.116667, 0.583333, 0.216667]"
d1-omni,typed_security_incidents,security_incidents_000011,severity,score,3,2,"[""0"", ""1"", ""2"", ""3"", ""4""]","[0.014480867339744696, 0.09516769996301662, 0.6199656066006651, 0.2537509762047678, 0.016634849891805668]","[0.01, 0.073333, 0.283333, 0.416667, 0.216667]"
d1-omni,typed_security_incidents,security_incidents_000011,true_positive,noul,0,0,"[""false"", ""true""]","[0.9270832251836386, 0.07291677481636138]","[0.533333, 0.466667]"
d1-omni,typed_security_incidents,security_incidents_000011,urgency,score,3,2,"[""0"", ""1"", ""2"", ""3""]","[0.007666743837391505, 0.33242792129254883, 0.4260130922480566, 0.233892242622003]","[0.016667, 0.2, 0.366667, 0.416667]"
d1-omni,typed_security_incidents,security_incidents_000012,credential_compromise,noul,0,0,"[""false"", ""true""]","[0.9429023175083525, 0.05709768249164759]","[0.55, 0.45]"
d1-omni,typed_security_incidents,security_incidents_000012,disposition,choice,2,2,"[""close_benign"", ""contain"", ""investigate"", ""monitor""]","[0.24383016168307037, 0.14670375645057757, 0.4769302665825666, 0.13253581528378552]","[0.116667, 0.05, 0.533333, 0.3]"
d1-omni,typed_security_incidents,security_incidents_000012,severity,score,1,3,"[""0"", ""1"", ""2"", ""3"", ""4""]","[0.2704043996432567, 0.11184412068395176, 0.29266251950152594, 0.3215838730919798, 0.0035050870792858006]","[0.116667, 0.5, 0.35, 0.033333, 0.0]"
d1-omni,typed_security_incidents,security_incidents_000012,true_positive,noul,1,0,"[""false"", ""true""]","[0.8954312638355801, 0.10456873616441979]","[0.466667, 0.533333]"
d1-omni,typed_security_incidents,security_incidents_000012,urgency,score,1,1,"[""0"", ""1"", ""2"", ""3""]","[0.3633367977999869, 0.4593007585554918, 0.10909348776027206, 0.06826895588424922]","[0.083333, 0.466667, 0.4, 0.05]"
d1-omni,typed_security_incidents,security_incidents_000013,credential_compromise,noul,0,0,"[""false"", ""true""]","[0.7611392164412407, 0.23886078355875917]","[0.783333, 0.216667]"
d1-omni,typed_security_incidents,security_incidents_000013,disposition,choice,3,2,"[""close_benign"", ""contain"", ""investigate"", ""monitor""]","[0.1150413234552948, 0.17852785271960286, 0.6035096724099069, 0.10292115141519548]","[0.283333, 0.016667, 0.266667, 0.433333]"
d1-omni,typed_security_incidents,security_incidents_000013,severity,score,2,2,"[""0"", ""1"", ""2"", ""3"", ""4""]","[0.06000978208566395, 0.047750625188320205, 0.6108310191098122, 0.2772116512610997, 0.004196922355103955]","[0.1, 0.3, 0.516667, 0.083333, 0.0]"
d1-omni,typed_security_incidents,security_incidents_000013,true_positive,noul,0,0,"[""false"", ""true""]","[0.9482444705601736, 0.05175552943982643]","[0.733333, 0.266667]"
d1-omni,typed_security_incidents,security_incidents_000013,urgency,score,1,3,"[""0"", ""1"", ""2"", ""3""]","[0.06602851591605215, 0.19218265107581428, 0.326913750912593, 0.41487508209554064]","[0.133333, 0.566667, 0.25, 0.05]"
d1-omni,typed_security_incidents,security_incidents_000014,credential_compromise,noul,1,1,"[""false"", ""true""]","[0.11294201613955825, 0.8870579838604418]","[0.2, 0.8]"
d1-omni,typed_security_incidents,security_incidents_000014,disposition,choice,2,1,"[""close_benign"", ""contain"", ""investigate"", ""monitor""]","[0.08259359992551049, 0.4965247470865814, 0.3123144055343949, 0.10856724745351304]","[0.033333, 0.45, 0.45, 0.066667]"
d1-omni,typed_security_incidents,security_incidents_000014,severity,score,3,2,"[""0"", ""1"", ""2"", ""3"", ""4""]","[0.0005073182132453972, 0.009973172531208331, 0.4044530114197038, 0.39450555440574325, 0.1905609434300993]","[0.003333, 0.013333, 0.183333, 0.666667, 0.133333]"
d1-omni,typed_security_incidents,security_incidents_000014,true_positive,noul,1,1,"[""false"", ""true""]","[0.11114464264903454, 0.8888553573509654]","[0.13, 0.87]"
d1-omni,typed_security_incidents,security_incidents_000014,urgency,score,3,2,"[""0"", ""1"", ""2"", ""3""]","[0.000696574125608975, 0.004087568222800669, 0.5609216772644411, 0.4342941803871493]","[0.006667, 0.026667, 0.216667, 0.75]"
d1-omni,typed_security_incidents,security_incidents_000015,credential_compromise,noul,1,0,"[""false"", ""true""]","[0.6209951605569508, 0.37900483944304914]","[0.436667, 0.563333]"
d1-omni,typed_security_incidents,security_incidents_000015,disposition,choice,2,2,"[""close_benign"", ""contain"", ""investigate"", ""monitor""]","[0.07324573066694576, 0.1647397295713245, 0.696804785624831, 0.0652097541368989]","[0.063333, 0.1, 0.633333, 0.203333]"
d1-omni,typed_security_incidents,security_incidents_000015,severity,score,1,2,"[""0"", ""1"", ""2"", ""3"", ""4""]","[0.043870205014382234, 0.03504474950760316, 0.5396933173564632, 0.37401720063767163, 0.0073745274838797155]","[0.073333, 0.443333, 0.366667, 0.1, 0.016667]"
d1-omni,typed_security_incidents,security_incidents_000015,true_positive,noul,1,1,"[""false"", ""true""]","[0.12199924615001814, 0.8780007538499819]","[0.296667, 0.703333]"
d1-omni,typed_security_incidents,security_incidents_000015,urgency,score,2,3,"[""0"", ""1"", ""2"", ""3""]","[0.007131005921304722, 0.13534298835955672, 0.3736939477599939, 0.4838320579591445]","[0.06, 0.206667, 0.566667, 0.166667]"
d1-omni,typed_security_incidents,security_incidents_000020,credential_compromise,noul,0,0,"[""false"", ""true""]","[0.5692241821848922, 0.4307758178151077]","[0.573333, 0.426667]"
d1-omni,typed_security_incidents,security_incidents_000020,disposition,choice,2,2,"[""close_benign"", ""contain"", ""investigate"", ""monitor""]","[0.012611486101818201, 0.3849313000911381, 0.5639134057755785, 0.038543808031465274]","[0.15, 0.066667, 0.55, 0.233333]"
d1-omni,typed_security_incidents,security_incidents_000020,severity,score,2,2,"[""0"", ""1"", ""2"", ""3"", ""4""]","[0.013416338539453286, 0.006667562365432555, 0.662088376934918, 0.25769985490669955, 0.06012786725349661]","[0.05, 0.133333, 0.533333, 0.233333, 0.05]"
d1-omni,typed_security_incidents,security_incidents_000020,true_positive,noul,1,1,"[""false"", ""true""]","[0.19356621452171566, 0.8064337854782843]","[0.433333, 0.566667]"
d1-omni,typed_security_incidents,security_incidents_000020,urgency,score,2,3,"[""0"", ""1"", ""2"", ""3""]","[0.006024731931086176, 0.019372252060811567, 0.2689972825710691, 0.7056057334370331]","[0.05, 0.333333, 0.466667, 0.15]"
d1-omni,typed_security_incidents,security_incidents_000021,credential_compromise,noul,1,0,"[""false"", ""true""]","[0.5538672685066617, 0.44613273149333843]","[0.4, 0.6]"
d1-omni,typed_security_incidents,security_incidents_000021,disposition,choice,2,2,"[""close_benign"", ""contain"", ""investigate"", ""monitor""]","[0.10515133529791658, 0.26254948293452607, 0.4377597253554062, 0.19453945641215123]","[0.05, 0.083333, 0.666667, 0.2]"
d1-omni,typed_security_incidents,security_incidents_000021,severity,score,3,2,"[""0"", ""1"", ""2"", ""3"", ""4""]","[0.0003743680509434792, 0.0029677270303529587, 0.8244774169494141, 0.1684870927374617, 0.003693395231827843]","[0.0, 0.05, 0.266667, 0.616667, 0.066667]"
d1-omni,typed_security_incidents,security_incidents_000021,true_positive,noul,1,1,"[""false"", ""true""]","[0.14499420064113033, 0.8550057993588697]","[0.35, 0.65]"
d1-omni,typed_security_incidents,security_incidents_000021,urgency,score,3,2,"[""0"", ""1"", ""2"", ""3""]","[0.014666596620123191, 0.10422062849999134, 0.4474395723643724, 0.4336732025155131]","[0.016667, 0.166667, 0.4, 0.416667]"
d1-omni,typed_security_incidents,security_incidents_000022,credential_compromise,noul,0,0,"[""false"", ""true""]","[0.949129857412359, 0.05087014258764104]","[0.6, 0.4]"
d1-omni,typed_security_incidents,security_incidents_000022,disposition,choice,2,2,"[""close_benign"", ""contain"", ""investigate"", ""monitor""]","[0.17487180353092077, 0.12448800707097513, 0.4618520302234816, 0.23878815917462234]","[0.1, 0.066667, 0.6, 0.233333]"
d1-omni,typed_security_incidents,security_incidents_000022,severity,score,2,2,"[""0"", ""1"", ""2"", ""3"", ""4""]","[0.009129988817317879, 0.00704134415188161, 0.771308336801392, 0.2122066964451926, 0.0003136337842157381]","[0.016667, 0.166667, 0.4, 0.35, 0.066667]"
d1-omni,typed_security_incidents,security_incidents_000022,true_positive,noul,0,0,"[""false"", ""true""]","[0.9928543665155274, 0.007145633484472748]","[0.516667, 0.483333]"
d1-omni,typed_security_incidents,security_incidents_000022,urgency,score,2,1,"[""0"", ""1"", ""2"", ""3""]","[0.050338087797464855, 0.571605857974183, 0.24014970270691718, 0.13790635152143504]","[0.05, 0.266667, 0.5, 0.183333]"
d1-omni,typed_security_incidents,security_incidents_000023,credential_compromise,noul,0,0,"[""false"", ""true""]","[0.9150149355918331, 0.08498506440816694]","[0.75, 0.25]"
d1-omni,typed_security_incidents,security_incidents_000023,disposition,choice,2,2,"[""close_benign"", ""contain"", ""investigate"", ""monitor""]","[0.05892547568835122, 0.02117531176320011, 0.8583264834391188, 0.061572729109329795]","[0.116667, 0.1, 0.583333, 0.2]"
d1-omni,typed_security_incidents,security_incidents_000023,severity,score,3,2,"[""0"", ""1"", ""2"", ""3"", ""4""]","[0.009561432583361966, 0.01353655218401483, 0.7265474604826474, 0.2490580258497722, 0.001296528900203612]","[0.016667, 0.066667, 0.3, 0.45, 0.166667]"
d1-omni,typed_security_incidents,security_incidents_000023,true_positive,noul,0,0,"[""false"", ""true""]","[0.9387165644057573, 0.06128343559424262]","[0.64, 0.36]"
d1-omni,typed_security_incidents,security_incidents_000023,urgency,score,3,3,"[""0"", ""1"", ""2"", ""3""]","[0.00815274372923347, 0.294209548061987, 0.2472658378950375, 0.45037187031374193]","[0.05, 0.283333, 0.283333, 0.383333]"
d1-omni,typed_security_incidents,security_incidents_000024,credential_compromise,noul,0,1,"[""false"", ""true""]","[0.2176283993929444, 0.7823716006070556]","[0.516667, 0.483333]"
d1-omni,typed_security_incidents,security_incidents_000024,disposition,choice,2,2,"[""close_benign"", ""contain"", ""investigate"", ""monitor""]","[0.11836019369103865, 0.18385771177145116, 0.6311607187789832, 0.06662137575852696]","[0.05, 0.083333, 0.666667, 0.2]"
d1-omni,typed_security_incidents,security_incidents_000024,severity,score,3,2,"[""0"", ""1"", ""2"", ""3"", ""4""]","[0.009189163987271265, 0.010112050653389933, 0.599957050441383, 0.36849652935654736, 0.012245205561408446]","[0.0, 0.05, 0.333333, 0.516667, 0.1]"
d1-omni,typed_security_incidents,security_incidents_000024,true_positive,noul,1,1,"[""false"", ""true""]","[0.17335812618634575, 0.8266418738136543]","[0.383333, 0.616667]"
d1-omni,typed_security_incidents,security_incidents_000024,urgency,score,2,3,"[""0"", ""1"", ""2"", ""3""]","[0.012546443647219529, 0.14613267652497747, 0.3574681357102948, 0.4838527441175082]","[0.0, 0.15, 0.483333, 0.366667]"
d1-omni,typed_security_incidents,security_incidents_000025,credential_compromise,noul,1,0,"[""false"", ""true""]","[0.6207610388020711, 0.379238961197929]","[0.5, 0.5]"
d1-omni,typed_security_incidents,security_incidents_000025,disposition,choice,2,2,"[""close_benign"", ""contain"", ""investigate"", ""monitor""]","[0.03378924929768806, 0.24069277724427682, 0.47388916422485955, 0.2516288092331756]","[0.083333, 0.116667, 0.55, 0.25]"
d1-omni,typed_security_incidents,security_incidents_000025,severity,score,2,2,"[""0"", ""1"", ""2"", ""3"", ""4""]","[0.0030923225505491243, 0.035182993380584865, 0.8125776166054374, 0.1458294901940477, 0.0033175772693809207]","[0.05, 0.15, 0.4, 0.35, 0.05]"
d1-omni,typed_security_incidents,security_incidents_000025,true_positive,noul,1,0,"[""false"", ""true""]","[0.6428249677777017, 0.35717503222229835]","[0.383333, 0.616667]"
d1-omni,typed_security_incidents,security_incidents_000025,urgency,score,3,3,"[""0"", ""1"", ""2"", ""3""]","[0.012970039850544552, 0.03337992909985594, 0.4212014607160227, 0.5324485703335767]","[0.05, 0.15, 0.366667, 0.433333]"
d1-omni,typed_security_incidents,security_incidents_000026,credential_compromise,noul,0,0,"[""false"", ""true""]","[0.8220462948874705, 0.1779537051125295]","[0.583333, 0.416667]"
d1-omni,typed_security_incidents,security_incidents_000026,disposition,choice,2,2,"[""close_benign"", ""contain"", ""investigate"", ""monitor""]","[0.09233076168017004, 0.09876667497138038, 0.594331901375478, 0.21457066197297156]","[0.083333, 0.083333, 0.533333, 0.3]"
d1-omni,typed_security_incidents,security_incidents_000026,severity,score,2,3,"[""0"", ""1"", ""2"", ""3"", ""4""]","[0.003648523888683343, 0.009389905659758595, 0.4141616263246708, 0.5636096255440047, 0.009190318582882611]","[0.033333, 0.116667, 0.433333, 0.333333, 0.083333]"
d1-omni,typed_security_incidents,security_incidents_000026,true_positive,noul,1,0,"[""false"", ""true""]","[0.6696368424704326, 0.33036315752956735]","[0.5, 0.5]"
d1-omni,typed_security_incidents,security_incidents_000026,urgency,score,2,2,"[""0"", ""1"", ""2"", ""3""]","[0.005620348189096734, 0.33570658914480533, 0.3383396011835772, 0.3203334614825208]","[0.05, 0.183333, 0.483333, 0.283333]"
d1-omni,typed_security_incidents,security_incidents_000027,credential_compromise,noul,1,0,"[""false"", ""true""]","[0.5550244814555036, 0.44497551854449635]","[0.5, 0.5]"
d1-omni,typed_security_incidents,security_incidents_000027,disposition,choice,2,1,"[""close_benign"", ""contain"", ""investigate"", ""monitor""]","[0.05813509375175034, 0.46475237410392267, 0.3910264505664701, 0.08608608157785691]","[0.05, 0.116667, 0.566667, 0.266667]"
d1-omni,typed_security_incidents,security_incidents_000027,severity,score,2,2,"[""0"", ""1"", ""2"", ""3"", ""4""]","[0.03292699799468382, 0.02289713165312976, 0.5942853231898383, 0.32980195518584654, 0.02008859197650169]","[0.1, 0.316667, 0.45, 0.1, 0.033333]"
d1-omni,typed_security_incidents,security_incidents_000027,true_positive,noul,1,1,"[""false"", ""true""]","[0.2626763702253872, 0.7373236297746127]","[0.323333, 0.676667]"
d1-omni,typed_security_incidents,security_incidents_000027,urgency,score,2,3,"[""0"", ""1"", ""2"", ""3""]","[0.014711023649421402, 0.02846722955704048, 0.24139837337754042, 0.7154233734159977]","[0.05, 0.2, 0.516667, 0.233333]"
d1-omni,typed_security_incidents,security_incidents_000028,credential_compromise,noul,1,1,"[""false"", ""true""]","[0.43292669112610205, 0.567073308873898]","[0.233333, 0.766667]"
d1-omni,typed_security_incidents,security_incidents_000028,disposition,choice,1,1,"[""close_benign"", ""contain"", ""investigate"", ""monitor""]","[0.0680781785436657, 0.6235945983686704, 0.2439350183487718, 0.06439220473889203]","[0.0, 0.7, 0.233333, 0.066667]"
d1-omni,typed_security_incidents,security_incidents_000028,severity,score,4,2,"[""0"", ""1"", ""2"", ""3"", ""4""]","[0.002702260939392159, 0.00943181831462442, 0.5602816991104933, 0.37036879800373423, 0.05721542363175586]","[0.003333, 0.013333, 0.066667, 0.25, 0.666667]"
d1-omni,typed_security_incidents,security_incidents_000028,true_positive,noul,1,1,"[""false"", ""true""]","[0.14633104454329562, 0.8536689554567044]","[0.116667, 0.883333]"
d1-omni,typed_security_incidents,security_incidents_000028,urgency,score,3,3,"[""0"", ""1"", ""2"", ""3""]","[0.023784528293016652, 0.018023774039497238, 0.32962041525213714, 0.628571282415349]","[0.006667, 0.043333, 0.166667, 0.783333]"
d1-omni,typed_security_incidents,security_incidents_000029,credential_compromise,noul,1,1,"[""false"", ""true""]","[0.3096757183391427, 0.6903242816608574]","[0.266667, 0.733333]"
d1-omni,typed_security_incidents,security_incidents_000029,disposition,choice,2,1,"[""close_benign"", ""contain"", ""investigate"", ""monitor""]","[0.07932284391418168, 0.4793133087444556, 0.2608527725126881, 0.18051107482867454]","[0.083333, 0.25, 0.366667, 0.3]"
d1-omni,typed_security_incidents,security_incidents_000029,severity,score,3,2,"[""0"", ""1"", ""2"", ""3"", ""4""]","[0.0015700657182486878, 0.018038783505892757, 0.8463329607727754, 0.13147968049914924, 0.002578509503933864]","[0.016667, 0.066667, 0.25, 0.5, 0.166667]"
d1-omni,typed_security_incidents,security_incidents_000029,true_positive,noul,1,1,"[""false"", ""true""]","[0.18148067331064818, 0.8185193266893519]","[0.373333, 0.626667]"
d1-omni,typed_security_incidents,security_incidents_000029,urgency,score,3,3,"[""0"", ""1"", ""2"", ""3""]","[0.0014562814517395802, 0.18999158563510127, 0.0957205404499278, 0.7128315924632314]","[0.05, 0.15, 0.383333, 0.416667]"
d1-omni,typed_security_incidents,security_incidents_000030,credential_compromise,noul,1,1,"[""false"", ""true""]","[0.19320447824561182, 0.8067955217543882]","[0.406667, 0.593333]"
d1-omni,typed_security_incidents,security_incidents_000030,disposition,choice,1,1,"[""close_benign"", ""contain"", ""investigate"", ""monitor""]","[0.10349045677387536, 0.5532161262343548, 0.23842956325266249, 0.10486385373910742]","[0.003333, 0.56, 0.183333, 0.253333]"
d1-omni,typed_security_incidents,security_incidents_000030,severity,score,4,2,"[""0"", ""1"", ""2"", ""3"", ""4""]","[0.001033703681575008, 0.0037079977302626084, 0.5035207290718979, 0.48187242709748906, 0.009865142418775539]","[0.0, 0.033333, 0.233333, 0.233333, 0.5]"
d1-omni,typed_security_incidents,security_incidents_000030,true_positive,noul,1,1,"[""false"", ""true""]","[0.13231818499594916, 0.8676818150040508]","[0.253333, 0.746667]"
d1-omni,typed_security_incidents,security_incidents_000030,urgency,score,3,2,"[""0"", ""1"", ""2"", ""3""]","[0.003777995603341259, 0.02247484414517088, 0.9163556410980931, 0.05739151915339491]","[0.0, 0.083333, 0.3, 0.616667]"
d1-omni,typed_security_incidents,security_incidents_000031,credential_compromise,noul,1,1,"[""false"", ""true""]","[0.16796795690519464, 0.8320320430948054]","[0.086667, 0.913333]"
d1-omni,typed_security_incidents,security_incidents_000031,disposition,choice,1,1,"[""close_benign"", ""contain"", ""investigate"", ""monitor""]","[0.043086951119960346, 0.823177115019826, 0.09238046985998347, 0.04135546400023021]","[0.006667, 0.666667, 0.3, 0.026667]"
d1-omni,typed_security_incidents,security_incidents_000031,severity,score,2,2,"[""0"", ""1"", ""2"", ""3"", ""4""]","[0.004893513249867221, 0.013885975336681537, 0.4946632573620362, 0.1989370644044509, 0.2876201896469641]","[0.003333, 0.066667, 0.566667, 0.313333, 0.05]"
d1-omni,typed_security_incidents,security_incidents_000031,true_positive,noul,1,1,"[""false"", ""true""]","[0.022999306471675206, 0.9770006935283249]","[0.033333, 0.966667]"
d1-omni,typed_security_incidents,security_incidents_000031,urgency,score,3,3,"[""0"", ""1"", ""2"", ""3""]","[0.0053524180472884625, 0.03572982208261911, 0.3396579270824955, 0.619259832787597]","[0.003333, 0.03, 0.133333, 0.833333]"
d1-omni,typed_security_incidents,security_incidents_000032,credential_compromise,noul,0,0,"[""false"", ""true""]","[0.9358026919492611, 0.06419730805073881]","[0.94, 0.06]"
d1-omni,typed_security_incidents,security_incidents_000032,disposition,choice,0,3,"[""close_benign"", ""contain"", ""investigate"", ""monitor""]","[0.11801140933812762, 0.08450383386872339, 0.3389853778755851, 0.4584993789175639]","[0.766667, 0.0, 0.066667, 0.166667]"
d1-omni,typed_security_incidents,security_incidents_000032,severity,score,2,2,"[""0"", ""1"", ""2"", ""3"", ""4""]","[0.08448736447839941, 0.028382755794331225, 0.7287912021943117, 0.15715105503943363, 0.0011876224935239504]","[0.36, 0.156667, 0.416667, 0.066667, 0.0]"
d1-omni,typed_security_incidents,security_incidents_000032,true_positive,noul,0,0,"[""false"", ""true""]","[0.9984574556509986, 0.0015425443490012937]","[0.91, 0.09]"
d1-omni,typed_security_incidents,security_incidents_000032,urgency,score,0,1,"[""0"", ""1"", ""2"", ""3""]","[0.036504376815829444, 0.7896984073577807, 0.0882562837724538, 0.0855409320539361]","[0.463333, 0.453333, 0.066667, 0.016667]"
d1-omni,typed_security_incidents,security_incidents_000033,credential_compromise,noul,0,0,"[""false"", ""true""]","[0.6216557554828002, 0.3783442445171997]","[0.65, 0.35]"
d1-omni,typed_security_incidents,security_incidents_000033,disposition,choice,2,2,"[""close_benign"", ""contain"", ""investigate"", ""monitor""]","[0.24481724255111656, 0.12504041989817563, 0.4613883818221482, 0.16875395572855953]","[0.083333, 0.066667, 0.566667, 0.283333]"
d1-omni,typed_security_incidents,security_incidents_000033,severity,score,2,2,"[""0"", ""1"", ""2"", ""3"", ""4""]","[0.12831477588996307, 0.10606549350908327, 0.49534550792293314, 0.19498905150489362, 0.07528517117312686]","[0.133333, 0.366667, 0.366667, 0.133333, 0.0]"
d1-omni,typed_security_incidents,security_incidents_000033,true_positive,noul,1,0,"[""false"", ""true""]","[0.7989721705920626, 0.20102782940793745]","[0.45, 0.55]"
d1-omni,typed_security_incidents,security_incidents_000033,urgency,score,1,3,"[""0"", ""1"", ""2"", ""3""]","[0.012369681048665015, 0.33237495037340875, 0.25040025951363687, 0.4048551090642893]","[0.1, 0.4, 0.383333, 0.116667]"
d1-omni,typed_security_incidents,security_incidents_000034,credential_compromise,noul,1,0,"[""false"", ""true""]","[0.7321133142390743, 0.2678866857609257]","[0.433333, 0.566667]"
d1-omni,typed_security_incidents,security_incidents_000034,disposition,choice,2,2,"[""close_benign"", ""contain"", ""investigate"", ""monitor""]","[0.03884785376202653, 0.3727407983717802, 0.44851485528055746, 0.13989649258563586]","[0.043333, 0.3, 0.583333, 0.073333]"
d1-omni,typed_security_incidents,security_incidents_000034,severity,score,3,2,"[""0"", ""1"", ""2"", ""3"", ""4""]","[0.00016840431574463723, 0.001984584840037209, 0.5029878875713261, 0.4942235714821301, 0.0006355517907619982]","[0.0, 0.033333, 0.116667, 0.616667, 0.233333]"
d1-omni,typed_security_incidents,security_incidents_000034,true_positive,noul,1,1,"[""false"", ""true""]","[0.3089976545339101, 0.69100234546609]","[0.266667, 0.733333]"
d1-omni,typed_security_incidents,security_incidents_000034,urgency,score,3,2,"[""0"", ""1"", ""2"", ""3""]","[0.00014960698408873928, 0.002322035204767992, 0.8826011158233724, 0.11492724198777074]","[0.016667, 0.083333, 0.25, 0.65]"
d1-omni,typed_security_incidents,security_incidents_000035,credential_compromise,noul,1,1,"[""false"", ""true""]","[0.22981598891119012, 0.7701840110888099]","[0.436667, 0.563333]"
d1-omni,typed_security_incidents,security_incidents_000035,disposition,choice,2,2,"[""close_benign"", ""contain"", ""investigate"", ""monitor""]","[0.053434566331944086, 0.12291162907735446, 0.7237273589860341, 0.0999264456046674]","[0.003333, 0.25, 0.466667, 0.28]"
d1-omni,typed_security_incidents,security_incidents_000035,severity,score,4,2,"[""0"", ""1"", ""2"", ""3"", ""4""]","[0.00011448006400221508, 0.0018548459341504976, 0.7403030911899569, 0.23068292537818066, 0.02704465743370979]","[0.003333, 0.046667, 0.2, 0.316667, 0.433333]"
d1-omni,typed_security_incidents,security_incidents_000035,true_positive,noul,1,1,"[""false"", ""true""]","[0.10116682799571852, 0.8988331720042815]","[0.34, 0.66]"
d1-omni,typed_security_incidents,security_incidents_000035,urgency,score,3,3,"[""0"", ""1"", ""2"", ""3""]","[0.0061251978110809895, 0.07698889160894416, 0.10359984743547952, 0.8132860631444953]","[0.0, 0.133333, 0.283333, 0.583333]"
d1-omni,typed_security_incidents,security_incidents_000036,credential_compromise,noul,1,0,"[""false"", ""true""]","[0.6881541747820749, 0.3118458252179251]","[0.416667, 0.583333]"
d1-omni,typed_security_incidents,security_incidents_000036,disposition,choice,2,2,"[""close_benign"", ""contain"", ""investigate"", ""monitor""]","[0.07457576408244929, 0.33065432107044784, 0.4832548927078832, 0.11151502213921978]","[0.066667, 0.133333, 0.583333, 0.216667]"
d1-omni,typed_security_incidents,security_incidents_000036,severity,score,3,2,"[""0"", ""1"", ""2"", ""3"", ""4""]","[0.008493402598736254, 0.03776857475070781, 0.5264956756092488, 0.4228446243297228, 0.004397722711584372]","[0.02, 0.1, 0.366667, 0.416667, 0.096667]"
d1-omni,typed_security_incidents,security_incidents_000036,true_positive,noul,1,0,"[""false"", ""true""]","[0.6852126124871095, 0.31478738751289037]","[0.4, 0.6]"
d1-omni,typed_security_incidents,security_incidents_000036,urgency,score,2,3,"[""0"", ""1"", ""2"", ""3""]","[0.003400295661857303, 0.047400277495427724, 0.44059255966510225, 0.5086068671776127]","[0.033333, 0.183333, 0.45, 0.333333]"
d1-omni,typed_security_incidents,security_incidents_000037,credential_compromise,noul,1,0,"[""false"", ""true""]","[0.8410438791723089, 0.15895612082769103]","[0.483333, 0.516667]"
d1-omni,typed_security_incidents,security_incidents_000037,disposition,choice,2,2,"[""close_benign"", ""contain"", ""investigate"", ""monitor""]","[0.140552792269845, 0.06940901045202962, 0.688455200639993, 0.10158299663813251]","[0.066667, 0.083333, 0.65, 0.2]"
d1-omni,typed_security_incidents,security_incidents_000037,severity,score,2,2,"[""0"", ""1"", ""2"", ""3"", ""4""]","[0.07102602069243232, 0.036992026301032634, 0.6821524397394575, 0.2075374493991096, 0.0022920638679680316]","[0.1, 0.283333, 0.433333, 0.16, 0.023333]"
d1-omni,typed_security_incidents,security_incidents_000037,true_positive,noul,1,0,"[""false"", ""true""]","[0.9285060995859664, 0.07149390041403361]","[0.366667, 0.633333]"
d1-omni,typed_security_incidents,security_incidents_000037,urgency,score,1,2,"[""0"", ""1"", ""2"", ""3""]","[0.004637285976142626, 0.25767718442480336, 0.4182513178943413, 0.3194342117047128]","[0.05, 0.45, 0.4, 0.1]"
d1-omni,typed_security_incidents,security_incidents_000038,credential_compromise,noul,0,0,"[""false"", ""true""]","[0.8962513823583073, 0.10374861764169281]","[0.523333, 0.476667]"
d1-omni,typed_security_incidents,security_incidents_000038,disposition,choice,2,2,"[""close_benign"", ""contain"", ""investigate"", ""monitor""]","[0.047165457253677996, 0.11485218092156033, 0.7996932419903289, 0.03828911983443274]","[0.023333, 0.266667, 0.6, 0.11]"
d1-omni,typed_security_incidents,security_incidents_000038,severity,score,3,3,"[""0"", ""1"", ""2"", ""3"", ""4""]","[0.027778904543704797, 0.05481503001482176, 0.44854777118674416, 0.4677843403947937, 0.0010739538599356224]","[0.0, 0.016667, 0.216667, 0.616667, 0.15]"
d1-omni,typed_security_incidents,security_incidents_000038,true_positive,noul,1,0,"[""false"", ""true""]","[0.9280754213505965, 0.0719245786494035]","[0.206667, 0.793333]"
d1-omni,typed_security_incidents,security_incidents_000038,urgency,score,3,3,"[""0"", ""1"", ""2"", ""3""]","[0.012330930380694263, 0.17189370607181656, 0.3703522104473633, 0.445423153100126]","[0.0, 0.083333, 0.266667, 0.65]"
d1-omni,typed_security_incidents,security_incidents_000039,credential_compromise,noul,1,0,"[""false"", ""true""]","[0.5405600913489078, 0.45943990865109213]","[0.266667, 0.733333]"
d1-omni,typed_security_incidents,security_incidents_000039,disposition,choice,2,2,"[""close_benign"", ""contain"", ""investigate"", ""monitor""]","[0.04622238405411049, 0.26334216146680733, 0.6038273133422334, 0.08660814113684885]","[0.02, 0.316667, 0.5, 0.163333]"
d1-omni,typed_security_incidents,security_incidents_000039,severity,score,3,2,"[""0"", ""1"", ""2"", ""3"", ""4""]","[0.003092215958439427, 0.019851172547709975, 0.6909503086828584, 0.28239091938610356, 0.0037153834248885445]","[0.003333, 0.046667, 0.316667, 0.55, 0.083333]"
d1-omni,typed_security_incidents,security_incidents_000039,true_positive,noul,1,1,"[""false"", ""true""]","[0.17731166192818285, 0.8226883380718172]","[0.15, 0.85]"
d1-omni,typed_security_incidents,security_incidents_000039,urgency,score,3,3,"[""0"", ""1"", ""2"", ""3""]","[0.002318959059291935, 0.11173375157776244, 0.3284037173461309, 0.5575435720168148]","[0.023333, 0.093333, 0.283333, 0.6]"
d1-omni,typed_security_incidents,security_incidents_000040,credential_compromise,noul,1,0,"[""false"", ""true""]","[0.7612279712889602, 0.23877202871103972]","[0.483333, 0.516667]"
d1-omni,typed_security_incidents,security_incidents_000040,disposition,choice,2,2,"[""close_benign"", ""contain"", ""investigate"", ""monitor""]","[0.1333950978826261, 0.09123445252780665, 0.6521205585632911, 0.12324989102627615]","[0.066667, 0.133333, 0.55, 0.25]"
d1-omni,typed_security_incidents,security_incidents_000040,severity,score,2,2,"[""0"", ""1"", ""2"", ""3"", ""4""]","[0.048458088373609313, 0.05088292233711731, 0.7368461453115878, 0.13939894486175286, 0.02441389911593272]","[0.083333, 0.316667, 0.416667, 0.156667, 0.026667]"
d1-omni,typed_security_incidents,security_incidents_000040,true_positive,noul,1,1,"[""false"", ""true""]","[0.24540131905475077, 0.7545986809452492]","[0.3, 0.7]"
d1-omni,typed_security_incidents,security_incidents_000040,urgency,score,2,3,"[""0"", ""1"", ""2"", ""3""]","[0.028035072793054318, 0.14377100503655704, 0.18824662659675898, 0.6399472955736296]","[0.066667, 0.383333, 0.416667, 0.133333]"
d1-omni,typed_security_incidents,security_incidents_000041,credential_compromise,noul,0,0,"[""false"", ""true""]","[0.8217604495813065, 0.17823955041869344]","[0.833333, 0.166667]"
d1-omni,typed_security_incidents,security_incidents_000041,disposition,choice,0,2,"[""close_benign"", ""contain"", ""investigate"", ""monitor""]","[0.32195148238825133, 0.06518522832925631, 0.5002333127403937, 0.11262997654209866]","[0.366667, 0.016667, 0.333333, 0.283333]"
d1-omni,typed_security_incidents,security_incidents_000041,severity,score,0,2,"[""0"", ""1"", ""2"", ""3"", ""4""]","[0.055693071279046, 0.0641023161754924, 0.5833893066840589, 0.26647630908484704, 0.030338996776555664]","[0.533333, 0.333333, 0.1, 0.03, 0.003333]"
d1-omni,typed_security_incidents,security_incidents_000041,true_positive,noul,0,1,"[""false"", ""true""]","[0.322205974293392, 0.6777940257066081]","[0.666667, 0.333333]"
d1-omni,typed_security_incidents,security_incidents_000041,urgency,score,1,1,"[""0"", ""1"", ""2"", ""3""]","[0.05237793629653411, 0.38176816606683617, 0.21415257502120366, 0.351701322615426]","[0.356667, 0.426667, 0.2, 0.016667]"
d1-omni,typed_security_incidents,security_incidents_000042,credential_compromise,noul,1,1,"[""false"", ""true""]","[0.18907147071003855, 0.8109285292899615]","[0.45, 0.55]"
d1-omni,typed_security_incidents,security_incidents_000042,disposition,choice,3,2,"[""close_benign"", ""contain"", ""investigate"", ""monitor""]","[0.11137883497332807, 0.08085235952326845, 0.6772991714871059, 0.13046963401629758]","[0.033333, 0.066667, 0.433333, 0.466667]"
d1-omni,typed_security_incidents,security_incidents_000042,severity,score,3,2,"[""0"", ""1"", ""2"", ""3"", ""4""]","[0.01227784349590035, 0.018074733423158663, 0.7875516766559, 0.14725578890120097, 0.03483995752383998]","[0.006667, 0.06, 0.4, 0.45, 0.083333]"
d1-omni,typed_security_incidents,security_incidents_000042,true_positive,noul,1,1,"[""false"", ""true""]","[0.03701236362614818, 0.9629876363738518]","[0.5, 0.5]"
d1-omni,typed_security_incidents,security_incidents_000042,urgency,score,2,3,"[""0"", ""1"", ""2"", ""3""]","[0.009211784642519516, 0.10298120784266432, 0.19089707969366695, 0.6969099278211491]","[0.02, 0.18, 0.416667, 0.383333]"
d1-omni,typed_security_incidents,security_incidents_000043,credential_compromise,noul,1,1,"[""false"", ""true""]","[0.3370943618472164, 0.6629056381527836]","[0.123333, 0.876667]"
d1-omni,typed_security_incidents,security_incidents_000043,disposition,choice,1,1,"[""close_benign"", ""contain"", ""investigate"", ""monitor""]","[0.07385988046095017, 0.5519857863090587, 0.2961427397394845, 0.07801159349050664]","[0.0, 0.726667, 0.223333, 0.05]"
d1-omni,typed_security_incidents,security_incidents_000043,severity,score,4,2,"[""0"", ""1"", ""2"", ""3"", ""4""]","[0.00032452338713713773, 0.0010557906131188329, 0.7133092704301839, 0.28373474628499895, 0.0015756692845610885]","[0.0, 0.0, 0.05, 0.216667, 0.733333]"
d1-omni,typed_security_incidents,security_incidents_000043,true_positive,noul,1,1,"[""false"", ""true""]","[0.18155324232898967, 0.8184467576710104]","[0.093333, 0.906667]"
d1-omni,typed_security_incidents,security_incidents_000043,urgency,score,3,2,"[""0"", ""1"", ""2"", ""3""]","[0.0004882888222189672, 0.007578681178690277, 0.819695517699866, 0.17223751229922465]","[0.0, 0.026667, 0.14, 0.833333]"
d1-omni,typed_security_incidents,security_incidents_000044,credential_compromise,noul,1,0,"[""false"", ""true""]","[0.8359606417911896, 0.16403935820881038]","[0.483333, 0.516667]"
d1-omni,typed_security_incidents,security_incidents_000044,disposition,choice,2,3,"[""close_benign"", ""contain"", ""investigate"", ""monitor""]","[0.30687961065564495, 0.050835975882515205, 0.12508515161079334, 0.5171992618510465]","[0.066667, 0.1, 0.633333, 0.2]"
d1-omni,typed_security_incidents,security_incidents_000044,severity,score,3,2,"[""0"", ""1"", ""2"", ""3"", ""4""]","[0.2244926327570382, 0.04230468012313886, 0.6129218461871968, 0.12004499011092862, 0.0002358508216974713]","[0.006667, 0.06, 0.183333, 0.666667, 0.083333]"
d1-omni,typed_security_incidents,security_incidents_000044,true_positive,noul,1,0,"[""false"", ""true""]","[0.9894295149257265, 0.010570485074273606]","[0.433333, 0.566667]"
d1-omni,typed_security_incidents,security_incidents_000044,urgency,score,2,1,"[""0"", ""1"", ""2"", ""3""]","[0.040576911256162446, 0.7976860159882084, 0.13861703416930124, 0.023120038586327826]","[0.016667, 0.116667, 0.483333, 0.383333]"
d1-omni,typed_security_incidents,security_incidents_000045,credential_compromise,noul,1,0,"[""false"", ""true""]","[0.9945651463650543, 0.005434853634945549]","[0.4, 0.6]"
d1-omni,typed_security_incidents,security_incidents_000045,disposition,choice,2,2,"[""close_benign"", ""contain"", ""investigate"", ""monitor""]","[0.16048584450079556, 0.03637314008682974, 0.7063701062721824, 0.0967709091401922]","[0.066667, 0.083333, 0.616667, 0.233333]"
d1-omni,typed_security_incidents,security_incidents_000045,severity,score,2,3,"[""0"", ""1"", ""2"", ""3"", ""4""]","[0.04667955728550623, 0.02324384808811067, 0.3626198696074116, 0.5670096960179064, 0.0004470290010652278]","[0.066667, 0.233333, 0.5, 0.15, 0.05]"
d1-omni,typed_security_incidents,security_incidents_000045,true_positive,noul,1,0,"[""false"", ""true""]","[0.9115174837680597, 0.08848251623194019]","[0.333333, 0.666667]"
d1-omni,typed_security_incidents,security_incidents_000045,urgency,score,2,2,"[""0"", ""1"", ""2"", ""3""]","[0.002081680986191739, 0.2829542983464133, 0.3676032960273777, 0.34736072464001727]","[0.05, 0.216667, 0.5, 0.233333]"
d1-omni,typed_security_incidents,security_incidents_000046,credential_compromise,noul,1,0,"[""false"", ""true""]","[0.5611546840804356, 0.4388453159195645]","[0.35, 0.65]"
d1-omni,typed_security_incidents,security_incidents_000046,disposition,choice,2,2,"[""close_benign"", ""contain"", ""investigate"", ""monitor""]","[0.015066202698179718, 0.34992453186495726, 0.5959686553511113, 0.039040610085751715]","[0.03, 0.25, 0.616667, 0.103333]"
d1-omni,typed_security_incidents,security_incidents_000046,severity,score,3,2,"[""0"", ""1"", ""2"", ""3"", ""4""]","[0.01735168808483165, 0.019547167973376925, 0.7074717841146606, 0.23091942172732502, 0.024709938099805883]","[0.013333, 0.036667, 0.266667, 0.566667, 0.116667]"
d1-omni,typed_security_incidents,security_incidents_000046,true_positive,noul,1,1,"[""false"", ""true""]","[0.2463519637028295, 0.7536480362971705]","[0.223333, 0.776667]"
d1-omni,typed_security_incidents,security_incidents_000046,urgency,score,3,3,"[""0"", ""1"", ""2"", ""3""]","[0.0011754436283174432, 0.0230625079830352, 0.20000951874384268, 0.7757525296448046]","[0.033333, 0.1, 0.283333, 0.583333]"
d1-omni,typed_security_incidents,security_incidents_000047,credential_compromise,noul,0,0,"[""false"", ""true""]","[0.9876281526593248, 0.012371847340675198]","[0.65, 0.35]"
d1-omni,typed_security_incidents,security_incidents_000047,disposition,choice,2,2,"[""close_benign"", ""contain"", ""investigate"", ""monitor""]","[0.18783172870182785, 0.14275536553506726, 0.5781388272857658, 0.09127407847733897]","[0.116667, 0.04, 0.426667, 0.416667]"
d1-omni,typed_security_incidents,security_incidents_000047,severity,score,2,2,"[""0"", ""1"", ""2"", ""3"", ""4""]","[0.08761978487812545, 0.025424217562837872, 0.8200251787721289, 0.06607433757125253, 0.000856481215655093]","[0.05, 0.233333, 0.466667, 0.2, 0.05]"
d1-omni,typed_security_incidents,security_incidents_000047,true_positive,noul,0,0,"[""false"", ""true""]","[0.8525369224353512, 0.14746307756464874]","[0.516667, 0.483333]"
d1-omni,typed_security_incidents,security_incidents_000047,urgency,score,2,1,"[""0"", ""1"", ""2"", ""3""]","[0.024132650784577266, 0.5492565613336569, 0.16204312678169525, 0.26456766110007074]","[0.05, 0.25, 0.483333, 0.216667]"
d1-omni,typed_security_incidents,security_incidents_000048,credential_compromise,noul,1,0,"[""false"", ""true""]","[0.9942975047318573, 0.005702495268142823]","[0.45, 0.55]"
d1-omni,typed_security_incidents,security_incidents_000048,disposition,choice,2,2,"[""close_benign"", ""contain"", ""investigate"", ""monitor""]","[0.057343838744848455, 0.15910641143622165, 0.6882642315596605, 0.09528551825926945]","[0.05, 0.116667, 0.65, 0.183333]"
d1-omni,typed_security_incidents,security_incidents_000048,severity,score,3,2,"[""0"", ""1"", ""2"", ""3"", ""4""]","[0.015723333194512117, 0.07701599062634673, 0.45732078592316244, 0.44076855375434726, 0.009171336501631547]","[0.01, 0.04, 0.133333, 0.6, 0.216667]"
d1-omni,typed_security_incidents,security_incidents_000048,true_positive,noul,1,0,"[""false"", ""true""]","[0.9431122776632203, 0.05688772233677986]","[0.4, 0.6]"
d1-omni,typed_security_incidents,security_incidents_000048,urgency,score,3,2,"[""0"", ""1"", ""2"", ""3""]","[0.009510165649381962, 0.25108686880439457, 0.45599353086718525, 0.2834094346790383]","[0.016667, 0.083333, 0.333333, 0.566667]"
d1-omni,typed_security_incidents,security_incidents_000049,credential_compromise,noul,0,0,"[""false"", ""true""]","[0.6906112764725737, 0.30938872352742636]","[0.583333, 0.416667]"
d1-omni,typed_security_incidents,security_incidents_000049,disposition,choice,2,1,"[""close_benign"", ""contain"", ""investigate"", ""monitor""]","[0.0864297499513451, 0.5997949228895839, 0.2445978066515303, 0.06917752050754072]","[0.056667, 0.06, 0.533333, 0.35]"
d1-omni,typed_security_incidents,security_incidents_000049,severity,score,1,2,"[""0"", ""1"", ""2"", ""3"", ""4""]","[0.01845356176437772, 0.03952671043678356, 0.6625316804510742, 0.2601488699231297, 0.019339177424634854]","[0.15, 0.433333, 0.333333, 0.08, 0.003333]"
d1-omni,typed_security_incidents,security_incidents_000049,true_positive,noul,0,0,"[""false"", ""true""]","[0.8960923580102771, 0.10390764198972284]","[0.55, 0.45]"
d1-omni,typed_security_incidents,security_incidents_000049,urgency,score,2,1,"[""0"", ""1"", ""2"", ""3""]","[0.017850598280164172, 0.40272260291472295, 0.2393053667331209, 0.340121432071992]","[0.05, 0.366667, 0.45, 0.133333]"
d1-omni,typed_security_incidents,security_incidents_000050,credential_compromise,noul,1,0,"[""false"", ""true""]","[0.5782100385426893, 0.42178996145731074]","[0.183333, 0.816667]"
d1-omni,typed_security_incidents,security_incidents_000050,disposition,choice,1,2,"[""close_benign"", ""contain"", ""investigate"", ""monitor""]","[0.01784376492151068, 0.2637530877057475, 0.6229014289206919, 0.09550171845204995]","[0.01, 0.666667, 0.266667, 0.056667]"
d1-omni,typed_security_incidents,security_incidents_000050,severity,score,3,2,"[""0"", ""1"", ""2"", ""3"", ""4""]","[0.00547217719864002, 0.016146578996423595, 0.5112129898016746, 0.4627453956192759, 0.004422858383985883]","[0.0, 0.033333, 0.1, 0.5, 0.366667]"
d1-omni,typed_security_incidents,security_incidents_000050,true_positive,noul,1,1,"[""false"", ""true""]","[0.15546269281109665, 0.8445373071889034]","[0.116667, 0.883333]"
d1-omni,typed_security_incidents,security_incidents_000050,urgency,score,3,3,"[""0"", ""1"", ""2"", ""3""]","[0.003092479677988013, 0.008741098048297577, 0.43858923454794824, 0.5495771877257661]","[0.01, 0.056667, 0.166667, 0.766667]"
d1-omni,typed_security_incidents,security_incidents_000051,credential_compromise,noul,0,0,"[""false"", ""true""]","[0.7983047420660775, 0.20169525793392254]","[0.516667, 0.483333]"
d1-omni,typed_security_incidents,security_incidents_000051,disposition,choice,2,2,"[""close_benign"", ""contain"", ""investigate"", ""monitor""]","[0.061593760219098584, 0.20117083954313217, 0.5535298535102049, 0.1837055467275644]","[0.083333, 0.066667, 0.566667, 0.283333]"
d1-omni,typed_security_incidents,security_incidents_000051,severity,score,1,2,"[""0"", ""1"", ""2"", ""3"", ""4""]","[0.01322924912227366, 0.008675951914236252, 0.787878864872306, 0.17579951984641412, 0.014416414244769997]","[0.1, 0.466667, 0.35, 0.07, 0.013333]"
d1-omni,typed_security_incidents,security_incidents_000051,true_positive,noul,1,1,"[""false"", ""true""]","[0.19436782012340256, 0.8056321798765974]","[0.366667, 0.633333]"
d1-omni,typed_security_incidents,security_incidents_000051,urgency,score,2,2,"[""0"", ""1"", ""2"", ""3""]","[0.03250958463334935, 0.11752970844943757, 0.458527025138736, 0.39143368177847704]","[0.05, 0.35, 0.466667, 0.133333]"
d1-omni,typed_security_incidents,security_incidents_000052,credential_compromise,noul,0,0,"[""false"", ""true""]","[0.6629055919110434, 0.3370944080889566]","[0.6, 0.4]"
d1-omni,typed_security_incidents,security_incidents_000052,disposition,choice,2,2,"[""close_benign"", ""contain"", ""investigate"", ""monitor""]","[0.11519624726541958, 0.10917216586788299, 0.5663239878988329, 0.20930759896786463]","[0.06, 0.073333, 0.6, 0.266667]"
d1-omni,typed_security_incidents,security_incidents_000052,severity,score,3,2,"[""0"", ""1"", ""2"", ""3"", ""4""]","[0.038886208529190086, 0.018119118676224007, 0.5162427632221531, 0.4214479581944893, 0.005303951377943478]","[0.01, 0.066667, 0.29, 0.516667, 0.116667]"
d1-omni,typed_security_incidents,security_incidents_000052,true_positive,noul,0,0,"[""false"", ""true""]","[0.9132132533045705, 0.08678674669542949]","[0.55, 0.45]"
d1-omni,typed_security_incidents,security_incidents_000052,urgency,score,2,1,"[""0"", ""1"", ""2"", ""3""]","[0.01084477831196456, 0.4125492780268217, 0.2046259762329642, 0.3719799674282497]","[0.033333, 0.233333, 0.533333, 0.2]"
d1-omni,typed_security_incidents,security_incidents_000053,credential_compromise,noul,1,0,"[""false"", ""true""]","[0.9935493910666093, 0.006450608933390739]","[0.5, 0.5]"
d1-omni,typed_security_incidents,security_incidents_000053,disposition,choice,2,0,"[""close_benign"", ""contain"", ""investigate"", ""monitor""]","[0.5177284682466821, 0.17961423512593058, 0.16084799402037558, 0.14180930260701183]","[0.043333, 0.073333, 0.733333, 0.15]"
d1-omni,typed_security_incidents,security_incidents_000053,severity,score,3,2,"[""0"", ""1"", ""2"", ""3"", ""4""]","[0.02707122544913179, 0.2559682101183841, 0.5475366091662454, 0.16729527428014845, 0.0021286809860903725]","[0.003333, 0.046667, 0.166667, 0.683333, 0.1]"
d1-omni,typed_security_incidents,security_incidents_000053,true_positive,noul,1,0,"[""false"", ""true""]","[0.9794126098372512, 0.0205873901627489]","[0.45, 0.55]"
d1-omni,typed_security_incidents,security_incidents_000053,urgency,score,3,1,"[""0"", ""1"", ""2"", ""3""]","[0.11166816852798729, 0.45880150094550826, 0.2953579254218908, 0.13417240510461367]","[0.006667, 0.093333, 0.283333, 0.616667]"
d1-omni,typed_security_incidents,security_incidents_000054,credential_compromise,noul,0,0,"[""false"", ""true""]","[0.8235413840021006, 0.1764586159978993]","[0.566667, 0.433333]"
d1-omni,typed_security_incidents,security_incidents_000054,disposition,choice,2,2,"[""close_benign"", ""contain"", ""investigate"", ""monitor""]","[0.05468851452778383, 0.11337007591722932, 0.7461559884494072, 0.08578542110557952]","[0.05, 0.15, 0.65, 0.15]"
d1-omni,typed_security_incidents,security_incidents_000054,severity,score,3,2,"[""0"", ""1"", ""2"", ""3"", ""4""]","[0.01607694536862648, 0.02777847019336261, 0.7073785857421413, 0.24238351138181694, 0.00638248731405276]","[0.003333, 0.08, 0.416667, 0.45, 0.05]"
d1-omni,typed_security_incidents,security_incidents_000054,true_positive,noul,1,1,"[""false"", ""true""]","[0.2831367422113924, 0.7168632577886076]","[0.233333, 0.766667]"
d1-omni,typed_security_incidents,security_incidents_000054,urgency,score,3,3,"[""0"", ""1"", ""2"", ""3""]","[0.010948525581169127, 0.17983382694038474, 0.29591726540852104, 0.513300382069925]","[0.016667, 0.116667, 0.416667, 0.45]"
d1-omni,typed_security_incidents,security_incidents_000055,credential_compromise,noul,0,0,"[""false"", ""true""]","[0.922123692956695, 0.07787630704330485]","[0.833333, 0.166667]"
d1-omni,typed_security_incidents,security_incidents_000055,disposition,choice,2,2,"[""close_benign"", ""contain"", ""investigate"", ""monitor""]","[0.042227513513772984, 0.10400501662534847, 0.7426756363772586, 0.11109183348361999]","[0.333333, 0.066667, 0.433333, 0.166667]"
d1-omni,typed_security_incidents,security_incidents_000055,severity,score,1,2,"[""0"", ""1"", ""2"", ""3"", ""4""]","[0.01424883522603136, 0.021684483725260405, 0.6414968042540335, 0.3075494710589723, 0.015020405735702288]","[0.066667, 0.45, 0.283333, 0.166667, 0.033333]"
d1-omni,typed_security_incidents,security_incidents_000055,true_positive,noul,0,1,"[""false"", ""true""]","[0.34160988586753965, 0.6583901141324603]","[0.566667, 0.433333]"
d1-omni,typed_security_incidents,security_incidents_000055,urgency,score,1,2,"[""0"", ""1"", ""2"", ""3""]","[0.01163685472010063, 0.24304334780157502, 0.4118187517265444, 0.33350104575177997]","[0.116667, 0.5, 0.3, 0.083333]"
d1-omni,typed_security_incidents,security_incidents_000056,credential_compromise,noul,0,0,"[""false"", ""true""]","[0.5938448460218557, 0.4061551539781443]","[0.783333, 0.216667]"
d1-omni,typed_security_incidents,security_incidents_000056,disposition,choice,2,1,"[""close_benign"", ""contain"", ""investigate"", ""monitor""]","[0.018421615249001842, 0.5289778580782764, 0.4248381715485684, 0.027762355124153492]","[0.216667, 0.05, 0.416667, 0.316667]"
d1-omni,typed_security_incidents,security_incidents_000056,severity,score,3,2,"[""0"", ""1"", ""2"", ""3"", ""4""]","[0.005628306127611623, 0.021958120487958987, 0.6078558435324004, 0.32164969979185537, 0.04290803006017362]","[0.043333, 0.073333, 0.35, 0.45, 0.083333]"
d1-omni,typed_security_incidents,security_incidents_000056,true_positive,noul,0,1,"[""false"", ""true""]","[0.35499181942091657, 0.6450081805790835]","[0.6, 0.4]"
d1-omni,typed_security_incidents,security_incidents_000056,urgency,score,2,3,"[""0"", ""1"", ""2"", ""3""]","[0.0033134439804125048, 0.0489768485069326, 0.1561047624455882, 0.7916049450670667]","[0.05, 0.216667, 0.533333, 0.2]"
d1-omni,typed_security_incidents,security_incidents_000057,credential_compromise,noul,0,0,"[""false"", ""true""]","[0.6881017926049648, 0.31189820739503515]","[0.683333, 0.316667]"
d1-omni,typed_security_incidents,security_incidents_000057,disposition,choice,3,2,"[""close_benign"", ""contain"", ""investigate"", ""monitor""]","[0.22028297972313432, 0.12699297462617345, 0.42567040556738167, 0.2270536400833105]","[0.166667, 0.033333, 0.35, 0.45]"
d1-omni,typed_security_incidents,security_incidents_000057,severity,score,2,2,"[""0"", ""1"", ""2"", ""3"", ""4""]","[0.013442028490275192, 0.006525582528349148, 0.6483062641232766, 0.3187484557847556, 0.01297766907334341]","[0.083333, 0.333333, 0.466667, 0.1, 0.016667]"
d1-omni,typed_security_incidents,security_incidents_000057,true_positive,noul,0,0,"[""false"", ""true""]","[0.8247797051321966, 0.1752202948678034]","[0.616667, 0.383333]"
d1-omni,typed_security_incidents,security_incidents_000057,urgency,score,1,3,"[""0"", ""1"", ""2"", ""3""]","[0.01682403521216774, 0.23729240500144724, 0.28400186540751415, 0.461881694378871]","[0.116667, 0.466667, 0.35, 0.066667]"
d1-omni,typed_security_incidents,security_incidents_000058,credential_compromise,noul,1,0,"[""false"", ""true""]","[0.8653663972907065, 0.13463360270929342]","[0.466667, 0.533333]"
d1-omni,typed_security_incidents,security_incidents_000058,disposition,choice,2,2,"[""close_benign"", ""contain"", ""investigate"", ""monitor""]","[0.06223783346186137, 0.15269220273207942, 0.625518064167493, 0.15955189963856628]","[0.05, 0.1, 0.616667, 0.233333]"
d1-omni,typed_security_incidents,security_incidents_000058,severity,score,3,2,"[""0"", ""1"", ""2"", ""3"", ""4""]","[0.008133969496150115, 0.012330361058943895, 0.5674576855773175, 0.385040592232931, 0.027037391634657498]","[0.003333, 0.046667, 0.316667, 0.466667, 0.166667]"
d1-omni,typed_security_incidents,security_incidents_000058,true_positive,noul,1,1,"[""false"", ""true""]","[0.41365479674012884, 0.586345203259871]","[0.366667, 0.633333]"
d1-omni,typed_security_incidents,security_incidents_000058,urgency,score,3,3,"[""0"", ""1"", ""2"", ""3""]","[0.0002937072149868592, 0.16354592847902766, 0.15096011021663067, 0.6852002540893548]","[0.0, 0.1, 0.366667, 0.533333]"
d1-omni,typed_security_incidents,security_incidents_000059,credential_compromise,noul,1,0,"[""false"", ""true""]","[0.6583900212702352, 0.34160997872976473]","[0.466667, 0.533333]"
d1-omni,typed_security_incidents,security_incidents_000059,disposition,choice,1,2,"[""close_benign"", ""contain"", ""investigate"", ""monitor""]","[0.13646102391394588, 0.08784811523721048, 0.6502223752418922, 0.12546848560695145]","[0.0, 0.666667, 0.266667, 0.066667]"
d1-omni,typed_security_incidents,security_incidents_000059,severity,score,4,2,"[""0"", ""1"", ""2"", ""3"", ""4""]","[0.013709874661717456, 0.031690187957785936, 0.6208594723001037, 0.21010525190177293, 0.12363521317861992]","[0.0, 0.033333, 0.183333, 0.35, 0.433333]"
d1-omni,typed_security_incidents,security_incidents_000059,true_positive,noul,1,1,"[""false"", ""true""]","[0.3609394607030403, 0.6390605392969597]","[0.133333, 0.866667]"
d1-omni,typed_security_incidents,security_incidents_000059,urgency,score,3,3,"[""0"", ""1"", ""2"", ""3""]","[0.0034910856917487495, 0.011446826342328112, 0.16625021896145134, 0.8188118690044719]","[0.0, 0.066667, 0.183333, 0.75]"
d1-omni,typed_security_incidents,security_incidents_000060,credential_compromise,noul,0,0,"[""false"", ""true""]","[0.9824736353870206, 0.017526364612979378]","[0.866667, 0.133333]"
d1-omni,typed_security_incidents,security_incidents_000060,disposition,choice,3,2,"[""close_benign"", ""contain"", ""investigate"", ""monitor""]","[0.1358105872823774, 0.2633201739894023, 0.44162469461409953, 0.15924454411412078]","[0.35, 0.033333, 0.166667, 0.45]"
d1-omni,typed_security_incidents,security_incidents_000060,severity,score,1,2,"[""0"", ""1"", ""2"", ""3"", ""4""]","[0.006822759822272548, 0.004716767668706115, 0.5624902611504579, 0.42407189491728725, 0.0018983164412762084]","[0.083333, 0.416667, 0.4, 0.1, 0.0]"
d1-omni,typed_security_incidents,security_incidents_000060,true_positive,noul,0,0,"[""false"", ""true""]","[0.8923281775797569, 0.10767182242024308]","[0.816667, 0.183333]"
d1-omni,typed_security_incidents,security_incidents_000060,urgency,score,1,1,"[""0"", ""1"", ""2"", ""3""]","[0.009924484429933184, 0.5493175292400668, 0.3267337304928532, 0.11402425583714672]","[0.15, 0.616667, 0.2, 0.033333]"
d1-omni,typed_security_incidents,security_incidents_000061,credential_compromise,noul,1,0,"[""false"", ""true""]","[0.5577248724124211, 0.442275127587579]","[0.106667, 0.893333]"
d1-omni,typed_security_incidents,security_incidents_000061,disposition,choice,1,2,"[""close_benign"", ""contain"", ""investigate"", ""monitor""]","[0.11204236148938425, 0.3234147388449592, 0.3920221367140766, 0.1725207629515799]","[0.003333, 0.6, 0.35, 0.046667]"
d1-omni,typed_security_incidents,security_incidents_000061,severity,score,2,2,"[""0"", ""1"", ""2"", ""3"", ""4""]","[0.012919771110406965, 0.06056280381622513, 0.7950363458285091, 0.10102819122993217, 0.030452888014926634]","[0.0, 0.05, 0.566667, 0.316667, 0.066667]"
d1-omni,typed_security_incidents,security_incidents_000061,true_positive,noul,1,1,"[""false"", ""true""]","[0.1689255267700959, 0.831074473229904]","[0.05, 0.95]"
d1-omni,typed_security_incidents,security_incidents_000061,urgency,score,3,2,"[""0"", ""1"", ""2"", ""3""]","[0.002765592849809147, 0.03091733857485742, 0.48457405299648343, 0.48174301557885]","[0.0, 0.006667, 0.126667, 0.866667]"
d1-omni,typed_security_incidents,security_incidents_000062,credential_compromise,noul,0,0,"[""false"", ""true""]","[0.9919497160868255, 0.008050283913174477]","[0.606667, 0.393333]"
d1-omni,typed_security_incidents,security_incidents_000062,disposition,choice,2,1,"[""close_benign"", ""contain"", ""investigate"", ""monitor""]","[0.20765035552690378, 0.3386995679728149, 0.2671496014200143, 0.18650047508026696]","[0.106667, 0.066667, 0.45, 0.376667]"
d1-omni,typed_security_incidents,security_incidents_000062,severity,score,3,3,"[""0"", ""1"", ""2"", ""3"", ""4""]","[0.009262937797236347, 0.029237006679024617, 0.2570481362801887, 0.7035221391819173, 0.000929780061633037]","[0.016667, 0.053333, 0.233333, 0.533333, 0.163333]"
d1-omni,typed_security_incidents,security_incidents_000062,true_positive,noul,0,0,"[""false"", ""true""]","[0.8565050503838655, 0.14349494961613446]","[0.51, 0.49]"
d1-omni,typed_security_incidents,security_incidents_000062,urgency,score,2,1,"[""0"", ""1"", ""2"", ""3""]","[0.019373796054666104, 0.5025930989280822, 0.2808300354975638, 0.19720306951968783]","[0.03, 0.106667, 0.433333, 0.43]"
d1-omni,typed_security_incidents,security_incidents_000063,credential_compromise,noul,1,1,"[""false"", ""true""]","[0.45289133495879935, 0.5471086650412007]","[0.416667, 0.583333]"
d1-omni,typed_security_incidents,security_incidents_000063,disposition,choice,2,2,"[""close_benign"", ""contain"", ""investigate"", ""monitor""]","[0.04707377585915777, 0.06862583823730904, 0.7923142488099172, 0.09198613709361611]","[0.04, 0.126667, 0.566667, 0.266667]"
d1-omni,typed_security_incidents,security_incidents_000063,severity,score,3,2,"[""0"", ""1"", ""2"", ""3"", ""4""]","[0.008816922307786003, 0.008315150603640763, 0.5809478811407404, 0.3947238819244812, 0.007196164023351713]","[0.003333, 0.08, 0.316667, 0.483333, 0.116667]"
d1-omni,typed_security_incidents,security_incidents_000063,true_positive,noul,1,0,"[""false"", ""true""]","[0.6048822675492225, 0.3951177324507775]","[0.333333, 0.666667]"
d1-omni,typed_security_incidents,security_incidents_000063,urgency,score,2,3,"[""0"", ""1"", ""2"", ""3""]","[0.0019189110089992435, 0.1258828716998302, 0.3227113816650484, 0.5494868356261221]","[0.05, 0.2, 0.433333, 0.316667]"
d1-omni,typed_security_incidents,security_incidents_000064,credential_compromise,noul,1,0,"[""false"", ""true""]","[0.7104777140315134, 0.28952228596848656]","[0.443333, 0.556667]"
d1-omni,typed_security_incidents,security_incidents_000064,disposition,choice,2,2,"[""close_benign"", ""contain"", ""investigate"", ""monitor""]","[0.07592742221328136, 0.10929337784947431, 0.7040354168394353, 0.11074378309780918]","[0.04, 0.123333, 0.586667, 0.25]"
d1-omni,typed_security_incidents,security_incidents_000064,severity,score,3,2,"[""0"", ""1"", ""2"", ""3"", ""4""]","[0.0060270717124169685, 0.009650062923393212, 0.6487012321363541, 0.33408579890254014, 0.0015358343252955644]","[0.006667, 0.026667, 0.266667, 0.616667, 0.083333]"
d1-omni,typed_security_incidents,security_incidents_000064,true_positive,noul,1,0,"[""false"", ""true""]","[0.9636091181009914, 0.03639088189900868]","[0.356667, 0.643333]"
d1-omni,typed_security_incidents,security_incidents_000064,urgency,score,3,1,"[""0"", ""1"", ""2"", ""3""]","[0.0032481312565932584, 0.40121047381725794, 0.3980881505558956, 0.1974532443702531]","[0.05, 0.116667, 0.35, 0.483333]"
d1-omni,typed_security_incidents,security_incidents_000065,credential_compromise,noul,1,0,"[""false"", ""true""]","[0.5486734956580546, 0.45132650434194543]","[0.433333, 0.566667]"
d1-omni,typed_security_incidents,security_incidents_000065,disposition,choice,2,2,"[""close_benign"", ""contain"", ""investigate"", ""monitor""]","[0.15247698785159347, 0.284586485046786, 0.3246907391619516, 0.23824578793966888]","[0.05, 0.1, 0.65, 0.2]"
d1-omni,typed_security_incidents,security_incidents_000065,severity,score,2,2,"[""0"", ""1"", ""2"", ""3"", ""4""]","[0.01663469026562102, 0.01967716837543654, 0.4987599898875686, 0.40196529769419853, 0.06296285377717535]","[0.066667, 0.316667, 0.55, 0.066667, 0.0]"
d1-omni,typed_security_incidents,security_incidents_000065,true_positive,noul,1,0,"[""false"", ""true""]","[0.7549150032418461, 0.24508499675815393]","[0.35, 0.65]"
d1-omni,typed_security_incidents,security_incidents_000065,urgency,score,2,3,"[""0"", ""1"", ""2"", ""3""]","[0.02236138725032627, 0.23346655042292977, 0.3344254688261949, 0.40974659350054904]","[0.033333, 0.266667, 0.516667, 0.183333]"
d1-omni,typed_security_incidents,security_incidents_000066,credential_compromise,noul,0,1,"[""false"", ""true""]","[0.2615194637404084, 0.7384805362595916]","[0.533333, 0.466667]"
d1-omni,typed_security_incidents,security_incidents_000066,disposition,choice,2,2,"[""close_benign"", ""contain"", ""investigate"", ""monitor""]","[0.016875929679808974, 0.30983639428674487, 0.6072229849107929, 0.06606469112265327]","[0.05, 0.1, 0.616667, 0.233333]"
d1-omni,typed_security_incidents,security_incidents_000066,severity,score,3,2,"[""0"", ""1"", ""2"", ""3"", ""4""]","[0.004831878002686187, 0.015719822503074958, 0.4284175650607432, 0.42549890261370027, 0.12553183181979527]","[0.006667, 0.026667, 0.15, 0.65, 0.166667]"
d1-omni,typed_security_incidents,security_incidents_000066,true_positive,noul,1,1,"[""false"", ""true""]","[0.32412839156428297, 0.675871608435717]","[0.483333, 0.516667]"
d1-omni,typed_security_incidents,security_incidents_000066,urgency,score,3,3,"[""0"", ""1"", ""2"", ""3""]","[0.004837388282473763, 0.05689563518050604, 0.3427897173728161, 0.5954772591642041]","[0.033333, 0.1, 0.316667, 0.55]"
d1-omni,typed_security_incidents,security_incidents_000067,credential_compromise,noul,0,0,"[""false"", ""true""]","[0.7039566512667694, 0.2960433487332305]","[0.75, 0.25]"
d1-omni,typed_security_incidents,security_incidents_000067,disposition,choice,3,2,"[""close_benign"", ""contain"", ""investigate"", ""monitor""]","[0.11107612645095602, 0.30223118442053337, 0.46107256722957846, 0.12562012189893212]","[0.133333, 0.066667, 0.4, 0.4]"
d1-omni,typed_security_incidents,security_incidents_000067,severity,score,1,2,"[""0"", ""1"", ""2"", ""3"", ""4""]","[0.0361751950243316, 0.0398083528933041, 0.661575296286083, 0.23149886885105933, 0.03094228694522195]","[0.266667, 0.466667, 0.216667, 0.05, 0.0]"
d1-omni,typed_security_incidents,security_incidents_000067,true_positive,noul,0,0,"[""false"", ""true""]","[0.6904808520627068, 0.30951914793729307]","[0.633333, 0.366667]"
d1-omni,typed_security_incidents,security_incidents_000067,urgency,score,1,2,"[""0"", ""1"", ""2"", ""3""]","[0.011171678971729503, 0.274390998933226, 0.36279979075305474, 0.3516375313419898]","[0.116667, 0.533333, 0.283333, 0.066667]"
d1-omni,typed_security_incidents,security_incidents_000068,credential_compromise,noul,0,0,"[""false"", ""true""]","[0.9429548743133973, 0.05704512568660283]","[0.726667, 0.273333]"
d1-omni,typed_security_incidents,security_incidents_000068,disposition,choice,2,2,"[""close_benign"", ""contain"", ""investigate"", ""monitor""]","[0.08746410538645476, 0.22171752880976664, 0.6120322838344608, 0.0787860819693177]","[0.126667, 0.04, 0.46, 0.373333]"
d1-omni,typed_security_incidents,security_incidents_000068,severity,score,3,2,"[""0"", ""1"", ""2"", ""3"", ""4""]","[0.004322872070222528, 0.006527534152879616, 0.5365763725191591, 0.4500810888142076, 0.002492132443531204]","[0.026667, 0.073333, 0.293333, 0.5, 0.106667]"
d1-omni,typed_security_incidents,security_incidents_000068,true_positive,noul,0,0,"[""false"", ""true""]","[0.7350715078515855, 0.26492849214841446]","[0.666667, 0.333333]"
d1-omni,typed_security_incidents,security_incidents_000068,urgency,score,2,2,"[""0"", ""1"", ""2"", ""3""]","[0.015110179925815816, 0.17258944332132456, 0.5243943090504479, 0.2879060677024117]","[0.05, 0.316667, 0.4, 0.233333]"
d1-omni,typed_security_incidents,security_incidents_000069,credential_compromise,noul,1,1,"[""false"", ""true""]","[0.1062260557150072, 0.8937739442849928]","[0.433333, 0.566667]"
d1-omni,typed_security_incidents,security_incidents_000069,disposition,choice,1,2,"[""close_benign"", ""contain"", ""investigate"", ""monitor""]","[0.07622984160984507, 0.1996655442657091, 0.43352206168511803, 0.2905825524393279]","[0.006667, 0.666667, 0.266667, 0.06]"
d1-omni,typed_security_incidents,security_incidents_000069,severity,score,4,4,"[""0"", ""1"", ""2"", ""3"", ""4""]","[0.015357630560596596, 0.057395849893553015, 0.15556169127525094, 0.045138591585213, 0.7265462366853864]","[0.003333, 0.03, 0.116667, 0.4, 0.45]"
d1-omni,typed_security_incidents,security_incidents_000069,true_positive,noul,1,1,"[""false"", ""true""]","[0.00942168075453616, 0.9905783192454638]","[0.083333, 0.916667]"
d1-omni,typed_security_incidents,security_incidents_000069,urgency,score,3,3,"[""0"", ""1"", ""2"", ""3""]","[0.024214665631399006, 0.02035101166803929, 0.13052033929149764, 0.8249139834090641]","[0.003333, 0.063333, 0.2, 0.733333]"
d1-omni,typed_security_incidents,security_incidents_000070,credential_compromise,noul,0,0,"[""false"", ""true""]","[0.5461330402310376, 0.4538669597689624]","[0.583333, 0.416667]"
d1-omni,typed_security_incidents,security_incidents_000070,disposition,choice,2,2,"[""close_benign"", ""contain"", ""investigate"", ""monitor""]","[0.1442432548400489, 0.09159708838432178, 0.6884821047739081, 0.07567755200172116]","[0.06, 0.09, 0.6, 0.25]"
d1-omni,typed_security_incidents,security_incidents_000070,severity,score,2,2,"[""0"", ""1"", ""2"", ""3"", ""4""]","[0.026563763888266877, 0.025297861757261238, 0.5991518299336747, 0.3231392882802675, 0.02584725614052974]","[0.04, 0.133333, 0.4, 0.376667, 0.05]"
d1-omni,typed_security_incidents,security_incidents_000070,true_positive,noul,1,1,"[""false"", ""true""]","[0.17755224684945028, 0.8224477531505496]","[0.45, 0.55]"
d1-omni,typed_security_incidents,security_incidents_000070,urgency,score,2,3,"[""0"", ""1"", ""2"", ""3""]","[0.006119248040641035, 0.20303775090030887, 0.3314995651944963, 0.45934343586455373]","[0.033333, 0.15, 0.55, 0.266667]"
d1-omni,typed_security_incidents,security_incidents_000071,credential_compromise,noul,1,0,"[""false"", ""true""]","[0.8233283662241871, 0.1766716337758129]","[0.383333, 0.616667]"
d1-omni,typed_security_incidents,security_incidents_000071,disposition,choice,2,2,"[""close_benign"", ""contain"", ""investigate"", ""monitor""]","[0.026368749750939863, 0.18072635338637866, 0.6604241903670264, 0.13248070649565516]","[0.003333, 0.383333, 0.533333, 0.08]"
d1-omni,typed_security_incidents,security_incidents_000071,severity,score,4,2,"[""0"", ""1"", ""2"", ""3"", ""4""]","[0.001804771793526194, 0.041968477911420325, 0.7988775197245237, 0.12652426811029194, 0.030824962460237887]","[0.0, 0.033333, 0.116667, 0.283333, 0.566667]"
d1-omni,typed_security_incidents,security_incidents_000071,true_positive,noul,1,0,"[""false"", ""true""]","[0.5150711074412595, 0.4849288925587405]","[0.183333, 0.816667]"
d1-omni,typed_security_incidents,security_incidents_000071,urgency,score,3,3,"[""0"", ""1"", ""2"", ""3""]","[0.005810208981919272, 0.033829575256411795, 0.43529465324485483, 0.525065562516814]","[0.0, 0.073333, 0.226667, 0.7]"
d1-omni,typed_security_incidents,security_incidents_000072,credential_compromise,noul,0,0,"[""false"", ""true""]","[0.945500127615967, 0.05449987238403303]","[0.75, 0.25]"
d1-omni,typed_security_incidents,security_incidents_000072,disposition,choice,2,3,"[""close_benign"", ""contain"", ""investigate"", ""monitor""]","[0.1089767330959709, 0.22690526602818606, 0.2796438909545472, 0.38447410992129594]","[0.133333, 0.066667, 0.466667, 0.333333]"
d1-omni,typed_security_incidents,security_incidents_000072,severity,score,3,2,"[""0"", ""1"", ""2"", ""3"", ""4""]","[0.02662177639074619, 0.012404475769728064, 0.695696300501561, 0.24367632923896682, 0.021601118098997844]","[0.26, 0.04, 0.183333, 0.333333, 0.183333]"
d1-omni,typed_security_incidents,security_incidents_000072,true_positive,noul,0,0,"[""false"", ""true""]","[0.9904452244921564, 0.009554775507843635]","[0.683333, 0.316667]"
d1-omni,typed_security_incidents,security_incidents_000072,urgency,score,2,1,"[""0"", ""1"", ""2"", ""3""]","[0.017259734112090638, 0.7661250416433001, 0.06338058484814989, 0.1532346393964595]","[0.276667, 0.131667, 0.325, 0.266667]"
d1-omni,typed_security_incidents,security_incidents_000073,credential_compromise,noul,1,0,"[""false"", ""true""]","[0.6833336510548716, 0.31666634894512835]","[0.483333, 0.516667]"
d1-omni,typed_security_incidents,security_incidents_000073,disposition,choice,2,2,"[""close_benign"", ""contain"", ""investigate"", ""monitor""]","[0.2061299992145976, 0.062361636900420306, 0.6400610608896556, 0.0914473029953265]","[0.08, 0.076667, 0.603333, 0.24]"
d1-omni,typed_security_incidents,security_incidents_000073,severity,score,2,2,"[""0"", ""1"", ""2"", ""3"", ""4""]","[0.014248115803401134, 0.011998119653003195, 0.4998170099793229, 0.4683897068011075, 0.005547047763165352]","[0.05, 0.173333, 0.516667, 0.223333, 0.036667]"
d1-omni,typed_security_incidents,security_incidents_000073,true_positive,noul,1,1,"[""false"", ""true""]","[0.31014568393213165, 0.6898543160678684]","[0.426667, 0.573333]"
d1-omni,typed_security_incidents,security_incidents_000073,urgency,score,2,3,"[""0"", ""1"", ""2"", ""3""]","[0.00765587224889028, 0.16337034611017645, 0.27359380699063324, 0.5553799746503]","[0.046667, 0.256667, 0.51, 0.186667]"
d1-omni,typed_security_incidents,security_incidents_000074,credential_compromise,noul,0,0,"[""false"", ""true""]","[0.6337503604816893, 0.36624963951831063]","[0.666667, 0.333333]"
d1-omni,typed_security_incidents,security_incidents_000074,disposition,choice,2,2,"[""close_benign"", ""contain"", ""investigate"", ""monitor""]","[0.08669029404809683, 0.04320917955401835, 0.7810070827201279, 0.08909344367775696]","[0.05, 0.116667, 0.6, 0.233333]"
d1-omni,typed_security_incidents,security_incidents_000074,severity,score,3,2,"[""0"", ""1"", ""2"", ""3"", ""4""]","[0.053191375280843264, 0.011402777474702329, 0.5327730096831662, 0.3836483408373132, 0.018984496723974953]","[0.006667, 0.043333, 0.283333, 0.566667, 0.1]"
d1-omni,typed_security_incidents,security_incidents_000074,true_positive,noul,1,1,"[""false"", ""true""]","[0.08468175984821828, 0.9153182401517818]","[0.45, 0.55]"
d1-omni,typed_security_incidents,security_incidents_000074,urgency,score,3,3,"[""0"", ""1"", ""2"", ""3""]","[0.018347174601204608, 0.20430867224434288, 0.24740781313742366, 0.5299363400170289]","[0.033333, 0.116667, 0.333333, 0.516667]"
d1-omni,typed_security_incidents,security_incidents_000075,credential_compromise,noul,1,0,"[""false"", ""true""]","[0.6834722566117426, 0.3165277433882574]","[0.133333, 0.866667]"
d1-omni,typed_security_incidents,security_incidents_000075,disposition,choice,2,2,"[""close_benign"", ""contain"", ""investigate"", ""monitor""]","[0.10821405027340486, 0.19981513534172257, 0.5200555027855271, 0.17191531159934534]","[0.02, 0.433333, 0.5, 0.046667]"
d1-omni,typed_security_incidents,security_incidents_000075,severity,score,2,2,"[""0"", ""1"", ""2"", ""3"", ""4""]","[0.012058668667863518, 0.0997897205703125, 0.8624463771997067, 0.023981536323482443, 0.0017236972386348627]","[0.033333, 0.316667, 0.4, 0.216667, 0.033333]"
d1-omni,typed_security_incidents,security_incidents_000075,true_positive,noul,1,1,"[""false"", ""true""]","[0.38514345357427493, 0.6148565464257252]","[0.076667, 0.923333]"
d1-omni,typed_security_incidents,security_incidents_000075,urgency,score,3,2,"[""0"", ""1"", ""2"", ""3""]","[0.022815845076322016, 0.21520605101750376, 0.443302386431394, 0.3186757174747802]","[0.006667, 0.093333, 0.366667, 0.533333]"
d1-omni,typed_security_incidents,security_incidents_000076,credential_compromise,noul,1,1,"[""false"", ""true""]","[0.4968110433909607, 0.5031889566090393]","[0.15, 0.85]"
d1-omni,typed_security_incidents,security_incidents_000076,disposition,choice,1,1,"[""close_benign"", ""contain"", ""investigate"", ""monitor""]","[0.02351548572307475, 0.49190880656212166, 0.343035881919424, 0.1415398257953796]","[0.01, 0.666667, 0.283333, 0.04]"
d1-omni,typed_security_incidents,security_incidents_000076,severity,score,4,2,"[""0"", ""1"", ""2"", ""3"", ""4""]","[0.0011623203257185057, 0.026506004032015355, 0.5945013060530854, 0.32623732335713973, 0.05159304623204102]","[0.003333, 0.006667, 0.056667, 0.25, 0.683333]"
d1-omni,typed_security_incidents,security_incidents_000076,true_positive,noul,1,1,"[""false"", ""true""]","[0.4397473326358184, 0.5602526673641816]","[0.106667, 0.893333]"
d1-omni,typed_security_incidents,security_incidents_000076,urgency,score,3,3,"[""0"", ""1"", ""2"", ""3""]","[0.0034689498620891985, 0.06622582439739028, 0.4438178202066397, 0.486487405533881]","[0.016667, 0.05, 0.133333, 0.8]"
d1-omni,typed_security_incidents,security_incidents_000077,credential_compromise,noul,0,0,"[""false"", ""true""]","[0.9665370623513141, 0.03346293764868593]","[0.7, 0.3]"
d1-omni,typed_security_incidents,security_incidents_000077,disposition,choice,3,2,"[""close_benign"", ""contain"", ""investigate"", ""monitor""]","[0.18598271489367504, 0.1417647997695218, 0.47174552312196355, 0.20050696221483957]","[0.2, 0.05, 0.366667, 0.383333]"
d1-omni,typed_security_incidents,security_incidents_000077,severity,score,1,2,"[""0"", ""1"", ""2"", ""3"", ""4""]","[0.041581876197562435, 0.026021274035952856, 0.8083131450028079, 0.12329485500378685, 0.0007888497598899332]","[0.2, 0.483333, 0.266667, 0.04, 0.01]"
d1-omni,typed_security_incidents,security_incidents_000077,true_positive,noul,0,0,"[""false"", ""true""]","[0.8855325390463311, 0.11446746095366889]","[0.616667, 0.383333]"
d1-omni,typed_security_incidents,security_incidents_000077,urgency,score,1,1,"[""0"", ""1"", ""2"", ""3""]","[0.0024450207234581645, 0.3788054115408699, 0.28705647942937873, 0.33169308830629335]","[0.15, 0.45, 0.333333, 0.066667]"
d1-omni,typed_security_incidents,security_incidents_000078,credential_compromise,noul,1,1,"[""false"", ""true""]","[0.2038560242682973, 0.7961439757317027]","[0.233333, 0.766667]"
d1-omni,typed_security_incidents,security_incidents_000078,disposition,choice,1,2,"[""close_benign"", ""contain"", ""investigate"", ""monitor""]","[0.030224837725323712, 0.325901064941333, 0.5546470951535919, 0.08922700217975148]","[0.036667, 0.55, 0.316667, 0.096667]"
d1-omni,typed_security_incidents,security_incidents_000078,severity,score,4,2,"[""0"", ""1"", ""2"", ""3"", ""4""]","[0.0008611675427868385, 0.01494011609530705, 0.664133672691119, 0.25660954616760945, 0.0634554975031777]","[0.003333, 0.03, 0.1, 0.3, 0.566667]"
d1-omni,typed_security_incidents,security_incidents_000078,true_positive,noul,1,0,"[""false"", ""true""]","[0.5166411976669358, 0.48335880233306405]","[0.183333, 0.816667]"
d1-omni,typed_security_incidents,security_incidents_000078,urgency,score,3,3,"[""0"", ""1"", ""2"", ""3""]","[0.0030924711395733002, 0.0865741911126089, 0.2353331212547208, 0.6750002164930969]","[0.03, 0.086667, 0.233333, 0.65]"
d1-omni,typed_security_incidents,security_incidents_000079,credential_compromise,noul,0,0,"[""false"", ""true""]","[0.6157812424171164, 0.3842187575828836]","[0.783333, 0.216667]"
d1-omni,typed_security_incidents,security_incidents_000079,disposition,choice,2,2,"[""close_benign"", ""contain"", ""investigate"", ""monitor""]","[0.11184967248284024, 0.2271593821984734, 0.48277856547180376, 0.17821237984688268]","[0.133333, 0.05, 0.533333, 0.283333]"
d1-omni,typed_security_incidents,security_incidents_000079,severity,score,3,3,"[""0"", ""1"", ""2"", ""3"", ""4""]","[0.001399581426602188, 0.010944244000570393, 0.43812798103988765, 0.5452507282492114, 0.00427746528372847]","[0.05, 0.166667, 0.366667, 0.383333, 0.033333]"
d1-omni,typed_security_incidents,security_incidents_000079,true_positive,noul,0,1,"[""false"", ""true""]","[0.2360756636575, 0.7639243363424999]","[0.533333, 0.466667]"
d1-omni,typed_security_incidents,security_incidents_000079,urgency,score,2,2,"[""0"", ""1"", ""2"", ""3""]","[0.022787980657797705, 0.24119561669210193, 0.5478058357150438, 0.18821056693505644]","[0.083333, 0.35, 0.433333, 0.133333]"
d1-omni,typed_security_incidents,security_incidents_000080,credential_compromise,noul,0,0,"[""false"", ""true""]","[0.6325027822471871, 0.36749721775281274]","[0.6, 0.4]"
d1-omni,typed_security_incidents,security_incidents_000080,disposition,choice,2,2,"[""close_benign"", ""contain"", ""investigate"", ""monitor""]","[0.1394546513412889, 0.09768837089981301, 0.6636786842377472, 0.099178293521151]","[0.05, 0.083333, 0.7, 0.166667]"
d1-omni,typed_security_incidents,security_incidents_000080,severity,score,3,3,"[""0"", ""1"", ""2"", ""3"", ""4""]","[0.03143323698146641, 0.031127757575266507, 0.3100347102479096, 0.5470582780347452, 0.08034601716061228]","[0.01, 0.073333, 0.25, 0.516667, 0.15]"
d1-omni,typed_security_incidents,security_incidents_000080,true_positive,noul,0,0,"[""false"", ""true""]","[0.5321820100655138, 0.46781798993448626]","[0.516667, 0.483333]"
d1-omni,typed_security_incidents,security_incidents_000080,urgency,score,3,3,"[""0"", ""1"", ""2"", ""3""]","[0.07326401304301093, 0.24210752734028862, 0.1390306512214824, 0.5455978083952181]","[0.033333, 0.133333, 0.35, 0.483333]"
d1-omni,typed_security_incidents,security_incidents_000081,credential_compromise,noul,0,0,"[""false"", ""true""]","[0.8267467640740672, 0.1732532359259327]","[0.65, 0.35]"
d1-omni,typed_security_incidents,security_incidents_000081,disposition,choice,2,2,"[""close_benign"", ""contain"", ""investigate"", ""monitor""]","[0.09714790764673484, 0.10316123771602498, 0.7592923330086441, 0.040398521628596216]","[0.19, 0.043333, 0.483333, 0.283333]"
d1-omni,typed_security_incidents,security_incidents_000081,severity,score,4,3,"[""0"", ""1"", ""2"", ""3"", ""4""]","[0.011595652173945243, 0.0036701756525794314, 0.3964748680662291, 0.5711220405541346, 0.0171372635531116]","[0.023333, 0.06, 0.133333, 0.35, 0.433333]"
d1-omni,typed_security_incidents,security_incidents_000081,true_positive,noul,0,1,"[""false"", ""true""]","[0.207134519251706, 0.792865480748294]","[0.55, 0.45]"
d1-omni,typed_security_incidents,security_incidents_000081,urgency,score,3,3,"[""0"", ""1"", ""2"", ""3""]","[0.0015337474894833313, 0.10280071273433317, 0.14957419215255874, 0.7460913476236247]","[0.056667, 0.16, 0.366667, 0.416667]"
d1-omni,typed_security_incidents,security_incidents_000082,credential_compromise,noul,1,0,"[""false"", ""true""]","[0.946719962863421, 0.05328003713657905]","[0.5, 0.5]"
d1-omni,typed_security_incidents,security_incidents_000082,disposition,choice,2,2,"[""close_benign"", ""contain"", ""investigate"", ""monitor""]","[0.06825725231235913, 0.341014885893025, 0.4414946525496122, 0.14923320924500372]","[0.05, 0.133333, 0.633333, 0.183333]"
d1-omni,typed_security_incidents,security_incidents_000082,severity,score,3,2,"[""0"", ""1"", ""2"", ""3"", ""4""]","[0.0374372917762533, 0.0478362995122757, 0.5965853288703974, 0.2927602126745538, 0.025380867166519678]","[0.0, 0.05, 0.216667, 0.633333, 0.1]"
d1-omni,typed_security_incidents,security_incidents_000082,true_positive,noul,1,0,"[""false"", ""true""]","[0.5768995938499439, 0.423100406150056]","[0.4, 0.6]"
d1-omni,typed_security_incidents,security_incidents_000082,urgency,score,2,1,"[""0"", ""1"", ""2"", ""3""]","[0.02834942228640717, 0.39907030778823843, 0.3169261891364797, 0.25565408078887475]","[0.016667, 0.116667, 0.5, 0.366667]"
d1-omni,typed_security_incidents,security_incidents_000083,credential_compromise,noul,1,0,"[""false"", ""true""]","[0.6707161701462908, 0.32928382985370924]","[0.3, 0.7]"
d1-omni,typed_security_incidents,security_incidents_000083,disposition,choice,2,2,"[""close_benign"", ""contain"", ""investigate"", ""monitor""]","[0.21983117175440248, 0.2650375757126693, 0.4209516676491514, 0.09417958488377698]","[0.02, 0.333333, 0.583333, 0.063333]"
d1-omni,typed_security_incidents,security_incidents_000083,severity,score,3,2,"[""0"", ""1"", ""2"", ""3"", ""4""]","[0.017039233517175963, 0.013771869759329758, 0.7264750285572827, 0.2162713948218712, 0.02644247334434033]","[0.0, 0.033333, 0.24, 0.493333, 0.233333]"
d1-omni,typed_security_incidents,security_incidents_000083,true_positive,noul,1,1,"[""false"", ""true""]","[0.19087484667529997, 0.8091251533246999]","[0.173333, 0.826667]"
d1-omni,typed_security_incidents,security_incidents_000083,urgency,score,3,2,"[""0"", ""1"", ""2"", ""3""]","[0.015520892809004587, 0.13513169989988072, 0.663195652441049, 0.18615175485006566]","[0.0, 0.083333, 0.25, 0.666667]"
d1-omni,typed_security_incidents,security_incidents_000084,credential_compromise,noul,1,0,"[""false"", ""true""]","[0.5940803294027834, 0.4059196705972166]","[0.4, 0.6]"
d1-omni,typed_security_incidents,security_incidents_000084,disposition,choice,2,2,"[""close_benign"", ""contain"", ""investigate"", ""monitor""]","[0.08796040754181221, 0.3441730896404124, 0.3473809301046024, 0.22048557271317293]","[0.066667, 0.083333, 0.65, 0.2]"
d1-omni,typed_security_incidents,security_incidents_000084,severity,score,2,2,"[""0"", ""1"", ""2"", ""3"", ""4""]","[0.003050123111681862, 0.012741561658549318, 0.7859864550000123, 0.17848734101981722, 0.019734519209939228]","[0.02, 0.1, 0.483333, 0.35, 0.046667]"
d1-omni,typed_security_incidents,security_incidents_000084,true_positive,noul,1,1,"[""false"", ""true""]","[0.2290174614708669, 0.7709825385291331]","[0.316667, 0.683333]"
d1-omni,typed_security_incidents,security_incidents_000084,urgency,score,2,2,"[""0"", ""1"", ""2"", ""3""]","[0.009658279142261575, 0.10143095083728608, 0.5746454293148681, 0.3142653407055844]","[0.033333, 0.233333, 0.45, 0.283333]"
d1-omni,typed_security_incidents,security_incidents_000085,credential_compromise,noul,1,1,"[""false"", ""true""]","[0.15190638804236523, 0.8480936119576348]","[0.213333, 0.786667]"
d1-omni,typed_security_incidents,security_incidents_000085,disposition,choice,2,2,"[""close_benign"", ""contain"", ""investigate"", ""monitor""]","[0.0745407389672523, 0.2839358647575449, 0.45594909713726073, 0.1855742991379421]","[0.05, 0.2, 0.6, 0.15]"
d1-omni,typed_security_incidents,security_incidents_000085,severity,score,3,2,"[""0"", ""1"", ""2"", ""3"", ""4""]","[0.0005135475438498183, 0.0021202987943719762, 0.8914207759426408, 0.10326506882573012, 0.002680308893407407]","[0.006667, 0.043333, 0.266667, 0.55, 0.133333]"
d1-omni,typed_security_incidents,security_incidents_000085,true_positive,noul,1,1,"[""false"", ""true""]","[0.1766893167431663, 0.8233106832568338]","[0.15, 0.85]"
d1-omni,typed_security_incidents,security_incidents_000085,urgency,score,3,1,"[""0"", ""1"", ""2"", ""3""]","[0.007510834743053258, 0.4646788005303718, 0.3199931289230134, 0.2078172358035614]","[0.02, 0.113333, 0.316667, 0.55]"
d1-omni,typed_security_incidents,security_incidents_000086,credential_compromise,noul,0,0,"[""false"", ""true""]","[0.846442892945796, 0.15355710705420408]","[0.6, 0.4]"
d1-omni,typed_security_incidents,security_incidents_000086,disposition,choice,2,3,"[""close_benign"", ""contain"", ""investigate"", ""monitor""]","[0.1874829171806073, 0.06711074823313751, 0.23676928803057862, 0.5086370465556767]","[0.083333, 0.066667, 0.516667, 0.333333]"
d1-omni,typed_security_incidents,security_incidents_000086,severity,score,2,2,"[""0"", ""1"", ""2"", ""3"", ""4""]","[0.00279940171864929, 0.010199864281108464, 0.8734473516611667, 0.10004075858760726, 0.01351262375146844]","[0.043333, 0.166667, 0.65, 0.133333, 0.006667]"
d1-omni,typed_security_incidents,security_incidents_000086,true_positive,noul,1,1,"[""false"", ""true""]","[0.3469007233887868, 0.6530992766112131]","[0.483333, 0.516667]"
d1-omni,typed_security_incidents,security_incidents_000086,urgency,score,2,2,"[""0"", ""1"", ""2"", ""3""]","[0.02322544463420686, 0.15564724104574082, 0.447748981716668, 0.37337833260338427]","[0.05, 0.233333, 0.566667, 0.15]"
d1-omni,typed_security_incidents,security_incidents_000087,credential_compromise,noul,1,1,"[""false"", ""true""]","[0.4062140776596125, 0.5937859223403875]","[0.24, 0.76]"
d1-omni,typed_security_incidents,security_incidents_000087,disposition,choice,1,2,"[""close_benign"", ""contain"", ""investigate"", ""monitor""]","[0.039203213712126414, 0.1355690435198262, 0.713111107949607, 0.11211663481844038]","[0.016667, 0.566667, 0.35, 0.066667]"
d1-omni,typed_security_incidents,security_incidents_000087,severity,score,3,2,"[""0"", ""1"", ""2"", ""3"", ""4""]","[0.00524981694705185, 0.010238571600209202, 0.5650443685591596, 0.3983356006155771, 0.021131642278002186]","[0.0, 0.016667, 0.166667, 0.55, 0.266667]"
d1-omni,typed_security_incidents,security_incidents_000087,true_positive,noul,1,1,"[""false"", ""true""]","[0.2818006932187593, 0.7181993067812408]","[0.14, 0.86]"
d1-omni,typed_security_incidents,security_incidents_000087,urgency,score,3,3,"[""0"", ""1"", ""2"", ""3""]","[0.005082273329024153, 0.03733382923714703, 0.39016876894297076, 0.5674151284908581]","[0.006667, 0.043333, 0.183333, 0.766667]"
d1-omni,typed_security_incidents,security_incidents_000088,credential_compromise,noul,1,0,"[""false"", ""true""]","[0.5445091000118533, 0.4554908999881468]","[0.433333, 0.566667]"
d1-omni,typed_security_incidents,security_incidents_000088,disposition,choice,2,2,"[""close_benign"", ""contain"", ""investigate"", ""monitor""]","[0.03395446338140039, 0.13971031914342322, 0.7857367230869511, 0.04059849438822528]","[0.05, 0.166667, 0.616667, 0.166667]"
d1-omni,typed_security_incidents,security_incidents_000088,severity,score,3,2,"[""0"", ""1"", ""2"", ""3"", ""4""]","[0.03113091023887241, 0.01624541113633854, 0.6430166265745332, 0.2777378910375795, 0.031869161012676395]","[0.016667, 0.083333, 0.35, 0.45, 0.1]"
d1-omni,typed_security_incidents,security_incidents_000088,true_positive,noul,1,1,"[""false"", ""true""]","[0.21031484516912768, 0.7896851548308723]","[0.233333, 0.766667]"
d1-omni,typed_security_incidents,security_incidents_000088,urgency,score,3,3,"[""0"", ""1"", ""2"", ""3""]","[0.008099145916340882, 0.027722033283595352, 0.3427069968675028, 0.621471823932561]","[0.016667, 0.116667, 0.383333, 0.483333]"
d1-omni,typed_security_incidents,security_incidents_000089,credential_compromise,noul,1,0,"[""false"", ""true""]","[0.6871578558860887, 0.3128421441139113]","[0.45, 0.55]"
d1-omni,typed_security_incidents,security_incidents_000089,disposition,choice,2,2,"[""close_benign"", ""contain"", ""investigate"", ""monitor""]","[0.06304976004894386, 0.3373667270748777, 0.45887946670262253, 0.14070404617355584]","[0.036667, 0.366667, 0.533333, 0.063333]"
d1-omni,typed_security_incidents,security_incidents_000089,severity,score,3,3,"[""0"", ""1"", ""2"", ""3"", ""4""]","[0.004135860673084636, 0.06332061094019611, 0.3631416802935056, 0.5605257043511359, 0.008876143742077732]","[0.0, 0.033333, 0.133333, 0.6, 0.233333]"
d1-omni,typed_security_incidents,security_incidents_000089,true_positive,noul,1,0,"[""false"", ""true""]","[0.617512611519106, 0.3824873884808941]","[0.256667, 0.743333]"
d1-omni,typed_security_incidents,security_incidents_000089,urgency,score,3,3,"[""0"", ""1"", ""2"", ""3""]","[0.0019584630880993053, 0.01698474691572934, 0.13050069880643947, 0.850556091189732]","[0.023333, 0.06, 0.266667, 0.65]"
d1-omni,typed_security_incidents,security_incidents_000090,credential_compromise,noul,1,0,"[""false"", ""true""]","[0.7694052759963094, 0.23059472400369055]","[0.316667, 0.683333]"
d1-omni,typed_security_incidents,security_incidents_000090,disposition,choice,2,2,"[""close_benign"", ""contain"", ""investigate"", ""monitor""]","[0.11337879326162056, 0.21578643989479945, 0.6006250571535128, 0.07020970969006732]","[0.033333, 0.333333, 0.5, 0.133333]"
d1-omni,typed_security_incidents,security_incidents_000090,severity,score,2,2,"[""0"", ""1"", ""2"", ""3"", ""4""]","[0.05346447406232596, 0.06550603126986762, 0.519412867706923, 0.3221173239562219, 0.039499303004661764]","[0.033333, 0.15, 0.416667, 0.333333, 0.066667]"
d1-omni,typed_security_incidents,security_incidents_000090,true_positive,noul,1,1,"[""false"", ""true""]","[0.4729877425880941, 0.5270122574119059]","[0.216667, 0.783333]"
d1-omni,typed_security_incidents,security_incidents_000090,urgency,score,3,3,"[""0"", ""1"", ""2"", ""3""]","[0.002436763027768682, 0.08180531596678335, 0.11536397217719149, 0.8003939488282564]","[0.033333, 0.1, 0.316667, 0.55]"
d1-omni,typed_security_incidents,security_incidents_000091,credential_compromise,noul,0,0,"[""false"", ""true""]","[0.9928196402465926, 0.007180359753407468]","[0.683333, 0.316667]"
d1-omni,typed_security_incidents,security_incidents_000091,disposition,choice,2,2,"[""close_benign"", ""contain"", ""investigate"", ""monitor""]","[0.20706551361327477, 0.08476194430844873, 0.5967550787772944, 0.11141746330098211]","[0.05, 0.133333, 0.65, 0.166667]"
d1-omni,typed_security_incidents,security_incidents_000091,severity,score,3,2,"[""0"", ""1"", ""2"", ""3"", ""4""]","[0.1190153132959528, 0.017246536758659375, 0.5467723264388153, 0.30066899127584434, 0.016296832230728215]","[0.0, 0.05, 0.15, 0.466667, 0.333333]"
d1-omni,typed_security_incidents,security_incidents_000091,true_positive,noul,1,0,"[""false"", ""true""]","[0.9250351013170082, 0.07496489868299185]","[0.483333, 0.516667]"
d1-omni,typed_security_incidents,security_incidents_000091,urgency,score,2,3,"[""0"", ""1"", ""2"", ""3""]","[0.002613902086659948, 0.08930829283055443, 0.21277992104408697, 0.6952978840386986]","[0.016667, 0.116667, 0.466667, 0.4]"
d1-omni,typed_security_incidents,security_incidents_000092,credential_compromise,noul,0,0,"[""false"", ""true""]","[0.8434604240441347, 0.1565395759558653]","[0.716667, 0.283333]"
d1-omni,typed_security_incidents,security_incidents_000092,disposition,choice,2,2,"[""close_benign"", ""contain"", ""investigate"", ""monitor""]","[0.15561931945857607, 0.2876287617283304, 0.4084038522469296, 0.14834806656616384]","[0.05, 0.1, 0.616667, 0.233333]"
d1-omni,typed_security_incidents,security_incidents_000092,severity,score,3,2,"[""0"", ""1"", ""2"", ""3"", ""4""]","[0.0025385441428616537, 0.009141647753216227, 0.9393284701801381, 0.04669795391022904, 0.0022933840135549648]","[0.01, 0.1, 0.35, 0.466667, 0.073333]"
d1-omni,typed_security_incidents,security_incidents_000092,true_positive,noul,1,0,"[""false"", ""true""]","[0.5346125202694384, 0.46538747973056166]","[0.316667, 0.683333]"
d1-omni,typed_security_incidents,security_incidents_000092,urgency,score,2,3,"[""0"", ""1"", ""2"", ""3""]","[0.0025623439047406382, 0.04741275084944812, 0.4472114850238905, 0.5028134202219207]","[0.033333, 0.166667, 0.483333, 0.316667]"
d1-omni,typed_security_incidents,security_incidents_000093,credential_compromise,noul,0,0,"[""false"", ""true""]","[0.9890342637368237, 0.01096573626317629]","[0.716667, 0.283333]"
d1-omni,typed_security_incidents,security_incidents_000093,disposition,choice,2,3,"[""close_benign"", ""contain"", ""investigate"", ""monitor""]","[0.3254866394307675, 0.1147037384946878, 0.1818696413207584, 0.37793998075378626]","[0.116667, 0.066667, 0.55, 0.266667]"
d1-omni,typed_security_incidents,security_incidents_000093,severity,score,1,2,"[""0"", ""1"", ""2"", ""3"", ""4""]","[0.011177951651703861, 0.04999836109636851, 0.7805799414131155, 0.15812053641103233, 0.00012320942777970984]","[0.166667, 0.566667, 0.233333, 0.03, 0.003333]"
d1-omni,typed_security_incidents,security_incidents_000093,true_positive,noul,0,0,"[""false"", ""true""]","[0.9792551154528254, 0.020744884547174682]","[0.666667, 0.333333]"
d1-omni,typed_security_incidents,security_incidents_000093,urgency,score,1,1,"[""0"", ""1"", ""2"", ""3""]","[0.010081018213735618, 0.6783333299325575, 0.2326014362733179, 0.07898421558038901]","[0.1, 0.633333, 0.216667, 0.05]"
d1-omni,typed_security_incidents,security_incidents_000094,credential_compromise,noul,1,1,"[""false"", ""true""]","[0.4064201784572522, 0.5935798215427478]","[0.383333, 0.616667]"
d1-omni,typed_security_incidents,security_incidents_000094,disposition,choice,1,2,"[""close_benign"", ""contain"", ""investigate"", ""monitor""]","[0.08392442424280891, 0.08986207468719216, 0.6385586893190456, 0.18765481175095333]","[0.02, 0.633333, 0.283333, 0.063333]"
d1-omni,typed_security_incidents,security_incidents_000094,severity,score,3,2,"[""0"", ""1"", ""2"", ""3"", ""4""]","[0.005440371073623414, 0.01086181339443538, 0.49441176013321986, 0.3040410757300797, 0.1852449796686416]","[0.01, 0.023333, 0.25, 0.6, 0.116667]"
d1-omni,typed_security_incidents,security_incidents_000094,true_positive,noul,1,1,"[""false"", ""true""]","[0.14354745187763343, 0.8564525481223666]","[0.093333, 0.906667]"
d1-omni,typed_security_incidents,security_incidents_000094,urgency,score,3,3,"[""0"", ""1"", ""2"", ""3""]","[0.00394081251287467, 0.026668856368487558, 0.2811715372597676, 0.6882187938588701]","[0.013333, 0.06, 0.216667, 0.71]"
d1-omni,typed_security_incidents,security_incidents_000095,credential_compromise,noul,0,0,"[""false"", ""true""]","[0.8044827552669546, 0.19551724473304533]","[0.83, 0.17]"
d1-omni,typed_security_incidents,security_incidents_000095,disposition,choice,3,2,"[""close_benign"", ""contain"", ""investigate"", ""monitor""]","[0.1114674221560578, 0.1114674221560578, 0.6650520871839153, 0.11201306850396914]","[0.19, 0.03, 0.36, 0.42]"
d1-omni,typed_security_incidents,security_incidents_000095,severity,score,3,2,"[""0"", ""1"", ""2"", ""3"", ""4""]","[0.008198562883963827, 0.005634784854760216, 0.5099588197525546, 0.4755080450205653, 0.0006997874881561584]","[0.02, 0.063333, 0.31, 0.52, 0.086667]"
d1-omni,typed_security_incidents,security_incidents_000095,true_positive,noul,0,0,"[""false"", ""true""]","[0.7854526315777475, 0.21454736842225253]","[0.723333, 0.276667]"
d1-omni,typed_security_incidents,security_incidents_000095,urgency,score,2,3,"[""0"", ""1"", ""2"", ""3""]","[0.018552083038555812, 0.18920821704219784, 0.31934932009116007, 0.4728903798280864]","[0.04, 0.283333, 0.426667, 0.25]"
d1-omni,typed_security_incidents,security_incidents_000096,credential_compromise,noul,1,0,"[""false"", ""true""]","[0.6443929540807003, 0.3556070459192997]","[0.416667, 0.583333]"
d1-omni,typed_security_incidents,security_incidents_000096,disposition,choice,2,2,"[""close_benign"", ""contain"", ""investigate"", ""monitor""]","[0.015547895647385067, 0.2237822017715676, 0.7218487975132449, 0.038821105067802314]","[0.036667, 0.25, 0.633333, 0.08]"
d1-omni,typed_security_incidents,security_incidents_000096,severity,score,3,2,"[""0"", ""1"", ""2"", ""3"", ""4""]","[0.0033275728554971553, 0.011637077003156368, 0.537648084373148, 0.32665783699859274, 0.12072942876960571]","[0.016667, 0.056667, 0.176667, 0.6, 0.15]"
d1-omni,typed_security_incidents,security_incidents_000096,true_positive,noul,1,1,"[""false"", ""true""]","[0.3391980737083193, 0.6608019262916807]","[0.216667, 0.783333]"
d1-omni,typed_security_incidents,security_incidents_000096,urgency,score,3,2,"[""0"", ""1"", ""2"", ""3""]","[0.0015470384953305781, 0.023917823889375467, 0.5451650659233009, 0.4293700716919931]","[0.016667, 0.083333, 0.283333, 0.616667]"
d1-omni,typed_security_incidents,security_incidents_000097,credential_compromise,noul,1,0,"[""false"", ""true""]","[0.9644304851224305, 0.03556951487756948]","[0.433333, 0.566667]"
d1-omni,typed_security_incidents,security_incidents_000097,disposition,choice,2,1,"[""close_benign"", ""contain"", ""investigate"", ""monitor""]","[0.12110639615502293, 0.3815073498611274, 0.3129013302439413, 0.1844849237399083]","[0.05, 0.1, 0.633333, 0.216667]"
d1-omni,typed_security_incidents,security_incidents_000097,severity,score,2,2,"[""0"", ""1"", ""2"", ""3"", ""4""]","[0.06673267720201354, 0.09814413202757061, 0.5869919928039965, 0.24733741593460457, 0.0007937820318147903]","[0.033333, 0.133333, 0.466667, 0.333333, 0.033333]"
d1-omni,typed_security_incidents,security_incidents_000097,true_positive,noul,1,0,"[""false"", ""true""]","[0.7967870610767027, 0.20321293892329725]","[0.366667, 0.633333]"
d1-omni,typed_security_incidents,security_incidents_000097,urgency,score,2,2,"[""0"", ""1"", ""2"", ""3""]","[0.01969258993690296, 0.2210107115193187, 0.507878610586025, 0.2514180879577534]","[0.016667, 0.15, 0.5, 0.333333]"
d1-omni,typed_security_incidents,security_incidents_000098,credential_compromise,noul,0,0,"[""false"", ""true""]","[0.9733675946727987, 0.02663240532720129]","[0.593333, 0.406667]"
d1-omni,typed_security_incidents,security_incidents_000098,disposition,choice,2,2,"[""close_benign"", ""contain"", ""investigate"", ""monitor""]","[0.08553744214608973, 0.1206271283332273, 0.6122213438460168, 0.18161408567466616]","[0.076667, 0.09, 0.59, 0.243333]"
d1-omni,typed_security_incidents,security_incidents_000098,severity,score,3,2,"[""0"", ""1"", ""2"", ""3"", ""4""]","[0.02648812918128984, 0.07472436732856318, 0.801794979535603, 0.09446044587192673, 0.0025320780826171884]","[0.043333, 0.13, 0.373333, 0.423333, 0.03]"
d1-omni,typed_security_incidents,security_incidents_000098,true_positive,noul,1,0,"[""false"", ""true""]","[0.8966140518601594, 0.10338594813984056]","[0.423333, 0.576667]"
d1-omni,typed_security_incidents,security_incidents_000098,urgency,score,3,2,"[""0"", ""1"", ""2"", ""3""]","[0.014849584675830443, 0.14254970380544485, 0.725342520383642, 0.11725819113508272]","[0.066667, 0.216667, 0.35, 0.366667]"
d1-omni,typed_security_incidents,security_incidents_000099,credential_compromise,noul,1,1,"[""false"", ""true""]","[0.33938962128918826, 0.6606103787108117]","[0.366667, 0.633333]"
d1-omni,typed_security_incidents,security_incidents_000099,disposition,choice,2,1,"[""close_benign"", ""contain"", ""investigate"", ""monitor""]","[0.12012500239978831, 0.4637580488711107, 0.2742983836863623, 0.1418185650427387]","[0.05, 0.35, 0.5, 0.1]"
d1-omni,typed_security_incidents,security_incidents_000099,severity,score,3,2,"[""0"", ""1"", ""2"", ""3"", ""4""]","[0.005674817525404953, 0.2504221410792647, 0.4468873807878425, 0.2084197796957179, 0.0885958809117698]","[0.016667, 0.083333, 0.2, 0.533333, 0.166667]"
d1-omni,typed_security_incidents,security_incidents_000099,true_positive,noul,1,1,"[""false"", ""true""]","[0.018996238096520696, 0.9810037619034793]","[0.233333, 0.766667]"
d1-omni,typed_security_incidents,security_incidents_000099,urgency,score,3,3,"[""0"", ""1"", ""2"", ""3""]","[0.024825537387792453, 0.32320249709302584, 0.1771003261494561, 0.47487163936972554]","[0.016667, 0.1, 0.333333, 0.55]"
d1-omni,typed_security_incidents,security_incidents_000016,credential_compromise,noul,0,0,"[""false"", ""true""]","[0.5859602693386279, 0.414039730661372]","[0.51, 0.49]"
d1-omni,typed_security_incidents,security_incidents_000016,disposition,choice,2,2,"[""close_benign"", ""contain"", ""investigate"", ""monitor""]","[0.08186196976684583, 0.3291903106896504, 0.40156381894833204, 0.1873839005951717]","[0.05, 0.216667, 0.633333, 0.1]"
d1-omni,typed_security_incidents,security_incidents_000016,severity,score,3,2,"[""0"", ""1"", ""2"", ""3"", ""4""]","[0.001331078188814845, 0.020418839221474236, 0.7933369585541165, 0.16602878592147916, 0.018884338114115242]","[0.006667, 0.043333, 0.2, 0.483333, 0.266667]"
d1-omni,typed_security_incidents,security_incidents_000016,true_positive,noul,1,0,"[""false"", ""true""]","[0.8845513629448415, 0.11544863705515845]","[0.45, 0.55]"
d1-omni,typed_security_incidents,security_incidents_000016,urgency,score,3,3,"[""0"", ""1"", ""2"", ""3""]","[0.016519513793787407, 0.030384046026304054, 0.3487472728994242, 0.6043491672804843]","[0.0, 0.083333, 0.25, 0.666667]"
d1-omni,typed_security_incidents,security_incidents_000017,credential_compromise,noul,1,0,"[""false"", ""true""]","[0.6116139877072029, 0.38838601229279707]","[0.366667, 0.633333]"
d1-omni,typed_security_incidents,security_incidents_000017,disposition,choice,2,1,"[""close_benign"", ""contain"", ""investigate"", ""monitor""]","[0.12867101073752005, 0.4184084031611977, 0.27480118192237335, 0.1781194041789089]","[0.06, 0.09, 0.666667, 0.183333]"
d1-omni,typed_security_incidents,security_incidents_000017,severity,score,2,2,"[""0"", ""1"", ""2"", ""3"", ""4""]","[0.0018328183810549675, 0.0035466771464262546, 0.8256791023119235, 0.1638610214046694, 0.005080380755925826]","[0.066667, 0.366667, 0.45, 0.11, 0.006667]"
d1-omni,typed_security_incidents,security_incidents_000017,true_positive,noul,1,1,"[""false"", ""true""]","[0.17405903128664055, 0.8259409687133595]","[0.22, 0.78]"
d1-omni,typed_security_incidents,security_incidents_000017,urgency,score,2,3,"[""0"", ""1"", ""2"", ""3""]","[0.007328230553764449, 0.060643666309911186, 0.39467479419497914, 0.5373533089413453]","[0.05, 0.283333, 0.483333, 0.183333]"
d1-omni,typed_security_incidents,security_incidents_000018,credential_compromise,noul,0,0,"[""false"", ""true""]","[0.7889746711709522, 0.21102532882904787]","[0.556667, 0.443333]"
d1-omni,typed_security_incidents,security_incidents_000018,disposition,choice,2,2,"[""close_benign"", ""contain"", ""investigate"", ""monitor""]","[0.10388932638099883, 0.12269577804736104, 0.7148244150640326, 0.05859048050760762]","[0.04, 0.06, 0.713333, 0.186667]"
d1-omni,typed_security_incidents,security_incidents_000018,severity,score,2,2,"[""0"", ""1"", ""2"", ""3"", ""4""]","[0.014741457487622022, 0.041021694947234816, 0.6844080635878965, 0.25440570713370286, 0.005423076843543839]","[0.003333, 0.096667, 0.466667, 0.39, 0.043333]"
d1-omni,typed_security_incidents,security_incidents_000018,true_positive,noul,1,0,"[""false"", ""true""]","[0.6043405281628776, 0.39565947183712236]","[0.44, 0.56]"
d1-omni,typed_security_incidents,security_incidents_000018,urgency,score,3,3,"[""0"", ""1"", ""2"", ""3""]","[0.005521323904482582, 0.35973796710885314, 0.17686998637631424, 0.45787072261035006]","[0.02, 0.146667, 0.39, 0.443333]"
d1-omni,typed_security_incidents,security_incidents_000019,credential_compromise,noul,1,0,"[""false"", ""true""]","[0.8402590086973434, 0.15974099130265654]","[0.466667, 0.533333]"
d1-omni,typed_security_incidents,security_incidents_000019,disposition,choice,2,2,"[""close_benign"", ""contain"", ""investigate"", ""monitor""]","[0.22273009468926078, 0.1713577758819096, 0.4920415834668866, 0.11387054596194296]","[0.043333, 0.09, 0.693333, 0.173333]"
d1-omni,typed_security_incidents,security_incidents_000019,severity,score,3,2,"[""0"", ""1"", ""2"", ""3"", ""4""]","[0.03045797304689572, 0.022414479728715252, 0.4794767827607203, 0.44659431069035366, 0.021056453773315165]","[0.006667, 0.026667, 0.133333, 0.716667, 0.116667]"
d1-omni,typed_security_incidents,security_incidents_000019,true_positive,noul,1,0,"[""false"", ""true""]","[0.8674854706187222, 0.1325145293812778]","[0.416667, 0.583333]"
d1-omni,typed_security_incidents,security_incidents_000019,urgency,score,3,1,"[""0"", ""1"", ""2"", ""3""]","[0.02734913173521035, 0.46122240921150726, 0.304551859376233, 0.20687659967704947]","[0.01, 0.073333, 0.333333, 0.583333]"
d1-omni,ood_agnews_balanced,0,topic,choice,0,0,"[""business"", ""scitech"", ""sports"", ""world""]","[0.8773834197634105, 0.00182780476320791, 0.07879013538728345, 0.0419986400860983]",
d1-omni,ood_agnews_balanced,2,topic,choice,1,1,"[""business"", ""scitech"", ""sports"", ""world""]","[0.025748250566843867, 0.9373843552543872, 0.00211767676970397, 0.03474971740906486]",
d1-omni,ood_agnews_balanced,5,topic,choice,1,0,"[""business"", ""scitech"", ""sports"", ""world""]","[0.43271980371548174, 0.2461954103240655, 0.014988712216148198, 0.30609607374430464]",
d1-omni,ood_agnews_balanced,8,topic,choice,1,1,"[""business"", ""scitech"", ""sports"", ""world""]","[0.23312942975648995, 0.6931131780122178, 0.00298597916708232, 0.07077141306420992]",
d1-omni,ood_agnews_balanced,22,topic,choice,1,1,"[""business"", ""scitech"", ""sports"", ""world""]","[0.018901974083378164, 0.9780445823703928, 1.413677265545473e-05, 0.0030393067735736]",
d1-omni,ood_agnews_balanced,28,topic,choice,2,2,"[""business"", ""scitech"", ""sports"", ""world""]","[0.0005544581352502647, 3.109300579035845e-06, 0.9985752433323882, 0.000867189231782639]",
d1-omni,ood_agnews_balanced,56,topic,choice,3,0,"[""business"", ""scitech"", ""sports"", ""world""]","[0.5946049907307028, 0.0006907928334131799, 1.0008807976107503e-05, 0.40469420762790803]",
d1-omni,ood_agnews_balanced,57,topic,choice,3,3,"[""business"", ""scitech"", ""sports"", ""world""]","[0.0025274188919320478, 1.0288711945922757e-05, 0.0014485426974817064, 0.9960137496986403]",
d1-omni,ood_agnews_balanced,59,topic,choice,0,0,"[""business"", ""scitech"", ""sports"", ""world""]","[0.9752889719839564, 8.126873283132887e-06, 8.04910030653815e-05, 0.024622410139695287]",
d1-omni,ood_agnews_balanced,60,topic,choice,2,2,"[""business"", ""scitech"", ""sports"", ""world""]","[0.00012004158480294726, 1.1185761144905072e-06, 0.9996706148792383, 0.00020822495984455731]",
d1-omni,ood_agnews_balanced,63,topic,choice,1,0,"[""business"", ""scitech"", ""sports"", ""world""]","[0.7985612019728525, 0.18655203926063713, 0.0001602756673844096, 0.01472648309912591]",
d1-omni,ood_agnews_balanced,66,topic,choice,3,3,"[""business"", ""scitech"", ""sports"", ""world""]","[0.1038893670891223, 0.0013348710796944599, 0.012084930160518518, 0.8826908316706648]",
d1-omni,ood_agnews_balanced,70,topic,choice,1,1,"[""business"", ""scitech"", ""sports"", ""world""]","[0.09652730318794663, 0.8670863014153918, 6.93592867514223e-05, 0.03631703610991026]",
d1-omni,ood_agnews_balanced,79,topic,choice,3,2,"[""business"", ""scitech"", ""sports"", ""world""]","[0.00044287982733384854, 1.7996435251621137e-05, 0.9926585156923884, 0.006880608045026088]",
d1-omni,ood_agnews_balanced,87,topic,choice,3,2,"[""business"", ""scitech"", ""sports"", ""world""]","[0.002335901728107994, 1.243856839125884e-05, 0.6754572325415146, 0.32219442716198604]",
d1-omni,ood_agnews_balanced,102,topic,choice,1,3,"[""business"", ""scitech"", ""sports"", ""world""]","[0.3362638021643678, 0.1474057387800672, 0.0010797017440884837, 0.5152507573114765]",
d1-omni,ood_agnews_balanced,115,topic,choice,2,2,"[""business"", ""scitech"", ""sports"", ""world""]","[0.0011951139482679442, 1.3485597493188132e-05, 0.9970525200068344, 0.0017388804474044676]",
d1-omni,ood_agnews_balanced,117,topic,choice,1,1,"[""business"", ""scitech"", ""sports"", ""world""]","[0.027343777202744595, 0.968146280324532, 0.0007492527729910473, 0.003760689699732321]",
d1-omni,ood_agnews_balanced,118,topic,choice,0,0,"[""business"", ""scitech"", ""sports"", ""world""]","[0.981195268052989, 0.00010296791873164249, 0.0017863567604782461, 0.01691540726780125]",
d1-omni,ood_agnews_balanced,126,topic,choice,2,2,"[""business"", ""scitech"", ""sports"", ""world""]","[0.00034823743179177605, 1.0596753331946371e-06, 0.9924798030297483, 0.007170899863126847]",
d1-omni,ood_agnews_balanced,129,topic,choice,3,3,"[""business"", ""scitech"", ""sports"", ""world""]","[0.0007611619254975522, 2.197213230267892e-06, 0.0002130249020788531, 0.9990236159591934]",
d1-omni,ood_agnews_balanced,135,topic,choice,2,2,"[""business"", ""scitech"", ""sports"", ""world""]","[0.0005844492729393799, 9.247337802363816e-05, 0.9965713433668044, 0.0027517339822326044]",
d1-omni,ood_agnews_balanced,148,topic,choice,2,2,"[""business"", ""scitech"", ""sports"", ""world""]","[0.0011716061590704289, 4.095470018819354e-06, 0.9967193038164628, 0.0021049945544478936]",
d1-omni,ood_agnews_balanced,158,topic,choice,2,2,"[""business"", ""scitech"", ""sports"", ""world""]","[2.0062047772948804e-05, 7.510181613250069e-07, 0.9997252933004845, 0.00025389363358117444]",
d1-omni,ood_agnews_balanced,159,topic,choice,3,3,"[""business"", ""scitech"", ""sports"", ""world""]","[0.0002930503570051713, 3.192530891188559e-06, 0.00010449035471392427, 0.9995992667573896]",
d1-omni,ood_agnews_balanced,167,topic,choice,0,0,"[""business"", ""scitech"", ""sports"", ""world""]","[0.9892755299386797, 0.0029636632507487365, 0.00018543358078143562, 0.007575373229790126]",
d1-omni,ood_agnews_balanced,177,topic,choice,2,2,"[""business"", ""scitech"", ""sports"", ""world""]","[0.00015487305420587108, 1.9880152051405023e-06, 0.9966318249889219, 0.0032113139416671097]",
d1-omni,ood_agnews_balanced,178,topic,choice,1,1,"[""business"", ""scitech"", ""sports"", ""world""]","[0.2805636137289757, 0.6710683279845447, 0.0020500315712672964, 0.04631802671521221]",
d1-omni,ood_agnews_balanced,194,topic,choice,0,0,"[""business"", ""scitech"", ""sports"", ""world""]","[0.9965891142325356, 0.0027250404592479827, 1.575893165576265e-05, 0.0006700863765604978]",
d1-omni,ood_agnews_balanced,201,topic,choice,1,1,"[""business"", ""scitech"", ""sports"", ""world""]","[0.18311466323766512, 0.8040043924104799, 0.00030983266176322393, 0.012571111690091912]",
d1-omni,ood_agnews_balanced,214,topic,choice,2,2,"[""business"", ""scitech"", ""sports"", ""world""]","[0.0001766213279615185, 2.9685440209239766e-06, 0.999123221596216, 0.0006971885318015984]",
d1-omni,ood_agnews_balanced,216,topic,choice,0,0,"[""business"", ""scitech"", ""sports"", ""world""]","[0.9731611236915103, 0.014070770108763002, 3.914259853562052e-05, 0.012728963601191043]",
d1-omni,ood_agnews_balanced,231,topic,choice,2,2,"[""business"", ""scitech"", ""sports"", ""world""]","[0.015382742824133447, 0.00028941370650976554, 0.7794115297786215, 0.20491631369073537]",
d1-omni,ood_agnews_balanced,241,topic,choice,2,2,"[""business"", ""scitech"", ""sports"", ""world""]","[0.00037455425457817406, 5.9023278288901045e-06, 0.9988989797588248, 0.0007205636587681337]",
d1-omni,ood_agnews_balanced,244,topic,choice,0,0,"[""business"", ""scitech"", ""sports"", ""world""]","[0.904724864692856, 2.906930898152388e-05, 7.481334494433657e-05, 0.09517125265321816]",
d1-omni,ood_agnews_balanced,248,topic,choice,1,0,"[""business"", ""scitech"", ""sports"", ""world""]","[0.9918148309820726, 0.0015811143973857298, 2.4867016884423795e-05, 0.006579187603657405]",
d1-omni,ood_agnews_balanced,255,topic,choice,1,3,"[""business"", ""scitech"", ""sports"", ""world""]","[0.011284488487492625, 0.04393907247007249, 0.0011801204495117718, 0.9435963185929231]",
d1-omni,ood_agnews_balanced,272,topic,choice,0,0,"[""business"", ""scitech"", ""sports"", ""world""]","[0.9045055740945389, 0.009384219462939705, 0.00027681447815041283, 0.08583339196437102]",
d1-omni,ood_agnews_balanced,278,topic,choice,0,0,"[""business"", ""scitech"", ""sports"", ""world""]","[0.7324826944415714, 7.523386427575967e-05, 7.377871463380199e-05, 0.26736829297951914]",
d1-omni,ood_agnews_balanced,280,topic,choice,0,0,"[""business"", ""scitech"", ""sports"", ""world""]","[0.9799345912132927, 0.0030946458270768996, 0.0003957521549976458, 0.01657501080463275]",
d1-omni,ood_agnews_balanced,285,topic,choice,3,3,"[""business"", ""scitech"", ""sports"", ""world""]","[0.0008551262673850125, 6.9772574667797e-06, 0.0008979166419267156, 0.9982399798332215]",
d1-omni,ood_agnews_balanced,293,topic,choice,1,1,"[""business"", ""scitech"", ""sports"", ""world""]","[0.326601645562633, 0.5842238902034511, 0.008784761661268113, 0.08038970257264787]",
d1-omni,ood_agnews_balanced,299,topic,choice,0,0,"[""business"", ""scitech"", ""sports"", ""world""]","[0.9651189095333047, 8.363747473602371e-05, 4.407385025309512e-05, 0.034753379141706196]",
d1-omni,ood_agnews_balanced,300,topic,choice,2,2,"[""business"", ""scitech"", ""sports"", ""world""]","[0.00013088445337330675, 1.7132247985793688e-06, 0.9963108003031151, 0.003556602018713062]",
d1-omni,ood_agnews_balanced,317,topic,choice,0,0,"[""business"", ""scitech"", ""sports"", ""world""]","[0.9260198762802306, 0.02810024926228855, 0.00025753386611555547, 0.04562234059136551]",
d1-omni,ood_agnews_balanced,326,topic,choice,3,3,"[""business"", ""scitech"", ""sports"", ""world""]","[0.14440295405791687, 0.0006399675959631292, 0.2841111744425558, 0.5708459039035643]",
d1-omni,ood_agnews_balanced,329,topic,choice,0,0,"[""business"", ""scitech"", ""sports"", ""world""]","[0.7134261868017765, 0.25863828156637053, 6.964837855956946e-05, 0.027865883253293366]",
d1-omni,ood_agnews_balanced,339,topic,choice,2,2,"[""business"", ""scitech"", ""sports"", ""world""]","[0.00011657699037234528, 3.2936523977193917e-07, 0.9996820596675939, 0.0002010339767939516]",
d1-omni,ood_agnews_balanced,372,topic,choice,3,2,"[""business"", ""scitech"", ""sports"", ""world""]","[8.25106182285441e-05, 1.0844198681502648e-05, 0.9978085898122008, 0.0020980553708891854]",
d1-omni,ood_agnews_balanced,382,topic,choice,1,1,"[""business"", ""scitech"", ""sports"", ""world""]","[0.00013898547165011244, 0.9919378499810969, 2.4821565912977814e-05, 0.007898342981340116]",
d1-omni,ood_agnews_balanced,391,topic,choice,2,2,"[""business"", ""scitech"", ""sports"", ""world""]","[0.00048823480663159804, 4.40091050404407e-06, 0.9983338602315361, 0.001173504051328323]",
d1-omni,ood_agnews_balanced,393,topic,choice,3,3,"[""business"", ""scitech"", ""sports"", ""world""]","[0.0006153518248373282, 1.3228198693051962e-05, 0.00010946789860472978, 0.9992619520778648]",
d1-omni,ood_agnews_balanced,404,topic,choice,3,3,"[""business"", ""scitech"", ""sports"", ""world""]","[0.05146283420928027, 6.477073713646037e-06, 0.0017271132896108366, 0.9468035754273951]",
d1-omni,ood_agnews_balanced,440,topic,choice,0,0,"[""business"", ""scitech"", ""sports"", ""world""]","[0.6224473653786223, 0.045850355090238645, 0.0006787464604770824, 0.3310235330706619]",
d1-omni,ood_agnews_balanced,446,topic,choice,1,0,"[""business"", ""scitech"", ""sports"", ""world""]","[0.9783353943220954, 0.015386781901310683, 0.00018124650976172706, 0.006096577266832284]",
d1-omni,ood_agnews_balanced,447,topic,choice,1,1,"[""business"", ""scitech"", ""sports"", ""world""]","[0.15129311150102667, 0.8315743202802995, 0.005769687383633319, 0.011362880835040478]",
d1-omni,ood_agnews_balanced,450,topic,choice,3,2,"[""business"", ""scitech"", ""sports"", ""world""]","[0.00010684508029164647, 8.416682709557319e-07, 0.9964997999265377, 0.0033925133248997466]",
d1-omni,ood_agnews_balanced,451,topic,choice,3,3,"[""business"", ""scitech"", ""sports"", ""world""]","[0.0017306957365328549, 4.8516782306694e-06, 7.327132403809354e-05, 0.9981911812611983]",
d1-omni,ood_agnews_balanced,454,topic,choice,1,1,"[""business"", ""scitech"", ""sports"", ""world""]","[0.12850926518848746, 0.8645859815895861, 8.069771074914532e-05, 0.0068240555111774475]",
d1-omni,ood_agnews_balanced,469,topic,choice,2,2,"[""business"", ""scitech"", ""sports"", ""world""]","[0.0045798573471623845, 0.00010760279459882609, 0.9880082288537837, 0.007304311004455052]",
d1-omni,ood_agnews_balanced,477,topic,choice,1,0,"[""business"", ""scitech"", ""sports"", ""world""]","[0.5478681824805001, 0.44803123701454656, 1.2458258762307634e-05, 0.004088122246191083]",
d1-omni,ood_agnews_balanced,511,topic,choice,3,2,"[""business"", ""scitech"", ""sports"", ""world""]","[0.26986661257381855, 0.18367394688591515, 0.2992991341976459, 0.24716030634262032]",
d1-omni,ood_agnews_balanced,513,topic,choice,3,3,"[""business"", ""scitech"", ""sports"", ""world""]","[0.005478187864120043, 3.413267879039515e-06, 0.00031087447633645275, 0.9942075243916644]",
d1-omni,ood_agnews_balanced,515,topic,choice,2,2,"[""business"", ""scitech"", ""sports"", ""world""]","[0.08658621490632584, 0.00019888447363008473, 0.8796285732303177, 0.03358632738972634]",
d1-omni,ood_agnews_balanced,525,topic,choice,3,3,"[""business"", ""scitech"", ""sports"", ""world""]","[0.0021565823274667974, 1.3491533653541702e-05, 0.0003385654537406772, 0.997491360685139]",
d1-omni,ood_agnews_balanced,529,topic,choice,3,3,"[""business"", ""scitech"", ""sports"", ""world""]","[0.0036903280959583117, 1.2975722154359949e-05, 0.0006707474976462199, 0.995625948684241]",
d1-omni,ood_agnews_balanced,541,topic,choice,3,3,"[""business"", ""scitech"", ""sports"", ""world""]","[0.44635980258616986, 0.0009262523261449792, 0.0015331086179212307, 0.5511808364697638]",
d1-omni,ood_agnews_balanced,543,topic,choice,1,1,"[""business"", ""scitech"", ""sports"", ""world""]","[0.011095094845401178, 0.9182950573160343, 0.0035670446626924683, 0.06704280317587195]",
d1-omni,ood_agnews_balanced,561,topic,choice,3,3,"[""business"", ""scitech"", ""sports"", ""world""]","[0.004011936382485975, 1.327778749348581e-05, 0.0027146112299473507, 0.9932601746000731]",
d1-omni,ood_agnews_balanced,572,topic,choice,1,1,"[""business"", ""scitech"", ""sports"", ""world""]","[0.0002025745635330841, 0.9917250713075693, 1.0125069206118094e-05, 0.008062229059691737]",
d1-omni,ood_agnews_balanced,578,topic,choice,1,0,"[""business"", ""scitech"", ""sports"", ""world""]","[0.5450338488216382, 0.4170765490261148, 6.805541168014475e-05, 0.037821546740566994]",
d1-omni,ood_agnews_balanced,590,topic,choice,3,3,"[""business"", ""scitech"", ""sports"", ""world""]","[0.0010939161906667382, 0.00024408574223203398, 0.000245999981114146, 0.998415998085987]",
d1-omni,ood_agnews_balanced,609,topic,choice,2,2,"[""business"", ""scitech"", ""sports"", ""world""]","[0.00012726926205251934, 7.508822394047944e-07, 0.9995444374101754, 0.0003275424455327157]",
d1-omni,ood_agnews_balanced,613,topic,choice,3,2,"[""business"", ""scitech"", ""sports"", ""world""]","[5.839315678982297e-05, 1.8051368979884705e-06, 0.9977841653612145, 0.0021556363450976977]",
d1-omni,ood_agnews_balanced,616,topic,choice,1,3,"[""business"", ""scitech"", ""sports"", ""world""]","[0.019590818607681384, 0.2950178500583048, 0.00016556755958006112, 0.6852257637744337]",
d1-omni,ood_agnews_balanced,622,topic,choice,1,1,"[""business"", ""scitech"", ""sports"", ""world""]","[0.00018997851319019844, 0.9785091081535984, 1.4088354708440495e-05, 0.021286824978502924]",
d1-omni,ood_agnews_balanced,624,topic,choice,1,1,"[""business"", ""scitech"", ""sports"", ""world""]","[0.008736992295739102, 0.987429415397663, 0.0004154750999038478, 0.0034181172066940764]",
d1-omni,ood_agnews_balanced,639,topic,choice,3,3,"[""business"", ""scitech"", ""sports"", ""world""]","[0.08096315021893194, 1.0859411637743273e-05, 0.0003075943964383792, 0.918718395972992]",
d1-omni,ood_agnews_balanced,644,topic,choice,2,2,"[""business"", ""scitech"", ""sports"", ""world""]","[0.0005278746684464581, 5.054468011248959e-07, 0.9982715346999459, 0.0012000851848064792]",
d1-omni,ood_agnews_balanced,650,topic,choice,3,0,"[""business"", ""scitech"", ""sports"", ""world""]","[0.6346605027828633, 0.0002530779906380937, 0.03998249504175555, 0.32510392418474304]",
d1-omni,ood_agnews_balanced,657,topic,choice,1,1,"[""business"", ""scitech"", ""sports"", ""world""]","[0.1737007280231705, 0.8006388696178091, 0.004318889143305899, 0.021341513215714522]",
d1-omni,ood_agnews_balanced,667,topic,choice,0,0,"[""business"", ""scitech"", ""sports"", ""world""]","[0.915978729059048, 0.0041597790315185176, 5.8302172159783064e-05, 0.07980318973727354]",
d1-omni,ood_agnews_balanced,670,topic,choice,2,2,"[""business"", ""scitech"", ""sports"", ""world""]","[0.0002799671143290679, 1.1967300696731854e-06, 0.9969002307474062, 0.002818605408195167]",
d1-omni,ood_agnews_balanced,673,topic,choice,0,0,"[""business"", ""scitech"", ""sports"", ""world""]","[0.8241671238709308, 0.00046391779452193554, 0.00023602220178106493, 0.17513293613276623]",
d1-omni,ood_agnews_balanced,676,topic,choice,3,2,"[""business"", ""scitech"", ""sports"", ""world""]","[0.000385878916012128, 3.805253435507888e-06, 0.9896753648178879, 0.009934951012664428]",
d1-omni,ood_agnews_balanced,681,topic,choice,3,3,"[""business"", ""scitech"", ""sports"", ""world""]","[0.00010368956763756442, 9.275159293266483e-06, 0.00016830480409339084, 0.9997187304689757]",
d1-omni,ood_agnews_balanced,686,topic,choice,2,2,"[""business"", ""scitech"", ""sports"", ""world""]","[0.00019077326122031788, 3.792845928782039e-06, 0.9980766272104402, 0.0017288066824107757]",
d1-omni,ood_agnews_balanced,706,topic,choice,1,1,"[""business"", ""scitech"", ""sports"", ""world""]","[0.05297503141093976, 0.8164191349626871, 0.0017445397592193651, 0.1288612938671537]",
d1-omni,ood_agnews_balanced,713,topic,choice,2,2,"[""business"", ""scitech"", ""sports"", ""world""]","[9.752305123622828e-05, 2.7392212409282934e-07, 0.9989535997201583, 0.0009486033064813551]",
d1-omni,ood_agnews_balanced,714,topic,choice,2,2,"[""business"", ""scitech"", ""sports"", ""world""]","[0.008021182254252015, 2.6361892701242535e-06, 0.9821099567376753, 0.009866224818802552]",
d1-omni,ood_agnews_balanced,720,topic,choice,3,3,"[""business"", ""scitech"", ""sports"", ""world""]","[0.0021893885280069537, 0.00041703679465426424, 0.0004285974979450221, 0.9969649771793937]",
d1-omni,ood_agnews_balanced,725,topic,choice,3,3,"[""business"", ""scitech"", ""sports"", ""world""]","[0.00032303505580698653, 4.003367775941961e-06, 0.0003130965114641516, 0.9993598650649529]",
d1-omni,ood_agnews_balanced,727,topic,choice,3,0,"[""business"", ""scitech"", ""sports"", ""world""]","[0.8124823659868048, 0.0004246260008676818, 4.896240754112333e-05, 0.18704404560478632]",
d1-omni,ood_agnews_balanced,728,topic,choice,0,0,"[""business"", ""scitech"", ""sports"", ""world""]","[0.9946981825400948, 9.155393125786593e-07, 6.7649643846559415e-06, 0.005294136956207767]",
d1-omni,ood_agnews_balanced,729,topic,choice,0,0,"[""business"", ""scitech"", ""sports"", ""world""]","[0.9816599534634199, 2.956368188550679e-07, 1.4356287679344716e-05, 0.018325394612081818]",
d1-omni,ood_agnews_balanced,737,topic,choice,3,3,"[""business"", ""scitech"", ""sports"", ""world""]","[0.010661644557854509, 8.947736464605924e-06, 0.0039568241014986925, 0.9853725836041821]",
d1-omni,ood_agnews_balanced,761,topic,choice,1,1,"[""business"", ""scitech"", ""sports"", ""world""]","[0.14135598653450376, 0.7716621847148741, 0.0005621074471767237, 0.08641972130344536]",
d1-omni,ood_agnews_balanced,765,topic,choice,2,2,"[""business"", ""scitech"", ""sports"", ""world""]","[0.0013761390129497471, 1.3120890195426607e-05, 0.9969805185712141, 0.0016302215256407014]",
d1-omni,ood_agnews_balanced,766,topic,choice,2,2,"[""business"", ""scitech"", ""sports"", ""world""]","[0.0003136796070167458, 4.058103740791404e-06, 0.9992675152792748, 0.0004147470099676616]",
d1-omni,ood_agnews_balanced,767,topic,choice,2,2,"[""business"", ""scitech"", ""sports"", ""world""]","[0.06100675961370468, 1.5814500439876447e-05, 0.9358482481718512, 0.0031291777140042888]",
d1-omni,ood_agnews_balanced,768,topic,choice,3,3,"[""business"", ""scitech"", ""sports"", ""world""]","[0.0035079297020380804, 3.660854996904743e-05, 0.004620102395356953, 0.9918353593526358]",
d1-omni,ood_agnews_balanced,782,topic,choice,2,2,"[""business"", ""scitech"", ""sports"", ""world""]","[0.0007205905081821037, 3.311029502089342e-06, 0.9950414011361118, 0.00423469732620401]",
d1-omni,ood_agnews_balanced,788,topic,choice,0,0,"[""business"", ""scitech"", ""sports"", ""world""]","[0.9965316661670399, 1.3063851546899612e-05, 0.0008437170978409814, 0.0026115528835722467]",
d1-omni,ood_agnews_balanced,790,topic,choice,3,3,"[""business"", ""scitech"", ""sports"", ""world""]","[3.5078439973314283e-05, 1.4117717454290258e-05, 6.27788298586877e-05, 0.9998880250127137]",
d1-omni,ood_agnews_balanced,792,topic,choice,3,3,"[""business"", ""scitech"", ""sports"", ""world""]","[7.368393672652468e-05, 3.7917906735475565e-07, 2.7212874942775e-05, 0.9998987240092634]",
d1-omni,ood_agnews_balanced,804,topic,choice,0,0,"[""business"", ""scitech"", ""sports"", ""world""]","[0.9280602097599845, 2.4337636585930915e-05, 0.000490747721784807, 0.07142470488164478]",
d1-omni,ood_agnews_balanced,810,topic,choice,3,3,"[""business"", ""scitech"", ""sports"", ""world""]","[4.918106985318918e-05, 6.25267556348807e-06, 2.434642199939524e-05, 0.999920219832584]",
d1-omni,ood_agnews_balanced,819,topic,choice,3,3,"[""business"", ""scitech"", ""sports"", ""world""]","[0.01219636956080016, 0.00043269227608535606, 0.006114779899550428, 0.981256158263564]",
d1-omni,ood_agnews_balanced,827,topic,choice,2,2,"[""business"", ""scitech"", ""sports"", ""world""]","[0.00019763261204832616, 5.47652916122859e-06, 0.998243907593146, 0.001552983265644647]",
d1-omni,ood_agnews_balanced,840,topic,choice,2,2,"[""business"", ""scitech"", ""sports"", ""world""]","[6.538230452505696e-05, 4.379690942902781e-07, 0.9995065823558094, 0.00042759737057116955]",
d1-omni,ood_agnews_balanced,842,topic,choice,2,2,"[""business"", ""scitech"", ""sports"", ""world""]","[0.00013353108557341247, 6.67314492432809e-07, 0.9987455743578454, 0.001120227242088753]",
d1-omni,ood_agnews_balanced,843,topic,choice,2,2,"[""business"", ""scitech"", ""sports"", ""world""]","[0.0007940988509326743, 8.359081761343243e-07, 0.9974424200715725, 0.0017626451693186784]",
d1-omni,ood_agnews_balanced,844,topic,choice,3,3,"[""business"", ""scitech"", ""sports"", ""world""]","[0.11626727482997154, 0.0002887611723073059, 0.1575278568022098, 0.7259161071955113]",
d1-omni,ood_agnews_balanced,848,topic,choice,3,3,"[""business"", ""scitech"", ""sports"", ""world""]","[0.07821988226673739, 0.00023662998274740554, 0.00990577260811962, 0.9116377151423956]",
d1-omni,ood_agnews_balanced,852,topic,choice,3,3,"[""business"", ""scitech"", ""sports"", ""world""]","[0.04440560080501122, 0.35686221094538223, 0.005751265930940852, 0.5929809223186657]",
d1-omni,ood_agnews_balanced,856,topic,choice,2,2,"[""business"", ""scitech"", ""sports"", ""world""]","[0.0003920217505271904, 2.085458989010935e-06, 0.9976062736772165, 0.0019996191132673887]",
d1-omni,ood_agnews_balanced,867,topic,choice,0,0,"[""business"", ""scitech"", ""sports"", ""world""]","[0.9838560812118787, 0.00039656057835477164, 0.0003904125572133117, 0.015356945652553234]",
d1-omni,ood_agnews_balanced,877,topic,choice,0,0,"[""business"", ""scitech"", ""sports"", ""world""]","[0.766174255653284, 0.2188704695258366, 0.0005192002188909315, 0.014436074601988496]",
d1-omni,ood_agnews_balanced,878,topic,choice,2,2,"[""business"", ""scitech"", ""sports"", ""world""]","[0.00020686682405591405, 2.5190263256162144e-06, 0.9989866965692885, 0.0008039175803299046]",
d1-omni,ood_agnews_balanced,880,topic,choice,1,1,"[""business"", ""scitech"", ""sports"", ""world""]","[0.046006427645410276, 0.9146370201060922, 0.0018804591796087668, 0.03747609306888888]",
d1-omni,ood_agnews_balanced,883,topic,choice,0,0,"[""business"", ""scitech"", ""sports"", ""world""]","[0.9807339557505352, 5.572994102236061e-06, 1.743633716424601e-05, 0.019243034918198395]",
d1-omni,ood_agnews_balanced,886,topic,choice,2,2,"[""business"", ""scitech"", ""sports"", ""world""]","[0.0004982736436601146, 7.72149635626715e-07, 0.9962317103576463, 0.0032692438490578763]",
d1-omni,ood_agnews_balanced,900,topic,choice,0,0,"[""business"", ""scitech"", ""sports"", ""world""]","[0.9759455314630867, 7.896374379425916e-07, 2.362383392638262e-05, 0.02403005506554882]",
d1-omni,ood_agnews_balanced,949,topic,choice,2,2,"[""business"", ""scitech"", ""sports"", ""world""]","[0.00011769031000138424, 4.838723436533722e-06, 0.9994209997623118, 0.0004564712042502513]",
d1-omni,ood_agnews_balanced,963,topic,choice,0,0,"[""business"", ""scitech"", ""sports"", ""world""]","[0.8144988041154821, 8.061023225994737e-05, 9.685540956670255e-05, 0.18532373024269128]",
d1-omni,ood_agnews_balanced,964,topic,choice,0,0,"[""business"", ""scitech"", ""sports"", ""world""]","[0.9962331259665426, 0.00029957409713346597, 1.870750068184375e-05, 0.003448592435642161]",
d1-omni,ood_agnews_balanced,965,topic,choice,0,0,"[""business"", ""scitech"", ""sports"", ""world""]","[0.9970256977563844, 2.1132525958146715e-05, 0.00011695047857423625, 0.0028362192390829597]",
d1-omni,ood_agnews_balanced,968,topic,choice,1,1,"[""business"", ""scitech"", ""sports"", ""world""]","[0.11272640043311366, 0.8798422568272567, 0.0002454092660401972, 0.007185933473589442]",
d1-omni,ood_agnews_balanced,970,topic,choice,0,0,"[""business"", ""scitech"", ""sports"", ""world""]","[0.9983550265128601, 3.3551535832021505e-05, 3.2266207881690844e-05, 0.0015791557434264149]",
d1-omni,ood_agnews_balanced,993,topic,choice,3,3,"[""business"", ""scitech"", ""sports"", ""world""]","[0.001287829790806221, 8.27996905857264e-06, 0.00115440324129385, 0.9975494869988414]",
d1-omni,ood_agnews_balanced,999,topic,choice,3,3,"[""business"", ""scitech"", ""sports"", ""world""]","[0.0001627997994230134, 2.683314648449963e-06, 0.00016796761679534702, 0.9996665492691332]",
d1-omni,ood_agnews_balanced,1013,topic,choice,1,1,"[""business"", ""scitech"", ""sports"", ""world""]","[0.00449304640401061, 0.8973139157471633, 8.915390732873777e-05, 0.09810388394149742]",
d1-omni,ood_agnews_balanced,1029,topic,choice,0,0,"[""business"", ""scitech"", ""sports"", ""world""]","[0.9106174181114924, 0.08687877653796372, 1.9913749137710487e-05, 0.002483891601406216]",
d1-omni,ood_agnews_balanced,1044,topic,choice,0,0,"[""business"", ""scitech"", ""sports"", ""world""]","[0.9968418157573228, 7.652281530623726e-06, 2.0882479744768896e-05, 0.0031296494814017973]",
d1-omni,ood_agnews_balanced,1045,topic,choice,1,1,"[""business"", ""scitech"", ""sports"", ""world""]","[0.3349487891412482, 0.6269899868583344, 0.0001423176340554339, 0.03791890636636203]",
d1-omni,ood_agnews_balanced,1052,topic,choice,3,3,"[""business"", ""scitech"", ""sports"", ""world""]","[0.014581354582223122, 9.338382160208462e-05, 0.009904857303010136, 0.9754204042931646]",
d1-omni,ood_agnews_balanced,1055,topic,choice,2,2,"[""business"", ""scitech"", ""sports"", ""world""]","[0.0005593091965398774, 1.1953207416843987e-05, 0.9975227093385121, 0.0019060282575312964]",
d1-omni,ood_agnews_balanced,1060,topic,choice,2,2,"[""business"", ""scitech"", ""sports"", ""world""]","[4.142889187629111e-05, 1.491466087297285e-06, 0.9983134819237613, 0.0016435977182751558]",
d1-omni,ood_agnews_balanced,1066,topic,choice,1,0,"[""business"", ""scitech"", ""sports"", ""world""]","[0.7974906385230113, 0.09665216355172766, 0.00011941270697814079, 0.1057377852182828]",
d1-omni,ood_agnews_balanced,1075,topic,choice,1,0,"[""business"", ""scitech"", ""sports"", ""world""]","[0.5778299879230018, 0.2451469977693906, 0.000606472855271008, 0.17641654145233654]",
d1-omni,ood_agnews_balanced,1080,topic,choice,3,2,"[""business"", ""scitech"", ""sports"", ""world""]","[0.0007843353667746092, 4.1319263532759485e-06, 0.9977660989442898, 0.0014454337625822904]",
d1-omni,ood_agnews_balanced,1082,topic,choice,2,2,"[""business"", ""scitech"", ""sports"", ""world""]","[0.0002673807369468452, 3.8065377023974487e-06, 0.9977742318467777, 0.0019545808785731253]",
d1-omni,ood_agnews_balanced,1085,topic,choice,1,1,"[""business"", ""scitech"", ""sports"", ""world""]","[0.033735960800014494, 0.9617198454186807, 1.156928981850064e-05, 0.004532624491486177]",
d1-omni,ood_agnews_balanced,1095,topic,choice,3,3,"[""business"", ""scitech"", ""sports"", ""world""]","[0.008242238072294435, 0.0009466834932041221, 0.00018787505315910865, 0.9906232033813422]",
d1-omni,ood_agnews_balanced,1099,topic,choice,0,0,"[""business"", ""scitech"", ""sports"", ""world""]","[0.9971147786554795, 9.488888723296154e-06, 0.00023442895691173427, 0.0026413034988854852]",
d1-omni,ood_agnews_balanced,1104,topic,choice,1,1,"[""business"", ""scitech"", ""sports"", ""world""]","[0.4239981431274091, 0.5391336189533006, 0.00417300224812643, 0.03269523567116391]",
d1-omni,ood_agnews_balanced,1108,topic,choice,1,1,"[""business"", ""scitech"", ""sports"", ""world""]","[0.11919926046056618, 0.864578087688796, 0.0026515178592052932, 0.013571133991432493]",
d1-omni,ood_agnews_balanced,1113,topic,choice,2,2,"[""business"", ""scitech"", ""sports"", ""world""]","[8.169931217562997e-05, 7.109916922040534e-07, 0.9996438904077009, 0.00027369928843117144]",
d1-omni,ood_agnews_balanced,1120,topic,choice,2,2,"[""business"", ""scitech"", ""sports"", ""world""]","[9.983169668255244e-05, 1.454948216238302e-06, 0.9969640577757717, 0.002934655579329297]",
d1-omni,ood_agnews_balanced,1135,topic,choice,2,2,"[""business"", ""scitech"", ""sports"", ""world""]","[0.0002539558845262716, 3.87935642101705e-05, 0.9989936213228839, 0.000713629228379672]",
d1-omni,ood_agnews_balanced,1136,topic,choice,3,3,"[""business"", ""scitech"", ""sports"", ""world""]","[0.0009630609063081858, 1.0248670205769324e-05, 0.0010597828608550745, 0.9979669075626311]",
d1-omni,ood_agnews_balanced,1141,topic,choice,2,2,"[""business"", ""scitech"", ""sports"", ""world""]","[0.00041748583186443204, 1.3081669053197074e-06, 0.996090968846366, 0.0034902371548640285]",
d1-omni,ood_agnews_balanced,1144,topic,choice,2,2,"[""business"", ""scitech"", ""sports"", ""world""]","[0.00035970616910946634, 3.2998659792210793e-06, 0.9955678377315521, 0.0040691562333594]",
d1-omni,ood_agnews_balanced,1147,topic,choice,2,2,"[""business"", ""scitech"", ""sports"", ""world""]","[0.0005618922571485364, 1.9189378585774626e-05, 0.9982224029861729, 0.001196515378092837]",
d1-omni,ood_agnews_balanced,1151,topic,choice,0,0,"[""business"", ""scitech"", ""sports"", ""world""]","[0.982225178162545, 4.8216467088618e-05, 0.0021194330436475487, 0.015607172326718806]",
d1-omni,ood_agnews_balanced,1158,topic,choice,2,2,"[""business"", ""scitech"", ""sports"", ""world""]","[0.010616907192359705, 6.713454872071226e-06, 0.9871244479160795, 0.0022519314366886926]",
d1-omni,ood_agnews_balanced,1163,topic,choice,0,0,"[""business"", ""scitech"", ""sports"", ""world""]","[0.9759765287819551, 6.998108905474759e-05, 5.139965450781474e-05, 0.02390209047448244]",
d1-omni,ood_agnews_balanced,1169,topic,choice,2,2,"[""business"", ""scitech"", ""sports"", ""world""]","[0.00019868733681683984, 6.238847435035275e-06, 0.9803238545065275, 0.01947121930922061]",
d1-omni,ood_agnews_balanced,1170,topic,choice,2,2,"[""business"", ""scitech"", ""sports"", ""world""]","[0.00012678082078662175, 2.9415528540495234e-05, 0.9996055538815147, 0.00023824976915826253]",
d1-omni,ood_agnews_balanced,1180,topic,choice,3,3,"[""business"", ""scitech"", ""sports"", ""world""]","[0.0010540917321798491, 1.9495842049523295e-05, 0.0004854344171971732, 0.9984409780085733]",
d1-omni,ood_agnews_balanced,1189,topic,choice,3,3,"[""business"", ""scitech"", ""sports"", ""world""]","[0.0015822645679264976, 2.7167197236565728e-06, 4.5770700704967875e-05, 0.998369248011645]",
d1-omni,ood_agnews_balanced,1195,topic,choice,3,3,"[""business"", ""scitech"", ""sports"", ""world""]","[0.0542705208627942, 0.00010558848723945631, 0.1228091493888055, 0.8228147412611609]",
d1-omni,ood_agnews_balanced,1206,topic,choice,2,2,"[""business"", ""scitech"", ""sports"", ""world""]","[5.184253727212503e-05, 2.434199143718808e-06, 0.9998874351545138, 5.828810907031845e-05]",
d1-omni,ood_agnews_balanced,1210,topic,choice,0,0,"[""business"", ""scitech"", ""sports"", ""world""]","[0.9671718991993172, 0.004162575856632684, 0.00046839831207355463, 0.028197126631976478]",
d1-omni,ood_agnews_balanced,1218,topic,choice,2,2,"[""business"", ""scitech"", ""sports"", ""world""]","[0.0008615764641857046, 0.00010022287658892881, 0.9969683557871354, 0.0020698448720900685]",
d1-omni,ood_agnews_balanced,1224,topic,choice,3,3,"[""business"", ""scitech"", ""sports"", ""world""]","[0.00050922392434605, 2.1639845325058046e-06, 7.994391621095463e-05, 0.9994086681749105]",
d1-omni,ood_agnews_balanced,1237,topic,choice,1,3,"[""business"", ""scitech"", ""sports"", ""world""]","[0.23848712229832958, 0.21965099490711207, 0.016744427145981077, 0.5251174556485771]",
d1-omni,ood_agnews_balanced,1250,topic,choice,2,2,"[""business"", ""scitech"", ""sports"", ""world""]","[0.00043396876047072254, 9.274504794263894e-06, 0.9976990938882226, 0.0018576628465124766]",
d1-omni,ood_agnews_balanced,1256,topic,choice,3,3,"[""business"", ""scitech"", ""sports"", ""world""]","[0.009707938494701888, 7.349738686766724e-06, 0.0005316123606934298, 0.9897530994059178]",
d1-omni,ood_agnews_balanced,1262,topic,choice,1,0,"[""business"", ""scitech"", ""sports"", ""world""]","[0.9597565233256463, 0.014180048958706662, 0.004630639975337371, 0.021432787740309805]",
d1-omni,ood_agnews_balanced,1264,topic,choice,3,3,"[""business"", ""scitech"", ""sports"", ""world""]","[0.07623143797037206, 0.0032479117680544694, 0.00399500017916164, 0.9165256500824118]",
d1-omni,ood_agnews_balanced,1275,topic,choice,0,0,"[""business"", ""scitech"", ""sports"", ""world""]","[0.9236726312936644, 2.019923346178355e-05, 0.0002650354075626341, 0.07604213406531109]",
d1-omni,ood_agnews_balanced,1286,topic,choice,0,0,"[""business"", ""scitech"", ""sports"", ""world""]","[0.9565510686429646, 0.0032983174722742985, 6.686867437376008e-05, 0.040083745210387225]",
d1-omni,ood_agnews_balanced,1306,topic,choice,3,3,"[""business"", ""scitech"", ""sports"", ""world""]","[0.003756455877751047, 3.843816929391609e-06, 0.00043230106731005944, 0.9958073992380095]",
d1-omni,ood_agnews_balanced,1310,topic,choice,0,0,"[""business"", ""scitech"", ""sports"", ""world""]","[0.8464204240255631, 0.12146302142724956, 0.0003070150137589187, 0.031809539533428514]",
d1-omni,ood_agnews_balanced,1326,topic,choice,1,0,"[""business"", ""scitech"", ""sports"", ""world""]","[0.5846700266767293, 0.41056407290337765, 5.0965419266993245e-05, 0.004714935000626141]",
d1-omni,ood_agnews_balanced,1327,topic,choice,2,2,"[""business"", ""scitech"", ""sports"", ""world""]","[0.0037439388223822695, 8.588347962414843e-05, 0.9852464285308521, 0.010923749167141459]",
d1-omni,ood_agnews_balanced,1352,topic,choice,3,3,"[""business"", ""scitech"", ""sports"", ""world""]","[0.0009780734200000355, 2.448559739620914e-05, 0.0011867151102277571, 0.997810725872376]",
d1-omni,ood_agnews_balanced,1366,topic,choice,0,0,"[""business"", ""scitech"", ""sports"", ""world""]","[0.9974445457025458, 1.7151742047670833e-06, 9.05735751837258e-06, 0.0025446817657309873]",
d1-omni,ood_agnews_balanced,1370,topic,choice,1,1,"[""business"", ""scitech"", ""sports"", ""world""]","[0.05608742106340672, 0.9284547355541873, 0.00012486276564257034, 0.015332980616763366]",
d1-omni,ood_agnews_balanced,1378,topic,choice,1,1,"[""business"", ""scitech"", ""sports"", ""world""]","[0.08150906660464335, 0.9032116678031639, 0.002332575381337416, 0.012946690210855418]",
d1-omni,ood_agnews_balanced,1379,topic,choice,3,3,"[""business"", ""scitech"", ""sports"", ""world""]","[0.07480235660983231, 0.0007492623045229428, 0.023786003148135802, 0.9006623779375089]",
d1-omni,ood_agnews_balanced,1384,topic,choice,2,2,"[""business"", ""scitech"", ""sports"", ""world""]","[6.569058664498053e-05, 5.267300632412426e-06, 0.9905829008405602, 0.009346141272162599]",
d1-omni,ood_agnews_balanced,1388,topic,choice,0,0,"[""business"", ""scitech"", ""sports"", ""world""]","[0.961266356442273, 0.0001024651659895811, 3.45907038729216e-05, 0.0385965876878645]",
d1-omni,ood_agnews_balanced,1389,topic,choice,2,2,"[""business"", ""scitech"", ""sports"", ""world""]","[0.00023727153073431156, 7.494177704467982e-06, 0.9993976536005587, 0.0003575806910026835]",
d1-omni,ood_agnews_balanced,1393,topic,choice,2,2,"[""business"", ""scitech"", ""sports"", ""world""]","[0.0011382967923316482, 1.105102761120533e-05, 0.9971716416564985, 0.0016790105235585436]",
d1-omni,ood_agnews_balanced,1396,topic,choice,0,0,"[""business"", ""scitech"", ""sports"", ""world""]","[0.9754620866865161, 1.0852732473544558e-05, 0.00013067308277563198, 0.024396387498234508]",
d1-omni,ood_agnews_balanced,1397,topic,choice,2,0,"[""business"", ""scitech"", ""sports"", ""world""]","[0.6466304036267229, 0.0010803053966168916, 0.3315591342758894, 0.020730156700770674]",
d1-omni,ood_agnews_balanced,1401,topic,choice,1,1,"[""business"", ""scitech"", ""sports"", ""world""]","[0.06121847001955318, 0.9227327057364514, 0.0072122218598807035, 0.008836602384114578]",
d1-omni,ood_agnews_balanced,1406,topic,choice,2,2,"[""business"", ""scitech"", ""sports"", ""world""]","[0.0017784299017390667, 1.7181586166910414e-05, 0.9970816502537838, 0.0011227382583103912]",
d1-omni,ood_agnews_balanced,1407,topic,choice,2,2,"[""business"", ""scitech"", ""sports"", ""world""]","[0.0131688772296582, 1.3054175197103133e-05, 0.9841918329933872, 0.002626235601757581]",
d1-omni,ood_agnews_balanced,1419,topic,choice,0,0,"[""business"", ""scitech"", ""sports"", ""world""]","[0.9787773314327705, 0.001557286982640713, 0.0011151190845639378, 0.01855026250002495]",
d1-omni,ood_agnews_balanced,1431,topic,choice,0,0,"[""business"", ""scitech"", ""sports"", ""world""]","[0.9948166870571116, 7.622972028276998e-05, 3.253085810122902e-05, 0.005074552364504248]",
d1-omni,ood_agnews_balanced,1439,topic,choice,1,1,"[""business"", ""scitech"", ""sports"", ""world""]","[0.086221194450543, 0.9037253616582491, 0.0001115285801851005, 0.009941915311022738]",
d1-omni,ood_agnews_balanced,1446,topic,choice,1,1,"[""business"", ""scitech"", ""sports"", ""world""]","[0.0543570373490758, 0.9361401361720713, 6.621326067158628e-05, 0.009436613218181246]",
d1-omni,ood_agnews_balanced,1452,topic,choice,1,3,"[""business"", ""scitech"", ""sports"", ""world""]","[0.02121437136205878, 0.1929993050934998, 0.0012991497587005964, 0.7844871737857408]",
d1-omni,ood_agnews_balanced,1457,topic,choice,1,0,"[""business"", ""scitech"", ""sports"", ""world""]","[0.8821078499322832, 0.1108408813333622, 0.00014309478534983708, 0.006908173949004892]",
d1-omni,ood_agnews_balanced,1496,topic,choice,2,2,"[""business"", ""scitech"", ""sports"", ""world""]","[0.0005975836405155141, 8.18152426512432e-06, 0.9973084633650287, 0.0020857714701908573]",
d1-omni,ood_agnews_balanced,1502,topic,choice,2,2,"[""business"", ""scitech"", ""sports"", ""world""]","[2.5309320564666623e-05, 9.699147888045404e-07, 0.9976954495978376, 0.0022782711668087267]",
d1-omni,ood_agnews_balanced,1511,topic,choice,0,0,"[""business"", ""scitech"", ""sports"", ""world""]","[0.9865408696118262, 0.00014373566495126032, 5.695117547829589e-05, 0.013258443547744319]",
d1-omni,ood_agnews_balanced,1514,topic,choice,0,0,"[""business"", ""scitech"", ""sports"", ""world""]","[0.9742690217070906, 0.0009969265408182847, 0.0018661457441433793, 0.02286790600794765]",
d1-omni,ood_agnews_balanced,1519,topic,choice,3,3,"[""business"", ""scitech"", ""sports"", ""world""]","[0.00028947438126144983, 9.144372213783024e-05, 0.0005779416236266788, 0.999041140272974]",
d1-omni,ood_agnews_balanced,1526,topic,choice,1,3,"[""business"", ""scitech"", ""sports"", ""world""]","[0.12819776001608726, 0.3975854493675361, 0.060793326083252115, 0.41342346453312456]",
d1-omni,ood_agnews_balanced,1534,topic,choice,1,1,"[""business"", ""scitech"", ""sports"", ""world""]","[0.34821595829258667, 0.6075674818292, 0.0003974970278962631, 0.043819062850317086]",
d1-omni,ood_agnews_balanced,1543,topic,choice,3,3,"[""business"", ""scitech"", ""sports"", ""world""]","[0.02818316123751629, 0.0006788535700588803, 0.00018777604336314563, 0.9709502091490617]",
d1-omni,ood_agnews_balanced,1544,topic,choice,3,3,"[""business"", ""scitech"", ""sports"", ""world""]","[0.0011354177425813468, 1.8138512818162624e-05, 0.00030321552700375, 0.9985432282175967]",
d1-omni,ood_agnews_balanced,1550,topic,choice,1,1,"[""business"", ""scitech"", ""sports"", ""world""]","[0.2296503125794916, 0.7559414751991349, 0.00021354443886908395, 0.01419466778250446]",
d1-omni,ood_agnews_balanced,1556,topic,choice,0,0,"[""business"", ""scitech"", ""sports"", ""world""]","[0.9929407720539519, 3.2528140515990503e-06, 2.394151230766773e-05, 0.0070320336196888055]",
d1-omni,ood_agnews_balanced,1575,topic,choice,0,0,"[""business"", ""scitech"", ""sports"", ""world""]","[0.9932327836864132, 0.00036026707043470066, 9.546130294134576e-05, 0.006311487940210789]",
d1-omni,ood_agnews_balanced,1578,topic,choice,3,3,"[""business"", ""scitech"", ""sports"", ""world""]","[0.0509795088112564, 1.1270487706309281e-05, 0.0010841953695135847, 0.9479250253315238]",
d1-omni,ood_agnews_balanced,1579,topic,choice,1,1,"[""business"", ""scitech"", ""sports"", ""world""]","[0.04319659440236366, 0.9408807738064051, 2.3728613026227803e-05, 0.015898903178204915]",
d1-omni,ood_agnews_balanced,1602,topic,choice,0,0,"[""business"", ""scitech"", ""sports"", ""world""]","[0.97215758279149, 0.00014872769160947824, 0.00018293813013309386, 0.027510751386767618]",
d1-omni,ood_agnews_balanced,1621,topic,choice,1,1,"[""business"", ""scitech"", ""sports"", ""world""]","[0.15766905760339917, 0.8342337427407958, 0.00045159487635331987, 0.007645604779451659]",
d1-omni,ood_agnews_balanced,1642,topic,choice,1,1,"[""business"", ""scitech"", ""sports"", ""world""]","[0.06278889396422933, 0.8174454515758698, 0.0010198555413959164, 0.11874579891850488]",
d1-omni,ood_agnews_balanced,1646,topic,choice,2,2,"[""business"", ""scitech"", ""sports"", ""world""]","[0.0009685673282211116, 2.277852280828872e-05, 0.9978091249669655, 0.0011995291820051793]",
d1-omni,ood_agnews_balanced,1653,topic,choice,1,1,"[""business"", ""scitech"", ""sports"", ""world""]","[0.46093054762626595, 0.5223026374151406, 7.550555925059226e-05, 0.01669130939934285]",
d1-omni,ood_agnews_balanced,1689,topic,choice,1,0,"[""business"", ""scitech"", ""sports"", ""world""]","[0.7742356160393785, 0.21753179435322256, 1.3446165205489013e-05, 0.008219143442193218]",
d1-omni,ood_agnews_balanced,1692,topic,choice,0,0,"[""business"", ""scitech"", ""sports"", ""world""]","[0.99869269911666, 8.755413052137219e-06, 1.9273561067653255e-05, 0.001279271909220272]",
d1-omni,ood_agnews_balanced,1694,topic,choice,0,0,"[""business"", ""scitech"", ""sports"", ""world""]","[0.9991590671457339, 3.7380916868814047e-06, 2.5247634676349152e-05, 0.0008119471279029149]",
d1-omni,ood_agnews_balanced,1702,topic,choice,1,3,"[""business"", ""scitech"", ""sports"", ""world""]","[0.33305795100817753, 0.047911320379746464, 0.10516018317000667, 0.5138705454420693]",
d1-omni,ood_agnews_balanced,1703,topic,choice,1,1,"[""business"", ""scitech"", ""sports"", ""world""]","[0.18929407784028085, 0.6385002273810868, 1.969094467279696e-05, 0.1721860038339597]",
d1-omni,ood_agnews_balanced,1708,topic,choice,0,0,"[""business"", ""scitech"", ""sports"", ""world""]","[0.9619510496784625, 0.0016260453743804713, 0.0003685335210057909, 0.03605437142615124]",
d1-omni,ood_agnews_balanced,1715,topic,choice,2,2,"[""business"", ""scitech"", ""sports"", ""world""]","[0.0019993267665802724, 9.251065963611032e-05, 0.9969738385447062, 0.0009343240290774978]",
d1-omni,ood_agnews_balanced,1721,topic,choice,1,1,"[""business"", ""scitech"", ""sports"", ""world""]","[0.07985605925233605, 0.9183776382028408, 1.064543104166972e-05, 0.0017556571137814676]",
d1-omni,ood_agnews_balanced,1724,topic,choice,1,1,"[""business"", ""scitech"", ""sports"", ""world""]","[0.02161563540895593, 0.9762509493555034, 1.656181867506521e-05, 0.002116853416865534]",
d1-omni,ood_agnews_balanced,1728,topic,choice,1,1,"[""business"", ""scitech"", ""sports"", ""world""]","[0.056969568438764634, 0.9280122362701856, 0.0002652424307278105, 0.014752952860321989]",
d1-omni,ood_agnews_balanced,1729,topic,choice,3,3,"[""business"", ""scitech"", ""sports"", ""world""]","[0.006929983732814686, 1.0418807505455429e-05, 8.895618938741915e-05, 0.9929706412702924]",
d1-omni,ood_agnews_balanced,1734,topic,choice,2,2,"[""business"", ""scitech"", ""sports"", ""world""]","[7.827006477778603e-05, 4.520411981134878e-06, 0.9977820054034686, 0.0021352041197726626]",
d1-omni,ood_agnews_balanced,1756,topic,choice,3,3,"[""business"", ""scitech"", ""sports"", ""world""]","[0.024433436161964996, 2.2313076027004416e-05, 3.0379466938722898e-05, 0.9755138712950694]",
d1-omni,ood_agnews_balanced,1766,topic,choice,0,0,"[""business"", ""scitech"", ""sports"", ""world""]","[0.9962185089819602, 1.6509061867109462e-05, 4.3495597630625044e-05, 0.003721486358542199]",
d1-omni,ood_agnews_balanced,1786,topic,choice,2,2,"[""business"", ""scitech"", ""sports"", ""world""]","[0.001120551282866968, 6.83336448355983e-07, 0.9951394632591203, 0.0037393021215644893]",
d1-omni,ood_agnews_balanced,1790,topic,choice,0,0,"[""business"", ""scitech"", ""sports"", ""world""]","[0.6721581985205894, 0.2965258174552917, 7.192840371814861e-05, 0.031244055620400654]",
d1-omni,ood_agnews_balanced,1804,topic,choice,0,0,"[""business"", ""scitech"", ""sports"", ""world""]","[0.9882139535009503, 1.4969247755214709e-05, 0.00038909010952210593, 0.011381987141772265]",
d1-omni,ood_agnews_balanced,1805,topic,choice,2,2,"[""business"", ""scitech"", ""sports"", ""world""]","[7.281138663068571e-05, 1.4703917312782005e-06, 0.9997053512168854, 0.00022036700475253212]",
d1-omni,ood_agnews_balanced,1833,topic,choice,1,1,"[""business"", ""scitech"", ""sports"", ""world""]","[0.04332257549169066, 0.9538155030680295, 1.840748648701599e-05, 0.002843513953792878]",
d1-omni,ood_agnews_balanced,1849,topic,choice,2,2,"[""business"", ""scitech"", ""sports"", ""world""]","[0.00048475004986284345, 4.386607549097997e-06, 0.9989826126731072, 0.0005282506694808836]",
d1-omni,ood_agnews_balanced,1871,topic,choice,2,2,"[""business"", ""scitech"", ""sports"", ""world""]","[0.002522646798608103, 2.252561329318416e-06, 0.9965627956983134, 0.000912304941749303]",
d1-omni,ood_agnews_balanced,1883,topic,choice,1,0,"[""business"", ""scitech"", ""sports"", ""world""]","[0.988127696964642, 0.006896184716493761, 0.00018057490107147766, 0.004795543417792723]",
d1-omni,ood_agnews_balanced,1908,topic,choice,2,2,"[""business"", ""scitech"", ""sports"", ""world""]","[0.0007225320618416672, 4.22972523845198e-06, 0.9977225809800889, 0.0015506572328309947]",
d1-omni,ood_agnews_balanced,1909,topic,choice,3,3,"[""business"", ""scitech"", ""sports"", ""world""]","[0.03940579031393607, 0.007881652814751925, 0.01004148734332244, 0.9426710695279896]",
d1-omni,ood_agnews_balanced,1910,topic,choice,2,2,"[""business"", ""scitech"", ""sports"", ""world""]","[0.00040327339153594716, 4.741034936690263e-06, 0.9985581602779149, 0.0010338252956125706]",
d1-omni,ood_agnews_balanced,1919,topic,choice,1,3,"[""business"", ""scitech"", ""sports"", ""world""]","[0.05452904310305741, 0.018069782245690894, 0.006912308376475788, 0.9204888662747759]",
d1-omni,ood_agnews_balanced,1925,topic,choice,3,3,"[""business"", ""scitech"", ""sports"", ""world""]","[0.008052274031371069, 0.00017496877282748214, 6.263129497746444e-05, 0.9917101259008241]",
d1-omni,ood_agnews_balanced,1927,topic,choice,0,0,"[""business"", ""scitech"", ""sports"", ""world""]","[0.9670313606487584, 0.003752692794247376, 4.974880912632724e-05, 0.029166197747868015]",
d1-omni,ood_agnews_balanced,1933,topic,choice,3,3,"[""business"", ""scitech"", ""sports"", ""world""]","[0.0033233972979054226, 6.02695812922587e-06, 0.00030671852615388553, 0.9963638572178115]",
d1-omni,ood_agnews_balanced,1956,topic,choice,1,2,"[""business"", ""scitech"", ""sports"", ""world""]","[0.02741512449866582, 0.01103083615269665, 0.9502726383922412, 0.01128140095639651]",
d1-omni,ood_agnews_balanced,1957,topic,choice,2,2,"[""business"", ""scitech"", ""sports"", ""world""]","[2.6876557250284885e-05, 3.7528044939596684e-06, 0.9991808488871751, 0.0007885217510808688]",
d1-omni,ood_agnews_balanced,1960,topic,choice,2,2,"[""business"", ""scitech"", ""sports"", ""world""]","[0.0003049577712978775, 8.465856694289586e-07, 0.998414030928677, 0.0012801647143558732]",
d1-omni,ood_agnews_balanced,1961,topic,choice,0,1,"[""business"", ""scitech"", ""sports"", ""world""]","[0.18132992961212416, 0.6985111340920699, 0.0028546558293977707, 0.117304280466408]",
d1-omni,ood_agnews_balanced,1974,topic,choice,0,0,"[""business"", ""scitech"", ""sports"", ""world""]","[0.6362463572033332, 0.16662442339944916, 0.08678191958531381, 0.11034729981190383]",
d1-omni,ood_agnews_balanced,1977,topic,choice,3,3,"[""business"", ""scitech"", ""sports"", ""world""]","[0.00022952225752610812, 7.263591246003935e-06, 0.00036821091217809483, 0.9993950032390497]",
d1-omni,ood_agnews_balanced,1994,topic,choice,3,3,"[""business"", ""scitech"", ""sports"", ""world""]","[0.0007019144824877122, 5.627354992915609e-06, 0.0012247001856941933, 0.9980677579768252]",
d1-omni,ood_agnews_balanced,1999,topic,choice,2,2,"[""business"", ""scitech"", ""sports"", ""world""]","[0.0021225144352585283, 2.093067564107657e-05, 0.993305785546288, 0.0045507693428122374]",
d1-omni,ood_agnews_balanced,2015,topic,choice,3,3,"[""business"", ""scitech"", ""sports"", ""world""]","[0.17136711804696902, 0.00020016104062621807, 0.3190683748842518, 0.509364346028153]",
d1-omni,ood_agnews_balanced,2031,topic,choice,2,2,"[""business"", ""scitech"", ""sports"", ""world""]","[0.00015374896944537537, 3.6087737795513684e-06, 0.9991077128538838, 0.0007349294028912601]",
d1-omni,ood_agnews_balanced,2034,topic,choice,1,1,"[""business"", ""scitech"", ""sports"", ""world""]","[0.00891378261644865, 0.8214211946394616, 0.0001551779407960073, 0.1695098448032936]",
d1-omni,ood_agnews_balanced,2049,topic,choice,0,0,"[""business"", ""scitech"", ""sports"", ""world""]","[0.9253292285093362, 0.00016550453424258923, 1.871474367879404e-05, 0.07448655221274235]",
d1-omni,ood_agnews_balanced,2059,topic,choice,3,3,"[""business"", ""scitech"", ""sports"", ""world""]","[0.001722041202524699, 3.848182729168087e-07, 0.00021553880935915054, 0.9980620351698432]",
d1-omni,ood_agnews_balanced,2061,topic,choice,1,1,"[""business"", ""scitech"", ""sports"", ""world""]","[0.07062789139605107, 0.8521660480165499, 0.00038094162146554795, 0.07682511896593353]",
d1-omni,ood_agnews_balanced,2066,topic,choice,2,2,"[""business"", ""scitech"", ""sports"", ""world""]","[2.9195028954004207e-05, 1.2877599501159306e-06, 0.9998939388471119, 7.557836398400807e-05]",
d1-omni,ood_agnews_balanced,2073,topic,choice,3,3,"[""business"", ""scitech"", ""sports"", ""world""]","[0.0031973901721154717, 1.1066526583250334e-06, 2.9677906843708362e-05, 0.9967718252683825]",
d1-omni,ood_agnews_balanced,2074,topic,choice,3,3,"[""business"", ""scitech"", ""sports"", ""world""]","[0.022887609099264055, 6.157363741144096e-06, 0.003900344708898523, 0.9732058888280963]",
d1-omni,ood_agnews_balanced,2077,topic,choice,2,2,"[""business"", ""scitech"", ""sports"", ""world""]","[4.450767969059063e-05, 2.5704959976202517e-06, 0.9996824009077152, 0.00027052091659669867]",
d1-omni,ood_agnews_balanced,2079,topic,choice,2,2,"[""business"", ""scitech"", ""sports"", ""world""]","[4.1740063357897023e-05, 2.896468156485704e-06, 0.9979835957868696, 0.0019717676816161703]",
d1-omni,ood_agnews_balanced,2088,topic,choice,3,3,"[""business"", ""scitech"", ""sports"", ""world""]","[0.10899375960369377, 0.0016909233652706668, 0.02655401853285123, 0.8627612984981844]",
d1-omni,ood_agnews_balanced,2098,topic,choice,0,0,"[""business"", ""scitech"", ""sports"", ""world""]","[0.8630863639512151, 7.421321433511943e-05, 1.2353913844932573e-05, 0.136827068920605]",
d1-omni,ood_agnews_balanced,2100,topic,choice,1,0,"[""business"", ""scitech"", ""sports"", ""world""]","[0.568297144039189, 0.03874871992427725, 0.02061952256540518, 0.37233461347112856]",
d1-omni,ood_agnews_balanced,2102,topic,choice,1,1,"[""business"", ""scitech"", ""sports"", ""world""]","[0.2331881718359601, 0.5754578234276866, 9.975982839245286e-05, 0.1912542449079609]",
d1-omni,ood_agnews_balanced,2117,topic,choice,0,0,"[""business"", ""scitech"", ""sports"", ""world""]","[0.8790398645105318, 4.601029604084325e-07, 3.071399056997279e-06, 0.12095660398745085]",
d1-omni,ood_agnews_balanced,2121,topic,choice,0,0,"[""business"", ""scitech"", ""sports"", ""world""]","[0.8481655045547626, 3.5192710333879785e-06, 5.9990801329261606e-05, 0.15177098537287476]",
d1-omni,ood_agnews_balanced,2133,topic,choice,1,1,"[""business"", ""scitech"", ""sports"", ""world""]","[0.03627128009211766, 0.9443979222286482, 3.431720856527511e-05, 0.01929648047066893]",
d1-omni,ood_agnews_balanced,2143,topic,choice,1,1,"[""business"", ""scitech"", ""sports"", ""world""]","[0.020037862262801565, 0.971151762053536, 0.00027595079557594693, 0.008534424888086515]",
d1-omni,ood_agnews_balanced,2144,topic,choice,2,2,"[""business"", ""scitech"", ""sports"", ""world""]","[5.316616262970663e-06, 1.5172968349611863e-06, 0.9998573812651712, 0.00013578482173082213]",
d1-omni,ood_agnews_balanced,2145,topic,choice,1,1,"[""business"", ""scitech"", ""sports"", ""world""]","[0.33396190569720907, 0.6484603931299697, 0.0003977691760085815, 0.017179931996812534]",
d1-omni,ood_agnews_balanced,2147,topic,choice,2,2,"[""business"", ""scitech"", ""sports"", ""world""]","[2.6375529877745655e-05, 2.763306353781976e-07, 0.9998946052976553, 7.874284183175032e-05]",
d1-omni,ood_agnews_balanced,2148,topic,choice,0,0,"[""business"", ""scitech"", ""sports"", ""world""]","[0.6752142611260501, 2.6529421394427256e-05, 0.0001544659255109864, 0.3246047435270445]",
d1-omni,ood_agnews_balanced,2150,topic,choice,3,3,"[""business"", ""scitech"", ""sports"", ""world""]","[0.036224277350897574, 3.829938213603669e-05, 0.002195712734757684, 0.9615417105322087]",
d1-omni,ood_agnews_balanced,2156,topic,choice,0,0,"[""business"", ""scitech"", ""sports"", ""world""]","[0.991003819492866, 1.0295596387216587e-06, 4.9220865037754785e-05, 0.008945930082457677]",
d1-omni,ood_agnews_balanced,2158,topic,choice,3,3,"[""business"", ""scitech"", ""sports"", ""world""]","[0.0007105375272428419, 0.0001415624731291378, 0.0005890563546331184, 0.998558843644995]",
d1-omni,ood_agnews_balanced,2164,topic,choice,3,3,"[""business"", ""scitech"", ""sports"", ""world""]","[0.0017605377810760749, 2.8904554632986727e-05, 0.000500477266525379, 0.9977100803977655]",
d1-omni,ood_agnews_balanced,2171,topic,choice,2,2,"[""business"", ""scitech"", ""sports"", ""world""]","[0.00015842447365933961, 6.55076615235913e-07, 0.9997672461983883, 7.367425133692501e-05]",
d1-omni,ood_agnews_balanced,2175,topic,choice,0,0,"[""business"", ""scitech"", ""sports"", ""world""]","[0.9612316384856844, 1.0905339031492696e-05, 3.9579658761756884e-05, 0.03871787651652237]",
d1-omni,ood_agnews_balanced,2205,topic,choice,3,0,"[""business"", ""scitech"", ""sports"", ""world""]","[0.9817370556739466, 3.918023929844174e-05, 0.00018986214503939722, 0.018033901941715506]",
d1-omni,ood_agnews_balanced,2218,topic,choice,3,3,"[""business"", ""scitech"", ""sports"", ""world""]","[0.039694290307338356, 0.00015692371249330825, 0.0003207314147781048, 0.9598280545653903]",
d1-omni,ood_agnews_balanced,2235,topic,choice,2,2,"[""business"", ""scitech"", ""sports"", ""world""]","[0.0002877400060346375, 3.1403373918917694e-07, 0.9988906484110078, 0.0008212975492181908]",
d1-omni,ood_agnews_balanced,2267,topic,choice,2,2,"[""business"", ""scitech"", ""sports"", ""world""]","[0.000859686388710509, 0.00011771742596430742, 0.9803157326640524, 0.0187068635212728]",
d1-omni,ood_agnews_balanced,2269,topic,choice,1,1,"[""business"", ""scitech"", ""sports"", ""world""]","[0.016239960434751885, 0.9793019127088042, 7.972474364411643e-05, 0.004378402112799842]",
d1-omni,ood_agnews_balanced,2280,topic,choice,3,3,"[""business"", ""scitech"", ""sports"", ""world""]","[0.0029392731800017774, 4.824990064378643e-06, 0.0004714623371412306, 0.9965844394927926]",
d1-omni,ood_agnews_balanced,2302,topic,choice,2,2,"[""business"", ""scitech"", ""sports"", ""world""]","[0.00038303008539890927, 7.014387176356763e-07, 0.9939490776732117, 0.0056671908026716105]",
d1-omni,ood_agnews_balanced,2336,topic,choice,1,0,"[""business"", ""scitech"", ""sports"", ""world""]","[0.7762123455140622, 0.005076596961623303, 0.0054677093325120945, 0.2132433481918025]",
d1-omni,ood_agnews_balanced,2373,topic,choice,0,0,"[""business"", ""scitech"", ""sports"", ""world""]","[0.973059785499977, 2.5970244707215056e-05, 2.8971903454348708e-05, 0.02688527235186132]",
d1-omni,ood_agnews_balanced,2374,topic,choice,1,1,"[""business"", ""scitech"", ""sports"", ""world""]","[0.25405887062453786, 0.424742023115234, 0.000352051663774457, 0.32084705459645363]",
d1-omni,ood_agnews_balanced,2375,topic,choice,2,2,"[""business"", ""scitech"", ""sports"", ""world""]","[6.731745244550326e-05, 5.569091723198091e-06, 0.999377602625536, 0.0005495108302953372]",
d1-omni,ood_agnews_balanced,2387,topic,choice,1,1,"[""business"", ""scitech"", ""sports"", ""world""]","[0.0003001511266967299, 0.9865235775244356, 2.123920378343339e-05, 0.013155032145084131]",
d1-omni,ood_agnews_balanced,2393,topic,choice,2,2,"[""business"", ""scitech"", ""sports"", ""world""]","[0.0005693638757556014, 9.952202845335973e-05, 0.9958146400657258, 0.0035164740300652345]",
d1-omni,ood_agnews_balanced,2408,topic,choice,1,1,"[""business"", ""scitech"", ""sports"", ""world""]","[0.007494332077064993, 0.9873315675582027, 3.337611253006924e-05, 0.00514072425220203]",
d1-omni,ood_agnews_balanced,2414,topic,choice,1,1,"[""business"", ""scitech"", ""sports"", ""world""]","[0.00014156653889483482, 0.9869540589244534, 1.70403231128354e-05, 0.01288733421353887]",
d1-omni,ood_agnews_balanced,2417,topic,choice,1,1,"[""business"", ""scitech"", ""sports"", ""world""]","[0.02993684252486453, 0.8965051181406811, 0.0006479654678690058, 0.07291007386658536]",
d1-omni,ood_agnews_balanced,2424,topic,choice,0,0,"[""business"", ""scitech"", ""sports"", ""world""]","[0.9879575335139785, 0.0010129098537209145, 1.676041703550146e-05, 0.0110127962152648]",
d1-omni,ood_agnews_balanced,2425,topic,choice,0,0,"[""business"", ""scitech"", ""sports"", ""world""]","[0.9766772934611282, 7.282113082028287e-05, 2.6894224707384753e-05, 0.02322299118334426]",
d1-omni,ood_agnews_balanced,2426,topic,choice,3,3,"[""business"", ""scitech"", ""sports"", ""world""]","[0.0001390035176253782, 1.1932576999143958e-06, 1.2098630922706109e-05, 0.999847704593752]",
d1-omni,ood_agnews_balanced,2430,topic,choice,0,0,"[""business"", ""scitech"", ""sports"", ""world""]","[0.9876590639639297, 0.00012308296684812023, 0.00044671531518783144, 0.011771137754034319]",
d1-omni,ood_agnews_balanced,2431,topic,choice,0,0,"[""business"", ""scitech"", ""sports"", ""world""]","[0.991853607093864, 0.0010228804742700025, 7.856856837224452e-05, 0.0070449438634937155]",
d1-omni,ood_agnews_balanced,2433,topic,choice,2,2,"[""business"", ""scitech"", ""sports"", ""world""]","[0.0007058363361539757, 3.668440408679735e-05, 0.9977806327874688, 0.0014768464722904847]",
d1-omni,ood_agnews_balanced,2440,topic,choice,0,0,"[""business"", ""scitech"", ""sports"", ""world""]","[0.9988108850915793, 2.950717907032037e-05, 1.721138490267115e-05, 0.001142396344447789]",
d1-omni,ood_agnews_balanced,2450,topic,choice,0,0,"[""business"", ""scitech"", ""sports"", ""world""]","[0.9822938538277842, 0.0022784257986603646, 0.0004832135546957302, 0.01494450681885977]",
d1-omni,ood_agnews_balanced,2451,topic,choice,0,0,"[""business"", ""scitech"", ""sports"", ""world""]","[0.7624857090348974, 0.16812066762131037, 0.0010550373954282977, 0.06833858594836412]",
d1-omni,ood_agnews_balanced,2452,topic,choice,1,1,"[""business"", ""scitech"", ""sports"", ""world""]","[0.27417308921063516, 0.5708680368998941, 0.1270595185543893, 0.02789935533508157]",
d1-omni,ood_agnews_balanced,2465,topic,choice,2,2,"[""business"", ""scitech"", ""sports"", ""world""]","[0.00019286933436051134, 4.837830424738901e-06, 0.9992365247237356, 0.0005657681114792082]",
d1-omni,ood_agnews_balanced,2467,topic,choice,2,2,"[""business"", ""scitech"", ""sports"", ""world""]","[0.00017932032264610255, 1.04974794744219e-06, 0.998663937080874, 0.0011556928485324052]",
d1-omni,ood_agnews_balanced,2469,topic,choice,0,0,"[""business"", ""scitech"", ""sports"", ""world""]","[0.9814088021808515, 3.901444207198533e-05, 5.1685748870509784e-05, 0.018500497628205978]",
d1-omni,ood_agnews_balanced,2470,topic,choice,0,0,"[""business"", ""scitech"", ""sports"", ""world""]","[0.994521063740857, 1.2858552575930982e-06, 2.0430892180343844e-05, 0.005457219511704869]",
d1-omni,ood_agnews_balanced,2472,topic,choice,2,2,"[""business"", ""scitech"", ""sports"", ""world""]","[6.325604947540615e-05, 3.358499998929091e-07, 0.9996490117337028, 0.0002873963668218356]",
d1-omni,ood_agnews_balanced,2494,topic,choice,2,2,"[""business"", ""scitech"", ""sports"", ""world""]","[9.327984197848169e-05, 5.418946505437955e-06, 0.9993900936839964, 0.0005112075275195675]",
d1-omni,ood_agnews_balanced,2520,topic,choice,1,1,"[""business"", ""scitech"", ""sports"", ""world""]","[0.016788508903921466, 0.9800357694894684, 0.00012576393271942303, 0.003049957673890877]",
d1-omni,ood_agnews_balanced,2530,topic,choice,2,2,"[""business"", ""scitech"", ""sports"", ""world""]","[0.0007676866091997049, 1.1320158649774475e-05, 0.9977951447045456, 0.001425848527604918]",
d1-omni,ood_agnews_balanced,2531,topic,choice,3,3,"[""business"", ""scitech"", ""sports"", ""world""]","[0.008211748904320035, 4.34162948414652e-07, 0.00289953509652853, 0.9888882818362029]",
d1-omni,ood_agnews_balanced,2550,topic,choice,0,0,"[""business"", ""scitech"", ""sports"", ""world""]","[0.9652338791530051, 1.0717978676636559e-05, 0.0001587349042262733, 0.034596667964092165]",
d1-omni,ood_agnews_balanced,2563,topic,choice,3,3,"[""business"", ""scitech"", ""sports"", ""world""]","[0.0007462161744618919, 0.0002772116075238987, 0.0002524041103701814, 0.998724168107644]",
d1-omni,ood_agnews_balanced,2572,topic,choice,3,3,"[""business"", ""scitech"", ""sports"", ""world""]","[0.0063122256285594305, 9.56590460195088e-05, 0.006046741207157288, 0.9875453741182637]",
d1-omni,ood_agnews_balanced,2576,topic,choice,1,0,"[""business"", ""scitech"", ""sports"", ""world""]","[0.6677701833965065, 8.281283543574885e-05, 0.02612083043624705, 0.30602617333181065]",
d1-omni,ood_agnews_balanced,2581,topic,choice,0,3,"[""business"", ""scitech"", ""sports"", ""world""]","[0.379737817366547, 5.5110786124970614e-05, 0.0002096173110936183, 0.6199974545362344]",
d1-omni,ood_agnews_balanced,2587,topic,choice,3,3,"[""business"", ""scitech"", ""sports"", ""world""]","[0.0017714196992612815, 5.266291091818882e-05, 0.07876421839281891, 0.9194116989970016]",
d1-omni,ood_agnews_balanced,2590,topic,choice,0,0,"[""business"", ""scitech"", ""sports"", ""world""]","[0.8582947201005166, 0.13753701450543107, 4.330084546375429e-05, 0.004124964548588721]",
d1-omni,ood_agnews_balanced,2597,topic,choice,0,0,"[""business"", ""scitech"", ""sports"", ""world""]","[0.9961976606854566, 1.785017617000937e-05, 0.00017405266233177434, 0.0036104364760416135]",
d1-omni,ood_agnews_balanced,2599,topic,choice,0,0,"[""business"", ""scitech"", ""sports"", ""world""]","[0.995926957756235, 0.0003295598565726506, 0.00042316300262760847, 0.0033203193845646978]",
d1-omni,ood_agnews_balanced,2600,topic,choice,0,0,"[""business"", ""scitech"", ""sports"", ""world""]","[0.9956628927275464, 5.377688430910481e-06, 2.5555477417920693e-05, 0.004306174106604839]",
d1-omni,ood_agnews_balanced,2603,topic,choice,3,3,"[""business"", ""scitech"", ""sports"", ""world""]","[0.006057335746023681, 0.00013969947889231246, 0.01796066515108965, 0.9758422996239944]",
d1-omni,ood_agnews_balanced,2606,topic,choice,2,2,"[""business"", ""scitech"", ""sports"", ""world""]","[0.0006777529010743314, 1.8925459466312349e-06, 0.9981952640749768, 0.0011250904780021314]",
d1-omni,ood_agnews_balanced,2608,topic,choice,1,1,"[""business"", ""scitech"", ""sports"", ""world""]","[0.011132930949392666, 0.9846924665448469, 8.701669525878706e-05, 0.004087585810501676]",
d1-omni,ood_agnews_balanced,2609,topic,choice,0,0,"[""business"", ""scitech"", ""sports"", ""world""]","[0.9955382629274631, 7.0956086026628236e-06, 8.120498838981382e-05, 0.004373436475544535]",
d1-omni,ood_agnews_balanced,2615,topic,choice,2,2,"[""business"", ""scitech"", ""sports"", ""world""]","[0.00024530450425440815, 2.7572084849720308e-06, 0.9994892785934062, 0.00026265969385437396]",
d1-omni,ood_agnews_balanced,2628,topic,choice,0,0,"[""business"", ""scitech"", ""sports"", ""world""]","[0.9990355657436631, 4.386839937624382e-06, 2.0126673100495036e-05, 0.0009399207432986672]",
d1-omni,ood_agnews_balanced,2640,topic,choice,2,2,"[""business"", ""scitech"", ""sports"", ""world""]","[0.00010028826245687604, 1.163016475238133e-06, 0.9995690732419693, 0.00032947547909871353]",
d1-omni,ood_agnews_balanced,2642,topic,choice,2,2,"[""business"", ""scitech"", ""sports"", ""world""]","[0.0003604113992082322, 7.539890304028831e-05, 0.987825515828819, 0.011738673868932525]",
d1-omni,ood_agnews_balanced,2645,topic,choice,2,2,"[""business"", ""scitech"", ""sports"", ""world""]","[0.0005499517617593282, 6.228982757322592e-07, 0.9962800325950497, 0.003169392744915184]",
d1-omni,ood_agnews_balanced,2647,topic,choice,3,3,"[""business"", ""scitech"", ""sports"", ""world""]","[0.0004793293575399987, 7.869639809501932e-06, 5.747179241227206e-05, 0.9994553292102383]",
d1-omni,ood_agnews_balanced,2651,topic,choice,2,2,"[""business"", ""scitech"", ""sports"", ""world""]","[0.00031661319893730384, 9.7304453883e-06, 0.9988113296766998, 0.0008623266789746444]",
d1-omni,ood_agnews_balanced,2653,topic,choice,3,3,"[""business"", ""scitech"", ""sports"", ""world""]","[0.001759626471780355, 0.0004886306261236385, 0.0005580337455448407, 0.9971937091565513]",
d1-omni,ood_agnews_balanced,2654,topic,choice,0,0,"[""business"", ""scitech"", ""sports"", ""world""]","[0.9471965448450671, 3.824736231767518e-05, 0.02481724683250447, 0.027947960960110596]",
d1-omni,ood_agnews_balanced,2656,topic,choice,3,2,"[""business"", ""scitech"", ""sports"", ""world""]","[9.745638612456091e-05, 4.2819359545983265e-06, 0.9982707057283671, 0.0016275559495538378]",
d1-omni,ood_agnews_balanced,2676,topic,choice,1,0,"[""business"", ""scitech"", ""sports"", ""world""]","[0.8199386193021572, 0.15833268987229349, 0.003710922078062373, 0.018017768747487155]",
d1-omni,ood_agnews_balanced,2692,topic,choice,1,1,"[""business"", ""scitech"", ""sports"", ""world""]","[0.09056404642457005, 0.776265688627691, 0.00023710430098215158, 0.13293316064675675]",
d1-omni,ood_agnews_balanced,2693,topic,choice,1,1,"[""business"", ""scitech"", ""sports"", ""world""]","[0.05021639548245317, 0.9456648259076997, 8.825206360865654e-06, 0.0041099534034862795]",
d1-omni,ood_agnews_balanced,2701,topic,choice,0,0,"[""business"", ""scitech"", ""sports"", ""world""]","[0.9735458286102666, 2.820449395315931e-05, 8.874943171295368e-06, 0.026417091952608874]",
d1-omni,ood_agnews_balanced,2702,topic,choice,3,0,"[""business"", ""scitech"", ""sports"", ""world""]","[0.6329436092464839, 0.0002006367965552428, 0.0012508448792904238, 0.36560490907767046]",
d1-omni,ood_agnews_balanced,2712,topic,choice,1,1,"[""business"", ""scitech"", ""sports"", ""world""]","[0.011529215031393087, 0.939431204108976, 9.517951613387544e-05, 0.04894440134349703]",
d1-omni,ood_agnews_balanced,2717,topic,choice,2,2,"[""business"", ""scitech"", ""sports"", ""world""]","[0.00029748508568009735, 6.495728976849383e-06, 0.9663693198447082, 0.03332669934063499]",
d1-omni,ood_agnews_balanced,2718,topic,choice,0,0,"[""business"", ""scitech"", ""sports"", ""world""]","[0.9827141112262516, 0.013104237935748036, 4.6121385801256076e-05, 0.004135529452199153]",
d1-omni,ood_agnews_balanced,2719,topic,choice,1,1,"[""business"", ""scitech"", ""sports"", ""world""]","[0.048169596865887954, 0.949726032518295, 3.293046142393657e-05, 0.0020714401543930772]",
d1-omni,ood_agnews_balanced,2722,topic,choice,1,1,"[""business"", ""scitech"", ""sports"", ""world""]","[0.019961668657827922, 0.9455093344342539, 0.0003818493311039284, 0.034147147576814155]",
d1-omni,ood_agnews_balanced,2750,topic,choice,0,0,"[""business"", ""scitech"", ""sports"", ""world""]","[0.9446444829699441, 0.0006643433335288963, 0.001621937526736197, 0.05306923616979098]",
d1-omni,ood_agnews_balanced,2753,topic,choice,1,1,"[""business"", ""scitech"", ""sports"", ""world""]","[0.06303151802906745, 0.9253372414294013, 9.616238094546688e-05, 0.011535078160585703]",
d1-omni,ood_agnews_balanced,2764,topic,choice,1,1,"[""business"", ""scitech"", ""sports"", ""world""]","[0.1677127912104561, 0.823498349057228, 0.0005723970070538478, 0.008216462725262077]",
d1-omni,ood_agnews_balanced,2772,topic,choice,0,0,"[""business"", ""scitech"", ""sports"", ""world""]","[0.9343457410726375, 3.085327859587822e-05, 2.204983382719582e-05, 0.06560135581493938]",
d1-omni,ood_agnews_balanced,2778,topic,choice,1,0,"[""business"", ""scitech"", ""sports"", ""world""]","[0.9964187528877408, 0.0016356801518062332, 1.2611131826901627e-05, 0.0019329558286259791]",
d1-omni,ood_agnews_balanced,2781,topic,choice,3,3,"[""business"", ""scitech"", ""sports"", ""world""]","[0.12054331948796174, 2.026401830135086e-05, 0.00040070361808986626, 0.8790357128756471]",
d1-omni,ood_agnews_balanced,2787,topic,choice,1,1,"[""business"", ""scitech"", ""sports"", ""world""]","[0.005153506557252662, 0.9900284251180151, 6.463591973999935e-05, 0.004753432404992164]",
d1-omni,ood_agnews_balanced,2795,topic,choice,0,0,"[""business"", ""scitech"", ""sports"", ""world""]","[0.9953424577235679, 0.0019252193284228403, 1.202062870191613e-05, 0.0027203023193073344]",
d1-omni,ood_agnews_balanced,2808,topic,choice,3,3,"[""business"", ""scitech"", ""sports"", ""world""]","[0.0015106885781196496, 0.0001510463001866158, 0.0013357848031617912, 0.997002480318532]",
d1-omni,ood_agnews_balanced,2821,topic,choice,2,2,"[""business"", ""scitech"", ""sports"", ""world""]","[0.007471705336381474, 4.355190886183467e-06, 0.9918291323330652, 0.0006948071396669346]",
d1-omni,ood_agnews_balanced,2828,topic,choice,0,1,"[""business"", ""scitech"", ""sports"", ""world""]","[0.08624507507930715, 0.9022116728370261, 4.6595831574174196e-05, 0.011496656252092594]",
d1-omni,ood_agnews_balanced,2837,topic,choice,2,2,"[""business"", ""scitech"", ""sports"", ""world""]","[4.9713584728497714e-05, 1.033789982030286e-06, 0.9989705200255475, 0.0009787325997421398]",
d1-omni,ood_agnews_balanced,2851,topic,choice,0,0,"[""business"", ""scitech"", ""sports"", ""world""]","[0.9977364262187187, 1.2026029683838729e-05, 2.5961219455973455e-05, 0.00222558653214124]",
d1-omni,ood_agnews_balanced,2854,topic,choice,1,1,"[""business"", ""scitech"", ""sports"", ""world""]","[0.2145640321723331, 0.7833110748274382, 3.3669698534114563e-05, 0.0020912233016944022]",
d1-omni,ood_agnews_balanced,2855,topic,choice,3,3,"[""business"", ""scitech"", ""sports"", ""world""]","[0.0024670775680322413, 3.136071164769573e-05, 0.002211474053323066, 0.9952900876669969]",
d1-omni,ood_agnews_balanced,2856,topic,choice,1,0,"[""business"", ""scitech"", ""sports"", ""world""]","[0.8689120643525141, 0.12714992379183754, 1.5031591007653292e-05, 0.003922980264640575]",
d1-omni,ood_agnews_balanced,2861,topic,choice,1,1,"[""business"", ""scitech"", ""sports"", ""world""]","[0.08052154422932534, 0.9125647331023745, 0.00017374837424225163, 0.006739974294057971]",
d1-omni,ood_agnews_balanced,2869,topic,choice,0,0,"[""business"", ""scitech"", ""sports"", ""world""]","[0.996585266062231, 0.0009654910805177477, 2.9098424761976695e-05, 0.0024201444324893104]",
d1-omni,ood_agnews_balanced,2873,topic,choice,0,1,"[""business"", ""scitech"", ""sports"", ""world""]","[0.3413661220778489, 0.6503345418345813, 3.652998222215959e-05, 0.008262806105347778]",
d1-omni,ood_agnews_balanced,2883,topic,choice,3,3,"[""business"", ""scitech"", ""sports"", ""world""]","[0.015106922685414536, 0.00010159097115360329, 0.003390619011872374, 0.9814008673315594]",
d1-omni,ood_agnews_balanced,2885,topic,choice,1,1,"[""business"", ""scitech"", ""sports"", ""world""]","[0.001398222177363539, 0.6448324600311585, 0.0007751938082851161, 0.3529941239831929]",
d1-omni,ood_agnews_balanced,2889,topic,choice,2,2,"[""business"", ""scitech"", ""sports"", ""world""]","[0.0008417630762846486, 1.596909763394351e-05, 0.9981149387330284, 0.0010273290930531346]",
d1-omni,ood_agnews_balanced,2895,topic,choice,2,2,"[""business"", ""scitech"", ""sports"", ""world""]","[0.00018621886287341702, 3.918054197976539e-06, 0.9993026782996506, 0.0005071847832781503]",
d1-omni,ood_agnews_balanced,2952,topic,choice,0,0,"[""business"", ""scitech"", ""sports"", ""world""]","[0.9858734959688862, 0.004280523112961918, 0.0021025224900688235, 0.007743458428083185]",
d1-omni,ood_agnews_balanced,2957,topic,choice,0,0,"[""business"", ""scitech"", ""sports"", ""world""]","[0.8425878228999054, 7.726256605373332e-06, 1.1827235695583289e-05, 0.1573926236077937]",
d1-omni,ood_agnews_balanced,2964,topic,choice,3,3,"[""business"", ""scitech"", ""sports"", ""world""]","[0.0035517944663211883, 2.463964892303811e-06, 2.328629067931388e-05, 0.9964224552781072]",
d1-omni,ood_agnews_balanced,2969,topic,choice,1,1,"[""business"", ""scitech"", ""sports"", ""world""]","[0.10758805821107395, 0.8829690601401509, 9.229867780941385e-05, 0.009350582970965856]",
d1-omni,ood_agnews_balanced,2972,topic,choice,2,2,"[""business"", ""scitech"", ""sports"", ""world""]","[0.00038336387434407664, 6.171420590608334e-07, 0.9987088644301432, 0.0009071545534536807]",
d1-omni,ood_agnews_balanced,2986,topic,choice,0,0,"[""business"", ""scitech"", ""sports"", ""world""]","[0.9916555568795099, 1.4992082516709421e-05, 0.00015082426954912524, 0.008178626768424228]",
d1-omni,ood_agnews_balanced,2990,topic,choice,3,3,"[""business"", ""scitech"", ""sports"", ""world""]","[0.0015304749200297806, 4.054750716008561e-05, 0.00013610289957693487, 0.9982928746732331]",
d1-omni,ood_agnews_balanced,3003,topic,choice,0,0,"[""business"", ""scitech"", ""sports"", ""world""]","[0.9974732857988354, 1.3676993503270647e-05, 9.310087429247063e-05, 0.002419936333368745]",
d1-omni,ood_agnews_balanced,3004,topic,choice,1,1,"[""business"", ""scitech"", ""sports"", ""world""]","[0.0023497408308558914, 0.9818717166396234, 5.4616778965199595e-05, 0.01572392575055548]",
d1-omni,ood_agnews_balanced,3006,topic,choice,3,3,"[""business"", ""scitech"", ""sports"", ""world""]","[0.009431398310066999, 0.0001677547544473073, 0.024606940698397986, 0.9657939062370878]",
d1-omni,ood_agnews_balanced,3008,topic,choice,0,3,"[""business"", ""scitech"", ""sports"", ""world""]","[0.3499382650719115, 5.352813045063252e-06, 0.00010502350465096204, 0.6499513586103924]",
d1-omni,ood_agnews_balanced,3016,topic,choice,0,0,"[""business"", ""scitech"", ""sports"", ""world""]","[0.5311251789312362, 9.0810580415675e-06, 0.00014945145426970095, 0.46871628855645253]",
d1-omni,ood_agnews_balanced,3019,topic,choice,3,3,"[""business"", ""scitech"", ""sports"", ""world""]","[0.013319716858172239, 0.00010329876884531186, 0.012270697507444854, 0.9743062868655376]",
d1-omni,ood_agnews_balanced,3026,topic,choice,2,2,"[""business"", ""scitech"", ""sports"", ""world""]","[0.0001373313331563825, 3.7606461882142033e-07, 0.999464134379976, 0.00039815822224865494]",
d1-omni,ood_agnews_balanced,3030,topic,choice,2,2,"[""business"", ""scitech"", ""sports"", ""world""]","[8.779023329673946e-05, 4.952785006361197e-06, 0.9992834207510396, 0.0006238362306574338]",
d1-omni,ood_agnews_balanced,3031,topic,choice,2,2,"[""business"", ""scitech"", ""sports"", ""world""]","[0.00028496929288951824, 4.112172487324325e-07, 0.9989805008458926, 0.0007341186439693389]",
d1-omni,ood_agnews_balanced,3038,topic,choice,1,1,"[""business"", ""scitech"", ""sports"", ""world""]","[0.06642461322806695, 0.9142807898201365, 0.0002124498582385082, 0.019082147093558054]",
d1-omni,ood_agnews_balanced,3042,topic,choice,3,3,"[""business"", ""scitech"", ""sports"", ""world""]","[0.00041637434175376955, 2.2240116178235313e-05, 0.0022333828515746453, 0.9973280026904934]",
d1-omni,ood_agnews_balanced,3053,topic,choice,2,2,"[""business"", ""scitech"", ""sports"", ""world""]","[0.00017735767478859471, 4.3021702059914866e-08, 0.9993771572507782, 0.0004454420527310439]",
d1-omni,ood_agnews_balanced,3055,topic,choice,0,0,"[""business"", ""scitech"", ""sports"", ""world""]","[0.8859742250463967, 0.01611663941649778, 0.0009030445425015162, 0.09700609099460393]",
d1-omni,ood_agnews_balanced,3083,topic,choice,0,0,"[""business"", ""scitech"", ""sports"", ""world""]","[0.9809647399393966, 1.569470669264261e-05, 0.0007517950622849468, 0.01826777029162582]",
d1-omni,ood_agnews_balanced,3086,topic,choice,0,0,"[""business"", ""scitech"", ""sports"", ""world""]","[0.9647100913690985, 8.008586399533165e-05, 9.812324528235487e-05, 0.03511169952162362]",
d1-omni,ood_agnews_balanced,3091,topic,choice,1,2,"[""business"", ""scitech"", ""sports"", ""world""]","[0.011171754881999433, 0.01020183877476934, 0.9718570084262932, 0.006769397916938058]",
d1-omni,ood_agnews_balanced,3095,topic,choice,2,2,"[""business"", ""scitech"", ""sports"", ""world""]","[0.0018719481297603516, 9.336708052747495e-06, 0.9926888130072969, 0.005429902154890049]",
d1-omni,ood_agnews_balanced,3105,topic,choice,0,0,"[""business"", ""scitech"", ""sports"", ""world""]","[0.9625444200745816, 4.161075347328091e-06, 1.7345937077085886e-06, 0.037449684256363525]",
d1-omni,ood_agnews_balanced,3111,topic,choice,3,3,"[""business"", ""scitech"", ""sports"", ""world""]","[0.0017035548225101584, 6.801778067709795e-05, 0.00021785549453869478, 0.9980105719022742]",
d1-omni,ood_agnews_balanced,3114,topic,choice,1,1,"[""business"", ""scitech"", ""sports"", ""world""]","[0.030710612453706657, 0.9656970929588017, 0.0005186914644464458, 0.0030736031230452565]",
d1-omni,ood_agnews_balanced,3118,topic,choice,3,3,"[""business"", ""scitech"", ""sports"", ""world""]","[0.0003703292545933361, 1.4301113463119819e-06, 0.0003561420782916134, 0.9992720985557688]",
d1-omni,ood_agnews_balanced,3119,topic,choice,0,0,"[""business"", ""scitech"", ""sports"", ""world""]","[0.9983984094377792, 3.2579412360431253e-06, 3.1397264598043337e-05, 0.0015669353563867634]",
d1-omni,ood_agnews_balanced,3126,topic,choice,2,2,"[""business"", ""scitech"", ""sports"", ""world""]","[0.0003410122606271209, 8.670225848157957e-07, 0.998830431886523, 0.0008276888302649615]",
d1-omni,ood_agnews_balanced,3127,topic,choice,1,0,"[""business"", ""scitech"", ""sports"", ""world""]","[0.5718350393609775, 0.393400121627274, 0.002282823330841087, 0.03248201568090739]",
d1-omni,ood_agnews_balanced,3128,topic,choice,0,1,"[""business"", ""scitech"", ""sports"", ""world""]","[0.36842004097574227, 0.6109915146648629, 2.8507941344863275e-05, 0.020559936418049964]",
d1-omni,ood_agnews_balanced,3143,topic,choice,3,3,"[""business"", ""scitech"", ""sports"", ""world""]","[5.184178975937065e-05, 5.895675450182251e-07, 7.455056180561102e-05, 0.9998730180808899]",
d1-omni,ood_agnews_balanced,3147,topic,choice,3,0,"[""business"", ""scitech"", ""sports"", ""world""]","[0.6165420731043455, 0.0013460490307414395, 0.016689029578693896, 0.3654228482862193]",
d1-omni,ood_agnews_balanced,3150,topic,choice,2,2,"[""business"", ""scitech"", ""sports"", ""world""]","[0.0017047183394787858, 3.513736827063805e-07, 0.997960478521396, 0.0003344517654426848]",
d1-omni,ood_agnews_balanced,3154,topic,choice,2,2,"[""business"", ""scitech"", ""sports"", ""world""]","[0.00031478026368693, 1.4351204389890374e-06, 0.9988641113506002, 0.0008196732652737379]",
d1-omni,ood_agnews_balanced,3190,topic,choice,0,0,"[""business"", ""scitech"", ""sports"", ""world""]","[0.976260020277709, 3.242677077896628e-05, 7.732185527563308e-06, 0.023699820765984366]",
d1-omni,ood_agnews_balanced,3208,topic,choice,2,2,"[""business"", ""scitech"", ""sports"", ""world""]","[0.00019815656001810636, 3.0502676661401552e-06, 0.9989380399311437, 0.000860753241171948]",
d1-omni,ood_agnews_balanced,3231,topic,choice,2,2,"[""business"", ""scitech"", ""sports"", ""world""]","[5.6698227899550385e-05, 9.870454319373823e-07, 0.9995754730908691, 0.00036684163579953343]",
d1-omni,ood_agnews_balanced,3232,topic,choice,2,2,"[""business"", ""scitech"", ""sports"", ""world""]","[0.0003476995194710663, 8.669260095538478e-07, 0.9987191222966512, 0.0009323112578684255]",
d1-omni,ood_agnews_balanced,3259,topic,choice,2,2,"[""business"", ""scitech"", ""sports"", ""world""]","[0.0003872288527336624, 2.7557903424033735e-06, 0.9989740716730553, 0.0006359436838686386]",
d1-omni,ood_agnews_balanced,3278,topic,choice,1,1,"[""business"", ""scitech"", ""sports"", ""world""]","[0.027057564305779682, 0.9571066652655272, 0.0005905447026293526, 0.015245225726063707]",
d1-omni,ood_agnews_balanced,3283,topic,choice,2,2,"[""business"", ""scitech"", ""sports"", ""world""]","[0.0020860485669303847, 7.340916358968788e-07, 0.9925824036095986, 0.005330813731835259]",
d1-omni,ood_agnews_balanced,3293,topic,choice,1,0,"[""business"", ""scitech"", ""sports"", ""world""]","[0.6830910915746177, 0.3060944809073843, 0.0002994543418409201, 0.010514973176157206]",
d1-omni,ood_agnews_balanced,3294,topic,choice,0,0,"[""business"", ""scitech"", ""sports"", ""world""]","[0.9555534051614053, 7.613792015632774e-05, 2.6415549635944448e-05, 0.04434404136880244]",
d1-omni,ood_agnews_balanced,3304,topic,choice,0,0,"[""business"", ""scitech"", ""sports"", ""world""]","[0.6079253504454569, 0.0030798953399740646, 0.12496341306741864, 0.2640313411471504]",
d1-omni,ood_agnews_balanced,3327,topic,choice,0,0,"[""business"", ""scitech"", ""sports"", ""world""]","[0.9725524886893792, 0.001669854909649571, 0.0038673918697041945, 0.021910264531266942]",
d1-omni,ood_agnews_balanced,3329,topic,choice,0,0,"[""business"", ""scitech"", ""sports"", ""world""]","[0.6721138582066137, 0.00026566760332380853, 5.8359442834462555e-05, 0.32756211474722796]",
d1-omni,ood_agnews_balanced,3333,topic,choice,3,3,"[""business"", ""scitech"", ""sports"", ""world""]","[0.030505756082677863, 2.359701566673228e-05, 0.0003283016699902754, 0.9691423452316652]",
d1-omni,ood_agnews_balanced,3340,topic,choice,2,2,"[""business"", ""scitech"", ""sports"", ""world""]","[0.00042415520040834157, 8.515570551280214e-06, 0.9982621145070246, 0.0013052147220157233]",
d1-omni,ood_agnews_balanced,3351,topic,choice,0,0,"[""business"", ""scitech"", ""sports"", ""world""]","[0.5088565226608818, 0.006202421546645026, 0.0003342190829333412, 0.48460683670953986]",
d1-omni,ood_agnews_balanced,3358,topic,choice,3,3,"[""business"", ""scitech"", ""sports"", ""world""]","[0.0010794652338712214, 1.7754691024899816e-06, 0.00012942832957856738, 0.9987893309674477]",
d1-omni,ood_agnews_balanced,3361,topic,choice,2,2,"[""business"", ""scitech"", ""sports"", ""world""]","[0.0006966593243531152, 4.567440271306108e-06, 0.9964168368106409, 0.002881936424734511]",
d1-omni,ood_agnews_balanced,3376,topic,choice,2,2,"[""business"", ""scitech"", ""sports"", ""world""]","[0.0017648994499708981, 3.694718086071324e-06, 0.9875642917466404, 0.010667114085302616]",
d1-omni,ood_agnews_balanced,3391,topic,choice,2,2,"[""business"", ""scitech"", ""sports"", ""world""]","[0.0004018840614182051, 5.168843158373478e-06, 0.9990127598697652, 0.0005801872256580378]",
d1-omni,ood_agnews_balanced,3395,topic,choice,1,1,"[""business"", ""scitech"", ""sports"", ""world""]","[0.0007706064651939849, 0.9879893753641581, 7.526430753751763e-05, 0.011164753863110432]",
d1-omni,ood_agnews_balanced,3406,topic,choice,0,0,"[""business"", ""scitech"", ""sports"", ""world""]","[0.6525748878414706, 0.3438828466363522, 2.2938620714826008e-05, 0.0035193269014624317]",
d1-omni,ood_agnews_balanced,3410,topic,choice,0,0,"[""business"", ""scitech"", ""sports"", ""world""]","[0.8717192958164927, 0.12219567697736974, 3.385116434354179e-05, 0.006051176041794068]",
d1-omni,ood_agnews_balanced,3414,topic,choice,1,1,"[""business"", ""scitech"", ""sports"", ""world""]","[0.04003647616884844, 0.9456763189009667, 0.0012256394667652629, 0.013061565463419455]",
d1-omni,ood_agnews_balanced,3416,topic,choice,2,2,"[""business"", ""scitech"", ""sports"", ""world""]","[7.778905556928909e-05, 1.3971987203005624e-06, 0.9994272478513992, 0.0004935658943110662]",
d1-omni,ood_agnews_balanced,3427,topic,choice,0,0,"[""business"", ""scitech"", ""sports"", ""world""]","[0.8880227626283278, 0.009231222647789562, 0.0592618795787211, 0.043484135145161584]",
d1-omni,ood_agnews_balanced,3434,topic,choice,3,3,"[""business"", ""scitech"", ""sports"", ""world""]","[0.028346401416769855, 0.00048677526605846367, 0.0017190400997348838, 0.9694477832174367]",
d1-omni,ood_agnews_balanced,3456,topic,choice,1,1,"[""business"", ""scitech"", ""sports"", ""world""]","[0.01733812809306016, 0.9809802810265538, 0.00023244453642980273, 0.0014491463439561551]",
d1-omni,ood_agnews_balanced,3458,topic,choice,0,0,"[""business"", ""scitech"", ""sports"", ""world""]","[0.9931268882940312, 8.244484588308973e-05, 0.00023486352429192534, 0.006555803335793734]",
d1-omni,ood_agnews_balanced,3462,topic,choice,2,2,"[""business"", ""scitech"", ""sports"", ""world""]","[0.000911764722345431, 7.042410093054825e-07, 0.9940293580107069, 0.005058173025938127]",
d1-omni,ood_agnews_balanced,3477,topic,choice,3,3,"[""business"", ""scitech"", ""sports"", ""world""]","[0.0013801266466855649, 6.55658893863827e-05, 0.00014891392628881055, 0.9984053935376392]",
d1-omni,ood_agnews_balanced,3483,topic,choice,3,3,"[""business"", ""scitech"", ""sports"", ""world""]","[0.001480310445351322, 5.413132058440513e-05, 0.00029608069180521505, 0.998169477542259]",
d1-omni,ood_agnews_balanced,3501,topic,choice,1,1,"[""business"", ""scitech"", ""sports"", ""world""]","[0.0061018425101342045, 0.9649409807563649, 0.0002422047870172307, 0.0287149719464838]",
d1-omni,ood_agnews_balanced,3502,topic,choice,1,1,"[""business"", ""scitech"", ""sports"", ""world""]","[0.004996219426623473, 0.9939131971924231, 0.000175357615464809, 0.0009152257654886443]",
d1-omni,ood_agnews_balanced,3506,topic,choice,1,1,"[""business"", ""scitech"", ""sports"", ""world""]","[0.06275326795929244, 0.8972790554377288, 0.0005824704788448514, 0.03938520612413382]",
d1-omni,ood_agnews_balanced,3508,topic,choice,0,0,"[""business"", ""scitech"", ""sports"", ""world""]","[0.9959056627672644, 0.00021319121172948973, 0.00015355585797343136, 0.0037275901630327104]",
d1-omni,ood_agnews_balanced,3513,topic,choice,3,3,"[""business"", ""scitech"", ""sports"", ""world""]","[0.00021950193692366678, 3.989030242364192e-06, 9.816740638025633e-05, 0.9996783416264537]",
d1-omni,ood_agnews_balanced,3514,topic,choice,2,2,"[""business"", ""scitech"", ""sports"", ""world""]","[0.0007122400468432964, 1.9092092387260297e-05, 0.9970489546313551, 0.0022197132294141087]",
d1-omni,ood_agnews_balanced,3517,topic,choice,3,3,"[""business"", ""scitech"", ""sports"", ""world""]","[0.0034733970114879287, 1.0841240471452951e-05, 0.002868320550879724, 0.9936474411971608]",
d1-omni,ood_agnews_balanced,3525,topic,choice,2,2,"[""business"", ""scitech"", ""sports"", ""world""]","[0.0004556797316153678, 9.383729104994183e-06, 0.9976881472317463, 0.0018467893075334169]",
d1-omni,ood_agnews_balanced,3534,topic,choice,2,2,"[""business"", ""scitech"", ""sports"", ""world""]","[0.019576477391794526, 4.1210771643181536e-07, 0.9779530061200763, 0.002470104380412793]",
d1-omni,ood_agnews_balanced,3538,topic,choice,0,0,"[""business"", ""scitech"", ""sports"", ""world""]","[0.9547904110612889, 0.001122320297209596, 0.0002092367052154478, 0.043878031936286005]",
d1-omni,ood_agnews_balanced,3543,topic,choice,2,2,"[""business"", ""scitech"", ""sports"", ""world""]","[3.294951825671479e-05, 2.636460416928421e-07, 0.9997786510590307, 0.00018813577667087315]",
d1-omni,ood_agnews_balanced,3546,topic,choice,3,0,"[""business"", ""scitech"", ""sports"", ""world""]","[0.8453458313057799, 0.01622609941451173, 0.0002943033261765336, 0.1381337659535319]",
d1-omni,ood_agnews_balanced,3553,topic,choice,0,0,"[""business"", ""scitech"", ""sports"", ""world""]","[0.9885209363585795, 7.79875984106051e-06, 3.0012716740699723e-05, 0.011441252164838918]",
d1-omni,ood_agnews_balanced,3559,topic,choice,2,2,"[""business"", ""scitech"", ""sports"", ""world""]","[0.00016717275728410775, 4.250994277129424e-06, 0.998830193083593, 0.000998383164845657]",
d1-omni,ood_agnews_balanced,3561,topic,choice,3,0,"[""business"", ""scitech"", ""sports"", ""world""]","[0.6309065376715364, 0.30687938493822886, 0.00305591714028284, 0.059158160249951866]",
d1-omni,ood_agnews_balanced,3568,topic,choice,2,2,"[""business"", ""scitech"", ""sports"", ""world""]","[0.00045382406132543054, 1.1326337985238557e-06, 0.996540375175904, 0.0030046681289721848]",
d1-omni,ood_agnews_balanced,3580,topic,choice,0,0,"[""business"", ""scitech"", ""sports"", ""world""]","[0.8562919636680709, 0.044634615557560355, 4.716849116528672e-05, 0.09902625228320348]",
d1-omni,ood_agnews_balanced,3588,topic,choice,1,1,"[""business"", ""scitech"", ""sports"", ""world""]","[0.019453886724457945, 0.978330960476497, 3.711109584085918e-05, 0.0021780417032041598]",
d1-omni,ood_agnews_balanced,3589,topic,choice,0,0,"[""business"", ""scitech"", ""sports"", ""world""]","[0.9870820593188048, 3.3493236819830517e-06, 0.00020681110902985057, 0.012707780248483205]",
d1-omni,ood_agnews_balanced,3601,topic,choice,2,2,"[""business"", ""scitech"", ""sports"", ""world""]","[0.000158246425331765, 5.076142833156123e-07, 0.9986436405631127, 0.0011976053972720072]",
d1-omni,ood_agnews_balanced,3614,topic,choice,1,1,"[""business"", ""scitech"", ""sports"", ""world""]","[0.012710470310728202, 0.9844027352477139, 0.00016998807341312723, 0.002716806368144745]",
d1-omni,ood_agnews_balanced,3619,topic,choice,3,3,"[""business"", ""scitech"", ""sports"", ""world""]","[0.1547082585766236, 3.7932952522154564e-05, 0.030672821670944095, 0.8145809867999101]",
d1-omni,ood_agnews_balanced,3621,topic,choice,2,2,"[""business"", ""scitech"", ""sports"", ""world""]","[0.0008173377254997704, 4.176763955548133e-07, 0.9989404038944472, 0.0002418407036576645]",
d1-omni,ood_agnews_balanced,3622,topic,choice,3,3,"[""business"", ""scitech"", ""sports"", ""world""]","[0.2533333384213424, 0.0003720484312098393, 0.13021393985652457, 0.6160806732909233]",
d1-omni,ood_agnews_balanced,3664,topic,choice,1,0,"[""business"", ""scitech"", ""sports"", ""world""]","[0.7789517023148486, 0.19656555381928278, 0.0005900204780185567, 0.02389272338784999]",
d1-omni,ood_agnews_balanced,3685,topic,choice,3,0,"[""business"", ""scitech"", ""sports"", ""world""]","[0.6118887980725274, 0.0009093311533854236, 0.010366173009749607, 0.37683569776433756]",
d1-omni,ood_agnews_balanced,3691,topic,choice,1,0,"[""business"", ""scitech"", ""sports"", ""world""]","[0.7998350392143201, 0.1762159719281408, 9.492611300842779e-05, 0.02385406274453046]",
d1-omni,ood_agnews_balanced,3697,topic,choice,3,3,"[""business"", ""scitech"", ""sports"", ""world""]","[0.0017191668038148695, 0.00015198981913844964, 0.0007599012053172922, 0.9973689421717293]",
d1-omni,ood_agnews_balanced,3699,topic,choice,0,0,"[""business"", ""scitech"", ""sports"", ""world""]","[0.9800040597069087, 8.008221444885327e-06, 1.7628756526734305e-05, 0.019970303315119543]",
d1-omni,ood_agnews_balanced,3740,topic,choice,2,2,"[""business"", ""scitech"", ""sports"", ""world""]","[0.0020597792174097533, 1.2176351601777746e-05, 0.9964900872180382, 0.0014379572129501303]",
d1-omni,ood_agnews_balanced,3744,topic,choice,2,2,"[""business"", ""scitech"", ""sports"", ""world""]","[0.001382096151728904, 3.4730344099288472e-06, 0.9959320973359771, 0.0026823334778839024]",
d1-omni,ood_agnews_balanced,3747,topic,choice,3,0,"[""business"", ""scitech"", ""sports"", ""world""]","[0.9743195683246553, 5.939838997198787e-06, 1.851166287959788e-05, 0.02565598017346789]",
d1-omni,ood_agnews_balanced,3749,topic,choice,3,3,"[""business"", ""scitech"", ""sports"", ""world""]","[0.00015719492759404589, 1.621364525878704e-06, 5.2653712455660256e-05, 0.9997885299954244]",
d1-omni,ood_agnews_balanced,3758,topic,choice,3,3,"[""business"", ""scitech"", ""sports"", ""world""]","[0.06054272044326105, 1.8130208823504608e-05, 0.0018242201717201755, 0.9376149291761953]",
d1-omni,ood_agnews_balanced,3762,topic,choice,3,1,"[""business"", ""scitech"", ""sports"", ""world""]","[0.0002863736539887392, 0.7667186069778036, 7.059132093997581e-05, 0.23292442804726773]",
d1-omni,ood_agnews_balanced,3764,topic,choice,0,0,"[""business"", ""scitech"", ""sports"", ""world""]","[0.9865425883060129, 3.9218530401047305e-05, 7.530097726076314e-05, 0.01334289218632523]",
d1-omni,ood_agnews_balanced,3779,topic,choice,0,0,"[""business"", ""scitech"", ""sports"", ""world""]","[0.9900969066102581, 3.0949678596057933e-06, 2.611708308050467e-05, 0.009873881338801916]",
d1-omni,ood_agnews_balanced,3782,topic,choice,3,3,"[""business"", ""scitech"", ""sports"", ""world""]","[0.0047792966418976285, 4.02276997799795e-06, 0.0007726169253169074, 0.9944440636628075]",
d1-omni,ood_agnews_balanced,3787,topic,choice,1,0,"[""business"", ""scitech"", ""sports"", ""world""]","[0.8326256631868645, 0.1432825487638709, 0.003490256422832319, 0.020601531626432374]",
d1-omni,ood_agnews_balanced,3792,topic,choice,2,2,"[""business"", ""scitech"", ""sports"", ""world""]","[0.0007594139715880669, 3.8511325464287405e-06, 0.997702676779533, 0.0015340581163324754]",
d1-omni,ood_agnews_balanced,3795,topic,choice,0,0,"[""business"", ""scitech"", ""sports"", ""world""]","[0.9239782748043954, 0.00017489367223441228, 7.610750216668816e-05, 0.0757707240212033]",
d1-omni,ood_agnews_balanced,3813,topic,choice,0,0,"[""business"", ""scitech"", ""sports"", ""world""]","[0.8862793955338044, 0.04939382207424069, 9.355388996134277e-05, 0.06423322850199358]",
d1-omni,ood_agnews_balanced,3828,topic,choice,1,1,"[""business"", ""scitech"", ""sports"", ""world""]","[0.004127869219758612, 0.9828117010542429, 1.0764972464488588e-05, 0.013049664753534102]",
d1-omni,ood_agnews_balanced,3829,topic,choice,0,0,"[""business"", ""scitech"", ""sports"", ""world""]","[0.9553085137191993, 0.03702325629355202, 0.0005398409760740314, 0.00712838901117463]",
d1-omni,ood_agnews_balanced,3838,topic,choice,3,3,"[""business"", ""scitech"", ""sports"", ""world""]","[0.014734435542128372, 2.1199920187453783e-05, 0.017703827505091065, 0.9675405370325931]",
d1-omni,ood_agnews_balanced,3843,topic,choice,3,3,"[""business"", ""scitech"", ""sports"", ""world""]","[0.0012638238019853716, 4.282540255154551e-05, 0.00043083501561842275, 0.9982625157798447]",
d1-omni,ood_agnews_balanced,3851,topic,choice,2,2,"[""business"", ""scitech"", ""sports"", ""world""]","[0.00012751600780737808, 7.249302097008746e-07, 0.9995281677491206, 0.0003435913128623269]",
d1-omni,ood_agnews_balanced,3874,topic,choice,3,3,"[""business"", ""scitech"", ""sports"", ""world""]","[0.0006580739484338826, 3.60487038352135e-06, 0.0013112946082571978, 0.9980270265729254]",
d1-omni,ood_agnews_balanced,3879,topic,choice,1,1,"[""business"", ""scitech"", ""sports"", ""world""]","[0.10759396291327061, 0.8614049442655936, 0.0007379087794166789, 0.030263184041719054]",
d1-omni,ood_agnews_balanced,3882,topic,choice,3,0,"[""business"", ""scitech"", ""sports"", ""world""]","[0.9168837664280644, 0.0007151459332017905, 0.0033918361979048636, 0.07900925144082892]",
d1-omni,ood_agnews_balanced,3884,topic,choice,2,2,"[""business"", ""scitech"", ""sports"", ""world""]","[0.00026737337940369146, 2.2818195854841553e-06, 0.9899821533975448, 0.00974819140346601]",
d1-omni,ood_agnews_balanced,3889,topic,choice,0,0,"[""business"", ""scitech"", ""sports"", ""world""]","[0.9866413995939625, 4.4351542952338635e-06, 0.00015573511280077377, 0.013198430138941527]",
d1-omni,ood_agnews_balanced,3892,topic,choice,2,2,"[""business"", ""scitech"", ""sports"", ""world""]","[0.0007242253239525517, 4.629130800553273e-06, 0.9981093068866268, 0.0011618386586200995]",
d1-omni,ood_agnews_balanced,3913,topic,choice,1,3,"[""business"", ""scitech"", ""sports"", ""world""]","[0.11400757547699328, 0.05059055799108398, 0.006053993322305273, 0.8293478732096174]",
d1-omni,ood_agnews_balanced,3931,topic,choice,3,3,"[""business"", ""scitech"", ""sports"", ""world""]","[0.004942146518861428, 8.096995149819104e-06, 0.00030383738171355307, 0.9947459191042751]",
d1-omni,ood_agnews_balanced,3933,topic,choice,2,2,"[""business"", ""scitech"", ""sports"", ""world""]","[0.00012823252563483664, 2.281191726755798e-05, 0.9992720078878535, 0.0005769476692440489]",
d1-omni,ood_agnews_balanced,3940,topic,choice,0,0,"[""business"", ""scitech"", ""sports"", ""world""]","[0.9940276383416377, 9.799450321289351e-05, 0.0030604501412658494, 0.0028139170138836507]",
d1-omni,ood_agnews_balanced,3943,topic,choice,3,3,"[""business"", ""scitech"", ""sports"", ""world""]","[0.008929431619055921, 5.2273169041017674e-05, 0.00039233170798677375, 0.9906259635039163]",
d1-omni,ood_agnews_balanced,3951,topic,choice,2,2,"[""business"", ""scitech"", ""sports"", ""world""]","[0.00033645669465896626, 8.72442115191424e-06, 0.9990526725173975, 0.0006021463667915505]",
d1-omni,ood_agnews_balanced,3960,topic,choice,3,3,"[""business"", ""scitech"", ""sports"", ""world""]","[0.0008056202012376689, 3.3638897388288293e-06, 4.195233601274815e-05, 0.9991490635730107]",
d1-omni,ood_agnews_balanced,3969,topic,choice,1,0,"[""business"", ""scitech"", ""sports"", ""world""]","[0.5887401758387504, 0.3102442823101761, 0.00019558100186067143, 0.10081996084921285]",
d1-omni,ood_agnews_balanced,3970,topic,choice,0,1,"[""business"", ""scitech"", ""sports"", ""world""]","[0.05060759345929634, 0.9391734198936506, 8.817450020067857e-05, 0.010130812146852658]",
d1-omni,ood_agnews_balanced,3973,topic,choice,2,2,"[""business"", ""scitech"", ""sports"", ""world""]","[0.000528257184260244, 6.221604466608131e-07, 0.9989948111945072, 0.00047630946078601705]",
d1-omni,ood_agnews_balanced,3977,topic,choice,0,0,"[""business"", ""scitech"", ""sports"", ""world""]","[0.8821361232782163, 0.0012581121401468891, 0.0004984915374519755, 0.11610727304418486]",
d1-omni,ood_agnews_balanced,3982,topic,choice,2,2,"[""business"", ""scitech"", ""sports"", ""world""]","[0.00023949546163131043, 6.161854416715082e-06, 0.9989613611743403, 0.000792981509611837]",
d1-omni,ood_agnews_balanced,3991,topic,choice,1,1,"[""business"", ""scitech"", ""sports"", ""world""]","[0.23800998863871667, 0.7410400129620646, 0.0012212221592815876, 0.019728776239937136]",
d1-omni,ood_agnews_balanced,4002,topic,choice,0,0,"[""business"", ""scitech"", ""sports"", ""world""]","[0.996322890703057, 0.00019457387429463728, 9.975261106913985e-06, 0.003472560161541435]",
d1-omni,ood_agnews_balanced,4007,topic,choice,3,3,"[""business"", ""scitech"", ""sports"", ""world""]","[0.0183207268952812, 0.0001257559543252842, 0.0015806520386191303, 0.9799728651117745]",
d1-omni,ood_agnews_balanced,4012,topic,choice,1,1,"[""business"", ""scitech"", ""sports"", ""world""]","[0.056886016962227046, 0.9252942900976419, 0.0007519223285453786, 0.017067770611585754]",
d1-omni,ood_agnews_balanced,4021,topic,choice,1,1,"[""business"", ""scitech"", ""sports"", ""world""]","[0.49296149342054457, 0.4987724285008666, 8.52084593213473e-05, 0.008180869619267388]",
d1-omni,ood_agnews_balanced,4023,topic,choice,1,1,"[""business"", ""scitech"", ""sports"", ""world""]","[0.2588551900737407, 0.627361363665129, 0.005401300328883738, 0.10838214593224668]",
d1-omni,ood_agnews_balanced,4027,topic,choice,3,2,"[""business"", ""scitech"", ""sports"", ""world""]","[0.0014671574670715912, 1.7848200280575418e-05, 0.9960865932555814, 0.0024284010770665733]",
d1-omni,ood_agnews_balanced,4036,topic,choice,0,2,"[""business"", ""scitech"", ""sports"", ""world""]","[0.002437268871597535, 5.879311257516424e-05, 0.9968001716813225, 0.0007037663345048189]",
d1-omni,ood_agnews_balanced,4042,topic,choice,2,2,"[""business"", ""scitech"", ""sports"", ""world""]","[0.00011232096683659702, 5.536966721881308e-07, 0.9995997429109504, 0.0002873824255407099]",
d1-omni,ood_agnews_balanced,4049,topic,choice,0,0,"[""business"", ""scitech"", ""sports"", ""world""]","[0.9924888042366616, 0.002660040438730897, 3.9147910040049967e-05, 0.004812007414567399]",
d1-omni,ood_agnews_balanced,4062,topic,choice,3,3,"[""business"", ""scitech"", ""sports"", ""world""]","[0.018456257645367603, 4.104874542677894e-05, 0.0019624481614314497, 0.9795402454477743]",
d1-omni,ood_agnews_balanced,4071,topic,choice,2,2,"[""business"", ""scitech"", ""sports"", ""world""]","[0.0007622527143644451, 1.757712782414457e-06, 0.9985029381308699, 0.000733051441983263]",
d1-omni,ood_agnews_balanced,4072,topic,choice,1,1,"[""business"", ""scitech"", ""sports"", ""world""]","[0.03142384192569554, 0.9521280870517402, 5.379634744893955e-05, 0.01639427467511538]",
d1-omni,ood_agnews_balanced,4075,topic,choice,1,1,"[""business"", ""scitech"", ""sports"", ""world""]","[0.0036632511633927986, 0.9960723882339599, 0.00010151125214496037, 0.00016284935050231515]",
d1-omni,ood_agnews_balanced,4082,topic,choice,1,1,"[""business"", ""scitech"", ""sports"", ""world""]","[0.021368710277575607, 0.9703699868674488, 8.442166505462979e-05, 0.008176881189920937]",
d1-omni,ood_agnews_balanced,4098,topic,choice,0,0,"[""business"", ""scitech"", ""sports"", ""world""]","[0.9991017105053087, 1.6202506149140932e-06, 4.971265616686555e-06, 0.0008916979784595738]",
d1-omni,ood_agnews_balanced,4112,topic,choice,2,2,"[""business"", ""scitech"", ""sports"", ""world""]","[0.010954411495515109, 1.4336739450477732e-05, 0.9803231845174493, 0.008708067247585103]",
d1-omni,ood_agnews_balanced,4128,topic,choice,0,0,"[""business"", ""scitech"", ""sports"", ""world""]","[0.9768438391483298, 0.00018635047813844174, 0.0001308581699527716, 0.02283895220357878]",
d1-omni,ood_agnews_balanced,4136,topic,choice,0,0,"[""business"", ""scitech"", ""sports"", ""world""]","[0.9243340437401343, 0.06932057665848713, 0.00010508802442709249, 0.006240291576951527]",
d1-omni,ood_agnews_balanced,4143,topic,choice,3,3,"[""business"", ""scitech"", ""sports"", ""world""]","[0.011552234996897197, 0.005958207909429629, 0.0036851122851729746, 0.9788044448085003]",
d1-omni,ood_agnews_balanced,4159,topic,choice,1,0,"[""business"", ""scitech"", ""sports"", ""world""]","[0.4778080980619327, 0.4299807533297299, 0.00021484857579320493, 0.09199630003254423]",
d1-omni,ood_agnews_balanced,4161,topic,choice,0,0,"[""business"", ""scitech"", ""sports"", ""world""]","[0.9792625718314617, 0.00018177308492330464, 7.230431760776834e-05, 0.020483350766007304]",
d1-omni,ood_agnews_balanced,4162,topic,choice,3,3,"[""business"", ""scitech"", ""sports"", ""world""]","[0.0005584575877301956, 1.746477777976116e-06, 0.0014886830335028515, 0.997951112900989]",
d1-omni,ood_agnews_balanced,4165,topic,choice,0,0,"[""business"", ""scitech"", ""sports"", ""world""]","[0.9571586134062117, 1.68847601888525e-05, 0.00014932123716622758, 0.042675180596433285]",
d1-omni,ood_agnews_balanced,4173,topic,choice,1,1,"[""business"", ""scitech"", ""sports"", ""world""]","[0.0142885756868095, 0.8690236190381453, 0.0002780393098836375, 0.1164097659651617]",
d1-omni,ood_agnews_balanced,4175,topic,choice,2,2,"[""business"", ""scitech"", ""sports"", ""world""]","[3.479278897620573e-05, 1.1053821170070362e-06, 0.9995242141957811, 0.0004398876331256116]",
d1-omni,ood_agnews_balanced,4176,topic,choice,3,3,"[""business"", ""scitech"", ""sports"", ""world""]","[0.022782067982965754, 3.076284770446906e-05, 0.0008713615514855139, 0.9763158076178442]",
d1-omni,ood_agnews_balanced,4180,topic,choice,2,2,"[""business"", ""scitech"", ""sports"", ""world""]","[0.0010277822129491727, 2.0430746335873955e-06, 0.9966066196265045, 0.00236355508591266]",
d1-omni,ood_agnews_balanced,4191,topic,choice,0,0,"[""business"", ""scitech"", ""sports"", ""world""]","[0.9805709786988015, 4.101179323280871e-05, 0.0002780835803956729, 0.019109925927570062]",
d1-omni,ood_agnews_balanced,4198,topic,choice,0,0,"[""business"", ""scitech"", ""sports"", ""world""]","[0.8939963056739202, 0.00012307971529501116, 0.0001455909750960609, 0.10573502363568875]",
d1-omni,ood_agnews_balanced,4203,topic,choice,1,1,"[""business"", ""scitech"", ""sports"", ""world""]","[0.0017510197154488787, 0.9731232647499302, 0.0007074759481938326, 0.024418239586426947]",
d1-omni,ood_agnews_balanced,4211,topic,choice,3,3,"[""business"", ""scitech"", ""sports"", ""world""]","[0.003283248277128394, 1.8556270395669624e-05, 0.0027112985558788664, 0.9939868968965969]",
d1-omni,ood_agnews_balanced,4224,topic,choice,2,2,"[""business"", ""scitech"", ""sports"", ""world""]","[0.0002746306854979295, 1.3995221440450113e-06, 0.9971861517730296, 0.0025378180193285044]",
d1-omni,ood_agnews_balanced,4225,topic,choice,1,1,"[""business"", ""scitech"", ""sports"", ""world""]","[0.07238470872365636, 0.8597178062653361, 0.0002625941008709926, 0.06763489091013665]",
d1-omni,ood_agnews_balanced,4232,topic,choice,1,1,"[""business"", ""scitech"", ""sports"", ""world""]","[0.16575555332393102, 0.8190708118794551, 0.00015717069058801994, 0.015016464106025884]",
d1-omni,ood_agnews_balanced,4253,topic,choice,0,0,"[""business"", ""scitech"", ""sports"", ""world""]","[0.9974923130245593, 9.790889773986865e-08, 2.2949875384822853e-05, 0.002484639191158214]",
d1-omni,ood_agnews_balanced,4264,topic,choice,1,0,"[""business"", ""scitech"", ""sports"", ""world""]","[0.8733365591141804, 0.11958647400258628, 0.0005315403874653934, 0.006545426495768034]",
d1-omni,ood_agnews_balanced,4265,topic,choice,2,2,"[""business"", ""scitech"", ""sports"", ""world""]","[0.0006254424453868251, 2.3204913775844972e-06, 0.9950308067035623, 0.004341430359673321]",
d1-omni,ood_agnews_balanced,4282,topic,choice,3,3,"[""business"", ""scitech"", ""sports"", ""world""]","[0.00011912278377779028, 7.028179244063738e-07, 8.028822302598196e-05, 0.9997998861752718]",
d1-omni,ood_agnews_balanced,4287,topic,choice,0,0,"[""business"", ""scitech"", ""sports"", ""world""]","[0.9789740639163445, 1.334493243056312e-05, 0.00042499336771805476, 0.020587597783506998]",
d1-omni,ood_agnews_balanced,4295,topic,choice,3,3,"[""business"", ""scitech"", ""sports"", ""world""]","[0.01487495233891833, 1.4566479002553175e-05, 0.0026026102617139582, 0.9825078709203652]",
d1-omni,ood_agnews_balanced,4303,topic,choice,3,3,"[""business"", ""scitech"", ""sports"", ""world""]","[0.000388188593577061, 1.6304156592602992e-06, 0.00011430098987520986, 0.9994958800008884]",
d1-omni,ood_agnews_balanced,4316,topic,choice,1,0,"[""business"", ""scitech"", ""sports"", ""world""]","[0.7497118932534309, 0.22466511608028972, 4.4305841666648815e-05, 0.025578684824612716]",
d1-omni,ood_agnews_balanced,4320,topic,choice,1,1,"[""business"", ""scitech"", ""sports"", ""world""]","[0.02182763040205449, 0.9648716454754288, 7.451503022932118e-05, 0.013226209092287446]",
d1-omni,ood_agnews_balanced,4322,topic,choice,1,1,"[""business"", ""scitech"", ""sports"", ""world""]","[0.04186779956120749, 0.9390495797988576, 0.0011981825620600664, 0.017884438077874695]",
d1-omni,ood_agnews_balanced,4330,topic,choice,2,2,"[""business"", ""scitech"", ""sports"", ""world""]","[4.163928374248947e-05, 2.651532638193537e-06, 0.999470722331496, 0.0004849868521231377]",
d1-omni,ood_agnews_balanced,4335,topic,choice,0,0,"[""business"", ""scitech"", ""sports"", ""world""]","[0.9876061938223271, 5.503494893004879e-06, 2.4282550379678673e-05, 0.012364020132400228]",
d1-omni,ood_agnews_balanced,4345,topic,choice,2,2,"[""business"", ""scitech"", ""sports"", ""world""]","[0.0005019381492845454, 3.6639992700180927e-06, 0.9986700684017101, 0.000824329449735181]",
d1-omni,ood_agnews_balanced,4355,topic,choice,2,2,"[""business"", ""scitech"", ""sports"", ""world""]","[0.00011814729078722097, 1.71542255791251e-05, 0.9993900583536091, 0.0004746401300247045]",
d1-omni,ood_agnews_balanced,4375,topic,choice,3,0,"[""business"", ""scitech"", ""sports"", ""world""]","[0.738914374163633, 0.0005740874039232768, 0.004275232733503207, 0.2562363056989404]",
d1-omni,ood_agnews_balanced,4379,topic,choice,2,2,"[""business"", ""scitech"", ""sports"", ""world""]","[0.000791563240707555, 1.7451201561745257e-06, 0.9913495657787891, 0.007857125860347204]",
d1-omni,ood_agnews_balanced,4380,topic,choice,3,3,"[""business"", ""scitech"", ""sports"", ""world""]","[0.0007148068793810033, 2.1085279925515837e-05, 0.0005743634116229783, 0.9986897444290704]",
d1-omni,ood_agnews_balanced,4385,topic,choice,3,3,"[""business"", ""scitech"", ""sports"", ""world""]","[0.0004596155973693647, 5.564059742281183e-06, 0.00106032200672394, 0.9984744983361644]",
d1-omni,ood_agnews_balanced,4386,topic,choice,3,3,"[""business"", ""scitech"", ""sports"", ""world""]","[0.0017408986618132527, 4.006580895884331e-06, 4.479070775475714e-05, 0.9982103040495361]",
d1-omni,ood_agnews_balanced,4392,topic,choice,0,0,"[""business"", ""scitech"", ""sports"", ""world""]","[0.9992007702016079, 7.944844509230778e-06, 2.101380811412246e-05, 0.0007702711457686409]",
d1-omni,ood_agnews_balanced,4405,topic,choice,2,2,"[""business"", ""scitech"", ""sports"", ""world""]","[0.0003810980679318662, 1.194147263015716e-06, 0.9986407307439871, 0.0009769770408182003]",
d1-omni,ood_agnews_balanced,4419,topic,choice,3,3,"[""business"", ""scitech"", ""sports"", ""world""]","[0.00013054345932455737, 1.3255970574245917e-06, 0.00031315764725131596, 0.9995549732963668]",
d1-omni,ood_agnews_balanced,4421,topic,choice,2,2,"[""business"", ""scitech"", ""sports"", ""world""]","[0.0002969945116400478, 1.402484051812803e-06, 0.9992964518458358, 0.0004051511584724006]",
d1-omni,ood_agnews_balanced,4424,topic,choice,2,2,"[""business"", ""scitech"", ""sports"", ""world""]","[0.000715865723574004, 1.3687196086732793e-05, 0.9962697555887765, 0.0030006914915628184]",
d1-omni,ood_agnews_balanced,4427,topic,choice,2,2,"[""business"", ""scitech"", ""sports"", ""world""]","[0.00026299652455853066, 1.2300526206681426e-05, 0.9988183347366132, 0.0009063682126215408]",
d1-omni,ood_agnews_balanced,4433,topic,choice,2,2,"[""business"", ""scitech"", ""sports"", ""world""]","[0.0002564940596062739, 5.69999644898021e-06, 0.9991731772516211, 0.0005646286923235998]",
d1-omni,ood_agnews_balanced,4445,topic,choice,2,2,"[""business"", ""scitech"", ""sports"", ""world""]","[0.00043412310287392934, 2.3184669242794465e-06, 0.9941626405116978, 0.005400917918504038]",
d1-omni,ood_agnews_balanced,4451,topic,choice,1,0,"[""business"", ""scitech"", ""sports"", ""world""]","[0.9843617618015226, 0.0017369834171284792, 0.00014510877611481087, 0.013756146005234095]",
d1-omni,ood_agnews_balanced,4452,topic,choice,3,3,"[""business"", ""scitech"", ""sports"", ""world""]","[0.0011487469421310069, 5.24830135006782e-05, 0.00030320103977395747, 0.9984955690045945]",
d1-omni,ood_agnews_balanced,4455,topic,choice,3,3,"[""business"", ""scitech"", ""sports"", ""world""]","[0.006736524749767279, 3.770348897514971e-05, 0.0050849952044104765, 0.9881407765568471]",
d1-omni,ood_agnews_balanced,4460,topic,choice,2,2,"[""business"", ""scitech"", ""sports"", ""world""]","[0.006412349206571177, 1.6024718541456307e-06, 0.9920061714326143, 0.0015798768889605233]",
d1-omni,ood_agnews_balanced,4463,topic,choice,3,3,"[""business"", ""scitech"", ""sports"", ""world""]","[3.57718195958805e-05, 8.217845973852239e-07, 3.295453936106855e-05, 0.9999304518564457]",
d1-omni,ood_agnews_balanced,4466,topic,choice,3,3,"[""business"", ""scitech"", ""sports"", ""world""]","[0.0022169515712214967, 1.5349502799375247e-06, 2.6267742494669556e-05, 0.9977552457360038]",
d1-omni,ood_agnews_balanced,4496,topic,choice,0,0,"[""business"", ""scitech"", ""sports"", ""world""]","[0.9929918017065632, 4.420980114218701e-05, 3.470069363442386e-05, 0.006929287798660237]",
d1-omni,ood_agnews_balanced,4511,topic,choice,2,2,"[""business"", ""scitech"", ""sports"", ""world""]","[0.0039042362407232857, 3.4918614402676535e-05, 0.9799019266313342, 0.016158918513539643]",
d1-omni,ood_agnews_balanced,4512,topic,choice,3,3,"[""business"", ""scitech"", ""sports"", ""world""]","[0.00034737049547654315, 0.0001076103847981651, 0.0017709970933745733, 0.9977740220263508]",
d1-omni,ood_agnews_balanced,4516,topic,choice,2,2,"[""business"", ""scitech"", ""sports"", ""world""]","[0.0003032500706223326, 2.0076806770819872e-06, 0.9986577802460329, 0.0010369620026676892]",
d1-omni,ood_agnews_balanced,4520,topic,choice,3,3,"[""business"", ""scitech"", ""sports"", ""world""]","[0.33588492131647324, 0.0010545322391734432, 0.08609406593833804, 0.5769664805060153]",
d1-omni,ood_agnews_balanced,4529,topic,choice,2,2,"[""business"", ""scitech"", ""sports"", ""world""]","[0.002330768809964301, 5.599650288184221e-06, 0.9970411950600153, 0.0006224364797321234]",
d1-omni,ood_agnews_balanced,4532,topic,choice,2,2,"[""business"", ""scitech"", ""sports"", ""world""]","[0.005896118849199783, 3.3367586224125186e-06, 0.9910905710993785, 0.003009973292799467]",
d1-omni,ood_agnews_balanced,4534,topic,choice,3,3,"[""business"", ""scitech"", ""sports"", ""world""]","[0.1584936986569534, 0.00011195529274632736, 0.0007473519902609919, 0.8406469940600393]",
d1-omni,ood_agnews_balanced,4547,topic,choice,1,1,"[""business"", ""scitech"", ""sports"", ""world""]","[0.1272974666636417, 0.8652604817549913, 0.0006922355126378368, 0.006749816068729306]",
d1-omni,ood_agnews_balanced,4558,topic,choice,3,3,"[""business"", ""scitech"", ""sports"", ""world""]","[0.0031659651661298557, 5.763927404556682e-06, 0.00016713578757403884, 0.9966611351188914]",
d1-omni,ood_agnews_balanced,4576,topic,choice,1,1,"[""business"", ""scitech"", ""sports"", ""world""]","[0.004603594243855292, 0.991191134493235, 0.00035882499759271193, 0.0038464462653168127]",
d1-omni,ood_agnews_balanced,4594,topic,choice,1,1,"[""business"", ""scitech"", ""sports"", ""world""]","[0.0006133709790345825, 0.9882937867260249, 5.4759682783911924e-05, 0.011038082612156849]",
d1-omni,ood_agnews_balanced,4599,topic,choice,0,0,"[""business"", ""scitech"", ""sports"", ""world""]","[0.9719127087648048, 5.556148783011054e-05, 4.017606787891413e-05, 0.027991553679486223]",
d1-omni,ood_agnews_balanced,4601,topic,choice,2,2,"[""business"", ""scitech"", ""sports"", ""world""]","[0.00016302885254073667, 6.941570240012735e-07, 0.9991197643053017, 0.0007165126851334555]",
d1-omni,ood_agnews_balanced,4609,topic,choice,1,1,"[""business"", ""scitech"", ""sports"", ""world""]","[0.03206124751539991, 0.9433941899720448, 0.0002961404366118928, 0.0242484220759432]",
d1-omni,ood_agnews_balanced,4640,topic,choice,2,2,"[""business"", ""scitech"", ""sports"", ""world""]","[0.005158972606677703, 3.240071137198115e-05, 0.983125796699607, 0.011682829982343186]",
d1-omni,ood_agnews_balanced,4644,topic,choice,3,3,"[""business"", ""scitech"", ""sports"", ""world""]","[0.0014832513025070633, 4.12565645770166e-06, 0.0003115141897202463, 0.998201108851315]",
d1-omni,ood_agnews_balanced,4645,topic,choice,0,0,"[""business"", ""scitech"", ""sports"", ""world""]","[0.976261676722453, 7.523631598706424e-06, 3.094189896675658e-05, 0.023699857746981485]",
d1-omni,ood_agnews_balanced,4647,topic,choice,3,3,"[""business"", ""scitech"", ""sports"", ""world""]","[0.0011647306836670996, 1.2738400116866017e-05, 0.00018072279034689722, 0.9986418081258692]",
d1-omni,ood_agnews_balanced,4650,topic,choice,3,0,"[""business"", ""scitech"", ""sports"", ""world""]","[0.8725981797603579, 0.00020118617651083054, 9.120095846546736e-06, 0.12719151396728473]",
d1-omni,ood_agnews_balanced,4667,topic,choice,0,0,"[""business"", ""scitech"", ""sports"", ""world""]","[0.9593989763476956, 8.476899068458555e-06, 0.03422838726525837, 0.006364159487977716]",
d1-omni,ood_agnews_balanced,4679,topic,choice,3,3,"[""business"", ""scitech"", ""sports"", ""world""]","[0.0008608562231488323, 4.669871306854749e-06, 7.685432143028345e-05, 0.9990576195841141]",
d1-omni,ood_agnews_balanced,4681,topic,choice,0,0,"[""business"", ""scitech"", ""sports"", ""world""]","[0.7683082253143512, 0.22055434772707047, 0.0002421231056826141, 0.010895303852895612]",
d1-omni,ood_agnews_balanced,4690,topic,choice,2,2,"[""business"", ""scitech"", ""sports"", ""world""]","[0.0004219264210957273, 2.4796376972282824e-06, 0.9988522437694115, 0.0007233501717955321]",
d1-omni,ood_agnews_balanced,4692,topic,choice,3,3,"[""business"", ""scitech"", ""sports"", ""world""]","[0.00012050432484050328, 7.584143400810218e-06, 0.00026013898858492836, 0.9996117725431737]",
d1-omni,ood_agnews_balanced,4701,topic,choice,1,1,"[""business"", ""scitech"", ""sports"", ""world""]","[0.35476135288079624, 0.6336668550587607, 0.0006902220323921576, 0.010881570028050883]",
d1-omni,ood_agnews_balanced,4706,topic,choice,1,1,"[""business"", ""scitech"", ""sports"", ""world""]","[0.08194752320225998, 0.9092073078696429, 0.0013830516539991959, 0.007462117274097925]",
d1-omni,ood_agnews_balanced,4707,topic,choice,2,2,"[""business"", ""scitech"", ""sports"", ""world""]","[0.007497268034998924, 1.7723530897710811e-06, 0.9912100173022932, 0.0012909423096179864]",
d1-omni,ood_agnews_balanced,4713,topic,choice,0,0,"[""business"", ""scitech"", ""sports"", ""world""]","[0.9964176290123251, 7.755480379323683e-05, 0.0003642570430944893, 0.0031405591407873074]",
d1-omni,ood_agnews_balanced,4720,topic,choice,3,1,"[""business"", ""scitech"", ""sports"", ""world""]","[0.014948424598521515, 0.9696827413346202, 0.00198877024511293, 0.013380063821745404]",
d1-omni,ood_agnews_balanced,4729,topic,choice,2,2,"[""business"", ""scitech"", ""sports"", ""world""]","[2.874121644873909e-05, 7.041242888219821e-08, 0.9998532169811437, 0.00011797138997863525]",
d1-omni,ood_agnews_balanced,4737,topic,choice,1,1,"[""business"", ""scitech"", ""sports"", ""world""]","[0.017379910981343262, 0.7426299686494798, 0.004334660867608018, 0.23565545950156888]",
d1-omni,ood_agnews_balanced,4749,topic,choice,1,1,"[""business"", ""scitech"", ""sports"", ""world""]","[0.10777765912536183, 0.8737934213093818, 0.0003071924525936292, 0.018121727112662866]",
d1-omni,ood_agnews_balanced,4750,topic,choice,0,0,"[""business"", ""scitech"", ""sports"", ""world""]","[0.9937668651699011, 1.7357615809714055e-06, 1.442024478930074e-05, 0.006216978823728674]",
d1-omni,ood_agnews_balanced,4756,topic,choice,0,0,"[""business"", ""scitech"", ""sports"", ""world""]","[0.9740869220655591, 1.6554945923233478e-06, 3.5321699809228955e-06, 0.02590789026986751]",
d1-omni,ood_agnews_balanced,4765,topic,choice,0,0,"[""business"", ""scitech"", ""sports"", ""world""]","[0.9456320917675668, 0.0050403667561208535, 3.6011117481872644e-05, 0.04929153035883037]",
d1-omni,ood_agnews_balanced,4792,topic,choice,1,1,"[""business"", ""scitech"", ""sports"", ""world""]","[0.10706117442067553, 0.8631240872330465, 0.00016465640031424446, 0.02965008194596377]",
d1-omni,ood_agnews_balanced,4805,topic,choice,2,2,"[""business"", ""scitech"", ""sports"", ""world""]","[5.657257374563056e-05, 1.0441330197772951e-07, 0.9993102645138023, 0.0006330584991499434]",
d1-omni,ood_agnews_balanced,4813,topic,choice,3,3,"[""business"", ""scitech"", ""sports"", ""world""]","[0.0018854838159428227, 7.645578667596773e-06, 0.0001911154273863346, 0.9979157551780031]",
d1-omni,ood_agnews_balanced,4823,topic,choice,2,2,"[""business"", ""scitech"", ""sports"", ""world""]","[0.009210086855301955, 1.6368954711129386e-06, 0.9783097402253976, 0.012478536023829446]",
d1-omni,ood_agnews_balanced,4832,topic,choice,0,0,"[""business"", ""scitech"", ""sports"", ""world""]","[0.9972785646173389, 0.00019286776088506117, 0.00011382480842915915, 0.0024147428133469485]",
d1-omni,ood_agnews_balanced,4835,topic,choice,0,0,"[""business"", ""scitech"", ""sports"", ""world""]","[0.6206453995932772, 0.33875975495804594, 0.0007338326080942501, 0.039861012840582674]",
d1-omni,ood_agnews_balanced,4836,topic,choice,0,0,"[""business"", ""scitech"", ""sports"", ""world""]","[0.9986402101908921, 1.4776773665303352e-05, 1.2250369754691363e-05, 0.001332762665687771]",
d1-omni,ood_agnews_balanced,4837,topic,choice,0,0,"[""business"", ""scitech"", ""sports"", ""world""]","[0.9656389111602877, 0.0008435141172965984, 0.00015911196546308863, 0.03335846275695274]",
d1-omni,ood_agnews_balanced,4844,topic,choice,1,0,"[""business"", ""scitech"", ""sports"", ""world""]","[0.44014956880883305, 0.04091562785163792, 0.236721179011058, 0.28221362432847097]",
d1-omni,ood_agnews_balanced,4846,topic,choice,3,3,"[""business"", ""scitech"", ""sports"", ""world""]","[0.264841554734482, 0.2592122821884019, 0.0005765168113419517, 0.47536964626577416]",
d1-omni,ood_agnews_balanced,4853,topic,choice,1,1,"[""business"", ""scitech"", ""sports"", ""world""]","[0.1781875761528349, 0.7939158605964102, 0.0006439012449250108, 0.02725266200582997]",
d1-omni,ood_agnews_balanced,4868,topic,choice,2,2,"[""business"", ""scitech"", ""sports"", ""world""]","[0.001435126304558976, 5.2787489087951875e-05, 0.9906509094178509, 0.007861176788502145]",
d1-omni,ood_agnews_balanced,4880,topic,choice,3,3,"[""business"", ""scitech"", ""sports"", ""world""]","[0.1287191644386979, 1.87356464915529e-05, 0.0010249310317371326, 0.8702371688830735]",
d1-omni,ood_agnews_balanced,4882,topic,choice,2,2,"[""business"", ""scitech"", ""sports"", ""world""]","[0.0006984451035088441, 9.160232460553353e-06, 0.9970223213706322, 0.002270073293398531]",
d1-omni,ood_agnews_balanced,4885,topic,choice,1,1,"[""business"", ""scitech"", ""sports"", ""world""]","[0.0002998577033858487, 0.9913503575558569, 3.680565538370128e-05, 0.008312979085373628]",
d1-omni,ood_agnews_balanced,4890,topic,choice,3,3,"[""business"", ""scitech"", ""sports"", ""world""]","[0.0003835975812229147, 6.756685570409871e-06, 0.00029182558079660624, 0.99931782015241]",
d1-omni,ood_agnews_balanced,4893,topic,choice,3,3,"[""business"", ""scitech"", ""sports"", ""world""]","[0.0032427244332027517, 3.5257729185734876e-05, 0.0034316953087531964, 0.9932903225288583]",
d1-omni,ood_agnews_balanced,4896,topic,choice,2,2,"[""business"", ""scitech"", ""sports"", ""world""]","[0.00017310263807912208, 3.12133186339216e-06, 0.9985308969901471, 0.001292879039910203]",
d1-omni,ood_agnews_balanced,4903,topic,choice,2,2,"[""business"", ""scitech"", ""sports"", ""world""]","[0.00857704086744861, 7.406815039670889e-06, 0.9877472692315048, 0.0036682830860070214]",
d1-omni,ood_agnews_balanced,4915,topic,choice,1,1,"[""business"", ""scitech"", ""sports"", ""world""]","[0.0075451093395174475, 0.8832380151416259, 0.00022104835440365096, 0.10899582716445294]",
d1-omni,ood_agnews_balanced,4918,topic,choice,3,3,"[""business"", ""scitech"", ""sports"", ""world""]","[0.04578978632870042, 2.6321629252378588e-05, 0.005739667484927099, 0.94844422455712]",
d1-omni,ood_agnews_balanced,4928,topic,choice,1,0,"[""business"", ""scitech"", ""sports"", ""world""]","[0.4867816042076054, 0.1851226675433636, 0.0006471152758534347, 0.3274486129731777]",
d1-omni,ood_agnews_balanced,4938,topic,choice,2,2,"[""business"", ""scitech"", ""sports"", ""world""]","[0.00034072822713579064, 1.581206252445974e-05, 0.996051137653344, 0.0035923220569956385]",
d1-omni,ood_agnews_balanced,4944,topic,choice,1,1,"[""business"", ""scitech"", ""sports"", ""world""]","[0.12994672437338778, 0.4513493088939995, 0.26378444660740696, 0.1549195201252058]",
d1-omni,ood_agnews_balanced,4953,topic,choice,2,2,"[""business"", ""scitech"", ""sports"", ""world""]","[0.00045830787598062514, 8.458775271545027e-07, 0.993690990939434, 0.005849855307058031]",
d1-omni,ood_agnews_balanced,4981,topic,choice,0,0,"[""business"", ""scitech"", ""sports"", ""world""]","[0.9929414113571619, 0.000622303233127844, 0.0001604461417942156, 0.0062758392679158215]",
d1-omni,ood_agnews_balanced,4983,topic,choice,1,1,"[""business"", ""scitech"", ""sports"", ""world""]","[0.013296318914297263, 0.9852612761322422, 2.6193368085051762e-05, 0.0014162115853754724]",
d1-omni,ood_agnews_balanced,4996,topic,choice,2,2,"[""business"", ""scitech"", ""sports"", ""world""]","[0.001093000351467076, 2.7685268977902133e-05, 0.9975800757029373, 0.0012992386766178844]",
d1-omni,ood_agnews_balanced,5007,topic,choice,0,0,"[""business"", ""scitech"", ""sports"", ""world""]","[0.9813920003501707, 0.015461253562539393, 7.161730645338635e-05, 0.003075128780836526]",
d1-omni,ood_agnews_balanced,5010,topic,choice,3,3,"[""business"", ""scitech"", ""sports"", ""world""]","[0.26625686700623313, 6.198131198787873e-06, 1.2668164457559978e-05, 0.7337242666981105]",
d1-omni,ood_agnews_balanced,5012,topic,choice,3,3,"[""business"", ""scitech"", ""sports"", ""world""]","[0.0004432154530616016, 6.248473418314731e-06, 0.0003022466132546229, 0.9992482894602656]",
d1-omni,ood_agnews_balanced,5013,topic,choice,1,1,"[""business"", ""scitech"", ""sports"", ""world""]","[0.13358959813499305, 0.6553073310420833, 0.0018586877869396358, 0.20924438303598394]",
d1-omni,ood_agnews_balanced,5017,topic,choice,2,2,"[""business"", ""scitech"", ""sports"", ""world""]","[0.0009817819414062328, 4.493582368397456e-06, 0.9957422958324443, 0.0032714286437809433]",
d1-omni,ood_agnews_balanced,5020,topic,choice,0,0,"[""business"", ""scitech"", ""sports"", ""world""]","[0.9596528271360243, 0.026411471217976188, 9.914593761222132e-05, 0.013836555708387259]",
d1-omni,ood_agnews_balanced,5021,topic,choice,2,2,"[""business"", ""scitech"", ""sports"", ""world""]","[0.0010390001701570922, 7.635273922406813e-07, 0.9967194800814329, 0.002240756221017799]",
d1-omni,ood_agnews_balanced,5028,topic,choice,0,0,"[""business"", ""scitech"", ""sports"", ""world""]","[0.9589042938111085, 3.971585667697498e-05, 0.002109920563078999, 0.03894606976913549]",
d1-omni,ood_agnews_balanced,5029,topic,choice,2,2,"[""business"", ""scitech"", ""sports"", ""world""]","[0.0005329342230343167, 1.3158616482307428e-06, 0.9980451046783165, 0.00142064523700089]",
d1-omni,ood_agnews_balanced,5042,topic,choice,3,3,"[""business"", ""scitech"", ""sports"", ""world""]","[0.007787552387666551, 1.5315063793539836e-05, 0.0007096519240428269, 0.9914874806244971]",
d1-omni,ood_agnews_balanced,5050,topic,choice,0,0,"[""business"", ""scitech"", ""sports"", ""world""]","[0.9771297125626703, 0.0033105683494396416, 0.00024646470640476444, 0.01931325438148502]",
d1-omni,ood_agnews_balanced,5052,topic,choice,2,2,"[""business"", ""scitech"", ""sports"", ""world""]","[0.0004103952171183588, 4.0306360790055015e-07, 0.9984855515519222, 0.0011036501673514039]",
d1-omni,ood_agnews_balanced,5053,topic,choice,1,1,"[""business"", ""scitech"", ""sports"", ""world""]","[0.06334937162778607, 0.9250219187268419, 0.00018171085647192313, 0.011446998788900079]",
d1-omni,ood_agnews_balanced,5054,topic,choice,0,0,"[""business"", ""scitech"", ""sports"", ""world""]","[0.9951274886098037, 7.655198610536653e-05, 5.05978020038305e-05, 0.004745361602086972]",
d1-omni,ood_agnews_balanced,5060,topic,choice,1,1,"[""business"", ""scitech"", ""sports"", ""world""]","[0.4559561977263917, 0.5372477603599599, 4.628603135607259e-05, 0.006749755882292389]",
d1-omni,ood_agnews_balanced,5072,topic,choice,1,1,"[""business"", ""scitech"", ""sports"", ""world""]","[0.0644493771880089, 0.9287583289062014, 1.4290184474919971e-05, 0.006778003721314678]",
d1-omni,ood_agnews_balanced,5077,topic,choice,0,0,"[""business"", ""scitech"", ""sports"", ""world""]","[0.8772147074542161, 1.2434134410883541e-05, 4.674296753347558e-05, 0.12272611544383952]",
d1-omni,ood_agnews_balanced,5083,topic,choice,0,0,"[""business"", ""scitech"", ""sports"", ""world""]","[0.9792595613199068, 1.098043421175707e-05, 4.515844543117887e-05, 0.020684299800450473]",
d1-omni,ood_agnews_balanced,5090,topic,choice,0,0,"[""business"", ""scitech"", ""sports"", ""world""]","[0.9940409727416555, 7.367166034922072e-06, 9.259947392963916e-05, 0.0058590606183799125]",
d1-omni,ood_agnews_balanced,5091,topic,choice,1,0,"[""business"", ""scitech"", ""sports"", ""world""]","[0.92790521377333, 0.029537607915965082, 0.0006576889005200943, 0.041899489410185]",
d1-omni,ood_agnews_balanced,5112,topic,choice,3,3,"[""business"", ""scitech"", ""sports"", ""world""]","[0.08083497093780906, 2.0215792205760842e-05, 0.00011588030747124975, 0.9190289329625139]",
d1-omni,ood_agnews_balanced,5115,topic,choice,1,1,"[""business"", ""scitech"", ""sports"", ""world""]","[0.47538323866311144, 0.4838134471421966, 0.0009145744264118984, 0.03988873976828014]",
d1-omni,ood_agnews_balanced,5141,topic,choice,1,1,"[""business"", ""scitech"", ""sports"", ""world""]","[0.369702333653841, 0.6225452811473167, 0.0007550078721214652, 0.006997377326720738]",
d1-omni,ood_agnews_balanced,5145,topic,choice,1,3,"[""business"", ""scitech"", ""sports"", ""world""]","[0.002647502628971767, 0.0018920854943330601, 0.011500229191512482, 0.9839601826851826]",
d1-omni,ood_agnews_balanced,5152,topic,choice,1,3,"[""business"", ""scitech"", ""sports"", ""world""]","[0.008356294805374647, 0.018323268612187003, 0.0008387753268986096, 0.9724816612555397]",
d1-omni,ood_agnews_balanced,5154,topic,choice,1,1,"[""business"", ""scitech"", ""sports"", ""world""]","[0.01070938107462923, 0.7285750554090407, 0.05755612383565869, 0.20315943968067132]",
d1-omni,ood_agnews_balanced,5157,topic,choice,2,2,"[""business"", ""scitech"", ""sports"", ""world""]","[0.00033456164536863205, 4.923023465585601e-07, 0.9992637454432123, 0.00040120060907256375]",
d1-omni,ood_agnews_balanced,5160,topic,choice,0,0,"[""business"", ""scitech"", ""sports"", ""world""]","[0.9476076985036106, 0.0007333578439475599, 0.00024660542305107166, 0.05141233822939063]",
d1-omni,ood_agnews_balanced,5163,topic,choice,3,3,"[""business"", ""scitech"", ""sports"", ""world""]","[0.009042624219764548, 9.811281912143433e-06, 0.0071672912411398166, 0.9837802732571835]",
d1-omni,ood_agnews_balanced,5165,topic,choice,0,0,"[""business"", ""scitech"", ""sports"", ""world""]","[0.9891792867323854, 7.17638576138642e-05, 4.088984657359634e-05, 0.010708059563427071]",
d1-omni,ood_agnews_balanced,5176,topic,choice,0,0,"[""business"", ""scitech"", ""sports"", ""world""]","[0.9639120567733068, 0.008570650324914858, 0.0036148945018411364, 0.02390239839993729]",
d1-omni,ood_agnews_balanced,5182,topic,choice,1,1,"[""business"", ""scitech"", ""sports"", ""world""]","[0.23381609584595514, 0.6073248010438662, 0.002542097690457428, 0.15631700541972116]",
d1-omni,ood_agnews_balanced,5184,topic,choice,3,0,"[""business"", ""scitech"", ""sports"", ""world""]","[0.6091476768872778, 0.00036375349278966343, 0.01022318516770398, 0.3802653844522286]",
d1-omni,ood_agnews_balanced,5196,topic,choice,1,1,"[""business"", ""scitech"", ""sports"", ""world""]","[0.203871012834632, 0.778850764568153, 0.0012081251433875687, 0.01607009745382742]",
d1-omni,ood_agnews_balanced,5202,topic,choice,2,2,"[""business"", ""scitech"", ""sports"", ""world""]","[0.00043463141790061146, 4.841766010410769e-07, 0.9904784566981292, 0.009086427707369216]",
d1-omni,ood_agnews_balanced,5211,topic,choice,2,2,"[""business"", ""scitech"", ""sports"", ""world""]","[0.0003313863505671083, 2.0731417895239606e-06, 0.9994925929989309, 0.0001739475087124744]",
d1-omni,ood_agnews_balanced,5223,topic,choice,0,0,"[""business"", ""scitech"", ""sports"", ""world""]","[0.9838409057470736, 0.00043980391516786527, 3.0999957794329436e-05, 0.015688290379964158]",
d1-omni,ood_agnews_balanced,5236,topic,choice,3,3,"[""business"", ""scitech"", ""sports"", ""world""]","[0.0005376319618033844, 4.088867249310371e-06, 0.0004509663505377601, 0.9990073128204097]",
d1-omni,ood_agnews_balanced,5238,topic,choice,1,1,"[""business"", ""scitech"", ""sports"", ""world""]","[0.05684973843259549, 0.9310471196784357, 0.0023487623106664877, 0.009754379578302374]",
d1-omni,ood_agnews_balanced,5244,topic,choice,0,0,"[""business"", ""scitech"", ""sports"", ""world""]","[0.9162844153976393, 0.00014834886341921397, 0.0002324757400877345, 0.08333475999885374]",
d1-omni,ood_agnews_balanced,5254,topic,choice,3,3,"[""business"", ""scitech"", ""sports"", ""world""]","[0.001830976015296931, 2.616461548790167e-06, 0.000289702306005525, 0.9978767052171487]",
d1-omni,ood_agnews_balanced,5262,topic,choice,2,2,"[""business"", ""scitech"", ""sports"", ""world""]","[0.0018705909088820786, 9.322222201708969e-05, 0.9775438129946434, 0.020492373874457435]",
d1-omni,ood_agnews_balanced,5273,topic,choice,0,0,"[""business"", ""scitech"", ""sports"", ""world""]","[0.993774422523921, 7.181614208880996e-05, 2.4149534813031638e-05, 0.006129611799177056]",
d1-omni,ood_agnews_balanced,5274,topic,choice,3,3,"[""business"", ""scitech"", ""sports"", ""world""]","[0.04505415488047933, 5.21051599149458e-06, 0.0014674833211166692, 0.9534731512824125]",
d1-omni,ood_agnews_balanced,5279,topic,choice,2,2,"[""business"", ""scitech"", ""sports"", ""world""]","[0.00011790981243478469, 3.4577683100428914e-06, 0.9993312890121733, 0.0005473434070818328]",
d1-omni,ood_agnews_balanced,5283,topic,choice,0,0,"[""business"", ""scitech"", ""sports"", ""world""]","[0.9265962280550193, 0.046511366444465546, 3.6052529640814496e-05, 0.026856352970874492]",
d1-omni,ood_agnews_balanced,5290,topic,choice,2,2,"[""business"", ""scitech"", ""sports"", ""world""]","[0.0001794890847472471, 4.745999932128015e-06, 0.9996038615747652, 0.00021190334055544365]",
d1-omni,ood_agnews_balanced,5303,topic,choice,0,0,"[""business"", ""scitech"", ""sports"", ""world""]","[0.9857725257171892, 6.021410012928115e-06, 3.6031175444158016e-05, 0.014185421697353767]",
d1-omni,ood_agnews_balanced,5307,topic,choice,1,0,"[""business"", ""scitech"", ""sports"", ""world""]","[0.5201092277032047, 0.3525900383767402, 0.02979553879005645, 0.09750519512999867]",
d1-omni,ood_agnews_balanced,5310,topic,choice,3,3,"[""business"", ""scitech"", ""sports"", ""world""]","[0.0024189431373580744, 2.0805685934982078e-05, 0.0004962607479768532, 0.9970639904287301]",
d1-omni,ood_agnews_balanced,5312,topic,choice,1,0,"[""business"", ""scitech"", ""sports"", ""world""]","[0.8848491189974633, 0.10424515812593209, 2.5139054804740022e-05, 0.010880583821799709]",
d1-omni,ood_agnews_balanced,5313,topic,choice,0,0,"[""business"", ""scitech"", ""sports"", ""world""]","[0.9895830142677859, 5.6554809388513e-07, 2.0892996540904066e-05, 0.010395527187579095]",
d1-omni,ood_agnews_balanced,5316,topic,choice,0,0,"[""business"", ""scitech"", ""sports"", ""world""]","[0.9695888699033196, 0.0065139276621484325, 2.9495483457394335e-05, 0.023867706951074607]",
d1-omni,ood_agnews_balanced,5318,topic,choice,1,1,"[""business"", ""scitech"", ""sports"", ""world""]","[0.00015482783326384146, 0.9963408078714309, 1.4742749696384586e-05, 0.0034896215456088515]",
d1-omni,ood_agnews_balanced,5344,topic,choice,0,0,"[""business"", ""scitech"", ""sports"", ""world""]","[0.9340242078313505, 0.032027928081639116, 6.0741834989464805e-05, 0.03388712225202087]",
d1-omni,ood_agnews_balanced,5347,topic,choice,1,1,"[""business"", ""scitech"", ""sports"", ""world""]","[0.0005077454403227674, 0.9887518767992253, 4.216957799668402e-05, 0.010698208182455302]",
d1-omni,ood_agnews_balanced,5362,topic,choice,2,2,"[""business"", ""scitech"", ""sports"", ""world""]","[0.0003425443053028729, 5.679097150956624e-06, 0.9994060130027163, 0.0002457635948299268]",
d1-omni,ood_agnews_balanced,5363,topic,choice,0,0,"[""business"", ""scitech"", ""sports"", ""world""]","[0.828296504034539, 0.16762263077252065, 3.73849263731768e-05, 0.004043480266567196]",
d1-omni,ood_agnews_balanced,5365,topic,choice,0,0,"[""business"", ""scitech"", ""sports"", ""world""]","[0.9273791143983494, 5.566025004539609e-06, 0.0003311652725188073, 0.07228415430412727]",
d1-omni,ood_agnews_balanced,5381,topic,choice,0,0,"[""business"", ""scitech"", ""sports"", ""world""]","[0.8818957979555175, 7.807332533962788e-06, 2.0014768388134958e-05, 0.11807637994356038]",
d1-omni,ood_agnews_balanced,5390,topic,choice,1,1,"[""business"", ""scitech"", ""sports"", ""world""]","[0.017583752285695236, 0.9780198537084779, 0.00012501601130260944, 0.004271377994524082]",
d1-omni,ood_agnews_balanced,5391,topic,choice,1,1,"[""business"", ""scitech"", ""sports"", ""world""]","[0.10926237022377575, 0.8806550486522435, 3.800206815865748e-05, 0.010044579055822232]",
d1-omni,ood_agnews_balanced,5401,topic,choice,2,2,"[""business"", ""scitech"", ""sports"", ""world""]","[0.00037988613139949926, 2.5150532797450158e-06, 0.997411129104336, 0.002206469710984616]",
d1-omni,ood_agnews_balanced,5404,topic,choice,0,0,"[""business"", ""scitech"", ""sports"", ""world""]","[0.9912815137061244, 4.597464360760857e-06, 2.3808333816052355e-05, 0.008690080495698839]",
d1-omni,ood_agnews_balanced,5408,topic,choice,1,1,"[""business"", ""scitech"", ""sports"", ""world""]","[0.14548213040975444, 0.8470603857011376, 5.7057462180205734e-05, 0.0074004264269279365]",
d1-omni,ood_agnews_balanced,5412,topic,choice,3,3,"[""business"", ""scitech"", ""sports"", ""world""]","[0.001593618004749696, 1.200221701558853e-05, 0.0006867468892628809, 0.9977076328889719]",
d1-omni,ood_agnews_balanced,5420,topic,choice,3,3,"[""business"", ""scitech"", ""sports"", ""world""]","[0.2806255669793932, 3.6614374043075354e-05, 0.0050060852693740296, 0.7143317333771897]",
d1-omni,ood_agnews_balanced,5421,topic,choice,1,0,"[""business"", ""scitech"", ""sports"", ""world""]","[0.8254752242034258, 0.011816530470660938, 0.09932580979849501, 0.06338243552741811]",
d1-omni,ood_agnews_balanced,5426,topic,choice,0,0,"[""business"", ""scitech"", ""sports"", ""world""]","[0.9951856359654057, 4.780721238663009e-06, 0.00017387587032687137, 0.004635707443028865]",
d1-omni,ood_agnews_balanced,5429,topic,choice,3,3,"[""business"", ""scitech"", ""sports"", ""world""]","[0.0002936390571247596, 2.4674949501113633e-05, 2.8735461980788262e-05, 0.9996529505313932]",
d1-omni,ood_agnews_balanced,5440,topic,choice,3,3,"[""business"", ""scitech"", ""sports"", ""world""]","[0.003124772564237502, 5.524685906552158e-06, 0.0015804681853134855, 0.9952892345645424]",
d1-omni,ood_agnews_balanced,5451,topic,choice,3,3,"[""business"", ""scitech"", ""sports"", ""world""]","[0.004135273115916434, 8.9930261280918e-06, 0.0016193960288424139, 0.994236337829113]",
d1-omni,ood_agnews_balanced,5463,topic,choice,3,3,"[""business"", ""scitech"", ""sports"", ""world""]","[0.003489332555117366, 6.843099524430452e-05, 0.00018313082000423155, 0.996259105629634]",
d1-omni,ood_agnews_balanced,5481,topic,choice,0,0,"[""business"", ""scitech"", ""sports"", ""world""]","[0.9914178476889316, 1.386001660884677e-06, 3.154524743411949e-05, 0.008549221061973377]",
d1-omni,ood_agnews_balanced,5489,topic,choice,0,0,"[""business"", ""scitech"", ""sports"", ""world""]","[0.9771760944753436, 4.175112131911291e-06, 6.207603180699591e-05, 0.022757654380717474]",
d1-omni,ood_agnews_balanced,5497,topic,choice,3,3,"[""business"", ""scitech"", ""sports"", ""world""]","[0.0902471688116605, 0.00013202141303469555, 0.05838186734440756, 0.8512389424308973]",
d1-omni,ood_agnews_balanced,5520,topic,choice,3,3,"[""business"", ""scitech"", ""sports"", ""world""]","[0.003218807316443562, 4.626700234783558e-06, 0.001136548277189954, 0.9956400177061316]",
d1-omni,ood_agnews_balanced,5523,topic,choice,0,0,"[""business"", ""scitech"", ""sports"", ""world""]","[0.9861697546873456, 3.301283823011124e-05, 0.0005760943179863704, 0.013221138156437882]",
d1-omni,ood_agnews_balanced,5524,topic,choice,0,0,"[""business"", ""scitech"", ""sports"", ""world""]","[0.9796924217081273, 8.880123891566115e-05, 0.0015466122867336441, 0.018672164766223295]",
d1-omni,ood_agnews_balanced,5538,topic,choice,2,2,"[""business"", ""scitech"", ""sports"", ""world""]","[5.7832138590615293e-05, 2.8568835052748164e-06, 0.9998459885835714, 9.33223943325171e-05]",
d1-omni,ood_agnews_balanced,5539,topic,choice,3,3,"[""business"", ""scitech"", ""sports"", ""world""]","[0.00503989910428524, 7.1599335659207514e-06, 0.00015248929848796087, 0.9948004516636609]",
d1-omni,ood_agnews_balanced,5546,topic,choice,1,1,"[""business"", ""scitech"", ""sports"", ""world""]","[0.4780347635200629, 0.5019554257226152, 3.663031842076432e-05, 0.019973180438901155]",
d1-omni,ood_agnews_balanced,5548,topic,choice,0,0,"[""business"", ""scitech"", ""sports"", ""world""]","[0.9911173659371982, 2.0045305196977972e-05, 8.439385780383572e-05, 0.008778194899800867]",
d1-omni,ood_agnews_balanced,5554,topic,choice,0,0,"[""business"", ""scitech"", ""sports"", ""world""]","[0.9966119772783042, 8.143935234727115e-06, 5.5653691029912746e-05, 0.003324225095431167]",
d1-omni,ood_agnews_balanced,5556,topic,choice,1,1,"[""business"", ""scitech"", ""sports"", ""world""]","[0.03289927488033142, 0.964278333121386, 0.00014809964468574802, 0.002674292353596709]",
d1-omni,ood_agnews_balanced,5558,topic,choice,1,0,"[""business"", ""scitech"", ""sports"", ""world""]","[0.8755925235859152, 0.11395897043066516, 0.0009189954383015529, 0.00952951054511806]",
d1-omni,ood_agnews_balanced,5561,topic,choice,3,3,"[""business"", ""scitech"", ""sports"", ""world""]","[0.0057512622683844215, 7.113620765973113e-05, 0.00015237058559150316, 0.9940252309383644]",
d1-omni,ood_agnews_balanced,5567,topic,choice,1,1,"[""business"", ""scitech"", ""sports"", ""world""]","[0.13365315770451763, 0.43143773508964217, 0.011816144743549669, 0.42309296246229056]",
d1-omni,ood_agnews_balanced,5568,topic,choice,3,3,"[""business"", ""scitech"", ""sports"", ""world""]","[0.0012568225449865605, 2.814485865235237e-06, 0.0001741260725982498, 0.9985662368965499]",
d1-omni,ood_agnews_balanced,5572,topic,choice,2,2,"[""business"", ""scitech"", ""sports"", ""world""]","[0.0006148248665262439, 3.742019389915672e-07, 0.9984061438687338, 0.000978657062800932]",
d1-omni,ood_agnews_balanced,5581,topic,choice,1,1,"[""business"", ""scitech"", ""sports"", ""world""]","[0.3375698252343345, 0.3709290260294328, 0.06761719592086969, 0.22388395281536316]",
d1-omni,ood_agnews_balanced,5598,topic,choice,1,1,"[""business"", ""scitech"", ""sports"", ""world""]","[0.013048217169103168, 0.9775577703695528, 0.0038420076843328887, 0.0055520047770112905]",
d1-omni,ood_agnews_balanced,5601,topic,choice,0,0,"[""business"", ""scitech"", ""sports"", ""world""]","[0.8089099372282041, 0.18031603122427955, 0.000621147150362461, 0.010152884397153943]",
d1-omni,ood_agnews_balanced,5609,topic,choice,1,0,"[""business"", ""scitech"", ""sports"", ""world""]","[0.7124365362431284, 0.14354379989701038, 0.025423731594244738, 0.11859593226561638]",
d1-omni,ood_agnews_balanced,5612,topic,choice,3,3,"[""business"", ""scitech"", ""sports"", ""world""]","[0.0006586761511340958, 1.6011171552066e-06, 0.00039950710478927427, 0.9989402156269214]",
d1-omni,ood_agnews_balanced,5623,topic,choice,0,0,"[""business"", ""scitech"", ""sports"", ""world""]","[0.9819613462951958, 0.0002605859438158146, 0.0001142870591920678, 0.017663780701796132]",
d1-omni,ood_agnews_balanced,5628,topic,choice,0,0,"[""business"", ""scitech"", ""sports"", ""world""]","[0.96783930434604, 0.0001714255845725816, 0.0007563657037652897, 0.031232904365621993]",
d1-omni,ood_agnews_balanced,5633,topic,choice,3,3,"[""business"", ""scitech"", ""sports"", ""world""]","[9.368729859950787e-05, 6.425503747685651e-06, 5.704667306387998e-05, 0.9998428405245889]",
d1-omni,ood_agnews_balanced,5634,topic,choice,1,2,"[""business"", ""scitech"", ""sports"", ""world""]","[0.013533713226240288, 2.193612857867021e-05, 0.9646691885212496, 0.021775162123931345]",
d1-omni,ood_agnews_balanced,5642,topic,choice,3,3,"[""business"", ""scitech"", ""sports"", ""world""]","[0.056905964680333515, 9.823270661680979e-05, 0.0032593810160266795, 0.9397364215970231]",
d1-omni,ood_agnews_balanced,5645,topic,choice,2,2,"[""business"", ""scitech"", ""sports"", ""world""]","[0.0012571136470510185, 1.0019595414727903e-05, 0.9968493977989514, 0.0018834689585828064]",
d1-omni,ood_agnews_balanced,5658,topic,choice,2,2,"[""business"", ""scitech"", ""sports"", ""world""]","[0.0004902280263852985, 2.7602806009880127e-05, 0.998501504954675, 0.0009806642129298326]",
d1-omni,ood_agnews_balanced,5660,topic,choice,3,3,"[""business"", ""scitech"", ""sports"", ""world""]","[0.018453678142377746, 0.0005649238520305996, 0.01911397431962887, 0.9618674236859628]",
d1-omni,ood_agnews_balanced,5661,topic,choice,2,2,"[""business"", ""scitech"", ""sports"", ""world""]","[0.0011564672106001846, 7.807456045227449e-06, 0.9973837727733279, 0.0014519525600267225]",
d1-omni,ood_agnews_balanced,5671,topic,choice,2,2,"[""business"", ""scitech"", ""sports"", ""world""]","[0.0001289440359710926, 2.6090551745522006e-06, 0.998946787613521, 0.0009216592953333187]",
d1-omni,ood_agnews_balanced,5691,topic,choice,1,1,"[""business"", ""scitech"", ""sports"", ""world""]","[0.409622616452412, 0.5833292936739576, 3.447310502123044e-05, 0.007013616768609157]",
d1-omni,ood_agnews_balanced,5696,topic,choice,2,2,"[""business"", ""scitech"", ""sports"", ""world""]","[0.006208146708632709, 1.5566167156722716e-07, 0.9924158255203706, 0.001375872109325268]",
d1-omni,ood_agnews_balanced,5700,topic,choice,3,3,"[""business"", ""scitech"", ""sports"", ""world""]","[0.005010885823518601, 7.833671526973962e-06, 0.002036479480363437, 0.992944801024591]",
d1-omni,ood_agnews_balanced,5702,topic,choice,2,2,"[""business"", ""scitech"", ""sports"", ""world""]","[0.0425362069294498, 0.00012491909281614382, 0.9198477319171701, 0.03749114206056397]",
d1-omni,ood_agnews_balanced,5707,topic,choice,2,2,"[""business"", ""scitech"", ""sports"", ""world""]","[0.0007895111969600887, 1.0016433729530516e-05, 0.9965348009387484, 0.002665671430561939]",
d1-omni,ood_agnews_balanced,5719,topic,choice,1,1,"[""business"", ""scitech"", ""sports"", ""world""]","[0.018940833457791954, 0.9670421700286422, 0.00011299120811027473, 0.013904005305455441]",
d1-omni,ood_agnews_balanced,5721,topic,choice,2,2,"[""business"", ""scitech"", ""sports"", ""world""]","[0.00010591209968791992, 2.1222000796773195e-06, 0.999442561780944, 0.00044940391928838513]",
d1-omni,ood_agnews_balanced,5722,topic,choice,3,3,"[""business"", ""scitech"", ""sports"", ""world""]","[0.0032665406700825078, 4.825474582772091e-06, 0.001989010525965826, 0.9947396233293689]",
d1-omni,ood_agnews_balanced,5732,topic,choice,3,3,"[""business"", ""scitech"", ""sports"", ""world""]","[0.07831936893329354, 0.0004133975396325495, 0.00010290277780967746, 0.9211643307492643]",
d1-omni,ood_agnews_balanced,5733,topic,choice,1,0,"[""business"", ""scitech"", ""sports"", ""world""]","[0.8711927589358596, 0.034011520139239027, 0.019153412677125434, 0.07564230824777579]",
d1-omni,ood_agnews_balanced,5734,topic,choice,2,2,"[""business"", ""scitech"", ""sports"", ""world""]","[0.055263103260302, 0.0007514532463597986, 0.9356174821751151, 0.008367961318223057]",
d1-omni,ood_agnews_balanced,5738,topic,choice,1,0,"[""business"", ""scitech"", ""sports"", ""world""]","[0.5382374586809022, 0.0182384933997516, 0.0016458572182937348, 0.4418781907010525]",
d1-omni,ood_agnews_balanced,5741,topic,choice,0,0,"[""business"", ""scitech"", ""sports"", ""world""]","[0.7169746765196761, 0.00027683487612677524, 5.12093062229004e-05, 0.2826972792979744]",
d1-omni,ood_agnews_balanced,5742,topic,choice,1,0,"[""business"", ""scitech"", ""sports"", ""world""]","[0.5425832177111625, 0.4184577565745065, 0.00020705887489795233, 0.038751966839433195]",
d1-omni,ood_agnews_balanced,5745,topic,choice,2,2,"[""business"", ""scitech"", ""sports"", ""world""]","[0.0722160043361358, 1.9005745698261886e-05, 0.8292981049254685, 0.09846688499269719]",
d1-omni,ood_agnews_balanced,5750,topic,choice,0,0,"[""business"", ""scitech"", ""sports"", ""world""]","[0.9992918484459387, 2.661434447033005e-06, 1.496071948989015e-05, 0.0006905294001245194]",
d1-omni,ood_agnews_balanced,5751,topic,choice,0,0,"[""business"", ""scitech"", ""sports"", ""world""]","[0.9668013389025776, 2.2812358160123076e-06, 1.718864103732167e-05, 0.03317919122056888]",
d1-omni,ood_agnews_balanced,5755,topic,choice,0,0,"[""business"", ""scitech"", ""sports"", ""world""]","[0.9647271032829754, 1.6112599282005376e-05, 3.069600994130916e-05, 0.03522608810780128]",
d1-omni,ood_agnews_balanced,5767,topic,choice,1,0,"[""business"", ""scitech"", ""sports"", ""world""]","[0.5649594954976976, 0.4157622295429756, 0.000396545723924258, 0.018881729235402597]",
d1-omni,ood_agnews_balanced,5779,topic,choice,1,0,"[""business"", ""scitech"", ""sports"", ""world""]","[0.4678826473088016, 0.36617097194192555, 0.03541597304886836, 0.13053040770040458]",
d1-omni,ood_agnews_balanced,5799,topic,choice,3,3,"[""business"", ""scitech"", ""sports"", ""world""]","[0.033169760426656494, 9.740018962160567e-05, 0.014726181079002719, 0.9520066583047192]",
d1-omni,ood_agnews_balanced,5804,topic,choice,0,0,"[""business"", ""scitech"", ""sports"", ""world""]","[0.9815126662194285, 4.1454008623564956e-05, 0.0002480543120368941, 0.018197825459911117]",
d1-omni,ood_agnews_balanced,5814,topic,choice,0,0,"[""business"", ""scitech"", ""sports"", ""world""]","[0.979384618955421, 9.942144577880446e-05, 5.754069475515303e-05, 0.020458418904045123]",
d1-omni,ood_agnews_balanced,5815,topic,choice,3,3,"[""business"", ""scitech"", ""sports"", ""world""]","[0.007466876260681431, 0.002233223415644166, 0.36866585838039173, 0.6216340419432826]",
d1-omni,ood_agnews_balanced,5826,topic,choice,1,1,"[""business"", ""scitech"", ""sports"", ""world""]","[0.04492127215936943, 0.9483428484657496, 8.495815916445452e-05, 0.006650921215716406]",
d1-omni,ood_agnews_balanced,5834,topic,choice,0,0,"[""business"", ""scitech"", ""sports"", ""world""]","[0.9971821932426623, 9.253006270005086e-05, 4.219815389581988e-05, 0.002683078540741666]",
d1-omni,ood_agnews_balanced,5841,topic,choice,2,2,"[""business"", ""scitech"", ""sports"", ""world""]","[0.24186162171300032, 8.873606155272683e-07, 0.7537677909650673, 0.004369699961317056]",
d1-omni,ood_agnews_balanced,5854,topic,choice,1,1,"[""business"", ""scitech"", ""sports"", ""world""]","[0.008678428367117623, 0.9729405089607874, 1.331457701074461e-05, 0.018367748095084138]",
d1-omni,ood_agnews_balanced,5855,topic,choice,3,3,"[""business"", ""scitech"", ""sports"", ""world""]","[0.07247612969102306, 2.0902941821457036e-05, 0.001059626055501088, 0.9264433413116544]",
d1-omni,ood_agnews_balanced,5861,topic,choice,1,1,"[""business"", ""scitech"", ""sports"", ""world""]","[0.006731988754122863, 0.9913401024704125, 8.556209357349354e-06, 0.001919352566107188]",
d1-omni,ood_agnews_balanced,5877,topic,choice,2,2,"[""business"", ""scitech"", ""sports"", ""world""]","[0.0038791684285519874, 1.3200716249313758e-05, 0.9952399558134193, 0.0008676750417794702]",
d1-omni,ood_agnews_balanced,5884,topic,choice,3,0,"[""business"", ""scitech"", ""sports"", ""world""]","[0.5870902445483548, 0.000837313984516428, 0.005406914437781268, 0.4066655270293475]",
d1-omni,ood_agnews_balanced,5886,topic,choice,3,0,"[""business"", ""scitech"", ""sports"", ""world""]","[0.9869593888407163, 8.807295166942245e-05, 7.635843474577044e-06, 0.012944902364139624]",
d1-omni,ood_agnews_balanced,5890,topic,choice,1,3,"[""business"", ""scitech"", ""sports"", ""world""]","[0.00896379140114822, 0.22848584996827506, 8.856713240956848e-05, 0.7624617914981672]",
d1-omni,ood_agnews_balanced,5891,topic,choice,3,3,"[""business"", ""scitech"", ""sports"", ""world""]","[0.4683620557917698, 0.00014630713220502455, 0.04161011193575048, 0.4898815251402747]",
d1-omni,ood_agnews_balanced,5894,topic,choice,3,3,"[""business"", ""scitech"", ""sports"", ""world""]","[0.0013017656649401024, 2.1411028040644695e-06, 0.00015069036349050306, 0.9985454028687653]",
d1-omni,ood_agnews_balanced,5904,topic,choice,2,2,"[""business"", ""scitech"", ""sports"", ""world""]","[0.0003533718373948246, 3.217005827051876e-05, 0.9992759487720558, 0.0003385093322788695]",
d1-omni,ood_agnews_balanced,5906,topic,choice,1,1,"[""business"", ""scitech"", ""sports"", ""world""]","[0.10693149910394859, 0.8805854885093901, 8.66415513270867e-05, 0.012396370835334111]",
d1-omni,ood_agnews_balanced,5908,topic,choice,2,2,"[""business"", ""scitech"", ""sports"", ""world""]","[0.0008819280082339902, 2.8847952706226966e-06, 0.997851884165178, 0.0012633030313173206]",
d1-omni,ood_agnews_balanced,5909,topic,choice,3,3,"[""business"", ""scitech"", ""sports"", ""world""]","[0.0012494115036962008, 8.20741045811833e-06, 0.00023066690738716728, 0.9985117141784586]",
d1-omni,ood_agnews_balanced,5918,topic,choice,1,1,"[""business"", ""scitech"", ""sports"", ""world""]","[0.021716519319186334, 0.9753153539533821, 0.00032846254202172363, 0.002639664185410076]",
d1-omni,ood_agnews_balanced,5921,topic,choice,0,0,"[""business"", ""scitech"", ""sports"", ""world""]","[0.995370815835028, 2.4903754019992904e-06, 7.869333936337722e-05, 0.004548000450206583]",
d1-omni,ood_agnews_balanced,5924,topic,choice,1,1,"[""business"", ""scitech"", ""sports"", ""world""]","[0.09141764354793741, 0.9054272648262471, 3.914742838286332e-05, 0.0031159441974325523]",
d1-omni,ood_agnews_balanced,5940,topic,choice,0,0,"[""business"", ""scitech"", ""sports"", ""world""]","[0.9986045291537102, 7.472514312865179e-07, 1.4321626748349385e-05, 0.0013804019681100995]",
d1-omni,ood_agnews_balanced,5944,topic,choice,1,0,"[""business"", ""scitech"", ""sports"", ""world""]","[0.7865001872244112, 0.20179281429785098, 6.402879682754156e-05, 0.011642969680910392]",
d1-omni,ood_agnews_balanced,5947,topic,choice,1,0,"[""business"", ""scitech"", ""sports"", ""world""]","[0.955697778841091, 0.014539876027045387, 0.004956616723459141, 0.024805728408404344]",
d1-omni,ood_agnews_balanced,5961,topic,choice,3,3,"[""business"", ""scitech"", ""sports"", ""world""]","[0.0010668617866699123, 1.6743830399892847e-06, 0.00016814395746038793, 0.9987633198728296]",
d1-omni,ood_agnews_balanced,5973,topic,choice,3,0,"[""business"", ""scitech"", ""sports"", ""world""]","[0.5700237482039255, 0.03563104125126131, 0.10575317261665992, 0.28859203792815313]",
d1-omni,ood_agnews_balanced,5975,topic,choice,2,2,"[""business"", ""scitech"", ""sports"", ""world""]","[0.019912328778025064, 1.9328766972682876e-05, 0.9226747437621474, 0.05739359869285493]",
d1-omni,ood_agnews_balanced,5976,topic,choice,2,2,"[""business"", ""scitech"", ""sports"", ""world""]","[0.000619873744550788, 1.566818166678972e-06, 0.958634623856235, 0.040743935581047566]",
d1-omni,ood_agnews_balanced,5986,topic,choice,0,0,"[""business"", ""scitech"", ""sports"", ""world""]","[0.9902410866576805, 5.943315049221194e-06, 5.683083271869519e-05, 0.009696139194551609]",
d1-omni,ood_agnews_balanced,5989,topic,choice,3,3,"[""business"", ""scitech"", ""sports"", ""world""]","[0.00018160656741443337, 9.148241537014732e-06, 0.00019636346492839522, 0.9996128817261201]",
d1-omni,ood_agnews_balanced,5993,topic,choice,3,3,"[""business"", ""scitech"", ""sports"", ""world""]","[0.001823900803827266, 8.596118834256782e-06, 0.0002561701314770606, 0.9979113329458614]",
d1-omni,ood_agnews_balanced,6018,topic,choice,1,0,"[""business"", ""scitech"", ""sports"", ""world""]","[0.7722203684071154, 0.20713110795467984, 0.001240700329031465, 0.019407823309173233]",
d1-omni,ood_agnews_balanced,6021,topic,choice,0,0,"[""business"", ""scitech"", ""sports"", ""world""]","[0.9601384299624678, 0.004578514201833334, 3.5716552814834906e-05, 0.03524733928288409]",
d1-omni,ood_agnews_balanced,6027,topic,choice,0,0,"[""business"", ""scitech"", ""sports"", ""world""]","[0.9834475587375276, 5.089065678583809e-05, 0.0002524571868996857, 0.016249093418786845]",
d1-omni,ood_agnews_balanced,6030,topic,choice,1,0,"[""business"", ""scitech"", ""sports"", ""world""]","[0.9380740709398127, 0.05668064080859227, 3.586311874266657e-05, 0.005209425132852336]",
d1-omni,ood_agnews_balanced,6037,topic,choice,0,0,"[""business"", ""scitech"", ""sports"", ""world""]","[0.7648782260979398, 0.06888856865408975, 0.03273188924438023, 0.13350131600359014]",
d1-omni,ood_agnews_balanced,6047,topic,choice,3,3,"[""business"", ""scitech"", ""sports"", ""world""]","[0.0004173025091006381, 1.4249326382576313e-06, 3.0705325627395916e-05, 0.9995505672326337]",
d1-omni,ood_agnews_balanced,6057,topic,choice,2,2,"[""business"", ""scitech"", ""sports"", ""world""]","[2.8956343791135163e-05, 4.1627950116123077e-07, 0.9917192720516268, 0.008251355325080935]",
d1-omni,ood_agnews_balanced,6061,topic,choice,3,3,"[""business"", ""scitech"", ""sports"", ""world""]","[0.010222502663010212, 0.00019737013519741147, 0.0004194679507617103, 0.9891606592510306]",
d1-omni,ood_agnews_balanced,6064,topic,choice,0,0,"[""business"", ""scitech"", ""sports"", ""world""]","[0.8677183363363093, 2.4991724024304874e-05, 0.12139752135220888, 0.010859150587457527]",
d1-omni,ood_agnews_balanced,6065,topic,choice,3,3,"[""business"", ""scitech"", ""sports"", ""world""]","[0.003196422860504374, 6.028505763438603e-05, 0.00027229799659406016, 0.9964709940852672]",
d1-omni,ood_agnews_balanced,6067,topic,choice,0,0,"[""business"", ""scitech"", ""sports"", ""world""]","[0.8166488978980131, 1.8533980026375946e-05, 4.275742135891939e-05, 0.18328981070060166]",
d1-omni,ood_agnews_balanced,6074,topic,choice,0,0,"[""business"", ""scitech"", ""sports"", ""world""]","[0.8839034705155671, 1.5866653535358375e-06, 3.874291602812993e-05, 0.11605619990305117]",
d1-omni,ood_agnews_balanced,6081,topic,choice,1,1,"[""business"", ""scitech"", ""sports"", ""world""]","[0.35321552728941485, 0.6051828041987453, 0.021856218916304473, 0.019745449595535383]",
d1-omni,ood_agnews_balanced,6084,topic,choice,0,1,"[""business"", ""scitech"", ""sports"", ""world""]","[0.14601959879923582, 0.8443978121571517, 0.0026048467991665538, 0.006977742244445976]",
d1-omni,ood_agnews_balanced,6088,topic,choice,1,0,"[""business"", ""scitech"", ""sports"", ""world""]","[0.9973369086288938, 0.0011677613572315393, 3.918576348830541e-05, 0.0014561442503861226]",
d1-omni,ood_agnews_balanced,6105,topic,choice,0,0,"[""business"", ""scitech"", ""sports"", ""world""]","[0.9608245501592539, 0.031097511271502926, 6.409157426108352e-05, 0.008013846994982306]",
d1-omni,ood_agnews_balanced,6107,topic,choice,3,3,"[""business"", ""scitech"", ""sports"", ""world""]","[0.00012680985126867125, 1.505455431525957e-06, 3.792676153700247e-05, 0.9998337579317629]",
d1-omni,ood_agnews_balanced,6112,topic,choice,1,1,"[""business"", ""scitech"", ""sports"", ""world""]","[0.25931448904710774, 0.7187923896005878, 0.001838265949748653, 0.020054855402555923]",
d1-omni,ood_agnews_balanced,6126,topic,choice,1,1,"[""business"", ""scitech"", ""sports"", ""world""]","[0.2818686106484191, 0.6908518408161396, 0.00012356586848767654, 0.027155982666953574]",
d1-omni,ood_agnews_balanced,6127,topic,choice,2,2,"[""business"", ""scitech"", ""sports"", ""world""]","[0.0004440482223993084, 7.610485396040738e-06, 0.9991729517879111, 0.00037538950429353413]",
d1-omni,ood_agnews_balanced,6143,topic,choice,3,3,"[""business"", ""scitech"", ""sports"", ""world""]","[0.0002010442849251208, 2.683493945376714e-06, 6.30147886314414e-05, 0.9997332574324981]",
d1-omni,ood_agnews_balanced,6144,topic,choice,1,1,"[""business"", ""scitech"", ""sports"", ""world""]","[0.08259176718604465, 0.7113965706880545, 0.0017946473900894877, 0.20421701473581141]",
d1-omni,ood_agnews_balanced,6148,topic,choice,2,2,"[""business"", ""scitech"", ""sports"", ""world""]","[0.00038335985665754655, 1.2788985080686949e-05, 0.9986984762514087, 0.0009053749068529647]",
d1-omni,ood_agnews_balanced,6151,topic,choice,2,2,"[""business"", ""scitech"", ""sports"", ""world""]","[6.727213876574559e-05, 1.0294856509280528e-06, 0.9948111276235748, 0.005120570752008588]",
d1-omni,ood_agnews_balanced,6153,topic,choice,2,2,"[""business"", ""scitech"", ""sports"", ""world""]","[0.000365924804736719, 5.1595961653265824e-05, 0.9990266859488274, 0.0005557932847824911]",
d1-omni,ood_agnews_balanced,6155,topic,choice,2,2,"[""business"", ""scitech"", ""sports"", ""world""]","[0.007383979775514582, 4.145239648667645e-06, 0.9777938278569915, 0.014818047127845199]",
d1-omni,ood_agnews_balanced,6160,topic,choice,3,3,"[""business"", ""scitech"", ""sports"", ""world""]","[0.0005041833311799766, 2.974654089281785e-06, 0.0002667258799400636, 0.9992261161347907]",
d1-omni,ood_agnews_balanced,6188,topic,choice,2,2,"[""business"", ""scitech"", ""sports"", ""world""]","[0.00026560469307631716, 8.55453747912888e-06, 0.9989204049606452, 0.0008054358087994889]",
d1-omni,ood_agnews_balanced,6191,topic,choice,3,3,"[""business"", ""scitech"", ""sports"", ""world""]","[0.0018516508539856244, 2.5850972702687397e-05, 0.0007350984412691973, 0.9973873997320424]",
d1-omni,ood_agnews_balanced,6199,topic,choice,2,2,"[""business"", ""scitech"", ""sports"", ""world""]","[2.930660166893308e-05, 1.6087684153288492e-06, 0.9998020757272532, 0.00016700890266241995]",
d1-omni,ood_agnews_balanced,6209,topic,choice,2,2,"[""business"", ""scitech"", ""sports"", ""world""]","[0.0003481754520196627, 1.2101530606290083e-05, 0.9981346848992508, 0.0015050381181233399]",
d1-omni,ood_agnews_balanced,6211,topic,choice,3,3,"[""business"", ""scitech"", ""sports"", ""world""]","[0.0013041566562667936, 3.270788517839264e-06, 0.0002649556355868059, 0.9984276169196287]",
d1-omni,ood_agnews_balanced,6215,topic,choice,3,3,"[""business"", ""scitech"", ""sports"", ""world""]","[0.006280805021375044, 0.0003261135234844514, 0.00015106556268550423, 0.993242015892455]",
d1-omni,ood_agnews_balanced,6235,topic,choice,0,0,"[""business"", ""scitech"", ""sports"", ""world""]","[0.9678917909803116, 0.0013912438698903018, 1.9122102566316498e-05, 0.03069784304723189]",
d1-omni,ood_agnews_balanced,6260,topic,choice,1,0,"[""business"", ""scitech"", ""sports"", ""world""]","[0.5978209173685406, 0.30001676940488237, 8.676089767540352e-05, 0.1020755523289017]",
d1-omni,ood_agnews_balanced,6263,topic,choice,3,3,"[""business"", ""scitech"", ""sports"", ""world""]","[1.9372947090403936e-05, 7.139780602457202e-07, 5.084194070303212e-05, 0.9999290711341463]",
d1-omni,ood_agnews_balanced,6277,topic,choice,2,2,"[""business"", ""scitech"", ""sports"", ""world""]","[2.094698961234013e-05, 4.502968225265886e-07, 0.9999218848713206, 5.6717842244649464e-05]",
d1-omni,ood_agnews_balanced,6281,topic,choice,3,3,"[""business"", ""scitech"", ""sports"", ""world""]","[0.17800031428709293, 0.0001202696319522919, 0.022919323898724867, 0.79896009218223]",
d1-omni,ood_agnews_balanced,6293,topic,choice,0,0,"[""business"", ""scitech"", ""sports"", ""world""]","[0.9148400318415562, 0.00042889912998229956, 0.003633457615623654, 0.08109761141283801]",
d1-omni,ood_agnews_balanced,6309,topic,choice,1,3,"[""business"", ""scitech"", ""sports"", ""world""]","[0.030397809012255087, 0.10641006760252505, 0.04719612727157112, 0.8159959961136488]",
d1-omni,ood_agnews_balanced,6314,topic,choice,1,1,"[""business"", ""scitech"", ""sports"", ""world""]","[0.019317393852934614, 0.9779361888553577, 5.272424752431323e-05, 0.002693693044183529]",
d1-omni,ood_agnews_balanced,6320,topic,choice,1,0,"[""business"", ""scitech"", ""sports"", ""world""]","[0.9906580923845036, 0.0019349644703969206, 4.000232231919141e-05, 0.0073669408227801155]",
d1-omni,ood_agnews_balanced,6325,topic,choice,1,3,"[""business"", ""scitech"", ""sports"", ""world""]","[0.09532330989660434, 0.0002979612924579534, 0.01790198069054125, 0.8864767481203965]",
d1-omni,ood_agnews_balanced,6331,topic,choice,2,2,"[""business"", ""scitech"", ""sports"", ""world""]","[0.0005346447015043157, 2.762064478779406e-06, 0.9973447715238368, 0.0021178217101800977]",
d1-omni,ood_agnews_balanced,6335,topic,choice,0,0,"[""business"", ""scitech"", ""sports"", ""world""]","[0.8361479700963003, 0.0016719017539836474, 0.09392923090822992, 0.06825089724148602]",
d1-omni,ood_agnews_balanced,6337,topic,choice,3,3,"[""business"", ""scitech"", ""sports"", ""world""]","[0.0013878407576526262, 1.027028861147482e-05, 0.0004815023270643134, 0.9981203866266716]",
d1-omni,ood_agnews_balanced,6343,topic,choice,3,3,"[""business"", ""scitech"", ""sports"", ""world""]","[0.0007204311346019146, 0.0004970826334796823, 6.727278290009412e-05, 0.9987152134490184]",
d1-omni,ood_agnews_balanced,6353,topic,choice,3,3,"[""business"", ""scitech"", ""sports"", ""world""]","[0.06664766374774557, 6.482096016392503e-05, 0.1592901550364959, 0.7739973602555945]",
d1-omni,ood_agnews_balanced,6356,topic,choice,2,2,"[""business"", ""scitech"", ""sports"", ""world""]","[0.0001423108495531838, 1.1234073743320059e-05, 0.9979737065697402, 0.0018727485069632787]",
d1-omni,ood_agnews_balanced,6357,topic,choice,0,0,"[""business"", ""scitech"", ""sports"", ""world""]","[0.9810277580899283, 0.0006700105903652934, 0.0002196552949529994, 0.01808257602475332]",
d1-omni,ood_agnews_balanced,6367,topic,choice,2,2,"[""business"", ""scitech"", ""sports"", ""world""]","[0.0002595034535211739, 5.857686979832291e-06, 0.9991193747688629, 0.0006152640906362852]",
d1-omni,ood_agnews_balanced,6368,topic,choice,1,1,"[""business"", ""scitech"", ""sports"", ""world""]","[0.047106160806830076, 0.6452198252759069, 0.00259598604436578, 0.3050780278728973]",
d1-omni,ood_agnews_balanced,6382,topic,choice,0,0,"[""business"", ""scitech"", ""sports"", ""world""]","[0.9694735975290161, 0.00026699847065432867, 8.401484653425377e-05, 0.03017538915379543]",
d1-omni,ood_agnews_balanced,6391,topic,choice,1,3,"[""business"", ""scitech"", ""sports"", ""world""]","[0.19501826824239982, 0.28821830807744675, 0.027444221669978536, 0.4893192020101749]",
d1-omni,ood_agnews_balanced,6393,topic,choice,1,0,"[""business"", ""scitech"", ""sports"", ""world""]","[0.9524359935632102, 0.014761627500128008, 0.00033093927259961577, 0.032471439664062116]",
d1-omni,ood_agnews_balanced,6414,topic,choice,3,3,"[""business"", ""scitech"", ""sports"", ""world""]","[0.0034190399655146457, 1.7019858713569155e-05, 0.0011208931372629263, 0.9954430470385089]",
d1-omni,ood_agnews_balanced,6425,topic,choice,2,2,"[""business"", ""scitech"", ""sports"", ""world""]","[0.00020136141840964382, 6.782370553212906e-07, 0.9993564254104694, 0.0004415349340657617]",
d1-omni,ood_agnews_balanced,6433,topic,choice,2,2,"[""business"", ""scitech"", ""sports"", ""world""]","[0.0001236197530368236, 7.718529964147777e-07, 0.999746561126477, 0.00012904726748980114]",
d1-omni,ood_agnews_balanced,6438,topic,choice,0,0,"[""business"", ""scitech"", ""sports"", ""world""]","[0.9692954536690279, 0.00010827947417238649, 0.0007341972790147521, 0.029862069577785113]",
d1-omni,ood_agnews_balanced,6441,topic,choice,3,3,"[""business"", ""scitech"", ""sports"", ""world""]","[0.007165412151723863, 0.00047492364915374647, 0.00015478861086096532, 0.9922048755882614]",
d1-omni,ood_agnews_balanced,6443,topic,choice,3,3,"[""business"", ""scitech"", ""sports"", ""world""]","[0.000306530000869048, 4.3292809134538876e-07, 4.415982950086979e-05, 0.9996488772415387]",
d1-omni,ood_agnews_balanced,6450,topic,choice,1,1,"[""business"", ""scitech"", ""sports"", ""world""]","[0.13462881730258217, 0.8376886691526146, 7.607818054920964e-05, 0.027606435364253917]",
d1-omni,ood_agnews_balanced,6459,topic,choice,2,2,"[""business"", ""scitech"", ""sports"", ""world""]","[0.0022867589045279476, 1.5300810482350991e-06, 0.9965345881735184, 0.001177122840905523]",
d1-omni,ood_agnews_balanced,6463,topic,choice,1,1,"[""business"", ""scitech"", ""sports"", ""world""]","[0.01936524783148976, 0.978087444891141, 0.00010862326872328659, 0.002438684008646262]",
d1-omni,ood_agnews_balanced,6475,topic,choice,0,0,"[""business"", ""scitech"", ""sports"", ""world""]","[0.9009191802967367, 4.4921703944742645e-05, 0.00010403892456930707, 0.09893185907474913]",
d1-omni,ood_agnews_balanced,6485,topic,choice,1,1,"[""business"", ""scitech"", ""sports"", ""world""]","[0.034370826717010916, 0.9484557878888347, 0.003983572795942723, 0.013189812598211623]",
d1-omni,ood_agnews_balanced,6500,topic,choice,1,3,"[""business"", ""scitech"", ""sports"", ""world""]","[0.006352855857248039, 0.04525364860409962, 0.0018560225559627237, 0.9465374729826895]",
d1-omni,ood_agnews_balanced,6506,topic,choice,1,1,"[""business"", ""scitech"", ""sports"", ""world""]","[0.014269841421180558, 0.9829614105471566, 0.0002450470870933227, 0.0025237009445696497]",
d1-omni,ood_agnews_balanced,6510,topic,choice,0,0,"[""business"", ""scitech"", ""sports"", ""world""]","[0.9147444413932057, 7.653344393314278e-05, 0.043197741901154635, 0.04198128326170652]",
d1-omni,ood_agnews_balanced,6516,topic,choice,3,1,"[""business"", ""scitech"", ""sports"", ""world""]","[0.27330363509825456, 0.5411457830715417, 0.0006240983322424413, 0.18492648349796134]",
d1-omni,ood_agnews_balanced,6517,topic,choice,3,3,"[""business"", ""scitech"", ""sports"", ""world""]","[0.0005625627448088512, 5.408500637480562e-06, 1.836832808297415e-05, 0.9994136604264707]",
d1-omni,ood_agnews_balanced,6519,topic,choice,2,2,"[""business"", ""scitech"", ""sports"", ""world""]","[2.1276838099242686e-05, 2.4867717657024926e-07, 0.9999207509179736, 5.772356675077335e-05]",
d1-omni,ood_agnews_balanced,6522,topic,choice,2,2,"[""business"", ""scitech"", ""sports"", ""world""]","[0.0014032363435641452, 3.4210079826611993e-06, 0.9964620034545868, 0.002131339193866333]",
d1-omni,ood_agnews_balanced,6527,topic,choice,2,2,"[""business"", ""scitech"", ""sports"", ""world""]","[0.0010826969172513911, 1.0348269170023664e-05, 0.9978738380279286, 0.0010331167856500324]",
d1-omni,ood_agnews_balanced,6545,topic,choice,3,3,"[""business"", ""scitech"", ""sports"", ""world""]","[0.003441874536823516, 8.820895671277215e-05, 0.00023330928684208135, 0.9962366072196217]",
d1-omni,ood_agnews_balanced,6546,topic,choice,2,2,"[""business"", ""scitech"", ""sports"", ""world""]","[0.00029638858087035585, 2.805732050335885e-05, 0.9992074447166455, 0.0004681093819808993]",
d1-omni,ood_agnews_balanced,6548,topic,choice,2,2,"[""business"", ""scitech"", ""sports"", ""world""]","[0.00031004893706326834, 9.198158332385086e-07, 0.9993444951479242, 0.0003445360991793169]",
d1-omni,ood_agnews_balanced,6557,topic,choice,1,1,"[""business"", ""scitech"", ""sports"", ""world""]","[0.0027681422361186927, 0.9961704209191466, 0.00032579988784079913, 0.0007356369568937386]",
d1-omni,ood_agnews_balanced,6568,topic,choice,1,0,"[""business"", ""scitech"", ""sports"", ""world""]","[0.6095835358538454, 0.3089219243751548, 0.00029521961964976124, 0.08119932015135002]",
d1-omni,ood_agnews_balanced,6570,topic,choice,2,2,"[""business"", ""scitech"", ""sports"", ""world""]","[0.00038495833461459327, 6.927902297475138e-06, 0.9950582107364577, 0.004549903026630048]",
d1-omni,ood_agnews_balanced,6576,topic,choice,3,1,"[""business"", ""scitech"", ""sports"", ""world""]","[0.06103595361552809, 0.8633991060203055, 0.0001955966821642118, 0.0753693436820023]",
d1-omni,ood_agnews_balanced,6586,topic,choice,0,0,"[""business"", ""scitech"", ""sports"", ""world""]","[0.9959633093988194, 0.0004125689811476497, 0.00014942259951916258, 0.003474699020513774]",
d1-omni,ood_agnews_balanced,6588,topic,choice,3,3,"[""business"", ""scitech"", ""sports"", ""world""]","[0.007175793785187371, 8.978881676914734e-06, 0.00014266515901232115, 0.9926725621741234]",
d1-omni,ood_agnews_balanced,6594,topic,choice,1,0,"[""business"", ""scitech"", ""sports"", ""world""]","[0.45144288011624245, 0.2744832677095894, 0.04428614012552529, 0.22978771204864287]",
d1-omni,ood_agnews_balanced,6622,topic,choice,2,2,"[""business"", ""scitech"", ""sports"", ""world""]","[9.565112435138232e-05, 3.254364979688998e-05, 0.9991031122674234, 0.0007686929584282704]",
d1-omni,ood_agnews_balanced,6623,topic,choice,0,1,"[""business"", ""scitech"", ""sports"", ""world""]","[0.06424928541016256, 0.8123080780824437, 0.007329242214107497, 0.11611339429328627]",
d1-omni,ood_agnews_balanced,6624,topic,choice,2,2,"[""business"", ""scitech"", ""sports"", ""world""]","[0.00020547621743595453, 3.7341474049844526e-06, 0.9864748433271445, 0.013315946308014604]",
d1-omni,ood_agnews_balanced,6633,topic,choice,3,3,"[""business"", ""scitech"", ""sports"", ""world""]","[0.03395566769580147, 3.2576551184262594e-05, 0.0013906119283591542, 0.9646211438246551]",
d1-omni,ood_agnews_balanced,6645,topic,choice,2,2,"[""business"", ""scitech"", ""sports"", ""world""]","[0.0001585814663718022, 1.2058847603566917e-07, 0.9988051951710482, 0.0010361027741039373]",
d1-omni,ood_agnews_balanced,6652,topic,choice,2,2,"[""business"", ""scitech"", ""sports"", ""world""]","[0.025173849043288624, 4.437128219576741e-06, 0.964214352073898, 0.010607361754593684]",
d1-omni,ood_agnews_balanced,6654,topic,choice,2,2,"[""business"", ""scitech"", ""sports"", ""world""]","[0.011345374607840629, 1.6954900413079474e-06, 0.985997353815315, 0.0026555760868031165]",
d1-omni,ood_agnews_balanced,6670,topic,choice,1,3,"[""business"", ""scitech"", ""sports"", ""world""]","[0.02478711869668005, 0.20273231823151633, 0.02792338848213324, 0.7445571745896705]",
d1-omni,ood_agnews_balanced,6693,topic,choice,0,0,"[""business"", ""scitech"", ""sports"", ""world""]","[0.8905724109434444, 0.0920500990357691, 9.022933963996984e-05, 0.017287260681146513]",
d1-omni,ood_agnews_balanced,6694,topic,choice,0,0,"[""business"", ""scitech"", ""sports"", ""world""]","[0.8327121605100657, 3.2653754734086996e-05, 0.0003766332509764626, 0.16687855248422379]",
d1-omni,ood_agnews_balanced,6695,topic,choice,0,0,"[""business"", ""scitech"", ""sports"", ""world""]","[0.9940349871872388, 3.4126757050238065e-06, 1.0308458730600615e-05, 0.0059512916783255]",
d1-omni,ood_agnews_balanced,6698,topic,choice,3,3,"[""business"", ""scitech"", ""sports"", ""world""]","[0.016705750608528785, 0.00014941265333549562, 0.001730092976314175, 0.9814147437618216]",
d1-omni,ood_agnews_balanced,6701,topic,choice,1,1,"[""business"", ""scitech"", ""sports"", ""world""]","[0.053407830851299756, 0.9440076553858677, 0.00023997781098453367, 0.0023445359518478805]",
d1-omni,ood_agnews_balanced,6705,topic,choice,0,3,"[""business"", ""scitech"", ""sports"", ""world""]","[0.22863577973445334, 4.574740832396501e-06, 0.00015752948845474494, 0.7712021160362597]",
d1-omni,ood_agnews_balanced,6708,topic,choice,1,1,"[""business"", ""scitech"", ""sports"", ""world""]","[0.011437864792689646, 0.9759404382431388, 0.0007349116064095141, 0.011886785357762029]",
d1-omni,ood_agnews_balanced,6711,topic,choice,0,3,"[""business"", ""scitech"", ""sports"", ""world""]","[0.3478266518905258, 0.10106283528004638, 0.07131521034304196, 0.47979530248638586]",
d1-omni,ood_agnews_balanced,6732,topic,choice,2,2,"[""business"", ""scitech"", ""sports"", ""world""]","[0.00020894579249924633, 4.0106343154368575e-06, 0.9992201781449169, 0.0005668654282684299]",
d1-omni,ood_agnews_balanced,6743,topic,choice,3,3,"[""business"", ""scitech"", ""sports"", ""world""]","[0.0004356077804870723, 4.229046993629106e-06, 4.727772342833197e-05, 0.9995128854490909]",
d1-omni,ood_agnews_balanced,6755,topic,choice,1,1,"[""business"", ""scitech"", ""sports"", ""world""]","[0.014159460740398358, 0.894602029070353, 2.7481397040966016e-05, 0.09121102879220769]",
d1-omni,ood_agnews_balanced,6763,topic,choice,1,3,"[""business"", ""scitech"", ""sports"", ""world""]","[0.005510181852047747, 0.42737916710930546, 0.00037205471492501516, 0.5667385963237218]",
d1-omni,ood_agnews_balanced,6780,topic,choice,1,0,"[""business"", ""scitech"", ""sports"", ""world""]","[0.9535139898570385, 0.026345223616651474, 0.00023493657843513436, 0.019905849947874865]",
d1-omni,ood_agnews_balanced,6781,topic,choice,1,1,"[""business"", ""scitech"", ""sports"", ""world""]","[0.20348797796019585, 0.7770080305985178, 3.5345094994986325e-05, 0.01946864634629159]",
d1-omni,ood_agnews_balanced,6785,topic,choice,1,0,"[""business"", ""scitech"", ""sports"", ""world""]","[0.7365520952420284, 0.05472772332628206, 0.07717848384362537, 0.13154169758806442]",
d1-omni,ood_agnews_balanced,6792,topic,choice,3,3,"[""business"", ""scitech"", ""sports"", ""world""]","[0.0021883760994216854, 1.7104698023907173e-05, 0.0032342116674437976, 0.9945603075351106]",
d1-omni,ood_agnews_balanced,6807,topic,choice,1,1,"[""business"", ""scitech"", ""sports"", ""world""]","[0.05534085055025449, 0.9161241699205825, 0.005352556030651862, 0.023182423498511046]",
d1-omni,ood_agnews_balanced,6808,topic,choice,1,1,"[""business"", ""scitech"", ""sports"", ""world""]","[0.20299496164690614, 0.7812047218671386, 5.50392335961596e-05, 0.015745277252359097]",
d1-omni,ood_agnews_balanced,6833,topic,choice,3,3,"[""business"", ""scitech"", ""sports"", ""world""]","[0.00010825336663941945, 2.443202886674378e-07, 6.907929879357226e-05, 0.9998224230142784]",
d1-omni,ood_agnews_balanced,6847,topic,choice,0,0,"[""business"", ""scitech"", ""sports"", ""world""]","[0.767160712360482, 0.18708510311363222, 6.065120269683675e-05, 0.04569353332318888]",
d1-omni,ood_agnews_balanced,6862,topic,choice,0,0,"[""business"", ""scitech"", ""sports"", ""world""]","[0.8597297677806761, 8.844980164160551e-07, 0.0007422501494805555, 0.1395270975718269]",
d1-omni,ood_agnews_balanced,6865,topic,choice,1,1,"[""business"", ""scitech"", ""sports"", ""world""]","[0.10095947353061659, 0.4533535633298415, 0.0032675978146895425, 0.4424193653248524]",
d1-omni,ood_agnews_balanced,6881,topic,choice,2,2,"[""business"", ""scitech"", ""sports"", ""world""]","[0.01493942158886136, 4.409797480905113e-06, 0.9848403465041023, 0.00021582210955538962]",
d1-omni,ood_agnews_balanced,6883,topic,choice,2,2,"[""business"", ""scitech"", ""sports"", ""world""]","[0.0037062344240861426, 2.1970348617368204e-06, 0.9911672841130929, 0.00512428442795941]",
d1-omni,ood_agnews_balanced,6898,topic,choice,1,3,"[""business"", ""scitech"", ""sports"", ""world""]","[0.28547291434192645, 0.27940511277213387, 0.04521250295058502, 0.38990946993535464]",
d1-omni,ood_agnews_balanced,6900,topic,choice,0,0,"[""business"", ""scitech"", ""sports"", ""world""]","[0.9900710283061389, 1.1679978181604496e-05, 0.00017536339445602543, 0.00974192832122347]",
d1-omni,ood_agnews_balanced,6904,topic,choice,1,1,"[""business"", ""scitech"", ""sports"", ""world""]","[0.02733637602138741, 0.9294427393755207, 8.854862356869701e-05, 0.043132335979523394]",
d1-omni,ood_agnews_balanced,6905,topic,choice,0,0,"[""business"", ""scitech"", ""sports"", ""world""]","[0.6114398164589034, 0.2338966191738679, 6.73761041360726e-05, 0.15459618826309257]",
d1-omni,ood_agnews_balanced,6912,topic,choice,1,1,"[""business"", ""scitech"", ""sports"", ""world""]","[0.02391353596833225, 0.5173207716246521, 0.0004448891220711591, 0.45832080328494457]",
d1-omni,ood_agnews_balanced,6914,topic,choice,3,0,"[""business"", ""scitech"", ""sports"", ""world""]","[0.8591806306320313, 0.0003165511818908166, 0.01391451250013211, 0.12658830568594578]",
d1-omni,ood_agnews_balanced,6928,topic,choice,2,2,"[""business"", ""scitech"", ""sports"", ""world""]","[0.0002724934460921646, 1.543319512651017e-05, 0.9991352046884302, 0.0005768686703510399]",
d1-omni,ood_agnews_balanced,6934,topic,choice,0,0,"[""business"", ""scitech"", ""sports"", ""world""]","[0.8799121735471173, 1.1113181361970952e-06, 6.9565255976945e-05, 0.12001714987876953]",
d1-omni,ood_agnews_balanced,6968,topic,choice,1,1,"[""business"", ""scitech"", ""sports"", ""world""]","[0.0009963138482008713, 0.8762078144448047, 9.087917202666052e-05, 0.12270499253496789]",
d1-omni,ood_agnews_balanced,6976,topic,choice,3,3,"[""business"", ""scitech"", ""sports"", ""world""]","[0.01595600652227164, 7.490811440039846e-05, 0.00065473575599946, 0.9833143496073287]",
d1-omni,ood_agnews_balanced,6991,topic,choice,1,0,"[""business"", ""scitech"", ""sports"", ""world""]","[0.9754409061219719, 0.021665040077901418, 1.7140205866437214e-05, 0.0028769135942603853]",
d1-omni,ood_agnews_balanced,6998,topic,choice,3,3,"[""business"", ""scitech"", ""sports"", ""world""]","[0.0017170907302741182, 3.4473252488357255e-05, 0.00013634438911541987, 0.9981120916281222]",
d1-omni,ood_agnews_balanced,7000,topic,choice,1,1,"[""business"", ""scitech"", ""sports"", ""world""]","[0.4747124299730609, 0.5082983434092658, 0.000713701637746627, 0.016275524979926577]",
d1-omni,ood_agnews_balanced,7007,topic,choice,2,2,"[""business"", ""scitech"", ""sports"", ""world""]","[9.71833136064594e-05, 2.056756769748162e-06, 0.9993691992308151, 0.0005315606988087122]",
d1-omni,ood_agnews_balanced,7042,topic,choice,0,0,"[""business"", ""scitech"", ""sports"", ""world""]","[0.9926417619250346, 1.7679931394014134e-06, 2.864562457736742e-05, 0.007327824457248557]",
d1-omni,ood_agnews_balanced,7043,topic,choice,0,0,"[""business"", ""scitech"", ""sports"", ""world""]","[0.9847038468492016, 0.00016288844238364534, 5.074947111536396e-06, 0.015128189761303116]",
d1-omni,ood_agnews_balanced,7050,topic,choice,0,0,"[""business"", ""scitech"", ""sports"", ""world""]","[0.995665146095594, 5.082328226592755e-05, 6.525835816511769e-05, 0.004218772263974776]",
d1-omni,ood_agnews_balanced,7076,topic,choice,3,3,"[""business"", ""scitech"", ""sports"", ""world""]","[0.003728414502779392, 0.0012247068161200627, 0.004740853886477509, 0.9903060247946229]",
d1-omni,ood_agnews_balanced,7099,topic,choice,3,3,"[""business"", ""scitech"", ""sports"", ""world""]","[0.010405483417690398, 4.1539724147274266e-05, 0.00023078686147798348, 0.9893221899966844]",
d1-omni,ood_agnews_balanced,7106,topic,choice,0,0,"[""business"", ""scitech"", ""sports"", ""world""]","[0.9938174621408142, 4.945711206357633e-05, 4.79354691008288e-05, 0.006085145278021289]",
d1-omni,ood_agnews_balanced,7113,topic,choice,2,2,"[""business"", ""scitech"", ""sports"", ""world""]","[8.086021224086e-05, 5.776230198623398e-08, 0.9740377818469166, 0.025881300178540536]",
d1-omni,ood_agnews_balanced,7119,topic,choice,0,0,"[""business"", ""scitech"", ""sports"", ""world""]","[0.9919979972190661, 7.367508666853697e-05, 1.599570194372514e-05, 0.007912331992321412]",
d1-omni,ood_agnews_balanced,7124,topic,choice,0,0,"[""business"", ""scitech"", ""sports"", ""world""]","[0.9720809347167177, 0.01231461798440626, 0.0001131372085267741, 0.015491310090349139]",
d1-omni,ood_agnews_balanced,7125,topic,choice,1,1,"[""business"", ""scitech"", ""sports"", ""world""]","[0.049593839466956044, 0.9262208056145766, 2.7043911058510648e-05, 0.024158311007408912]",
d1-omni,ood_agnews_balanced,7126,topic,choice,1,1,"[""business"", ""scitech"", ""sports"", ""world""]","[0.15990782257548247, 0.836222255679709, 0.000894984566444041, 0.002974937178364632]",
d1-omni,ood_agnews_balanced,7131,topic,choice,0,0,"[""business"", ""scitech"", ""sports"", ""world""]","[0.9566197301433387, 5.426163917144034e-05, 0.0012206011317440724, 0.04210540708574575]",
d1-omni,ood_agnews_balanced,7135,topic,choice,0,0,"[""business"", ""scitech"", ""sports"", ""world""]","[0.9421209754852826, 3.7161167644027924e-05, 0.04672258071499529, 0.011119282632077983]",
d1-omni,ood_agnews_balanced,7151,topic,choice,2,2,"[""business"", ""scitech"", ""sports"", ""world""]","[0.0006231260097872027, 7.573020043020206e-06, 0.9981456998742537, 0.001223601095916006]",
d1-omni,ood_agnews_balanced,7152,topic,choice,2,2,"[""business"", ""scitech"", ""sports"", ""world""]","[9.196015922369505e-05, 1.8537438390873898e-05, 0.9988142188940353, 0.0010752835083501773]",
d1-omni,ood_agnews_balanced,7172,topic,choice,3,2,"[""business"", ""scitech"", ""sports"", ""world""]","[0.0034198855867677287, 0.008013833872789266, 0.7032965866896493, 0.28526969385079365]",
d1-omni,ood_agnews_balanced,7178,topic,choice,3,3,"[""business"", ""scitech"", ""sports"", ""world""]","[0.013741748701056322, 0.0002913945132061575, 0.009334522223228899, 0.9766323345625088]",
d1-omni,ood_agnews_balanced,7183,topic,choice,2,2,"[""business"", ""scitech"", ""sports"", ""world""]","[0.0006405361110422173, 3.922004686839698e-06, 0.9964103172021538, 0.0029452246821171715]",
d1-omni,ood_agnews_balanced,7208,topic,choice,3,3,"[""business"", ""scitech"", ""sports"", ""world""]","[0.00024824060334163316, 2.1730200648275988e-06, 8.059192153853672e-05, 0.9996689944550551]",
d1-omni,ood_agnews_balanced,7211,topic,choice,2,2,"[""business"", ""scitech"", ""sports"", ""world""]","[0.0001257878761097546, 9.057455283712293e-07, 0.9995545955743446, 0.00031871080401737063]",
d1-omni,ood_agnews_balanced,7237,topic,choice,3,3,"[""business"", ""scitech"", ""sports"", ""world""]","[0.01079657376818513, 2.619320128086938e-05, 6.61074087141532e-05, 0.9891111256218198]",
d1-omni,ood_agnews_balanced,7240,topic,choice,0,0,"[""business"", ""scitech"", ""sports"", ""world""]","[0.8265576260721407, 0.16661858294819296, 5.98488248436759e-05, 0.006763942154822763]",
d1-omni,ood_agnews_balanced,7244,topic,choice,3,3,"[""business"", ""scitech"", ""sports"", ""world""]","[0.0009325508434109818, 7.638770401201646e-06, 8.341781266828671e-05, 0.9989763925735197]",
d1-omni,ood_agnews_balanced,7247,topic,choice,1,1,"[""business"", ""scitech"", ""sports"", ""world""]","[0.22420330374744057, 0.7216197650600138, 0.0009499804275674153, 0.0532269507649782]",
d1-omni,ood_agnews_balanced,7269,topic,choice,2,2,"[""business"", ""scitech"", ""sports"", ""world""]","[5.286403080787755e-05, 1.963552138154939e-06, 0.999868555586128, 7.661683092594022e-05]",
d1-omni,ood_agnews_balanced,7274,topic,choice,1,1,"[""business"", ""scitech"", ""sports"", ""world""]","[0.005908905358386014, 0.8803914820902331, 6.325070184903285e-05, 0.11363636184953171]",
d1-omni,ood_agnews_balanced,7276,topic,choice,2,2,"[""business"", ""scitech"", ""sports"", ""world""]","[0.0010714254419165732, 0.00032932913624194736, 0.9971756730477288, 0.0014235723741126986]",
d1-omni,ood_agnews_balanced,7277,topic,choice,3,3,"[""business"", ""scitech"", ""sports"", ""world""]","[0.000706316924030403, 3.94545804515756e-06, 0.002777217697326848, 0.9965125199205976]",
d1-omni,ood_agnews_balanced,7283,topic,choice,2,2,"[""business"", ""scitech"", ""sports"", ""world""]","[6.552135450384216e-05, 7.946277144826055e-08, 0.9996777757907446, 0.00025662339198009794]",
d1-omni,ood_agnews_balanced,7290,topic,choice,0,1,"[""business"", ""scitech"", ""sports"", ""world""]","[0.25094771349617917, 0.6650444663301994, 3.290243447693049e-05, 0.08397491773914452]",
d1-omni,ood_agnews_balanced,7293,topic,choice,1,1,"[""business"", ""scitech"", ""sports"", ""world""]","[0.3731158066037011, 0.6056266463990232, 3.2334313096184225e-05, 0.021225212684179477]",
d1-omni,ood_agnews_balanced,7295,topic,choice,3,3,"[""business"", ""scitech"", ""sports"", ""world""]","[0.0015755416269702391, 3.829841802382451e-06, 0.00040305504940575226, 0.9980175734818217]",
d1-omni,ood_agnews_balanced,7303,topic,choice,0,0,"[""business"", ""scitech"", ""sports"", ""world""]","[0.9383110183574256, 0.02323350533440024, 0.001269486323437443, 0.03718598998473669]",
d1-omni,ood_agnews_balanced,7320,topic,choice,3,3,"[""business"", ""scitech"", ""sports"", ""world""]","[0.0005940204023649608, 1.9129229830765006e-06, 0.00026670217691471634, 0.9991373644977372]",
d1-omni,ood_agnews_balanced,7324,topic,choice,1,0,"[""business"", ""scitech"", ""sports"", ""world""]","[0.8820772210223127, 0.039174338397979715, 0.006413797064218485, 0.07233464351548914]",
d1-omni,ood_agnews_balanced,7333,topic,choice,0,0,"[""business"", ""scitech"", ""sports"", ""world""]","[0.9965924635382658, 3.066973367751965e-06, 1.4746473408948862e-05, 0.003389723014957576]",
d1-omni,ood_agnews_balanced,7336,topic,choice,3,3,"[""business"", ""scitech"", ""sports"", ""world""]","[0.002389173775034256, 4.047068305653002e-05, 0.001168947053567886, 0.9964014084883414]",
d1-omni,ood_agnews_balanced,7337,topic,choice,0,0,"[""business"", ""scitech"", ""sports"", ""world""]","[0.9841187904877856, 1.453131919464934e-06, 2.3360925088597434e-05, 0.01585639545520629]",
d1-omni,ood_agnews_balanced,7353,topic,choice,3,3,"[""business"", ""scitech"", ""sports"", ""world""]","[0.0009006086271392126, 0.0002367804838635516, 0.0034794644902941306, 0.9953831463987032]",
d1-omni,ood_agnews_balanced,7354,topic,choice,2,2,"[""business"", ""scitech"", ""sports"", ""world""]","[0.0003504364345513153, 5.038663786976593e-05, 0.9987469518039873, 0.0008522251235915571]",
d1-omni,ood_agnews_balanced,7368,topic,choice,3,3,"[""business"", ""scitech"", ""sports"", ""world""]","[0.0019583330905216605, 3.6432971726277934e-05, 0.0012399391709866784, 0.9967652947667653]",
d1-omni,ood_agnews_balanced,7370,topic,choice,0,0,"[""business"", ""scitech"", ""sports"", ""world""]","[0.9226626039756266, 1.2725563354072892e-05, 1.8660810133736795e-05, 0.07730600965088574]",
d1-omni,ood_agnews_balanced,7371,topic,choice,3,3,"[""business"", ""scitech"", ""sports"", ""world""]","[0.0015244046419939815, 6.254280502678416e-06, 0.00024403911635866105, 0.9982253019611448]",
d1-omni,ood_agnews_balanced,7379,topic,choice,2,2,"[""business"", ""scitech"", ""sports"", ""world""]","[0.11131041934602921, 9.103021875083377e-05, 0.8828218847263822, 0.005776665708837715]",
d1-omni,ood_agnews_balanced,7381,topic,choice,2,2,"[""business"", ""scitech"", ""sports"", ""world""]","[6.70557559284626e-05, 8.899475923430391e-06, 0.9993883047049635, 0.0005357400631845605]",
d1-omni,ood_agnews_balanced,7387,topic,choice,0,0,"[""business"", ""scitech"", ""sports"", ""world""]","[0.9683983790191463, 0.014979737903741552, 0.00016985788769599975, 0.016452025189416394]",
d1-omni,ood_agnews_balanced,7389,topic,choice,1,3,"[""business"", ""scitech"", ""sports"", ""world""]","[0.15740383431693686, 0.2574955117781543, 0.001985295301731517, 0.5831153586031773]",
d1-omni,ood_agnews_balanced,7401,topic,choice,1,1,"[""business"", ""scitech"", ""sports"", ""world""]","[0.120749463716894, 0.8698555569478635, 0.00027278928122306546, 0.009122190054019355]",
d1-omni,ood_agnews_balanced,7404,topic,choice,0,0,"[""business"", ""scitech"", ""sports"", ""world""]","[0.9796267869470013, 0.008864848781189328, 0.0002692682952586116, 0.011239095976550787]",
d1-omni,ood_agnews_balanced,7446,topic,choice,0,0,"[""business"", ""scitech"", ""sports"", ""world""]","[0.7437761080259703, 2.4038375931732805e-05, 0.00015984160370293714, 0.25604001199439513]",
d1-omni,ood_agnews_balanced,7460,topic,choice,3,3,"[""business"", ""scitech"", ""sports"", ""world""]","[0.009650790699445176, 3.6187319123057034e-06, 0.00015327249726030862, 0.9901923180713821]",
d1-omni,ood_agnews_balanced,7471,topic,choice,3,3,"[""business"", ""scitech"", ""sports"", ""world""]","[0.006715858253744688, 0.0001365538662110396, 0.10923855440320623, 0.8839090334768379]",
d1-omni,ood_agnews_balanced,7472,topic,choice,1,1,"[""business"", ""scitech"", ""sports"", ""world""]","[0.0017140203738768636, 0.9885735491342548, 6.329261615851043e-05, 0.00964913787570987]",
d1-omni,ood_agnews_balanced,7479,topic,choice,2,2,"[""business"", ""scitech"", ""sports"", ""world""]","[0.0002951020720130786, 1.6326506744849816e-05, 0.9968153193466901, 0.002873252074552038]",
d1-omni,ood_agnews_balanced,7480,topic,choice,0,0,"[""business"", ""scitech"", ""sports"", ""world""]","[0.9987678625085742, 5.372625490043389e-07, 2.031874633677173e-05, 0.0012112814825402266]",
d1-omni,ood_agnews_balanced,7482,topic,choice,3,3,"[""business"", ""scitech"", ""sports"", ""world""]","[0.004475575662091588, 3.871550359409438e-06, 0.00033254683375733625, 0.9951880059537916]",
d1-omni,ood_agnews_balanced,7499,topic,choice,1,1,"[""business"", ""scitech"", ""sports"", ""world""]","[0.002656761808102249, 0.9007966578485072, 0.0002963389819302779, 0.0962502413614603]",
d1-omni,ood_agnews_balanced,7503,topic,choice,0,0,"[""business"", ""scitech"", ""sports"", ""world""]","[0.983075514511535, 2.6702835667513984e-05, 6.953294643627765e-05, 0.016828249706361195]",
d1-omni,ood_agnews_balanced,7511,topic,choice,0,0,"[""business"", ""scitech"", ""sports"", ""world""]","[0.9928125410325165, 2.379857718913603e-05, 1.4834713619876779e-05, 0.007148825676674334]",
d1-omni,ood_agnews_balanced,7515,topic,choice,0,0,"[""business"", ""scitech"", ""sports"", ""world""]","[0.8381974779181468, 0.00014445872267597788, 0.00027306565860532703, 0.16138499770057194]",
d1-omni,ood_agnews_balanced,7516,topic,choice,3,3,"[""business"", ""scitech"", ""sports"", ""world""]","[0.0008541254984389709, 2.3526605876706055e-06, 0.00012256877720112467, 0.9990209530637723]",
d1-omni,ood_agnews_balanced,7517,topic,choice,2,2,"[""business"", ""scitech"", ""sports"", ""world""]","[7.394688494002215e-05, 9.200093950116557e-07, 0.9995546993640259, 0.00037043374163898594]",
d1-omni,ood_agnews_balanced,7518,topic,choice,1,1,"[""business"", ""scitech"", ""sports"", ""world""]","[0.0007270834274261524, 0.9826671017322954, 6.55486235854507e-05, 0.016540266216692967]",
d1-omni,ood_agnews_balanced,7522,topic,choice,1,1,"[""business"", ""scitech"", ""sports"", ""world""]","[0.3818466076408913, 0.5937302095316433, 0.0008385556898208265, 0.023584627137644573]",
d1-omni,ood_agnews_balanced,7525,topic,choice,2,2,"[""business"", ""scitech"", ""sports"", ""world""]","[3.3218519294252143e-05, 5.083526222259156e-07, 0.9961973189264954, 0.0037689542015881196]",
d1-omni,ood_agnews_balanced,7526,topic,choice,3,3,"[""business"", ""scitech"", ""sports"", ""world""]","[0.0010076164724504252, 1.2756661808043241e-06, 0.0007201107154793164, 0.9982709971458894]",
d1-omni,ood_agnews_balanced,7527,topic,choice,1,0,"[""business"", ""scitech"", ""sports"", ""world""]","[0.8398322292036594, 0.04756552796811764, 0.004148121184892323, 0.10845412164333046]",
d1-omni,ood_agnews_balanced,7529,topic,choice,3,3,"[""business"", ""scitech"", ""sports"", ""world""]","[0.0006045503450128586, 7.790638335080012e-06, 0.0002569845923036656, 0.9991306744243486]",
d1-omni,ood_agnews_balanced,7533,topic,choice,3,3,"[""business"", ""scitech"", ""sports"", ""world""]","[0.0011993721743432358, 2.8092369655399846e-06, 0.00014521636490387663, 0.9986526022237873]",
d1-omni,ood_agnews_balanced,7542,topic,choice,1,0,"[""business"", ""scitech"", ""sports"", ""world""]","[0.8687703963065809, 0.12273748234087209, 0.0009537308188864465, 0.007538390533660604]",
d1-omni,ood_agnews_balanced,7550,topic,choice,2,2,"[""business"", ""scitech"", ""sports"", ""world""]","[0.00011832152869084584, 1.9922641678472426e-07, 0.9969618387361538, 0.00291964050873858]",
d1-omni,ood_agnews_balanced,7554,topic,choice,0,0,"[""business"", ""scitech"", ""sports"", ""world""]","[0.9894422473069446, 1.4581416645567929e-06, 0.00010881649590438096, 0.010447478055486493]",
d1-omni,ood_agnews_balanced,7558,topic,choice,0,0,"[""business"", ""scitech"", ""sports"", ""world""]","[0.9980099871897683, 7.890198381494949e-05, 1.621886530156702e-05, 0.001894891961115255]",
d1-omni,ood_agnews_balanced,7585,topic,choice,3,0,"[""business"", ""scitech"", ""sports"", ""world""]","[0.8902652535951274, 0.017105002268247717, 0.000701198217607994, 0.091928545919017]",
d1-omni,ood_rotten_balanced_v2,0,positive,noul,1,1,"[""false"", ""true""]","[0.0001226740720222394, 0.9998773259279777]",
d1-omni,ood_rotten_balanced_v2,2,positive,noul,1,0,"[""false"", ""true""]","[0.9983865004225202, 0.0016134995774798387]",
d1-omni,ood_rotten_balanced_v2,5,positive,noul,1,1,"[""false"", ""true""]","[0.14373517443952727, 0.8562648255604728]",
d1-omni,ood_rotten_balanced_v2,6,positive,noul,1,1,"[""false"", ""true""]","[0.0005249128792797044, 0.9994750871207204]",
d1-omni,ood_rotten_balanced_v2,7,positive,noul,1,1,"[""false"", ""true""]","[2.6793390045762093e-05, 0.9999732066099541]",
d1-omni,ood_rotten_balanced_v2,8,positive,noul,1,1,"[""false"", ""true""]","[3.386895788326033e-05, 0.9999661310421167]",
d1-omni,ood_rotten_balanced_v2,9,positive,noul,1,1,"[""false"", ""true""]","[5.3856082561363955e-05, 0.9999461439174387]",
d1-omni,ood_rotten_balanced_v2,13,positive,noul,1,1,"[""false"", ""true""]","[8.83615338727248e-05, 0.9999116384661274]",
d1-omni,ood_rotten_balanced_v2,16,positive,noul,1,1,"[""false"", ""true""]","[0.0005898392500008323, 0.9994101607499992]",
d1-omni,ood_rotten_balanced_v2,17,positive,noul,1,1,"[""false"", ""true""]","[0.0008676657766552952, 0.9991323342233448]",
d1-omni,ood_rotten_balanced_v2,20,positive,noul,1,1,"[""false"", ""true""]","[0.0004343557261659369, 0.9995656442738341]",
d1-omni,ood_rotten_balanced_v2,21,positive,noul,1,1,"[""false"", ""true""]","[0.07592665143309922, 0.9240733485669007]",
d1-omni,ood_rotten_balanced_v2,24,positive,noul,1,1,"[""false"", ""true""]","[2.732098299311755e-05, 0.9999726790170069]",
d1-omni,ood_rotten_balanced_v2,27,positive,noul,1,1,"[""false"", ""true""]","[2.977149577354005e-05, 0.9999702285042265]",
d1-omni,ood_rotten_balanced_v2,33,positive,noul,1,1,"[""false"", ""true""]","[6.181075900023792e-05, 0.9999381892409998]",
d1-omni,ood_rotten_balanced_v2,34,positive,noul,1,1,"[""false"", ""true""]","[0.0003122799237162207, 0.9996877200762837]",
d1-omni,ood_rotten_balanced_v2,35,positive,noul,1,1,"[""false"", ""true""]","[0.0012768103718879746, 0.9987231896281121]",
d1-omni,ood_rotten_balanced_v2,36,positive,noul,1,1,"[""false"", ""true""]","[0.4341013912809755, 0.5658986087190245]",
d1-omni,ood_rotten_balanced_v2,37,positive,noul,1,1,"[""false"", ""true""]","[2.7374716170545186e-05, 0.9999726252838294]",
d1-omni,ood_rotten_balanced_v2,39,positive,noul,1,1,"[""false"", ""true""]","[0.00012171860192120486, 0.9998782813980788]",
d1-omni,ood_rotten_balanced_v2,40,positive,noul,1,1,"[""false"", ""true""]","[0.001269368641109644, 0.9987306313588903]",
d1-omni,ood_rotten_balanced_v2,41,positive,noul,1,1,"[""false"", ""true""]","[0.01721589129621796, 0.9827841087037821]",
d1-omni,ood_rotten_balanced_v2,42,positive,noul,1,1,"[""false"", ""true""]","[0.0008183291450223479, 0.9991816708549776]",
d1-omni,ood_rotten_balanced_v2,43,positive,noul,1,1,"[""false"", ""true""]","[0.00454837806837816, 0.9954516219316218]",
d1-omni,ood_rotten_balanced_v2,46,positive,noul,1,1,"[""false"", ""true""]","[0.1762812586756441, 0.8237187413243559]",
d1-omni,ood_rotten_balanced_v2,47,positive,noul,1,1,"[""false"", ""true""]","[2.225544768308293e-05, 0.999977744552317]",
d1-omni,ood_rotten_balanced_v2,48,positive,noul,1,1,"[""false"", ""true""]","[9.704312655708638e-05, 0.999902956873443]",
d1-omni,ood_rotten_balanced_v2,50,positive,noul,1,0,"[""false"", ""true""]","[0.8113772761035096, 0.18862272389649032]",
d1-omni,ood_rotten_balanced_v2,52,positive,noul,1,1,"[""false"", ""true""]","[0.0005809894558530423, 0.9994190105441471]",
d1-omni,ood_rotten_balanced_v2,53,positive,noul,1,1,"[""false"", ""true""]","[0.006817338822604359, 0.9931826611773957]",
d1-omni,ood_rotten_balanced_v2,55,positive,noul,1,1,"[""false"", ""true""]","[0.0011424513546280538, 0.998857548645372]",
d1-omni,ood_rotten_balanced_v2,57,positive,noul,1,0,"[""false"", ""true""]","[0.9837615850286863, 0.016238414971313692]",
d1-omni,ood_rotten_balanced_v2,58,positive,noul,1,1,"[""false"", ""true""]","[3.413451804737919e-05, 0.9999658654819525]",
d1-omni,ood_rotten_balanced_v2,60,positive,noul,1,1,"[""false"", ""true""]","[0.00010804834589527459, 0.9998919516541047]",
d1-omni,ood_rotten_balanced_v2,61,positive,noul,1,1,"[""false"", ""true""]","[0.000100126384941692, 0.9998998736150584]",
d1-omni,ood_rotten_balanced_v2,62,positive,noul,1,1,"[""false"", ""true""]","[0.00012472617956115953, 0.9998752738204388]",
d1-omni,ood_rotten_balanced_v2,64,positive,noul,1,1,"[""false"", ""true""]","[0.48060058609045314, 0.5193994139095468]",
d1-omni,ood_rotten_balanced_v2,65,positive,noul,1,1,"[""false"", ""true""]","[1.5781177023034683e-05, 0.9999842188229768]",
d1-omni,ood_rotten_balanced_v2,66,positive,noul,1,1,"[""false"", ""true""]","[0.003187767846749346, 0.9968122321532507]",
d1-omni,ood_rotten_balanced_v2,67,positive,noul,1,0,"[""false"", ""true""]","[0.9464483729778046, 0.053551627022195326]",
d1-omni,ood_rotten_balanced_v2,68,positive,noul,1,1,"[""false"", ""true""]","[0.0011373051310606395, 0.9988626948689393]",
d1-omni,ood_rotten_balanced_v2,72,positive,noul,1,1,"[""false"", ""true""]","[5.5188058015369155e-05, 0.9999448119419846]",
d1-omni,ood_rotten_balanced_v2,74,positive,noul,1,1,"[""false"", ""true""]","[0.0005218440062798213, 0.9994781559937201]",
d1-omni,ood_rotten_balanced_v2,75,positive,noul,1,1,"[""false"", ""true""]","[5.584105067851453e-05, 0.9999441589493214]",
d1-omni,ood_rotten_balanced_v2,77,positive,noul,1,1,"[""false"", ""true""]","[0.00023735769405450676, 0.9997626423059455]",
d1-omni,ood_rotten_balanced_v2,78,positive,noul,1,1,"[""false"", ""true""]","[5.286961804685506e-05, 0.999947130381953]",
d1-omni,ood_rotten_balanced_v2,79,positive,noul,1,1,"[""false"", ""true""]","[0.16491955108593462, 0.8350804489140653]",
d1-omni,ood_rotten_balanced_v2,80,positive,noul,1,1,"[""false"", ""true""]","[7.797994845113737e-06, 0.9999922020051549]",
d1-omni,ood_rotten_balanced_v2,81,positive,noul,1,1,"[""false"", ""true""]","[0.00024850143319973713, 0.9997514985668003]",
d1-omni,ood_rotten_balanced_v2,84,positive,noul,1,1,"[""false"", ""true""]","[0.0005597013097129731, 0.999440298690287]",
d1-omni,ood_rotten_balanced_v2,86,positive,noul,1,1,"[""false"", ""true""]","[6.402138825444357e-05, 0.9999359786117455]",
d1-omni,ood_rotten_balanced_v2,90,positive,noul,1,1,"[""false"", ""true""]","[0.0001063732175543576, 0.9998936267824458]",
d1-omni,ood_rotten_balanced_v2,92,positive,noul,1,1,"[""false"", ""true""]","[0.017242774392538143, 0.9827572256074619]",
d1-omni,ood_rotten_balanced_v2,95,positive,noul,1,1,"[""false"", ""true""]","[0.04849599465178437, 0.9515040053482157]",
d1-omni,ood_rotten_balanced_v2,97,positive,noul,1,1,"[""false"", ""true""]","[0.0019323697376916124, 0.9980676302623084]",
d1-omni,ood_rotten_balanced_v2,101,positive,noul,1,1,"[""false"", ""true""]","[0.0013613770283100503, 0.9986386229716899]",
d1-omni,ood_rotten_balanced_v2,102,positive,noul,1,1,"[""false"", ""true""]","[4.565657800749963e-06, 0.9999954343421993]",
d1-omni,ood_rotten_balanced_v2,103,positive,noul,1,1,"[""false"", ""true""]","[0.0004926386215599512, 0.9995073613784401]",
d1-omni,ood_rotten_balanced_v2,105,positive,noul,1,1,"[""false"", ""true""]","[4.117328166988122e-05, 0.99995882671833]",
d1-omni,ood_rotten_balanced_v2,106,positive,noul,1,1,"[""false"", ""true""]","[8.188134296551711e-05, 0.9999181186570345]",
d1-omni,ood_rotten_balanced_v2,110,positive,noul,1,1,"[""false"", ""true""]","[4.4694594108904226e-05, 0.9999553054058912]",
d1-omni,ood_rotten_balanced_v2,111,positive,noul,1,1,"[""false"", ""true""]","[0.0020834777609358684, 0.9979165222390641]",
d1-omni,ood_rotten_balanced_v2,112,positive,noul,1,1,"[""false"", ""true""]","[0.005691413377612371, 0.9943085866223875]",
d1-omni,ood_rotten_balanced_v2,114,positive,noul,1,1,"[""false"", ""true""]","[1.303281990049401e-05, 0.9999869671800994]",
d1-omni,ood_rotten_balanced_v2,122,positive,noul,1,1,"[""false"", ""true""]","[4.198591938766384e-05, 0.9999580140806124]",
d1-omni,ood_rotten_balanced_v2,124,positive,noul,1,1,"[""false"", ""true""]","[0.06681228498878525, 0.9331877150112147]",
d1-omni,ood_rotten_balanced_v2,125,positive,noul,1,1,"[""false"", ""true""]","[0.0002813070234536799, 0.9997186929765464]",
d1-omni,ood_rotten_balanced_v2,127,positive,noul,1,1,"[""false"", ""true""]","[0.001157879592787729, 0.9988421204072123]",
d1-omni,ood_rotten_balanced_v2,129,positive,noul,1,0,"[""false"", ""true""]","[0.9986356386888222, 0.0013643613111778733]",
d1-omni,ood_rotten_balanced_v2,131,positive,noul,1,1,"[""false"", ""true""]","[2.1112035752541736e-05, 0.9999788879642475]",
d1-omni,ood_rotten_balanced_v2,134,positive,noul,1,1,"[""false"", ""true""]","[0.05101176213091604, 0.948988237869084]",
d1-omni,ood_rotten_balanced_v2,135,positive,noul,1,1,"[""false"", ""true""]","[6.801403779664139e-06, 0.9999931985962203]",
d1-omni,ood_rotten_balanced_v2,137,positive,noul,1,1,"[""false"", ""true""]","[0.00045831147210868107, 0.9995416885278913]",
d1-omni,ood_rotten_balanced_v2,140,positive,noul,1,1,"[""false"", ""true""]","[0.0028101585479949768, 0.997189841452005]",
d1-omni,ood_rotten_balanced_v2,141,positive,noul,1,1,"[""false"", ""true""]","[0.0025621284256946387, 0.9974378715743054]",
d1-omni,ood_rotten_balanced_v2,146,positive,noul,1,1,"[""false"", ""true""]","[2.663518103410973e-05, 0.9999733648189658]",
d1-omni,ood_rotten_balanced_v2,150,positive,noul,1,1,"[""false"", ""true""]","[0.017520033368968718, 0.9824799666310313]",
d1-omni,ood_rotten_balanced_v2,152,positive,noul,1,1,"[""false"", ""true""]","[0.0027680519360844726, 0.9972319480639156]",
d1-omni,ood_rotten_balanced_v2,154,positive,noul,1,1,"[""false"", ""true""]","[0.00027533318950543495, 0.9997246668104947]",
d1-omni,ood_rotten_balanced_v2,155,positive,noul,1,1,"[""false"", ""true""]","[4.8705463481690156e-05, 0.9999512945365184]",
d1-omni,ood_rotten_balanced_v2,156,positive,noul,1,1,"[""false"", ""true""]","[1.5781177023034683e-05, 0.9999842188229768]",
d1-omni,ood_rotten_balanced_v2,157,positive,noul,1,0,"[""false"", ""true""]","[0.9984145694982146, 0.0015854305017852645]",
d1-omni,ood_rotten_balanced_v2,159,positive,noul,1,1,"[""false"", ""true""]","[0.00028021593697811445, 0.9997197840630219]",
d1-omni,ood_rotten_balanced_v2,161,positive,noul,1,1,"[""false"", ""true""]","[5.0350783710822005e-05, 0.9999496492162891]",
d1-omni,ood_rotten_balanced_v2,164,positive,noul,1,1,"[""false"", ""true""]","[0.0007055256278495595, 0.9992944743721505]",
d1-omni,ood_rotten_balanced_v2,165,positive,noul,1,1,"[""false"", ""true""]","[0.0001589014197265239, 0.9998410985802735]",
d1-omni,ood_rotten_balanced_v2,166,positive,noul,1,1,"[""false"", ""true""]","[4.7762114150137145e-05, 0.9999522378858499]",
d1-omni,ood_rotten_balanced_v2,167,positive,noul,1,1,"[""false"", ""true""]","[0.06926187896893761, 0.9307381210310623]",
d1-omni,ood_rotten_balanced_v2,170,positive,noul,1,1,"[""false"", ""true""]","[6.528350483779592e-05, 0.9999347164951623]",
d1-omni,ood_rotten_balanced_v2,171,positive,noul,1,1,"[""false"", ""true""]","[1.221873689343071e-05, 0.9999877812631065]",
d1-omni,ood_rotten_balanced_v2,173,positive,noul,1,1,"[""false"", ""true""]","[7.017322474209072e-05, 0.999929826775258]",
d1-omni,ood_rotten_balanced_v2,176,positive,noul,1,1,"[""false"", ""true""]","[0.0022770737464053595, 0.9977229262535946]",
d1-omni,ood_rotten_balanced_v2,180,positive,noul,1,1,"[""false"", ""true""]","[8.991272340576105e-06, 0.9999910087276594]",
d1-omni,ood_rotten_balanced_v2,181,positive,noul,1,1,"[""false"", ""true""]","[3.619363422528804e-05, 0.9999638063657748]",
d1-omni,ood_rotten_balanced_v2,183,positive,noul,1,1,"[""false"", ""true""]","[0.000369380292121891, 0.9996306197078781]",
d1-omni,ood_rotten_balanced_v2,184,positive,noul,1,1,"[""false"", ""true""]","[0.005273642299708212, 0.9947263577002918]",
d1-omni,ood_rotten_balanced_v2,185,positive,noul,1,1,"[""false"", ""true""]","[0.00011126204245109535, 0.9998887379575488]",
d1-omni,ood_rotten_balanced_v2,186,positive,noul,1,0,"[""false"", ""true""]","[0.6846857974460572, 0.31531420255394277]",
d1-omni,ood_rotten_balanced_v2,188,positive,noul,1,1,"[""false"", ""true""]","[0.0004394761307994309, 0.9995605238692006]",
d1-omni,ood_rotten_balanced_v2,189,positive,noul,1,1,"[""false"", ""true""]","[4.5133782004137494e-05, 0.9999548662179958]",
d1-omni,ood_rotten_balanced_v2,192,positive,noul,1,1,"[""false"", ""true""]","[0.006137640672804897, 0.9938623593271952]",
d1-omni,ood_rotten_balanced_v2,193,positive,noul,1,1,"[""false"", ""true""]","[0.0012744779541197782, 0.9987255220458803]",
d1-omni,ood_rotten_balanced_v2,195,positive,noul,1,1,"[""false"", ""true""]","[1.6997331412244768e-05, 0.9999830026685879]",
d1-omni,ood_rotten_balanced_v2,196,positive,noul,1,1,"[""false"", ""true""]","[4.3403606536355494e-05, 0.9999565963934637]",
d1-omni,ood_rotten_balanced_v2,198,positive,noul,1,1,"[""false"", ""true""]","[0.0001587435439111961, 0.9998412564560887]",
d1-omni,ood_rotten_balanced_v2,199,positive,noul,1,0,"[""false"", ""true""]","[0.5214712065884688, 0.47852879341153115]",
d1-omni,ood_rotten_balanced_v2,203,positive,noul,1,1,"[""false"", ""true""]","[4.81381870040262e-05, 0.999951861812996]",
d1-omni,ood_rotten_balanced_v2,204,positive,noul,1,1,"[""false"", ""true""]","[1.2955329821342743e-05, 0.9999870446701787]",
d1-omni,ood_rotten_balanced_v2,205,positive,noul,1,1,"[""false"", ""true""]","[0.0020951805336496382, 0.9979048194663505]",
d1-omni,ood_rotten_balanced_v2,210,positive,noul,1,1,"[""false"", ""true""]","[0.00013832979931277108, 0.9998616702006873]",
d1-omni,ood_rotten_balanced_v2,211,positive,noul,1,1,"[""false"", ""true""]","[0.0003291878932751901, 0.9996708121067248]",
d1-omni,ood_rotten_balanced_v2,214,positive,noul,1,1,"[""false"", ""true""]","[0.00011235228768773645, 0.9998876477123123]",
d1-omni,ood_rotten_balanced_v2,215,positive,noul,1,1,"[""false"", ""true""]","[0.0015900750657137, 0.9984099249342864]",
d1-omni,ood_rotten_balanced_v2,216,positive,noul,1,0,"[""false"", ""true""]","[0.9277570048115938, 0.07224299518840613]",
d1-omni,ood_rotten_balanced_v2,218,positive,noul,1,1,"[""false"", ""true""]","[0.06632681700068059, 0.9336731829993195]",
d1-omni,ood_rotten_balanced_v2,220,positive,noul,1,1,"[""false"", ""true""]","[0.00035994376328145854, 0.9996400562367186]",
d1-omni,ood_rotten_balanced_v2,222,positive,noul,1,1,"[""false"", ""true""]","[0.0012412057344441331, 0.9987587942655559]",
d1-omni,ood_rotten_balanced_v2,224,positive,noul,1,1,"[""false"", ""true""]","[0.0341165144214396, 0.9658834855785603]",
d1-omni,ood_rotten_balanced_v2,225,positive,noul,1,1,"[""false"", ""true""]","[0.02024981914064628, 0.9797501808593536]",
d1-omni,ood_rotten_balanced_v2,226,positive,noul,1,1,"[""false"", ""true""]","[2.9140992078403253e-05, 0.9999708590079216]",
d1-omni,ood_rotten_balanced_v2,228,positive,noul,1,1,"[""false"", ""true""]","[0.0016056492345226318, 0.9983943507654774]",
d1-omni,ood_rotten_balanced_v2,229,positive,noul,1,1,"[""false"", ""true""]","[8.5476523976725e-05, 0.9999145234760232]",
d1-omni,ood_rotten_balanced_v2,231,positive,noul,1,1,"[""false"", ""true""]","[7.499065575006962e-06, 0.9999925009344252]",
d1-omni,ood_rotten_balanced_v2,234,positive,noul,1,1,"[""false"", ""true""]","[6.096744972071893e-05, 0.9999390325502793]",
d1-omni,ood_rotten_balanced_v2,238,positive,noul,1,1,"[""false"", ""true""]","[0.0012780560141483525, 0.9987219439858516]",
d1-omni,ood_rotten_balanced_v2,239,positive,noul,1,1,"[""false"", ""true""]","[0.007381508437362771, 0.9926184915626372]",
d1-omni,ood_rotten_balanced_v2,242,positive,noul,1,1,"[""false"", ""true""]","[0.014957087671371765, 0.9850429123286283]",
d1-omni,ood_rotten_balanced_v2,244,positive,noul,1,1,"[""false"", ""true""]","[0.002082976082511569, 0.9979170239174884]",
d1-omni,ood_rotten_balanced_v2,245,positive,noul,1,1,"[""false"", ""true""]","[4.57526490202314e-05, 0.9999542473509798]",
d1-omni,ood_rotten_balanced_v2,246,positive,noul,1,1,"[""false"", ""true""]","[1.1412191476297781e-05, 0.9999885878085237]",
d1-omni,ood_rotten_balanced_v2,249,positive,noul,1,1,"[""false"", ""true""]","[4.851544723679514e-05, 0.9999514845527632]",
d1-omni,ood_rotten_balanced_v2,252,positive,noul,1,1,"[""false"", ""true""]","[0.0708805141014469, 0.929119485898553]",
d1-omni,ood_rotten_balanced_v2,254,positive,noul,1,1,"[""false"", ""true""]","[0.0005336955444867992, 0.9994663044555133]",
d1-omni,ood_rotten_balanced_v2,258,positive,noul,1,1,"[""false"", ""true""]","[0.06128343559424262, 0.9387165644057573]",
d1-omni,ood_rotten_balanced_v2,261,positive,noul,1,1,"[""false"", ""true""]","[5.1848030499940676e-05, 0.9999481519695]",
d1-omni,ood_rotten_balanced_v2,262,positive,noul,1,1,"[""false"", ""true""]","[0.00039395906462036856, 0.9996060409353796]",
d1-omni,ood_rotten_balanced_v2,264,positive,noul,1,1,"[""false"", ""true""]","[2.925285520103451e-05, 0.9999707471447989]",
d1-omni,ood_rotten_balanced_v2,265,positive,noul,1,1,"[""false"", ""true""]","[0.00010130529681586836, 0.999898694703184]",
d1-omni,ood_rotten_balanced_v2,269,positive,noul,1,1,"[""false"", ""true""]","[0.09314046526501203, 0.9068595347349879]",
d1-omni,ood_rotten_balanced_v2,272,positive,noul,1,1,"[""false"", ""true""]","[0.00011390017980691505, 0.9998860998201929]",
d1-omni,ood_rotten_balanced_v2,273,positive,noul,1,1,"[""false"", ""true""]","[0.0005516980905010041, 0.999448301909499]",
d1-omni,ood_rotten_balanced_v2,278,positive,noul,1,1,"[""false"", ""true""]","[8.888172377722197e-05, 0.9999111182762228]",
d1-omni,ood_rotten_balanced_v2,279,positive,noul,1,0,"[""false"", ""true""]","[0.7709824985927817, 0.22901750140721833]",
d1-omni,ood_rotten_balanced_v2,280,positive,noul,1,1,"[""false"", ""true""]","[0.0008584094984894631, 0.9991415905015104]",
d1-omni,ood_rotten_balanced_v2,281,positive,noul,1,0,"[""false"", ""true""]","[0.9998273484129485, 0.00017265158705142484]",
d1-omni,ood_rotten_balanced_v2,285,positive,noul,1,0,"[""false"", ""true""]","[0.9857866485739096, 0.014213351426090435]",
d1-omni,ood_rotten_balanced_v2,287,positive,noul,1,1,"[""false"", ""true""]","[0.0004230608999616546, 0.9995769391000383]",
d1-omni,ood_rotten_balanced_v2,288,positive,noul,1,1,"[""false"", ""true""]","[0.007056125674773135, 0.9929438743252269]",
d1-omni,ood_rotten_balanced_v2,290,positive,noul,1,1,"[""false"", ""true""]","[0.0012160417909050064, 0.9987839582090949]",
d1-omni,ood_rotten_balanced_v2,295,positive,noul,1,0,"[""false"", ""true""]","[0.9988144097144398, 0.001185590285560191]",
d1-omni,ood_rotten_balanced_v2,296,positive,noul,1,1,"[""false"", ""true""]","[3.95984258900964e-05, 0.9999604015741099]",
d1-omni,ood_rotten_balanced_v2,299,positive,noul,1,1,"[""false"", ""true""]","[1.3006230985880637e-05, 0.999986993769014]",
d1-omni,ood_rotten_balanced_v2,300,positive,noul,1,1,"[""false"", ""true""]","[0.0005137603618561041, 0.9994862396381439]",
d1-omni,ood_rotten_balanced_v2,303,positive,noul,1,1,"[""false"", ""true""]","[0.3490888612711763, 0.6509111387288237]",
d1-omni,ood_rotten_balanced_v2,305,positive,noul,1,0,"[""false"", ""true""]","[0.7166154276662279, 0.2833845723337721]",
d1-omni,ood_rotten_balanced_v2,306,positive,noul,1,1,"[""false"", ""true""]","[8.73320085825582e-05, 0.9999126679914173]",
d1-omni,ood_rotten_balanced_v2,307,positive,noul,1,1,"[""false"", ""true""]","[4.739095476807671e-05, 0.9999526090452319]",
d1-omni,ood_rotten_balanced_v2,310,positive,noul,1,0,"[""false"", ""true""]","[0.8117506656994036, 0.18824933430059654]",
d1-omni,ood_rotten_balanced_v2,314,positive,noul,1,1,"[""false"", ""true""]","[0.0003884211789360386, 0.999611578821064]",
d1-omni,ood_rotten_balanced_v2,315,positive,noul,1,1,"[""false"", ""true""]","[1.4229917519402901e-05, 0.9999857700824807]",
d1-omni,ood_rotten_balanced_v2,318,positive,noul,1,1,"[""false"", ""true""]","[0.00042367687713706, 0.9995763231228628]",
d1-omni,ood_rotten_balanced_v2,319,positive,noul,1,1,"[""false"", ""true""]","[4.174145679451508e-05, 0.9999582585432054]",
d1-omni,ood_rotten_balanced_v2,324,positive,noul,1,1,"[""false"", ""true""]","[0.28616923151157114, 0.713830768488429]",
d1-omni,ood_rotten_balanced_v2,325,positive,noul,1,1,"[""false"", ""true""]","[3.393730461550257e-05, 0.9999660626953846]",
d1-omni,ood_rotten_balanced_v2,328,positive,noul,1,1,"[""false"", ""true""]","[0.019681417538959467, 0.9803185824610406]",
d1-omni,ood_rotten_balanced_v2,329,positive,noul,1,1,"[""false"", ""true""]","[1.4312677534147909e-05, 0.999985687322466]",
d1-omni,ood_rotten_balanced_v2,332,positive,noul,1,0,"[""false"", ""true""]","[0.95900097845564, 0.040999021544360005]",
d1-omni,ood_rotten_balanced_v2,336,positive,noul,1,0,"[""false"", ""true""]","[0.9676556832771632, 0.032344316722836684]",
d1-omni,ood_rotten_balanced_v2,340,positive,noul,1,1,"[""false"", ""true""]","[0.49902338180899924, 0.5009766181910008]",
d1-omni,ood_rotten_balanced_v2,343,positive,noul,1,1,"[""false"", ""true""]","[3.5283592251000238e-06, 0.999996471640775]",
d1-omni,ood_rotten_balanced_v2,347,positive,noul,1,1,"[""false"", ""true""]","[4.9182757462662727e-05, 0.9999508172425374]",
d1-omni,ood_rotten_balanced_v2,348,positive,noul,1,1,"[""false"", ""true""]","[9.857237271762929e-05, 0.9999014276272823]",
d1-omni,ood_rotten_balanced_v2,350,positive,noul,1,1,"[""false"", ""true""]","[0.03996541958298795, 0.9600345804170121]",
d1-omni,ood_rotten_balanced_v2,351,positive,noul,1,0,"[""false"", ""true""]","[0.9831499320732405, 0.016850067926759388]",
d1-omni,ood_rotten_balanced_v2,352,positive,noul,1,1,"[""false"", ""true""]","[0.001573111293501101, 0.9984268887064989]",
d1-omni,ood_rotten_balanced_v2,357,positive,noul,1,1,"[""false"", ""true""]","[0.0005193045898451908, 0.9994806954101547]",
d1-omni,ood_rotten_balanced_v2,360,positive,noul,1,1,"[""false"", ""true""]","[2.7696505590773546e-05, 0.9999723034944092]",
d1-omni,ood_rotten_balanced_v2,364,positive,noul,1,1,"[""false"", ""true""]","[0.0003833328271431974, 0.9996166671728567]",
d1-omni,ood_rotten_balanced_v2,365,positive,noul,1,1,"[""false"", ""true""]","[2.6531883703884683e-05, 0.9999734681162962]",
d1-omni,ood_rotten_balanced_v2,372,positive,noul,1,1,"[""false"", ""true""]","[0.02551661105834259, 0.9744833889416575]",
d1-omni,ood_rotten_balanced_v2,373,positive,noul,1,1,"[""false"", ""true""]","[0.005236638479309405, 0.9947633615206906]",
d1-omni,ood_rotten_balanced_v2,374,positive,noul,1,1,"[""false"", ""true""]","[0.002046256643983766, 0.9979537433560163]",
d1-omni,ood_rotten_balanced_v2,378,positive,noul,1,1,"[""false"", ""true""]","[0.0017948335755161241, 0.998205166424484]",
d1-omni,ood_rotten_balanced_v2,379,positive,noul,1,1,"[""false"", ""true""]","[0.0001352578656681486, 0.9998647421343317]",
d1-omni,ood_rotten_balanced_v2,380,positive,noul,1,0,"[""false"", ""true""]","[0.8045115250167905, 0.19548847498320965]",
d1-omni,ood_rotten_balanced_v2,386,positive,noul,1,0,"[""false"", ""true""]","[0.6327297590671577, 0.3672702409328423]",
d1-omni,ood_rotten_balanced_v2,388,positive,noul,1,1,"[""false"", ""true""]","[0.002849921030404838, 0.9971500789695953]",
d1-omni,ood_rotten_balanced_v2,393,positive,noul,1,1,"[""false"", ""true""]","[0.00018324642317845338, 0.9998167535768216]",
d1-omni,ood_rotten_balanced_v2,396,positive,noul,1,1,"[""false"", ""true""]","[0.0004507662642700905, 0.9995492337357299]",
d1-omni,ood_rotten_balanced_v2,397,positive,noul,1,1,"[""false"", ""true""]","[0.0006106450163258324, 0.9993893549836742]",
d1-omni,ood_rotten_balanced_v2,400,positive,noul,1,1,"[""false"", ""true""]","[0.40910274425153703, 0.590897255748463]",
d1-omni,ood_rotten_balanced_v2,401,positive,noul,1,1,"[""false"", ""true""]","[0.00024346313558664412, 0.9997565368644135]",
d1-omni,ood_rotten_balanced_v2,402,positive,noul,1,1,"[""false"", ""true""]","[0.2332693794348518, 0.7667306205651483]",
d1-omni,ood_rotten_balanced_v2,403,positive,noul,1,0,"[""false"", ""true""]","[0.9339447717495146, 0.06605522825048532]",
d1-omni,ood_rotten_balanced_v2,406,positive,noul,1,1,"[""false"", ""true""]","[2.502202156075045e-05, 0.9999749779784394]",
d1-omni,ood_rotten_balanced_v2,407,positive,noul,1,1,"[""false"", ""true""]","[0.003845001424023275, 0.9961549985759768]",
d1-omni,ood_rotten_balanced_v2,408,positive,noul,1,1,"[""false"", ""true""]","[0.0007418892862861337, 0.9992581107137138]",
d1-omni,ood_rotten_balanced_v2,409,positive,noul,1,1,"[""false"", ""true""]","[0.0019974879500168504, 0.9980025120499832]",
d1-omni,ood_rotten_balanced_v2,410,positive,noul,1,1,"[""false"", ""true""]","[0.003065462016160959, 0.996934537983839]",
d1-omni,ood_rotten_balanced_v2,414,positive,noul,1,1,"[""false"", ""true""]","[9.35109600409117e-05, 0.999906489039959]",
d1-omni,ood_rotten_balanced_v2,424,positive,noul,1,1,"[""false"", ""true""]","[0.00019678346092451686, 0.9998032165390754]",
d1-omni,ood_rotten_balanced_v2,425,positive,noul,1,1,"[""false"", ""true""]","[0.00047009907779832136, 0.9995299009222017]",
d1-omni,ood_rotten_balanced_v2,429,positive,noul,1,1,"[""false"", ""true""]","[0.00016865186273688724, 0.9998313481372632]",
d1-omni,ood_rotten_balanced_v2,432,positive,noul,1,0,"[""false"", ""true""]","[0.9237687310747151, 0.07623126892528492]",
d1-omni,ood_rotten_balanced_v2,433,positive,noul,1,1,"[""false"", ""true""]","[0.0002750635863296068, 0.9997249364136703]",
d1-omni,ood_rotten_balanced_v2,437,positive,noul,1,1,"[""false"", ""true""]","[0.003936067830163385, 0.9960639321698366]",
d1-omni,ood_rotten_balanced_v2,443,positive,noul,1,1,"[""false"", ""true""]","[0.00034938418776453797, 0.9996506158122355]",
d1-omni,ood_rotten_balanced_v2,446,positive,noul,1,1,"[""false"", ""true""]","[0.0001373208408791638, 0.9998626791591209]",
d1-omni,ood_rotten_balanced_v2,449,positive,noul,1,1,"[""false"", ""true""]","[0.004127936865674701, 0.9958720631343252]",
d1-omni,ood_rotten_balanced_v2,450,positive,noul,1,1,"[""false"", ""true""]","[0.0072100031708172835, 0.9927899968291828]",
d1-omni,ood_rotten_balanced_v2,451,positive,noul,1,1,"[""false"", ""true""]","[0.007808311452786146, 0.992191688547214]",
d1-omni,ood_rotten_balanced_v2,452,positive,noul,1,0,"[""false"", ""true""]","[0.8938202311196256, 0.10617976888037439]",
d1-omni,ood_rotten_balanced_v2,453,positive,noul,1,0,"[""false"", ""true""]","[0.9954835757800665, 0.004516424219933484]",
d1-omni,ood_rotten_balanced_v2,457,positive,noul,1,1,"[""false"", ""true""]","[0.007957228292762382, 0.9920427717072376]",
d1-omni,ood_rotten_balanced_v2,459,positive,noul,1,1,"[""false"", ""true""]","[4.383043754923684e-05, 0.9999561695624508]",
d1-omni,ood_rotten_balanced_v2,460,positive,noul,1,1,"[""false"", ""true""]","[0.00019279221674968223, 0.9998072077832503]",
d1-omni,ood_rotten_balanced_v2,462,positive,noul,1,1,"[""false"", ""true""]","[0.0043304613539125415, 0.9956695386460875]",
d1-omni,ood_rotten_balanced_v2,463,positive,noul,1,1,"[""false"", ""true""]","[1.5446318619012837e-05, 0.999984553681381]",
d1-omni,ood_rotten_balanced_v2,466,positive,noul,1,1,"[""false"", ""true""]","[0.015306372692026202, 0.9846936273079738]",
d1-omni,ood_rotten_balanced_v2,468,positive,noul,1,1,"[""false"", ""true""]","[0.00011569417831358301, 0.9998843058216863]",
d1-omni,ood_rotten_balanced_v2,469,positive,noul,1,1,"[""false"", ""true""]","[0.077308360311776, 0.922691639688224]",
d1-omni,ood_rotten_balanced_v2,470,positive,noul,1,1,"[""false"", ""true""]","[0.3926861132227188, 0.6073138867772813]",
d1-omni,ood_rotten_balanced_v2,471,positive,noul,1,1,"[""false"", ""true""]","[2.256130702040227e-05, 0.9999774386929795]",
d1-omni,ood_rotten_balanced_v2,472,positive,noul,1,1,"[""false"", ""true""]","[6.983106125801142e-05, 0.9999301689387421]",
d1-omni,ood_rotten_balanced_v2,473,positive,noul,1,1,"[""false"", ""true""]","[0.007992014700088595, 0.9920079852999114]",
d1-omni,ood_rotten_balanced_v2,475,positive,noul,1,1,"[""false"", ""true""]","[2.054345854667599e-05, 0.9999794565414533]",
d1-omni,ood_rotten_balanced_v2,476,positive,noul,1,1,"[""false"", ""true""]","[0.004706906763626443, 0.9952930932363735]",
d1-omni,ood_rotten_balanced_v2,477,positive,noul,1,1,"[""false"", ""true""]","[8.580989026397673e-05, 0.9999141901097361]",
d1-omni,ood_rotten_balanced_v2,480,positive,noul,1,1,"[""false"", ""true""]","[0.00421414258885121, 0.9957858574111488]",
d1-omni,ood_rotten_balanced_v2,483,positive,noul,1,1,"[""false"", ""true""]","[4.665584067751497e-05, 0.9999533441593226]",
d1-omni,ood_rotten_balanced_v2,485,positive,noul,1,1,"[""false"", ""true""]","[0.00013368285236160606, 0.9998663171476384]",
d1-omni,ood_rotten_balanced_v2,486,positive,noul,1,1,"[""false"", ""true""]","[0.0001255834504658927, 0.9998744165495341]",
d1-omni,ood_rotten_balanced_v2,487,positive,noul,1,1,"[""false"", ""true""]","[1.3161639929255472e-05, 0.9999868383600709]",
d1-omni,ood_rotten_balanced_v2,490,positive,noul,1,1,"[""false"", ""true""]","[0.004308406218812124, 0.9956915937811879]",
d1-omni,ood_rotten_balanced_v2,492,positive,noul,1,1,"[""false"", ""true""]","[0.00011867067749080597, 0.9998813293225092]",
d1-omni,ood_rotten_balanced_v2,493,positive,noul,1,1,"[""false"", ""true""]","[4.620335588339484e-05, 0.9999537966441165]",
d1-omni,ood_rotten_balanced_v2,496,positive,noul,1,1,"[""false"", ""true""]","[0.008985418123839394, 0.9910145818761606]",
d1-omni,ood_rotten_balanced_v2,497,positive,noul,1,1,"[""false"", ""true""]","[0.09057449594677762, 0.9094255040532224]",
d1-omni,ood_rotten_balanced_v2,498,positive,noul,1,1,"[""false"", ""true""]","[0.03701236362614818, 0.9629876363738518]",
d1-omni,ood_rotten_balanced_v2,499,positive,noul,1,1,"[""false"", ""true""]","[0.003560537211270088, 0.99643946278873]",
d1-omni,ood_rotten_balanced_v2,505,positive,noul,1,1,"[""false"", ""true""]","[0.00016346447148626268, 0.9998365355285137]",
d1-omni,ood_rotten_balanced_v2,507,positive,noul,1,1,"[""false"", ""true""]","[0.00012931268959762997, 0.9998706873104025]",
d1-omni,ood_rotten_balanced_v2,508,positive,noul,1,1,"[""false"", ""true""]","[3.921289595699603e-05, 0.999960787104043]",
d1-omni,ood_rotten_balanced_v2,510,positive,noul,1,1,"[""false"", ""true""]","[0.0001328967396070917, 0.9998671032603929]",
d1-omni,ood_rotten_balanced_v2,513,positive,noul,1,1,"[""false"", ""true""]","[5.359129884814185e-06, 0.9999946408701151]",
d1-omni,ood_rotten_balanced_v2,516,positive,noul,1,0,"[""false"", ""true""]","[0.9794722150930167, 0.02052778490698338]",
d1-omni,ood_rotten_balanced_v2,517,positive,noul,1,1,"[""false"", ""true""]","[0.00010492933378584559, 0.9998950706662142]",
d1-omni,ood_rotten_balanced_v2,518,positive,noul,1,1,"[""false"", ""true""]","[0.0012743277676825055, 0.9987256722323175]",
d1-omni,ood_rotten_balanced_v2,522,positive,noul,1,1,"[""false"", ""true""]","[5.7443777990700703e-05, 0.9999425562220092]",
d1-omni,ood_rotten_balanced_v2,531,positive,noul,1,1,"[""false"", ""true""]","[7.587647574137997e-05, 0.9999241235242585]",
d1-omni,ood_rotten_balanced_v2,535,positive,noul,0,1,"[""false"", ""true""]","[0.4719532448043791, 0.5280467551956208]",
d1-omni,ood_rotten_balanced_v2,536,positive,noul,0,1,"[""false"", ""true""]","[0.000288539924699922, 0.9997114600753]",
d1-omni,ood_rotten_balanced_v2,537,positive,noul,0,0,"[""false"", ""true""]","[0.9999803209861885, 1.9679013811557813e-05]",
d1-omni,ood_rotten_balanced_v2,539,positive,noul,0,0,"[""false"", ""true""]","[0.9999620683789606, 3.793162103930551e-05]",
d1-omni,ood_rotten_balanced_v2,540,positive,noul,0,1,"[""false"", ""true""]","[0.0056227589190469204, 0.9943772410809532]",
d1-omni,ood_rotten_balanced_v2,542,positive,noul,0,0,"[""false"", ""true""]","[0.9998773263338407, 0.0001226736661592847]",
d1-omni,ood_rotten_balanced_v2,551,positive,noul,0,0,"[""false"", ""true""]","[0.9592498323766823, 0.04075016762331783]",
d1-omni,ood_rotten_balanced_v2,553,positive,noul,0,0,"[""false"", ""true""]","[0.9984360648350411, 0.0015639351649588383]",
d1-omni,ood_rotten_balanced_v2,555,positive,noul,0,0,"[""false"", ""true""]","[0.9984083745726423, 0.0015916254273577438]",
d1-omni,ood_rotten_balanced_v2,556,positive,noul,0,0,"[""false"", ""true""]","[0.9859904345452378, 0.014009565454762292]",
d1-omni,ood_rotten_balanced_v2,560,positive,noul,0,0,"[""false"", ""true""]","[0.9674410385562349, 0.03255896144376516]",
d1-omni,ood_rotten_balanced_v2,562,positive,noul,0,0,"[""false"", ""true""]","[0.9991186753438847, 0.0008813246561154354]",
d1-omni,ood_rotten_balanced_v2,563,positive,noul,0,0,"[""false"", ""true""]","[0.999483727527856, 0.0005162724721441302]",
d1-omni,ood_rotten_balanced_v2,564,positive,noul,0,0,"[""false"", ""true""]","[0.9999946409512123, 5.359048787698642e-06]",
d1-omni,ood_rotten_balanced_v2,565,positive,noul,0,1,"[""false"", ""true""]","[0.008639994046380104, 0.9913600059536198]",
d1-omni,ood_rotten_balanced_v2,566,positive,noul,0,0,"[""false"", ""true""]","[0.9988620001165062, 0.0011379998834937753]",
d1-omni,ood_rotten_balanced_v2,567,positive,noul,0,0,"[""false"", ""true""]","[0.9995514243822053, 0.0004485756177945659]",
d1-omni,ood_rotten_balanced_v2,570,positive,noul,0,0,"[""false"", ""true""]","[0.9915051656604831, 0.008494834339516972]",
d1-omni,ood_rotten_balanced_v2,573,positive,noul,0,0,"[""false"", ""true""]","[0.9987131844216587, 0.0012868155783414467]",
d1-omni,ood_rotten_balanced_v2,576,positive,noul,0,0,"[""false"", ""true""]","[0.9996140339123621, 0.0003859660876379673]",
d1-omni,ood_rotten_balanced_v2,578,positive,noul,0,0,"[""false"", ""true""]","[0.8241790732101847, 0.17582092678981542]",
d1-omni,ood_rotten_balanced_v2,580,positive,noul,0,0,"[""false"", ""true""]","[0.9962345866351169, 0.0037654133648831693]",
d1-omni,ood_rotten_balanced_v2,581,positive,noul,0,0,"[""false"", ""true""]","[0.9956684994555052, 0.00433150054449477]",
d1-omni,ood_rotten_balanced_v2,585,positive,noul,0,0,"[""false"", ""true""]","[0.9998838540454718, 0.00011614595452829506]",
d1-omni,ood_rotten_balanced_v2,586,positive,noul,0,0,"[""false"", ""true""]","[0.9972045245030567, 0.002795475496943305]",
d1-omni,ood_rotten_balanced_v2,587,positive,noul,0,0,"[""false"", ""true""]","[0.8823772351689702, 0.11762276483102994]",
d1-omni,ood_rotten_balanced_v2,588,positive,noul,0,0,"[""false"", ""true""]","[0.9999918284583507, 8.171541649271173e-06]",
d1-omni,ood_rotten_balanced_v2,590,positive,noul,0,0,"[""false"", ""true""]","[0.9895513775912993, 0.010448622408700583]",
d1-omni,ood_rotten_balanced_v2,591,positive,noul,0,0,"[""false"", ""true""]","[0.7320654160963125, 0.26793458390368746]",
d1-omni,ood_rotten_balanced_v2,592,positive,noul,0,0,"[""false"", ""true""]","[0.9999994262631225, 5.737368775439984e-07]",
d1-omni,ood_rotten_balanced_v2,593,positive,noul,0,0,"[""false"", ""true""]","[0.8316563919609702, 0.16834360803902992]",
d1-omni,ood_rotten_balanced_v2,597,positive,noul,0,0,"[""false"", ""true""]","[0.9955920234396479, 0.004407976560352034]",
d1-omni,ood_rotten_balanced_v2,600,positive,noul,0,0,"[""false"", ""true""]","[0.9999993987291604, 6.012708394578695e-07]",
d1-omni,ood_rotten_balanced_v2,601,positive,noul,0,0,"[""false"", ""true""]","[0.9999082980717502, 9.170192824985396e-05]",
d1-omni,ood_rotten_balanced_v2,606,positive,noul,0,0,"[""false"", ""true""]","[0.9994946953988398, 0.0005053046011601768]",
d1-omni,ood_rotten_balanced_v2,611,positive,noul,0,1,"[""false"", ""true""]","[0.0025335753813163753, 0.9974664246186836]",
d1-omni,ood_rotten_balanced_v2,616,positive,noul,0,0,"[""false"", ""true""]","[0.9793145410165668, 0.020685458983433175]",
d1-omni,ood_rotten_balanced_v2,617,positive,noul,0,0,"[""false"", ""true""]","[0.9999762626638465, 2.3737336153518683e-05]",
d1-omni,ood_rotten_balanced_v2,620,positive,noul,0,1,"[""false"", ""true""]","[0.05733473741654736, 0.9426652625834525]",
d1-omni,ood_rotten_balanced_v2,622,positive,noul,0,0,"[""false"", ""true""]","[0.9999992428862702, 7.5711372977835e-07]",
d1-omni,ood_rotten_balanced_v2,628,positive,noul,0,0,"[""false"", ""true""]","[0.6116139877072029, 0.38838601229279707]",
d1-omni,ood_rotten_balanced_v2,629,positive,noul,0,0,"[""false"", ""true""]","[0.9325762341793916, 0.06742376582060844]",
d1-omni,ood_rotten_balanced_v2,630,positive,noul,0,0,"[""false"", ""true""]","[0.9999354778841658, 6.452211583431445e-05]",
d1-omni,ood_rotten_balanced_v2,632,positive,noul,0,0,"[""false"", ""true""]","[0.5029296368640351, 0.4970703631359648]",
d1-omni,ood_rotten_balanced_v2,637,positive,noul,0,0,"[""false"", ""true""]","[0.7902876188377399, 0.2097123811622601]",
d1-omni,ood_rotten_balanced_v2,638,positive,noul,0,0,"[""false"", ""true""]","[0.9999683067443268, 3.16932556731186e-05]",
d1-omni,ood_rotten_balanced_v2,639,positive,noul,0,0,"[""false"", ""true""]","[0.9913558250563688, 0.00864417494363117]",
d1-omni,ood_rotten_balanced_v2,641,positive,noul,0,0,"[""false"", ""true""]","[0.9884138326361269, 0.01158616736387301]",
d1-omni,ood_rotten_balanced_v2,645,positive,noul,0,0,"[""false"", ""true""]","[0.9957642957558548, 0.004235704244145228]",
d1-omni,ood_rotten_balanced_v2,646,positive,noul,0,0,"[""false"", ""true""]","[0.9999305072947956, 6.949270520453185e-05]",
d1-omni,ood_rotten_balanced_v2,649,positive,noul,0,0,"[""false"", ""true""]","[0.9125141557127446, 0.08748584428725535]",
d1-omni,ood_rotten_balanced_v2,651,positive,noul,0,0,"[""false"", ""true""]","[0.9998100121188686, 0.00018998788113134873]",
d1-omni,ood_rotten_balanced_v2,652,positive,noul,0,0,"[""false"", ""true""]","[0.9998898196620856, 0.00011018033791454496]",
d1-omni,ood_rotten_balanced_v2,655,positive,noul,0,0,"[""false"", ""true""]","[0.6524629010272265, 0.34753709897277346]",
d1-omni,ood_rotten_balanced_v2,659,positive,noul,0,1,"[""false"", ""true""]","[0.025419666170560788, 0.9745803338294391]",
d1-omni,ood_rotten_balanced_v2,660,positive,noul,0,0,"[""false"", ""true""]","[0.9991974820973447, 0.0008025179026553562]",
d1-omni,ood_rotten_balanced_v2,661,positive,noul,0,0,"[""false"", ""true""]","[0.9999979258086403, 2.074191359589364e-06]",
d1-omni,ood_rotten_balanced_v2,664,positive,noul,0,1,"[""false"", ""true""]","[0.003942539410495405, 0.9960574605895046]",
d1-omni,ood_rotten_balanced_v2,665,positive,noul,0,0,"[""false"", ""true""]","[0.9999696397028436, 3.0360297156538824e-05]",
d1-omni,ood_rotten_balanced_v2,667,positive,noul,0,0,"[""false"", ""true""]","[0.9994138838359496, 0.0005861161640502603]",
d1-omni,ood_rotten_balanced_v2,668,positive,noul,0,0,"[""false"", ""true""]","[0.9997214256445734, 0.00027857435542654905]",
d1-omni,ood_rotten_balanced_v2,670,positive,noul,0,0,"[""false"", ""true""]","[0.9993699875619114, 0.0006300124380885712]",
d1-omni,ood_rotten_balanced_v2,674,positive,noul,0,0,"[""false"", ""true""]","[0.9999936607953931, 6.339204606783878e-06]",
d1-omni,ood_rotten_balanced_v2,676,positive,noul,0,0,"[""false"", ""true""]","[0.9990942666602322, 0.0009057333397677472]",
d1-omni,ood_rotten_balanced_v2,677,positive,noul,0,0,"[""false"", ""true""]","[0.9999822214540282, 1.7778545971759754e-05]",
d1-omni,ood_rotten_balanced_v2,680,positive,noul,0,0,"[""false"", ""true""]","[0.9992875539249815, 0.0007124460750185572]",
d1-omni,ood_rotten_balanced_v2,681,positive,noul,0,0,"[""false"", ""true""]","[0.999957018093039, 4.298190696100659e-05]",
d1-omni,ood_rotten_balanced_v2,682,positive,noul,0,0,"[""false"", ""true""]","[0.9993410601769648, 0.000658939823035197]",
d1-omni,ood_rotten_balanced_v2,683,positive,noul,0,0,"[""false"", ""true""]","[0.9990340257252456, 0.0009659742747544323]",
d1-omni,ood_rotten_balanced_v2,686,positive,noul,0,0,"[""false"", ""true""]","[0.9999744339341881, 2.5566065811990185e-05]",
d1-omni,ood_rotten_balanced_v2,687,positive,noul,0,0,"[""false"", ""true""]","[0.9947032526884683, 0.005296747311531735]",
d1-omni,ood_rotten_balanced_v2,688,positive,noul,0,0,"[""false"", ""true""]","[0.9873262695029758, 0.01267373049702413]",
d1-omni,ood_rotten_balanced_v2,691,positive,noul,0,1,"[""false"", ""true""]","[0.009508675260326283, 0.9904913247396737]",
d1-omni,ood_rotten_balanced_v2,693,positive,noul,0,0,"[""false"", ""true""]","[0.9999984705879029, 1.5294120970298173e-06]",
d1-omni,ood_rotten_balanced_v2,703,positive,noul,0,0,"[""false"", ""true""]","[0.8135348761003155, 0.18646512389968456]",
d1-omni,ood_rotten_balanced_v2,706,positive,noul,0,0,"[""false"", ""true""]","[0.9998785182819603, 0.0001214817180398472]",
d1-omni,ood_rotten_balanced_v2,707,positive,noul,0,0,"[""false"", ""true""]","[0.9999981187912022, 1.8812087979182484e-06]",
d1-omni,ood_rotten_balanced_v2,710,positive,noul,0,0,"[""false"", ""true""]","[0.991867419253007, 0.008132580746993016]",
d1-omni,ood_rotten_balanced_v2,711,positive,noul,0,0,"[""false"", ""true""]","[0.9962601443714476, 0.003739855628552409]",
d1-omni,ood_rotten_balanced_v2,714,positive,noul,0,0,"[""false"", ""true""]","[0.9999951961768168, 4.803823183397512e-06]",
d1-omni,ood_rotten_balanced_v2,715,positive,noul,0,0,"[""false"", ""true""]","[0.999997028860928, 2.971139072091506e-06]",
d1-omni,ood_rotten_balanced_v2,716,positive,noul,0,0,"[""false"", ""true""]","[0.9998464376175176, 0.00015356238248244623]",
d1-omni,ood_rotten_balanced_v2,721,positive,noul,0,0,"[""false"", ""true""]","[0.9964687947392237, 0.003531205260776423]",
d1-omni,ood_rotten_balanced_v2,722,positive,noul,0,1,"[""false"", ""true""]","[0.021481480631090236, 0.9785185193689098]",
d1-omni,ood_rotten_balanced_v2,723,positive,noul,0,0,"[""false"", ""true""]","[0.9996458064369063, 0.00035419356309374566]",
d1-omni,ood_rotten_balanced_v2,725,positive,noul,0,1,"[""false"", ""true""]","[0.0004193547192692253, 0.9995806452807307]",
d1-omni,ood_rotten_balanced_v2,726,positive,noul,0,0,"[""false"", ""true""]","[0.7662553867753966, 0.23374461322460338]",
d1-omni,ood_rotten_balanced_v2,727,positive,noul,0,0,"[""false"", ""true""]","[0.988084978750997, 0.011915021249002978]",
d1-omni,ood_rotten_balanced_v2,728,positive,noul,0,1,"[""false"", ""true""]","[0.03188898546180923, 0.9681110145381908]",
d1-omni,ood_rotten_balanced_v2,733,positive,noul,0,0,"[""false"", ""true""]","[0.9999996252005231, 3.7479947680326104e-07]",
d1-omni,ood_rotten_balanced_v2,736,positive,noul,0,1,"[""false"", ""true""]","[0.005286463402676035, 0.9947135365973239]",
d1-omni,ood_rotten_balanced_v2,740,positive,noul,0,1,"[""false"", ""true""]","[0.32659350787060754, 0.6734064921293924]",
d1-omni,ood_rotten_balanced_v2,741,positive,noul,0,0,"[""false"", ""true""]","[0.9996946511360254, 0.0003053488639745171]",
d1-omni,ood_rotten_balanced_v2,743,positive,noul,0,0,"[""false"", ""true""]","[0.9993809584285126, 0.0006190415714873981]",
d1-omni,ood_rotten_balanced_v2,745,positive,noul,0,0,"[""false"", ""true""]","[0.9936240665211206, 0.006375933478879364]",
d1-omni,ood_rotten_balanced_v2,748,positive,noul,0,0,"[""false"", ""true""]","[0.9929882045259301, 0.007011795474069955]",
d1-omni,ood_rotten_balanced_v2,750,positive,noul,0,0,"[""false"", ""true""]","[0.9373543049840564, 0.0626456950159436]",
d1-omni,ood_rotten_balanced_v2,751,positive,noul,0,0,"[""false"", ""true""]","[0.9994229656052344, 0.000577034394765606]",
d1-omni,ood_rotten_balanced_v2,753,positive,noul,0,0,"[""false"", ""true""]","[0.9997294665410098, 0.0002705334589900596]",
d1-omni,ood_rotten_balanced_v2,754,positive,noul,0,0,"[""false"", ""true""]","[0.999989870010052, 1.0129989947973987e-05]",
d1-omni,ood_rotten_balanced_v2,755,positive,noul,0,0,"[""false"", ""true""]","[0.9953724729195274, 0.004627527080472616]",
d1-omni,ood_rotten_balanced_v2,757,positive,noul,0,0,"[""false"", ""true""]","[0.9999725180406996, 2.7481959300464165e-05]",
d1-omni,ood_rotten_balanced_v2,765,positive,noul,0,0,"[""false"", ""true""]","[0.9998709367062987, 0.00012906329370132341]",
d1-omni,ood_rotten_balanced_v2,768,positive,noul,0,0,"[""false"", ""true""]","[0.9999280208943208, 7.197910567930408e-05]",
d1-omni,ood_rotten_balanced_v2,769,positive,noul,0,0,"[""false"", ""true""]","[0.9980882315169848, 0.001911768483015124]",
d1-omni,ood_rotten_balanced_v2,770,positive,noul,0,0,"[""false"", ""true""]","[0.9996374101341761, 0.00036258986582382336]",
d1-omni,ood_rotten_balanced_v2,773,positive,noul,0,1,"[""false"", ""true""]","[0.07178620577649031, 0.9282137942235097]",
d1-omni,ood_rotten_balanced_v2,778,positive,noul,0,0,"[""false"", ""true""]","[0.9941232626270914, 0.005876737372908613]",
d1-omni,ood_rotten_balanced_v2,779,positive,noul,0,0,"[""false"", ""true""]","[0.953772724560564, 0.04622727543943592]",
d1-omni,ood_rotten_balanced_v2,784,positive,noul,0,0,"[""false"", ""true""]","[0.9928370184599977, 0.00716298154000229]",
d1-omni,ood_rotten_balanced_v2,786,positive,noul,0,0,"[""false"", ""true""]","[0.9976403394488311, 0.0023596605511687864]",
d1-omni,ood_rotten_balanced_v2,787,positive,noul,0,0,"[""false"", ""true""]","[0.9999897905656331, 1.0209434366983052e-05]",
d1-omni,ood_rotten_balanced_v2,788,positive,noul,0,0,"[""false"", ""true""]","[0.9994652644156401, 0.0005347355843598411]",
d1-omni,ood_rotten_balanced_v2,791,positive,noul,0,0,"[""false"", ""true""]","[0.9999663943103763, 3.360568962380925e-05]",
d1-omni,ood_rotten_balanced_v2,795,positive,noul,0,0,"[""false"", ""true""]","[0.7978326029575985, 0.20216739704240144]",
d1-omni,ood_rotten_balanced_v2,800,positive,noul,0,0,"[""false"", ""true""]","[0.9999972413937794, 2.7586062206320893e-06]",
d1-omni,ood_rotten_balanced_v2,801,positive,noul,0,0,"[""false"", ""true""]","[0.9999661307244124, 3.386927558761099e-05]",
d1-omni,ood_rotten_balanced_v2,805,positive,noul,0,1,"[""false"", ""true""]","[0.3793783807359735, 0.6206216192640266]",
d1-omni,ood_rotten_balanced_v2,807,positive,noul,0,1,"[""false"", ""true""]","[0.0032686851484617693, 0.9967313148515382]",
d1-omni,ood_rotten_balanced_v2,810,positive,noul,0,1,"[""false"", ""true""]","[0.230399853898844, 0.769600146101156]",
d1-omni,ood_rotten_balanced_v2,811,positive,noul,0,0,"[""false"", ""true""]","[0.9968180377233468, 0.0031819622766533235]",
d1-omni,ood_rotten_balanced_v2,815,positive,noul,0,0,"[""false"", ""true""]","[0.9988991232514928, 0.0011008767485073026]",
d1-omni,ood_rotten_balanced_v2,816,positive,noul,0,0,"[""false"", ""true""]","[0.9985674639996474, 0.0014325360003526934]",
d1-omni,ood_rotten_balanced_v2,818,positive,noul,0,0,"[""false"", ""true""]","[0.9999769029329653, 2.3097067034780253e-05]",
d1-omni,ood_rotten_balanced_v2,819,positive,noul,0,1,"[""false"", ""true""]","[0.009717879013940748, 0.9902821209860594]",
d1-omni,ood_rotten_balanced_v2,821,positive,noul,0,0,"[""false"", ""true""]","[0.9998467373353978, 0.00015326266460227768]",
d1-omni,ood_rotten_balanced_v2,823,positive,noul,0,0,"[""false"", ""true""]","[0.9999990540678705, 9.459321296667511e-07]",
d1-omni,ood_rotten_balanced_v2,825,positive,noul,0,0,"[""false"", ""true""]","[0.9998880847425244, 0.00011191525747568634]",
d1-omni,ood_rotten_balanced_v2,826,positive,noul,0,0,"[""false"", ""true""]","[0.9999948863609979, 5.11363900200805e-06]",
d1-omni,ood_rotten_balanced_v2,829,positive,noul,0,0,"[""false"", ""true""]","[0.9997761469611173, 0.00022385303888262475]",
d1-omni,ood_rotten_balanced_v2,830,positive,noul,0,0,"[""false"", ""true""]","[0.9911697580699041, 0.008830241930095786]",
d1-omni,ood_rotten_balanced_v2,832,positive,noul,0,0,"[""false"", ""true""]","[0.9999981261245265, 1.8738754734380296e-06]",
d1-omni,ood_rotten_balanced_v2,833,positive,noul,0,0,"[""false"", ""true""]","[0.9982556195160627, 0.0017443804839374388]",
d1-omni,ood_rotten_balanced_v2,834,positive,noul,0,0,"[""false"", ""true""]","[0.9831013214006579, 0.0168986785993421]",
d1-omni,ood_rotten_balanced_v2,837,positive,noul,0,1,"[""false"", ""true""]","[0.002966560736727834, 0.9970334392632723]",
d1-omni,ood_rotten_balanced_v2,839,positive,noul,0,0,"[""false"", ""true""]","[0.9999852610157716, 1.4738984228364079e-05]",
d1-omni,ood_rotten_balanced_v2,840,positive,noul,0,0,"[""false"", ""true""]","[0.9999942280847253, 5.771915274675513e-06]",
d1-omni,ood_rotten_balanced_v2,841,positive,noul,0,0,"[""false"", ""true""]","[0.9716985606389309, 0.028301439361068995]",
d1-omni,ood_rotten_balanced_v2,842,positive,noul,0,0,"[""false"", ""true""]","[0.9990582205020134, 0.0009417794979866629]",
d1-omni,ood_rotten_balanced_v2,843,positive,noul,0,0,"[""false"", ""true""]","[0.9994319066135184, 0.0005680933864815383]",
d1-omni,ood_rotten_balanced_v2,844,positive,noul,0,0,"[""false"", ""true""]","[0.9999976126225184, 2.387377481518004e-06]",
d1-omni,ood_rotten_balanced_v2,846,positive,noul,0,0,"[""false"", ""true""]","[0.999985489533004, 1.4510466995940899e-05]",
d1-omni,ood_rotten_balanced_v2,847,positive,noul,0,0,"[""false"", ""true""]","[0.9998323324019696, 0.00016766759803030413]",
d1-omni,ood_rotten_balanced_v2,848,positive,noul,0,0,"[""false"", ""true""]","[0.9971661507018728, 0.0028338492981272913]",
d1-omni,ood_rotten_balanced_v2,849,positive,noul,0,0,"[""false"", ""true""]","[0.9921232926511884, 0.007876707348811515]",
d1-omni,ood_rotten_balanced_v2,853,positive,noul,0,0,"[""false"", ""true""]","[0.9999961700562479, 3.829943752029193e-06]",
d1-omni,ood_rotten_balanced_v2,854,positive,noul,0,0,"[""false"", ""true""]","[0.997787304321365, 0.002212695678635089]",
d1-omni,ood_rotten_balanced_v2,855,positive,noul,0,0,"[""false"", ""true""]","[0.9442154527902289, 0.055784547209770996]",
d1-omni,ood_rotten_balanced_v2,856,positive,noul,0,0,"[""false"", ""true""]","[0.9637458425798179, 0.03625415742018204]",
d1-omni,ood_rotten_balanced_v2,857,positive,noul,0,0,"[""false"", ""true""]","[0.9999921721387235, 7.827861276477277e-06]",
d1-omni,ood_rotten_balanced_v2,863,positive,noul,0,0,"[""false"", ""true""]","[0.6192410824511588, 0.38075891754884117]",
d1-omni,ood_rotten_balanced_v2,865,positive,noul,0,1,"[""false"", ""true""]","[0.26182604384566577, 0.7381739561543342]",
d1-omni,ood_rotten_balanced_v2,867,positive,noul,0,0,"[""false"", ""true""]","[0.9999426124455838, 5.7387554416179196e-05]",
d1-omni,ood_rotten_balanced_v2,868,positive,noul,0,0,"[""false"", ""true""]","[0.992378571697929, 0.007621428302070935]",
d1-omni,ood_rotten_balanced_v2,869,positive,noul,0,1,"[""false"", ""true""]","[0.048767121026243976, 0.951232878973756]",
d1-omni,ood_rotten_balanced_v2,871,positive,noul,0,0,"[""false"", ""true""]","[0.999994091205491, 5.9087945090171325e-06]",
d1-omni,ood_rotten_balanced_v2,874,positive,noul,0,0,"[""false"", ""true""]","[0.9998988918789137, 0.00010110812108626346]",
d1-omni,ood_rotten_balanced_v2,876,positive,noul,0,0,"[""false"", ""true""]","[0.9628787326335485, 0.03712126736645155]",
d1-omni,ood_rotten_balanced_v2,877,positive,noul,0,0,"[""false"", ""true""]","[0.9950370594268658, 0.004962940573134227]",
d1-omni,ood_rotten_balanced_v2,880,positive,noul,0,0,"[""false"", ""true""]","[0.9917083514964489, 0.008291648503551168]",
d1-omni,ood_rotten_balanced_v2,881,positive,noul,0,0,"[""false"", ""true""]","[0.9940312713641761, 0.00596872863582386]",
d1-omni,ood_rotten_balanced_v2,882,positive,noul,0,0,"[""false"", ""true""]","[0.999812956939378, 0.00018704306062202782]",
d1-omni,ood_rotten_balanced_v2,883,positive,noul,0,0,"[""false"", ""true""]","[0.985129000323577, 0.014870999676423106]",
d1-omni,ood_rotten_balanced_v2,885,positive,noul,0,0,"[""false"", ""true""]","[0.9999973677181027, 2.632281897322242e-06]",
d1-omni,ood_rotten_balanced_v2,886,positive,noul,0,0,"[""false"", ""true""]","[0.998248803526991, 0.001751196473009138]",
d1-omni,ood_rotten_balanced_v2,888,positive,noul,0,1,"[""false"", ""true""]","[0.024798153678375533, 0.9752018463216244]",
d1-omni,ood_rotten_balanced_v2,891,positive,noul,0,0,"[""false"", ""true""]","[0.9999996266623269, 3.733376730684593e-07]",
d1-omni,ood_rotten_balanced_v2,893,positive,noul,0,0,"[""false"", ""true""]","[0.9998100121188686, 0.00018998788113134873]",
d1-omni,ood_rotten_balanced_v2,897,positive,noul,0,1,"[""false"", ""true""]","[0.2499961040817617, 0.7500038959182384]",
d1-omni,ood_rotten_balanced_v2,898,positive,noul,0,0,"[""false"", ""true""]","[0.9983353665355303, 0.0016646334644696606]",
d1-omni,ood_rotten_balanced_v2,899,positive,noul,0,0,"[""false"", ""true""]","[0.9999903715758491, 9.628424150826967e-06]",
d1-omni,ood_rotten_balanced_v2,901,positive,noul,0,1,"[""false"", ""true""]","[0.027855061832867744, 0.9721449381671322]",
d1-omni,ood_rotten_balanced_v2,902,positive,noul,0,1,"[""false"", ""true""]","[0.0012975294609358125, 0.9987024705390642]",
d1-omni,ood_rotten_balanced_v2,903,positive,noul,0,0,"[""false"", ""true""]","[0.5947866139052492, 0.40521338609475077]",
d1-omni,ood_rotten_balanced_v2,906,positive,noul,0,0,"[""false"", ""true""]","[0.9999608643469717, 3.9135653028191794e-05]",
d1-omni,ood_rotten_balanced_v2,908,positive,noul,0,0,"[""false"", ""true""]","[0.9968519292339092, 0.0031480707660907505]",
d1-omni,ood_rotten_balanced_v2,910,positive,noul,0,0,"[""false"", ""true""]","[0.9541586944445494, 0.04584130555545048]",
d1-omni,ood_rotten_balanced_v2,911,positive,noul,0,0,"[""false"", ""true""]","[0.9671475409698393, 0.03285245903016073]",
d1-omni,ood_rotten_balanced_v2,913,positive,noul,0,0,"[""false"", ""true""]","[0.9996679079813339, 0.0003320920186660364]",
d1-omni,ood_rotten_balanced_v2,918,positive,noul,0,0,"[""false"", ""true""]","[0.9999994284998202, 5.715001798442875e-07]",
d1-omni,ood_rotten_balanced_v2,919,positive,noul,0,0,"[""false"", ""true""]","[0.9999983070946874, 1.6929053126392066e-06]",
d1-omni,ood_rotten_balanced_v2,920,positive,noul,0,0,"[""false"", ""true""]","[0.9998368542921521, 0.00016314570784797114]",
d1-omni,ood_rotten_balanced_v2,921,positive,noul,0,0,"[""false"", ""true""]","[0.7483983398901556, 0.2516016601098444]",
d1-omni,ood_rotten_balanced_v2,922,positive,noul,0,1,"[""false"", ""true""]","[0.0016472780244055892, 0.9983527219755944]",
d1-omni,ood_rotten_balanced_v2,924,positive,noul,0,0,"[""false"", ""true""]","[0.9999285810386708, 7.141896132932116e-05]",
d1-omni,ood_rotten_balanced_v2,925,positive,noul,0,0,"[""false"", ""true""]","[0.9999976770190288, 2.3229809712556275e-06]",
d1-omni,ood_rotten_balanced_v2,927,positive,noul,0,0,"[""false"", ""true""]","[0.9998696702641241, 0.0001303297358758411]",
d1-omni,ood_rotten_balanced_v2,928,positive,noul,0,0,"[""false"", ""true""]","[0.9997294665410098, 0.0002705334589900596]",
d1-omni,ood_rotten_balanced_v2,931,positive,noul,0,0,"[""false"", ""true""]","[0.9998806348029479, 0.00011936519705208613]",
d1-omni,ood_rotten_balanced_v2,932,positive,noul,0,0,"[""false"", ""true""]","[0.9992749295829085, 0.000725070417091523]",
d1-omni,ood_rotten_balanced_v2,936,positive,noul,0,0,"[""false"", ""true""]","[0.9996793762645019, 0.0003206237354980893]",
d1-omni,ood_rotten_balanced_v2,938,positive,noul,0,0,"[""false"", ""true""]","[0.9999104221443303, 8.957785566962118e-05]",
d1-omni,ood_rotten_balanced_v2,940,positive,noul,0,0,"[""false"", ""true""]","[0.9384914612493149, 0.06150853875068508]",
d1-omni,ood_rotten_balanced_v2,941,positive,noul,0,0,"[""false"", ""true""]","[0.9989837563581155, 0.0010162436418845494]",
d1-omni,ood_rotten_balanced_v2,942,positive,noul,0,0,"[""false"", ""true""]","[0.9990728081576292, 0.0009271918423707988]",
d1-omni,ood_rotten_balanced_v2,944,positive,noul,0,0,"[""false"", ""true""]","[0.9999992942912022, 7.057087977606317e-07]",
d1-omni,ood_rotten_balanced_v2,945,positive,noul,0,0,"[""false"", ""true""]","[0.999987923286893, 1.2076713106901322e-05]",
d1-omni,ood_rotten_balanced_v2,946,positive,noul,0,0,"[""false"", ""true""]","[0.9999948260814463, 5.173918553665276e-06]",
d1-omni,ood_rotten_balanced_v2,947,positive,noul,0,0,"[""false"", ""true""]","[0.9943361354381833, 0.005663864561816603]",
d1-omni,ood_rotten_balanced_v2,948,positive,noul,0,0,"[""false"", ""true""]","[0.9255334137243452, 0.0744665862756548]",
d1-omni,ood_rotten_balanced_v2,949,positive,noul,0,1,"[""false"", ""true""]","[0.012537002889193532, 0.9874629971108064]",
d1-omni,ood_rotten_balanced_v2,953,positive,noul,0,0,"[""false"", ""true""]","[0.9965903661054337, 0.0034096338945661703]",
d1-omni,ood_rotten_balanced_v2,956,positive,noul,0,0,"[""false"", ""true""]","[0.9870795286141428, 0.012920471385857241]",
d1-omni,ood_rotten_balanced_v2,957,positive,noul,0,0,"[""false"", ""true""]","[0.9999994714493965, 5.285506034706773e-07]",
d1-omni,ood_rotten_balanced_v2,958,positive,noul,0,0,"[""false"", ""true""]","[0.9999544244642793, 4.557553572080913e-05]",
d1-omni,ood_rotten_balanced_v2,960,positive,noul,0,1,"[""false"", ""true""]","[0.11571070417668432, 0.8842892958233156]",
d1-omni,ood_rotten_balanced_v2,966,positive,noul,0,0,"[""false"", ""true""]","[0.9999915690653766, 8.430934623365438e-06]",
d1-omni,ood_rotten_balanced_v2,969,positive,noul,0,0,"[""false"", ""true""]","[0.999617783164334, 0.0003822168356659748]",
d1-omni,ood_rotten_balanced_v2,970,positive,noul,0,0,"[""false"", ""true""]","[0.9966625962417834, 0.0033374037582166076]",
d1-omni,ood_rotten_balanced_v2,976,positive,noul,0,0,"[""false"", ""true""]","[0.999663337994379, 0.0003366620056210295]",
d1-omni,ood_rotten_balanced_v2,980,positive,noul,0,0,"[""false"", ""true""]","[0.998877435027546, 0.0011225649724539483]",
d1-omni,ood_rotten_balanced_v2,983,positive,noul,0,0,"[""false"", ""true""]","[0.9996800017309114, 0.00031999826908856463]",
d1-omni,ood_rotten_balanced_v2,984,positive,noul,0,0,"[""false"", ""true""]","[0.997171664666146, 0.0028283353338540637]",
d1-omni,ood_rotten_balanced_v2,985,positive,noul,0,0,"[""false"", ""true""]","[0.9999827009965166, 1.729900348348398e-05]",
d1-omni,ood_rotten_balanced_v2,987,positive,noul,0,1,"[""false"", ""true""]","[0.1346620643440898, 0.8653379356559101]",
d1-omni,ood_rotten_balanced_v2,989,positive,noul,0,1,"[""false"", ""true""]","[0.03979712196554424, 0.9602028780344558]",
d1-omni,ood_rotten_balanced_v2,991,positive,noul,0,0,"[""false"", ""true""]","[0.9999998394293328, 1.6057066720460565e-07]",
d1-omni,ood_rotten_balanced_v2,992,positive,noul,0,0,"[""false"", ""true""]","[0.6164741881048565, 0.3835258118951435]",
d1-omni,ood_rotten_balanced_v2,998,positive,noul,0,1,"[""false"", ""true""]","[0.08314292307539642, 0.9168570769246036]",
d1-omni,ood_rotten_balanced_v2,999,positive,noul,0,0,"[""false"", ""true""]","[0.9999910253182552, 8.97468174487215e-06]",
d1-omni,ood_rotten_balanced_v2,1000,positive,noul,0,1,"[""false"", ""true""]","[0.423219594141584, 0.5767804058584161]",
d1-omni,ood_rotten_balanced_v2,1004,positive,noul,0,0,"[""false"", ""true""]","[0.9963214933235731, 0.0036785066764268583]",
d1-omni,ood_rotten_balanced_v2,1005,positive,noul,0,0,"[""false"", ""true""]","[0.939289877521527, 0.06071012247847303]",
d1-omni,ood_rotten_balanced_v2,1007,positive,noul,0,0,"[""false"", ""true""]","[0.9998836270118815, 0.00011637298811840488]",
d1-omni,ood_rotten_balanced_v2,1010,positive,noul,0,0,"[""false"", ""true""]","[0.9960469112062427, 0.003953088793757357]",
d1-omni,ood_rotten_balanced_v2,1013,positive,noul,0,0,"[""false"", ""true""]","[0.9980882315169848, 0.001911768483015124]",
d1-omni,ood_rotten_balanced_v2,1014,positive,noul,0,1,"[""false"", ""true""]","[0.007846242442736857, 0.9921537575572632]",
d1-omni,ood_rotten_balanced_v2,1017,positive,noul,0,0,"[""false"", ""true""]","[0.9999956938786188, 4.3061213811527485e-06]",
d1-omni,ood_rotten_balanced_v2,1020,positive,noul,0,0,"[""false"", ""true""]","[0.9987281570521878, 0.001271842947812223]",
d1-omni,ood_rotten_balanced_v2,1021,positive,noul,0,0,"[""false"", ""true""]","[0.9972955712967623, 0.002704428703237732]",
d1-omni,ood_rotten_balanced_v2,1022,positive,noul,0,0,"[""false"", ""true""]","[0.9933781887780908, 0.006621811221909268]",
d1-omni,ood_rotten_balanced_v2,1028,positive,noul,0,1,"[""false"", ""true""]","[0.000564780970637628, 0.9994352190293625]",
d1-omni,ood_rotten_balanced_v2,1029,positive,noul,0,1,"[""false"", ""true""]","[0.022988338577888352, 0.9770116614221116]",
d1-omni,ood_rotten_balanced_v2,1030,positive,noul,0,0,"[""false"", ""true""]","[0.9999839383962142, 1.6061603785837914e-05]",
d1-omni,ood_rotten_balanced_v2,1031,positive,noul,0,0,"[""false"", ""true""]","[0.9999922026543381, 7.797345661986468e-06]",
d1-omni,ood_rotten_balanced_v2,1036,positive,noul,0,0,"[""false"", ""true""]","[0.9987281570521878, 0.001271842947812223]",
d1-omni,ood_rotten_balanced_v2,1039,positive,noul,0,0,"[""false"", ""true""]","[0.9984207405297085, 0.0015792594702915851]",
d1-omni,ood_rotten_balanced_v2,1041,positive,noul,0,1,"[""false"", ""true""]","[0.014433954632034403, 0.9855660453679657]",
d1-omni,ood_rotten_balanced_v2,1042,positive,noul,0,0,"[""false"", ""true""]","[0.973023684333925, 0.026976315666074932]",
d1-omni,ood_rotten_balanced_v2,1043,positive,noul,0,0,"[""false"", ""true""]","[0.9999836216302651, 1.6378369734892355e-05]",
d1-omni,ood_rotten_balanced_v2,1044,positive,noul,0,0,"[""false"", ""true""]","[0.99991747646015, 8.252353985007783e-05]",
d1-omni,ood_rotten_balanced_v2,1045,positive,noul,0,0,"[""false"", ""true""]","[0.9998133217633373, 0.00018667823666267976]",
d1-omni,ood_rotten_balanced_v2,1054,positive,noul,0,0,"[""false"", ""true""]","[0.9967396546404053, 0.0032603453595947125]",
d1-omni,ood_rotten_balanced_v2,1055,positive,noul,0,0,"[""false"", ""true""]","[0.8967271340527904, 0.10327286594720973]",
d1-omni,ood_rotten_balanced_v2,1056,positive,noul,0,0,"[""false"", ""true""]","[0.9872895565634638, 0.012710443436536186]",
d1-omni,ood_rotten_balanced_v2,1057,positive,noul,0,0,"[""false"", ""true""]","[0.9800912094788095, 0.01990879052119063]",
d1-omni,ood_rotten_balanced_v2,1062,positive,noul,0,0,"[""false"", ""true""]","[0.9959770910829251, 0.004022908917075021]",
d1-omni,ood_rotten_balanced_v2,1063,positive,noul,0,0,"[""false"", ""true""]","[0.9999792958702088, 2.0704129791075755e-05]",
d1-omni,ood_rotten_balanced_v2,1064,positive,noul,0,0,"[""false"", ""true""]","[0.9999790926897592, 2.090731024079208e-05]",
d1-omni,ood_rotten_balanced_v2,1065,positive,noul,0,0,"[""false"", ""true""]","[0.9793145410165668, 0.020685458983433175]",
d1-omni,ood_sst2_balanced_v2,0,positive,noul,1,1,"[""false"", ""true""]","[3.815413378830019e-05, 0.9999618458662116]",
d1-omni,ood_sst2_balanced_v2,2,positive,noul,1,1,"[""false"", ""true""]","[0.007307663164555552, 0.9926923368354444]",
d1-omni,ood_sst2_balanced_v2,4,positive,noul,0,0,"[""false"", ""true""]","[0.9994714910509387, 0.0005285089490613321]",
d1-omni,ood_sst2_balanced_v2,6,positive,noul,0,0,"[""false"", ""true""]","[0.9996273622980566, 0.00037263770194331596]",
d1-omni,ood_sst2_balanced_v2,7,positive,noul,0,0,"[""false"", ""true""]","[0.9881594801079376, 0.011840519892062472]",
d1-omni,ood_sst2_balanced_v2,8,positive,noul,1,1,"[""false"", ""true""]","[0.00042264441812352074, 0.9995773555818765]",
d1-omni,ood_sst2_balanced_v2,9,positive,noul,0,0,"[""false"", ""true""]","[0.9999663943103763, 3.360568962380925e-05]",
d1-omni,ood_sst2_balanced_v2,10,positive,noul,1,1,"[""false"", ""true""]","[1.9075126000941563e-05, 0.999980924873999]",
d1-omni,ood_sst2_balanced_v2,11,positive,noul,0,0,"[""false"", ""true""]","[0.9885140504113846, 0.011485949588615292]",
d1-omni,ood_sst2_balanced_v2,12,positive,noul,0,0,"[""false"", ""true""]","[0.9935743794692661, 0.006425620530733885]",
d1-omni,ood_sst2_balanced_v2,13,positive,noul,1,1,"[""false"", ""true""]","[0.008830242965372282, 0.9911697570346278]",
d1-omni,ood_sst2_balanced_v2,15,positive,noul,1,1,"[""false"", ""true""]","[3.433709776945037e-05, 0.9999656629022305]",
d1-omni,ood_sst2_balanced_v2,23,positive,noul,1,1,"[""false"", ""true""]","[2.8134448436922722e-05, 0.999971865551563]",
d1-omni,ood_sst2_balanced_v2,25,positive,noul,0,0,"[""false"", ""true""]","[0.9973008333283597, 0.002699166671640261]",
d1-omni,ood_sst2_balanced_v2,26,positive,noul,0,0,"[""false"", ""true""]","[0.8353492589226795, 0.1646507410773205]",
d1-omni,ood_sst2_balanced_v2,28,positive,noul,0,0,"[""false"", ""true""]","[0.999976992972669, 2.3007027330943134e-05]",
d1-omni,ood_sst2_balanced_v2,31,positive,noul,0,0,"[""false"", ""true""]","[0.9999006535368552, 9.934646314485483e-05]",
d1-omni,ood_sst2_balanced_v2,32,positive,noul,1,1,"[""false"", ""true""]","[1.6092366850994956e-05, 0.9999839076331489]",
d1-omni,ood_sst2_balanced_v2,34,positive,noul,0,0,"[""false"", ""true""]","[0.9999941600458578, 5.839954142275693e-06]",
d1-omni,ood_sst2_balanced_v2,35,positive,noul,0,0,"[""false"", ""true""]","[0.9953090690407153, 0.004690930959284677]",
d1-omni,ood_sst2_balanced_v2,36,positive,noul,1,1,"[""false"", ""true""]","[1.063708322152176e-05, 0.9999893629167785]",
d1-omni,ood_sst2_balanced_v2,37,positive,noul,0,0,"[""false"", ""true""]","[0.739234257248861, 0.260765742751139]",
d1-omni,ood_sst2_balanced_v2,38,positive,noul,1,1,"[""false"", ""true""]","[0.00019411124964881184, 0.9998058887503511]",
d1-omni,ood_sst2_balanced_v2,39,positive,noul,1,1,"[""false"", ""true""]","[2.144533896730984e-05, 0.9999785546610328]",
d1-omni,ood_sst2_balanced_v2,43,positive,noul,1,1,"[""false"", ""true""]","[0.0001249712648961501, 0.9998750287351039]",
d1-omni,ood_sst2_balanced_v2,44,positive,noul,0,0,"[""false"", ""true""]","[0.9679144603136216, 0.032085539686378346]",
d1-omni,ood_sst2_balanced_v2,45,positive,noul,0,0,"[""false"", ""true""]","[0.9999369724102685, 6.302758973157468e-05]",
d1-omni,ood_sst2_balanced_v2,46,positive,noul,0,0,"[""false"", ""true""]","[0.9556721201849755, 0.04432787981502452]",
d1-omni,ood_sst2_balanced_v2,48,positive,noul,1,1,"[""false"", ""true""]","[0.00015118110922157394, 0.9998488188907784]",
d1-omni,ood_sst2_balanced_v2,50,positive,noul,0,0,"[""false"", ""true""]","[0.9999996794174051, 3.2058259505919084e-07]",
d1-omni,ood_sst2_balanced_v2,51,positive,noul,1,1,"[""false"", ""true""]","[2.2299432017362332e-05, 0.9999777005679826]",
d1-omni,ood_sst2_balanced_v2,53,positive,noul,1,1,"[""false"", ""true""]","[3.542509798168498e-05, 0.9999645749020184]",
d1-omni,ood_sst2_balanced_v2,55,positive,noul,1,1,"[""false"", ""true""]","[9.08101194411264e-05, 0.9999091898805588]",
d1-omni,ood_sst2_balanced_v2,57,positive,noul,0,0,"[""false"", ""true""]","[0.9824231202051302, 0.017576879794869785]",
d1-omni,ood_sst2_balanced_v2,59,positive,noul,0,0,"[""false"", ""true""]","[0.999991955139116, 8.044860883996776e-06]",
d1-omni,ood_sst2_balanced_v2,61,positive,noul,0,0,"[""false"", ""true""]","[0.999981513247064, 1.8486752936062997e-05]",
d1-omni,ood_sst2_balanced_v2,62,positive,noul,1,1,"[""false"", ""true""]","[0.15052763205735786, 0.8494723679426421]",
d1-omni,ood_sst2_balanced_v2,63,positive,noul,1,1,"[""false"", ""true""]","[0.00028462530796816675, 0.9997153746920319]",
d1-omni,ood_sst2_balanced_v2,65,positive,noul,0,0,"[""false"", ""true""]","[0.7675374599285895, 0.2324625400714106]",
d1-omni,ood_sst2_balanced_v2,66,positive,noul,1,1,"[""false"", ""true""]","[0.004670464871892373, 0.9953295351281077]",
d1-omni,ood_sst2_balanced_v2,67,positive,noul,1,1,"[""false"", ""true""]","[8.124501250232458e-06, 0.9999918754987498]",
d1-omni,ood_sst2_balanced_v2,68,positive,noul,1,1,"[""false"", ""true""]","[0.0007643055401120366, 0.999235694459888]",
d1-omni,ood_sst2_balanced_v2,70,positive,noul,0,1,"[""false"", ""true""]","[0.08586242128368823, 0.9141375787163118]",
d1-omni,ood_sst2_balanced_v2,72,positive,noul,1,1,"[""false"", ""true""]","[0.00025390132039257505, 0.9997460986796074]",
d1-omni,ood_sst2_balanced_v2,73,positive,noul,1,1,"[""false"", ""true""]","[0.013467110011088149, 0.9865328899889119]",
d1-omni,ood_sst2_balanced_v2,74,positive,noul,0,0,"[""false"", ""true""]","[0.9999665253371768, 3.347466282311671e-05]",
d1-omni,ood_sst2_balanced_v2,75,positive,noul,1,1,"[""false"", ""true""]","[0.00011061101104444742, 0.9998893889889555]",
d1-omni,ood_sst2_balanced_v2,76,positive,noul,0,0,"[""false"", ""true""]","[0.999707490103403, 0.00029250989659705993]",
d1-omni,ood_sst2_balanced_v2,77,positive,noul,1,1,"[""false"", ""true""]","[0.00019430233510921933, 0.9998056976648907]",
d1-omni,ood_sst2_balanced_v2,81,positive,noul,0,0,"[""false"", ""true""]","[0.9341553000238096, 0.06584469997619037]",
d1-omni,ood_sst2_balanced_v2,82,positive,noul,0,0,"[""false"", ""true""]","[0.9998576988432953, 0.000142301156704666]",
d1-omni,ood_sst2_balanced_v2,83,positive,noul,1,1,"[""false"", ""true""]","[0.014158709519076551, 0.9858412904809234]",
d1-omni,ood_sst2_balanced_v2,87,positive,noul,1,0,"[""false"", ""true""]","[0.7738044708843703, 0.22619552911562976]",
d1-omni,ood_sst2_balanced_v2,90,positive,noul,1,1,"[""false"", ""true""]","[0.00010524008419213829, 0.9998947599158078]",
d1-omni,ood_sst2_balanced_v2,91,positive,noul,1,1,"[""false"", ""true""]","[0.004279184019633984, 0.9957208159803661]",
d1-omni,ood_sst2_balanced_v2,92,positive,noul,0,0,"[""false"", ""true""]","[0.628863322203956, 0.3711366777960441]",
d1-omni,ood_sst2_balanced_v2,93,positive,noul,1,0,"[""false"", ""true""]","[0.9990732599317697, 0.0009267400682302836]",
d1-omni,ood_sst2_balanced_v2,94,positive,noul,1,1,"[""false"", ""true""]","[2.273980589297948e-05, 0.999977260194107]",
d1-omni,ood_sst2_balanced_v2,95,positive,noul,0,1,"[""false"", ""true""]","[0.0001253378791848203, 0.9998746621208152]",
d1-omni,ood_sst2_balanced_v2,97,positive,noul,1,1,"[""false"", ""true""]","[0.00012423934207784104, 0.9998757606579223]",
d1-omni,ood_sst2_balanced_v2,98,positive,noul,0,0,"[""false"", ""true""]","[0.995051505077151, 0.004948494922849058]",
d1-omni,ood_sst2_balanced_v2,100,positive,noul,1,1,"[""false"", ""true""]","[0.00024561259375336443, 0.9997543874062466]",
d1-omni,ood_sst2_balanced_v2,101,positive,noul,0,0,"[""false"", ""true""]","[0.9975656186490243, 0.0024343813509758072]",
d1-omni,ood_sst2_balanced_v2,103,positive,noul,1,1,"[""false"", ""true""]","[9.723824725741331e-06, 0.9999902761752744]",
d1-omni,ood_sst2_balanced_v2,105,positive,noul,0,0,"[""false"", ""true""]","[0.8972460097929573, 0.10275399020704266]",
d1-omni,ood_sst2_balanced_v2,106,positive,noul,1,1,"[""false"", ""true""]","[0.00018432241040954698, 0.9998156775895906]",
d1-omni,ood_sst2_balanced_v2,107,positive,noul,0,0,"[""false"", ""true""]","[0.999867618235387, 0.00013238176461292982]",
d1-omni,ood_sst2_balanced_v2,109,positive,noul,1,1,"[""false"", ""true""]","[3.347461222943968e-05, 0.9999665253877705]",
d1-omni,ood_sst2_balanced_v2,111,positive,noul,0,0,"[""false"", ""true""]","[0.9828232900083695, 0.017176709991630394]",
d1-omni,ood_sst2_balanced_v2,113,positive,noul,0,0,"[""false"", ""true""]","[0.9953272697280428, 0.004672730271957127]",
d1-omni,ood_sst2_balanced_v2,114,positive,noul,1,1,"[""false"", ""true""]","[0.004257902296909502, 0.9957420977030904]",
d1-omni,ood_sst2_balanced_v2,116,positive,noul,1,1,"[""false"", ""true""]","[0.0008352727497096364, 0.9991647272502903]",
d1-omni,ood_sst2_balanced_v2,117,positive,noul,1,1,"[""false"", ""true""]","[7.912813461268681e-05, 0.9999208718653875]",
d1-omni,ood_sst2_balanced_v2,118,positive,noul,0,0,"[""false"", ""true""]","[0.9993345978917546, 0.0006654021082453312]",
d1-omni,ood_sst2_balanced_v2,119,positive,noul,0,0,"[""false"", ""true""]","[0.9998446277185145, 0.0001553722814855929]",
d1-omni,ood_sst2_balanced_v2,120,positive,noul,1,1,"[""false"", ""true""]","[0.00016848390259594127, 0.999831516097404]",
d1-omni,ood_sst2_balanced_v2,122,positive,noul,1,1,"[""false"", ""true""]","[0.00351920500392275, 0.9964807949960773]",
d1-omni,ood_sst2_balanced_v2,124,positive,noul,1,1,"[""false"", ""true""]","[0.007673312499707758, 0.9923266875002923]",
d1-omni,ood_sst2_balanced_v2,127,positive,noul,0,0,"[""false"", ""true""]","[0.9994847344350085, 0.0005152655649915746]",
d1-omni,ood_sst2_balanced_v2,131,positive,noul,0,0,"[""false"", ""true""]","[0.9999315845968215, 6.841540317835687e-05]",
d1-omni,ood_sst2_balanced_v2,135,positive,noul,0,1,"[""false"", ""true""]","[0.26473836711730725, 0.7352616328826929]",
d1-omni,ood_sst2_balanced_v2,136,positive,noul,0,0,"[""false"", ""true""]","[0.9998208222418172, 0.000179177758182895]",
d1-omni,ood_sst2_balanced_v2,139,positive,noul,0,0,"[""false"", ""true""]","[0.6010082627636962, 0.3989917372363037]",
d1-omni,ood_sst2_balanced_v2,140,positive,noul,0,0,"[""false"", ""true""]","[0.9997315711688206, 0.00026842883117938007]",
d1-omni,ood_sst2_balanced_v2,142,positive,noul,1,1,"[""false"", ""true""]","[0.0013250257619694247, 0.9986749742380305]",
d1-omni,ood_sst2_balanced_v2,144,positive,noul,0,0,"[""false"", ""true""]","[0.9999955397992558, 4.46020074419029e-06]",
d1-omni,ood_sst2_balanced_v2,147,positive,noul,0,1,"[""false"", ""true""]","[0.004083026632057288, 0.9959169733679427]",
d1-omni,ood_sst2_balanced_v2,150,positive,noul,1,1,"[""false"", ""true""]","[1.7400663518507212e-06, 0.9999982599336481]",
d1-omni,ood_sst2_balanced_v2,151,positive,noul,1,1,"[""false"", ""true""]","[4.720674234966487e-05, 0.9999527932576504]",
d1-omni,ood_sst2_balanced_v2,152,positive,noul,1,1,"[""false"", ""true""]","[0.00010911273357758908, 0.9998908872664224]",
d1-omni,ood_sst2_balanced_v2,153,positive,noul,0,0,"[""false"", ""true""]","[0.99863829690775, 0.0013617030922501024]",
d1-omni,ood_sst2_balanced_v2,154,positive,noul,1,1,"[""false"", ""true""]","[0.00031380885067836467, 0.9996861911493216]",
d1-omni,ood_sst2_balanced_v2,155,positive,noul,0,0,"[""false"", ""true""]","[0.9999888308507203, 1.1169149279598493e-05]",
d1-omni,ood_sst2_balanced_v2,157,positive,noul,0,0,"[""false"", ""true""]","[0.9995686016031146, 0.0004313983968854087]",
d1-omni,ood_sst2_balanced_v2,159,positive,noul,1,1,"[""false"", ""true""]","[0.00920545624335613, 0.9907945437566439]",
d1-omni,ood_sst2_balanced_v2,164,positive,noul,1,1,"[""false"", ""true""]","[0.0792103008599251, 0.9207896991400748]",
d1-omni,ood_sst2_balanced_v2,167,positive,noul,0,0,"[""false"", ""true""]","[0.9996952467030447, 0.00030475329695532464]",
d1-omni,ood_sst2_balanced_v2,169,positive,noul,1,1,"[""false"", ""true""]","[2.668836818812438e-05, 0.9999733116318119]",
d1-omni,ood_sst2_balanced_v2,170,positive,noul,1,1,"[""false"", ""true""]","[1.4229917519402901e-05, 0.9999857700824807]",
d1-omni,ood_sst2_balanced_v2,171,positive,noul,0,1,"[""false"", ""true""]","[0.0041329716464457095, 0.9958670283535542]",
d1-omni,ood_sst2_balanced_v2,173,positive,noul,0,1,"[""false"", ""true""]","[0.4272771831109223, 0.5727228168890777]",
d1-omni,ood_sst2_balanced_v2,174,positive,noul,1,1,"[""false"", ""true""]","[0.0003307951254997846, 0.9996692048745002]",
d1-omni,ood_sst2_balanced_v2,176,positive,noul,0,0,"[""false"", ""true""]","[0.9999993940134948, 6.059865052040875e-07]",
d1-omni,ood_sst2_balanced_v2,177,positive,noul,0,0,"[""false"", ""true""]","[0.9993148291928846, 0.0006851708071152642]",
d1-omni,ood_sst2_balanced_v2,180,positive,noul,0,0,"[""false"", ""true""]","[0.9926399198382598, 0.007360080161740043]",
d1-omni,ood_sst2_balanced_v2,181,positive,noul,0,0,"[""false"", ""true""]","[0.9940196734504764, 0.005980326549523703]",
d1-omni,ood_sst2_balanced_v2,182,positive,noul,0,0,"[""false"", ""true""]","[0.983486317741959, 0.016513682258040906]",
d1-omni,ood_sst2_balanced_v2,189,positive,noul,0,0,"[""false"", ""true""]","[0.6442251210835686, 0.3557748789164315]",
d1-omni,ood_sst2_balanced_v2,190,positive,noul,0,0,"[""false"", ""true""]","[0.9987502904939614, 0.0012497095060387121]",
d1-omni,ood_sst2_balanced_v2,193,positive,noul,1,1,"[""false"", ""true""]","[0.0003903205168464706, 0.9996096794831535]",
d1-omni,ood_sst2_balanced_v2,194,positive,noul,1,1,"[""false"", ""true""]","[0.004914943902125938, 0.995085056097874]",
d1-omni,ood_sst2_balanced_v2,197,positive,noul,0,0,"[""false"", ""true""]","[0.9994058202942636, 0.0005941797057364322]",
d1-omni,ood_sst2_balanced_v2,200,positive,noul,1,1,"[""false"", ""true""]","[0.017848738808328882, 0.9821512611916711]",
d1-omni,ood_sst2_balanced_v2,201,positive,noul,1,1,"[""false"", ""true""]","[0.05094089429865697, 0.949059105701343]",
d1-omni,ood_sst2_balanced_v2,203,positive,noul,0,0,"[""false"", ""true""]","[0.9999685534131282, 3.144658687173365e-05]",
d1-omni,ood_sst2_balanced_v2,206,positive,noul,1,1,"[""false"", ""true""]","[6.204930000467739e-05, 0.9999379506999954]",
d1-omni,ood_sst2_balanced_v2,207,positive,noul,1,1,"[""false"", ""true""]","[5.1898242908580894e-05, 0.9999481017570915]",
d1-omni,ood_sst2_balanced_v2,210,positive,noul,1,1,"[""false"", ""true""]","[0.0001446829682483305, 0.9998553170317518]",
d1-omni,ood_sst2_balanced_v2,214,positive,noul,0,0,"[""false"", ""true""]","[0.8821235600566975, 0.11787643994330259]",
d1-omni,ood_sst2_balanced_v2,215,positive,noul,1,1,"[""false"", ""true""]","[0.0012524589800671762, 0.9987475410199329]",
d1-omni,ood_sst2_balanced_v2,217,positive,noul,0,0,"[""false"", ""true""]","[0.9630745782485439, 0.036925421751455995]",
d1-omni,ood_sst2_balanced_v2,218,positive,noul,0,0,"[""false"", ""true""]","[0.9989433169187826, 0.0010566830812174565]",
d1-omni,ood_sst2_balanced_v2,219,positive,noul,1,1,"[""false"", ""true""]","[0.00012856219182200927, 0.999871437808178]",
d1-omni,ood_sst2_balanced_v2,220,positive,noul,1,1,"[""false"", ""true""]","[0.0006055927959408129, 0.9993944072040593]",
d1-omni,ood_sst2_balanced_v2,221,positive,noul,0,0,"[""false"", ""true""]","[0.9991340194737884, 0.0008659805262116067]",
d1-omni,ood_sst2_balanced_v2,223,positive,noul,1,1,"[""false"", ""true""]","[0.41229350446694957, 0.5877064955330504]",
d1-omni,ood_sst2_balanced_v2,227,positive,noul,1,1,"[""false"", ""true""]","[3.5632380106691436e-05, 0.9999643676198934]",
d1-omni,ood_sst2_balanced_v2,229,positive,noul,0,0,"[""false"", ""true""]","[0.9987863288020541, 0.0012136711979458808]",
d1-omni,ood_sst2_balanced_v2,233,positive,noul,0,0,"[""false"", ""true""]","[0.997765637680419, 0.002234362319580882]",
d1-omni,ood_sst2_balanced_v2,237,positive,noul,0,0,"[""false"", ""true""]","[0.9999540670375697, 4.5932962430432455e-05]",
d1-omni,ood_sst2_balanced_v2,238,positive,noul,0,0,"[""false"", ""true""]","[0.9997507674827633, 0.0002492325172368009]",
d1-omni,ood_sst2_balanced_v2,239,positive,noul,1,1,"[""false"", ""true""]","[1.392697639367145e-05, 0.9999860730236064]",
d1-omni,ood_sst2_balanced_v2,240,positive,noul,1,1,"[""false"", ""true""]","[0.0001436991566419749, 0.9998563008433581]",
d1-omni,ood_sst2_balanced_v2,241,positive,noul,0,0,"[""false"", ""true""]","[0.9627432295962386, 0.03725677040376146]",
d1-omni,ood_sst2_balanced_v2,242,positive,noul,0,0,"[""false"", ""true""]","[0.9993500021397816, 0.0006499978602182278]",
d1-omni,ood_sst2_balanced_v2,243,positive,noul,1,1,"[""false"", ""true""]","[0.001201890059364058, 0.9987981099406359]",
d1-omni,ood_sst2_balanced_v2,244,positive,noul,1,1,"[""false"", ""true""]","[2.5071007737359728e-05, 0.9999749289922626]",
d1-omni,ood_sst2_balanced_v2,245,positive,noul,1,1,"[""false"", ""true""]","[0.00022384807564069658, 0.9997761519243592]",
d1-omni,ood_sst2_balanced_v2,246,positive,noul,1,1,"[""false"", ""true""]","[4.720674234966487e-05, 0.9999527932576504]",
d1-omni,ood_sst2_balanced_v2,248,positive,noul,1,1,"[""false"", ""true""]","[7.843779846011624e-05, 0.9999215622015398]",
d1-omni,ood_sst2_balanced_v2,253,positive,noul,0,0,"[""false"", ""true""]","[0.644672704074676, 0.3553272959253239]",
d1-omni,ood_sst2_balanced_v2,258,positive,noul,0,0,"[""false"", ""true""]","[0.9998158562337792, 0.00018414376622085513]",
d1-omni,ood_sst2_balanced_v2,259,positive,noul,1,1,"[""false"", ""true""]","[0.0002791227628049318, 0.9997208772371952]",
d1-omni,ood_sst2_balanced_v2,261,positive,noul,1,1,"[""false"", ""true""]","[0.0024415023496975564, 0.9975584976503024]",
d1-omni,ood_sst2_balanced_v2,262,positive,noul,0,0,"[""false"", ""true""]","[0.9991289343750782, 0.0008710656249216678]",
d1-omni,ood_sst2_balanced_v2,264,positive,noul,0,0,"[""false"", ""true""]","[0.5661861169806149, 0.433813883019385]",
d1-omni,ood_sst2_balanced_v2,265,positive,noul,0,0,"[""false"", ""true""]","[0.9999959547739578, 4.045226042174007e-06]",
d1-omni,ood_sst2_balanced_v2,266,positive,noul,1,1,"[""false"", ""true""]","[0.45314089846358563, 0.5468591015364145]",
d1-omni,ood_sst2_balanced_v2,270,positive,noul,1,1,"[""false"", ""true""]","[4.602469996276306e-05, 0.9999539753000372]",
d1-omni,ood_sst2_balanced_v2,273,positive,noul,1,0,"[""false"", ""true""]","[0.9744834093383505, 0.02551659066164957]",
d1-omni,ood_sst2_balanced_v2,275,positive,noul,1,1,"[""false"", ""true""]","[2.2828573128391485e-05, 0.9999771714268716]",
d1-omni,ood_sst2_balanced_v2,276,positive,noul,1,1,"[""false"", ""true""]","[0.048903154523571205, 0.9510968454764288]",
d1-omni,ood_sst2_balanced_v2,277,positive,noul,1,1,"[""false"", ""true""]","[0.00022648980368509273, 0.999773510196315]",
d1-omni,ood_sst2_balanced_v2,278,positive,noul,0,0,"[""false"", ""true""]","[0.9997252074210877, 0.0002747925789122811]",
d1-omni,ood_sst2_balanced_v2,280,positive,noul,1,1,"[""false"", ""true""]","[4.7435655840642064e-05, 0.9999525643441594]",
d1-omni,ood_sst2_balanced_v2,281,positive,noul,0,0,"[""false"", ""true""]","[0.9999720307009587, 2.7969299041301984e-05]",
d1-omni,ood_sst2_balanced_v2,282,positive,noul,1,0,"[""false"", ""true""]","[0.9998782808018553, 0.00012171919814474398]",
d1-omni,ood_sst2_balanced_v2,284,positive,noul,0,0,"[""false"", ""true""]","[0.8288695270653067, 0.17113047293469322]",
d1-omni,ood_sst2_balanced_v2,285,positive,noul,0,0,"[""false"", ""true""]","[0.998008347921082, 0.0019916520789181203]",
d1-omni,ood_sst2_balanced_v2,287,positive,noul,1,1,"[""false"", ""true""]","[0.0004450833774756521, 0.9995549166225243]",
d1-omni,ood_sst2_balanced_v2,288,positive,noul,1,1,"[""false"", ""true""]","[0.00021633261452453812, 0.9997836673854754]",
d1-omni,ood_sst2_balanced_v2,291,positive,noul,0,0,"[""false"", ""true""]","[0.9781354463894074, 0.021864553610592658]",
d1-omni,ood_sst2_balanced_v2,293,positive,noul,1,1,"[""false"", ""true""]","[0.00442514055594004, 0.99557485944406]",
d1-omni,ood_sst2_balanced_v2,294,positive,noul,1,1,"[""false"", ""true""]","[0.000877893468461142, 0.9991221065315389]",
d1-omni,ood_sst2_balanced_v2,295,positive,noul,1,1,"[""false"", ""true""]","[0.009904934660544065, 0.9900950653394559]",
d1-omni,ood_sst2_balanced_v2,299,positive,noul,1,1,"[""false"", ""true""]","[0.05733473741654736, 0.9426652625834525]",
d1-omni,ood_sst2_balanced_v2,300,positive,noul,1,1,"[""false"", ""true""]","[0.00420083412316483, 0.995799165876835]",
d1-omni,ood_sst2_balanced_v2,302,positive,noul,1,1,"[""false"", ""true""]","[0.00020663279686967056, 0.9997933672031303]",
d1-omni,ood_sst2_balanced_v2,304,positive,noul,1,1,"[""false"", ""true""]","[9.01043165832821e-05, 0.9999098956834167]",
d1-omni,ood_sst2_balanced_v2,308,positive,noul,1,1,"[""false"", ""true""]","[0.0005112568159896041, 0.9994887431840103]",
d1-omni,ood_sst2_balanced_v2,309,positive,noul,1,1,"[""false"", ""true""]","[0.00011148027323938989, 0.9998885197267606]",
d1-omni,ood_sst2_balanced_v2,310,positive,noul,1,1,"[""false"", ""true""]","[0.1639133401604478, 0.8360866598395521]",
d1-omni,ood_sst2_balanced_v2,312,positive,noul,0,0,"[""false"", ""true""]","[0.8314169880469675, 0.16858301195303257]",
d1-omni,ood_sst2_balanced_v2,314,positive,noul,1,1,"[""false"", ""true""]","[3.875673128845437e-05, 0.9999612432687115]",
d1-omni,ood_sst2_balanced_v2,315,positive,noul,0,0,"[""false"", ""true""]","[0.999967044284606, 3.295571539387292e-05]",
d1-omni,ood_sst2_balanced_v2,316,positive,noul,1,1,"[""false"", ""true""]","[7.155741458921647e-05, 0.9999284425854107]",
d1-omni,ood_sst2_balanced_v2,317,positive,noul,1,1,"[""false"", ""true""]","[4.18228804577883e-05, 0.9999581771195423]",
d1-omni,ood_sst2_balanced_v2,318,positive,noul,0,0,"[""false"", ""true""]","[0.9855243088186864, 0.014475691181313593]",
d1-omni,ood_sst2_balanced_v2,319,positive,noul,0,0,"[""false"", ""true""]","[0.9989308738986138, 0.0010691261013862864]",
d1-omni,ood_sst2_balanced_v2,320,positive,noul,1,1,"[""false"", ""true""]","[3.807907650694263e-05, 0.999961920923493]",
d1-omni,ood_sst2_balanced_v2,321,positive,noul,0,0,"[""false"", ""true""]","[0.9493651061869552, 0.0506348938130447]",
d1-omni,ood_sst2_balanced_v2,322,positive,noul,0,0,"[""false"", ""true""]","[0.9352578790874497, 0.06474212091255026]",
d1-omni,ood_sst2_balanced_v2,323,positive,noul,1,1,"[""false"", ""true""]","[0.07899687765436415, 0.9210031223456359]",
d1-omni,ood_sst2_balanced_v2,324,positive,noul,1,1,"[""false"", ""true""]","[0.006596158497167878, 0.9934038415028321]",
d1-omni,ood_sst2_balanced_v2,326,positive,noul,1,1,"[""false"", ""true""]","[3.163050509543783e-05, 0.9999683694949045]",
d1-omni,ood_sst2_balanced_v2,329,positive,noul,0,0,"[""false"", ""true""]","[0.999997398383435, 2.6016165649891915e-06]",
d1-omni,ood_sst2_balanced_v2,330,positive,noul,0,0,"[""false"", ""true""]","[0.9988508447584074, 0.0011491552415925832]",
d1-omni,ood_sst2_balanced_v2,331,positive,noul,1,1,"[""false"", ""true""]","[0.0014456912477213413, 0.9985543087522786]",
d1-omni,ood_sst2_balanced_v2,332,positive,noul,1,1,"[""false"", ""true""]","[0.26664358345669137, 0.7333564165433086]",
d1-omni,ood_sst2_balanced_v2,334,positive,noul,1,1,"[""false"", ""true""]","[8.108422501956812e-05, 0.9999189157749805]",
d1-omni,ood_sst2_balanced_v2,339,positive,noul,1,1,"[""false"", ""true""]","[0.0017299860417182176, 0.9982700139582817]",
d1-omni,ood_sst2_balanced_v2,342,positive,noul,0,0,"[""false"", ""true""]","[0.9959810034967104, 0.004018996503289717]",
d1-omni,ood_sst2_balanced_v2,344,positive,noul,1,1,"[""false"", ""true""]","[6.566747445941737e-05, 0.9999343325255405]",
d1-omni,ood_sst2_balanced_v2,345,positive,noul,1,1,"[""false"", ""true""]","[0.0008297882316467148, 0.9991702117683533]",
d1-omni,ood_sst2_balanced_v2,346,positive,noul,0,0,"[""false"", ""true""]","[0.9999956770261194, 4.322973880634779e-06]",
d1-omni,ood_sst2_balanced_v2,348,positive,noul,0,0,"[""false"", ""true""]","[0.9999906312888236, 9.368711176419157e-06]",
d1-omni,ood_sst2_balanced_v2,349,positive,noul,0,0,"[""false"", ""true""]","[0.999904272231217, 9.57277687828928e-05]",
d1-omni,ood_sst2_balanced_v2,350,positive,noul,0,0,"[""false"", ""true""]","[0.9994161680414668, 0.0005838319585331651]",
d1-omni,ood_sst2_balanced_v2,351,positive,noul,1,1,"[""false"", ""true""]","[7.219180011772383e-05, 0.9999278081998823]",
d1-omni,ood_sst2_balanced_v2,352,positive,noul,1,1,"[""false"", ""true""]","[0.00019794082810717647, 0.9998020591718928]",
d1-omni,ood_sst2_balanced_v2,355,positive,noul,0,0,"[""false"", ""true""]","[0.9962272530812464, 0.003772746918753568]",
d1-omni,ood_sst2_balanced_v2,357,positive,noul,0,0,"[""false"", ""true""]","[0.9932156426535329, 0.006784357346467063]",
d1-omni,ood_sst2_balanced_v2,360,positive,noul,1,1,"[""false"", ""true""]","[2.123593593576623e-05, 0.9999787640640643]",
d1-omni,ood_sst2_balanced_v2,362,positive,noul,1,1,"[""false"", ""true""]","[0.00393582480201583, 0.9960641751979842]",
d1-omni,ood_sst2_balanced_v2,363,positive,noul,0,0,"[""false"", ""true""]","[0.9993785371749919, 0.0006214628250081815]",
d1-omni,ood_sst2_balanced_v2,364,positive,noul,0,0,"[""false"", ""true""]","[0.9825742503836057, 0.01742574961639442]",
d1-omni,ood_sst2_balanced_v2,366,positive,noul,1,1,"[""false"", ""true""]","[2.2782934570881877e-06, 0.9999977217065429]",
d1-omni,ood_sst2_balanced_v2,370,positive,noul,0,0,"[""false"", ""true""]","[0.9999972197570595, 2.7802429404987398e-06]",
d1-omni,ood_sst2_balanced_v2,372,positive,noul,1,1,"[""false"", ""true""]","[0.00033436450230363843, 0.9996656354976965]",
d1-omni,ood_sst2_balanced_v2,373,positive,noul,0,0,"[""false"", ""true""]","[0.9980025163727335, 0.0019974836272664553]",
d1-omni,ood_sst2_balanced_v2,377,positive,noul,0,0,"[""false"", ""true""]","[0.9044819120412846, 0.09551808795871553]",
d1-omni,ood_sst2_balanced_v2,378,positive,noul,0,0,"[""false"", ""true""]","[0.9998768461601081, 0.00012315383989193194]",
d1-omni,ood_sst2_balanced_v2,382,positive,noul,0,0,"[""false"", ""true""]","[0.7292276533727382, 0.2707723466272618]",
d1-omni,ood_sst2_balanced_v2,384,positive,noul,0,0,"[""false"", ""true""]","[0.7492707329641567, 0.25072926703584325]",
d1-omni,ood_sst2_balanced_v2,391,positive,noul,0,0,"[""false"", ""true""]","[0.9998634165315778, 0.00013658346842218807]",
d1-omni,ood_sst2_balanced_v2,392,positive,noul,0,0,"[""false"", ""true""]","[0.9999828356111203, 1.716438887968455e-05]",
d1-omni,ood_sst2_balanced_v2,393,positive,noul,1,1,"[""false"", ""true""]","[1.7299250861838326e-05, 0.9999827007491382]",
d1-omni,ood_sst2_balanced_v2,398,positive,noul,1,1,"[""false"", ""true""]","[0.008404846145593206, 0.9915951538544069]",
d1-omni,ood_sst2_balanced_v2,399,positive,noul,0,0,"[""false"", ""true""]","[0.995041879369499, 0.004958120630501011]",
d1-omni,ood_sst2_balanced_v2,400,positive,noul,1,1,"[""false"", ""true""]","[0.0006566962699167002, 0.9993433037300832]",
d1-omni,ood_sst2_balanced_v2,403,positive,noul,0,0,"[""false"", ""true""]","[0.9979210855083214, 0.0020789144916786174]",
d1-omni,ood_sst2_balanced_v2,404,positive,noul,1,1,"[""false"", ""true""]","[1.3872384160865645e-05, 0.9999861276158392]",
d1-omni,ood_sst2_balanced_v2,406,positive,noul,1,1,"[""false"", ""true""]","[0.0016235594862012265, 0.9983764405137988]",
d1-omni,ood_sst2_balanced_v2,411,positive,noul,0,0,"[""false"", ""true""]","[0.8757338729517556, 0.12426612704824422]",
d1-omni,ood_sst2_balanced_v2,413,positive,noul,0,0,"[""false"", ""true""]","[0.9998320046950281, 0.00016799530497181104]",
d1-omni,ood_sst2_balanced_v2,415,positive,noul,1,1,"[""false"", ""true""]","[0.00013859687063636763, 0.9998614031293637]",
d1-omni,ood_sst2_balanced_v2,417,positive,noul,1,1,"[""false"", ""true""]","[0.0031649691316362324, 0.9968350308683637]",
d1-omni,ood_sst2_balanced_v2,420,positive,noul,0,0,"[""false"", ""true""]","[0.9991117695619012, 0.0008882304380988196]",
d1-omni,ood_sst2_balanced_v2,423,positive,noul,0,0,"[""false"", ""true""]","[0.5681762326547566, 0.43182376734524336]",
d1-omni,ood_sst2_balanced_v2,425,positive,noul,1,1,"[""false"", ""true""]","[0.0009692755106604737, 0.9990307244893394]",
d1-omni,ood_sst2_balanced_v2,426,positive,noul,1,1,"[""false"", ""true""]","[9.063104103534178e-05, 0.9999093689589648]",
d1-omni,ood_sst2_balanced_v2,428,positive,noul,1,1,"[""false"", ""true""]","[1.7264496007526206e-05, 0.9999827355039925]",
d1-omni,ood_sst2_balanced_v2,430,positive,noul,1,1,"[""false"", ""true""]","[2.8022819684778014e-05, 0.9999719771803152]",
d1-omni,ood_sst2_balanced_v2,432,positive,noul,0,0,"[""false"", ""true""]","[0.9999121545754276, 8.784542457247959e-05]",
d1-omni,ood_sst2_balanced_v2,433,positive,noul,1,1,"[""false"", ""true""]","[0.05084655689285029, 0.9491534431071498]",
d1-omni,ood_sst2_balanced_v2,434,positive,noul,0,0,"[""false"", ""true""]","[0.9852003631586369, 0.014799636841363156]",
d1-omni,ood_sst2_balanced_v2,435,positive,noul,1,1,"[""false"", ""true""]","[4.504252201121032e-05, 0.9999549574779887]",
d1-omni,ood_sst2_balanced_v2,436,positive,noul,0,0,"[""false"", ""true""]","[0.999576942071463, 0.0004230579285371379]",
d1-omni,ood_sst2_balanced_v2,437,positive,noul,1,1,"[""false"", ""true""]","[8.622911327136437e-05, 0.9999137708867286]",
d1-omni,ood_sst2_balanced_v2,439,positive,noul,1,1,"[""false"", ""true""]","[2.54657322923656e-05, 0.9999745342677077]",
d1-omni,ood_sst2_balanced_v2,441,positive,noul,0,0,"[""false"", ""true""]","[0.9863762948064468, 0.013623705193553229]",
d1-omni,ood_sst2_balanced_v2,442,positive,noul,0,0,"[""false"", ""true""]","[0.9999720307244919, 2.7969275507980446e-05]",
d1-omni,ood_sst2_balanced_v2,444,positive,noul,0,0,"[""false"", ""true""]","[0.9990245548663679, 0.0009754451336320995]",
d1-omni,ood_sst2_balanced_v2,445,positive,noul,1,1,"[""false"", ""true""]","[7.3540049396700425e-06, 0.9999926459950602]",
d1-omni,ood_sst2_balanced_v2,446,positive,noul,0,0,"[""false"", ""true""]","[0.9997921561454911, 0.00020784385450882224]",
d1-omni,ood_sst2_balanced_v2,447,positive,noul,1,1,"[""false"", ""true""]","[0.08130066541717502, 0.9186993345828249]",
d1-omni,ood_sst2_balanced_v2,450,positive,noul,1,1,"[""false"", ""true""]","[0.00012339677036139277, 0.9998766032296387]",
d1-omni,ood_sst2_balanced_v2,451,positive,noul,1,1,"[""false"", ""true""]","[4.4694594108904226e-05, 0.9999553054058912]",
d1-omni,ood_sst2_balanced_v2,452,positive,noul,0,0,"[""false"", ""true""]","[0.9999793765823041, 2.0623417695968056e-05]",
d1-omni,ood_sst2_balanced_v2,453,positive,noul,1,1,"[""false"", ""true""]","[0.0001240003318693183, 0.9998759996681307]",
d1-omni,ood_sst2_balanced_v2,456,positive,noul,0,0,"[""false"", ""true""]","[0.9999919236550034, 8.076344996456618e-06]",
d1-omni,ood_sst2_balanced_v2,457,positive,noul,1,1,"[""false"", ""true""]","[6.247544390762659e-05, 0.9999375245560924]",
d1-omni,ood_sst2_balanced_v2,459,positive,noul,1,1,"[""false"", ""true""]","[0.0002675172429049263, 0.999732482757095]",
d1-omni,ood_sst2_balanced_v2,460,positive,noul,1,1,"[""false"", ""true""]","[0.00016030383354443837, 0.9998396961664556]",
d1-omni,ood_sst2_balanced_v2,461,positive,noul,0,0,"[""false"", ""true""]","[0.9985978699656205, 0.001402130034379408]",
d1-omni,ood_sst2_balanced_v2,464,positive,noul,1,1,"[""false"", ""true""]","[0.4975586139311974, 0.5024413860688026]",
d1-omni,ood_sst2_balanced_v2,465,positive,noul,0,0,"[""false"", ""true""]","[0.996081367286098, 0.0039186327139020755]",
d1-omni,ood_sst2_balanced_v2,466,positive,noul,1,1,"[""false"", ""true""]","[0.015983004463510458, 0.9840169955364896]",
d1-omni,ood_sst2_balanced_v2,471,positive,noul,0,0,"[""false"", ""true""]","[0.9992548446169266, 0.0007451553830734469]",
d1-omni,ood_sst2_balanced_v2,472,positive,noul,1,1,"[""false"", ""true""]","[0.13432103153015315, 0.8656789684698468]",
d1-omni,ood_sst2_balanced_v2,473,positive,noul,1,1,"[""false"", ""true""]","[0.0006085557861465792, 0.9993914442138535]",
d1-omni,ood_sst2_balanced_v2,474,positive,noul,0,0,"[""false"", ""true""]","[0.9981968340642079, 0.0018031659357922588]",
d1-omni,ood_sst2_balanced_v2,475,positive,noul,1,1,"[""false"", ""true""]","[4.365734130957312e-05, 0.9999563426586904]",
d1-omni,ood_sst2_balanced_v2,476,positive,noul,0,0,"[""false"", ""true""]","[0.999485739152875, 0.0005142608471249757]",
d1-omni,ood_sst2_balanced_v2,477,positive,noul,0,0,"[""false"", ""true""]","[0.8775817397504144, 0.12241826024958562]",
d1-omni,ood_sst2_balanced_v2,479,positive,noul,1,1,"[""false"", ""true""]","[2.791588420870335e-05, 0.9999720841157913]",
d1-omni,ood_sst2_balanced_v2,480,positive,noul,1,1,"[""false"", ""true""]","[8.914348277315946e-05, 0.9999108565172269]",
d1-omni,ood_sst2_balanced_v2,481,positive,noul,1,1,"[""false"", ""true""]","[0.017191911661272825, 0.9828080883387272]",
d1-omni,ood_sst2_balanced_v2,482,positive,noul,1,1,"[""false"", ""true""]","[0.00012147884567448441, 0.9998785211543256]",
d1-omni,ood_sst2_balanced_v2,483,positive,noul,1,1,"[""false"", ""true""]","[0.003165358709527606, 0.9968346412904724]",
d1-omni,ood_sst2_balanced_v2,486,positive,noul,0,0,"[""false"", ""true""]","[0.99996071117585, 3.928882414998769e-05]",
d1-omni,ood_sst2_balanced_v2,487,positive,noul,0,0,"[""false"", ""true""]","[0.9731388069161303, 0.026861193083869663]",
d1-omni,ood_sst2_balanced_v2,489,positive,noul,0,0,"[""false"", ""true""]","[0.9998081479436817, 0.0001918520563182871]",
d1-omni,ood_sst2_balanced_v2,490,positive,noul,0,0,"[""false"", ""true""]","[0.9996749642778705, 0.00032503572212953086]",
d1-omni,ood_sst2_balanced_v2,491,positive,noul,0,0,"[""false"", ""true""]","[0.9998711884998415, 0.0001288115001586377]",
d1-omni,ood_sst2_balanced_v2,492,positive,noul,1,1,"[""false"", ""true""]","[1.4854132195145734e-05, 0.9999851458678047]",
d1-omni,ood_sst2_balanced_v2,493,positive,noul,0,0,"[""false"", ""true""]","[0.9999890040144108, 1.099598558917682e-05]",
d1-omni,ood_sst2_balanced_v2,494,positive,noul,0,1,"[""false"", ""true""]","[0.12678517925644234, 0.8732148207435576]",
d1-omni,ood_sst2_balanced_v2,496,positive,noul,1,1,"[""false"", ""true""]","[0.00017400253505508488, 0.9998259974649449]",
d1-omni,ood_sst2_balanced_v2,497,positive,noul,0,0,"[""false"", ""true""]","[0.9999280208943208, 7.197910567930408e-05]",
d1-omni,ood_sst2_balanced_v2,500,positive,noul,0,0,"[""false"", ""true""]","[0.9999673007516157, 3.269924838423641e-05]",
d1-omni,ood_sst2_balanced_v2,501,positive,noul,1,0,"[""false"", ""true""]","[0.988267539075665, 0.011732460924335069]",
d1-omni,ood_sst2_balanced_v2,503,positive,noul,0,0,"[""false"", ""true""]","[0.999999818049748, 1.8195025189412938e-07]",
d1-omni,ood_sst2_balanced_v2,504,positive,noul,1,1,"[""false"", ""true""]","[2.919920069149464e-05, 0.9999708007993084]",
d1-omni,ood_sst2_balanced_v2,505,positive,noul,1,1,"[""false"", ""true""]","[0.003436296177836448, 0.9965637038221636]",
d1-omni,ood_sst2_balanced_v2,506,positive,noul,1,1,"[""false"", ""true""]","[0.0004021198365006561, 0.9995978801634993]",
d1-omni,ood_sst2_balanced_v2,508,positive,noul,1,1,"[""false"", ""true""]","[6.868530402951364e-05, 0.9999313146959704]",
d1-omni,ood_sst2_balanced_v2,511,positive,noul,1,1,"[""false"", ""true""]","[0.00012718579365026653, 0.9998728142063497]",
d1-omni,ood_sst2_balanced_v2,512,positive,noul,0,0,"[""false"", ""true""]","[0.9999894252581101, 1.0574741889884886e-05]",
d1-omni,ood_sst2_balanced_v2,513,positive,noul,0,1,"[""false"", ""true""]","[0.007513263431041488, 0.9924867365689585]",
d1-omni,ood_sst2_balanced_v2,514,positive,noul,1,1,"[""false"", ""true""]","[0.0013295507007840867, 0.9986704492992159]",
d1-omni,ood_sst2_balanced_v2,515,positive,noul,0,1,"[""false"", ""true""]","[0.18817476332607466, 0.8118252366739254]",
d1-omni,ood_sst2_balanced_v2,518,positive,noul,1,1,"[""false"", ""true""]","[2.700393086733129e-05, 0.9999729960691326]",
d1-omni,ood_sst2_balanced_v2,519,positive,noul,0,1,"[""false"", ""true""]","[0.0003119801002746532, 0.9996880198997252]",
d1-omni,ood_sst2_balanced_v2,523,positive,noul,1,1,"[""false"", ""true""]","[0.00039434171692868584, 0.9996056582830712]",
d1-omni,ood_sst2_balanced_v2,524,positive,noul,1,1,"[""false"", ""true""]","[0.00031953113672959863, 0.9996804688632704]",
d1-omni,ood_sst2_balanced_v2,527,positive,noul,0,1,"[""false"", ""true""]","[0.01057048057983723, 0.9894295194201628]",
d1-omni,ood_sst2_balanced_v2,528,positive,noul,1,1,"[""false"", ""true""]","[0.0006993539824071441, 0.9993006460175929]",
d1-omni,ood_sst2_balanced_v2,530,positive,noul,1,1,"[""false"", ""true""]","[3.905773120261876e-05, 0.9999609422687975]",
d1-omni,ood_sst2_balanced_v2,531,positive,noul,0,0,"[""false"", ""true""]","[0.9999268874720014, 7.311252799851073e-05]",
d1-omni,ood_sst2_balanced_v2,532,positive,noul,1,1,"[""false"", ""true""]","[0.006217085178082426, 0.9937829148219176]",
d1-omni,ood_sst2_balanced_v2,533,positive,noul,1,1,"[""false"", ""true""]","[0.0005378769493643129, 0.9994621230506356]",
d1-omni,ood_sst2_balanced_v2,536,positive,noul,0,0,"[""false"", ""true""]","[0.9999876850900327, 1.2314909967304634e-05]",
d1-omni,ood_sst2_balanced_v2,537,positive,noul,1,1,"[""false"", ""true""]","[0.00020145287892328522, 0.9997985471210767]",
d1-omni,ood_sst2_balanced_v2,538,positive,noul,0,0,"[""false"", ""true""]","[0.9999866844209764, 1.3315579023608192e-05]",
d1-omni,ood_sst2_balanced_v2,539,positive,noul,0,0,"[""false"", ""true""]","[0.9937466158307936, 0.006253384169206421]",
d1-omni,ood_sst2_balanced_v2,540,positive,noul,1,1,"[""false"", ""true""]","[6.566747445941737e-05, 0.9999343325255405]",
d1-omni,ood_sst2_balanced_v2,541,positive,noul,1,1,"[""false"", ""true""]","[6.895152973154693e-05, 0.9999310484702686]",
d1-omni,ood_sst2_balanced_v2,542,positive,noul,0,0,"[""false"", ""true""]","[0.998084500381208, 0.0019154996187919892]",
d1-omni,ood_sst2_balanced_v2,543,positive,noul,0,0,"[""false"", ""true""]","[0.9999529778335694, 4.702216643067657e-05]",
d1-omni,ood_sst2_balanced_v2,544,positive,noul,0,1,"[""false"", ""true""]","[0.0472497073678563, 0.9527502926321437]",
d1-omni,ood_sst2_balanced_v2,549,positive,noul,0,0,"[""false"", ""true""]","[0.9985392504327875, 0.001460749567212477]",
d1-omni,ood_sst2_balanced_v2,554,positive,noul,0,0,"[""false"", ""true""]","[0.9999362295411269, 6.37704588729887e-05]",
d1-omni,ood_sst2_balanced_v2,555,positive,noul,0,0,"[""false"", ""true""]","[0.9999678705016294, 3.212949837067203e-05]",
d1-omni,ood_sst2_balanced_v2,556,positive,noul,0,0,"[""false"", ""true""]","[0.9985534256469171, 0.0014465743530829832]",
d1-omni,ood_sst2_balanced_v2,558,positive,noul,1,1,"[""false"", ""true""]","[0.008030820475485192, 0.9919691795245149]",
d1-omni,ood_sst2_balanced_v2,559,positive,noul,0,0,"[""false"", ""true""]","[0.9962999544279207, 0.0037000455720793382]",
d1-omni,ood_sst2_balanced_v2,561,positive,noul,1,0,"[""false"", ""true""]","[0.999076419295337, 0.0009235807046631479]",
d1-omni,ood_sst2_balanced_v2,562,positive,noul,0,0,"[""false"", ""true""]","[0.999851741725908, 0.00014825827409214806]",
d1-omni,ood_sst2_balanced_v2,564,positive,noul,0,0,"[""false"", ""true""]","[0.9999788875281201, 2.1112471879779098e-05]",
d1-omni,ood_sst2_balanced_v2,568,positive,noul,0,0,"[""false"", ""true""]","[0.9994207086601894, 0.0005792913398106331]",
d1-omni,ood_sst2_balanced_v2,570,positive,noul,1,1,"[""false"", ""true""]","[4.5133782004137494e-05, 0.9999548662179958]",
d1-omni,ood_sst2_balanced_v2,571,positive,noul,0,0,"[""false"", ""true""]","[0.9885140504113846, 0.011485949588615292]",
d1-omni,ood_sst2_balanced_v2,572,positive,noul,0,0,"[""false"", ""true""]","[0.9999104221443303, 8.957785566962118e-05]",
d1-omni,ood_sst2_balanced_v2,576,positive,noul,0,0,"[""false"", ""true""]","[0.9999666558422662, 3.3344157733888076e-05]",
d1-omni,ood_sst2_balanced_v2,577,positive,noul,1,1,"[""false"", ""true""]","[0.00016538891271669217, 0.9998346110872833]",
d1-omni,ood_sst2_balanced_v2,578,positive,noul,0,1,"[""false"", ""true""]","[0.4731094814005478, 0.5268905185994522]",
d1-omni,ood_sst2_balanced_v2,580,positive,noul,0,0,"[""false"", ""true""]","[0.9867069163459974, 0.013293083654002691]",
d1-omni,ood_sst2_balanced_v2,581,positive,noul,0,0,"[""false"", ""true""]","[0.9999929281049816, 7.071895018314538e-06]",
d1-omni,ood_sst2_balanced_v2,582,positive,noul,0,0,"[""false"", ""true""]","[0.9999820820204187, 1.7917979581177372e-05]",
d1-omni,ood_sst2_balanced_v2,583,positive,noul,0,0,"[""false"", ""true""]","[0.9997897067889655, 0.00021029321103448157]",
d1-omni,ood_sst2_balanced_v2,590,positive,noul,0,0,"[""false"", ""true""]","[0.9999982189082331, 1.7810917668898583e-06]",
d1-omni,ood_sst2_balanced_v2,592,positive,noul,0,0,"[""false"", ""true""]","[0.9987863288020541, 0.0012136711979458808]",
d1-omni,ood_sst2_balanced_v2,594,positive,noul,1,1,"[""false"", ""true""]","[6.477577574571094e-05, 0.9999352242242543]",
d1-omni,ood_sst2_balanced_v2,595,positive,noul,0,0,"[""false"", ""true""]","[0.9752372415640236, 0.024762758435976393]",
d1-omni,ood_sst2_balanced_v2,602,positive,noul,1,1,"[""false"", ""true""]","[0.08779819982186514, 0.9122018001781349]",
d1-omni,ood_sst2_balanced_v2,603,positive,noul,1,1,"[""false"", ""true""]","[4.2813877344170355e-05, 0.9999571861226557]",
d1-omni,ood_sst2_balanced_v2,604,positive,noul,0,1,"[""false"", ""true""]","[0.0583994754330702, 0.9416005245669299]",
d1-omni,ood_sst2_balanced_v2,605,positive,noul,1,1,"[""false"", ""true""]","[0.0019305032164517904, 0.9980694967835483]",
d1-omni,ood_sst2_balanced_v2,606,positive,noul,0,0,"[""false"", ""true""]","[0.999979537063336, 2.0462936664051586e-05]",
d1-omni,ood_sst2_balanced_v2,609,positive,noul,1,1,"[""false"", ""true""]","[0.00015051806876415134, 0.9998494819312359]",
d1-omni,ood_sst2_balanced_v2,610,positive,noul,0,0,"[""false"", ""true""]","[0.9999233790344275, 7.662096557238668e-05]",
d1-omni,ood_sst2_balanced_v2,611,positive,noul,1,1,"[""false"", ""true""]","[3.367074140091613e-05, 0.9999663292585991]",
d1-omni,ood_sst2_balanced_v2,614,positive,noul,1,1,"[""false"", ""true""]","[0.003246095385824788, 0.9967539046141752]",
d1-omni,ood_sst2_balanced_v2,615,positive,noul,0,0,"[""false"", ""true""]","[0.9897711911173528, 0.010228808882647211]",
d1-omni,ood_sst2_balanced_v2,616,positive,noul,1,1,"[""false"", ""true""]","[0.000826765011151251, 0.9991732349888487]",
d1-omni,ood_sst2_balanced_v2,617,positive,noul,0,0,"[""false"", ""true""]","[0.9888311928891131, 0.011168807110886867]",
d1-omni,ood_sst2_balanced_v2,623,positive,noul,1,1,"[""false"", ""true""]","[0.0035622657745616065, 0.9964377342254384]",
d1-omni,ood_sst2_balanced_v2,625,positive,noul,1,1,"[""false"", ""true""]","[0.00020987994159760444, 0.9997901200584024]",
d1-omni,ood_sst2_balanced_v2,626,positive,noul,1,0,"[""false"", ""true""]","[0.9997774543948934, 0.00022254560510651952]",
d1-omni,ood_sst2_balanced_v2,627,positive,noul,0,0,"[""false"", ""true""]","[0.9971272517432488, 0.0028727482567512167]",
d1-omni,ood_sst2_balanced_v2,629,positive,noul,0,0,"[""false"", ""true""]","[0.9996229716776727, 0.00037702832232719066]",
d1-omni,ood_sst2_balanced_v2,630,positive,noul,1,1,"[""false"", ""true""]","[7.513945280901873e-05, 0.9999248605471909]",
d1-omni,ood_sst2_balanced_v2,631,positive,noul,0,0,"[""false"", ""true""]","[0.9301099173026741, 0.06989008269732587]",
d1-omni,ood_sst2_balanced_v2,632,positive,noul,0,0,"[""false"", ""true""]","[0.9933621074322008, 0.006637892567799116]",
d1-omni,ood_sst2_balanced_v2,633,positive,noul,1,1,"[""false"", ""true""]","[0.00010190318545758416, 0.9998980968145423]",
d1-omni,ood_sst2_balanced_v2,634,positive,noul,1,1,"[""false"", ""true""]","[7.47004240947063e-05, 0.9999252995759054]",
d1-omni,ood_sst2_balanced_v2,635,positive,noul,0,0,"[""false"", ""true""]","[0.9880907260296017, 0.011909273970398421]",
d1-omni,ood_sst2_balanced_v2,637,positive,noul,0,0,"[""false"", ""true""]","[0.774242150692331, 0.22575784930766887]",
d1-omni,ood_sst2_balanced_v2,639,positive,noul,0,0,"[""false"", ""true""]","[0.9999375849112946, 6.241508870536122e-05]",
d1-omni,ood_sst2_balanced_v2,641,positive,noul,1,1,"[""false"", ""true""]","[3.62671740348059e-05, 0.9999637328259652]",
d1-omni,ood_sst2_balanced_v2,643,positive,noul,1,0,"[""false"", ""true""]","[0.9997527066496324, 0.0002472933503676221]",
d1-omni,ood_sst2_balanced_v2,644,positive,noul,1,1,"[""false"", ""true""]","[0.0028532328241793123, 0.9971467671758206]",
d1-omni,ood_sst2_balanced_v2,645,positive,noul,0,0,"[""false"", ""true""]","[0.7693619352029444, 0.2306380647970557]",
d1-omni,ood_sst2_balanced_v2,648,positive,noul,1,1,"[""false"", ""true""]","[0.008239615627037981, 0.991760384372962]",
d1-omni,ood_sst2_balanced_v2,650,positive,noul,0,0,"[""false"", ""true""]","[0.9996416326972164, 0.0003583673027836486]",
d1-omni,ood_sst2_balanced_v2,653,positive,noul,0,0,"[""false"", ""true""]","[0.9999765392109603, 2.3460789039622515e-05]",
d1-omni,ood_sst2_balanced_v2,654,positive,noul,0,0,"[""false"", ""true""]","[0.9999963311373008, 3.668862699102459e-06]",
d1-omni,ood_sst2_balanced_v2,657,positive,noul,0,0,"[""false"", ""true""]","[0.9999879703654262, 1.2029634573809006e-05]",
d1-omni,ood_sst2_balanced_v2,658,positive,noul,1,1,"[""false"", ""true""]","[2.397108015938363e-05, 0.9999760289198406]",
d1-omni,ood_sst2_balanced_v2,659,positive,noul,0,0,"[""false"", ""true""]","[0.9378968889909851, 0.06210311100901497]",
d1-omni,ood_sst2_balanced_v2,660,positive,noul,1,1,"[""false"", ""true""]","[0.0008430460878498347, 0.9991569539121501]",
d1-omni,ood_sst2_balanced_v2,661,positive,noul,0,0,"[""false"", ""true""]","[0.9835338275417018, 0.016466172458298168]",
d1-omni,ood_sst2_balanced_v2,662,positive,noul,0,0,"[""false"", ""true""]","[0.9990188276717052, 0.0009811723282947165]",
d1-omni,ood_sst2_balanced_v2,664,positive,noul,1,1,"[""false"", ""true""]","[3.163050509543783e-05, 0.9999683694949045]",
d1-omni,ood_sst2_balanced_v2,666,positive,noul,1,1,"[""false"", ""true""]","[1.7467212469896858e-05, 0.99998253278753]",
d1-omni,ood_sst2_balanced_v2,668,positive,noul,0,0,"[""false"", ""true""]","[0.9999706884598003, 2.9311540199828864e-05]",
d1-omni,ood_sst2_balanced_v2,669,positive,noul,1,1,"[""false"", ""true""]","[0.0012133782394854453, 0.9987866217605145]",
d1-omni,ood_sst2_balanced_v2,670,positive,noul,0,0,"[""false"", ""true""]","[0.9041439130339387, 0.09585608696606122]",
d1-omni,ood_sst2_balanced_v2,673,positive,noul,1,1,"[""false"", ""true""]","[0.0023070958477983987, 0.9976929041522017]",
d1-omni,ood_sst2_balanced_v2,678,positive,noul,1,1,"[""false"", ""true""]","[6.327475446989658e-05, 0.9999367252455301]",
d1-omni,ood_sst2_balanced_v2,680,positive,noul,1,1,"[""false"", ""true""]","[1.1456360312849916e-05, 0.9999885436396871]",
d1-omni,ood_sst2_balanced_v2,681,positive,noul,0,0,"[""false"", ""true""]","[0.9999538872803608, 4.611271963923555e-05]",
d1-omni,ood_sst2_balanced_v2,682,positive,noul,0,0,"[""false"", ""true""]","[0.9954527375188866, 0.004547262481113439]",
d1-omni,ood_sst2_balanced_v2,684,positive,noul,1,1,"[""false"", ""true""]","[0.001514412963401202, 0.9984855870365988]",
d1-omni,ood_sst2_balanced_v2,685,positive,noul,1,0,"[""false"", ""true""]","[0.9977743291134354, 0.002225670886564578]",
d1-omni,ood_sst2_balanced_v2,690,positive,noul,0,0,"[""false"", ""true""]","[0.9999926463977238, 7.353602276303512e-06]",
d1-omni,ood_sst2_balanced_v2,692,positive,noul,0,0,"[""false"", ""true""]","[0.9997181430097959, 0.00028185699020411123]",
d1-omni,ood_sst2_balanced_v2,694,positive,noul,0,1,"[""false"", ""true""]","[0.4663595024331038, 0.5336404975668962]",
d1-omni,ood_sst2_balanced_v2,696,positive,noul,1,1,"[""false"", ""true""]","[0.00011524061595338833, 0.9998847593840468]",
d1-omni,ood_sst2_balanced_v2,697,positive,noul,1,1,"[""false"", ""true""]","[0.08464400097882899, 0.915355999021171]",
d1-omni,ood_sst2_balanced_v2,698,positive,noul,1,1,"[""false"", ""true""]","[2.2784172140947886e-05, 0.999977215827859]",
d1-omni,ood_sst2_balanced_v2,699,positive,noul,1,0,"[""false"", ""true""]","[0.9968025131100349, 0.003197486889965123]",
d1-omni,ood_sst2_balanced_v2,702,positive,noul,0,0,"[""false"", ""true""]","[0.8113773127127674, 0.18862268728723258]",
d1-omni,ood_sst2_balanced_v2,704,positive,noul,0,0,"[""false"", ""true""]","[0.9999907041928975, 9.29580710260183e-06]",
d1-omni,ood_sst2_balanced_v2,705,positive,noul,0,0,"[""false"", ""true""]","[0.9987306353750656, 0.001269364624934491]",
d1-omni,ood_sst2_balanced_v2,706,positive,noul,0,0,"[""false"", ""true""]","[0.986297330079041, 0.013702669920958971]",
d1-omni,ood_sst2_balanced_v2,707,positive,noul,0,1,"[""false"", ""true""]","[0.013577828788144803, 0.9864221712118552]",
d1-omni,ood_sst2_balanced_v2,708,positive,noul,1,1,"[""false"", ""true""]","[2.4587170956300216e-05, 0.9999754128290438]",
d1-omni,ood_sst2_balanced_v2,713,positive,noul,0,0,"[""false"", ""true""]","[0.998039164830815, 0.001960835169184926]",
d1-omni,ood_sst2_balanced_v2,715,positive,noul,0,0,"[""false"", ""true""]","[0.9999971090032517, 2.890996748371481e-06]",
d1-omni,ood_sst2_balanced_v2,716,positive,noul,0,0,"[""false"", ""true""]","[0.999620015545521, 0.0003799844544789923]",
d1-omni,ood_sst2_balanced_v2,717,positive,noul,1,1,"[""false"", ""true""]","[3.238259003097998e-05, 0.999967617409969]",
d1-omni,ood_sst2_balanced_v2,718,positive,noul,1,1,"[""false"", ""true""]","[0.0004263715582634497, 0.9995736284417365]",
d1-omni,ood_sst2_balanced_v2,719,positive,noul,0,1,"[""false"", ""true""]","[0.032047642799803544, 0.9679523572001963]",
d1-omni,ood_sst2_balanced_v2,720,positive,noul,1,1,"[""false"", ""true""]","[0.00023344919842072245, 0.9997665508015793]",
d1-omni,ood_sst2_balanced_v2,721,positive,noul,1,1,"[""false"", ""true""]","[0.0002899543731216035, 0.9997100456268784]",
d1-omni,ood_sst2_balanced_v2,722,positive,noul,0,0,"[""false"", ""true""]","[0.9999812221415187, 1.87778584812998e-05]",
d1-omni,ood_sst2_balanced_v2,724,positive,noul,0,1,"[""false"", ""true""]","[0.02473330778739231, 0.9752666922126076]",
d1-omni,ood_sst2_balanced_v2,725,positive,noul,1,1,"[""false"", ""true""]","[0.00027265714260071047, 0.9997273428573994]",
d1-omni,ood_sst2_balanced_v2,732,positive,noul,0,0,"[""false"", ""true""]","[0.999936353967827, 6.364603217312867e-05]",
d1-omni,ood_sst2_balanced_v2,733,positive,noul,0,0,"[""false"", ""true""]","[0.9998878658913402, 0.00011213410865979935]",
d1-omni,ood_sst2_balanced_v2,736,positive,noul,0,0,"[""false"", ""true""]","[0.6289773474924861, 0.3710226525075139]",
d1-omni,ood_sst2_balanced_v2,737,positive,noul,1,1,"[""false"", ""true""]","[0.00038351982748060614, 0.9996164801725194]",
d1-omni,ood_sst2_balanced_v2,738,positive,noul,1,1,"[""false"", ""true""]","[7.843147151428191e-06, 0.9999921568528487]",
d1-omni,ood_sst2_balanced_v2,739,positive,noul,1,1,"[""false"", ""true""]","[7.528752271998917e-05, 0.99992471247728]",
d1-omni,ood_sst2_balanced_v2,741,positive,noul,1,0,"[""false"", ""true""]","[0.8611300112382627, 0.13886998876173726]",
d1-omni,ood_sst2_balanced_v2,742,positive,noul,1,1,"[""false"", ""true""]","[0.03978779554122267, 0.9602122044587773]",
d1-omni,ood_sst2_balanced_v2,744,positive,noul,1,1,"[""false"", ""true""]","[0.0009004458057989528, 0.999099554194201]",
d1-omni,ood_sst2_balanced_v2,745,positive,noul,0,0,"[""false"", ""true""]","[0.9999966983794494, 3.3016205506527144e-06]",
d1-omni,ood_sst2_balanced_v2,746,positive,noul,1,1,"[""false"", ""true""]","[0.00011637319721748696, 0.9998836268027824]",
d1-omni,ood_sst2_balanced_v2,747,positive,noul,1,1,"[""false"", ""true""]","[0.00012868482872166465, 0.9998713151712783]",
d1-omni,ood_sst2_balanced_v2,750,positive,noul,0,1,"[""false"", ""true""]","[0.12656915040833336, 0.8734308495916666]",
d1-omni,ood_sst2_balanced_v2,751,positive,noul,0,0,"[""false"", ""true""]","[0.9978468588080646, 0.0021531411919355216]",
d1-omni,ood_sst2_balanced_v2,753,positive,noul,1,1,"[""false"", ""true""]","[0.01515076654933769, 0.9848492334506622]",
d1-omni,ood_sst2_balanced_v2,754,positive,noul,1,1,"[""false"", ""true""]","[0.00025118814392836674, 0.9997488118560717]",
d1-omni,ood_sst2_balanced_v2,755,positive,noul,1,1,"[""false"", ""true""]","[0.00028573878723705523, 0.999714261212763]",
d1-omni,ood_sst2_balanced_v2,757,positive,noul,0,0,"[""false"", ""true""]","[0.9898205104770745, 0.010179489522925354]",
d1-omni,ood_sst2_balanced_v2,758,positive,noul,1,1,"[""false"", ""true""]","[4.748410115929079e-05, 0.9999525158988407]",
d1-omni,ood_sst2_balanced_v2,759,positive,noul,0,0,"[""false"", ""true""]","[0.9990673639298995, 0.0009326360701005385]",
d1-omni,ood_sst2_balanced_v2,760,positive,noul,1,0,"[""false"", ""true""]","[0.9960469112062427, 0.003953088793757357]",
d1-omni,ood_sst2_balanced_v2,761,positive,noul,0,0,"[""false"", ""true""]","[0.9999987070655395, 1.2929344604925473e-06]",
d1-omni,ood_sst2_balanced_v2,762,positive,noul,1,1,"[""false"", ""true""]","[7.324073672993721e-06, 0.9999926759263269]",
d1-omni,ood_sst2_balanced_v2,765,positive,noul,0,0,"[""false"", ""true""]","[0.9997708397258557, 0.00022916027414425605]",
d1-omni,ood_sst2_balanced_v2,768,positive,noul,1,1,"[""false"", ""true""]","[9.741569579258982e-06, 0.9999902584304207]",
d1-omni,ood_sst2_balanced_v2,769,positive,noul,1,1,"[""false"", ""true""]","[1.5628286176765946e-05, 0.9999843717138234]",
d1-omni,ood_sst2_balanced_v2,771,positive,noul,0,0,"[""false"", ""true""]","[0.9658533063423274, 0.034146693657672554]",
d1-omni,ood_sst2_balanced_v2,772,positive,noul,1,1,"[""false"", ""true""]","[0.00809329604566692, 0.9919067039543331]",
d1-omni,ood_sst2_balanced_v2,773,positive,noul,1,1,"[""false"", ""true""]","[0.00010742055118338794, 0.9998925794488166]",
d1-omni,ood_sst2_balanced_v2,775,positive,noul,0,0,"[""false"", ""true""]","[0.9869166161332164, 0.013083383866783755]",
d1-omni,ood_sst2_balanced_v2,776,positive,noul,0,0,"[""false"", ""true""]","[0.9999997726726931, 2.2732730680658668e-07]",
d1-omni,ood_sst2_balanced_v2,777,positive,noul,1,1,"[""false"", ""true""]","[0.0002138084643778103, 0.9997861915356223]",
d1-omni,ood_sst2_balanced_v2,781,positive,noul,0,0,"[""false"", ""true""]","[0.9903476981331301, 0.009652301866869816]",
d1-omni,ood_sst2_balanced_v2,782,positive,noul,1,0,"[""false"", ""true""]","[0.8861743805147136, 0.11382561948528638]",
d1-omni,ood_sst2_balanced_v2,783,positive,noul,1,1,"[""false"", ""true""]","[0.0005373472940026385, 0.9994626527059974]",
d1-omni,ood_sst2_balanced_v2,785,positive,noul,1,1,"[""false"", ""true""]","[0.0024618054157529673, 0.997538194584247]",
d1-omni,ood_sst2_balanced_v2,786,positive,noul,0,0,"[""false"", ""true""]","[0.9999844932459314, 1.5506754068604965e-05]",
d1-omni,ood_sst2_balanced_v2,787,positive,noul,0,0,"[""false"", ""true""]","[0.9999410216656391, 5.8978334360811184e-05]",
d1-omni,ood_sst2_balanced_v2,788,positive,noul,1,1,"[""false"", ""true""]","[3.0063967677615084e-05, 0.9999699360323223]",
d1-omni,ood_sst2_balanced_v2,789,positive,noul,0,0,"[""false"", ""true""]","[0.99934745940696, 0.0006525405930400151]",
d1-omni,ood_sst2_balanced_v2,790,positive,noul,0,0,"[""false"", ""true""]","[0.9999939274116927, 6.0725883073164965e-06]",
d1-omni,ood_sst2_balanced_v2,795,positive,noul,0,0,"[""false"", ""true""]","[0.9999796963162236, 2.0303683776329745e-05]",
d1-omni,ood_sst2_balanced_v2,798,positive,noul,0,0,"[""false"", ""true""]","[0.9986993048532794, 0.0013006951467206156]",
d1-omni,ood_sst2_balanced_v2,800,positive,noul,0,0,"[""false"", ""true""]","[0.9999671727474936, 3.2827252506285306e-05]",
d1-omni,ood_sst2_balanced_v2,802,positive,noul,0,0,"[""false"", ""true""]","[0.9989098104286734, 0.0010901895713265612]",
d1-omni,ood_sst2_balanced_v2,803,positive,noul,1,1,"[""false"", ""true""]","[0.0005213307810986101, 0.9994786692189014]",
d1-omni,ood_sst2_balanced_v2,804,positive,noul,0,0,"[""false"", ""true""]","[0.9943471238068551, 0.005652876193144828]",
d1-omni,ood_sst2_balanced_v2,805,positive,noul,0,0,"[""false"", ""true""]","[0.9259027496708043, 0.07409725032919577]",
d1-omni,ood_sst2_balanced_v2,809,positive,noul,1,1,"[""false"", ""true""]","[7.065601206503969e-05, 0.9999293439879349]",
d1-omni,ood_sst2_balanced_v2,811,positive,noul,0,0,"[""false"", ""true""]","[0.9999762626638465, 2.3737336153518683e-05]",
d1-omni,ood_sst2_balanced_v2,815,positive,noul,1,1,"[""false"", ""true""]","[1.5119054340174969e-05, 0.9999848809456598]",
d1-omni,ood_sst2_balanced_v2,818,positive,noul,0,0,"[""false"", ""true""]","[0.9723803287039532, 0.027619671296046838]",
d1-omni,ood_sst2_balanced_v2,822,positive,noul,0,0,"[""false"", ""true""]","[0.999909719601804, 9.028039819598356e-05]",
d1-omni,ood_sst2_balanced_v2,823,positive,noul,1,0,"[""false"", ""true""]","[0.5387405470249484, 0.46125945297505155]",
d1-omni,ood_sst2_balanced_v2,824,positive,noul,0,0,"[""false"", ""true""]","[0.9034433905497828, 0.09655660945021718]",
d1-omni,ood_sst2_balanced_v2,825,positive,noul,1,1,"[""false"", ""true""]","[0.0002558887011222485, 0.9997441112988779]",
d1-omni,ood_sst2_balanced_v2,826,positive,noul,1,1,"[""false"", ""true""]","[6.502732484954543e-05, 0.9999349726751505]",
d1-omni,ood_sst2_balanced_v2,827,positive,noul,0,1,"[""false"", ""true""]","[0.09955773606100114, 0.900442263938999]",
d1-omni,ood_sst2_balanced_v2,828,positive,noul,0,0,"[""false"", ""true""]","[0.9997488133137222, 0.00025118668627769817]",
d1-omni,ood_sst2_balanced_v2,829,positive,noul,0,0,"[""false"", ""true""]","[0.9993436273583787, 0.0006563726416214286]",
d1-omni,ood_sst2_balanced_v2,830,positive,noul,1,1,"[""false"", ""true""]","[0.002120868659157319, 0.9978791313408426]",
d1-omni,ood_sst2_balanced_v2,832,positive,noul,0,1,"[""false"", ""true""]","[0.03149937259603769, 0.9685006274039624]",
d1-omni,ood_sst2_balanced_v2,833,positive,noul,0,0,"[""false"", ""true""]","[0.999994703392491, 5.296607509091167e-06]",
d1-omni,ood_sst2_balanced_v2,834,positive,noul,1,1,"[""false"", ""true""]","[0.0010322361746906094, 0.9989677638253094]",
d1-omni,ood_sst2_balanced_v2,835,positive,noul,1,1,"[""false"", ""true""]","[2.1361478706453507e-05, 0.9999786385212937]",
d1-omni,ood_sst2_balanced_v2,837,positive,noul,1,1,"[""false"", ""true""]","[0.0001918504171833514, 0.9998081495828166]",
d1-omni,ood_sst2_balanced_v2,840,positive,noul,0,0,"[""false"", ""true""]","[0.9999883404777415, 1.1659522258532278e-05]",
d1-omni,ood_sst2_balanced_v2,841,positive,noul,1,1,"[""false"", ""true""]","[0.003774569202447834, 0.9962254307975521]",
d1-omni,ood_sst2_balanced_v2,842,positive,noul,0,0,"[""false"", ""true""]","[0.9992236704092871, 0.0007763295907129489]",
d1-omni,ood_sst2_balanced_v2,844,positive,noul,0,0,"[""false"", ""true""]","[0.9985785958082397, 0.0014214041917604322]",
d1-omni,ood_sst2_balanced_v2,845,positive,noul,0,0,"[""false"", ""true""]","[0.9903055971565855, 0.009694402843414558]",
d1-omni,ood_sst2_balanced_v2,846,positive,noul,0,1,"[""false"", ""true""]","[0.019215839425613584, 0.9807841605743864]",
d1-omni,ood_sst2_balanced_v2,851,positive,noul,0,0,"[""false"", ""true""]","[0.9129031865591243, 0.08709681344087562]",
d1-omni,ood_sst2_balanced_v2,852,positive,noul,0,0,"[""false"", ""true""]","[0.7424217185568347, 0.2575782814431653]",
d1-omni,ood_sst2_balanced_v2,853,positive,noul,1,1,"[""false"", ""true""]","[0.006597771332507531, 0.9934022286674925]",
d1-omni,ood_sst2_balanced_v2,854,positive,noul,0,0,"[""false"", ""true""]","[0.9963641912481401, 0.003635808751859931]",
d1-omni,ood_sst2_balanced_v2,857,positive,noul,1,1,"[""false"", ""true""]","[2.3644977941013765e-05, 0.999976355022059]",
d1-omni,ood_sst2_balanced_v2,858,positive,noul,1,1,"[""false"", ""true""]","[0.0006589445782445367, 0.9993410554217554]",
d1-omni,ood_sst2_balanced_v2,859,positive,noul,1,1,"[""false"", ""true""]","[9.915366147118831e-05, 0.9999008463385288]",
d1-omni,ood_sst2_balanced_v2,860,positive,noul,1,1,"[""false"", ""true""]","[0.0009399432559033775, 0.9990600567440966]",
d1-omni,ood_sst2_balanced_v2,861,positive,noul,1,1,"[""false"", ""true""]","[0.0023711854208711605, 0.9976288145791288]",
d1-omni,ood_sst2_balanced_v2,862,positive,noul,0,1,"[""false"", ""true""]","[0.16158460638288444, 0.8384153936171156]",
d1-omni,ood_sst2_balanced_v2,863,positive,noul,0,0,"[""false"", ""true""]","[0.9943030404892946, 0.005696959510705428]",
d1-omni,ood_sst2_balanced_v2,864,positive,noul,0,0,"[""false"", ""true""]","[0.999999518748667, 4.812513330372091e-07]",
d1-omni,ood_sst2_balanced_v2,865,positive,noul,1,1,"[""false"", ""true""]","[0.12252319978310523, 0.8774768002168948]",
d1-omni,ood_sst2_balanced_v2,866,positive,noul,1,1,"[""false"", ""true""]","[0.010960434916512996, 0.9890395650834869]",
d1-omni,ood_sst2_balanced_v2,867,positive,noul,0,0,"[""false"", ""true""]","[0.994466613630856, 0.005533386369144075]",
d1-omni,ood_sst2_balanced_v2,868,positive,noul,1,1,"[""false"", ""true""]","[0.00016964233938089444, 0.9998303576606192]",
d1-omni,ood_sst2_balanced_v2,870,positive,noul,0,0,"[""false"", ""true""]","[0.9966430487486179, 0.0033569512513820197]",
d1-omni,ood_sst2_balanced_v2,871,positive,noul,1,1,"[""false"", ""true""]","[5.3335563295319376e-05, 0.9999466644367047]",
d1-omni,ood_yelp_rating,74,rating,score,4,4,"[""0"", ""1"", ""2"", ""3"", ""4""]","[2.936746703376978e-07, 1.7849756480027052e-06, 0.012621724870413867, 0.3759523621055085, 0.6114238343737592]",
d1-omni,ood_yelp_rating,120,rating,score,2,1,"[""0"", ""1"", ""2"", ""3"", ""4""]","[0.011895021918599617, 0.6059418758763905, 0.3415663696414315, 0.03907853095986843, 0.001518201603709992]",
d1-omni,ood_yelp_rating,176,rating,score,1,1,"[""0"", ""1"", ""2"", ""3"", ""4""]","[0.005584821767671428, 0.8669439639052243, 0.12742066737223237, 5.053819370942001e-05, 8.761162367546674e-09]",
d1-omni,ood_yelp_rating,219,rating,score,3,2,"[""0"", ""1"", ""2"", ""3"", ""4""]","[5.390175750525702e-05, 0.020912474748632004, 0.5181718804252016, 0.4447333652059107, 0.016128377862750523]",
d1-omni,ood_yelp_rating,221,rating,score,2,2,"[""0"", ""1"", ""2"", ""3"", ""4""]","[5.770026349427775e-06, 0.010376563589671426, 0.9689093135402332, 0.02070691657308971, 1.4362706563383632e-06]",
d1-omni,ood_yelp_rating,263,rating,score,1,1,"[""0"", ""1"", ""2"", ""3"", ""4""]","[0.1815158518395796, 0.8040200351265662, 0.014441305631721829, 2.2620657078038237e-05, 1.8674505422676235e-07]",
d1-omni,ood_yelp_rating,276,rating,score,4,4,"[""0"", ""1"", ""2"", ""3"", ""4""]","[0.13613380129057434, 0.18017469276382228, 0.234992094498469, 0.1182768918440786, 0.3304225196030558]",
d1-omni,ood_yelp_rating,428,rating,score,0,0,"[""0"", ""1"", ""2"", ""3"", ""4""]","[0.959893526903216, 0.03889119525722034, 0.0012152467528188213, 2.6265858473524183e-08, 4.820886375525075e-09]",
d1-omni,ood_yelp_rating,447,rating,score,4,4,"[""0"", ""1"", ""2"", ""3"", ""4""]","[4.343296573081157e-08, 2.558667852093294e-07, 0.0014673280873270969, 0.069062053746901, 0.9294703188660209]",
d1-omni,ood_yelp_rating,493,rating,score,3,3,"[""0"", ""1"", ""2"", ""3"", ""4""]","[6.05996141462145e-06, 0.005246810109375618, 0.4300366140565133, 0.5146865045660873, 0.05002401130660921]",
d1-omni,ood_yelp_rating,500,rating,score,3,3,"[""0"", ""1"", ""2"", ""3"", ""4""]","[2.68218246042806e-08, 2.358496030581234e-06, 0.06735887102229672, 0.7754116869931448, 0.15722705666670336]",
d1-omni,ood_yelp_rating,506,rating,score,0,0,"[""0"", ""1"", ""2"", ""3"", ""4""]","[0.9467697524832529, 0.0528940155517958, 0.00033480409820775515, 1.3843963081406748e-06, 4.347043547133126e-08]",
d1-omni,ood_yelp_rating,512,rating,score,0,0,"[""0"", ""1"", ""2"", ""3"", ""4""]","[0.9966037646793374, 0.002804726419463182, 0.0005913572842641527, 1.494515523647068e-07, 2.1653830225065058e-09]",
d1-omni,ood_yelp_rating,556,rating,score,3,1,"[""0"", ""1"", ""2"", ""3"", ""4""]","[0.017100411238027535, 0.6135003168898466, 0.32622554725273617, 0.03764367581375072, 0.005530048805638941]",
d1-omni,ood_yelp_rating,575,rating,score,2,2,"[""0"", ""1"", ""2"", ""3"", ""4""]","[6.7094155328828265e-06, 0.22228496538617382, 0.7743369807820828, 0.003368633566203631, 2.7108500069767424e-06]",
d1-omni,ood_yelp_rating,626,rating,score,3,4,"[""0"", ""1"", ""2"", ""3"", ""4""]","[0.0015313302336210422, 0.0070394302446702426, 0.033912804634338115, 0.1615521228497095, 0.795964312037661]",
d1-omni,ood_yelp_rating,651,rating,score,4,4,"[""0"", ""1"", ""2"", ""3"", ""4""]","[2.8891613572842e-06, 1.5679769586266628e-05, 0.012427472568090896, 0.3535604523843692, 0.6339935061165964]",
d1-omni,ood_yelp_rating,712,rating,score,2,3,"[""0"", ""1"", ""2"", ""3"", ""4""]","[0.0013628795388612672, 0.016684542787290868, 0.16177574558480548, 0.7391480291263294, 0.08102880296271295]",
d1-omni,ood_yelp_rating,741,rating,score,0,1,"[""0"", ""1"", ""2"", ""3"", ""4""]","[0.02147363214109772, 0.9324559831505514, 0.04572682262176017, 0.00034354810547582246, 1.3981114999436594e-08]",
d1-omni,ood_yelp_rating,770,rating,score,2,2,"[""0"", ""1"", ""2"", ""3"", ""4""]","[2.1066294642726777e-07, 0.007801218719064974, 0.6307176119363422, 0.35727251635464646, 0.004208442326999877]",
d1-omni,ood_yelp_rating,813,rating,score,0,0,"[""0"", ""1"", ""2"", ""3"", ""4""]","[0.9927825227313951, 0.006768166348884134, 0.00044728183659956523, 1.9649259962095787e-06, 6.415712505686314e-08]",
d1-omni,ood_yelp_rating,821,rating,score,0,1,"[""0"", ""1"", ""2"", ""3"", ""4""]","[0.19622553180084396, 0.7856189603915426, 0.018118627470226512, 3.6871181447502185e-05, 9.15593931925583e-09]",
d1-omni,ood_yelp_rating,827,rating,score,1,1,"[""0"", ""1"", ""2"", ""3"", ""4""]","[0.136176674701382, 0.80930805176485, 0.05369332473514491, 0.0008216847474595965, 2.640511634568216e-07]",
d1-omni,ood_yelp_rating,836,rating,score,1,1,"[""0"", ""1"", ""2"", ""3"", ""4""]","[0.33016235090594764, 0.6302200471227425, 0.03927853605981015, 0.0003388317726147931, 2.3413888482017494e-07]",
d1-omni,ood_yelp_rating,883,rating,score,3,3,"[""0"", ""1"", ""2"", ""3"", ""4""]","[0.00011989208034892036, 0.0010602706611304324, 0.1365816707049159, 0.4865943032540475, 0.37564386329955735]",
d1-omni,ood_yelp_rating,1045,rating,score,1,0,"[""0"", ""1"", ""2"", ""3"", ""4""]","[0.7754103008597507, 0.18725919507814723, 0.034724133723241166, 0.0025763178852757657, 3.005245358514084e-05]",
d1-omni,ood_yelp_rating,1063,rating,score,0,1,"[""0"", ""1"", ""2"", ""3"", ""4""]","[0.19205503273999944, 0.7142682926416686, 0.09348595426823561, 0.00019028920017303844, 4.3114992320477935e-07]",
d1-omni,ood_yelp_rating,1084,rating,score,4,3,"[""0"", ""1"", ""2"", ""3"", ""4""]","[9.742683614992044e-07, 0.005341735572445569, 0.05771018566365564, 0.7246633334546742, 0.21228377104086293]",
d1-omni,ood_yelp_rating,1099,rating,score,1,2,"[""0"", ""1"", ""2"", ""3"", ""4""]","[4.3525867858212914e-05, 0.17838767040027884, 0.8073237262855806, 0.0142445032423478, 5.742039344023519e-07]",
d1-omni,ood_yelp_rating,1123,rating,score,1,1,"[""0"", ""1"", ""2"", ""3"", ""4""]","[0.029800042914791606, 0.9107876351907885, 0.059083864808962834, 0.00032843230889002264, 2.4776567104853386e-08]",
d1-omni,ood_yelp_rating,1142,rating,score,3,3,"[""0"", ""1"", ""2"", ""3"", ""4""]","[7.543512746983464e-07, 0.007825742274927591, 0.3781717092661798, 0.547021978175928, 0.06697981593168988]",
d1-omni,ood_yelp_rating,1155,rating,score,4,4,"[""0"", ""1"", ""2"", ""3"", ""4""]","[6.567809099415628e-07, 5.673722864293169e-06, 0.009035280681354913, 0.4491635891160137, 0.5417947996988571]",
d1-omni,ood_yelp_rating,1163,rating,score,1,0,"[""0"", ""1"", ""2"", ""3"", ""4""]","[0.8724546593438081, 0.1117781819834166, 0.01576258239581347, 4.549435561289861e-06, 2.684140073178918e-08]",
d1-omni,ood_yelp_rating,1221,rating,score,1,1,"[""0"", ""1"", ""2"", ""3"", ""4""]","[0.10106574502496915, 0.8782056322686085, 0.02072413255299729, 4.4820884527490175e-06, 8.064972384577634e-09]",
d1-omni,ood_yelp_rating,1225,rating,score,3,1,"[""0"", ""1"", ""2"", ""3"", ""4""]","[0.07345205478607045, 0.3542047232339766, 0.2917167775732029, 0.12577247267233518, 0.15485397173441484]",
d1-omni,ood_yelp_rating,1275,rating,score,2,3,"[""0"", ""1"", ""2"", ""3"", ""4""]","[1.0924883471587032e-06, 0.0005092757473817414, 0.06922372986763528, 0.7574230645553568, 0.172842837341279]",
d1-omni,ood_yelp_rating,1280,rating,score,4,4,"[""0"", ""1"", ""2"", ""3"", ""4""]","[1.583921430543897e-07, 5.2531230594255985e-09, 8.941202481656293e-05, 0.017324160102175103, 0.9825862642277423]",
d1-omni,ood_yelp_rating,1302,rating,score,3,4,"[""0"", ""1"", ""2"", ""3"", ""4""]","[5.043642873530451e-06, 2.0298718161978555e-06, 0.0006229929506124544, 0.0942839802152772, 0.9050859533194205]",
d1-omni,ood_yelp_rating,1334,rating,score,2,1,"[""0"", ""1"", ""2"", ""3"", ""4""]","[0.12685231380901874, 0.5257881900939296, 0.33947436371065254, 0.007398125323554884, 0.0004870070628442031]",
d1-omni,ood_yelp_rating,1355,rating,score,1,0,"[""0"", ""1"", ""2"", ""3"", ""4""]","[0.9800943699741715, 0.01415891324141989, 0.005726305355523131, 1.9938834949638418e-05, 4.7259393565162653e-07]",
d1-omni,ood_yelp_rating,1429,rating,score,1,0,"[""0"", ""1"", ""2"", ""3"", ""4""]","[0.65441405907519, 0.3348954228145151, 0.010660578728361979, 2.9306906673225166e-05, 6.324752597414055e-07]",
d1-omni,ood_yelp_rating,1551,rating,score,0,1,"[""0"", ""1"", ""2"", ""3"", ""4""]","[0.27592607164646377, 0.6862662545758443, 0.037791932016054505, 1.5727752022151308e-05, 1.4009615218184763e-08]",
d1-omni,ood_yelp_rating,1594,rating,score,3,4,"[""0"", ""1"", ""2"", ""3"", ""4""]","[6.355878246388739e-06, 3.343273692576666e-05, 0.013111117668296316, 0.4320657276555274, 0.5547833660610042]",
d1-omni,ood_yelp_rating,1708,rating,score,4,4,"[""0"", ""1"", ""2"", ""3"", ""4""]","[0.0012826868407889026, 0.0002185863967327408, 0.0012263412036581374, 0.030505362579411693, 0.9667670229794084]",
d1-omni,ood_yelp_rating,1744,rating,score,3,3,"[""0"", ""1"", ""2"", ""3"", ""4""]","[4.278473173304707e-06, 0.0016278285573560842, 0.11428687312254882, 0.8498495526673623, 0.034231467179559355]",
d1-omni,ood_yelp_rating,1761,rating,score,2,3,"[""0"", ""1"", ""2"", ""3"", ""4""]","[0.0005694519383910283, 0.01911724998020055, 0.41034469068366225, 0.5425576511470752, 0.027410956250670842]",
d1-omni,ood_yelp_rating,1809,rating,score,2,1,"[""0"", ""1"", ""2"", ""3"", ""4""]","[0.06462207846707738, 0.8929521553628744, 0.0405061694649843, 0.0019155433152234556, 4.053389840428494e-06]",
d1-omni,ood_yelp_rating,1948,rating,score,4,4,"[""0"", ""1"", ""2"", ""3"", ""4""]","[3.9069622676312163e-08, 6.492015635927297e-08, 0.0003196913745891258, 0.11139880048943697, 0.8882814041461949]",
d1-omni,ood_yelp_rating,1971,rating,score,1,1,"[""0"", ""1"", ""2"", ""3"", ""4""]","[0.060502755381173785, 0.9022009818990486, 0.03729173549918768, 4.524317833784378e-06, 2.902755914920343e-09]",
d1-omni,ood_yelp_rating,2114,rating,score,1,1,"[""0"", ""1"", ""2"", ""3"", ""4""]","[0.29691789003336033, 0.5720449194029933, 0.1104366598406766, 0.019612568417008917, 0.0009879623059608994]",
d1-omni,ood_yelp_rating,2128,rating,score,4,4,"[""0"", ""1"", ""2"", ""3"", ""4""]","[3.8851842030927634e-05, 7.271582610980865e-06, 0.0008587334930572642, 0.04813792277300154, 0.9509572203092993]",
d1-omni,ood_yelp_rating,2201,rating,score,1,2,"[""0"", ""1"", ""2"", ""3"", ""4""]","[0.00011530330960549565, 0.088445787700266, 0.5112119776764924, 0.3621497103473839, 0.03807722096625207]",
d1-omni,ood_yelp_rating,2215,rating,score,4,4,"[""0"", ""1"", ""2"", ""3"", ""4""]","[7.105853087598713e-05, 2.842701162882779e-06, 0.00022059244964279964, 0.01641395853243169, 0.9832915477858867]",
d1-omni,ood_yelp_rating,2224,rating,score,0,0,"[""0"", ""1"", ""2"", ""3"", ""4""]","[0.5248861914436128, 0.4714247383746823, 0.0033484365121194933, 0.00032767763086536463, 1.2956038720069784e-05]",
d1-omni,ood_yelp_rating,2254,rating,score,1,1,"[""0"", ""1"", ""2"", ""3"", ""4""]","[0.45821721155837175, 0.5233004223551818, 0.018152848038577897, 0.0003292499665362979, 2.680813322062401e-07]",
d1-omni,ood_yelp_rating,2275,rating,score,3,3,"[""0"", ""1"", ""2"", ""3"", ""4""]","[6.056239548892045e-09, 1.325589828023449e-07, 0.013659350679961418, 0.7970293767748297, 0.1893111339299866]",
d1-omni,ood_yelp_rating,2580,rating,score,1,2,"[""0"", ""1"", ""2"", ""3"", ""4""]","[0.00018479260462749453, 0.3054038911693302, 0.6936362833704182, 0.0007749725366977025, 6.031892648594885e-08]",
d1-omni,ood_yelp_rating,2593,rating,score,2,4,"[""0"", ""1"", ""2"", ""3"", ""4""]","[2.4768805476761015e-06, 9.90876202546986e-08, 0.0007557440910753218, 0.09078751438995031, 0.9084541655508064]",
d1-omni,ood_yelp_rating,2685,rating,score,0,0,"[""0"", ""1"", ""2"", ""3"", ""4""]","[0.9969693630927332, 0.002661629989999433, 0.00036875463428588597, 2.450544065262753e-07, 7.228574788996628e-09]",
d1-omni,ood_yelp_rating,2731,rating,score,0,1,"[""0"", ""1"", ""2"", ""3"", ""4""]","[0.4224344551816848, 0.5050943658742351, 0.07234062197003192, 0.00012493743274467854, 5.619541303495295e-06]",
d1-omni,ood_yelp_rating,2746,rating,score,4,3,"[""0"", ""1"", ""2"", ""3"", ""4""]","[1.191923748006768e-05, 0.0003336810817663901, 0.0213423727850695, 0.6743559843568088, 0.30395604253887515]",
d1-omni,ood_yelp_rating,2901,rating,score,0,0,"[""0"", ""1"", ""2"", ""3"", ""4""]","[0.9956371358078904, 0.004198104067371039, 0.00016405477397657964, 5.241942901243071e-07, 1.81156472006101e-07]",
d1-omni,ood_yelp_rating,2927,rating,score,4,4,"[""0"", ""1"", ""2"", ""3"", ""4""]","[1.565164245704422e-05, 4.203738462356802e-07, 0.0001944368436975349, 0.025329780281101045, 0.974459710858898]",
d1-omni,ood_yelp_rating,2993,rating,score,0,0,"[""0"", ""1"", ""2"", ""3"", ""4""]","[0.8983439579877219, 0.09778582847475317, 0.0038701270767421856, 4.926993389745044e-08, 3.7190848614078786e-08]",
d1-omni,ood_yelp_rating,3146,rating,score,1,1,"[""0"", ""1"", ""2"", ""3"", ""4""]","[0.0005130324038185638, 0.6526371921357151, 0.34661304455827524, 0.00023672556105969108, 5.341131447394413e-09]",
d1-omni,ood_yelp_rating,3195,rating,score,4,3,"[""0"", ""1"", ""2"", ""3"", ""4""]","[0.00014070755806245847, 0.009105517086332558, 0.10481629860880981, 0.7051845090934877, 0.18075296765330737]",
d1-omni,ood_yelp_rating,3229,rating,score,0,1,"[""0"", ""1"", ""2"", ""3"", ""4""]","[0.04409173481298535, 0.8376567950870931, 0.11799562031053709, 0.00024871122394961047, 7.138565434784824e-06]",
d1-omni,ood_yelp_rating,3282,rating,score,4,3,"[""0"", ""1"", ""2"", ""3"", ""4""]","[4.953609055741624e-05, 0.004926138175787151, 0.11934937869880807, 0.7752217538003804, 0.10045319323446689]",
d1-omni,ood_yelp_rating,3395,rating,score,4,4,"[""0"", ""1"", ""2"", ""3"", ""4""]","[5.4569043644452106e-05, 3.401533462773819e-05, 0.012136933058644762, 0.2385371053848352, 0.7492373771782478]",
d1-omni,ood_yelp_rating,3437,rating,score,0,0,"[""0"", ""1"", ""2"", ""3"", ""4""]","[0.9863191877459805, 0.013544982406842163, 0.00013579014078044532, 3.761708609882988e-08, 2.089310790394571e-09]",
d1-omni,ood_yelp_rating,3482,rating,score,4,3,"[""0"", ""1"", ""2"", ""3"", ""4""]","[8.274560519926552e-08, 1.1760506796137614e-07, 0.004380718179105644, 0.7425017262744207, 0.2531173551958006]",
d1-omni,ood_yelp_rating,3539,rating,score,0,0,"[""0"", ""1"", ""2"", ""3"", ""4""]","[0.766997475518322, 0.1478927436015534, 0.0645780185696125, 0.019389834388533117, 0.0011419279219788167]",
d1-omni,ood_yelp_rating,3552,rating,score,3,4,"[""0"", ""1"", ""2"", ""3"", ""4""]","[1.8611630909443028e-05, 6.1374654491237045e-06, 0.053095193049541994, 0.4000612081500561, 0.5468188497040434]",
d1-omni,ood_yelp_rating,3597,rating,score,0,0,"[""0"", ""1"", ""2"", ""3"", ""4""]","[0.9741139012482272, 0.023510993826524437, 0.002215749889525737, 0.00015894853503903243, 4.0650068359852204e-07]",
d1-omni,ood_yelp_rating,3601,rating,score,0,1,"[""0"", ""1"", ""2"", ""3"", ""4""]","[0.07740214395937307, 0.8892875278299407, 0.03318476018679249, 0.00012171612375152274, 3.851900142249788e-06]",
d1-omni,ood_yelp_rating,3605,rating,score,2,1,"[""0"", ""1"", ""2"", ""3"", ""4""]","[0.06317454582379364, 0.8735361483182609, 0.06327874720184765, 1.0027232527469362e-05, 5.314235702950315e-07]",
d1-omni,ood_yelp_rating,3618,rating,score,4,4,"[""0"", ""1"", ""2"", ""3"", ""4""]","[7.708771625711388e-07, 4.117544427995782e-08, 0.0011840403573457922, 0.23623593026255976, 0.7625792173274876]",
d1-omni,ood_yelp_rating,3791,rating,score,4,3,"[""0"", ""1"", ""2"", ""3"", ""4""]","[6.839360487548318e-06, 4.7474564017970356e-05, 0.044023105616177394, 0.4968551816663164, 0.4590673987930006]",
d1-omni,ood_yelp_rating,3869,rating,score,3,4,"[""0"", ""1"", ""2"", ""3"", ""4""]","[9.87682067264651e-06, 2.5123017917505817e-05, 0.004901136239897342, 0.4185234768151032, 0.5765403871064094]",
d1-omni,ood_yelp_rating,3876,rating,score,1,0,"[""0"", ""1"", ""2"", ""3"", ""4""]","[0.6738933705134499, 0.3065786560496568, 0.017697495964991896, 0.0017116975542872312, 0.0001187799176142509]",
d1-omni,ood_yelp_rating,3935,rating,score,0,0,"[""0"", ""1"", ""2"", ""3"", ""4""]","[0.9880024949121379, 0.011649409302551818, 0.0003480229495873517, 4.220105045904557e-08, 3.0634672525984376e-08]",
d1-omni,ood_yelp_rating,4017,rating,score,1,1,"[""0"", ""1"", ""2"", ""3"", ""4""]","[0.034016946269577006, 0.876452254205378, 0.08940416929638294, 0.0001265786074179731, 5.1621243985268285e-08]",
d1-omni,ood_yelp_rating,4078,rating,score,1,1,"[""0"", ""1"", ""2"", ""3"", ""4""]","[0.1310004796227914, 0.6226838550762911, 0.234275962176431, 0.011987247975264832, 5.2455149221692774e-05]",
d1-omni,ood_yelp_rating,4119,rating,score,2,2,"[""0"", ""1"", ""2"", ""3"", ""4""]","[2.4620464628735736e-08, 0.001981719570828927, 0.7726187649763953, 0.2252844783727509, 0.00011501245956020107]",
d1-omni,ood_yelp_rating,4147,rating,score,0,0,"[""0"", ""1"", ""2"", ""3"", ""4""]","[0.5542465204279525, 0.4358835429950069, 0.009867921283974778, 1.9902396661650364e-06, 2.505339962325203e-08]",
d1-omni,ood_yelp_rating,4244,rating,score,0,0,"[""0"", ""1"", ""2"", ""3"", ""4""]","[0.9516139173702662, 0.04574135780417015, 0.0024623793258943876, 0.00018047671211165046, 1.868787557552486e-06]",
d1-omni,ood_yelp_rating,4385,rating,score,3,3,"[""0"", ""1"", ""2"", ""3"", ""4""]","[0.00033080523760180476, 0.0005539944043281397, 0.05993360278586746, 0.48059478700171465, 0.458586810570488]",
d1-omni,ood_yelp_rating,4394,rating,score,4,3,"[""0"", ""1"", ""2"", ""3"", ""4""]","[0.009203470589833299, 0.010961461682529594, 0.07299434429001936, 0.7079365332601416, 0.1989041901774762]",
d1-omni,ood_yelp_rating,4464,rating,score,2,3,"[""0"", ""1"", ""2"", ""3"", ""4""]","[4.280488497522769e-05, 0.002986237467048503, 0.09937466829329583, 0.7816422473156249, 0.11595404203905547]",
d1-omni,ood_yelp_rating,4624,rating,score,0,1,"[""0"", ""1"", ""2"", ""3"", ""4""]","[0.4347699405950967, 0.5213687529292517, 0.03593289279848182, 0.007924300429900591, 4.11324726915076e-06]",
d1-omni,ood_yelp_rating,4672,rating,score,0,0,"[""0"", ""1"", ""2"", ""3"", ""4""]","[0.8965773009668055, 0.10010317048732235, 0.0032973372661738993, 1.603379972175157e-05, 6.15747997629618e-06]",
d1-omni,ood_yelp_rating,4684,rating,score,4,4,"[""0"", ""1"", ""2"", ""3"", ""4""]","[1.265619612053121e-06, 1.1705058744250737e-06, 0.0002469040403651608, 0.02087900618118167, 0.9788716536529668]",
d1-omni,ood_yelp_rating,4812,rating,score,1,1,"[""0"", ""1"", ""2"", ""3"", ""4""]","[0.06552392425217857, 0.919222820001033, 0.015239930491604256, 1.3312533158748023e-05, 1.272202544185345e-08]",
d1-omni,ood_yelp_rating,4823,rating,score,2,2,"[""0"", ""1"", ""2"", ""3"", ""4""]","[0.0010218109848689684, 0.10083910542244902, 0.8692845744455319, 0.02437240690980607, 0.004482102237343975]",
d1-omni,ood_yelp_rating,4830,rating,score,3,4,"[""0"", ""1"", ""2"", ""3"", ""4""]","[4.5859411263434714e-05, 0.00012368874601075997, 0.00465045967084361, 0.38489924585654817, 0.610280746315334]",
d1-omni,ood_yelp_rating,4839,rating,score,0,0,"[""0"", ""1"", ""2"", ""3"", ""4""]","[0.9798085040202418, 0.01957534735251584, 0.0006021947874360307, 1.3942706976785492e-05, 1.1132829742630467e-08]",
d1-omni,ood_yelp_rating,4874,rating,score,4,3,"[""0"", ""1"", ""2"", ""3"", ""4""]","[0.0025676151147447234, 0.009804302792664395, 0.14465469811358952, 0.4619055270298374, 0.38106785694916406]",
d1-omni,ood_yelp_rating,4886,rating,score,0,0,"[""0"", ""1"", ""2"", ""3"", ""4""]","[0.6946906454189689, 0.2924320363107729, 0.011767498426226278, 0.0011096154776107905, 2.0436642124356007e-07]",
d1-omni,ood_yelp_rating,4930,rating,score,1,1,"[""0"", ""1"", ""2"", ""3"", ""4""]","[0.010851708607162123, 0.575377229135509, 0.39855211368201227, 0.013115248786980413, 0.002103699788336064]",
d1-omni,ood_yelp_rating,4989,rating,score,1,1,"[""0"", ""1"", ""2"", ""3"", ""4""]","[0.4139719540938, 0.5815181129668823, 0.004509863654036241, 6.621257557024318e-08, 3.07270584667191e-09]",
d1-omni,ood_yelp_rating,5097,rating,score,2,2,"[""0"", ""1"", ""2"", ""3"", ""4""]","[0.0006374756839212898, 0.3311894810867335, 0.6145281227949715, 0.05364446416515436, 4.5626921939634145e-07]",
d1-omni,ood_yelp_rating,5099,rating,score,1,0,"[""0"", ""1"", ""2"", ""3"", ""4""]","[0.6453157315842888, 0.33642403965763623, 0.018039993990017184, 0.00021563533463993934, 4.599433417937038e-06]",
d1-omni,ood_yelp_rating,5181,rating,score,0,0,"[""0"", ""1"", ""2"", ""3"", ""4""]","[0.8955681322919208, 0.07496261294193421, 0.02921279145738454, 0.0002557193455914008, 7.43963169181467e-07]",
d1-omni,ood_yelp_rating,5220,rating,score,4,3,"[""0"", ""1"", ""2"", ""3"", ""4""]","[4.014066375602949e-05, 0.0013397030398125827, 0.14415865120530652, 0.5511345866167228, 0.3033269184744021]",
d1-omni,ood_yelp_rating,5244,rating,score,2,1,"[""0"", ""1"", ""2"", ""3"", ""4""]","[0.11934067549054567, 0.7994787424928715, 0.08117490992557092, 5.664919090074113e-06, 7.1719219815046936e-09]",
d1-omni,ood_yelp_rating,5256,rating,score,0,0,"[""0"", ""1"", ""2"", ""3"", ""4""]","[0.7779766345504476, 0.2090830984934185, 0.012440462891316104, 0.0004976808573598125, 2.1232074578295787e-06]",
d1-omni,ood_yelp_rating,5272,rating,score,1,1,"[""0"", ""1"", ""2"", ""3"", ""4""]","[0.23524087549003542, 0.7050482437573595, 0.05936215594504265, 0.0003448035512168213, 3.9212563453898295e-06]",
d1-omni,ood_yelp_rating,5288,rating,score,0,1,"[""0"", ""1"", ""2"", ""3"", ""4""]","[0.018326232636216997, 0.9487175689871703, 0.032954431259919835, 1.7570690222821797e-06, 1.0047670374346794e-08]",
d1-omni,ood_yelp_rating,5303,rating,score,2,2,"[""0"", ""1"", ""2"", ""3"", ""4""]","[1.7780973960947979e-06, 0.024640961022517536, 0.956328459855569, 0.01902247244855571, 6.328575961759573e-06]",
d1-omni,ood_yelp_rating,5397,rating,score,3,3,"[""0"", ""1"", ""2"", ""3"", ""4""]","[2.9003994150894436e-06, 0.0028847465111662097, 0.08605140913741975, 0.8598025962385197, 0.05125834771347933]",
d1-omni,ood_yelp_rating,5409,rating,score,0,1,"[""0"", ""1"", ""2"", ""3"", ""4""]","[0.10430129979444697, 0.8244088484569033, 0.07047047476186181, 0.0008192252170507026, 1.5176973722060712e-07]",
d1-omni,ood_yelp_rating,5422,rating,score,1,2,"[""0"", ""1"", ""2"", ""3"", ""4""]","[0.003497205575817525, 0.3450747949653745, 0.6421711313908464, 0.009249970259636949, 6.8978083246139815e-06]",
d1-omni,ood_yelp_rating,5445,rating,score,0,2,"[""0"", ""1"", ""2"", ""3"", ""4""]","[0.2526207455823802, 0.10551385760102705, 0.3850125598331893, 0.14074196410293346, 0.11611087288046998]",
d1-omni,ood_yelp_rating,5517,rating,score,4,4,"[""0"", ""1"", ""2"", ""3"", ""4""]","[9.291068485692664e-07, 5.579720570739956e-08, 0.002544036597883237, 0.1703497783278077, 0.8271052001702548]",
d1-omni,ood_yelp_rating,5563,rating,score,4,4,"[""0"", ""1"", ""2"", ""3"", ""4""]","[2.553050511533325e-06, 1.2938222978494196e-06, 0.0036408911718909137, 0.22459501048204986, 0.7717602514732499]",
d1-omni,ood_yelp_rating,5671,rating,score,4,4,"[""0"", ""1"", ""2"", ""3"", ""4""]","[6.14296331480871e-07, 1.3843386223998622e-06, 0.001534507915305371, 0.07546866629167015, 0.9229948271580707]",
d1-omni,ood_yelp_rating,5715,rating,score,0,0,"[""0"", ""1"", ""2"", ""3"", ""4""]","[0.9608918163652951, 0.0378076013456706, 0.0013000370232979857, 5.427522917687084e-07, 2.513444584958533e-09]",
d1-omni,ood_yelp_rating,5755,rating,score,1,0,"[""0"", ""1"", ""2"", ""3"", ""4""]","[0.9652311529714636, 0.03238955907147627, 0.002337144112241859, 4.206039835309918e-05, 8.344646516441117e-08]",
d1-omni,ood_yelp_rating,5775,rating,score,3,4,"[""0"", ""1"", ""2"", ""3"", ""4""]","[1.70702470059859e-06, 2.9896295117695427e-07, 0.0016928454117202, 0.36235407089013116, 0.6359510777104969]",
d1-omni,ood_yelp_rating,5909,rating,score,4,4,"[""0"", ""1"", ""2"", ""3"", ""4""]","[0.0001890696755737801, 0.00023347009611407706, 0.04630199512258878, 0.40913641112677385, 0.5441390539789496]",
d1-omni,ood_yelp_rating,5910,rating,score,2,3,"[""0"", ""1"", ""2"", ""3"", ""4""]","[2.9227259972489404e-07, 7.961508592383917e-06, 0.024380234879113446, 0.9573123691370685, 0.01829914220262586]",
d1-omni,ood_yelp_rating,5980,rating,score,1,2,"[""0"", ""1"", ""2"", ""3"", ""4""]","[9.774142849437534e-05, 0.10552470139569663, 0.8749610180323592, 0.019415542749502863, 9.963939468235265e-07]",
d1-omni,ood_yelp_rating,6003,rating,score,1,0,"[""0"", ""1"", ""2"", ""3"", ""4""]","[0.6202974854852333, 0.3611103870037874, 0.017605082251316493, 0.0009697293458064328, 1.7315913856387847e-05]",
d1-omni,ood_yelp_rating,6097,rating,score,3,4,"[""0"", ""1"", ""2"", ""3"", ""4""]","[9.067738686665078e-07, 2.6860615923948194e-06, 0.025935516190775002, 0.35995699617439764, 0.6141038947993662]",
d1-omni,ood_yelp_rating,6101,rating,score,1,0,"[""0"", ""1"", ""2"", ""3"", ""4""]","[0.9503408376818269, 0.04738404489891743, 0.0022742820042442394, 8.15320337780443e-07, 2.0094673650419048e-08]",
d1-omni,ood_yelp_rating,6257,rating,score,4,3,"[""0"", ""1"", ""2"", ""3"", ""4""]","[2.425631572887148e-05, 0.006582650204288949, 0.06497405989824484, 0.7175506373110871, 0.21086839627065013]",
d1-omni,ood_yelp_rating,6426,rating,score,3,3,"[""0"", ""1"", ""2"", ""3"", ""4""]","[1.0099577078151734e-06, 2.5643314381757215e-05, 0.03931037912664991, 0.722430648547431, 0.23823231905382952]",
d1-omni,ood_yelp_rating,6470,rating,score,2,2,"[""0"", ""1"", ""2"", ""3"", ""4""]","[0.009746617539343944, 0.23729479688350408, 0.7316335529231179, 0.02041312853888759, 0.000911904115146466]",
d1-omni,ood_yelp_rating,6472,rating,score,4,2,"[""0"", ""1"", ""2"", ""3"", ""4""]","[0.008335408957270862, 0.11163554213081628, 0.4428225472197277, 0.2678324458965189, 0.16937405579566625]",
d1-omni,ood_yelp_rating,6482,rating,score,0,1,"[""0"", ""1"", ""2"", ""3"", ""4""]","[0.39853065125837456, 0.5647693032432737, 0.03635214074024189, 0.00034778854294546216, 1.162151642741025e-07]",
d1-omni,ood_yelp_rating,6516,rating,score,1,0,"[""0"", ""1"", ""2"", ""3"", ""4""]","[0.5684765218711672, 0.41671952269394935, 0.014798450153572992, 5.45224535946215e-06, 5.3035951111158404e-08]",
d1-omni,ood_yelp_rating,6521,rating,score,1,1,"[""0"", ""1"", ""2"", ""3"", ""4""]","[0.007525006241909562, 0.8921396839848783, 0.09985120909153383, 0.00048388479409006044, 2.1588758831624295e-07]",
d1-omni,ood_yelp_rating,6603,rating,score,3,3,"[""0"", ""1"", ""2"", ""3"", ""4""]","[2.2493446749148353e-07, 7.641501789642866e-05, 0.07192272193071099, 0.8315953908801101, 0.096405247236815]",
d1-omni,ood_yelp_rating,6727,rating,score,3,3,"[""0"", ""1"", ""2"", ""3"", ""4""]","[2.835090573538914e-08, 1.4708251709368199e-08, 0.00594799489690536, 0.5688410155700506, 0.4252109464738865]",
d1-omni,ood_yelp_rating,6894,rating,score,0,0,"[""0"", ""1"", ""2"", ""3"", ""4""]","[0.9562360555844625, 0.04238497160001083, 0.0013744902384687197, 2.648213949995195e-06, 1.8343631079997166e-06]",
d1-omni,ood_yelp_rating,6899,rating,score,2,1,"[""0"", ""1"", ""2"", ""3"", ""4""]","[0.013838896398145523, 0.8561824108475147, 0.12866598411100139, 0.0013074890170035958, 5.21962633482234e-06]",
d1-omni,ood_yelp_rating,6924,rating,score,1,1,"[""0"", ""1"", ""2"", ""3"", ""4""]","[0.0509567566681039, 0.5454346218443706, 0.3957981171828131, 0.006619117392156951, 0.001191386912555474]",
d1-omni,ood_yelp_rating,6971,rating,score,1,0,"[""0"", ""1"", ""2"", ""3"", ""4""]","[0.6397878159080145, 0.33846402850601354, 0.02157397899581658, 0.000173130904438064, 1.0456857174037986e-06]",
d1-omni,ood_yelp_rating,6979,rating,score,0,0,"[""0"", ""1"", ""2"", ""3"", ""4""]","[0.9978048948315508, 0.002058471918287631, 0.00013056961524777368, 6.059298000372378e-06, 4.336913499063546e-09]",
d1-omni,ood_yelp_rating,7050,rating,score,4,4,"[""0"", ""1"", ""2"", ""3"", ""4""]","[6.54282391749738e-06, 3.6989763614594974e-06, 0.0018463141912532226, 0.08195420633819281, 0.916189237670275]",
d1-omni,ood_yelp_rating,7054,rating,score,2,2,"[""0"", ""1"", ""2"", ""3"", ""4""]","[9.936162630456968e-05, 0.013853123111599818, 0.8487334404394353, 0.1352102751727624, 0.0021037996498978334]",
d1-omni,ood_yelp_rating,7087,rating,score,3,3,"[""0"", ""1"", ""2"", ""3"", ""4""]","[7.002342923485219e-05, 0.0035566127710874077, 0.27734285558117294, 0.5076267890139355, 0.21140371920456927]",
d1-omni,ood_yelp_rating,7104,rating,score,2,2,"[""0"", ""1"", ""2"", ""3"", ""4""]","[9.449427571481652e-05, 0.07267865990082292, 0.9272195836628826, 7.258208415723449e-06, 3.952163879568708e-09]",
d1-omni,ood_yelp_rating,7117,rating,score,3,3,"[""0"", ""1"", ""2"", ""3"", ""4""]","[2.408123051650858e-06, 0.001939633569372372, 0.14503166814066012, 0.8010605489896745, 0.051965741177241294]",
d1-omni,ood_yelp_rating,7141,rating,score,0,1,"[""0"", ""1"", ""2"", ""3"", ""4""]","[0.09057438204253683, 0.6986432936631686, 0.20854522279533366, 0.002236695935997168, 4.0556296382918606e-07]",
d1-omni,ood_yelp_rating,7148,rating,score,2,0,"[""0"", ""1"", ""2"", ""3"", ""4""]","[0.5069807373430587, 0.45667901645795045, 0.03620918274279341, 0.00013103781558223914, 2.5640615263052267e-08]",
d1-omni,ood_yelp_rating,7237,rating,score,0,0,"[""0"", ""1"", ""2"", ""3"", ""4""]","[0.9457581836990819, 0.04873564500757744, 0.005504149563577849, 2.0160670499599067e-06, 5.662712584644243e-09]",
d1-omni,ood_yelp_rating,7244,rating,score,3,3,"[""0"", ""1"", ""2"", ""3"", ""4""]","[9.450296628735105e-07, 2.9399010220625542e-05, 0.013166788754423633, 0.6681120161321201, 0.31869085107357287]",
d1-omni,ood_yelp_rating,7291,rating,score,2,2,"[""0"", ""1"", ""2"", ""3"", ""4""]","[3.1534086606870884e-06, 0.16711103420930937, 0.8137606255118442, 0.019081825141190025, 4.33617289956088e-05]",
d1-omni,ood_yelp_rating,7302,rating,score,1,2,"[""0"", ""1"", ""2"", ""3"", ""4""]","[4.924415258244345e-06, 0.2336978988362695, 0.7662660501324399, 3.112330495412455e-05, 3.311078206768119e-09]",
d1-omni,ood_yelp_rating,7396,rating,score,0,1,"[""0"", ""1"", ""2"", ""3"", ""4""]","[0.06734244147052829, 0.8966428382907362, 0.034970929155891735, 0.0010437275677972165, 6.351504644137704e-08]",
d1-omni,ood_yelp_rating,7484,rating,score,1,0,"[""0"", ""1"", ""2"", ""3"", ""4""]","[0.7610075871540861, 0.2339145294087939, 0.00507779552046257, 8.547295795371118e-08, 2.443699566128891e-09]",
d1-omni,ood_yelp_rating,7525,rating,score,0,0,"[""0"", ""1"", ""2"", ""3"", ""4""]","[0.8560268791937988, 0.100260389837803, 0.042660708651364336, 0.0010493802008419363, 2.6421161917953636e-06]",
d1-omni,ood_yelp_rating,7557,rating,score,4,4,"[""0"", ""1"", ""2"", ""3"", ""4""]","[1.7388121330034175e-05, 2.072970789448027e-05, 0.008594795590131122, 0.16617993490821314, 0.8251871516724312]",
d1-omni,ood_yelp_rating,7589,rating,score,2,1,"[""0"", ""1"", ""2"", ""3"", ""4""]","[0.000818126655764096, 0.518237553989756, 0.4806976410523354, 0.0002466075414831596, 7.076066124987221e-08]",
d1-omni,ood_yelp_rating,7664,rating,score,3,3,"[""0"", ""1"", ""2"", ""3"", ""4""]","[5.864192496646536e-06, 0.00021162209883745584, 0.046011110828883976, 0.6624036727464645, 0.29136773013331735]",
d1-omni,ood_yelp_rating,7836,rating,score,4,4,"[""0"", ""1"", ""2"", ""3"", ""4""]","[4.902412371423141e-08, 6.686720704460536e-09, 0.0006422810825043069, 0.23777706895649547, 0.7615805942501559]",
d1-omni,ood_yelp_rating,7974,rating,score,3,4,"[""0"", ""1"", ""2"", ""3"", ""4""]","[4.464196462661051e-05, 5.937250067570525e-05, 0.0038495286392023747, 0.1467272790390444, 0.8493191778564508]",
d1-omni,ood_yelp_rating,8048,rating,score,4,4,"[""0"", ""1"", ""2"", ""3"", ""4""]","[4.435878289228708e-06, 3.3817404684682817e-05, 0.013249016725583646, 0.3763814824572805, 0.6103312475341619]",
d1-omni,ood_yelp_rating,8053,rating,score,0,1,"[""0"", ""1"", ""2"", ""3"", ""4""]","[0.23691444208085216, 0.734753521269474, 0.028034105892135494, 0.00029789567782110703, 3.507971712542461e-08]",
d1-omni,ood_yelp_rating,8073,rating,score,0,0,"[""0"", ""1"", ""2"", ""3"", ""4""]","[0.9999401787733453, 5.6497744863318206e-05, 3.2757411864675736e-06, 3.2747642146573925e-08, 1.49929628493727e-08]",
d1-omni,ood_yelp_rating,8076,rating,score,1,1,"[""0"", ""1"", ""2"", ""3"", ""4""]","[0.10447757588342287, 0.8790618379159215, 0.016450227229377123, 1.0329956559498044e-05, 2.9014718944378726e-08]",
d1-omni,ood_yelp_rating,8080,rating,score,1,0,"[""0"", ""1"", ""2"", ""3"", ""4""]","[0.7633749529698932, 0.2337274261533016, 0.0028129495659901765, 8.362679780518706e-05, 1.0445130097724218e-06]",
d1-omni,ood_yelp_rating,8094,rating,score,1,0,"[""0"", ""1"", ""2"", ""3"", ""4""]","[0.7093447852241005, 0.2871614451044852, 0.003493363999777457, 3.8834044997502326e-07, 1.733118695144725e-08]",
d1-omni,ood_yelp_rating,8097,rating,score,4,3,"[""0"", ""1"", ""2"", ""3"", ""4""]","[5.487974674117598e-07, 1.707258878937146e-05, 0.021475797445742104, 0.5397184830093562, 0.4387880981586448]",
d1-omni,ood_yelp_rating,8154,rating,score,1,1,"[""0"", ""1"", ""2"", ""3"", ""4""]","[0.037414397609051915, 0.9527574664673439, 0.009827074664092062, 1.0577859459128766e-06, 3.4735661014617977e-09]",
d1-omni,ood_yelp_rating,8182,rating,score,1,1,"[""0"", ""1"", ""2"", ""3"", ""4""]","[0.01914525001773248, 0.7212319404536214, 0.2579176683603663, 0.0016827244009299679, 2.24167673500017e-05]",
d1-omni,ood_yelp_rating,8250,rating,score,0,0,"[""0"", ""1"", ""2"", ""3"", ""4""]","[0.9110177140646883, 0.08759864651457198, 0.0013817508275379994, 1.8458558495644147e-06, 4.273735207409817e-08]",
d1-omni,ood_yelp_rating,8297,rating,score,1,1,"[""0"", ""1"", ""2"", ""3"", ""4""]","[0.4771941553148717, 0.5000952225435752, 0.02260381460073239, 0.00010601377171174575, 7.937691090651141e-07]",
d1-omni,ood_yelp_rating,8420,rating,score,3,4,"[""0"", ""1"", ""2"", ""3"", ""4""]","[1.463270709268425e-06, 1.0851254079665167e-07, 0.0003285653486449933, 0.07597012284793728, 0.9236997400201676]",
d1-omni,ood_yelp_rating,8464,rating,score,1,0,"[""0"", ""1"", ""2"", ""3"", ""4""]","[0.8824715061819653, 0.11407179726402797, 0.0034547765370640904, 1.862877081364424e-06, 5.713986131034954e-08]",
d1-omni,ood_yelp_rating,8477,rating,score,0,0,"[""0"", ""1"", ""2"", ""3"", ""4""]","[0.8214808616267019, 0.16136475546820214, 0.016949683287992165, 0.00020439112478031437, 3.0849232357091147e-07]",
d1-omni,ood_yelp_rating,8503,rating,score,4,4,"[""0"", ""1"", ""2"", ""3"", ""4""]","[0.001027549244552946, 0.00019496535189362913, 0.0070151699074975735, 0.17535718284635127, 0.8164051326497046]",
d1-omni,ood_yelp_rating,8537,rating,score,2,2,"[""0"", ""1"", ""2"", ""3"", ""4""]","[0.00262096978288512, 0.33828747235831846, 0.6495240105313534, 0.00953109852569382, 3.644880174902897e-05]",
d1-omni,ood_yelp_rating,8623,rating,score,3,3,"[""0"", ""1"", ""2"", ""3"", ""4""]","[0.0002603653263020077, 0.012668221662375505, 0.09233514523122768, 0.8898474613174483, 0.004888806462646566]",
d1-omni,ood_yelp_rating,8660,rating,score,4,4,"[""0"", ""1"", ""2"", ""3"", ""4""]","[6.938526433315282e-08, 3.6563510895254465e-08, 0.001691688541565624, 0.12711133723634396, 0.8711968682733151]",
d1-omni,ood_yelp_rating,8727,rating,score,4,4,"[""0"", ""1"", ""2"", ""3"", ""4""]","[0.00902628418375087, 0.017672606710247465, 0.04158455334226696, 0.38193788946865803, 0.5497786662950767]",
d1-omni,ood_yelp_rating,8752,rating,score,2,3,"[""0"", ""1"", ""2"", ""3"", ""4""]","[1.4761729241766728e-07, 1.0635646868573465e-05, 0.03251178168662545, 0.7651329858562521, 0.20234444919296143]",
d1-omni,ood_yelp_rating,8753,rating,score,1,1,"[""0"", ""1"", ""2"", ""3"", ""4""]","[0.00977294557374048, 0.9237542749748652, 0.06639578655301967, 7.698594743109958e-05, 6.9509435642368635e-09]",
d1-omni,ood_yelp_rating,8779,rating,score,1,2,"[""0"", ""1"", ""2"", ""3"", ""4""]","[3.243576781947788e-05, 0.01661044893443285, 0.9227571318725476, 0.058673895975753815, 0.001926087449446176]",
d1-omni,ood_yelp_rating,8902,rating,score,0,1,"[""0"", ""1"", ""2"", ""3"", ""4""]","[0.2684533336474259, 0.7268868754791891, 0.004659769783391305, 1.832355196978093e-08, 2.7664418080808345e-09]",
d1-omni,ood_yelp_rating,8955,rating,score,2,1,"[""0"", ""1"", ""2"", ""3"", ""4""]","[0.29999104943824995, 0.5426834086533994, 0.15262309979958805, 0.0046951306896581575, 7.311419104507812e-06]",
d1-omni,ood_yelp_rating,8965,rating,score,4,3,"[""0"", ""1"", ""2"", ""3"", ""4""]","[1.1095435933495885e-05, 0.00011743780815649587, 0.010662126871645984, 0.833255604437084, 0.1559537354471799]",
d1-omni,ood_yelp_rating,9032,rating,score,0,0,"[""0"", ""1"", ""2"", ""3"", ""4""]","[0.9865444765031098, 0.01314889045171532, 0.00030548049239554454, 1.1478617326025063e-06, 4.691046612697183e-09]",
d1-omni,ood_yelp_rating,9165,rating,score,4,3,"[""0"", ""1"", ""2"", ""3"", ""4""]","[4.5027796033678177e-07, 0.0004133836080249227, 0.11733794108304457, 0.660880816838552, 0.22136740819241824]",
d1-omni,ood_yelp_rating,9188,rating,score,1,0,"[""0"", ""1"", ""2"", ""3"", ""4""]","[0.7190103974385621, 0.2761225002952725, 0.0048636143891965435, 3.481104153646931e-06, 6.772815007080043e-09]",
d1-omni,ood_yelp_rating,9285,rating,score,1,1,"[""0"", ""1"", ""2"", ""3"", ""4""]","[0.37748976199649326, 0.5439067781400098, 0.07780437197341625, 0.000798787785399369, 3.001046814111394e-07]",
d1-omni,ood_yelp_rating,9367,rating,score,3,2,"[""0"", ""1"", ""2"", ""3"", ""4""]","[0.00028311624216973775, 0.10062422677497486, 0.7024037176530715, 0.18978935260497665, 0.006899586724807123]",
d1-omni,ood_yelp_rating,9392,rating,score,3,2,"[""0"", ""1"", ""2"", ""3"", ""4""]","[7.040607895010611e-07, 0.023838114141792096, 0.7501405006810498, 0.2256733491119347, 0.00034733200443397456]",
d1-omni,ood_yelp_rating,9395,rating,score,0,0,"[""0"", ""1"", ""2"", ""3"", ""4""]","[0.5571241357460386, 0.40472511075029927, 0.03809834506006301, 5.235682085770215e-05, 5.162274151921379e-08]",
d1-omni,ood_yelp_rating,9440,rating,score,2,3,"[""0"", ""1"", ""2"", ""3"", ""4""]","[4.3781935538814474e-05, 0.025362779086891166, 0.4764621351004522, 0.480199017265755, 0.017932286611362955]",
d1-omni,ood_yelp_rating,9545,rating,score,0,0,"[""0"", ""1"", ""2"", ""3"", ""4""]","[0.9948976253524023, 0.004795503315720743, 0.0003068657037135024, 4.240633534758417e-09, 1.3875298956705615e-09]",
d1-omni,ood_yelp_rating,9585,rating,score,4,4,"[""0"", ""1"", ""2"", ""3"", ""4""]","[2.613235310000597e-05, 2.8752587227590226e-06, 0.0008129535855037754, 0.0971369685062172, 0.9020210702964563]",
d1-omni,ood_yelp_rating,9687,rating,score,1,1,"[""0"", ""1"", ""2"", ""3"", ""4""]","[0.32137173484104864, 0.6391239194071835, 0.03633969695901829, 0.0030957190420366726, 6.892975071292922e-05]",
d1-omni,ood_yelp_rating,9803,rating,score,1,2,"[""0"", ""1"", ""2"", ""3"", ""4""]","[0.0056195669988470765, 0.20062750466335186, 0.7235464757558234, 0.06641888756133278, 0.0037875650206448635]",
d1-omni,ood_yelp_rating,9825,rating,score,0,1,"[""0"", ""1"", ""2"", ""3"", ""4""]","[0.23491736260247834, 0.6564336927073346, 0.10757925703389495, 0.0009118496214897299, 0.00015783803480241381]",
d1-omni,ood_yelp_rating,9826,rating,score,1,1,"[""0"", ""1"", ""2"", ""3"", ""4""]","[0.06027973543146171, 0.9192938132290469, 0.019574748956608403, 0.0008514884466398966, 2.1393624295377307e-07]",
d1-omni,ood_yelp_rating,9833,rating,score,2,1,"[""0"", ""1"", ""2"", ""3"", ""4""]","[0.04532911093282481, 0.7887069027588058, 0.16499938659231528, 0.0009555903225260941, 9.009393528195683e-06]",
d1-omni,ood_yelp_rating,9911,rating,score,3,4,"[""0"", ""1"", ""2"", ""3"", ""4""]","[2.6468733479122363e-06, 4.288558480933873e-05, 0.012007672236252268, 0.18312247389496827, 0.8048243214106222]",
d1-omni,ood_yelp_rating,9962,rating,score,3,4,"[""0"", ""1"", ""2"", ""3"", ""4""]","[4.363493850833965e-06, 9.756764692576309e-06, 0.01800616142448722, 0.3515647407633129, 0.6304149775536564]",
d1-omni,ood_yelp_rating,9978,rating,score,3,4,"[""0"", ""1"", ""2"", ""3"", ""4""]","[0.00032465426462898226, 7.681155726156017e-05, 0.016602882050385775, 0.18380462256833902, 0.7991910295593847]",
d1-omni,ood_yelp_rating,10069,rating,score,2,1,"[""0"", ""1"", ""2"", ""3"", ""4""]","[0.28008736419161234, 0.6686219692174259, 0.04930577081120478, 0.001983585296986903, 1.3104827701351716e-06]",
d1-omni,ood_yelp_rating,10078,rating,score,0,0,"[""0"", ""1"", ""2"", ""3"", ""4""]","[0.9892018957637982, 0.010521715752508957, 0.0002761820991034935, 1.8642598151525868e-07, 1.9958607885837483e-08]",
d1-omni,ood_yelp_rating,10257,rating,score,3,3,"[""0"", ""1"", ""2"", ""3"", ""4""]","[5.197021719757553e-07, 2.1004138272027994e-05, 0.001473942857337866, 0.9129234455790246, 0.08558108772319349]",
d1-omni,ood_yelp_rating,10433,rating,score,0,1,"[""0"", ""1"", ""2"", ""3"", ""4""]","[0.23706201568561588, 0.7266455738748122, 0.03626598234033307, 2.6404579112925146e-05, 2.3520125718277376e-08]",
d1-omni,ood_yelp_rating,10457,rating,score,4,3,"[""0"", ""1"", ""2"", ""3"", ""4""]","[0.0001450887835726494, 0.0018200942548470796, 0.041374610928924326, 0.7033955477182842, 0.2532646583143717]",
d1-omni,ood_yelp_rating,10579,rating,score,1,2,"[""0"", ""1"", ""2"", ""3"", ""4""]","[0.0013288517112188564, 0.3248418844576505, 0.6574815169330108, 0.0163475969961604, 1.4990195938584844e-07]",
d1-omni,ood_yelp_rating,10588,rating,score,2,2,"[""0"", ""1"", ""2"", ""3"", ""4""]","[0.013719647464693478, 0.2022990144957456, 0.7754913362848326, 0.008489655920256895, 3.458344713180726e-07]",
d1-omni,ood_yelp_rating,10592,rating,score,1,1,"[""0"", ""1"", ""2"", ""3"", ""4""]","[0.13222732987335167, 0.6854190096688576, 0.17483095595684905, 0.007481640607416417, 4.106389352528753e-05]",
d1-omni,ood_yelp_rating,10604,rating,score,2,2,"[""0"", ""1"", ""2"", ""3"", ""4""]","[0.010194276959334067, 0.16420627344572072, 0.8114148678422273, 0.014132631610441425, 5.195014227643871e-05]",
d1-omni,ood_yelp_rating,10714,rating,score,3,4,"[""0"", ""1"", ""2"", ""3"", ""4""]","[0.008046486557116718, 0.03569397759361399, 0.12501075979202425, 0.40710204301515185, 0.42414673304209305]",
d1-omni,ood_yelp_rating,10736,rating,score,0,0,"[""0"", ""1"", ""2"", ""3"", ""4""]","[0.6614983232873431, 0.33457689800535273, 0.00392190581330753, 2.8208236398348196e-06, 5.2070356728053495e-08]",
d1-omni,ood_yelp_rating,10739,rating,score,1,1,"[""0"", ""1"", ""2"", ""3"", ""4""]","[0.18363684436070235, 0.8102437339261267, 0.006118692518370579, 7.284876636532728e-07, 7.071366653809823e-10]",
d1-omni,ood_yelp_rating,10774,rating,score,0,1,"[""0"", ""1"", ""2"", ""3"", ""4""]","[0.3550374806946075, 0.5822222481039373, 0.06239303854163401, 0.0003471657818363328, 6.687798481706179e-08]",
d1-omni,ood_yelp_rating,10794,rating,score,3,2,"[""0"", ""1"", ""2"", ""3"", ""4""]","[9.175093615200893e-07, 0.0148144753665043, 0.5897430092875138, 0.3879924097206123, 0.007449188116008131]",
d1-omni,ood_yelp_rating,10807,rating,score,1,0,"[""0"", ""1"", ""2"", ""3"", ""4""]","[0.7523599818226231, 0.23929740477809042, 0.008341656185631744, 8.255658478892447e-07, 1.3164780693864774e-07]",
d1-omni,ood_yelp_rating,10841,rating,score,1,0,"[""0"", ""1"", ""2"", ""3"", ""4""]","[0.6568870422001926, 0.2851568523078892, 0.05689588589819228, 0.0010595291062578365, 6.904874681710976e-07]",
d1-omni,ood_yelp_rating,10893,rating,score,1,1,"[""0"", ""1"", ""2"", ""3"", ""4""]","[0.19780072853376732, 0.6237175836251049, 0.15225266743071444, 0.025945810753229694, 0.00028320965718373834]",
d1-omni,ood_yelp_rating,10971,rating,score,0,0,"[""0"", ""1"", ""2"", ""3"", ""4""]","[0.6775513261695888, 0.2729546481641231, 0.04928822382382948, 0.00020574372242816217, 5.812003051121725e-08]",
d1-omni,ood_yelp_rating,11074,rating,score,3,2,"[""0"", ""1"", ""2"", ""3"", ""4""]","[0.007276806628260145, 0.2870041487289816, 0.5837411550379278, 0.0835229633786612, 0.03845492622616924]",
d1-omni,ood_yelp_rating,11076,rating,score,4,4,"[""0"", ""1"", ""2"", ""3"", ""4""]","[1.5148348808259084e-06, 2.7167596644317095e-05, 0.004372452040698823, 0.07238253305087394, 0.9232163324769022]",
d1-omni,ood_yelp_rating,11141,rating,score,3,4,"[""0"", ""1"", ""2"", ""3"", ""4""]","[3.329117167553347e-05, 3.4679818194710688e-06, 0.004641498643558962, 0.22983941074846126, 0.7654823314544847]",
d1-omni,ood_yelp_rating,11205,rating,score,3,3,"[""0"", ""1"", ""2"", ""3"", ""4""]","[8.847945888292776e-06, 0.0012050164334244527, 0.055132282408103826, 0.7692972467568445, 0.17435660645573892]",
d1-omni,ood_yelp_rating,11402,rating,score,4,3,"[""0"", ""1"", ""2"", ""3"", ""4""]","[2.88110845986841e-07, 8.339264788596052e-05, 0.1170820605181419, 0.7808131681126114, 0.10202109061051483]",
d1-omni,ood_yelp_rating,11414,rating,score,3,4,"[""0"", ""1"", ""2"", ""3"", ""4""]","[4.583392430297822e-05, 4.936507227816357e-05, 0.0016395427236073471, 0.07545368819133799, 0.9228115700884735]",
d1-omni,ood_yelp_rating,11664,rating,score,4,4,"[""0"", ""1"", ""2"", ""3"", ""4""]","[4.3945826112066955e-06, 1.4151864922908919e-08, 0.0005417613359938668, 0.025648687429535334, 0.9738051424999947]",
d1-omni,ood_yelp_rating,11712,rating,score,2,2,"[""0"", ""1"", ""2"", ""3"", ""4""]","[0.0013740929725998088, 0.1938360292284844, 0.8018602738028522, 0.00292890795117765, 6.960448859736516e-07]",
d1-omni,ood_yelp_rating,11756,rating,score,2,1,"[""0"", ""1"", ""2"", ""3"", ""4""]","[0.3864113272274802, 0.5600332784147127, 0.04485064711395254, 0.008225940224391949, 0.0004788070194626774]",
d1-omni,ood_yelp_rating,11804,rating,score,1,1,"[""0"", ""1"", ""2"", ""3"", ""4""]","[0.07273612058176435, 0.7163662305676888, 0.20304941515924113, 0.0076532409634996156, 0.00019499272780613202]",
d1-omni,ood_yelp_rating,11832,rating,score,3,3,"[""0"", ""1"", ""2"", ""3"", ""4""]","[1.9110374795956236e-08, 5.146558923126625e-05, 0.2753710592757802, 0.7080078150808657, 0.016569640943747955]",
d1-omni,ood_yelp_rating,11860,rating,score,4,4,"[""0"", ""1"", ""2"", ""3"", ""4""]","[2.980352330387827e-05, 3.160198461497442e-05, 0.0027357408406880235, 0.14434740455570913, 0.8528554490956841]",
d1-omni,ood_yelp_rating,11876,rating,score,3,4,"[""0"", ""1"", ""2"", ""3"", ""4""]","[0.0002319572816576429, 6.453814395364353e-05, 0.0022683938865815214, 0.0430529791312096, 0.9543821315565977]",
d1-omni,ood_yelp_rating,11941,rating,score,4,4,"[""0"", ""1"", ""2"", ""3"", ""4""]","[4.3557152676195766e-05, 0.0005681774065900848, 0.011210558138686402, 0.13984546053711666, 0.8483322467649307]",
d1-omni,ood_yelp_rating,11987,rating,score,1,2,"[""0"", ""1"", ""2"", ""3"", ""4""]","[1.0485750890489344e-05, 0.004556163180768779, 0.9762008407823844, 0.019229052452416056, 3.4578335403906985e-06]",
d1-omni,ood_yelp_rating,12070,rating,score,3,3,"[""0"", ""1"", ""2"", ""3"", ""4""]","[4.782172874452246e-07, 0.0001982747436085449, 0.020443004706786533, 0.8205900151520348, 0.1587682271802827]",
d1-omni,ood_yelp_rating,12159,rating,score,1,0,"[""0"", ""1"", ""2"", ""3"", ""4""]","[0.5817036098574793, 0.342300000652512, 0.07081026693311282, 0.005182347542095381, 3.7750148006928227e-06]",
d1-omni,ood_yelp_rating,12202,rating,score,3,2,"[""0"", ""1"", ""2"", ""3"", ""4""]","[5.976801592767768e-06, 0.004702523092114512, 0.5696227635756035, 0.39999765969314327, 0.02567107683754596]",
d1-omni,ood_yelp_rating,12351,rating,score,3,3,"[""0"", ""1"", ""2"", ""3"", ""4""]","[4.802643779222102e-07, 4.391281019586786e-05, 0.022351046114427654, 0.7940812081185091, 0.18352335269248948]",
d1-omni,ood_yelp_rating,12512,rating,score,0,0,"[""0"", ""1"", ""2"", ""3"", ""4""]","[0.9368509083986807, 0.06248986282486745, 0.0006588616951099905, 3.629854343235778e-07, 4.095907496059422e-09]",
d1-omni,ood_yelp_rating,12553,rating,score,4,4,"[""0"", ""1"", ""2"", ""3"", ""4""]","[4.346131442311958e-05, 0.00022861212704975296, 0.03470823463715052, 0.39673007852753456, 0.5682896133938421]",
d1-omni,ood_yelp_rating,12598,rating,score,3,3,"[""0"", ""1"", ""2"", ""3"", ""4""]","[6.645624911551892e-05, 0.0009428313433355224, 0.10749667677553211, 0.6286491349358538, 0.26284490069616306]",
d1-omni,ood_yelp_rating,12608,rating,score,2,2,"[""0"", ""1"", ""2"", ""3"", ""4""]","[0.0030392256791208863, 0.23567000510796324, 0.5494227047805997, 0.20568050805685137, 0.006187556375464786]",
d1-omni,ood_yelp_rating,12623,rating,score,2,2,"[""0"", ""1"", ""2"", ""3"", ""4""]","[2.06943371114577e-05, 0.08117277269102642, 0.8318627915577192, 0.08663242868954528, 0.0003113127245976409]",
d1-omni,ood_yelp_rating,12689,rating,score,3,3,"[""0"", ""1"", ""2"", ""3"", ""4""]","[8.671201911411526e-06, 0.0012018875587743645, 0.019530525112722776, 0.6986343179544432, 0.28062459817214813]",
d1-omni,ood_yelp_rating,12729,rating,score,3,3,"[""0"", ""1"", ""2"", ""3"", ""4""]","[5.049454535312251e-06, 0.001394615263956978, 0.0669343632117078, 0.6998601793928012, 0.23180579267699875]",
d1-omni,ood_yelp_rating,12737,rating,score,3,3,"[""0"", ""1"", ""2"", ""3"", ""4""]","[3.933465624977661e-05, 0.044309824454623135, 0.4318427824733743, 0.46967736377579267, 0.05413069463996022]",
d1-omni,ood_yelp_rating,12779,rating,score,0,0,"[""0"", ""1"", ""2"", ""3"", ""4""]","[0.997503647403259, 0.0023778413934357743, 0.0001183858333672601, 1.2474043648832512e-07, 6.295014869110174e-10]",
d1-omni,ood_yelp_rating,12843,rating,score,0,0,"[""0"", ""1"", ""2"", ""3"", ""4""]","[0.7086049785169501, 0.27857978068212846, 0.012814826152463599, 4.0103265433195833e-07, 1.3615803396265911e-08]",
d1-omni,ood_yelp_rating,12894,rating,score,3,4,"[""0"", ""1"", ""2"", ""3"", ""4""]","[1.451911771843848e-07, 5.258471857980927e-08, 0.006158382318487323, 0.3996805557239846, 0.5941608641816324]",
d1-omni,ood_yelp_rating,12912,rating,score,2,2,"[""0"", ""1"", ""2"", ""3"", ""4""]","[5.111317291920315e-06, 0.2256566228687053, 0.7486212658397948, 0.0257166680729042, 3.3190130362620623e-07]",
d1-omni,ood_yelp_rating,12983,rating,score,0,0,"[""0"", ""1"", ""2"", ""3"", ""4""]","[0.7883970347733756, 0.20808994116440055, 0.0035111341403237196, 1.827862611047892e-06, 6.205928917512757e-08]",
d1-omni,ood_yelp_rating,13020,rating,score,1,2,"[""0"", ""1"", ""2"", ""3"", ""4""]","[1.0100610590426296e-05, 0.10417279487451289, 0.8868293460502654, 0.008987688246959856, 7.021767136542997e-08]",
d1-omni,ood_yelp_rating,13116,rating,score,2,2,"[""0"", ""1"", ""2"", ""3"", ""4""]","[0.005958353954840229, 0.3929801416669713, 0.600687920180903, 0.0003735373732046573, 4.6824080889868074e-08]",
d1-omni,ood_yelp_rating,13147,rating,score,1,2,"[""0"", ""1"", ""2"", ""3"", ""4""]","[0.0003329538773389085, 0.3804156974633057, 0.6186827060676476, 0.0005685902420167681, 5.234969095451235e-08]",
d1-omni,ood_yelp_rating,13151,rating,score,0,1,"[""0"", ""1"", ""2"", ""3"", ""4""]","[0.027314075813572286, 0.9405499714125897, 0.032121050095013155, 1.4858253492277007e-05, 4.442533261740765e-08]",
d1-omni,ood_yelp_rating,13203,rating,score,1,1,"[""0"", ""1"", ""2"", ""3"", ""4""]","[0.2965331735270421, 0.6754650086600077, 0.027975214303675756, 2.653924888084253e-05, 6.426039360039862e-08]",
d1-omni,ood_yelp_rating,13263,rating,score,2,2,"[""0"", ""1"", ""2"", ""3"", ""4""]","[0.004545364147431227, 0.3070463046776256, 0.6732756871607137, 0.014903676119737414, 0.00022896789449197472]",
d1-omni,ood_yelp_rating,13299,rating,score,1,1,"[""0"", ""1"", ""2"", ""3"", ""4""]","[0.002196940672997989, 0.7625555606405785, 0.23507807545430964, 0.00016940994293397458, 1.3289180090285047e-08]",
d1-omni,ood_yelp_rating,13336,rating,score,2,2,"[""0"", ""1"", ""2"", ""3"", ""4""]","[0.0005988431449691252, 0.017707057926633265, 0.8269244759747676, 0.15469319063194958, 7.643232168047218e-05]",
d1-omni,ood_yelp_rating,13508,rating,score,4,4,"[""0"", ""1"", ""2"", ""3"", ""4""]","[2.1703949830705415e-06, 3.5988651155701826e-07, 0.0011155422336453068, 0.082641889249427, 0.916240038235433]",
d1-omni,ood_yelp_rating,13513,rating,score,4,4,"[""0"", ""1"", ""2"", ""3"", ""4""]","[2.550477599958375e-05, 1.2975780323871168e-05, 0.004468829015745623, 0.0960154620141556, 0.8994772284137753]",
d1-omni,ood_yelp_rating,13532,rating,score,1,1,"[""0"", ""1"", ""2"", ""3"", ""4""]","[0.01589856829193245, 0.9330839246686451, 0.0508473110031458, 0.00016985106601880283, 3.4497025803512517e-07]",
d1-omni,ood_yelp_rating,13542,rating,score,1,1,"[""0"", ""1"", ""2"", ""3"", ""4""]","[0.21750383188647937, 0.7015969286531973, 0.08085961709808176, 3.9486473064613545e-05, 1.3588917667593455e-07]",
d1-omni,ood_yelp_rating,13558,rating,score,4,3,"[""0"", ""1"", ""2"", ""3"", ""4""]","[0.00010801526785060379, 0.0009798021250827134, 0.028915017455820854, 0.5185726750068078, 0.45142449014443803]",
d1-omni,ood_yelp_rating,13561,rating,score,0,0,"[""0"", ""1"", ""2"", ""3"", ""4""]","[0.8196609533682715, 0.17164261188689506, 0.00859579930375759, 0.00010056318180040071, 7.225927564468165e-08]",
d1-omni,ood_yelp_rating,13588,rating,score,0,1,"[""0"", ""1"", ""2"", ""3"", ""4""]","[0.21939990963324496, 0.7693413436243779, 0.011256270889829827, 2.4667450985647863e-06, 9.1074486496445e-09]",
d1-omni,ood_yelp_rating,13734,rating,score,2,2,"[""0"", ""1"", ""2"", ""3"", ""4""]","[0.0015514667823542003, 0.4534728080443143, 0.5427359013361094, 0.0022398036568302463, 2.0180391861219943e-08]",
d1-omni,ood_yelp_rating,13790,rating,score,3,3,"[""0"", ""1"", ""2"", ""3"", ""4""]","[2.0251825331715193e-06, 0.0008731139283199599, 0.06980169500947926, 0.7326972487443902, 0.1966259171352774]",
d1-omni,ood_yelp_rating,13828,rating,score,2,2,"[""0"", ""1"", ""2"", ""3"", ""4""]","[0.00022493981433932065, 0.09792973601337074, 0.8987880450552193, 0.0030570590567024426, 2.2006036830282048e-07]",
d1-omni,ood_yelp_rating,13855,rating,score,1,2,"[""0"", ""1"", ""2"", ""3"", ""4""]","[0.02565382570763139, 0.4221978130806828, 0.44159626319930945, 0.09688747777231614, 0.01366462024006013]",
d1-omni,ood_yelp_rating,13884,rating,score,1,1,"[""0"", ""1"", ""2"", ""3"", ""4""]","[0.2607550847255848, 0.7019174635346452, 0.03730942158175827, 1.7980823488279575e-05, 4.933452340300553e-08]",
d1-omni,ood_yelp_rating,13919,rating,score,0,0,"[""0"", ""1"", ""2"", ""3"", ""4""]","[0.9681121245020867, 0.030002721458249188, 0.0018798782878671927, 4.8170691997619635e-06, 4.5868259709192745e-07]",
d1-omni,ood_yelp_rating,13949,rating,score,2,2,"[""0"", ""1"", ""2"", ""3"", ""4""]","[2.0990367062415437e-05, 0.25210933996583546, 0.7446176012772702, 0.0032520210161255513, 4.737370648617814e-08]",
d1-omni,ood_yelp_rating,14010,rating,score,3,2,"[""0"", ""1"", ""2"", ""3"", ""4""]","[0.002508117564497502, 0.3985734576545664, 0.5913587598735577, 0.007531856612672757, 2.780829470569523e-05]",
d1-omni,ood_yelp_rating,14017,rating,score,3,2,"[""0"", ""1"", ""2"", ""3"", ""4""]","[0.13656062127718704, 0.3193398314331111, 0.4142666276112248, 0.06586731454387333, 0.06396560513460364]",
d1-omni,ood_yelp_rating,14191,rating,score,2,2,"[""0"", ""1"", ""2"", ""3"", ""4""]","[8.217676038608486e-07, 0.005314086254825201, 0.9139921761207579, 0.08060810525013261, 8.481060668046298e-05]",
d1-omni,ood_yelp_rating,14255,rating,score,3,4,"[""0"", ""1"", ""2"", ""3"", ""4""]","[2.1061216540122913e-06, 1.5993653442021545e-05, 0.017406933115103242, 0.24259414607046287, 0.7399808210393378]",
d1-omni,ood_yelp_rating,14294,rating,score,3,3,"[""0"", ""1"", ""2"", ""3"", ""4""]","[3.634209327804976e-06, 0.012640843715947639, 0.24548647373046087, 0.684127531752013, 0.05774151659225053]",
d1-omni,ood_yelp_rating,14374,rating,score,4,3,"[""0"", ""1"", ""2"", ""3"", ""4""]","[1.337160245993393e-05, 0.008098085884871797, 0.3107810600737301, 0.615051355360043, 0.06605612707889515]",
d1-omni,ood_yelp_rating,14404,rating,score,3,3,"[""0"", ""1"", ""2"", ""3"", ""4""]","[0.0035814590296890303, 0.04356724471370295, 0.12696173802188454, 0.4658830753114587, 0.3600064829232647]",
d1-omni,ood_yelp_rating,14414,rating,score,3,2,"[""0"", ""1"", ""2"", ""3"", ""4""]","[4.386382944642534e-06, 0.014651151607735984, 0.8233056196461177, 0.16180214430410877, 0.00023669805909299537]",
d1-omni,ood_yelp_rating,14454,rating,score,1,1,"[""0"", ""1"", ""2"", ""3"", ""4""]","[0.08451814369942841, 0.7132120673983453, 0.19766544691190116, 0.004594485980622304, 9.85600970288961e-06]",
d1-omni,ood_yelp_rating,14562,rating,score,4,3,"[""0"", ""1"", ""2"", ""3"", ""4""]","[1.6919496261566226e-05, 0.0001669224437422873, 0.014850825097581314, 0.6502469211064013, 0.3347184118560137]",
d1-omni,ood_yelp_rating,14602,rating,score,1,1,"[""0"", ""1"", ""2"", ""3"", ""4""]","[0.03000430817563182, 0.9354599151647868, 0.034526315852746056, 9.457802945477639e-06, 3.0038897669166277e-09]",
d1-omni,ood_yelp_rating,14699,rating,score,2,1,"[""0"", ""1"", ""2"", ""3"", ""4""]","[0.001200838796706229, 0.5860762729489053, 0.4035915165775654, 0.009129335869811444, 2.0358070116764437e-06]",
d1-omni,ood_yelp_rating,14709,rating,score,3,4,"[""0"", ""1"", ""2"", ""3"", ""4""]","[3.6465907966106107e-05, 1.7772078123076288e-05, 0.006321120652155927, 0.3861404086136197, 0.6074842327481352]",
d1-omni,ood_yelp_rating,14710,rating,score,0,0,"[""0"", ""1"", ""2"", ""3"", ""4""]","[0.9506049927825985, 0.04868734354757819, 0.0007074938100850791, 1.6829761447178707e-07, 1.5621237827437044e-09]",
d1-omni,ood_yelp_rating,14790,rating,score,2,1,"[""0"", ""1"", ""2"", ""3"", ""4""]","[0.07464108815947654, 0.5178589133254172, 0.3409493851135524, 0.06516672346537297, 0.0013838899361809731]",
d1-omni,ood_yelp_rating,14893,rating,score,1,1,"[""0"", ""1"", ""2"", ""3"", ""4""]","[0.10769036010960416, 0.5800405419107647, 0.30417106769312713, 0.008097970386800588, 5.98997034444375e-08]",
d1-omni,ood_yelp_rating,15036,rating,score,4,4,"[""0"", ""1"", ""2"", ""3"", ""4""]","[1.625479409240705e-05, 1.2317779655800877e-05, 0.0038550459735285773, 0.09249154714625206, 0.9036248343064711]",
d1-omni,ood_yelp_rating,15077,rating,score,3,3,"[""0"", ""1"", ""2"", ""3"", ""4""]","[3.309811377285228e-06, 0.00027127724796121314, 0.012290943839628466, 0.6756658296928545, 0.3117686394081785]",
d1-omni,ood_yelp_rating,15112,rating,score,3,4,"[""0"", ""1"", ""2"", ""3"", ""4""]","[6.271437476904651e-05, 0.0027783323321988423, 0.023733090626833448, 0.3520058704645236, 0.6214199922016751]",
d1-omni,ood_yelp_rating,15162,rating,score,3,3,"[""0"", ""1"", ""2"", ""3"", ""4""]","[5.7497650819857704e-05, 0.004007346124713153, 0.0886748736001465, 0.7035212057472308, 0.20373907687708975]",
d1-omni,ood_yelp_rating,15164,rating,score,2,2,"[""0"", ""1"", ""2"", ""3"", ""4""]","[0.0006574726663834974, 0.0837687750375145, 0.9078842831109849, 0.007687781159910274, 1.6880252068777738e-06]",
d1-omni,ood_yelp_rating,15183,rating,score,1,0,"[""0"", ""1"", ""2"", ""3"", ""4""]","[0.6351600058707237, 0.3269523573212929, 0.03503738926389043, 0.002699156617583387, 0.0001510909265095315]",
d1-omni,ood_yelp_rating,15186,rating,score,1,0,"[""0"", ""1"", ""2"", ""3"", ""4""]","[0.5297469669575481, 0.46115194271449766, 0.009097015357222918, 4.066614012940532e-06, 8.356718411706802e-09]",
d1-omni,ood_yelp_rating,15430,rating,score,1,1,"[""0"", ""1"", ""2"", ""3"", ""4""]","[0.0013267824474608105, 0.9975633763060131, 0.0011091100197298703, 7.291786814443819e-07, 2.04811463414506e-09]",
d1-omni,ood_yelp_rating,15581,rating,score,1,2,"[""0"", ""1"", ""2"", ""3"", ""4""]","[3.4410246377858785e-08, 0.01878024350875847, 0.9641840626531805, 0.01703294715390596, 2.712273908733408e-06]",
d1-omni,ood_yelp_rating,15586,rating,score,0,1,"[""0"", ""1"", ""2"", ""3"", ""4""]","[0.19132232571037833, 0.8023567372848621, 0.006320530472545596, 4.015171834474371e-07, 5.015030564261329e-09]",
d1-omni,ood_yelp_rating,15671,rating,score,4,4,"[""0"", ""1"", ""2"", ""3"", ""4""]","[2.6969660511975598e-05, 7.090635161037146e-06, 0.007031737158175692, 0.20132607749437492, 0.7916081250517764]",
d1-omni,ood_yelp_rating,15748,rating,score,0,1,"[""0"", ""1"", ""2"", ""3"", ""4""]","[0.4691971416639899, 0.5093085870018671, 0.0214782021102453, 1.5737459970827054e-05, 3.317639268648986e-07]",
d1-omni,ood_yelp_rating,15778,rating,score,2,2,"[""0"", ""1"", ""2"", ""3"", ""4""]","[1.757541750358196e-08, 0.009315269932334459, 0.8987375984954864, 0.09194641741213472, 6.965846268410422e-07]",
d1-omni,ood_yelp_rating,15786,rating,score,2,2,"[""0"", ""1"", ""2"", ""3"", ""4""]","[1.5300110407782163e-05, 0.009140202425076306, 0.8357317899153165, 0.14395755674987346, 0.011155150799325747]",
d1-omni,ood_yelp_rating,15843,rating,score,0,0,"[""0"", ""1"", ""2"", ""3"", ""4""]","[0.9366116188824866, 0.05705003627625395, 0.006273968428362274, 6.408310705961623e-05, 2.933058375357561e-07]",
d1-omni,ood_yelp_rating,15946,rating,score,1,1,"[""0"", ""1"", ""2"", ""3"", ""4""]","[0.04257827024544517, 0.5710835968147264, 0.38340738794086665, 0.0029273507327885156, 3.3942661733226872e-06]",
d1-omni,ood_yelp_rating,16061,rating,score,0,1,"[""0"", ""1"", ""2"", ""3"", ""4""]","[0.29971168168894197, 0.6604094039281352, 0.03944822108980206, 0.0004303840428873222, 3.092502333132828e-07]",
d1-omni,ood_yelp_rating,16078,rating,score,1,4,"[""0"", ""1"", ""2"", ""3"", ""4""]","[0.22453132092937336, 0.015210697201161246, 0.011171939857370016, 0.02083119344395638, 0.728254848568139]",
d1-omni,ood_yelp_rating,16133,rating,score,1,1,"[""0"", ""1"", ""2"", ""3"", ""4""]","[0.04674081250003465, 0.9420287351996951, 0.011227298839887887, 3.146891809847116e-06, 6.568572445580609e-09]",
d1-omni,ood_yelp_rating,16141,rating,score,4,3,"[""0"", ""1"", ""2"", ""3"", ""4""]","[5.893724499692e-05, 0.00020331460619932399, 0.05151698537949268, 0.6001826259089547, 0.34803813686035645]",
d1-omni,ood_yelp_rating,16175,rating,score,2,2,"[""0"", ""1"", ""2"", ""3"", ""4""]","[0.007428499073849129, 0.26033374967520345, 0.6455919326711334, 0.08597480977070317, 0.0006710088091108202]",
d1-omni,ood_yelp_rating,16262,rating,score,4,4,"[""0"", ""1"", ""2"", ""3"", ""4""]","[3.830941746939499e-05, 8.41546818719651e-06, 0.0018822577363048223, 0.07312279148567061, 0.9249482258923679]",
d1-omni,ood_yelp_rating,16308,rating,score,0,0,"[""0"", ""1"", ""2"", ""3"", ""4""]","[0.7476336243634255, 0.24001045110987929, 0.012310684738947902, 4.5230762721908925e-05, 9.025025660134507e-09]",
d1-omni,ood_yelp_rating,16322,rating,score,2,1,"[""0"", ""1"", ""2"", ""3"", ""4""]","[0.025898436609081175, 0.7047855874267077, 0.2669844480085107, 0.0023302591073614807, 1.2688483388751265e-06]",
d1-omni,ood_yelp_rating,16464,rating,score,4,4,"[""0"", ""1"", ""2"", ""3"", ""4""]","[0.0002753436458390665, 0.0017199517271656753, 0.0741409546283322, 0.4497548594093534, 0.4741088905893096]",
d1-omni,ood_yelp_rating,16859,rating,score,1,1,"[""0"", ""1"", ""2"", ""3"", ""4""]","[0.024714353537327316, 0.9714318038624336, 0.003686038456206592, 0.00016774809017938068, 5.6053853282820936e-08]",
d1-omni,ood_yelp_rating,16877,rating,score,4,3,"[""0"", ""1"", ""2"", ""3"", ""4""]","[0.00011040489000668384, 0.0012709418661687808, 0.0180443838866053, 0.4989045616552685, 0.4816697077019508]",
d1-omni,ood_yelp_rating,16907,rating,score,2,3,"[""0"", ""1"", ""2"", ""3"", ""4""]","[1.0923033770314029e-06, 0.003866727778716625, 0.278865279942865, 0.681491444378367, 0.03577545559667428]",
d1-omni,ood_yelp_rating,16953,rating,score,3,2,"[""0"", ""1"", ""2"", ""3"", ""4""]","[0.015503932771500464, 0.46861673910381685, 0.5044736409732219, 0.011365096547194541, 4.059060426615788e-05]",
d1-omni,ood_yelp_rating,16977,rating,score,2,2,"[""0"", ""1"", ""2"", ""3"", ""4""]","[0.07547537287509623, 0.37910765920220774, 0.4916809487000161, 0.05253615959346321, 0.00119985962921676]",
d1-omni,ood_yelp_rating,17009,rating,score,3,3,"[""0"", ""1"", ""2"", ""3"", ""4""]","[8.559845661096086e-05, 0.03353586340603451, 0.13030988757018688, 0.726189285408645, 0.10987936515852262]",
d1-omni,ood_yelp_rating,17011,rating,score,0,0,"[""0"", ""1"", ""2"", ""3"", ""4""]","[0.9850123721837766, 0.014529671035840495, 0.0004551931755581918, 2.6856131861671238e-06, 7.799163842094451e-08]",
d1-omni,ood_yelp_rating,17106,rating,score,2,2,"[""0"", ""1"", ""2"", ""3"", ""4""]","[0.006181619590936355, 0.1776790003130461, 0.7117122960806229, 0.10153547095971185, 0.002891613055682641]",
d1-omni,ood_yelp_rating,17227,rating,score,2,2,"[""0"", ""1"", ""2"", ""3"", ""4""]","[8.23244481429153e-08, 0.04577201219809833, 0.9265662945755465, 0.027653905092808555, 7.705809098589237e-06]",
d1-omni,ood_yelp_rating,17362,rating,score,1,1,"[""0"", ""1"", ""2"", ""3"", ""4""]","[0.01988202842240962, 0.8254183000745333, 0.15373437532400214, 0.0009645796848936999, 7.164941612987121e-07]",
d1-omni,ood_yelp_rating,17424,rating,score,0,0,"[""0"", ""1"", ""2"", ""3"", ""4""]","[0.9730596127409403, 0.02574193291126506, 0.0011940133982290158, 4.425659454226586e-06, 1.5290111437479427e-08]",
d1-omni,ood_yelp_rating,17480,rating,score,2,3,"[""0"", ""1"", ""2"", ""3"", ""4""]","[1.875551915309185e-07, 0.001386477072521269, 0.45831079272607955, 0.5306124667966018, 0.009690075849605892]",
d1-omni,ood_yelp_rating,17501,rating,score,1,1,"[""0"", ""1"", ""2"", ""3"", ""4""]","[0.01171051201753575, 0.947240562859507, 0.04089365937912499, 0.00015516849567569113, 9.724815620209173e-08]",
d1-omni,ood_yelp_rating,17552,rating,score,3,3,"[""0"", ""1"", ""2"", ""3"", ""4""]","[2.567050517723658e-07, 5.809314883199559e-05, 0.019165668952422533, 0.9126949601488172, 0.06808102104487662]",
d1-omni,ood_yelp_rating,17595,rating,score,2,2,"[""0"", ""1"", ""2"", ""3"", ""4""]","[0.0003644410752193517, 0.07218150575012523, 0.925610364823948, 0.0018435684590520222, 1.1989165550732402e-07]",
d1-omni,ood_yelp_rating,17608,rating,score,3,3,"[""0"", ""1"", ""2"", ""3"", ""4""]","[8.977140395268679e-05, 0.005258382751722861, 0.17490063698259928, 0.6173576377752181, 0.202393571086507]",
d1-omni,ood_yelp_rating,17685,rating,score,4,4,"[""0"", ""1"", ""2"", ""3"", ""4""]","[3.050402072852716e-06, 1.5702130183560198e-06, 0.002009232306049046, 0.18264029860679806, 0.8153458484720617]",
d1-omni,ood_yelp_rating,17694,rating,score,1,1,"[""0"", ""1"", ""2"", ""3"", ""4""]","[0.04061396465883913, 0.7902692652266777, 0.16891655854765103, 0.00020011235489190103, 9.921194027752945e-08]",
d1-omni,ood_yelp_rating,17763,rating,score,3,2,"[""0"", ""1"", ""2"", ""3"", ""4""]","[0.0023841471204828577, 0.06393738892168646, 0.7417974258007255, 0.1802825706235602, 0.01159846753354477]",
d1-omni,ood_yelp_rating,17979,rating,score,3,3,"[""0"", ""1"", ""2"", ""3"", ""4""]","[4.2998987191398284e-06, 0.00018355193526274575, 0.022816795061286716, 0.7220444585785506, 0.2549508945261809]",
d1-omni,ood_yelp_rating,17990,rating,score,3,3,"[""0"", ""1"", ""2"", ""3"", ""4""]","[3.065655393732059e-05, 0.00015447521785145205, 0.008274971476066772, 0.850274888201014, 0.14126500855113047]",
d1-omni,ood_yelp_rating,18045,rating,score,3,3,"[""0"", ""1"", ""2"", ""3"", ""4""]","[1.8006923337188432e-06, 0.00893683424519756, 0.4329199009154122, 0.556966914592123, 0.0011745495549334783]",
d1-omni,ood_yelp_rating,18054,rating,score,2,1,"[""0"", ""1"", ""2"", ""3"", ""4""]","[0.018260083532258026, 0.6455787736145677, 0.3355765319204477, 0.000584110563965266, 5.003687613238568e-07]",
d1-omni,ood_yelp_rating,18094,rating,score,2,2,"[""0"", ""1"", ""2"", ""3"", ""4""]","[1.3552382927425516e-06, 0.08021796703307715, 0.8340555339893775, 0.0854124002797553, 0.0003127434594972819]",
d1-omni,ood_yelp_rating,18168,rating,score,2,1,"[""0"", ""1"", ""2"", ""3"", ""4""]","[0.00039149988897319536, 0.817917681691285, 0.18161312144374842, 7.769556189742428e-05, 1.4140958723201803e-09]",
d1-omni,ood_yelp_rating,18173,rating,score,3,0,"[""0"", ""1"", ""2"", ""3"", ""4""]","[0.9976360086397029, 0.0023230670764408687, 4.0918463739803276e-05, 5.375414003493143e-09, 4.447022952060789e-10]",
d1-omni,ood_yelp_rating,18272,rating,score,1,2,"[""0"", ""1"", ""2"", ""3"", ""4""]","[0.003188553416924504, 0.4449866054230974, 0.5500218862244354, 0.0018026448663302067, 3.100692124795934e-07]",
d1-omni,ood_yelp_rating,18276,rating,score,2,3,"[""0"", ""1"", ""2"", ""3"", ""4""]","[0.004901984545455134, 0.03251592911880698, 0.209867472973865, 0.5448866720617761, 0.20782794130009682]",
d1-omni,ood_yelp_rating,18281,rating,score,3,3,"[""0"", ""1"", ""2"", ""3"", ""4""]","[3.964806111817026e-06, 0.0061796643294781675, 0.07006946656122463, 0.8820085471758107, 0.0417383571273747]",
d1-omni,ood_yelp_rating,18289,rating,score,3,3,"[""0"", ""1"", ""2"", ""3"", ""4""]","[3.4084719768266157e-06, 0.00033961966398877725, 0.036110179176459825, 0.8882131729560802, 0.07533361973149437]",
d1-omni,ood_yelp_rating,18386,rating,score,0,0,"[""0"", ""1"", ""2"", ""3"", ""4""]","[0.8827957186658593, 0.07469158089768863, 0.039707145777034075, 0.0027987910802121712, 6.763579205966259e-06]",
d1-omni,ood_yelp_rating,18666,rating,score,3,4,"[""0"", ""1"", ""2"", ""3"", ""4""]","[0.00010895226937069141, 1.4802804733623133e-05, 0.002523718354370601, 0.05572671651080403, 0.941625810060721]",
d1-omni,ood_yelp_rating,18712,rating,score,2,3,"[""0"", ""1"", ""2"", ""3"", ""4""]","[7.738112545811336e-05, 0.018600556193757112, 0.44376019186218996, 0.480757107795787, 0.05680476302280779]",
d1-omni,ood_yelp_rating,18761,rating,score,2,1,"[""0"", ""1"", ""2"", ""3"", ""4""]","[0.006811422955603846, 0.6095625690809191, 0.37682638780272926, 0.00679813039066975, 1.4897700779828588e-06]",
d1-omni,ood_yelp_rating,18773,rating,score,0,0,"[""0"", ""1"", ""2"", ""3"", ""4""]","[0.9771059701704389, 0.022397740607510288, 0.0004930216429916293, 3.2386696029206342e-06, 2.8909456171504102e-08]",
d1-omni,ood_yelp_rating,18833,rating,score,2,0,"[""0"", ""1"", ""2"", ""3"", ""4""]","[0.8480316524045678, 0.14165113634585358, 0.010256161208328703, 6.033377430112358e-05, 7.162669487061651e-07]",
d1-omni,ood_yelp_rating,18852,rating,score,0,0,"[""0"", ""1"", ""2"", ""3"", ""4""]","[0.9347961466039294, 0.06398749949141105, 0.0012044599826568306, 1.2469984149519624e-06, 1.064692358777152e-05]",
d1-omni,ood_yelp_rating,18853,rating,score,4,4,"[""0"", ""1"", ""2"", ""3"", ""4""]","[0.0018643166133899445, 0.01807228053971891, 0.04390702572140106, 0.32617882197740633, 0.6099775551480837]",
d1-omni,ood_yelp_rating,18907,rating,score,0,0,"[""0"", ""1"", ""2"", ""3"", ""4""]","[0.7307724776168057, 0.024259993109351147, 0.12392646267311275, 0.006763124210060846, 0.11427794239066943]",
d1-omni,ood_yelp_rating,19072,rating,score,0,0,"[""0"", ""1"", ""2"", ""3"", ""4""]","[0.6676397530520829, 0.32474673786733976, 0.007287571892543219, 0.00032587165585601797, 6.553217816324022e-08]",
d1-omni,ood_yelp_rating,19090,rating,score,4,4,"[""0"", ""1"", ""2"", ""3"", ""4""]","[6.516622872731962e-06, 2.062288724811509e-07, 7.487070614206127e-05, 0.01901288535582536, 0.9809055210862875]",
d1-omni,ood_yelp_rating,19194,rating,score,0,1,"[""0"", ""1"", ""2"", ""3"", ""4""]","[0.03021677491093927, 0.9637189031623474, 0.006052593665525826, 1.1638701616043261e-05, 8.955957125887766e-08]",
d1-omni,ood_yelp_rating,19327,rating,score,1,1,"[""0"", ""1"", ""2"", ""3"", ""4""]","[0.008972762966327522, 0.8268563750591014, 0.1639345172080005, 0.00023633015842739846, 1.4608143277909978e-08]",
d1-omni,ood_yelp_rating,19360,rating,score,4,4,"[""0"", ""1"", ""2"", ""3"", ""4""]","[9.01950226341488e-06, 1.8181640988717183e-06, 0.00019896711345407356, 0.010386041395293838, 0.9894041538248898]",
d1-omni,ood_yelp_rating,19451,rating,score,1,0,"[""0"", ""1"", ""2"", ""3"", ""4""]","[0.557267585884212, 0.3601505185162241, 0.07973506108361977, 0.0027097970618040405, 0.00013703745413997585]",
d1-omni,ood_yelp_rating,19530,rating,score,0,0,"[""0"", ""1"", ""2"", ""3"", ""4""]","[0.7734149737441645, 0.22419900788250147, 0.0023858735294088056, 1.393554331108102e-07, 5.488491946527858e-09]",
d1-omni,ood_yelp_rating,19548,rating,score,4,4,"[""0"", ""1"", ""2"", ""3"", ""4""]","[5.571105038108088e-08, 4.190151121905017e-06, 0.0029552282160540417, 0.10758726801195397, 0.8894532579098198]",
d1-omni,ood_yelp_rating,19561,rating,score,4,4,"[""0"", ""1"", ""2"", ""3"", ""4""]","[3.044071640409053e-05, 1.7512185279063715e-06, 5.5989033789363955e-05, 0.012838635936306826, 0.9870731830949719]",
d1-omni,ood_yelp_rating,19579,rating,score,3,3,"[""0"", ""1"", ""2"", ""3"", ""4""]","[5.981505688228925e-06, 0.00014323024034788477, 0.03223588102827055, 0.5050548372635112, 0.462560069962182]",
d1-omni,ood_yelp_rating,19590,rating,score,0,1,"[""0"", ""1"", ""2"", ""3"", ""4""]","[0.2918623098264174, 0.6974118044101539, 0.010724934288222625, 9.394628853194926e-07, 1.2012320779348015e-08]",
d1-omni,ood_yelp_rating,19685,rating,score,1,0,"[""0"", ""1"", ""2"", ""3"", ""4""]","[0.7467351175808962, 0.18152688912136813, 0.07037892901928545, 0.0013449732776146049, 1.4091000835607187e-05]",
d1-omni,ood_yelp_rating,19827,rating,score,3,3,"[""0"", ""1"", ""2"", ""3"", ""4""]","[1.0944378190448557e-07, 0.0015323088297970243, 0.30721778657260124, 0.630369823158075, 0.06087997199574473]",
d1-omni,ood_yelp_rating,19880,rating,score,1,1,"[""0"", ""1"", ""2"", ""3"", ""4""]","[0.2563043944252816, 0.6785773811654668, 0.06279476023603635, 0.0023216176573679866, 1.8465158471405253e-06]",
d1-omni,ood_yelp_rating,19932,rating,score,0,0,"[""0"", ""1"", ""2"", ""3"", ""4""]","[0.5663535921781, 0.2871542304057402, 0.13791272026403067, 0.008578654883534551, 8.022685944175373e-07]",
d1-omni,ood_yelp_rating,19972,rating,score,2,3,"[""0"", ""1"", ""2"", ""3"", ""4""]","[5.587164587708069e-05, 0.01873390257600844, 0.3437488100918942, 0.5893224895917862, 0.04813892609443406]",
d1-omni,ood_yelp_rating,20001,rating,score,1,0,"[""0"", ""1"", ""2"", ""3"", ""4""]","[0.5726517977584333, 0.27867971394596425, 0.14786121895692397, 0.0008013162385866189, 5.953100091940038e-06]",
d1-omni,ood_yelp_rating,20047,rating,score,2,2,"[""0"", ""1"", ""2"", ""3"", ""4""]","[2.5436354421865288e-05, 0.023164791268667766, 0.9605319177063202, 0.01627759435259708, 2.603179931877725e-07]",
d1-omni,ood_yelp_rating,20113,rating,score,2,4,"[""0"", ""1"", ""2"", ""3"", ""4""]","[1.0713790893289852e-05, 7.234093047849967e-07, 0.0025708724930365253, 0.13083451040493682, 0.8665831799018285]",
d1-omni,ood_yelp_rating,20133,rating,score,2,2,"[""0"", ""1"", ""2"", ""3"", ""4""]","[0.0001460607361053279, 0.027402718891693566, 0.7830381061685833, 0.12329111869570498, 0.06612199550791284]",
d1-omni,ood_yelp_rating,20187,rating,score,2,1,"[""0"", ""1"", ""2"", ""3"", ""4""]","[0.033472967900693436, 0.8249544394379089, 0.14154713564304183, 2.544107378645331e-05, 1.5944569302741e-08]",
d1-omni,ood_yelp_rating,20192,rating,score,2,3,"[""0"", ""1"", ""2"", ""3"", ""4""]","[2.9679381852306538e-06, 1.4159239603692118e-05, 0.01410346409170861, 0.5702801378472163, 0.41559927088328613]",
d1-omni,ood_yelp_rating,20228,rating,score,4,4,"[""0"", ""1"", ""2"", ""3"", ""4""]","[0.01082831468294417, 0.0037275755284554937, 0.00922133465053077, 0.1367695450438053, 0.8394532300942643]",
d1-omni,ood_yelp_rating,20254,rating,score,3,3,"[""0"", ""1"", ""2"", ""3"", ""4""]","[1.4949819173397178e-05, 0.003147328733390894, 0.08632139723966169, 0.6365890759013828, 0.27392724830639126]",
d1-omni,ood_yelp_rating,20299,rating,score,3,3,"[""0"", ""1"", ""2"", ""3"", ""4""]","[2.3228610596018274e-08, 0.0002765510543444244, 0.05896503973583232, 0.9142973022474318, 0.026461083733780706]",
d1-omni,ood_yelp_rating,20330,rating,score,3,2,"[""0"", ""1"", ""2"", ""3"", ""4""]","[3.3026341167692394e-08, 0.005612566262187318, 0.8969345911937643, 0.09734677455123887, 0.0001060349664685412]",
d1-omni,ood_yelp_rating,20403,rating,score,1,2,"[""0"", ""1"", ""2"", ""3"", ""4""]","[0.0004768547551861424, 0.0984246002015202, 0.791948084102354, 0.10467015699584277, 0.004480303945096836]",
d1-omni,ood_yelp_rating,20549,rating,score,0,0,"[""0"", ""1"", ""2"", ""3"", ""4""]","[0.9651139495663758, 0.03344630811106012, 0.0014396983720265826, 2.9924977095574745e-08, 1.402556029708232e-08]",
d1-omni,ood_yelp_rating,20559,rating,score,0,0,"[""0"", ""1"", ""2"", ""3"", ""4""]","[0.9557003975905339, 0.04353551697410987, 0.0007616090659056914, 2.2028021580829994e-06, 2.7356729246543476e-07]",
d1-omni,ood_yelp_rating,20628,rating,score,2,2,"[""0"", ""1"", ""2"", ""3"", ""4""]","[0.018113150390395256, 0.4150812651332333, 0.5618352631441964, 0.0049518591929036525, 1.8462139271506295e-05]",
d1-omni,ood_yelp_rating,20630,rating,score,4,4,"[""0"", ""1"", ""2"", ""3"", ""4""]","[6.130174593823511e-07, 3.1555419881215057e-07, 0.004933491923378308, 0.33164150186315505, 0.6634240776418084]",
d1-omni,ood_yelp_rating,20643,rating,score,4,4,"[""0"", ""1"", ""2"", ""3"", ""4""]","[0.00012842254439949087, 0.00040023200583590005, 0.018204563172874447, 0.24191493951261636, 0.7393518427642738]",
d1-omni,ood_yelp_rating,20647,rating,score,3,4,"[""0"", ""1"", ""2"", ""3"", ""4""]","[4.51153285162966e-06, 4.441587527528443e-06, 0.0017813951657398284, 0.11939952337667852, 0.8788101283372026]",
d1-omni,ood_yelp_rating,20685,rating,score,4,4,"[""0"", ""1"", ""2"", ""3"", ""4""]","[6.91163881986048e-08, 2.2486015065741613e-07, 0.007826286803429802, 0.33197078386005496, 0.6602026353599764]",
d1-omni,ood_yelp_rating,20703,rating,score,3,2,"[""0"", ""1"", ""2"", ""3"", ""4""]","[5.032288002434029e-06, 0.07163592645973885, 0.836816358447622, 0.0904127219856978, 0.0011299608189388978]",
d1-omni,ood_yelp_rating,20719,rating,score,1,0,"[""0"", ""1"", ""2"", ""3"", ""4""]","[0.7639746131476396, 0.2284924560514524, 0.007504385322931709, 2.8530596200160296e-05, 1.4881776212551518e-08]",
d1-omni,ood_yelp_rating,20838,rating,score,0,0,"[""0"", ""1"", ""2"", ""3"", ""4""]","[0.9608505913355556, 0.03182027969011285, 0.007321868839113413, 7.205123476629768e-06, 5.501174157374027e-08]",
d1-omni,ood_yelp_rating,20907,rating,score,2,2,"[""0"", ""1"", ""2"", ""3"", ""4""]","[1.3413890921395417e-06, 0.02241170476398457, 0.9651451229215976, 0.012425361292364805, 1.646963296114879e-05]",
d1-omni,ood_yelp_rating,20928,rating,score,3,3,"[""0"", ""1"", ""2"", ""3"", ""4""]","[7.733289982329136e-09, 1.6699265752114193e-06, 0.0013769472242555045, 0.9980529563018993, 0.0005684188139801544]",
d1-omni,ood_yelp_rating,20960,rating,score,1,1,"[""0"", ""1"", ""2"", ""3"", ""4""]","[0.006452962857652709, 0.7124008353153896, 0.27465499738513305, 0.006490883625012944, 3.2081681172494555e-07]",
d1-omni,ood_yelp_rating,20981,rating,score,2,2,"[""0"", ""1"", ""2"", ""3"", ""4""]","[2.9706871496078988e-08, 0.00985307205580628, 0.9674823371132273, 0.022658765739873857, 5.795384220971598e-06]",
d1-omni,ood_yelp_rating,21015,rating,score,3,4,"[""0"", ""1"", ""2"", ""3"", ""4""]","[2.3178661448185162e-05, 1.0548396932800894e-06, 0.0026660408463172478, 0.0619360419537919, 0.9353736836987493]",
d1-omni,ood_yelp_rating,21017,rating,score,4,4,"[""0"", ""1"", ""2"", ""3"", ""4""]","[1.087786010872903e-05, 7.757717981066739e-07, 0.0009380096450789244, 0.09833192110012956, 0.9007184156228847]",
d1-omni,ood_yelp_rating,21046,rating,score,2,2,"[""0"", ""1"", ""2"", ""3"", ""4""]","[0.020471949403444028, 0.3503383928151073, 0.5965278691322204, 0.03239616397838455, 0.000265624670843502]",
d1-omni,ood_yelp_rating,21059,rating,score,4,4,"[""0"", ""1"", ""2"", ""3"", ""4""]","[2.7336441206899985e-05, 6.23297526317226e-05, 0.004078936530752817, 0.32673096506290017, 0.6691004322125084]",
d1-omni,ood_yelp_rating,21110,rating,score,0,0,"[""0"", ""1"", ""2"", ""3"", ""4""]","[0.8551370395969652, 0.13766807281176935, 0.0070595862351856675, 0.00013524172019476266, 5.963588535261263e-08]",
d1-omni,ood_yelp_rating,21125,rating,score,4,4,"[""0"", ""1"", ""2"", ""3"", ""4""]","[0.0006225151613893544, 0.0011999293180823653, 0.0259580434062299, 0.3825698713043261, 0.5896496408099724]",
d1-omni,ood_yelp_rating,21158,rating,score,4,4,"[""0"", ""1"", ""2"", ""3"", ""4""]","[0.0002533246999641732, 0.0014295869276504598, 0.027350659116042914, 0.23761861962790126, 0.7333478096284413]",
d1-omni,ood_yelp_rating,21185,rating,score,0,0,"[""0"", ""1"", ""2"", ""3"", ""4""]","[0.8940870965663463, 0.1026926624462311, 0.0031994875818115655, 2.053061443447594e-05, 2.2279117653272552e-07]",
d1-omni,ood_yelp_rating,21200,rating,score,4,4,"[""0"", ""1"", ""2"", ""3"", ""4""]","[3.814235473174239e-06, 7.916195262112316e-08, 0.0007558198941372842, 0.0320990696754658, 0.9671412170329711]",
d1-omni,ood_yelp_rating,21274,rating,score,1,1,"[""0"", ""1"", ""2"", ""3"", ""4""]","[0.23665959633868067, 0.7389976974914598, 0.022951217194752294, 0.0013908348454962425, 6.541296110323522e-07]",
d1-omni,ood_yelp_rating,21366,rating,score,3,4,"[""0"", ""1"", ""2"", ""3"", ""4""]","[0.004530865254296482, 0.027822769122388857, 0.10873259108934374, 0.2937672889787519, 0.5651464855552191]",
d1-omni,ood_yelp_rating,21611,rating,score,4,4,"[""0"", ""1"", ""2"", ""3"", ""4""]","[3.27729876991131e-06, 1.1504395553046556e-06, 0.0014436216317987099, 0.15282055731574856, 0.8457313933141275]",
d1-omni,ood_yelp_rating,21647,rating,score,2,1,"[""0"", ""1"", ""2"", ""3"", ""4""]","[0.04292011215673699, 0.770685180124477, 0.18575499798442258, 0.0006386344194847523, 1.0753148788062215e-06]",
d1-omni,ood_yelp_rating,21665,rating,score,3,3,"[""0"", ""1"", ""2"", ""3"", ""4""]","[0.00010897882641888947, 0.0014753089914809052, 0.011925880662833285, 0.8024708087664716, 0.18401902275279547]",
d1-omni,ood_yelp_rating,21736,rating,score,1,1,"[""0"", ""1"", ""2"", ""3"", ""4""]","[0.2869560976913661, 0.6542882613476251, 0.05859833669456518, 0.00015716857456896119, 1.3569187466458866e-07]",
d1-omni,ood_yelp_rating,21757,rating,score,3,2,"[""0"", ""1"", ""2"", ""3"", ""4""]","[0.0003269467542672801, 0.06580721766434558, 0.5379706867176633, 0.31238143100651705, 0.08351371785720671]",
d1-omni,ood_yelp_rating,21774,rating,score,2,2,"[""0"", ""1"", ""2"", ""3"", ""4""]","[3.3479337704269504e-06, 0.048205765278750486, 0.8211819456708783, 0.13005679519956895, 0.0005521459170317778]",
d1-omni,ood_yelp_rating,21834,rating,score,1,1,"[""0"", ""1"", ""2"", ""3"", ""4""]","[0.028767581974105758, 0.8252566504486535, 0.14326812121182475, 0.0026291770652501455, 7.846930016587e-05]",
d1-omni,ood_yelp_rating,21892,rating,score,1,1,"[""0"", ""1"", ""2"", ""3"", ""4""]","[0.02954093452041416, 0.9311874454069644, 0.03926937885971748, 2.236166033163399e-06, 5.046870787994318e-09]",
d1-omni,ood_yelp_rating,21961,rating,score,4,4,"[""0"", ""1"", ""2"", ""3"", ""4""]","[3.2609672172272086e-05, 1.218170134200077e-07, 0.00015375966090140793, 0.014203865906169517, 0.9856096429437434]",
d1-omni,ood_yelp_rating,21997,rating,score,1,1,"[""0"", ""1"", ""2"", ""3"", ""4""]","[0.06560332368821617, 0.8292250393949213, 0.10293170646316686, 0.002239895172639596, 3.5281056035058205e-08]",
d1-omni,ood_yelp_rating,22146,rating,score,3,3,"[""0"", ""1"", ""2"", ""3"", ""4""]","[7.544393105364186e-06, 0.004213294790737388, 0.06356813164473739, 0.7037400758206408, 0.22847095335077913]",
d1-omni,ood_yelp_rating,22213,rating,score,1,1,"[""0"", ""1"", ""2"", ""3"", ""4""]","[0.023473460590995244, 0.811562505958179, 0.16327658798504766, 0.001687384864542115, 6.060123617156995e-08]",
d1-omni,ood_yelp_rating,22509,rating,score,0,1,"[""0"", ""1"", ""2"", ""3"", ""4""]","[0.05844363897743833, 0.6745094598874113, 0.2541155907666753, 0.011850373399322416, 0.0010809369691526791]",
d1-omni,ood_yelp_rating,22531,rating,score,3,3,"[""0"", ""1"", ""2"", ""3"", ""4""]","[1.1903434482924622e-06, 0.0038819222732725048, 0.42191626403068533, 0.5567690440055374, 0.01743157934705644]",
d1-omni,ood_yelp_rating,22535,rating,score,1,1,"[""0"", ""1"", ""2"", ""3"", ""4""]","[0.09282015117782391, 0.8221628379074293, 0.08493776218717822, 7.917394695187054e-05, 7.478061658540853e-08]",
d1-omni,ood_yelp_rating,22540,rating,score,4,4,"[""0"", ""1"", ""2"", ""3"", ""4""]","[5.8594584270202554e-05, 1.1811568575503822e-05, 0.0006771600458497822, 0.015472411509491402, 0.983780022291813]",
d1-omni,ood_yelp_rating,22551,rating,score,3,3,"[""0"", ""1"", ""2"", ""3"", ""4""]","[3.404366374459783e-07, 3.161790455417041e-05, 0.03658648581660995, 0.7907021116170313, 0.172679444225167]",
d1-omni,ood_yelp_rating,22566,rating,score,1,0,"[""0"", ""1"", ""2"", ""3"", ""4""]","[0.7897055648712563, 0.2032096651531075, 0.007076759927271866, 7.891159851137989e-06, 1.1888851329883196e-07]",
d1-omni,ood_yelp_rating,22630,rating,score,3,3,"[""0"", ""1"", ""2"", ""3"", ""4""]","[0.001990541410527208, 0.016217049712398294, 0.08828064997869281, 0.7156364975171688, 0.17787526138121285]",
d1-omni,ood_yelp_rating,22648,rating,score,2,1,"[""0"", ""1"", ""2"", ""3"", ""4""]","[0.08513405114002152, 0.647762378028694, 0.2601906774674731, 0.006900070876314736, 1.2822487496571953e-05]",
d1-omni,ood_yelp_rating,22752,rating,score,3,4,"[""0"", ""1"", ""2"", ""3"", ""4""]","[0.0006834041887942247, 0.0005469898549335887, 0.00758792131440667, 0.44926485200278554, 0.54191683263908]",
d1-omni,ood_yelp_rating,22762,rating,score,0,0,"[""0"", ""1"", ""2"", ""3"", ""4""]","[0.9600519348388821, 0.03836942543149423, 0.0015759812484861793, 2.6432473955418568e-06, 1.5233742203550702e-08]",
d1-omni,ood_yelp_rating,22817,rating,score,1,1,"[""0"", ""1"", ""2"", ""3"", ""4""]","[0.04463037613656996, 0.904117852495555, 0.0466126410099892, 0.004638999459283562, 1.30898602172285e-07]",
d1-omni,ood_yelp_rating,22818,rating,score,1,1,"[""0"", ""1"", ""2"", ""3"", ""4""]","[0.018820004458371908, 0.9420008693861804, 0.03891901035493927, 0.000255410308648365, 4.705491859988872e-06]",
d1-omni,ood_yelp_rating,22880,rating,score,0,1,"[""0"", ""1"", ""2"", ""3"", ""4""]","[0.06977126383636655, 0.8254472775270285, 0.10473906555708996, 4.238213580607527e-05, 1.0943708874112276e-08]",
d1-omni,ood_yelp_rating,22994,rating,score,2,1,"[""0"", ""1"", ""2"", ""3"", ""4""]","[0.036439534581152275, 0.8885251843381597, 0.07495641291512341, 7.882574425046893e-05, 4.2421313944406925e-08]",
d1-omni,ood_yelp_rating,23283,rating,score,3,3,"[""0"", ""1"", ""2"", ""3"", ""4""]","[9.212026136328925e-06, 0.0006198609429984684, 0.03381022578408307, 0.8025190596826339, 0.16304164156414822]",
d1-omni,ood_yelp_rating,23411,rating,score,4,4,"[""0"", ""1"", ""2"", ""3"", ""4""]","[2.2088168501255798e-05, 5.784595166216312e-06, 0.047529907358413455, 0.23480876741632611, 0.7176334524615929]",
d1-omni,ood_yelp_rating,23436,rating,score,0,0,"[""0"", ""1"", ""2"", ""3"", ""4""]","[0.9896847731928624, 0.010093959511981132, 0.0002211612973333873, 1.0421859746843043e-07, 1.7792255263091896e-09]",
d1-omni,ood_yelp_rating,23472,rating,score,1,1,"[""0"", ""1"", ""2"", ""3"", ""4""]","[0.21360051584839876, 0.586038063801721, 0.1894244659676909, 0.010929342767750854, 7.611614438499791e-06]",
d1-omni,ood_yelp_rating,23484,rating,score,2,2,"[""0"", ""1"", ""2"", ""3"", ""4""]","[0.0003185310124188866, 0.03392584968298304, 0.7704541054284207, 0.1897320847080602, 0.005569429168117299]",
d1-omni,ood_yelp_rating,23497,rating,score,1,0,"[""0"", ""1"", ""2"", ""3"", ""4""]","[0.5125595800502851, 0.42492681219383743, 0.06044424984430887, 0.0020582145453777482, 1.1143366190840309e-05]",
d1-omni,ood_yelp_rating,23520,rating,score,0,0,"[""0"", ""1"", ""2"", ""3"", ""4""]","[0.8743175627179511, 0.11966236386901362, 0.006019041498846478, 1.0272672008372014e-06, 4.646987707844912e-09]",
d1-omni,ood_yelp_rating,23602,rating,score,1,1,"[""0"", ""1"", ""2"", ""3"", ""4""]","[0.12731630546215894, 0.8350853242806385, 0.03759329547272378, 5.051391888155425e-06, 2.3392590627346976e-08]",
d1-omni,ood_yelp_rating,23605,rating,score,4,4,"[""0"", ""1"", ""2"", ""3"", ""4""]","[5.458850118488337e-07, 2.997497497711135e-06, 0.0019705326045404135, 0.21690850333580927, 0.7811174206771409]",
d1-omni,ood_yelp_rating,23607,rating,score,2,1,"[""0"", ""1"", ""2"", ""3"", ""4""]","[0.05993618442149736, 0.710477156862114, 0.21758445797206963, 0.009919001158681658, 0.002083199585637367]",
d1-omni,ood_yelp_rating,23751,rating,score,4,4,"[""0"", ""1"", ""2"", ""3"", ""4""]","[0.00010651361946701423, 8.540632562509486e-06, 0.001554543075164657, 0.035485048080308494, 0.9628453545924973]",
d1-omni,ood_yelp_rating,23775,rating,score,2,3,"[""0"", ""1"", ""2"", ""3"", ""4""]","[4.781849249342281e-07, 0.0012457299866508117, 0.14258752060423013, 0.8205345234130402, 0.035631747811153844]",
d1-omni,ood_yelp_rating,23818,rating,score,3,3,"[""0"", ""1"", ""2"", ""3"", ""4""]","[8.073478775711367e-05, 0.004100664897131779, 0.13884607406773153, 0.5503546958709258, 0.3066178303764538]",
d1-omni,ood_yelp_rating,23850,rating,score,3,4,"[""0"", ""1"", ""2"", ""3"", ""4""]","[1.1118367521082572e-05, 1.8008984059901623e-06, 0.006118948744316011, 0.30837364712285525, 0.6854944848669017]",
d1-omni,ood_yelp_rating,23902,rating,score,3,2,"[""0"", ""1"", ""2"", ""3"", ""4""]","[1.0885664760388635e-08, 0.00010192366224485794, 0.8487908521770307, 0.15011338157274737, 0.0009938317023122645]",
d1-omni,ood_yelp_rating,23925,rating,score,2,2,"[""0"", ""1"", ""2"", ""3"", ""4""]","[0.0004558155191594017, 0.2515922860645636, 0.7344332113510511, 0.013504262051450966, 1.442501377488389e-05]",
d1-omni,ood_yelp_rating,23938,rating,score,2,2,"[""0"", ""1"", ""2"", ""3"", ""4""]","[0.0003841610638069044, 0.06731093153291078, 0.9310153810063677, 0.0012894870163880276, 3.938052663010548e-08]",
d1-omni,ood_yelp_rating,23950,rating,score,1,1,"[""0"", ""1"", ""2"", ""3"", ""4""]","[0.0971548548297332, 0.9013065675594876, 0.0015384858834445155, 8.777912792384322e-08, 3.948206958616941e-09]",
d1-omni,ood_yelp_rating,24110,rating,score,3,4,"[""0"", ""1"", ""2"", ""3"", ""4""]","[2.3450105450140878e-07, 1.3126681771310864e-08, 0.00012387053936314913, 0.023216884558126486, 0.9766589972747741]",
d1-omni,ood_yelp_rating,24119,rating,score,1,1,"[""0"", ""1"", ""2"", ""3"", ""4""]","[0.023779292151665254, 0.655064305045849, 0.32112892373500046, 2.729082262575383e-05, 1.8824485959732657e-07]",
d1-omni,ood_yelp_rating,24263,rating,score,3,2,"[""0"", ""1"", ""2"", ""3"", ""4""]","[0.0012201382414847011, 0.3101480223176346, 0.6295829179680417, 0.05887211099575749, 0.00017681047708148086]",
d1-omni,ood_yelp_rating,24358,rating,score,0,0,"[""0"", ""1"", ""2"", ""3"", ""4""]","[0.6022900301988023, 0.39115290223863797, 0.006548621113441419, 8.437730428262004e-06, 8.718689808700596e-09]",
d1-omni,ood_yelp_rating,24399,rating,score,3,3,"[""0"", ""1"", ""2"", ""3"", ""4""]","[4.019249247516951e-06, 0.0009644558907442829, 0.15251849478116764, 0.7326161132607674, 0.11389691681807314]",
d1-omni,ood_yelp_rating,24416,rating,score,0,0,"[""0"", ""1"", ""2"", ""3"", ""4""]","[0.9886956017277726, 0.010876677565040984, 0.000425873252227678, 1.845472074333388e-06, 1.982884528983008e-09]",
d1-omni,ood_yelp_rating,24483,rating,score,1,1,"[""0"", ""1"", ""2"", ""3"", ""4""]","[0.08269355177688545, 0.8600052902646628, 0.057224243411447114, 7.689398139128751e-05, 2.0565613460723117e-08]",
d1-omni,ood_yelp_rating,24544,rating,score,1,2,"[""0"", ""1"", ""2"", ""3"", ""4""]","[0.0069996726276445684, 0.16103242633449918, 0.46244952995240185, 0.36784276321614084, 0.0016756078693136625]",
d1-omni,ood_yelp_rating,24547,rating,score,1,1,"[""0"", ""1"", ""2"", ""3"", ""4""]","[0.25992173193003165, 0.7162666204289515, 0.02375522440578294, 5.640673084199613e-05, 1.6504391942689707e-08]",
d1-omni,ood_yelp_rating,24598,rating,score,4,4,"[""0"", ""1"", ""2"", ""3"", ""4""]","[0.0001265560409813558, 1.4707267550005286e-05, 0.004315556778556999, 0.20773229866033527, 0.7878108812525764]",
d1-omni,ood_yelp_rating,24599,rating,score,1,2,"[""0"", ""1"", ""2"", ""3"", ""4""]","[0.010294770596425744, 0.2343079502874595, 0.703625026457431, 0.04922465214796575, 0.002547600510718158]",
d1-omni,ood_yelp_rating,24633,rating,score,0,3,"[""0"", ""1"", ""2"", ""3"", ""4""]","[0.03284932628528151, 0.1499226833149089, 0.20095653705526303, 0.3649528645309088, 0.2513185888136377]",
d1-omni,ood_yelp_rating,24665,rating,score,4,4,"[""0"", ""1"", ""2"", ""3"", ""4""]","[4.6180386575309924e-08, 1.1585370135052873e-08, 0.0008007452493867558, 0.19574468762992833, 0.8034545093549281]",
d1-omni,ood_yelp_rating,24666,rating,score,4,4,"[""0"", ""1"", ""2"", ""3"", ""4""]","[9.861401963357252e-07, 5.319827888076512e-07, 0.006990134937928011, 0.12366135969901484, 0.869346987240072]",
d1-omni,ood_yelp_rating,24761,rating,score,3,3,"[""0"", ""1"", ""2"", ""3"", ""4""]","[2.568672100401365e-07, 0.00017354351972110086, 0.08548837718781341, 0.5615520814739147, 0.35278574095134085]",
d1-omni,ood_yelp_rating,24806,rating,score,3,4,"[""0"", ""1"", ""2"", ""3"", ""4""]","[5.9750961484765024e-05, 0.0009237732045229584, 0.012414385683808137, 0.2835175934157859, 0.7030844967343982]",
d1-omni,ood_yelp_rating,24897,rating,score,3,3,"[""0"", ""1"", ""2"", ""3"", ""4""]","[4.283019863863485e-08, 2.4462598619891372e-05, 0.15696005675413957, 0.8025766245238348, 0.0404388132932071]",
d1-omni,ood_yelp_rating,24991,rating,score,1,1,"[""0"", ""1"", ""2"", ""3"", ""4""]","[0.032719979647586085, 0.8512568960693943, 0.1138628899502186, 0.002160093031218318, 1.4130158261736e-07]",
d1-omni,ood_yelp_rating,24994,rating,score,0,0,"[""0"", ""1"", ""2"", ""3"", ""4""]","[0.9737067765748776, 0.02575904081485446, 0.0005333082055459509, 8.703426264289719e-07, 4.0620953858217984e-09]",
d1-omni,ood_yelp_rating,25055,rating,score,0,0,"[""0"", ""1"", ""2"", ""3"", ""4""]","[0.9408687065412267, 0.058697051866691066, 0.00043394494495265553, 2.855742113031416e-07, 1.1072918211034553e-08]",
d1-omni,ood_yelp_rating,25204,rating,score,0,0,"[""0"", ""1"", ""2"", ""3"", ""4""]","[0.9846068506270153, 0.014649668529270535, 0.0007399909314391085, 3.433540328216499e-06, 5.637194682203637e-08]",
d1-omni,ood_yelp_rating,25230,rating,score,1,1,"[""0"", ""1"", ""2"", ""3"", ""4""]","[0.034066947317464374, 0.8743185037602909, 0.0911901224121943, 0.0004242574979745323, 1.6901207587807478e-07]",
d1-omni,ood_yelp_rating,25334,rating,score,1,0,"[""0"", ""1"", ""2"", ""3"", ""4""]","[0.6288252879152638, 0.32227215538629456, 0.04827717272087961, 0.0006251766974141523, 2.0728014797968534e-07]",
d1-omni,ood_yelp_rating,25346,rating,score,3,4,"[""0"", ""1"", ""2"", ""3"", ""4""]","[1.2781385401023226e-06, 5.716183484472209e-07, 0.001361181580845569, 0.07720305004436602, 0.9214339186178999]",
d1-omni,ood_yelp_rating,25452,rating,score,3,2,"[""0"", ""1"", ""2"", ""3"", ""4""]","[1.7802318543449217e-08, 0.0017780858049299833, 0.9032561172680914, 0.09494715051942422, 1.8628605235725285e-05]",
d1-omni,ood_yelp_rating,25466,rating,score,0,1,"[""0"", ""1"", ""2"", ""3"", ""4""]","[0.05216034478223493, 0.8108118144627896, 0.127788895006356, 0.009238932832618337, 1.2916001038545733e-08]",
d1-omni,ood_yelp_rating,25562,rating,score,1,2,"[""0"", ""1"", ""2"", ""3"", ""4""]","[5.044697199552882e-05, 0.16216376497239776, 0.8193241231884486, 0.018440220671110653, 2.1444196047532727e-05]",
d1-omni,ood_yelp_rating,25627,rating,score,1,2,"[""0"", ""1"", ""2"", ""3"", ""4""]","[0.0004703508183163751, 0.12085023468461355, 0.8372300244946438, 0.0414295933953951, 1.9796607031076018e-05]",
d1-omni,ood_yelp_rating,25685,rating,score,4,4,"[""0"", ""1"", ""2"", ""3"", ""4""]","[0.0009019292805678245, 0.0028495798668931793, 0.018818995972455906, 0.33882774659247933, 0.6386017482876037]",
d1-omni,ood_yelp_rating,25781,rating,score,1,1,"[""0"", ""1"", ""2"", ""3"", ""4""]","[0.3021356132097689, 0.6882264456257946, 0.009636549287095382, 1.3862996890115338e-06, 5.577651970592309e-09]",
d1-omni,ood_yelp_rating,25786,rating,score,2,2,"[""0"", ""1"", ""2"", ""3"", ""4""]","[9.54880624158001e-08, 0.003529193252276049, 0.9355618897284195, 0.060809678964396374, 9.91425668457067e-05]",
d1-omni,ood_yelp_rating,25821,rating,score,1,1,"[""0"", ""1"", ""2"", ""3"", ""4""]","[0.00510272415029995, 0.534920759309057, 0.4575420096433775, 0.002424520723007809, 9.986174257617912e-06]",
d1-omni,ood_yelp_rating,25851,rating,score,2,2,"[""0"", ""1"", ""2"", ""3"", ""4""]","[6.91147595275047e-06, 0.019368741591989556, 0.9773093720560396, 0.0033144097593478953, 5.651166704100023e-07]",
d1-omni,ood_yelp_rating,25893,rating,score,0,1,"[""0"", ""1"", ""2"", ""3"", ""4""]","[0.05753280279847846, 0.8707860775252307, 0.07139127299064914, 0.00028984288599900345, 3.799642838188344e-09]",
d1-omni,ood_yelp_rating,26017,rating,score,2,2,"[""0"", ""1"", ""2"", ""3"", ""4""]","[0.000420214480098444, 0.317801962508206, 0.681715270191473, 6.245928258217065e-05, 9.353764034607288e-08]",
d1-omni,ood_yelp_rating,26075,rating,score,3,3,"[""0"", ""1"", ""2"", ""3"", ""4""]","[1.0902243667840748e-05, 0.0009474863113866712, 0.05980425849507365, 0.6800929129560233, 0.2591444399938486]",
d1-omni,ood_yelp_rating,26249,rating,score,2,2,"[""0"", ""1"", ""2"", ""3"", ""4""]","[0.00028073617768715635, 0.04478732865991974, 0.6152584587184454, 0.3010266564939655, 0.03864681994998229]",
d1-omni,ood_yelp_rating,26281,rating,score,4,4,"[""0"", ""1"", ""2"", ""3"", ""4""]","[1.1754677328646096e-06, 3.387058285923095e-08, 0.00040641275495676256, 0.09752245513970835, 0.9020699227670191]",
d1-omni,ood_yelp_rating,26338,rating,score,4,4,"[""0"", ""1"", ""2"", ""3"", ""4""]","[6.388551740864495e-07, 1.692799165189821e-07, 0.0009128497857481527, 0.06872446305708521, 0.930361879022076]",
d1-omni,ood_yelp_rating,26390,rating,score,2,2,"[""0"", ""1"", ""2"", ""3"", ""4""]","[4.253160428702533e-05, 0.030454166245490882, 0.9665589215438855, 0.0029440814484922493, 2.991578444047911e-07]",
d1-omni,ood_yelp_rating,26495,rating,score,2,3,"[""0"", ""1"", ""2"", ""3"", ""4""]","[0.00016024421221959748, 0.017544570001792666, 0.3360907015950717, 0.5519595845078749, 0.09424489968304123]",
d1-omni,ood_yelp_rating,26496,rating,score,0,0,"[""0"", ""1"", ""2"", ""3"", ""4""]","[0.8617698171756493, 0.13688544968791092, 0.0013446012580390603, 1.1720807209946202e-07, 1.4670328720944202e-08]",
d1-omni,ood_yelp_rating,26519,rating,score,2,2,"[""0"", ""1"", ""2"", ""3"", ""4""]","[0.02971830991122375, 0.25133154589808654, 0.31103568879910265, 0.3050197315824812, 0.10289472380910591]",
d1-omni,ood_yelp_rating,26584,rating,score,0,0,"[""0"", ""1"", ""2"", ""3"", ""4""]","[0.5040298657872889, 0.48661781855836966, 0.009349573273615882, 2.7329754424834944e-06, 9.405283123008732e-09]",
d1-omni,ood_yelp_rating,26612,rating,score,4,3,"[""0"", ""1"", ""2"", ""3"", ""4""]","[0.0001628550036279296, 0.00026850236067619713, 0.009595329040702672, 0.5321373720659394, 0.4578359415290539]",
d1-omni,ood_yelp_rating,26651,rating,score,4,4,"[""0"", ""1"", ""2"", ""3"", ""4""]","[5.873534884466492e-07, 5.517680744490076e-07, 0.0018747531845939443, 0.1642078545595922, 0.833916253134251]",
d1-omni,ood_yelp_rating,26793,rating,score,2,3,"[""0"", ""1"", ""2"", ""3"", ""4""]","[2.7238110983239236e-07, 0.00045103975935674955, 0.09051885585973854, 0.8630225180125124, 0.04600731398728247]",
d1-omni,ood_yelp_rating,26815,rating,score,4,4,"[""0"", ""1"", ""2"", ""3"", ""4""]","[5.551673486136601e-05, 4.256611058157476e-05, 0.0024981966228255375, 0.10275692264055271, 0.8946467978911787]",
d1-omni,ood_yelp_rating,26932,rating,score,4,4,"[""0"", ""1"", ""2"", ""3"", ""4""]","[3.0777542312880264e-06, 1.080393923139953e-06, 0.00020468373837944533, 0.007477180469773526, 0.9923139776436926]",
d1-omni,ood_yelp_rating,26937,rating,score,1,1,"[""0"", ""1"", ""2"", ""3"", ""4""]","[0.08079567211216246, 0.5388214422523333, 0.3670856847527369, 0.013241151097275968, 5.604978549127342e-05]",
d1-omni,ood_yelp_rating,27067,rating,score,4,4,"[""0"", ""1"", ""2"", ""3"", ""4""]","[4.467785842821091e-06, 2.123151417453376e-05, 0.02837433059266783, 0.4019645193073384, 0.5696354507999765]",
d1-omni,ood_yelp_rating,27140,rating,score,3,3,"[""0"", ""1"", ""2"", ""3"", ""4""]","[1.954417063739609e-08, 0.00030052955801785865, 0.10878707576675596, 0.8888944140439161, 0.002017961087139449]",
d1-omni,ood_yelp_rating,27145,rating,score,3,3,"[""0"", ""1"", ""2"", ""3"", ""4""]","[1.5980959923574703e-07, 0.00046353589969312116, 0.20259453417165926, 0.7527300493176431, 0.04421172080140541]",
d1-omni,ood_yelp_rating,27197,rating,score,4,4,"[""0"", ""1"", ""2"", ""3"", ""4""]","[9.559539964867437e-06, 7.257240458370445e-07, 0.010411893877577296, 0.2841748408211022, 0.7054029800373097]",
d1-omni,ood_yelp_rating,27241,rating,score,4,4,"[""0"", ""1"", ""2"", ""3"", ""4""]","[2.2584739834453553e-06, 1.4073857387400315e-08, 0.00016367663003936283, 0.3647170254211558, 0.635117025400964]",
d1-omni,ood_yelp_rating,27255,rating,score,2,1,"[""0"", ""1"", ""2"", ""3"", ""4""]","[0.06059090476232706, 0.7472140643165233, 0.1909657286587558, 0.0012289934781411884, 3.087842528275717e-07]",
d1-omni,ood_yelp_rating,27369,rating,score,1,1,"[""0"", ""1"", ""2"", ""3"", ""4""]","[0.1300536809660199, 0.7997934747275333, 0.0700902244862256, 6.261659891684342e-05, 3.2213045980996992e-09]",
d1-omni,ood_yelp_rating,27444,rating,score,2,2,"[""0"", ""1"", ""2"", ""3"", ""4""]","[0.13283794074996325, 0.33604010421404, 0.45886400104196134, 0.06176783720775979, 0.010490116786275637]",
d1-omni,ood_yelp_rating,27493,rating,score,1,0,"[""0"", ""1"", ""2"", ""3"", ""4""]","[0.601553633763136, 0.3447692030173078, 0.05292372450388404, 0.0007527080677724905, 7.306478997407167e-07]",
d1-omni,ood_yelp_rating,27496,rating,score,0,0,"[""0"", ""1"", ""2"", ""3"", ""4""]","[0.7249272448171956, 0.25722172999858706, 0.016899467006233206, 0.0009506135411164048, 9.446368676025481e-07]",
d1-omni,ood_yelp_rating,27500,rating,score,1,2,"[""0"", ""1"", ""2"", ""3"", ""4""]","[0.08556410141827807, 0.19714445473054631, 0.49142668532565154, 0.2186957055946254, 0.007169052930898507]",
d1-omni,ood_yelp_rating,27547,rating,score,4,3,"[""0"", ""1"", ""2"", ""3"", ""4""]","[7.294546635904435e-05, 0.004674458151909181, 0.16811241462660645, 0.6206610530175158, 0.2064791287376096]",
d1-omni,ood_yelp_rating,27601,rating,score,0,0,"[""0"", ""1"", ""2"", ""3"", ""4""]","[0.8749140060825582, 0.12027138514763429, 0.00480676319790445, 6.929491475977371e-06, 9.160804271070995e-07]",
d1-omni,ood_yelp_rating,27801,rating,score,2,2,"[""0"", ""1"", ""2"", ""3"", ""4""]","[2.7205152951688723e-05, 0.020444663781483442, 0.6665377914084691, 0.308157960994963, 0.004832378662132633]",
d1-omni,ood_yelp_rating,27803,rating,score,1,1,"[""0"", ""1"", ""2"", ""3"", ""4""]","[2.929239298564425e-05, 0.8648375260059369, 0.13511096714789503, 2.2197606627675055e-05, 1.6846555017967328e-08]",
d1-omni,ood_yelp_rating,27810,rating,score,4,3,"[""0"", ""1"", ""2"", ""3"", ""4""]","[4.4629337592933604e-07, 0.00011993751218521206, 0.09492093501392082, 0.7763524598429846, 0.1286062213375334]",
d1-omni,ood_yelp_rating,27845,rating,score,2,1,"[""0"", ""1"", ""2"", ""3"", ""4""]","[0.026780675334148667, 0.8404772164995057, 0.13233502997994617, 0.0004070402687703323, 3.791762902040787e-08]",
d1-omni,ood_yelp_rating,28063,rating,score,4,4,"[""0"", ""1"", ""2"", ""3"", ""4""]","[1.4609376513178544e-05, 8.86103188223255e-06, 0.015054126305902584, 0.41238396569615854, 0.5725384375895435]",
d1-omni,ood_yelp_rating,28103,rating,score,4,4,"[""0"", ""1"", ""2"", ""3"", ""4""]","[4.83502717424132e-06, 2.2839037912691152e-06, 0.0026713515867099378, 0.2850049814208658, 0.7123165480614587]",
d1-omni,ood_yelp_rating,28147,rating,score,0,0,"[""0"", ""1"", ""2"", ""3"", ""4""]","[0.7869618045470708, 0.1896781044118923, 0.022642759987891888, 0.0007151675354637341, 2.163517681317286e-06]",
d1-omni,ood_yelp_rating,28174,rating,score,4,3,"[""0"", ""1"", ""2"", ""3"", ""4""]","[4.290894628207131e-08, 2.864363715263039e-07, 0.00894093073704233, 0.6397947566953459, 0.35126398322229385]",
d1-omni,ood_yelp_rating,28195,rating,score,0,0,"[""0"", ""1"", ""2"", ""3"", ""4""]","[0.8816411439485616, 0.1141315290070533, 0.004220644725095753, 6.663010186027523e-06, 1.930910330013366e-08]",
d1-omni,ood_yelp_rating,28203,rating,score,0,0,"[""0"", ""1"", ""2"", ""3"", ""4""]","[0.9498305798227974, 0.04452188599664291, 0.004578277010430494, 0.001065361984138525, 3.895185990878833e-06]",
d1-omni,ood_yelp_rating,28254,rating,score,2,2,"[""0"", ""1"", ""2"", ""3"", ""4""]","[4.031133403869362e-05, 0.05263956455563606, 0.8844543258682198, 0.06285345586360393, 1.2342378501518998e-05]",
d1-omni,ood_yelp_rating,28259,rating,score,2,2,"[""0"", ""1"", ""2"", ""3"", ""4""]","[1.7910450826838385e-07, 0.006359731151995815, 0.9920783486527484, 0.0015615842618181396, 1.5682892962399934e-07]",
d1-omni,ood_yelp_rating,28299,rating,score,2,2,"[""0"", ""1"", ""2"", ""3"", ""4""]","[9.06095127869157e-06, 0.07263716541401728, 0.9192542192739307, 0.008094143817899682, 5.410542873602969e-06]",
d1-omni,ood_yelp_rating,28349,rating,score,0,0,"[""0"", ""1"", ""2"", ""3"", ""4""]","[0.7303091215395234, 0.24993534481553167, 0.019538245605376342, 0.00021705022821258608, 2.3781135594238684e-07]",
d1-omni,ood_yelp_rating,28384,rating,score,1,1,"[""0"", ""1"", ""2"", ""3"", ""4""]","[0.47996316084459345, 0.5029971406020026, 0.016129388340754565, 0.0009050837720241492, 5.2264406252093534e-06]",
d1-omni,ood_yelp_rating,28397,rating,score,0,0,"[""0"", ""1"", ""2"", ""3"", ""4""]","[0.9994478124774823, 0.0005389199236220847, 1.3256513899519748e-05, 1.0461616486234181e-08, 6.233796461370803e-10]",
d1-omni,ood_yelp_rating,28437,rating,score,4,4,"[""0"", ""1"", ""2"", ""3"", ""4""]","[2.6337329862918053e-07, 5.910303578884726e-09, 0.0002465621281761054, 0.02794750270940875, 0.9718056658788129]",
d1-omni,ood_yelp_rating,28484,rating,score,3,3,"[""0"", ""1"", ""2"", ""3"", ""4""]","[0.006874854292144655, 0.006284125782721513, 0.05832812929381516, 0.4810240316280369, 0.44748885900328167]",
d1-omni,ood_yelp_rating,28491,rating,score,1,0,"[""0"", ""1"", ""2"", ""3"", ""4""]","[0.9029153405497431, 0.09619438427220256, 0.0008902556309215221, 1.7760871488995983e-08, 1.7862614996863433e-09]",
d1-omni,ood_yelp_rating,28656,rating,score,0,1,"[""0"", ""1"", ""2"", ""3"", ""4""]","[0.07851247886424356, 0.8906650388986903, 0.030652238599061483, 0.00017024256300361346, 1.0750010146355035e-09]",
d1-omni,ood_yelp_rating,28745,rating,score,2,1,"[""0"", ""1"", ""2"", ""3"", ""4""]","[0.13007136347963388, 0.7439542779859211, 0.12585420524756996, 0.00011881261378325805, 1.340673091870249e-06]",
d1-omni,ood_yelp_rating,28770,rating,score,3,4,"[""0"", ""1"", ""2"", ""3"", ""4""]","[2.295233279707611e-06, 0.0006748076931593042, 0.0068687684030678256, 0.48484103372428006, 0.5076130949462131]",
d1-omni,ood_yelp_rating,28781,rating,score,0,0,"[""0"", ""1"", ""2"", ""3"", ""4""]","[0.9933966874861182, 0.00657361149066393, 2.969314983324911e-05, 6.3812108639648324e-09, 1.4921736527607028e-09]",
d1-omni,ood_yelp_rating,28810,rating,score,1,1,"[""0"", ""1"", ""2"", ""3"", ""4""]","[0.36098057884810336, 0.5480161403971429, 0.0902068783710339, 0.0007962237582060079, 1.7862551391176186e-07]",
d1-omni,ood_yelp_rating,28840,rating,score,3,3,"[""0"", ""1"", ""2"", ""3"", ""4""]","[2.1979870390738243e-07, 7.628049319575181e-06, 0.06232593029972933, 0.7032532570030847, 0.23441296484916235]",
d1-omni,ood_yelp_rating,28870,rating,score,3,3,"[""0"", ""1"", ""2"", ""3"", ""4""]","[1.5597067352697835e-09, 1.3473828137172195e-08, 0.005561691265436385, 0.7334344716562817, 0.261003822044747]",
d1-omni,ood_yelp_rating,28979,rating,score,3,4,"[""0"", ""1"", ""2"", ""3"", ""4""]","[8.046492176720023e-05, 4.937976533824513e-05, 0.0032393712087459034, 0.09139797271859575, 0.905232811385553]",
d1-omni,ood_yelp_rating,29053,rating,score,0,1,"[""0"", ""1"", ""2"", ""3"", ""4""]","[0.25112020015857467, 0.7352058162717137, 0.013538283838155862, 0.00013567318391439587, 2.6547641424779306e-08]",
d1-omni,ood_yelp_rating,29066,rating,score,2,2,"[""0"", ""1"", ""2"", ""3"", ""4""]","[2.756850304242749e-05, 0.03496775705981753, 0.8563409720280944, 0.108659113211584, 4.589197461573101e-06]",
d1-omni,ood_yelp_rating,29164,rating,score,0,0,"[""0"", ""1"", ""2"", ""3"", ""4""]","[0.608101984319991, 0.3865331119608739, 0.005364877906432812, 2.4069136625371594e-08, 1.74356558901417e-09]",
d1-omni,ood_yelp_rating,29272,rating,score,1,2,"[""0"", ""1"", ""2"", ""3"", ""4""]","[0.015793817328959663, 0.43085467473075295, 0.5478520816449056, 0.005444887277226843, 5.453901815493215e-05]",
d1-omni,ood_yelp_rating,29386,rating,score,2,2,"[""0"", ""1"", ""2"", ""3"", ""4""]","[6.114521826495914e-05, 0.20294159427415473, 0.7749218034257539, 0.021875751252349918, 0.00019970582947633392]",
d1-omni,ood_yelp_rating,29409,rating,score,4,4,"[""0"", ""1"", ""2"", ""3"", ""4""]","[1.0090093727563354e-07, 6.683182122043908e-07, 0.006994425336780701, 0.3015045970472007, 0.6915002083968691]",
d1-omni,ood_yelp_rating,29414,rating,score,3,3,"[""0"", ""1"", ""2"", ""3"", ""4""]","[2.3318509313167522e-07, 7.368418343683657e-06, 0.02105140178024464, 0.5479832007602594, 0.43095779585605903]",
d1-omni,ood_yelp_rating,29424,rating,score,1,1,"[""0"", ""1"", ""2"", ""3"", ""4""]","[0.4639144903507142, 0.5195595220366129, 0.016410203515550587, 0.0001152004635777867, 5.836335443655066e-07]",
d1-omni,ood_yelp_rating,29436,rating,score,2,2,"[""0"", ""1"", ""2"", ""3"", ""4""]","[4.638958279892076e-06, 0.007562628199103525, 0.9469981412060987, 0.045408514672603505, 2.607696391420506e-05]",
d1-omni,ood_yelp_rating,29474,rating,score,1,2,"[""0"", ""1"", ""2"", ""3"", ""4""]","[0.0006110971957794137, 0.21524114594204455, 0.7834843659705026, 0.0006633397633233534, 5.112835002242394e-08]",
d1-omni,ood_yelp_rating,29614,rating,score,3,4,"[""0"", ""1"", ""2"", ""3"", ""4""]","[3.095152820397427e-05, 1.8773045827750667e-05, 0.002109280619716557, 0.1690401468221916, 0.8288008479840601]",
d1-omni,ood_yelp_rating,29631,rating,score,2,1,"[""0"", ""1"", ""2"", ""3"", ""4""]","[0.0007723102463844221, 0.5741893429591474, 0.4250376675053175, 6.746356918864158e-07, 4.653458719153717e-09]",
d1-omni,ood_yelp_rating,29651,rating,score,3,2,"[""0"", ""1"", ""2"", ""3"", ""4""]","[0.0003016082711135974, 0.17781946774594298, 0.7556256241452506, 0.06605001706960133, 0.0002032827680915859]",
d1-omni,ood_yelp_rating,29759,rating,score,2,1,"[""0"", ""1"", ""2"", ""3"", ""4""]","[0.07455580336091162, 0.8962705617859139, 0.02900819250667064, 0.00016410855105669016, 1.3337954471409121e-06]",
d1-omni,ood_yelp_rating,29775,rating,score,1,1,"[""0"", ""1"", ""2"", ""3"", ""4""]","[0.020275921053726515, 0.7965840095110981, 0.18302622027178025, 0.00011381480457710355, 3.4358817905550346e-08]",
d1-omni,ood_yelp_rating,29780,rating,score,4,4,"[""0"", ""1"", ""2"", ""3"", ""4""]","[2.927820904988166e-06, 1.7657004273938093e-05, 0.00010607028292613116, 0.08136335588934175, 0.9185099890025531]",
d1-omni,ood_yelp_rating,29782,rating,score,0,0,"[""0"", ""1"", ""2"", ""3"", ""4""]","[0.9955902305986534, 0.004210222123072224, 0.00019943044261740972, 1.0859178765358094e-07, 8.243869087249033e-09]",
d1-omni,ood_yelp_rating,29908,rating,score,2,2,"[""0"", ""1"", ""2"", ""3"", ""4""]","[4.722813616486949e-07, 0.06283400562692674, 0.8935389054984882, 0.04362623412835352, 3.824648697343236e-07]",
d1-omni,ood_yelp_rating,29946,rating,score,3,3,"[""0"", ""1"", ""2"", ""3"", ""4""]","[8.645938626498684e-08, 0.0003550406670836122, 0.32436185268002027, 0.652037379124289, 0.023245641069220786]",
d1-omni,ood_yelp_rating,29950,rating,score,1,2,"[""0"", ""1"", ""2"", ""3"", ""4""]","[0.0001847142047151808, 0.09174954424518883, 0.895500335615766, 0.012544923018967261, 2.0482915362819232e-05]",
d1-omni,ood_yelp_rating,30071,rating,score,1,1,"[""0"", ""1"", ""2"", ""3"", ""4""]","[0.21220021526519958, 0.7701557871600657, 0.01764099537431524, 2.9583213190494676e-06, 4.38791003352317e-08]",
d1-omni,ood_yelp_rating,30088,rating,score,0,0,"[""0"", ""1"", ""2"", ""3"", ""4""]","[0.8992845464139889, 0.10001402259696289, 0.0007014183058769962, 1.0962194731757388e-08, 1.720976460294545e-09]",
d1-omni,ood_yelp_rating,30094,rating,score,1,1,"[""0"", ""1"", ""2"", ""3"", ""4""]","[0.015942076470562425, 0.9578248315439652, 0.026232752107533272, 3.372420036425785e-07, 2.6359356614548556e-09]",
d1-omni,ood_yelp_rating,30201,rating,score,2,2,"[""0"", ""1"", ""2"", ""3"", ""4""]","[8.868677051634883e-07, 0.004782478387104129, 0.9302623673543293, 0.06467994176479835, 0.0002743256260629149]",
d1-omni,ood_yelp_rating,30203,rating,score,0,0,"[""0"", ""1"", ""2"", ""3"", ""4""]","[0.8717194024930011, 0.12656804719260997, 0.0016567246270447664, 5.451825341766005e-05, 1.3074339265156643e-06]",
d1-omni,ood_yelp_rating,30301,rating,score,4,4,"[""0"", ""1"", ""2"", ""3"", ""4""]","[2.961245073676696e-05, 3.6423921665754736e-05, 0.00791160401200457, 0.224974466966539, 0.7670478926490539]",
d1-omni,ood_yelp_rating,30381,rating,score,2,2,"[""0"", ""1"", ""2"", ""3"", ""4""]","[0.00012089154928023561, 0.41640988610660395, 0.582662162479723, 0.0008070063477648187, 5.351662786660937e-08]",
d1-omni,ood_yelp_rating,30399,rating,score,1,2,"[""0"", ""1"", ""2"", ""3"", ""4""]","[0.0022159113124020514, 0.43229202478358963, 0.5553450793296574, 0.010048091036775071, 9.889353757586473e-05]",
d1-omni,ood_yelp_rating,30407,rating,score,2,2,"[""0"", ""1"", ""2"", ""3"", ""4""]","[1.688272914151472e-08, 0.001823258371236047, 0.9593444960876721, 0.038812053046245375, 2.0175612117296726e-05]",
d1-omni,ood_yelp_rating,30416,rating,score,4,3,"[""0"", ""1"", ""2"", ""3"", ""4""]","[3.0562736702588705e-06, 9.733253100537453e-05, 0.06741758613248502, 0.587253493925703, 0.3452285311371363]",
d1-omni,ood_yelp_rating,30428,rating,score,0,0,"[""0"", ""1"", ""2"", ""3"", ""4""]","[0.7596367619764374, 0.23440703193489743, 0.005954858449434715, 1.332010180022201e-06, 1.5629050428214443e-08]",
d1-omni,ood_yelp_rating,30461,rating,score,0,0,"[""0"", ""1"", ""2"", ""3"", ""4""]","[0.9535890881183613, 0.04222639933648151, 0.004160612558337966, 2.3861947010580042e-05, 3.803980898445549e-08]",
d1-omni,ood_yelp_rating,30514,rating,score,0,0,"[""0"", ""1"", ""2"", ""3"", ""4""]","[0.8248728693640202, 0.17324076440742384, 0.001872619785752344, 1.3723063929464313e-05, 2.33788741645285e-08]",
d1-omni,ood_yelp_rating,30564,rating,score,1,1,"[""0"", ""1"", ""2"", ""3"", ""4""]","[0.08322499271431259, 0.9070697996637888, 0.009704811387285161, 3.951419494526371e-07, 1.0926642133848412e-09]",
d1-omni,ood_yelp_rating,30582,rating,score,2,1,"[""0"", ""1"", ""2"", ""3"", ""4""]","[0.0447643286013627, 0.7479450900894908, 0.201897336867544, 0.005385638032230403, 7.606409372140849e-06]",
d1-omni,ood_yelp_rating,30713,rating,score,3,2,"[""0"", ""1"", ""2"", ""3"", ""4""]","[0.00010963218743625331, 0.028196014501397755, 0.5263353333612293, 0.42168505718505966, 0.023673962764876915]",
d1-omni,ood_yelp_rating,30731,rating,score,3,4,"[""0"", ""1"", ""2"", ""3"", ""4""]","[0.00014858955316316707, 0.00013423944240018474, 0.018246610238857788, 0.22800554314077282, 0.7534650176248061]",
d1-omni,ood_yelp_rating,30741,rating,score,4,3,"[""0"", ""1"", ""2"", ""3"", ""4""]","[1.2603562469852407e-05, 0.0030421129336907155, 0.025821936359118263, 0.5007305177223441, 0.47039282942237703]",
d1-omni,ood_yelp_rating,30743,rating,score,4,4,"[""0"", ""1"", ""2"", ""3"", ""4""]","[0.0001041288154142531, 6.735199945499992e-06, 0.00023603691161374634, 0.005455443045744418, 0.9941976560272822]",
d1-omni,ood_yelp_rating,30789,rating,score,3,1,"[""0"", ""1"", ""2"", ""3"", ""4""]","[0.3331582953071765, 0.6260793762633633, 0.03917318843859702, 0.0015886972972047927, 4.4269365840008054e-07]",
d1-omni,ood_yelp_rating,30796,rating,score,2,2,"[""0"", ""1"", ""2"", ""3"", ""4""]","[0.0027981901306181624, 0.3343458420531442, 0.5615666995982727, 0.10100341514817605, 0.0002858530697889845]",
d1-omni,ood_yelp_rating,30820,rating,score,0,0,"[""0"", ""1"", ""2"", ""3"", ""4""]","[0.9449985468499559, 0.054791058682329086, 0.00021035193509356977, 3.576068445765697e-08, 6.771936978384006e-09]",
d1-omni,ood_yelp_rating,30829,rating,score,3,4,"[""0"", ""1"", ""2"", ""3"", ""4""]","[0.02561036665813066, 0.03829583333862985, 0.04116575250245596, 0.3820348425043012, 0.5128932049964823]",
d1-omni,ood_yelp_rating,30843,rating,score,1,1,"[""0"", ""1"", ""2"", ""3"", ""4""]","[0.06949262145639674, 0.9207651655700324, 0.009741320899004131, 8.795287667798143e-07, 1.254579998676001e-08]",
d1-omni,ood_yelp_rating,30905,rating,score,0,1,"[""0"", ""1"", ""2"", ""3"", ""4""]","[0.02783418016091471, 0.4074256968640766, 0.2889080712671351, 0.1321910552164649, 0.14364099649140868]",
d1-omni,ood_yelp_rating,30916,rating,score,1,0,"[""0"", ""1"", ""2"", ""3"", ""4""]","[0.5254509630602157, 0.42781487574939286, 0.04645461001771862, 0.0002786676926834445, 8.834799894244261e-07]",
d1-omni,ood_yelp_rating,30917,rating,score,1,1,"[""0"", ""1"", ""2"", ""3"", ""4""]","[0.09087242420226806, 0.7880904305583538, 0.12097567297375246, 6.145980924707503e-05, 1.245637860117012e-08]",
d1-omni,ood_yelp_rating,30958,rating,score,3,3,"[""0"", ""1"", ""2"", ""3"", ""4""]","[1.5663650305682567e-07, 3.908362371250498e-05, 0.03841513369092221, 0.9585008804202864, 0.003044745628575948]",
d1-omni,ood_yelp_rating,30970,rating,score,0,0,"[""0"", ""1"", ""2"", ""3"", ""4""]","[0.8738967742093374, 0.08228338638897605, 0.04378581200175887, 3.381991573744986e-05, 2.0748419017224127e-07]",
d1-omni,ood_yelp_rating,31003,rating,score,3,3,"[""0"", ""1"", ""2"", ""3"", ""4""]","[5.2508038301724784e-08, 6.499469562757966e-05, 0.2986187061800422, 0.658001057965491, 0.04331518865080092]",
d1-omni,ood_yelp_rating,31034,rating,score,3,3,"[""0"", ""1"", ""2"", ""3"", ""4""]","[5.504678859830418e-06, 5.5162657515001435e-05, 0.02515582210119297, 0.5887027959753611, 0.3860807145870711]",
d1-omni,ood_yelp_rating,31053,rating,score,0,0,"[""0"", ""1"", ""2"", ""3"", ""4""]","[0.6545166040644325, 0.3307225275161566, 0.014716584220993076, 4.4260378995538755e-05, 2.3819422174196854e-08]",
d1-omni,ood_yelp_rating,31080,rating,score,1,2,"[""0"", ""1"", ""2"", ""3"", ""4""]","[0.006079637548558534, 0.4027453355696142, 0.47362403241214907, 0.11672013062226304, 0.0008308638474151781]",
d1-omni,ood_yelp_rating,31097,rating,score,4,4,"[""0"", ""1"", ""2"", ""3"", ""4""]","[2.3043180667799697e-05, 4.765237845501223e-05, 0.0018978990055061574, 0.03860734266140351, 0.9594240627739675]",
d1-omni,ood_yelp_rating,31145,rating,score,2,1,"[""0"", ""1"", ""2"", ""3"", ""4""]","[0.006499507048703604, 0.734555489712492, 0.25835730090230913, 0.0005876672662342981, 3.5070261002339316e-08]",
d1-omni,ood_yelp_rating,31152,rating,score,1,1,"[""0"", ""1"", ""2"", ""3"", ""4""]","[0.2638392476879239, 0.6656440414508406, 0.07022691911577027, 0.00028953484550594405, 2.568999593996964e-07]",
d1-omni,ood_yelp_rating,31157,rating,score,1,2,"[""0"", ""1"", ""2"", ""3"", ""4""]","[0.0003845375237988991, 0.13770943684482706, 0.8518508575467367, 0.010053875389835841, 1.292694801322649e-06]",
d1-omni,ood_yelp_rating,31167,rating,score,4,4,"[""0"", ""1"", ""2"", ""3"", ""4""]","[0.05945094602312201, 0.01779818953371365, 0.005174513155027271, 0.037099138225554065, 0.8804772130625831]",
d1-omni,ood_yelp_rating,31181,rating,score,2,2,"[""0"", ""1"", ""2"", ""3"", ""4""]","[0.00041606250894912495, 0.013044843863234078, 0.905626975177625, 0.07250616927646317, 0.00840594917372849]",
d1-omni,ood_yelp_rating,31380,rating,score,3,3,"[""0"", ""1"", ""2"", ""3"", ""4""]","[5.851683113970673e-06, 9.954047755334309e-06, 0.025127543421750893, 0.5587884957990931, 0.41606815504828676]",
d1-omni,ood_yelp_rating,31398,rating,score,3,3,"[""0"", ""1"", ""2"", ""3"", ""4""]","[5.856876952442643e-07, 0.00027516606392896377, 0.06530716730933984, 0.7497769718546821, 0.18464010908435405]",
d1-omni,ood_yelp_rating,31429,rating,score,3,3,"[""0"", ""1"", ""2"", ""3"", ""4""]","[2.4801526578397296e-08, 2.8503463779066882e-05, 0.008019843298847756, 0.8252678037251536, 0.1666838247106929]",
d1-omni,ood_yelp_rating,31431,rating,score,1,0,"[""0"", ""1"", ""2"", ""3"", ""4""]","[0.7966467156407128, 0.20142382021462696, 0.0019289463359589197, 5.079061106229668e-07, 9.902590422956384e-09]",
d1-omni,ood_yelp_rating,31440,rating,score,2,2,"[""0"", ""1"", ""2"", ""3"", ""4""]","[7.702447751558903e-09, 0.0009100236524742544, 0.5067314177556357, 0.4631899714415846, 0.029168579447857727]",
d1-omni,ood_yelp_rating,31526,rating,score,0,0,"[""0"", ""1"", ""2"", ""3"", ""4""]","[0.9528715634346532, 0.04487209316052989, 0.002253771185847688, 2.5328477083365846e-06, 3.9371261073441895e-08]",
d1-omni,ood_yelp_rating,31561,rating,score,4,4,"[""0"", ""1"", ""2"", ""3"", ""4""]","[2.994334702382783e-06, 3.0893856855076964e-06, 0.010334121290376355, 0.2915742816792828, 0.6980855133099529]",
d1-omni,ood_yelp_rating,31639,rating,score,2,3,"[""0"", ""1"", ""2"", ""3"", ""4""]","[3.824263901964236e-08, 0.00016202629105386667, 0.2395666635283411, 0.7495378444143227, 0.010733427523643318]",
d1-omni,ood_yelp_rating,31653,rating,score,2,2,"[""0"", ""1"", ""2"", ""3"", ""4""]","[0.009942432980559298, 0.3194300826404221, 0.6644505287235709, 0.00616737034874889, 9.585306698827272e-06]",
d1-omni,ood_yelp_rating,31752,rating,score,0,0,"[""0"", ""1"", ""2"", ""3"", ""4""]","[0.5087514607334744, 0.4686838207554847, 0.019222481916365768, 0.00334199789553047, 2.386991446516854e-07]",
d1-omni,ood_yelp_rating,31779,rating,score,4,4,"[""0"", ""1"", ""2"", ""3"", ""4""]","[3.075086854372056e-05, 5.50174966926684e-07, 0.00019664251492972364, 0.014258074846792864, 0.9855139815947669]",
d1-omni,ood_yelp_rating,31780,rating,score,1,1,"[""0"", ""1"", ""2"", ""3"", ""4""]","[0.3060709689668126, 0.6219137771950304, 0.07193464783978658, 8.027664208777207e-05, 3.293562826342186e-07]",
d1-omni,ood_yelp_rating,31792,rating,score,2,2,"[""0"", ""1"", ""2"", ""3"", ""4""]","[0.0034601474108050707, 0.473549539981897, 0.5226381602477578, 0.0003520982821464384, 5.4077393659661164e-08]",
d1-omni,ood_yelp_rating,31817,rating,score,4,3,"[""0"", ""1"", ""2"", ""3"", ""4""]","[0.0003352043805409054, 0.04147539164874932, 0.3848614205657266, 0.422687642466154, 0.1506403409388293]",
d1-omni,ood_yelp_rating,31829,rating,score,3,3,"[""0"", ""1"", ""2"", ""3"", ""4""]","[0.001076908828289526, 0.02532853277159863, 0.3841556978134557, 0.46701453162563733, 0.12242432896101892]",
d1-omni,ood_yelp_rating,31854,rating,score,3,3,"[""0"", ""1"", ""2"", ""3"", ""4""]","[0.00016701600583000578, 0.004102130815997821, 0.0255867103996438, 0.6111929740402224, 0.35895116873830607]",
d1-omni,ood_yelp_rating,31899,rating,score,1,1,"[""0"", ""1"", ""2"", ""3"", ""4""]","[0.0044973800180718795, 0.6143023593828738, 0.3810567120238687, 0.00014344306063722047, 1.0551454837240335e-07]",
d1-omni,ood_yelp_rating,31951,rating,score,1,1,"[""0"", ""1"", ""2"", ""3"", ""4""]","[0.274500092655495, 0.7050798423055493, 0.020396065630895414, 2.397482771173295e-05, 2.45803486257748e-08]",
d1-omni,ood_yelp_rating,32136,rating,score,0,1,"[""0"", ""1"", ""2"", ""3"", ""4""]","[0.24419153248404746, 0.6639435547686471, 0.08498994975709893, 0.006861534769241388, 1.3428220965239059e-05]",
d1-omni,ood_yelp_rating,32215,rating,score,0,0,"[""0"", ""1"", ""2"", ""3"", ""4""]","[0.8222133462387092, 0.16827072131887288, 0.008530436712818553, 0.0009721598528600074, 1.3335876739502314e-05]",
d1-omni,ood_yelp_rating,32231,rating,score,0,0,"[""0"", ""1"", ""2"", ""3"", ""4""]","[0.8320189010876603, 0.16160957158722677, 0.006371181263134515, 3.300122225242977e-07, 1.604975590637536e-08]",
d1-omni,ood_yelp_rating,32284,rating,score,3,3,"[""0"", ""1"", ""2"", ""3"", ""4""]","[4.273071819029043e-06, 3.219673395348903e-05, 0.010705423009150982, 0.5788160367674254, 0.41044207041765096]",
d1-omni,ood_yelp_rating,32332,rating,score,3,3,"[""0"", ""1"", ""2"", ""3"", ""4""]","[2.8604471885049378e-06, 0.005570261272381035, 0.18338404439125028, 0.6786980164721215, 0.1323448174170586]",
d1-omni,ood_yelp_rating,32358,rating,score,4,3,"[""0"", ""1"", ""2"", ""3"", ""4""]","[4.305253400200865e-08, 0.0001824047012721245, 0.16373962462970829, 0.8339781489685321, 0.0020997786479536526]",
d1-omni,ood_yelp_rating,32384,rating,score,0,1,"[""0"", ""1"", ""2"", ""3"", ""4""]","[0.4773656073656606, 0.5022329134544313, 0.020328683954682562, 7.274612079254667e-05, 4.910443298724829e-08]",
d1-omni,ood_yelp_rating,32394,rating,score,3,2,"[""0"", ""1"", ""2"", ""3"", ""4""]","[0.0011413121337503981, 0.3297037095758208, 0.5641407386805151, 0.10449577522338158, 0.0005184643865322364]",
d1-omni,ood_yelp_rating,32436,rating,score,1,1,"[""0"", ""1"", ""2"", ""3"", ""4""]","[0.3454154534044247, 0.6415509161849962, 0.012959771648441447, 7.351026902751338e-05, 3.484931101438665e-07]",
d1-omni,ood_yelp_rating,32587,rating,score,4,3,"[""0"", ""1"", ""2"", ""3"", ""4""]","[1.5144706794907909e-05, 0.005175209387144286, 0.11842155558761769, 0.6966085344660028, 0.17977955585244043]",
d1-omni,ood_yelp_rating,32628,rating,score,2,2,"[""0"", ""1"", ""2"", ""3"", ""4""]","[3.4016780573466553e-06, 0.0012917100708421214, 0.5471893305373523, 0.43540613526600913, 0.016109422447739215]",
d1-omni,ood_yelp_rating,32645,rating,score,0,0,"[""0"", ""1"", ""2"", ""3"", ""4""]","[0.5344928072284705, 0.45450505522289103, 0.010985241029045247, 1.6874305317312327e-05, 2.2214275918329214e-08]",
d1-omni,ood_yelp_rating,32690,rating,score,2,0,"[""0"", ""1"", ""2"", ""3"", ""4""]","[0.6399977631771048, 0.343571160509932, 0.016131925569516162, 0.00029865759889541625, 4.93144551583348e-07]",
d1-omni,ood_yelp_rating,32700,rating,score,4,4,"[""0"", ""1"", ""2"", ""3"", ""4""]","[1.4053508784209235e-06, 2.2189195935987564e-08, 0.0014506122561752496, 0.07966616957886812, 0.9188817906248822]",
d1-omni,ood_yelp_rating,32704,rating,score,2,3,"[""0"", ""1"", ""2"", ""3"", ""4""]","[3.0349483110815286e-06, 0.00899420266319539, 0.48867496329897436, 0.4983131902531711, 0.004014608836347992]",
d1-omni,ood_yelp_rating,32727,rating,score,3,3,"[""0"", ""1"", ""2"", ""3"", ""4""]","[4.340260727469345e-08, 5.135630474057072e-06, 0.02366202721400292, 0.63463880971468, 0.3416939840382358]",
d1-omni,ood_yelp_rating,32758,rating,score,2,3,"[""0"", ""1"", ""2"", ""3"", ""4""]","[7.56105482279329e-07, 0.0062843415404987835, 0.2719557325674572, 0.6188760562591202, 0.10288311352744155]",
d1-omni,ood_yelp_rating,32769,rating,score,1,0,"[""0"", ""1"", ""2"", ""3"", ""4""]","[0.8216111697109381, 0.15974389599833602, 0.01424747869796102, 0.004387875880046562, 9.579712718256889e-06]",
d1-omni,ood_yelp_rating,32846,rating,score,4,3,"[""0"", ""1"", ""2"", ""3"", ""4""]","[5.081302235889198e-05, 0.0012602814799703049, 0.02876802047379318, 0.5015297913079164, 0.4683910937159611]",
d1-omni,ood_yelp_rating,32866,rating,score,3,3,"[""0"", ""1"", ""2"", ""3"", ""4""]","[3.1888992353333374e-05, 0.008569894854908014, 0.334067058715344, 0.5972861820504747, 0.060044975386920024]",
d1-omni,ood_yelp_rating,32933,rating,score,3,3,"[""0"", ""1"", ""2"", ""3"", ""4""]","[1.3119110551245031e-06, 0.0018690837049080468, 0.19460195130280125, 0.7496368687947386, 0.05389078428649693]",
d1-omni,ood_yelp_rating,33049,rating,score,1,1,"[""0"", ""1"", ""2"", ""3"", ""4""]","[0.2910506036518015, 0.6954722193959638, 0.01295441510418414, 0.0005226888970537315, 7.295099684820989e-08]",
d1-omni,ood_yelp_rating,33194,rating,score,1,0,"[""0"", ""1"", ""2"", ""3"", ""4""]","[0.7834811905620124, 0.20141121341168752, 0.01508275308073917, 2.4783403703168808e-05, 5.9541857841165486e-08]",
d1-omni,ood_yelp_rating,33208,rating,score,0,0,"[""0"", ""1"", ""2"", ""3"", ""4""]","[0.9380075512019912, 0.051566842473936114, 0.01021378844121297, 0.00019913710763106243, 1.2680775228570105e-05]",
d1-omni,ood_yelp_rating,33236,rating,score,0,0,"[""0"", ""1"", ""2"", ""3"", ""4""]","[0.7027776623689062, 0.20513250240886463, 0.06422947578948314, 0.027329594546437918, 0.0005307648863081368]",
d1-omni,ood_yelp_rating,33339,rating,score,0,0,"[""0"", ""1"", ""2"", ""3"", ""4""]","[0.9570053139744112, 0.041517439412908946, 0.001370232979812811, 0.00010690656528604385, 1.0706758081145444e-07]",
d1-omni,ood_yelp_rating,33367,rating,score,2,2,"[""0"", ""1"", ""2"", ""3"", ""4""]","[0.02835915441830729, 0.4532457497019668, 0.4862616722811931, 0.02887615971631186, 0.0032572638822209086]",
d1-omni,ood_yelp_rating,33388,rating,score,3,3,"[""0"", ""1"", ""2"", ""3"", ""4""]","[1.6075074127976775e-07, 2.7459838998681564e-05, 0.015993090156918487, 0.8283390064169966, 0.1556402828363449]",
d1-omni,ood_yelp_rating,33419,rating,score,4,4,"[""0"", ""1"", ""2"", ""3"", ""4""]","[0.002980511058523769, 0.00870903237213676, 0.037307501192424104, 0.3161312261048351, 0.6348717292720802]",
d1-omni,ood_yelp_rating,33436,rating,score,1,1,"[""0"", ""1"", ""2"", ""3"", ""4""]","[0.20401710593557756, 0.7632150859165925, 0.028265484925364327, 0.004485370120373342, 1.6953102092199507e-05]",
d1-omni,ood_yelp_rating,33452,rating,score,4,4,"[""0"", ""1"", ""2"", ""3"", ""4""]","[2.639337521290933e-05, 6.467974789432852e-06, 0.014189002755135578, 0.20042034132097952, 0.7853577945738826]",
d1-omni,ood_yelp_rating,33497,rating,score,0,0,"[""0"", ""1"", ""2"", ""3"", ""4""]","[0.9965003201574517, 0.0032500279748386403, 0.0002493945417202143, 2.449391494038174e-07, 1.2386840284283395e-08]",
d1-omni,ood_yelp_rating,33505,rating,score,0,0,"[""0"", ""1"", ""2"", ""3"", ""4""]","[0.9663323887313567, 0.0326648953427409, 0.001000460687471634, 2.5087539765578515e-07, 2.0043630328607002e-06]",
d1-omni,ood_yelp_rating,33551,rating,score,0,0,"[""0"", ""1"", ""2"", ""3"", ""4""]","[0.9346227221723873, 0.0628570505452644, 0.0025098451116061637, 1.0378068587139665e-05, 4.1021549770540825e-09]",
d1-omni,ood_yelp_rating,33571,rating,score,0,0,"[""0"", ""1"", ""2"", ""3"", ""4""]","[0.9816041963236399, 0.01745217126686041, 0.0009435766554115098, 4.192775898897627e-08, 1.3826329439395883e-08]",
d1-omni,ood_yelp_rating,33582,rating,score,4,4,"[""0"", ""1"", ""2"", ""3"", ""4""]","[4.880767315993041e-06, 2.3187139247505347e-07, 0.00028256147493876157, 0.022622690492676536, 0.9770896353936763]",
d1-omni,ood_yelp_rating,33683,rating,score,0,0,"[""0"", ""1"", ""2"", ""3"", ""4""]","[0.6789355799402429, 0.1958765145049456, 0.12048465939726277, 0.0043438818935356855, 0.00035936426401313984]",
d1-omni,ood_yelp_rating,33745,rating,score,2,2,"[""0"", ""1"", ""2"", ""3"", ""4""]","[5.2067518458560834e-05, 0.01132057642953543, 0.6598759071334585, 0.2896895532092387, 0.039061895709308875]",
d1-omni,ood_yelp_rating,33829,rating,score,0,0,"[""0"", ""1"", ""2"", ""3"", ""4""]","[0.8445565528085447, 0.11263622244931903, 0.040635096236052444, 0.0018783871564095162, 0.00029374134967417544]",
d1-omni,ood_yelp_rating,33847,rating,score,0,2,"[""0"", ""1"", ""2"", ""3"", ""4""]","[0.0011600856241633314, 0.14052265810980272, 0.8054994465932532, 0.05141847942728068, 0.0013993302455001394]",
d1-omni,ood_yelp_rating,33860,rating,score,3,3,"[""0"", ""1"", ""2"", ""3"", ""4""]","[1.9390927681069565e-08, 0.00012332995903862495, 0.13127880322790572, 0.7951994290309259, 0.07339841839120206]",
d1-omni,ood_yelp_rating,33958,rating,score,0,0,"[""0"", ""1"", ""2"", ""3"", ""4""]","[0.9816668149871733, 0.01646705322485798, 0.0018656823501737693, 4.2183152866986965e-07, 2.7606266252664344e-08]",
d1-omni,ood_yelp_rating,33982,rating,score,0,0,"[""0"", ""1"", ""2"", ""3"", ""4""]","[0.9464645055924148, 0.05075206503464859, 0.0027778537785152053, 5.548978109827646e-06, 2.6616311435954307e-08]",
d1-omni,ood_yelp_rating,33990,rating,score,4,4,"[""0"", ""1"", ""2"", ""3"", ""4""]","[7.317462855235712e-07, 9.67659403802441e-06, 0.0020036328541510407, 0.2482156669660535, 0.749770291839472]",
d1-omni,ood_yelp_rating,34025,rating,score,2,2,"[""0"", ""1"", ""2"", ""3"", ""4""]","[7.033883667209193e-07, 0.008923080347264706, 0.627391634067483, 0.3526229245220149, 0.011061657674870589]",
d1-omni,ood_yelp_rating,34224,rating,score,1,0,"[""0"", ""1"", ""2"", ""3"", ""4""]","[0.6735053980468223, 0.32252093127449755, 0.003973643413274767, 2.5437087991810025e-08, 1.8283172873417592e-09]",
d1-omni,ood_yelp_rating,34382,rating,score,2,2,"[""0"", ""1"", ""2"", ""3"", ""4""]","[6.339327889596506e-05, 0.01008388762081155, 0.8002802414779988, 0.18459519629223856, 0.004977281330055055]",
d1-omni,ood_yelp_rating,34407,rating,score,1,0,"[""0"", ""1"", ""2"", ""3"", ""4""]","[0.9112727036451495, 0.08239475692485787, 0.005773731293000149, 0.000531302415215201, 2.7505721777247625e-05]",
d1-omni,ood_yelp_rating,34429,rating,score,2,3,"[""0"", ""1"", ""2"", ""3"", ""4""]","[3.5720899703162007e-06, 8.018447022584388e-06, 0.019147798601103997, 0.7193057292211005, 0.26153488164080263]",
d1-omni,ood_yelp_rating,34503,rating,score,2,2,"[""0"", ""1"", ""2"", ""3"", ""4""]","[1.4469551829873577e-07, 0.019599983444793634, 0.9028954313453023, 0.07736818473244597, 0.0001362557819397222]",
d1-omni,ood_yelp_rating,34545,rating,score,2,3,"[""0"", ""1"", ""2"", ""3"", ""4""]","[3.458594820461644e-06, 0.02497493145798834, 0.3746080103282425, 0.5986220032566093, 0.0017915963623394537]",
d1-omni,ood_yelp_rating,34584,rating,score,4,3,"[""0"", ""1"", ""2"", ""3"", ""4""]","[5.300035875050322e-07, 0.00017113832387108817, 0.05461681754503301, 0.6499558038984478, 0.2952557102290606]",
d1-omni,ood_yelp_rating,34638,rating,score,0,1,"[""0"", ""1"", ""2"", ""3"", ""4""]","[0.395611398187463, 0.6032353520752296, 0.0011532007165165586, 4.223328111186397e-08, 6.787509821554586e-09]",
d1-omni,ood_yelp_rating,34677,rating,score,2,2,"[""0"", ""1"", ""2"", ""3"", ""4""]","[0.045132240391147, 0.32863529118161, 0.5974107512867144, 0.026222775241532503, 0.002598941898996112]",
d1-omni,ood_yelp_rating,34685,rating,score,2,1,"[""0"", ""1"", ""2"", ""3"", ""4""]","[0.04125859840186867, 0.9103724792582331, 0.04703834582253415, 0.0013291732592915243, 1.4032580726143184e-06]",
d1-omni,ood_yelp_rating,34745,rating,score,2,2,"[""0"", ""1"", ""2"", ""3"", ""4""]","[2.1796521752748077e-07, 0.008719010134174032, 0.92388883585504, 0.06736890742692847, 2.3028618639891302e-05]",
d1-omni,ood_yelp_rating,34779,rating,score,4,0,"[""0"", ""1"", ""2"", ""3"", ""4""]","[0.8021571604909927, 0.18647925842704938, 0.0073588114725523695, 0.0010315417163296525, 0.0029732278930759562]",
d1-omni,ood_yelp_rating,34792,rating,score,3,4,"[""0"", ""1"", ""2"", ""3"", ""4""]","[1.7343987536751735e-07, 1.6845761139026036e-06, 0.003136338796032272, 0.2501253583901908, 0.7467364447977877]",
d1-omni,ood_yelp_rating,34799,rating,score,2,2,"[""0"", ""1"", ""2"", ""3"", ""4""]","[0.008159427953156731, 0.05918211658011794, 0.8582847388225794, 0.04622630948958605, 0.02814740715455985]",
d1-omni,ood_yelp_rating,34881,rating,score,3,4,"[""0"", ""1"", ""2"", ""3"", ""4""]","[4.182842846373818e-06, 2.653194621904431e-07, 0.0057310136447924, 0.26816321486578365, 0.7261013233271154]",
d1-omni,ood_yelp_rating,34882,rating,score,2,3,"[""0"", ""1"", ""2"", ""3"", ""4""]","[1.6516352827832425e-06, 2.7288192028248504e-05, 0.030181938495120353, 0.5071348278606361, 0.46265429381693257]",
d1-omni,ood_yelp_rating,34931,rating,score,3,3,"[""0"", ""1"", ""2"", ""3"", ""4""]","[2.2390048734714036e-05, 7.693735085010965e-05, 0.043303948698467494, 0.7432389283665118, 0.2133577955354359]",
d1-omni,ood_yelp_rating,35078,rating,score,1,1,"[""0"", ""1"", ""2"", ""3"", ""4""]","[0.019258826435784478, 0.8666283048020608, 0.11224285047495719, 0.0018699999625707317, 1.8324626864252006e-08]",
d1-omni,ood_yelp_rating,35083,rating,score,3,1,"[""0"", ""1"", ""2"", ""3"", ""4""]","[0.05815244344815386, 0.6784800330186752, 0.13288496977071332, 0.1212296907942931, 0.009252862968164416]",
d1-omni,ood_yelp_rating,35166,rating,score,3,4,"[""0"", ""1"", ""2"", ""3"", ""4""]","[3.500606260407754e-06, 7.602493434691228e-05, 0.02393302121922172, 0.32022029321705564, 0.6557671600231154]",
d1-omni,ood_yelp_rating,35175,rating,score,3,3,"[""0"", ""1"", ""2"", ""3"", ""4""]","[2.8603304281066184e-06, 0.004458196327481953, 0.3505454759052132, 0.62644242874792, 0.01855103868895683]",
d1-omni,ood_yelp_rating,35218,rating,score,0,1,"[""0"", ""1"", ""2"", ""3"", ""4""]","[0.31332671584616156, 0.4270140546098135, 0.2000886096296244, 0.05310887993186671, 0.006461739982533794]",
d1-omni,ood_yelp_rating,35242,rating,score,3,3,"[""0"", ""1"", ""2"", ""3"", ""4""]","[0.0002639866049767255, 0.006598838387404181, 0.17143736046773894, 0.6744158715824301, 0.14728394295745006]",
d1-omni,ood_yelp_rating,35272,rating,score,2,3,"[""0"", ""1"", ""2"", ""3"", ""4""]","[0.0011704933100401766, 0.01859793563275362, 0.35453415341145794, 0.4299529055161402, 0.195744512129608]",
d1-omni,ood_yelp_rating,35370,rating,score,0,0,"[""0"", ""1"", ""2"", ""3"", ""4""]","[0.9882159143051267, 0.011454486350818133, 0.0003295727989372965, 2.2373900507898588e-08, 4.171217134236243e-09]",
d1-omni,ood_yelp_rating,35458,rating,score,4,4,"[""0"", ""1"", ""2"", ""3"", ""4""]","[2.7633164834916105e-07, 7.900411143021968e-09, 2.078351192651121e-05, 0.049587965230251746, 0.9503909670257623]",
d1-omni,ood_yelp_rating,35498,rating,score,1,0,"[""0"", ""1"", ""2"", ""3"", ""4""]","[0.9163113565145193, 0.08226582397181391, 0.0014130446097525996, 9.765858351773487e-06, 9.045562134592433e-09]",
d1-omni,ood_yelp_rating,35518,rating,score,4,4,"[""0"", ""1"", ""2"", ""3"", ""4""]","[4.3167468222233495e-05, 2.9033604482885927e-06, 0.003840541882759103, 0.2276125309555683, 0.768500856333002]",
d1-omni,ood_yelp_rating,35569,rating,score,3,3,"[""0"", ""1"", ""2"", ""3"", ""4""]","[5.304009173165165e-06, 0.00034931098932259274, 0.04073627238765892, 0.8465561674913088, 0.11235294512253642]",
d1-omni,ood_yelp_rating,35587,rating,score,3,4,"[""0"", ""1"", ""2"", ""3"", ""4""]","[2.0702811095633983e-06, 3.867795281604837e-06, 0.00671866902345517, 0.20061238100058434, 0.7926630118995693]",
d1-omni,ood_yelp_rating,35642,rating,score,4,3,"[""0"", ""1"", ""2"", ""3"", ""4""]","[4.896641504641478e-06, 0.0004407818495552115, 0.03115875999349346, 0.5684447354209665, 0.3999508260944802]",
d1-omni,ood_yelp_rating,35661,rating,score,0,0,"[""0"", ""1"", ""2"", ""3"", ""4""]","[0.9257429248681127, 0.0737236085118914, 0.0005334512244156133, 1.3853371316610545e-08, 1.5422090903258753e-09]",
d1-omni,ood_yelp_rating,35712,rating,score,1,2,"[""0"", ""1"", ""2"", ""3"", ""4""]","[1.653450276855513e-05, 0.3533365645476245, 0.6454579251125324, 0.001188966692090905, 9.144983513436467e-09]",
d1-omni,ood_yelp_rating,35874,rating,score,4,4,"[""0"", ""1"", ""2"", ""3"", ""4""]","[3.4198116091888974e-07, 8.446340153214648e-08, 0.0019307659746403618, 0.0399724571338883, 0.9580963504469089]",
d1-omni,ood_yelp_rating,35901,rating,score,4,2,"[""0"", ""1"", ""2"", ""3"", ""4""]","[0.0676920764096412, 0.19731342944838345, 0.5349150890226559, 0.16893602155010198, 0.031143383569217406]",
d1-omni,ood_yelp_rating,35940,rating,score,1,0,"[""0"", ""1"", ""2"", ""3"", ""4""]","[0.4220788764861935, 0.4086936026892828, 0.1524196635394248, 0.015986662948565048, 0.0008211943365337943]",
d1-omni,ood_yelp_rating,35956,rating,score,4,3,"[""0"", ""1"", ""2"", ""3"", ""4""]","[0.010791352914690628, 0.010157355168296743, 0.24609020453925326, 0.37542606422280805, 0.3575350231549512]",
d1-omni,ood_yelp_rating,36078,rating,score,2,3,"[""0"", ""1"", ""2"", ""3"", ""4""]","[5.9737802046031875e-06, 0.00951311967784391, 0.22442238631418746, 0.7037215503699329, 0.06233696985783126]",
d1-omni,ood_yelp_rating,36086,rating,score,2,1,"[""0"", ""1"", ""2"", ""3"", ""4""]","[0.047221054327853944, 0.7634126740878833, 0.18418190326872316, 0.0051841799346322315, 1.8838090749466444e-07]",
d1-omni,ood_yelp_rating,36095,rating,score,0,0,"[""0"", ""1"", ""2"", ""3"", ""4""]","[0.9875553103942364, 0.010997566493405945, 0.0014446811430117797, 2.423030562554846e-06, 1.8938783435535678e-08]",
d1-omni,ood_yelp_rating,36235,rating,score,2,2,"[""0"", ""1"", ""2"", ""3"", ""4""]","[2.8836554388198812e-06, 0.00913260655000926, 0.6151168042963924, 0.37454742594243645, 0.001200279555723008]",
d1-omni,ood_yelp_rating,36240,rating,score,2,3,"[""0"", ""1"", ""2"", ""3"", ""4""]","[9.21825467817105e-05, 0.002801283170344625, 0.12298471393048076, 0.8316712890719387, 0.04245053128045436]",
d1-omni,ood_yelp_rating,36349,rating,score,3,4,"[""0"", ""1"", ""2"", ""3"", ""4""]","[5.726803677759677e-06, 7.265523190969437e-08, 0.00034073162639896627, 0.04920504761046568, 0.9504484213042257]",
d1-omni,ood_yelp_rating,36385,rating,score,1,1,"[""0"", ""1"", ""2"", ""3"", ""4""]","[0.009725984705578965, 0.6442974927744557, 0.3426854636822034, 0.0032769415540412836, 1.4117283720700224e-05]",
d1-omni,ood_yelp_rating,36402,rating,score,2,2,"[""0"", ""1"", ""2"", ""3"", ""4""]","[1.7825744459180747e-05, 0.025106635165608845, 0.790058460505374, 0.1825936295029936, 0.0022234490815643574]",
d1-omni,ood_yelp_rating,36403,rating,score,1,1,"[""0"", ""1"", ""2"", ""3"", ""4""]","[0.013072555538800792, 0.9473970454197123, 0.039275959640972316, 0.000254376968869547, 6.243164519602016e-08]",
d1-omni,ood_yelp_rating,36510,rating,score,1,1,"[""0"", ""1"", ""2"", ""3"", ""4""]","[0.01732210152800126, 0.9252003934637568, 0.05743842085400463, 3.9075657674925487e-05, 8.496562366602592e-09]",
d1-omni,ood_yelp_rating,36565,rating,score,1,0,"[""0"", ""1"", ""2"", ""3"", ""4""]","[0.9684924050805918, 0.031014544304514426, 0.000492508243092466, 5.354179332743835e-07, 6.953868007620142e-09]",
d1-omni,ood_yelp_rating,36661,rating,score,0,0,"[""0"", ""1"", ""2"", ""3"", ""4""]","[0.9944007308449231, 0.005238559325828549, 0.00036069053308207684, 1.6439424351186546e-08, 2.856742105426719e-09]",
d1-omni,ood_yelp_rating,36740,rating,score,4,4,"[""0"", ""1"", ""2"", ""3"", ""4""]","[1.9450444730057233e-06, 6.16836371248602e-07, 0.0014978262185524082, 0.3476792683481859, 0.6508203435524174]",
d1-omni,ood_yelp_rating,36766,rating,score,3,1,"[""0"", ""1"", ""2"", ""3"", ""4""]","[0.0236613216578078, 0.7858544523168158, 0.17313582133604963, 0.016182963220456533, 0.0011654414688701275]",
d1-omni,ood_yelp_rating,36815,rating,score,0,0,"[""0"", ""1"", ""2"", ""3"", ""4""]","[0.9992833170268323, 0.0005871855487992227, 0.00012949235956242252, 4.016928634584875e-09, 1.047877464148015e-09]",
d1-omni,ood_yelp_rating,36831,rating,score,1,1,"[""0"", ""1"", ""2"", ""3"", ""4""]","[0.04734912594498036, 0.9406414995872672, 0.012003927290220331, 5.418742601213071e-06, 2.8434930854297473e-08]",
d1-omni,ood_yelp_rating,36834,rating,score,4,4,"[""0"", ""1"", ""2"", ""3"", ""4""]","[3.613871710927945e-06, 1.059944327047769e-06, 0.0011398879690001067, 0.0984860325121987, 0.9003694057027632]",
d1-omni,ood_yelp_rating,36867,rating,score,2,2,"[""0"", ""1"", ""2"", ""3"", ""4""]","[0.00260682213087358, 0.1476364891633571, 0.734181995546384, 0.11270045332487795, 0.002874239834507212]",
d1-omni,ood_yelp_rating,37010,rating,score,3,3,"[""0"", ""1"", ""2"", ""3"", ""4""]","[8.61520925541273e-07, 0.00039848202492640976, 0.1053769353222163, 0.771445963712196, 0.12277775741973575]",
d1-omni,ood_yelp_rating,37018,rating,score,4,4,"[""0"", ""1"", ""2"", ""3"", ""4""]","[3.5272622578839357e-07, 4.15613076778753e-07, 0.011720213217212835, 0.24670417533414143, 0.7415748431093431]",
d1-omni,ood_yelp_rating,37021,rating,score,3,3,"[""0"", ""1"", ""2"", ""3"", ""4""]","[1.1869966844133646e-06, 0.0034094876632675434, 0.08547651362456932, 0.6434191542937968, 0.2676936574216819]",
d1-omni,ood_yelp_rating,37040,rating,score,4,4,"[""0"", ""1"", ""2"", ""3"", ""4""]","[1.3643775474417361e-05, 2.039579839185339e-07, 0.00036304745099651647, 0.03706804392838798, 0.9625550608871573]",
d1-omni,ood_yelp_rating,37080,rating,score,0,1,"[""0"", ""1"", ""2"", ""3"", ""4""]","[0.07177263707590233, 0.8580077681608375, 0.07019782042372917, 2.1765736155115777e-05, 8.603375790784932e-09]",
d1-omni,ood_yelp_rating,37096,rating,score,4,2,"[""0"", ""1"", ""2"", ""3"", ""4""]","[5.104363809127749e-08, 0.003825849414594961, 0.5985528885829439, 0.38872584637935426, 0.00889536457946878]",
d1-omni,ood_yelp_rating,37105,rating,score,3,3,"[""0"", ""1"", ""2"", ""3"", ""4""]","[6.592361182826016e-05, 0.004367108952400234, 0.12430449080537263, 0.7315714142342612, 0.13969106239613774]",
d1-omni,ood_yelp_rating,37122,rating,score,0,0,"[""0"", ""1"", ""2"", ""3"", ""4""]","[0.9878435964478538, 0.010824936161184337, 0.0013312908079200722, 1.7285268803802183e-07, 3.7303538303683096e-09]",
d1-omni,ood_yelp_rating,37138,rating,score,2,3,"[""0"", ""1"", ""2"", ""3"", ""4""]","[0.0009456363749602627, 0.002575530990813191, 0.06880057358683105, 0.49369364612470035, 0.43398461292269525]",
d1-omni,ood_yelp_rating,37143,rating,score,2,2,"[""0"", ""1"", ""2"", ""3"", ""4""]","[2.3137759611450322e-07, 0.00778632547935763, 0.668806031006085, 0.3230977398592588, 0.0003096722777023147]",
d1-omni,ood_yelp_rating,37195,rating,score,4,4,"[""0"", ""1"", ""2"", ""3"", ""4""]","[0.0001292272122461817, 0.0011791036670079325, 0.007076267619044966, 0.22251374480375866, 0.7691016566979423]",
d1-omni,ood_yelp_rating,37207,rating,score,4,4,"[""0"", ""1"", ""2"", ""3"", ""4""]","[8.333206209696937e-08, 1.1213552874908914e-07, 0.013183982350883548, 0.46885420036068626, 0.5179616218208393]",
d1-omni,ood_yelp_rating,37249,rating,score,2,1,"[""0"", ""1"", ""2"", ""3"", ""4""]","[0.08506207430682897, 0.8453644592441149, 0.06771812394454339, 0.0018456196759255455, 9.72282858718068e-06]",
d1-omni,ood_yelp_rating,37309,rating,score,1,1,"[""0"", ""1"", ""2"", ""3"", ""4""]","[0.1198632496020344, 0.862628790264071, 0.017462957369774223, 4.498869681864409e-05, 1.4067301722524669e-08]",
d1-omni,ood_yelp_rating,37358,rating,score,4,4,"[""0"", ""1"", ""2"", ""3"", ""4""]","[0.0014601459665789713, 0.0027279111718911896, 0.019853895799037683, 0.3032246771466538, 0.6727333699158383]",
d1-omni,ood_yelp_rating,37375,rating,score,0,0,"[""0"", ""1"", ""2"", ""3"", ""4""]","[0.8312129798429169, 0.1579441458098238, 0.009489914065181416, 0.0010899883152825, 0.0002629719667954685]",
d1-omni,ood_yelp_rating,37397,rating,score,4,4,"[""0"", ""1"", ""2"", ""3"", ""4""]","[2.8376914272823306e-05, 3.008032049700547e-07, 0.0009601220136020266, 0.042203733081852574, 0.9568074671870677]",
d1-omni,ood_yelp_rating,37408,rating,score,0,0,"[""0"", ""1"", ""2"", ""3"", ""4""]","[0.9760398356192399, 0.021605680849519773, 0.0023541027393548966, 3.7522636444065984e-07, 5.565520939725257e-09]",
d1-omni,ood_yelp_rating,37413,rating,score,0,0,"[""0"", ""1"", ""2"", ""3"", ""4""]","[0.9670874631661341, 0.03204247613027162, 0.0008681977298762887, 1.833567513814865e-06, 2.9406203956965205e-08]",
d1-omni,ood_yelp_rating,37508,rating,score,3,3,"[""0"", ""1"", ""2"", ""3"", ""4""]","[8.523267627669904e-08, 7.264077436777324e-06, 0.1914973462498863, 0.5562846305458434, 0.25221067389415724]",
d1-omni,ood_yelp_rating,37589,rating,score,2,3,"[""0"", ""1"", ""2"", ""3"", ""4""]","[1.5575935553887848e-05, 0.0019889000772882475, 0.05846574854353769, 0.6769921770874124, 0.2625375983562077]",
d1-omni,ood_yelp_rating,37598,rating,score,4,3,"[""0"", ""1"", ""2"", ""3"", ""4""]","[8.924599769543648e-07, 2.577766692027811e-05, 0.03352683174881633, 0.5428488659441038, 0.4235976321801826]",
d1-omni,ood_yelp_rating,37600,rating,score,4,1,"[""0"", ""1"", ""2"", ""3"", ""4""]","[0.14229484814876667, 0.768487778675678, 0.08779380807134336, 0.0014211345560535826, 2.4305481585299223e-06]",
d1-omni,ood_yelp_rating,37624,rating,score,3,3,"[""0"", ""1"", ""2"", ""3"", ""4""]","[3.8015834815310976e-05, 0.000585448223964157, 0.06853318109183665, 0.6611096350677983, 0.2697337197815857]",
d1-omni,ood_yelp_rating,37625,rating,score,3,3,"[""0"", ""1"", ""2"", ""3"", ""4""]","[5.055770235630736e-06, 0.003389174991709076, 0.2100909138977126, 0.6352290076792337, 0.15128584766110895]",
d1-omni,ood_yelp_rating,37646,rating,score,3,3,"[""0"", ""1"", ""2"", ""3"", ""4""]","[2.4543530838204816e-07, 6.100175947175571e-05, 0.07639827818488858, 0.756671325576242, 0.1668691490440894]",
d1-omni,ood_yelp_rating,37691,rating,score,3,3,"[""0"", ""1"", ""2"", ""3"", ""4""]","[0.0010554266709040432, 0.023191572590673552, 0.19589483140974648, 0.6817400663829877, 0.0981181029456884]",
d1-omni,ood_yelp_rating,37750,rating,score,1,1,"[""0"", ""1"", ""2"", ""3"", ""4""]","[0.10189962296831874, 0.8452907121629502, 0.04530470881408495, 0.006910486198288965, 0.0005944698563571755]",
d1-omni,ood_yelp_rating,37773,rating,score,3,4,"[""0"", ""1"", ""2"", ""3"", ""4""]","[0.00010801202192625429, 0.0003668299958634143, 0.007759365838586898, 0.23579517262637656, 0.7559706195172469]",
d1-omni,ood_yelp_rating,37798,rating,score,3,4,"[""0"", ""1"", ""2"", ""3"", ""4""]","[1.1379526045350675e-05, 7.176977946027205e-06, 0.007488125779659733, 0.2543494361861528, 0.738143881530196]",
d1-omni,ood_yelp_rating,37892,rating,score,3,4,"[""0"", ""1"", ""2"", ""3"", ""4""]","[3.361937140170909e-07, 2.103843273734337e-07, 0.0006636948499648584, 0.13332656273532334, 0.8660091958366705]",
d1-omni,ood_yelp_rating,37926,rating,score,2,2,"[""0"", ""1"", ""2"", ""3"", ""4""]","[0.00026709682763116963, 0.28278876239842354, 0.7137133590334277, 0.003228585318430644, 2.196422086898039e-06]",
d1-omni,ood_yelp_rating,37955,rating,score,1,1,"[""0"", ""1"", ""2"", ""3"", ""4""]","[0.0015711254047582758, 0.9974096258405272, 0.0009896875071183997, 2.923646000900506e-05, 3.247875872879103e-07]",
d1-omni,ood_yelp_rating,38036,rating,score,0,1,"[""0"", ""1"", ""2"", ""3"", ""4""]","[0.05432756131115267, 0.9382636195849492, 0.007305023108797994, 0.00010338965208080504, 4.063430193007836e-07]",
d1-omni,ood_yelp_rating,38040,rating,score,2,3,"[""0"", ""1"", ""2"", ""3"", ""4""]","[3.9091580063982085e-08, 6.877280147212483e-05, 0.2368872261644293, 0.7587305689579404, 0.004313392984578093]",
d1-omni,ood_yelp_rating,38051,rating,score,0,1,"[""0"", ""1"", ""2"", ""3"", ""4""]","[0.03354013934752593, 0.8055432486783773, 0.1592416860173721, 0.0016748703253931204, 5.563133154016143e-08]",
d1-omni,ood_yelp_rating,38060,rating,score,2,2,"[""0"", ""1"", ""2"", ""3"", ""4""]","[0.00449252249276818, 0.23019759858317912, 0.7614520497383258, 0.0038576980126830197, 1.3117304391688585e-07]",
d1-omni,ood_yelp_rating,38140,rating,score,1,0,"[""0"", ""1"", ""2"", ""3"", ""4""]","[0.8908891648965602, 0.10557349828896244, 0.0035357416127336956, 1.5836640449428665e-06, 1.1537698685341938e-08]",
d1-omni,ood_yelp_rating,38146,rating,score,0,1,"[""0"", ""1"", ""2"", ""3"", ""4""]","[0.35865041547889226, 0.6209038469480992, 0.020442214352517446, 3.514508890279572e-06, 8.711600708904846e-09]",
d1-omni,ood_yelp_rating,38200,rating,score,2,2,"[""0"", ""1"", ""2"", ""3"", ""4""]","[7.685107285693712e-07, 0.012003450203614359, 0.9170225411126834, 0.07071317863263235, 0.0002600615403413002]",
d1-omni,ood_yelp_rating,38246,rating,score,4,4,"[""0"", ""1"", ""2"", ""3"", ""4""]","[5.6914428666086186e-05, 2.873039088636253e-05, 0.0034496965811586793, 0.11615062982323805, 0.8803140287760508]",
d1-omni,ood_yelp_rating,38254,rating,score,2,2,"[""0"", ""1"", ""2"", ""3"", ""4""]","[0.00273188635085915, 0.06462273500841174, 0.8303018041573406, 0.0937962578463367, 0.008547316637051673]",
d1-omni,ood_yelp_rating,38510,rating,score,3,3,"[""0"", ""1"", ""2"", ""3"", ""4""]","[7.315192986155202e-05, 0.004369406473370771, 0.37311726880001306, 0.5428824591193157, 0.07955771367743904]",
d1-omni,ood_yelp_rating,38563,rating,score,1,1,"[""0"", ""1"", ""2"", ""3"", ""4""]","[0.2048231456104697, 0.7448347217046889, 0.05009613009989778, 0.00024599036717061083, 1.2217772853878859e-08]",
d1-omni,ood_yelp_rating,38599,rating,score,4,4,"[""0"", ""1"", ""2"", ""3"", ""4""]","[5.2324215217189435e-06, 4.858138951324468e-06, 0.00017982499086482945, 0.008068273507093722, 0.9917418109415684]",
d1-omni,ood_yelp_rating,38702,rating,score,3,3,"[""0"", ""1"", ""2"", ""3"", ""4""]","[3.95898955373207e-07, 0.0029727164913879696, 0.30086568610879505, 0.6533118958915655, 0.04284930560929614]",
d1-omni,ood_yelp_rating,38742,rating,score,1,0,"[""0"", ""1"", ""2"", ""3"", ""4""]","[0.8722275373341759, 0.12664183156456996, 0.0011304466595075456, 1.8266489777129547e-07, 1.7768489243022661e-09]",
d1-omni,ood_yelp_rating,38812,rating,score,4,4,"[""0"", ""1"", ""2"", ""3"", ""4""]","[2.091471975347843e-07, 1.05767884597743e-08, 0.00085717452079316, 0.0664515126058553, 0.9326910931493655]",
d1-omni,ood_yelp_rating,38838,rating,score,4,3,"[""0"", ""1"", ""2"", ""3"", ""4""]","[1.2300513608134445e-06, 0.00013046668898082105, 0.06611063766291114, 0.7280112484005777, 0.20574641719616948]",
d1-omni,ood_yelp_rating,38849,rating,score,2,3,"[""0"", ""1"", ""2"", ""3"", ""4""]","[0.00021660387266283961, 0.02149824610975497, 0.20602169509422472, 0.4984614756806668, 0.2738019792426908]",
d1-omni,ood_yelp_rating,38964,rating,score,4,4,"[""0"", ""1"", ""2"", ""3"", ""4""]","[1.344430125442237e-06, 5.505947237543152e-08, 0.0027625245817720673, 0.15186333410503927, 0.8453727418235909]",
d1-omni,ood_yelp_rating,39018,rating,score,4,4,"[""0"", ""1"", ""2"", ""3"", ""4""]","[3.388043618012454e-05, 2.0426405249833165e-06, 0.008620514774062542, 0.18758330234211046, 0.8037602598071217]",
d1-omni,ood_yelp_rating,39074,rating,score,4,4,"[""0"", ""1"", ""2"", ""3"", ""4""]","[7.278346056383528e-08, 1.7559824903619122e-08, 0.0002247276713491399, 0.01358134129841649, 0.9861938406869488]",
d1-omni,ood_yelp_rating,39122,rating,score,0,0,"[""0"", ""1"", ""2"", ""3"", ""4""]","[0.5871581451435032, 0.40910261468454934, 0.0037383844466694614, 8.452501163820514e-07, 1.0475161799137154e-08]",
d1-omni,ood_yelp_rating,39133,rating,score,0,0,"[""0"", ""1"", ""2"", ""3"", ""4""]","[0.9414357234455518, 0.05709244216422089, 0.0014717735279567408, 5.966211945045698e-08, 1.2001510428700507e-09]",
d1-omni,ood_yelp_rating,39138,rating,score,0,0,"[""0"", ""1"", ""2"", ""3"", ""4""]","[0.9444921555025347, 0.05302505261966594, 0.002482438084650303, 3.431034223947443e-07, 1.0689726566743949e-08]",
d1-omni,ood_yelp_rating,39146,rating,score,4,3,"[""0"", ""1"", ""2"", ""3"", ""4""]","[0.1997880741757022, 0.1748549054251587, 0.10016586797936594, 0.2781241805717098, 0.2470669718480634]",
d1-omni,ood_yelp_rating,39258,rating,score,0,0,"[""0"", ""1"", ""2"", ""3"", ""4""]","[0.8228459843022932, 0.17063501970549197, 0.006469285384118267, 4.9683869932808005e-05, 2.6738163686283028e-08]",
d1-omni,ood_yelp_rating,39321,rating,score,4,4,"[""0"", ""1"", ""2"", ""3"", ""4""]","[4.550197105583918e-05, 3.1641637980469286e-05, 0.0010417054894409743, 0.08275293497027227, 0.9161282159312504]",
d1-omni,ood_yelp_rating,39383,rating,score,2,3,"[""0"", ""1"", ""2"", ""3"", ""4""]","[2.0811690498102557e-08, 0.001777969968823009, 0.32968205990272204, 0.6480125310501189, 0.02052741826664557]",
d1-omni,ood_yelp_rating,39477,rating,score,1,1,"[""0"", ""1"", ""2"", ""3"", ""4""]","[5.9198670139643374e-05, 0.730015334176612, 0.26542883665966416, 0.0044961512314137045, 4.792621705375426e-07]",
d1-omni,ood_yelp_rating,39640,rating,score,4,4,"[""0"", ""1"", ""2"", ""3"", ""4""]","[3.169590581629998e-06, 8.204017135854785e-07, 0.002550466907571991, 0.15189517791108034, 0.8455503651890524]",
d1-omni,ood_yelp_rating,39668,rating,score,4,3,"[""0"", ""1"", ""2"", ""3"", ""4""]","[0.00013456271013133418, 0.013592375571914945, 0.18284346069998325, 0.6523642783760769, 0.15106532264189354]",
d1-omni,ood_yelp_rating,39682,rating,score,0,1,"[""0"", ""1"", ""2"", ""3"", ""4""]","[0.4593339885921398, 0.5025129120753629, 0.03808374373856342, 6.931799682821465e-05, 3.7597105670452485e-08]",
d1-omni,ood_yelp_rating,39765,rating,score,2,2,"[""0"", ""1"", ""2"", ""3"", ""4""]","[3.475834145610408e-06, 0.0010461440151459062, 0.6904188285255846, 0.30398730939706253, 0.004544242228061349]",
d1-omni,ood_yelp_rating,39770,rating,score,2,1,"[""0"", ""1"", ""2"", ""3"", ""4""]","[0.0348366687654167, 0.6885287926384152, 0.27468139127974334, 0.0019529141785393834, 2.331378855320317e-07]",
d1-omni,ood_yelp_rating,39823,rating,score,1,2,"[""0"", ""1"", ""2"", ""3"", ""4""]","[0.0001276571436678, 0.2040868846825612, 0.7946652935005118, 0.0011201554839487028, 9.189310592142494e-09]",
d1-omni,ood_yelp_rating,39917,rating,score,1,2,"[""0"", ""1"", ""2"", ""3"", ""4""]","[0.0011790064478814717, 0.3758991025385843, 0.5726182743202125, 0.04661483025297542, 0.003688786440346331]",
d1-omni,ood_yelp_rating,39921,rating,score,4,4,"[""0"", ""1"", ""2"", ""3"", ""4""]","[9.94510638067585e-06, 5.8009296128102845e-06, 0.0004689969196347919, 0.05538592814256357, 0.9441293289018082]",
d1-omni,ood_yelp_rating,39923,rating,score,3,3,"[""0"", ""1"", ""2"", ""3"", ""4""]","[1.7051343219967304e-06, 0.0002073534187471733, 0.08530221052876168, 0.8285174699625096, 0.08597126095565957]",
d1-omni,ood_yelp_rating,39973,rating,score,0,0,"[""0"", ""1"", ""2"", ""3"", ""4""]","[0.7335360339059445, 0.2498168870546523, 0.016017117907092062, 0.0006296004503319659, 3.606819791778103e-07]",
d1-omni,ood_yelp_rating,39997,rating,score,4,4,"[""0"", ""1"", ""2"", ""3"", ""4""]","[3.675180635583066e-05, 1.2094011297938615e-06, 2.6415747224002453e-06, 0.0003446292468949329, 0.999614767970897]",
d1-omni,ood_yelp_rating,40007,rating,score,0,0,"[""0"", ""1"", ""2"", ""3"", ""4""]","[0.997801913816064, 0.001355258202395849, 0.0008156090022705133, 2.6115502356696057e-05, 1.103476913015658e-06]",
d1-omni,ood_yelp_rating,40030,rating,score,3,4,"[""0"", ""1"", ""2"", ""3"", ""4""]","[0.0003480918602703818, 0.0010072368083907724, 0.023445347396212714, 0.4176128707499312, 0.557586453185195]",
d1-omni,ood_yelp_rating,40100,rating,score,2,2,"[""0"", ""1"", ""2"", ""3"", ""4""]","[4.31822814590692e-09, 0.001917918072750139, 0.9369655249515128, 0.06107959484484046, 3.695781266845726e-05]",
d1-omni,ood_yelp_rating,40224,rating,score,2,2,"[""0"", ""1"", ""2"", ""3"", ""4""]","[2.0733205780389002e-05, 0.03547419299079674, 0.9480906559542444, 0.016408660447217664, 5.757401960939515e-06]",
d1-omni,ood_yelp_rating,40272,rating,score,4,4,"[""0"", ""1"", ""2"", ""3"", ""4""]","[1.157583025351227e-06, 2.201330915009415e-05, 0.01985745391698631, 0.2842096115008671, 0.695909763689971]",
d1-omni,ood_yelp_rating,40440,rating,score,0,0,"[""0"", ""1"", ""2"", ""3"", ""4""]","[0.9995768943392029, 0.00041004182884391693, 1.3052676180701754e-05, 9.906148376892923e-09, 1.2496241743417234e-09]",
d1-omni,ood_yelp_rating,40486,rating,score,4,2,"[""0"", ""1"", ""2"", ""3"", ""4""]","[9.502533357220024e-08, 0.0006358623535859653, 0.5121579219781042, 0.48301090164417737, 0.004195218998799007]",
d1-omni,ood_yelp_rating,40494,rating,score,2,1,"[""0"", ""1"", ""2"", ""3"", ""4""]","[0.35818811411421037, 0.46945204845060867, 0.1714414490923114, 0.0009129173618349384, 5.470981034530826e-06]",
d1-omni,ood_yelp_rating,40581,rating,score,3,3,"[""0"", ""1"", ""2"", ""3"", ""4""]","[2.4557726057985643e-07, 4.904469046736454e-05, 0.08352634206478794, 0.7154181489708784, 0.20100621869660576]",
d1-omni,ood_yelp_rating,40661,rating,score,1,1,"[""0"", ""1"", ""2"", ""3"", ""4""]","[0.004727587886816881, 0.6617059369282213, 0.3174899999264429, 0.015868759548475254, 0.0002077157100436819]",
d1-omni,ood_yelp_rating,40721,rating,score,0,1,"[""0"", ""1"", ""2"", ""3"", ""4""]","[0.47744455491572474, 0.49840689200547394, 0.023805412148247742, 0.0003430657497086914, 7.518084510609543e-08]",
d1-omni,ood_yelp_rating,40819,rating,score,3,4,"[""0"", ""1"", ""2"", ""3"", ""4""]","[6.97414749634993e-07, 6.81258925664227e-07, 0.004090339669863395, 0.4901742193590939, 0.5057340622973674]",
d1-omni,ood_yelp_rating,40899,rating,score,2,2,"[""0"", ""1"", ""2"", ""3"", ""4""]","[1.943835964879819e-07, 0.0016093135508549825, 0.5216817769915093, 0.47222165331169036, 0.004487061762348843]",
d1-omni,ood_yelp_rating,40924,rating,score,3,4,"[""0"", ""1"", ""2"", ""3"", ""4""]","[2.070588330403052e-05, 3.853285980640897e-05, 0.015560459533741678, 0.4883450117552493, 0.4960352899678986]",
d1-omni,ood_yelp_rating,40926,rating,score,4,3,"[""0"", ""1"", ""2"", ""3"", ""4""]","[0.00010420600894526887, 0.0009964331814926943, 0.08068571551873162, 0.49445608040985556, 0.4237575648809747]",
d1-omni,ood_yelp_rating,40953,rating,score,4,3,"[""0"", ""1"", ""2"", ""3"", ""4""]","[0.00031996102376797864, 0.007072026685565482, 0.17991341110890482, 0.5607045681080255, 0.25199003307373624]",
d1-omni,ood_yelp_rating,40981,rating,score,2,1,"[""0"", ""1"", ""2"", ""3"", ""4""]","[0.06207794392608028, 0.805825590406532, 0.12976114614573062, 0.0023352457963123534, 7.372534476129055e-08]",
d1-omni,ood_yelp_rating,40988,rating,score,0,0,"[""0"", ""1"", ""2"", ""3"", ""4""]","[0.7261729916694574, 0.2576637529261572, 0.015779106819153586, 0.0003743650636805015, 9.783521551507824e-06]",
d1-omni,ood_yelp_rating,40989,rating,score,3,3,"[""0"", ""1"", ""2"", ""3"", ""4""]","[4.229513055151765e-06, 1.4994928480707863e-05, 0.008180185231268953, 0.5196118264100277, 0.4721887639171676]",
d1-omni,ood_yelp_rating,41057,rating,score,2,2,"[""0"", ""1"", ""2"", ""3"", ""4""]","[9.337811012007347e-06, 0.05866246836125875, 0.8934290590329325, 0.04747315833299491, 0.00042597646180193854]",
d1-omni,ood_yelp_rating,41135,rating,score,3,3,"[""0"", ""1"", ""2"", ""3"", ""4""]","[4.933631945933421e-06, 0.00025904782809984297, 0.0122282601021949, 0.6339638767475747, 0.35354388169018464]",
d1-omni,ood_yelp_rating,41167,rating,score,4,4,"[""0"", ""1"", ""2"", ""3"", ""4""]","[1.1071169794086e-07, 1.607461748049313e-08, 0.0011838386839540553, 0.2415609605069749, 0.7572550740227557]",
d1-omni,ood_yelp_rating,41171,rating,score,2,2,"[""0"", ""1"", ""2"", ""3"", ""4""]","[0.3388460207068683, 0.13933399482905431, 0.4741308661756636, 0.04558990692762172, 0.0020992113607920227]",
d1-omni,ood_yelp_rating,41228,rating,score,1,0,"[""0"", ""1"", ""2"", ""3"", ""4""]","[0.9247576878323905, 0.07200944905929327, 0.0032199802355993125, 1.2289824270343595e-05, 5.930484464258873e-07]",
d1-omni,ood_yelp_rating,41334,rating,score,4,3,"[""0"", ""1"", ""2"", ""3"", ""4""]","[2.323021018022105e-06, 7.456108717124388e-05, 0.03864245389229482, 0.6197113412298442, 0.34156932076967167]",
d1-omni,ood_yelp_rating,41343,rating,score,0,1,"[""0"", ""1"", ""2"", ""3"", ""4""]","[0.39469677359332606, 0.5994944050867691, 0.005808763264945415, 5.6148607009633576e-08, 1.906352555616152e-09]",
d1-omni,ood_yelp_rating,41365,rating,score,2,4,"[""0"", ""1"", ""2"", ""3"", ""4""]","[1.5126001483838598e-07, 3.901052196862652e-06, 0.010686890421613311, 0.41234065735576275, 0.5769683999104123]",
d1-omni,ood_yelp_rating,41399,rating,score,0,0,"[""0"", ""1"", ""2"", ""3"", ""4""]","[0.9319434126837547, 0.06492349867146928, 0.0031085217296595506, 2.453511646400718e-05, 3.179865241940886e-08]",
d1-omni,ood_yelp_rating,41431,rating,score,1,1,"[""0"", ""1"", ""2"", ""3"", ""4""]","[0.011896327502815832, 0.8886524390084821, 0.09878332843010587, 0.0006678760123803849, 2.9046215706751986e-08]",
d1-omni,ood_yelp_rating,41446,rating,score,1,1,"[""0"", ""1"", ""2"", ""3"", ""4""]","[0.14697566613449714, 0.7326823666860122, 0.11995802452589592, 0.0003829203636805177, 1.022289914080412e-06]",
d1-omni,ood_yelp_rating,41468,rating,score,0,0,"[""0"", ""1"", ""2"", ""3"", ""4""]","[0.8845160621061526, 0.11289374975055064, 0.0025433409306683348, 4.658290498969528e-05, 2.6430763848011873e-07]",
d1-omni,ood_yelp_rating,41538,rating,score,2,2,"[""0"", ""1"", ""2"", ""3"", ""4""]","[5.979206428741847e-06, 0.268653821917036, 0.7231798483753576, 0.00816031410439255, 3.639678527628263e-08]",
d1-omni,ood_yelp_rating,41600,rating,score,0,0,"[""0"", ""1"", ""2"", ""3"", ""4""]","[0.9631632444586944, 0.03639624812098762, 0.00042720939259111636, 1.3258231226887266e-05, 3.979649972521988e-08]",
d1-omni,ood_yelp_rating,41628,rating,score,0,0,"[""0"", ""1"", ""2"", ""3"", ""4""]","[0.9787306045447639, 0.02039240765125935, 0.0008549501202700613, 2.182538017549439e-05, 2.1230353121231528e-07]",
d1-omni,ood_yelp_rating,41633,rating,score,2,2,"[""0"", ""1"", ""2"", ""3"", ""4""]","[0.0019771919600656052, 0.32687818078979963, 0.6478567093744481, 0.023119154932926746, 0.00016876294275998828]",
d1-omni,ood_yelp_rating,41657,rating,score,3,3,"[""0"", ""1"", ""2"", ""3"", ""4""]","[6.022828489990287e-09, 1.9986845581581213e-06, 0.06245239350080565, 0.9123140954179043, 0.025231506373903267]",
d1-omni,ood_yelp_rating,41665,rating,score,4,4,"[""0"", ""1"", ""2"", ""3"", ""4""]","[2.2053829585790664e-05, 6.052774490453292e-06, 0.0013458947053223093, 0.06593441848884318, 0.9326915802017584]",
d1-omni,ood_yelp_rating,41711,rating,score,2,3,"[""0"", ""1"", ""2"", ""3"", ""4""]","[0.0003743284322304757, 0.006967151784032893, 0.338659673459668, 0.41291334008392955, 0.24108550624013908]",
d1-omni,ood_yelp_rating,41749,rating,score,2,3,"[""0"", ""1"", ""2"", ""3"", ""4""]","[0.007717460065642752, 0.0566362659860186, 0.29588472245848874, 0.5500928177166458, 0.08966873377320413]",
d1-omni,ood_yelp_rating,41756,rating,score,1,1,"[""0"", ""1"", ""2"", ""3"", ""4""]","[0.36939877254375714, 0.5777506402580644, 0.052773408285287836, 7.709378248694369e-05, 8.513040379028614e-08]",
d1-omni,ood_yelp_rating,41798,rating,score,4,4,"[""0"", ""1"", ""2"", ""3"", ""4""]","[0.00013251927681837483, 1.1829104087058995e-06, 0.00026613239137333866, 0.04079114906214763, 0.958809016359252]",
d1-omni,ood_yelp_rating,41847,rating,score,1,0,"[""0"", ""1"", ""2"", ""3"", ""4""]","[0.5598081704805338, 0.42091797607333953, 0.0192024063559316, 7.141819116554697e-05, 2.8899029466404255e-08]",
d1-omni,ood_yelp_rating,41848,rating,score,0,1,"[""0"", ""1"", ""2"", ""3"", ""4""]","[0.16398883641398151, 0.6613806321754646, 0.16398883641398151, 0.010638150607159533, 3.5443894127394e-06]",
d1-omni,ood_yelp_rating,41876,rating,score,4,4,"[""0"", ""1"", ""2"", ""3"", ""4""]","[7.694237940600794e-05, 9.030683707717393e-05, 0.0050278342276424215, 0.33241877044276036, 0.662386146113114]",
d1-omni,ood_yelp_rating,41897,rating,score,3,3,"[""0"", ""1"", ""2"", ""3"", ""4""]","[3.905392561465427e-08, 7.127213800083249e-08, 0.0036572040428497466, 0.855577976086504, 0.1407647095445826]",
d1-omni,ood_yelp_rating,42037,rating,score,0,0,"[""0"", ""1"", ""2"", ""3"", ""4""]","[0.7235367869976732, 0.2669552244869133, 0.009507870499479688, 1.0956702256215482e-07, 8.448911082781132e-09]",
d1-omni,ood_yelp_rating,42075,rating,score,0,0,"[""0"", ""1"", ""2"", ""3"", ""4""]","[0.8652699368734713, 0.13012689303307104, 0.004603021777858661, 1.3335372281965993e-07, 1.4961876281117767e-08]",
d1-omni,ood_yelp_rating,42129,rating,score,1,1,"[""0"", ""1"", ""2"", ""3"", ""4""]","[0.0328894143691254, 0.8219031984604461, 0.1449329202382512, 0.0002735720750558094, 8.94857121458e-07]",
d1-omni,ood_yelp_rating,42161,rating,score,1,1,"[""0"", ""1"", ""2"", ""3"", ""4""]","[0.25857974546848156, 0.7387865204164752, 0.002633438298104859, 2.9303253328202036e-07, 2.7844049821371513e-09]",
d1-omni,ood_yelp_rating,42212,rating,score,0,0,"[""0"", ""1"", ""2"", ""3"", ""4""]","[0.9541296910818955, 0.04031555229562528, 0.005498909281184691, 5.5838388773376905e-05, 8.952521025474501e-09]",
d1-omni,ood_yelp_rating,42255,rating,score,0,0,"[""0"", ""1"", ""2"", ""3"", ""4""]","[0.5617088294770141, 0.3998701339839482, 0.03832755344210279, 9.346308949942265e-05, 2.0007435430673695e-08]",
d1-omni,ood_yelp_rating,42256,rating,score,0,0,"[""0"", ""1"", ""2"", ""3"", ""4""]","[0.6393713056093433, 0.31759541170184824, 0.03523527627489448, 0.007465480768095655, 0.0003325256458183634]",
d1-omni,ood_yelp_rating,42266,rating,score,3,3,"[""0"", ""1"", ""2"", ""3"", ""4""]","[1.5181618236079661e-05, 0.0009747639639245006, 0.036293086035383025, 0.5732908099591913, 0.38942615842326506]",
d1-omni,ood_yelp_rating,42386,rating,score,2,1,"[""0"", ""1"", ""2"", ""3"", ""4""]","[0.0705288620077119, 0.7482343544724966, 0.17955296305408103, 0.0016690380144827638, 1.4782451227706499e-05]",
d1-omni,ood_yelp_rating,42398,rating,score,1,1,"[""0"", ""1"", ""2"", ""3"", ""4""]","[0.10898054879533557, 0.854690927057695, 0.03632610675547943, 2.413676615406583e-06, 3.7148747706985784e-09]",
d1-omni,ood_yelp_rating,42490,rating,score,4,3,"[""0"", ""1"", ""2"", ""3"", ""4""]","[3.972316993696868e-06, 7.640760493229954e-07, 0.011376560740767896, 0.5174632101833848, 0.47115549268280427]",
d1-omni,ood_yelp_rating,42570,rating,score,4,4,"[""0"", ""1"", ""2"", ""3"", ""4""]","[1.580286147935516e-05, 1.1402931008432578e-06, 0.004719275304241354, 0.0994352708223455, 0.8958285107188328]",
d1-omni,ood_yelp_rating,42575,rating,score,4,4,"[""0"", ""1"", ""2"", ""3"", ""4""]","[7.97910761418499e-07, 1.0107769916568479e-05, 0.029779801738737434, 0.31519931865248957, 0.6550099739280951]",
d1-omni,ood_yelp_rating,42682,rating,score,1,1,"[""0"", ""1"", ""2"", ""3"", ""4""]","[0.0513235365471287, 0.9399855670116417, 0.008690847527937758, 4.383860338290839e-08, 5.074688239263621e-09]",
d1-omni,ood_yelp_rating,42707,rating,score,4,4,"[""0"", ""1"", ""2"", ""3"", ""4""]","[0.0005965572191063288, 0.00013028062838473005, 0.004268204381743764, 0.06881811685998336, 0.9261868409107817]",
d1-omni,ood_yelp_rating,42768,rating,score,2,1,"[""0"", ""1"", ""2"", ""3"", ""4""]","[0.034486788976570246, 0.9109632641591902, 0.0545475451753762, 2.38390910727381e-06, 1.77797563581561e-08]",
d1-omni,ood_yelp_rating,42794,rating,score,2,3,"[""0"", ""1"", ""2"", ""3"", ""4""]","[1.854507060286261e-08, 8.363907160501104e-05, 0.2562362219476852, 0.6194998289194082, 0.12418029151623093]",
d1-omni,ood_yelp_rating,42848,rating,score,0,0,"[""0"", ""1"", ""2"", ""3"", ""4""]","[0.9984497068920533, 0.0015188025929915785, 2.9152849349983467e-05, 2.3103447196856078e-06, 2.732088544840406e-08]",
d1-omni,ood_yelp_rating,42872,rating,score,1,0,"[""0"", ""1"", ""2"", ""3"", ""4""]","[0.5023012763259859, 0.48779880223705024, 0.009889421230176972, 1.0481493341178434e-05, 1.8713445746680226e-08]",
d1-omni,ood_yelp_rating,42879,rating,score,3,3,"[""0"", ""1"", ""2"", ""3"", ""4""]","[1.7425979464496376e-05, 0.0022557638519189165, 0.05500017892432882, 0.6580427616428212, 0.2846838696014665]",
d1-omni,ood_yelp_rating,42888,rating,score,2,2,"[""0"", ""1"", ""2"", ""3"", ""4""]","[3.0350568740922906e-07, 0.005729300272434256, 0.9902302965597289, 0.004035006200734986, 5.093461414103625e-06]",
d1-omni,ood_yelp_rating,42962,rating,score,4,4,"[""0"", ""1"", ""2"", ""3"", ""4""]","[0.0017942230584721758, 0.0027305247906373423, 0.04192738814617175, 0.402878389209648, 0.5506694747950708]",
d1-omni,ood_yelp_rating,43063,rating,score,4,4,"[""0"", ""1"", ""2"", ""3"", ""4""]","[2.8540239278457346e-06, 2.8643399439486385e-08, 0.0015313218221047525, 0.11698769989421413, 0.8814780956163539]",
d1-omni,ood_yelp_rating,43088,rating,score,1,1,"[""0"", ""1"", ""2"", ""3"", ""4""]","[0.01620700894692365, 0.9126273668939546, 0.07113431942419299, 3.127542482104185e-05, 2.93101076427811e-08]",
d1-omni,ood_yelp_rating,43163,rating,score,0,0,"[""0"", ""1"", ""2"", ""3"", ""4""]","[0.8907392115692371, 0.10402081176220682, 0.005239937906922439, 3.191356122870737e-08, 6.848072451663384e-09]",
d1-omni,ood_yelp_rating,43178,rating,score,0,0,"[""0"", ""1"", ""2"", ""3"", ""4""]","[0.8616435250383412, 0.1342181617144856, 0.004084825082509921, 5.336438634353064e-05, 1.2377831977147494e-07]",
d1-omni,ood_yelp_rating,43350,rating,score,0,0,"[""0"", ""1"", ""2"", ""3"", ""4""]","[0.6801524939684074, 0.310561343709518, 0.009257573930208332, 2.7951265848014718e-05, 6.371260183367848e-07]",
d1-omni,ood_yelp_rating,43355,rating,score,2,1,"[""0"", ""1"", ""2"", ""3"", ""4""]","[0.09245974016512595, 0.565797156799646, 0.33587911341868965, 0.0058472419853291945, 1.674763120914141e-05]",
d1-omni,ood_yelp_rating,43356,rating,score,4,4,"[""0"", ""1"", ""2"", ""3"", ""4""]","[4.435848922365409e-08, 8.73469996530497e-09, 0.00034499613046468493, 0.05408002059802585, 0.9455749301783203]",
d1-omni,ood_yelp_rating,43398,rating,score,3,3,"[""0"", ""1"", ""2"", ""3"", ""4""]","[5.257753757186818e-07, 1.089569593502896e-05, 0.12871055088761563, 0.8279014572244948, 0.04337657041657867]",
d1-omni,ood_yelp_rating,43406,rating,score,3,4,"[""0"", ""1"", ""2"", ""3"", ""4""]","[5.603365565964404e-05, 3.268415287451672e-05, 0.004365209328574215, 0.06753729096607444, 0.9280087818968172]",
d1-omni,ood_yelp_rating,43482,rating,score,0,1,"[""0"", ""1"", ""2"", ""3"", ""4""]","[0.20916352691081153, 0.6373852217367427, 0.149921042884559, 0.0035258053317618423, 4.403136124888498e-06]",
d1-omni,ood_yelp_rating,43543,rating,score,2,2,"[""0"", ""1"", ""2"", ""3"", ""4""]","[1.7812620724746583e-06, 0.4136564856195346, 0.5856322911691243, 0.0007088545514196105, 5.873978489367326e-07]",
d1-omni,ood_yelp_rating,43557,rating,score,2,3,"[""0"", ""1"", ""2"", ""3"", ""4""]","[1.4097829835762443e-07, 7.388934677256551e-05, 0.048485471353428386, 0.8493092049573672, 0.10213129336413347]",
d1-omni,ood_yelp_rating,43629,rating,score,2,3,"[""0"", ""1"", ""2"", ""3"", ""4""]","[0.0003025362924199341, 0.009229594772946126, 0.28824800977987125, 0.6432642333064047, 0.05895562584835808]",
d1-omni,ood_yelp_rating,43641,rating,score,0,0,"[""0"", ""1"", ""2"", ""3"", ""4""]","[0.5723451654922842, 0.280372518242215, 0.13302188931671202, 0.014092469916141414, 0.00016795703264735028]",
d1-omni,ood_yelp_rating,43652,rating,score,1,1,"[""0"", ""1"", ""2"", ""3"", ""4""]","[0.08993485871653611, 0.9034443778651122, 0.0066206845674585905, 7.570180206353063e-08, 3.1490909305719215e-09]",
d1-omni,ood_yelp_rating,43661,rating,score,4,4,"[""0"", ""1"", ""2"", ""3"", ""4""]","[1.0775361142883537e-05, 7.149952683704396e-06, 0.003192846805548481, 0.09404049901588449, 0.9027487288647404]",
d1-omni,ood_yelp_rating,43701,rating,score,0,0,"[""0"", ""1"", ""2"", ""3"", ""4""]","[0.9214541404045157, 0.07066566103225631, 0.007007959348026139, 0.0008720243568893838, 2.148583123923149e-07]",
d1-omni,ood_yelp_rating,43703,rating,score,0,0,"[""0"", ""1"", ""2"", ""3"", ""4""]","[0.9606497642352676, 0.037321259209437734, 0.002028818978667779, 1.5607028813519104e-07, 1.5063389573165848e-09]",
d1-omni,ood_yelp_rating,43773,rating,score,3,4,"[""0"", ""1"", ""2"", ""3"", ""4""]","[1.3289322733204697e-07, 9.081592276576611e-07, 0.004573706108936211, 0.3608593282823392, 0.6345659245562695]",
d1-omni,ood_yelp_rating,43829,rating,score,1,0,"[""0"", ""1"", ""2"", ""3"", ""4""]","[0.8126963813759519, 0.18151422181351676, 0.005789359287081362, 3.204175419895938e-08, 5.481695638907583e-09]",
d1-omni,ood_yelp_rating,43868,rating,score,2,2,"[""0"", ""1"", ""2"", ""3"", ""4""]","[0.00011570449388382815, 0.02941464364099607, 0.7833637153112303, 0.18661113092280307, 0.0004948056310866567]",
d1-omni,ood_yelp_rating,43910,rating,score,2,2,"[""0"", ""1"", ""2"", ""3"", ""4""]","[1.700081525471483e-07, 0.018163921121520484, 0.9659096488562463, 0.01558200852740357, 0.0003442514866771988]",
d1-omni,ood_yelp_rating,43974,rating,score,1,2,"[""0"", ""1"", ""2"", ""3"", ""4""]","[0.014903731404527845, 0.09474805022287787, 0.5174822353161591, 0.3617904695776627, 0.011075513478772427]",
d1-omni,ood_yelp_rating,43987,rating,score,3,4,"[""0"", ""1"", ""2"", ""3"", ""4""]","[5.035400635204933e-06, 2.1572557188302708e-06, 0.0029298452328786074, 0.1348349165027029, 0.8622280456080644]",
d1-omni,ood_yelp_rating,44001,rating,score,3,3,"[""0"", ""1"", ""2"", ""3"", ""4""]","[6.257090488298552e-08, 6.818585471186471e-08, 0.05491841638290828, 0.715329370126569, 0.22975208273376319]",
d1-omni,ood_yelp_rating,44063,rating,score,4,4,"[""0"", ""1"", ""2"", ""3"", ""4""]","[8.170635239799076e-05, 6.961468067492753e-05, 0.00550861826443769, 0.22481963419206705, 0.7695204265104224]",
d1-omni,ood_yelp_rating,44104,rating,score,4,4,"[""0"", ""1"", ""2"", ""3"", ""4""]","[0.0005254873563121144, 0.002627271633982224, 0.13528073463785667, 0.2552802698456891, 0.6062862365261599]",
d1-omni,ood_yelp_rating,44175,rating,score,4,3,"[""0"", ""1"", ""2"", ""3"", ""4""]","[5.611496248774877e-07, 0.0017633436567654908, 0.12253817795927344, 0.7254142957025608, 0.1502836215317754]",
d1-omni,ood_yelp_rating,44200,rating,score,4,4,"[""0"", ""1"", ""2"", ""3"", ""4""]","[1.4134787638935658e-05, 1.5920863377376533e-06, 0.00037906267969687604, 0.014027648094668502, 0.9855775623516579]",
d1-omni,ood_yelp_rating,44261,rating,score,2,1,"[""0"", ""1"", ""2"", ""3"", ""4""]","[0.0008015319405003928, 0.7956505969270736, 0.20354333030964245, 4.538957195871694e-06, 1.865587818765399e-09]",
d1-omni,ood_yelp_rating,44305,rating,score,4,3,"[""0"", ""1"", ""2"", ""3"", ""4""]","[0.00025112350622176564, 0.008135330888190037, 0.055730802209853, 0.725556902498253, 0.21032584089748227]",
d1-omni,ood_yelp_rating,44339,rating,score,0,1,"[""0"", ""1"", ""2"", ""3"", ""4""]","[0.09365048174593693, 0.6994620141164505, 0.20256356226693756, 0.004307974194453168, 1.5967676221896514e-05]",
d1-omni,ood_yelp_rating,44419,rating,score,3,3,"[""0"", ""1"", ""2"", ""3"", ""4""]","[7.14407922737565e-08, 4.9694155210837115e-06, 0.020679954635040167, 0.7392995955314409, 0.24001540897720558]",
d1-omni,ood_yelp_rating,44462,rating,score,4,3,"[""0"", ""1"", ""2"", ""3"", ""4""]","[1.0387936818876085e-07, 0.00020071412995566055, 0.04753240519136712, 0.8911957686260491, 0.06107100817325988]",
d1-omni,ood_yelp_rating,44518,rating,score,3,3,"[""0"", ""1"", ""2"", ""3"", ""4""]","[2.2848961577044316e-09, 3.8890647695045237e-05, 0.06936114993192799, 0.9208199279188997, 0.009780029216581054]",
d1-omni,ood_yelp_rating,44566,rating,score,0,0,"[""0"", ""1"", ""2"", ""3"", ""4""]","[0.7965001852310222, 0.19104195528259446, 0.012453778588893556, 4.073034680906295e-06, 7.862808869698216e-09]",
d1-omni,ood_yelp_rating,44685,rating,score,3,3,"[""0"", ""1"", ""2"", ""3"", ""4""]","[2.680834183781454e-07, 8.672048834249511e-06, 0.013171208202197719, 0.6361757717155008, 0.35064407995004876]",
d1-omni,ood_yelp_rating,44706,rating,score,2,2,"[""0"", ""1"", ""2"", ""3"", ""4""]","[2.698526903937812e-06, 0.0061737234448057295, 0.5617431124776325, 0.427351526693067, 0.004728938857590903]",
d1-omni,ood_yelp_rating,44718,rating,score,4,3,"[""0"", ""1"", ""2"", ""3"", ""4""]","[5.548112632443269e-06, 0.00028904526589489387, 0.20950869764520216, 0.7143177021174998, 0.07587900685877082]",
d1-omni,ood_yelp_rating,44749,rating,score,2,3,"[""0"", ""1"", ""2"", ""3"", ""4""]","[0.0007917444100145874, 0.016319517573674783, 0.10605357340407628, 0.6241590553015406, 0.2526761093106937]",
d1-omni,ood_yelp_rating,44968,rating,score,0,0,"[""0"", ""1"", ""2"", ""3"", ""4""]","[0.9725127867362645, 0.026852111766840776, 0.0006203080597801046, 1.4789075958560902e-05, 4.361155910778674e-09]",
d1-omni,ood_yelp_rating,44996,rating,score,2,3,"[""0"", ""1"", ""2"", ""3"", ""4""]","[1.1471041248449684e-07, 0.00011409133325404997, 0.05487321851292285, 0.7516066440756838, 0.19340593136772694]",
d1-omni,ood_yelp_rating,45042,rating,score,1,1,"[""0"", ""1"", ""2"", ""3"", ""4""]","[0.18052705466503974, 0.7280806952152332, 0.08945466159177413, 0.0019361945647105054, 1.393963242288739e-06]",
d1-omni,ood_yelp_rating,45073,rating,score,2,1,"[""0"", ""1"", ""2"", ""3"", ""4""]","[0.0022260766848778315, 0.5753209466981225, 0.4200925026250146, 0.0023604070623216874, 6.69296633117348e-08]",
d1-omni,ood_yelp_rating,45088,rating,score,2,1,"[""0"", ""1"", ""2"", ""3"", ""4""]","[0.11511887198065349, 0.808502645075666, 0.0731739952402635, 0.0030202512025474626, 0.00018423650086950966]",
d1-omni,ood_yelp_rating,45141,rating,score,3,3,"[""0"", ""1"", ""2"", ""3"", ""4""]","[4.153242158384342e-07, 0.0015228446636712672, 0.4459771403920865, 0.5400565024246727, 0.012443097195353633]",
d1-omni,ood_yelp_rating,45175,rating,score,4,4,"[""0"", ""1"", ""2"", ""3"", ""4""]","[0.0007317949719241222, 1.3193510135774898e-06, 0.0003003277403983779, 0.009932149712993056, 0.9890344082236708]",
d1-omni,ood_yelp_rating,45184,rating,score,4,4,"[""0"", ""1"", ""2"", ""3"", ""4""]","[1.0483636272653052e-05, 1.9733702210026982e-07, 0.00018438071224878173, 0.02760609543683476, 0.9721988428776217]",
d1-omni,ood_yelp_rating,45206,rating,score,2,2,"[""0"", ""1"", ""2"", ""3"", ""4""]","[3.8866628960276205e-06, 0.10081107529145567, 0.8765276076799751, 0.022529723339933458, 0.00012770702573974228]",
d1-omni,ood_yelp_rating,45209,rating,score,2,2,"[""0"", ""1"", ""2"", ""3"", ""4""]","[9.033792570137115e-07, 0.0011051793037978692, 0.4839775990131464, 0.43681055144619957, 0.07810576685759915]",
d1-omni,ood_yelp_rating,45265,rating,score,2,1,"[""0"", ""1"", ""2"", ""3"", ""4""]","[0.07553362630430288, 0.5903588043702861, 0.3153796799005492, 0.018501274680527313, 0.00022661474433446107]",
d1-omni,ood_yelp_rating,45286,rating,score,1,1,"[""0"", ""1"", ""2"", ""3"", ""4""]","[0.0013259680595657766, 0.7768051581387401, 0.22125815032348556, 0.0006106397369625866, 8.374124590400466e-08]",
d1-omni,ood_yelp_rating,45425,rating,score,0,1,"[""0"", ""1"", ""2"", ""3"", ""4""]","[0.026987652769241692, 0.9216276317366006, 0.05126359260635233, 0.00012107331859219849, 4.956921334517139e-08]",
d1-omni,ood_yelp_rating,45459,rating,score,3,3,"[""0"", ""1"", ""2"", ""3"", ""4""]","[0.00011495312505538066, 0.007555801279508921, 0.08500633364315437, 0.6828136146947459, 0.2245092972575354]",
d1-omni,ood_yelp_rating,45465,rating,score,1,1,"[""0"", ""1"", ""2"", ""3"", ""4""]","[0.0027945853808942728, 0.8849194361753919, 0.1121894481525501, 9.618742672271162e-05, 3.4286444088801256e-07]",
d1-omni,ood_yelp_rating,45466,rating,score,0,0,"[""0"", ""1"", ""2"", ""3"", ""4""]","[0.8105613630811744, 0.17827417139484833, 0.011162619685768113, 1.8214310194355486e-06, 2.440718984207877e-08]",
d1-omni,ood_yelp_rating,45533,rating,score,2,3,"[""0"", ""1"", ""2"", ""3"", ""4""]","[0.013302618329433857, 0.16958783282432557, 0.10869509080949745, 0.5251805417167782, 0.18323391631996488]",
d1-omni,ood_yelp_rating,45563,rating,score,1,2,"[""0"", ""1"", ""2"", ""3"", ""4""]","[5.6702491968725497e-05, 0.18455622491009724, 0.8143002875829747, 0.0010867467400790403, 3.827488013380392e-08]",
d1-omni,ood_yelp_rating,45599,rating,score,3,3,"[""0"", ""1"", ""2"", ""3"", ""4""]","[5.175098230996874e-07, 0.003722431969078826, 0.13338438129653032, 0.6895625740709698, 0.17333009515359796]",
d1-omni,ood_yelp_rating,45644,rating,score,3,3,"[""0"", ""1"", ""2"", ""3"", ""4""]","[9.787444979615673e-08, 1.5045618152514733e-05, 0.0015896092249725181, 0.9043697233731309, 0.09402552390929404]",
d1-omni,ood_yelp_rating,45775,rating,score,2,3,"[""0"", ""1"", ""2"", ""3"", ""4""]","[4.2585500749445244e-07, 0.00010584429292131033, 0.05853606013755249, 0.7688058365923259, 0.1725518331221928]",
d1-omni,ood_yelp_rating,45858,rating,score,3,3,"[""0"", ""1"", ""2"", ""3"", ""4""]","[2.1817763781310633e-05, 0.0001061396685934822, 0.016380037475793547, 0.8335976831690067, 0.14989432192282492]",
d1-omni,ood_yelp_rating,45922,rating,score,1,1,"[""0"", ""1"", ""2"", ""3"", ""4""]","[0.02064747036986707, 0.5418161669735575, 0.43366424181628427, 0.003871029455122566, 1.0913851687927335e-06]",
d1-omni,ood_yelp_rating,45952,rating,score,4,4,"[""0"", ""1"", ""2"", ""3"", ""4""]","[4.453366163980113e-06, 3.8772967322423484e-05, 0.003672047599286279, 0.23669329587965027, 0.759591430187577]",
d1-omni,ood_yelp_rating,45968,rating,score,4,4,"[""0"", ""1"", ""2"", ""3"", ""4""]","[6.33199086683473e-07, 3.068395035858487e-06, 0.0806531182102421, 0.35068339075460425, 0.568659789441031]",
d1-omni,ood_yelp_rating,45971,rating,score,2,1,"[""0"", ""1"", ""2"", ""3"", ""4""]","[0.18036551797662942, 0.5902418716322754, 0.19578490059067413, 0.03351121035128472, 9.649944913648954e-05]",
d1-omni,ood_yelp_rating,45984,rating,score,1,1,"[""0"", ""1"", ""2"", ""3"", ""4""]","[0.16228314124590737, 0.7176017919461856, 0.12011377322386438, 1.2768703158953975e-06, 1.6713726831259624e-08]",
d1-omni,ood_yelp_rating,46017,rating,score,0,0,"[""0"", ""1"", ""2"", ""3"", ""4""]","[0.9915016747848125, 0.00834271333371195, 0.00015407579703130293, 1.5283113500585996e-06, 7.773094089609988e-09]",
d1-omni,ood_yelp_rating,46063,rating,score,4,4,"[""0"", ""1"", ""2"", ""3"", ""4""]","[0.0007089526051067609, 9.764775969319957e-05, 0.0026161329720888987, 0.14103413562144448, 0.8555431310416667]",
d1-omni,ood_yelp_rating,46067,rating,score,3,3,"[""0"", ""1"", ""2"", ""3"", ""4""]","[1.7914317417592007e-08, 9.745667729099847e-05, 0.023243330876108234, 0.8211580108983797, 0.15550118363390364]",
d1-omni,ood_yelp_rating,46092,rating,score,0,1,"[""0"", ""1"", ""2"", ""3"", ""4""]","[0.2623823212996716, 0.6980692982815021, 0.0371411144382307, 0.00240703688467627, 2.2909591933599208e-07]",
d1-omni,ood_yelp_rating,46095,rating,score,0,0,"[""0"", ""1"", ""2"", ""3"", ""4""]","[0.8670353646735648, 0.13199388987445393, 0.0009705985186578054, 1.450494587781843e-07, 1.8838646751688077e-09]",
d1-omni,ood_yelp_rating,46156,rating,score,2,2,"[""0"", ""1"", ""2"", ""3"", ""4""]","[2.3239125429377287e-08, 0.002604602014446198, 0.9832598377337024, 0.014135450668827654, 8.634389814001981e-08]",
d1-omni,ood_yelp_rating,46161,rating,score,3,2,"[""0"", ""1"", ""2"", ""3"", ""4""]","[0.026783323203264896, 0.13809143797036966, 0.4570045929105411, 0.2423691190867107, 0.13575152682911365]",
d1-omni,ood_yelp_rating,46162,rating,score,4,4,"[""0"", ""1"", ""2"", ""3"", ""4""]","[1.3330966904685879e-05, 4.455938951293151e-07, 0.0006129079595640149, 0.02523502858912173, 0.9741382868905144]",
d1-omni,ood_yelp_rating,46179,rating,score,4,4,"[""0"", ""1"", ""2"", ""3"", ""4""]","[0.00011319873710701186, 2.7574350010267127e-06, 0.004289435625074159, 0.20486805697117577, 0.790726551231642]",
d1-omni,ood_yelp_rating,46329,rating,score,3,3,"[""0"", ""1"", ""2"", ""3"", ""4""]","[9.146663721004306e-08, 9.531040816777882e-07, 0.016238368668568367, 0.7299976515934395, 0.2537629351672731]",
d1-omni,ood_yelp_rating,46455,rating,score,2,1,"[""0"", ""1"", ""2"", ""3"", ""4""]","[0.0003473797137163244, 0.5081362992673903, 0.4843936911878597, 0.007114925174760993, 7.704656272766873e-06]",
d1-omni,ood_yelp_rating,46535,rating,score,3,3,"[""0"", ""1"", ""2"", ""3"", ""4""]","[0.00016392432079927275, 0.004799936257881485, 0.18959151845560052, 0.5618853927190083, 0.24355922824671045]",
d1-omni,ood_yelp_rating,46556,rating,score,2,2,"[""0"", ""1"", ""2"", ""3"", ""4""]","[3.704699870303489e-07, 0.009085537232860789, 0.9285618951856176, 0.062061849282160804, 0.0002903478293737399]",
d1-omni,ood_yelp_rating,46577,rating,score,1,0,"[""0"", ""1"", ""2"", ""3"", ""4""]","[0.9014287276061141, 0.09344558876440481, 0.005010810307324253, 0.00010430120240631982, 1.0572119750209956e-05]",
d1-omni,ood_yelp_rating,46780,rating,score,4,3,"[""0"", ""1"", ""2"", ""3"", ""4""]","[2.5205654737908634e-08, 3.920376351960653e-06, 0.016642308625530677, 0.7035148788653767, 0.279838866927086]",
d1-omni,ood_yelp_rating,46854,rating,score,3,2,"[""0"", ""1"", ""2"", ""3"", ""4""]","[0.00018621773183865066, 0.03599290369570922, 0.6921930328339712, 0.2478960007828702, 0.023731844955610707]",
d1-omni,ood_yelp_rating,46899,rating,score,1,1,"[""0"", ""1"", ""2"", ""3"", ""4""]","[0.17420917569989847, 0.7026000232710519, 0.12287106953628195, 0.0003196511804390551, 8.031232864587829e-08]",
d1-omni,ood_yelp_rating,46917,rating,score,4,4,"[""0"", ""1"", ""2"", ""3"", ""4""]","[0.040980907026629564, 0.004987807272667002, 0.008328570475070029, 0.12310666003901839, 0.8225960551866149]",
d1-omni,ood_yelp_rating,46933,rating,score,0,0,"[""0"", ""1"", ""2"", ""3"", ""4""]","[0.9960987780136112, 0.0037741030823443115, 0.00012683047909729895, 2.851312430493864e-07, 3.293704312168996e-09]",
d1-omni,ood_yelp_rating,46968,rating,score,1,1,"[""0"", ""1"", ""2"", ""3"", ""4""]","[0.1436621332194494, 0.7758720866451697, 0.07988196915355959, 0.0005456497145336973, 3.816126728770016e-05]",
d1-omni,ood_yelp_rating,47051,rating,score,4,4,"[""0"", ""1"", ""2"", ""3"", ""4""]","[0.0006759016585195153, 0.0022977377923858295, 0.005479782175908483, 0.2546608413518531, 0.7368857370213331]",
d1-omni,ood_yelp_rating,47062,rating,score,4,4,"[""0"", ""1"", ""2"", ""3"", ""4""]","[6.289699354244601e-07, 4.7648718071931565e-09, 0.00011063646324673977, 0.028649482378403483, 0.9712392474235426]",
d1-omni,ood_yelp_rating,47063,rating,score,1,1,"[""0"", ""1"", ""2"", ""3"", ""4""]","[0.0019233329949501939, 0.7225386348025326, 0.2742446794290604, 0.0012564351054669182, 3.691766798995056e-05]",
d1-omni,ood_yelp_rating,47093,rating,score,3,3,"[""0"", ""1"", ""2"", ""3"", ""4""]","[1.068118952586534e-06, 2.5878165069646755e-05, 0.11400806682176445, 0.8640749653461911, 0.02189002154802214]",
d1-omni,ood_yelp_rating,47116,rating,score,0,0,"[""0"", ""1"", ""2"", ""3"", ""4""]","[0.8430054905324132, 0.1539731344962709, 0.0029525724192047565, 6.836130990055059e-05, 4.4124221064321387e-07]",
d1-omni,ood_yelp_rating,47169,rating,score,2,3,"[""0"", ""1"", ""2"", ""3"", ""4""]","[3.911977220208671e-08, 0.0034616419166292956, 0.4402954389779009, 0.5511766250877369, 0.005066254897960672]",
d1-omni,ood_yelp_rating,47234,rating,score,3,4,"[""0"", ""1"", ""2"", ""3"", ""4""]","[2.0571635012477673e-06, 4.783050725582399e-06, 0.009699457979823304, 0.459426921676871, 0.530866780129079]",
d1-omni,ood_yelp_rating,47252,rating,score,3,4,"[""0"", ""1"", ""2"", ""3"", ""4""]","[7.393986690152889e-06, 2.5506853831802207e-05, 0.005978823109293276, 0.4086393875691502, 0.5853488884810346]",
d1-omni,ood_yelp_rating,47278,rating,score,4,2,"[""0"", ""1"", ""2"", ""3"", ""4""]","[0.02906711698240405, 0.06489885978094988, 0.6269686611384024, 0.2487220432773321, 0.0303433188209115]",
d1-omni,ood_yelp_rating,47283,rating,score,0,0,"[""0"", ""1"", ""2"", ""3"", ""4""]","[0.9372760892043702, 0.06106999425660485, 0.0016538967932120566, 1.708455305882066e-08, 2.6612599586342845e-09]",
d1-omni,ood_yelp_rating,47286,rating,score,0,0,"[""0"", ""1"", ""2"", ""3"", ""4""]","[0.9859796498934335, 0.013718336874715052, 0.00030174839015581446, 2.5748026398462694e-07, 7.361431629750635e-09]",
d1-omni,ood_yelp_rating,47326,rating,score,0,0,"[""0"", ""1"", ""2"", ""3"", ""4""]","[0.9687161676915202, 0.028834356922559458, 0.002448567125691971, 9.021340302270507e-07, 6.126198278340324e-09]",
d1-omni,ood_yelp_rating,47327,rating,score,4,4,"[""0"", ""1"", ""2"", ""3"", ""4""]","[0.023950472266999905, 0.010596864368625334, 0.008871318225969881, 0.09312013132270405, 0.8634612138157008]",
d1-omni,ood_yelp_rating,47416,rating,score,3,3,"[""0"", ""1"", ""2"", ""3"", ""4""]","[2.1621163927137098e-07, 9.80707687971912e-05, 0.11381504432994946, 0.8558992213278261, 0.030187447361788022]",
d1-omni,ood_yelp_rating,47423,rating,score,3,3,"[""0"", ""1"", ""2"", ""3"", ""4""]","[4.596511541894589e-08, 0.0006225346625458329, 0.296503734586926, 0.6773795939625813, 0.02549409082283145]",
d1-omni,ood_yelp_rating,47431,rating,score,1,0,"[""0"", ""1"", ""2"", ""3"", ""4""]","[0.7341073371762243, 0.2648394554105888, 0.001053144141896597, 5.744825869491579e-08, 5.823031658517485e-09]",
d1-omni,ood_yelp_rating,47432,rating,score,4,4,"[""0"", ""1"", ""2"", ""3"", ""4""]","[5.766571252182438e-08, 2.353121244478518e-07, 0.0005976481035556185, 0.2026374506140193, 0.7967646083045882]",
d1-omni,ood_yelp_rating,47450,rating,score,3,4,"[""0"", ""1"", ""2"", ""3"", ""4""]","[1.971977094407457e-05, 1.3553178874520389e-05, 0.0043827428550161, 0.31224490183473075, 0.6833390823604345]",
d1-omni,ood_yelp_rating,47627,rating,score,0,0,"[""0"", ""1"", ""2"", ""3"", ""4""]","[0.8693226617379017, 0.12833301005085487, 0.0023344878143255763, 9.337722237191133e-06, 5.026746806305334e-07]",
d1-omni,ood_yelp_rating,47685,rating,score,4,3,"[""0"", ""1"", ""2"", ""3"", ""4""]","[7.381931536345148e-05, 0.0013084786817781763, 0.018392291584328386, 0.5116369560672895, 0.4685884543512405]",
d1-omni,ood_yelp_rating,47777,rating,score,4,3,"[""0"", ""1"", ""2"", ""3"", ""4""]","[2.130826514909951e-08, 1.0065313924787407e-08, 0.004265743243206196, 0.5415125934903883, 0.4542216318928265]",
d1-omni,ood_yelp_rating,47790,rating,score,2,1,"[""0"", ""1"", ""2"", ""3"", ""4""]","[0.037507425788897375, 0.7956063236133567, 0.15288565391215816, 0.01382349872474077, 0.0001770979608470321]",
d1-omni,ood_yelp_rating,47921,rating,score,1,1,"[""0"", ""1"", ""2"", ""3"", ""4""]","[0.24055595650100317, 0.6184947753402522, 0.1386549400807727, 0.002292476027114249, 1.8520508576681025e-06]",
d1-omni,ood_yelp_rating,47928,rating,score,3,3,"[""0"", ""1"", ""2"", ""3"", ""4""]","[5.621202061401007e-08, 5.79091656386451e-05, 0.32598868874339954, 0.6540290347716512, 0.019924311107290052]",
d1-omni,ood_yelp_rating,47980,rating,score,2,2,"[""0"", ""1"", ""2"", ""3"", ""4""]","[2.4491630301555832e-08, 0.0021884899270924398, 0.9715716337784929, 0.026222306332755824, 1.754547002846519e-05]",
d1-omni,ood_yelp_rating,47984,rating,score,2,2,"[""0"", ""1"", ""2"", ""3"", ""4""]","[0.0006292012857730087, 0.22313788354807582, 0.771259203783855, 0.004973277440594121, 4.339417018666934e-07]",
d1-omni,ood_yelp_rating,48050,rating,score,3,3,"[""0"", ""1"", ""2"", ""3"", ""4""]","[4.4071726270799806e-07, 6.748452955717043e-05, 0.01534858977041931, 0.9541150114363554, 0.03046847354640548]",
d1-omni,ood_yelp_rating,48072,rating,score,2,2,"[""0"", ""1"", ""2"", ""3"", ""4""]","[5.285330698773458e-05, 0.052593761759245225, 0.7938964485659341, 0.15063257820357825, 0.0028243581642545096]",
d1-omni,ood_yelp_rating,48112,rating,score,2,1,"[""0"", ""1"", ""2"", ""3"", ""4""]","[0.016017589292657806, 0.6237795358249355, 0.35995983265256076, 0.00024273968021364003, 3.025496323508087e-07]",
d1-omni,ood_yelp_rating,48159,rating,score,4,4,"[""0"", ""1"", ""2"", ""3"", ""4""]","[9.012837505500283e-07, 1.578480050717662e-07, 0.0004883276919340808, 0.03736126560038644, 0.9621493475759239]",
d1-omni,ood_yelp_rating,48217,rating,score,3,3,"[""0"", ""1"", ""2"", ""3"", ""4""]","[0.0020652708551267937, 0.02925762233527013, 0.2837554941655896, 0.5389993995435389, 0.14592221310047457]",
d1-omni,ood_yelp_rating,48224,rating,score,4,4,"[""0"", ""1"", ""2"", ""3"", ""4""]","[0.0001369374799204724, 3.195399261575074e-06, 0.00706482976956273, 0.31977865772907743, 0.6730163796221778]",
d1-omni,ood_yelp_rating,48231,rating,score,1,1,"[""0"", ""1"", ""2"", ""3"", ""4""]","[0.00779981824091255, 0.7871023563318487, 0.20432779589302666, 0.0007700270312827217, 2.5029294513013284e-09]",
d1-omni,ood_yelp_rating,48391,rating,score,1,2,"[""0"", ""1"", ""2"", ""3"", ""4""]","[0.022737407469479377, 0.19718696173803718, 0.7536951507295125, 0.02477781498690403, 0.0016026650760668007]",
d1-omni,ood_yelp_rating,48480,rating,score,0,1,"[""0"", ""1"", ""2"", ""3"", ""4""]","[0.25886108313764505, 0.7338348455103627, 0.007264861974734109, 3.902651819508757e-05, 1.8285906299220534e-07]",
d1-omni,ood_yelp_rating,48533,rating,score,1,1,"[""0"", ""1"", ""2"", ""3"", ""4""]","[0.20140210978742912, 0.6568347104104453, 0.13984814787494912, 0.001914663086661274, 3.6884051511563644e-07]",
d1-omni,ood_yelp_rating,48636,rating,score,1,1,"[""0"", ""1"", ""2"", ""3"", ""4""]","[0.006773106495378137, 0.9925376250921882, 0.0005478857733545463, 0.0001288696115279486, 1.2513027551028755e-05]",
d1-omni,ood_yelp_rating,48698,rating,score,4,3,"[""0"", ""1"", ""2"", ""3"", ""4""]","[1.8805485260271917e-05, 0.00032056535708522617, 0.04712527420939995, 0.5055324224627347, 0.44700293248551987]",
d1-omni,ood_yelp_rating,48802,rating,score,0,0,"[""0"", ""1"", ""2"", ""3"", ""4""]","[0.9031937229922069, 0.09262816531418623, 0.004174454775323718, 3.6393931779120965e-06, 1.7525105113614607e-08]",
d1-omni,ood_yelp_rating,48847,rating,score,0,1,"[""0"", ""1"", ""2"", ""3"", ""4""]","[0.18027534117661317, 0.44120293358186147, 0.3712581203960836, 0.007250760237292227, 1.2844608149571811e-05]",
d1-omni,ood_yelp_rating,48854,rating,score,0,0,"[""0"", ""1"", ""2"", ""3"", ""4""]","[0.5180459374891707, 0.4781792506442409, 0.003774201957389973, 5.980651684449023e-07, 1.1844029905030113e-08]",
d1-omni,ood_yelp_rating,48857,rating,score,4,4,"[""0"", ""1"", ""2"", ""3"", ""4""]","[1.506872176005616e-05, 2.9779276454282858e-08, 8.452776969373027e-06, 0.0013025687199853, 0.9986738800020089]",
d1-omni,ood_yelp_rating,48888,rating,score,4,4,"[""0"", ""1"", ""2"", ""3"", ""4""]","[3.9761952272754576e-07, 9.264398811060527e-06, 0.009286666955376811, 0.27566999071646553, 0.7150336803098238]",
d1-omni,ood_yelp_rating,48910,rating,score,4,4,"[""0"", ""1"", ""2"", ""3"", ""4""]","[1.469979302848322e-05, 4.1053649775246645e-07, 0.001238216959452803, 0.0745667674184803, 0.9241799052925407]",
d1-omni,ood_yelp_rating,49008,rating,score,4,4,"[""0"", ""1"", ""2"", ""3"", ""4""]","[0.00037342054863279025, 0.00026687158145498563, 0.01858168208536628, 0.24215047739503748, 0.7386275483895085]",
d1-omni,ood_yelp_rating,49029,rating,score,3,3,"[""0"", ""1"", ""2"", ""3"", ""4""]","[7.212574101393075e-08, 3.121715867947422e-05, 0.04537454435064544, 0.8880892830110962, 0.0665048833538378]",
d1-omni,ood_yelp_rating,49158,rating,score,4,4,"[""0"", ""1"", ""2"", ""3"", ""4""]","[9.09468377762272e-07, 1.1677808026822542e-06, 0.01248706402891407, 0.3228328751764003, 0.6646779835455052]",
d1-omni,ood_yelp_rating,49228,rating,score,3,3,"[""0"", ""1"", ""2"", ""3"", ""4""]","[2.7293674233555472e-05, 0.00045804508955893755, 0.01514616311406045, 0.7139226861066158, 0.27044581201553114]",
d1-omni,ood_yelp_rating,49261,rating,score,2,2,"[""0"", ""1"", ""2"", ""3"", ""4""]","[0.0002214229918505956, 0.011797707360302096, 0.9831448693709177, 0.004832322098884812, 3.678178044798441e-06]",
d1-omni,ood_yelp_rating,49281,rating,score,3,3,"[""0"", ""1"", ""2"", ""3"", ""4""]","[1.829623244829404e-05, 0.005793590644892929, 0.09295757151436233, 0.7921267815328205, 0.10910376007547588]",
d1-omni,ood_yelp_rating,49332,rating,score,2,3,"[""0"", ""1"", ""2"", ""3"", ""4""]","[1.0949571871292003e-08, 0.0001557176193579944, 0.33271341212932354, 0.6469833163260138, 0.02014754297573279]",
d1-omni,ood_yelp_rating,49341,rating,score,4,4,"[""0"", ""1"", ""2"", ""3"", ""4""]","[3.6526601593113015e-05, 9.943922185071839e-08, 0.00023494919018177384, 0.013970406300614295, 0.9857580184683891]",
d1-omni,ood_yelp_rating,49455,rating,score,2,3,"[""0"", ""1"", ""2"", ""3"", ""4""]","[0.0012016375806918119, 0.02625009157315474, 0.42035822328140904, 0.44312045702183644, 0.10906959054290809]",
d1-omni,ood_yelp_rating,49574,rating,score,4,3,"[""0"", ""1"", ""2"", ""3"", ""4""]","[2.247447930621922e-06, 0.0010395205839309294, 0.06325397799525773, 0.8405631503184977, 0.09514110365438308]",
d1-omni,ood_yelp_rating,49743,rating,score,4,4,"[""0"", ""1"", ""2"", ""3"", ""4""]","[0.00013222178218990838, 3.0202301428334383e-05, 0.00028936341560356366, 0.012524537864044522, 0.9870236746367337]",
d1-omni,ood_yelp_rating,49818,rating,score,2,2,"[""0"", ""1"", ""2"", ""3"", ""4""]","[5.5574869974602556e-06, 0.0351401325259968, 0.7729113439772238, 0.14096395061608463, 0.05097901539369713]",
d1-omni,ood_yelp_rating,49882,rating,score,1,0,"[""0"", ""1"", ""2"", ""3"", ""4""]","[0.49860261793864485, 0.48043894440059975, 0.020559703042625336, 0.00039811947770074517, 6.151404292119282e-07]",
d1-omni,ood_yelp_rating,49915,rating,score,0,0,"[""0"", ""1"", ""2"", ""3"", ""4""]","[0.9806635420436155, 0.018952591380207176, 0.0003808742691567254, 2.9711621826538246e-06, 2.114483823141149e-08]",
