domain,mode,seed,before_n,before_accuracy,before_mean_confidence,before_nll,before_brier,before_signed_gap,before_ece_mass_5,before_ece_mass_10,before_ece_mass_15,before_ece_width_10,before_ece_width_15,after_n,after_accuracy,after_mean_confidence,after_nll,after_brier,after_signed_gap,after_ece_mass_5,after_ece_mass_10,after_ece_mass_15,after_ece_width_10,after_ece_width_15,delta_accuracy,delta_mean_confidence,delta_nll,delta_brier,delta_signed_gap,delta_ece_mass_5,delta_ece_mass_10,delta_ece_mass_15,delta_ece_width_10,delta_ece_width_15,before_ordinal_rps_hard,before_ordinal_mae_hard,after_ordinal_rps_hard,after_ordinal_mae_hard,delta_ordinal_rps_hard,delta_ordinal_mae_hard
ood_agnews_balanced,global,0,1000,0.903,0.9106159787255825,0.3199484835286808,0.15777516729001526,0.007615978725582506,0.01958555480249813,0.026487431149477596,0.025546665414691205,0.02387438665900888,0.02732069240555543,1000,0.903,0.8823252612471876,0.3223428806402352,0.15826501058032413,-0.02067473875281245,0.023982273069063864,0.027756859393061908,0.029539613205266612,0.02689134175537144,0.03170687676400619,0.0,-0.028290717478394956,0.0023943971115543694,0.0004898432903088779,-0.028290717478394956,0.004396718266565736,0.001269428243584312,0.003992947790575407,0.003016955096362562,0.0043861843584507565,,,,,,
ood_agnews_balanced,global,1,1000,0.903,0.9106159787255825,0.3199484835286808,0.15777516729001526,0.007615978725582506,0.01958555480249813,0.026487431149477596,0.025546665414691205,0.02387438665900888,0.02732069240555543,1000,0.903,0.9220406147778346,0.3243405948940092,0.15826729814719653,0.019040614777834586,0.025551881344266756,0.02833785938734829,0.030496523495435086,0.028339196406288632,0.030456031472011966,0.0,0.01142463605225208,0.004392111365328355,0.0004921308571812777,0.01142463605225208,0.0059663265417686275,0.001850428237870693,0.004949858080743882,0.004464809747279752,0.0031353390664565356,,,,,,
ood_agnews_balanced,global,2,1000,0.903,0.9106159787255825,0.3199484835286808,0.15777516729001526,0.007615978725582506,0.01958555480249813,0.026487431149477596,0.025546665414691205,0.02387438665900888,0.02732069240555543,1000,0.903,0.8843752626193925,0.32174321071512957,0.15815270541339987,-0.018624737380607548,0.023018366202527552,0.025337019898734214,0.0289166881230654,0.024914289783977302,0.02868096831908726,0.0,-0.026240716106190054,0.0017947271864487413,0.0003775381233846187,-0.026240716106190054,0.0034328114000294237,-0.0011504112507433814,0.0033700227083741964,0.0010399031249684228,0.0013602759135318311,,,,,,
ood_agnews_balanced,global,3,1000,0.903,0.9106159787255825,0.3199484835286808,0.15777516729001526,0.007615978725582506,0.01958555480249813,0.026487431149477596,0.025546665414691205,0.02387438665900888,0.02732069240555543,1000,0.903,0.9007295261044658,0.31911130949084876,0.1576809725682461,-0.002270473895534253,0.017961778416854913,0.02464005493634077,0.02504792033865191,0.016734284192546307,0.019793588368964082,0.0,-0.00988645262111676,-0.0008371740378320669,-9.41947217691641e-05,-0.00988645262111676,-0.0016237763856432157,-0.0018473762131368254,-0.0004987450760392947,-0.007140102466462572,-0.007527104036591348,,,,,,
ood_agnews_balanced,global,4,1000,0.903,0.9106159787255825,0.3199484835286808,0.15777516729001526,0.007615978725582506,0.01958555480249813,0.026487431149477596,0.025546665414691205,0.02387438665900888,0.02732069240555543,1000,0.903,0.8810247089649377,0.32274960922915336,0.15834228582629628,-0.02197529103506235,0.02459575137861605,0.027780560140313687,0.029939846080678727,0.02803371306645065,0.03149504851329355,0.0,-0.029591269760644856,0.0028011257004725287,0.0005671185362810249,-0.029591269760644856,0.005010196576117922,0.0012931289908360913,0.004393180665987522,0.004159326407441769,0.004174356107738121,,,,,,
ood_agnews_balanced,global,5,1000,0.903,0.9106159787255825,0.3199484835286808,0.15777516729001526,0.007615978725582506,0.01958555480249813,0.026487431149477596,0.025546665414691205,0.02387438665900888,0.02732069240555543,1000,0.903,0.9090826709501275,0.31966571886072326,0.15774103502481973,0.006082670950127489,0.01898042515945861,0.026529053456270598,0.024991131779167754,0.02318680172196344,0.02536042299520233,0.0,-0.0015333077754550173,-0.00028276466795756905,-3.413226519552448e-05,-0.0015333077754550173,-0.0006051296430395169,4.16223067930023e-05,-0.0005555336355234503,-0.0006875849370454393,-0.0019602694103530993,,,,,,
ood_agnews_balanced,global,6,1000,0.903,0.9106159787255825,0.3199484835286808,0.15777516729001526,0.007615978725582506,0.01958555480249813,0.026487431149477596,0.025546665414691205,0.02387438665900888,0.02732069240555543,1000,0.903,0.9154895301457243,0.3212888102018857,0.15793288016272192,0.012489530145724292,0.021401478461670686,0.026303289446018896,0.02732462809836583,0.025890062488384075,0.029755779677278167,0.0,0.004873551420141786,0.0013403266732048835,0.00015771287270666123,0.004873551420141786,0.0018159236591725574,-0.0001841417034586998,0.0017779626836746248,0.002015675829375195,0.002435087271722737,,,,,,
ood_agnews_balanced,global,7,1000,0.903,0.9106159787255825,0.3199484835286808,0.15777516729001526,0.007615978725582506,0.01958555480249813,0.026487431149477596,0.025546665414691205,0.02387438665900888,0.02732069240555543,1000,0.903,0.8734785605023124,0.3254807426024616,0.15888228191758896,-0.029521439497687596,0.02952143949768751,0.03253380686105243,0.033076539134809235,0.03319021915719421,0.04054108521439932,0.0,-0.0371374182232701,0.005532259073780799,0.0011071146275737076,-0.0371374182232701,0.00993588469518938,0.0060463757115748334,0.007529873720118031,0.00931583249818533,0.013220392808843892,,,,,,
ood_agnews_balanced,global,8,1000,0.903,0.9106159787255825,0.3199484835286808,0.15777516729001526,0.007615978725582506,0.01958555480249813,0.026487431149477596,0.025546665414691205,0.02387438665900888,0.02732069240555543,1000,0.903,0.8982007645783061,0.31923088306597674,0.1577037484811246,-0.004799235421693915,0.018157092598477136,0.02463978641358973,0.025386450032511793,0.0154104499336202,0.02179904444512545,0.0,-0.012415214147276421,-0.0007176004627040822,-7.141880889066643e-05,-0.012415214147276421,-0.001428462204020993,-0.001847644735887867,-0.0001602153821794114,-0.00846393672538868,-0.00552164796042998,,,,,,
ood_agnews_balanced,global,9,1000,0.903,0.9106159787255825,0.3199484835286808,0.15777516729001526,0.007615978725582506,0.01958555480249813,0.026487431149477596,0.025546665414691205,0.02387438665900888,0.02732069240555543,1000,0.903,0.8986022564861298,0.3192039113204412,0.15769888359174195,-0.004397743513870234,0.018126403710535973,0.02464076803554333,0.025325377961262528,0.01528505351979829,0.02045886797934168,0.0,-0.01201372223945274,-0.0007445722082396466,-7.628369827331061e-05,-0.01201372223945274,-0.0014591510919621554,-0.0018466631139342667,-0.00022128745342867712,-0.00858933313921059,-0.006861824426213751,,,,,,
ood_agnews_balanced,global,10,1000,0.903,0.9106159787255825,0.3199484835286808,0.15777516729001526,0.007615978725582506,0.01958555480249813,0.026487431149477596,0.025546665414691205,0.02387438665900888,0.02732069240555543,1000,0.903,0.9080053687527209,0.31950339502055825,0.15772140675063293,0.00500536875272084,0.018546213526144228,0.026554051134706203,0.024877736364744888,0.020427779938094512,0.02598319685937174,0.0,-0.002610609972861666,-0.00044508850812258194,-5.3760539382330386e-05,-0.002610609972861666,-0.0010393412763539008,6.661998522860743e-05,-0.0006689290499463166,-0.0034466067209143678,-0.0013374955461836896,,,,,,
ood_agnews_balanced,global,11,1000,0.903,0.9106159787255825,0.3199484835286808,0.15777516729001526,0.007615978725582506,0.01958555480249813,0.026487431149477596,0.025546665414691205,0.02387438665900888,0.02732069240555543,1000,0.903,0.8817430090018107,0.32252249972269004,0.15829902911310778,-0.02125699099818934,0.02425674135832898,0.027965356194707823,0.029716104616644624,0.027422721516071977,0.03161591801903532,0.0,-0.028872969723771846,0.00257401619400921,0.0005238618230925252,-0.028872969723771846,0.004671186555830851,0.0014779250452302273,0.00416943920195342,0.003548334857063098,0.004295225613479892,,,,,,
ood_agnews_balanced,global,12,1000,0.903,0.9106159787255825,0.3199484835286808,0.15777516729001526,0.007615978725582506,0.01958555480249813,0.026487431149477596,0.025546665414691205,0.02387438665900888,0.02732069240555543,1000,0.903,0.8912505158858955,0.32013438499950586,0.15786167835376444,-0.01174948411410448,0.01981429392860403,0.024572237408815065,0.026808620914796688,0.020702963391853353,0.030242768537834943,0.0,-0.019365462839686987,0.00018590147082503394,8.651106374918394e-05,-0.019365462839686987,0.00022873912610590214,-0.0019151937406625304,0.0012619555001054834,-0.0031714232671555265,0.002922076132279513,,,,,,
ood_agnews_balanced,global,13,1000,0.903,0.9106159787255825,0.3199484835286808,0.15777516729001526,0.007615978725582506,0.01958555480249813,0.026487431149477596,0.025546665414691205,0.02387438665900888,0.02732069240555543,1000,0.903,0.8931477003077518,0.3198099458526682,0.15780483749812624,-0.009852299692248212,0.01893722993142657,0.024599672481620736,0.026518909231815744,0.016370308209086457,0.02602190525245793,0.0,-0.017468278417830718,-0.0001385376760126289,2.967020811098231e-05,-0.017468278417830718,-0.0006483248710715574,-0.0018877586678568599,0.0009722438171245393,-0.007504078449922423,-0.0012987871530974991,,,,,,
ood_agnews_balanced,global,14,1000,0.903,0.9106159787255825,0.3199484835286808,0.15777516729001526,0.007615978725582506,0.01958555480249813,0.026487431149477596,0.025546665414691205,0.02387438665900888,0.02732069240555543,1000,0.903,0.8653259576578171,0.3290629970073427,0.1596395994859131,-0.03767404234218297,0.03767404234218281,0.03767404234218282,0.038229797543329135,0.03796519874812768,0.045387436021712385,0.0,-0.045290021067765474,0.009114513478661879,0.0018644321958978527,-0.045290021067765474,0.01808848753968468,0.011186611192705226,0.01268313212863793,0.014090812089118804,0.018066743616156955,,,,,,
ood_agnews_balanced,global,15,1000,0.903,0.9106159787255825,0.3199484835286808,0.15777516729001526,0.007615978725582506,0.01958555480249813,0.026487431149477596,0.025546665414691205,0.02387438665900888,0.02732069240555543,1000,0.903,0.8766214602404997,0.3242694951859505,0.15863845578996597,-0.02637853975950033,0.02668382935398284,0.030266124818891328,0.03175578893927223,0.032505107567473934,0.03810725537497657,0.0,-0.033994518485082836,0.004321011657269669,0.0008632884999507096,-0.033994518485082836,0.00709827455148471,0.0037786936694137324,0.006209123524581025,0.008630720908465055,0.01078656296942114,,,,,,
ood_agnews_balanced,global,16,1000,0.903,0.9106159787255825,0.3199484835286808,0.15777516729001526,0.007615978725582506,0.01958555480249813,0.026487431149477596,0.025546665414691205,0.02387438665900888,0.02732069240555543,1000,0.903,0.8500635881108862,0.33721959945308444,0.16153680011194627,-0.0529364118891138,0.05293641188911374,0.05293641188911372,0.054880661319247744,0.05293641188911363,0.056566993950311346,0.0,-0.060552390614696305,0.017271115924403613,0.0037616328219310102,-0.060552390614696305,0.03335085708661561,0.026448980739636127,0.02933399590455654,0.029062025230104753,0.029246301544755916,,,,,,
ood_agnews_balanced,global,17,1000,0.903,0.9106159787255825,0.3199484835286808,0.15777516729001526,0.007615978725582506,0.01958555480249813,0.026487431149477596,0.025546665414691205,0.02387438665900888,0.02732069240555543,1000,0.903,0.8935405889793229,0.3197497495389762,0.15779434757141422,-0.009459411020677155,0.018755976764309623,0.024604539282103356,0.02645936135496903,0.01594096809617798,0.025625780958564333,0.0,-0.01707538974625966,-0.00019873398970460254,1.9180281398967214e-05,-0.01707538974625966,-0.0008295780381885054,-0.0018828918673742395,0.0009126959402778259,-0.007933418562830901,-0.0016949114469910972,,,,,,
ood_agnews_balanced,global,18,1000,0.903,0.9106159787255825,0.3199484835286808,0.15777516729001526,0.007615978725582506,0.01958555480249813,0.026487431149477596,0.025546665414691205,0.02387438665900888,0.02732069240555543,1000,0.903,0.8838522853535987,0.32189126749890523,0.15818024862026103,-0.019147714646401304,0.023263850730167412,0.02539665553454226,0.029075750705050207,0.02701715892736074,0.02907922507199679,0.0,-0.02676369337198381,0.0019427839702244043,0.00040508133024577675,-0.02676369337198381,0.0036782959276692832,-0.0010907756149353375,0.003529085290359002,0.00314277226835186,0.0017585326664413606,,,,,,
ood_agnews_balanced,global,19,1000,0.903,0.9106159787255825,0.3199484835286808,0.15777516729001526,0.007615978725582506,0.01958555480249813,0.026487431149477596,0.025546665414691205,0.02387438665900888,0.02732069240555543,1000,0.903,0.902571307542199,0.3191025752542893,0.15767622775314494,-0.0004286924578009721,0.01781620577796781,0.024631033057400144,0.024939516018006556,0.019199916654148348,0.020504913093499222,0.0,-0.008044671183383478,-0.0008459082743915158,-9.893953687031831e-05,-0.008044671183383478,-0.0017693490245303187,-0.001856398092077452,-0.0006071493966846482,-0.004674470004860532,-0.006815779312056208,,,,,,
ood_agnews_balanced,per_type,0,1000,0.903,0.9106159787255825,0.3199484835286808,0.15777516729001526,0.007615978725582506,0.01958555480249813,0.026487431149477596,0.025546665414691205,0.02387438665900888,0.02732069240555543,1000,0.903,0.888014760285022,0.3208106779309732,0.15798212921233568,-0.014985239714978005,0.021317251334403185,0.024918365118369847,0.02780508222171693,0.023150306274441243,0.027233874678207422,0.0,-0.02260121844056051,0.0008621944022923489,0.00020696192232042,-0.02260121844056051,0.001731696531905056,-0.0015690660311077492,0.0022584168070257267,-0.0007240803845676366,-8.681772734800766e-05,,,,,,
ood_agnews_balanced,per_type,1,1000,0.903,0.9106159787255825,0.3199484835286808,0.15777516729001526,0.007615978725582506,0.01958555480249813,0.026487431149477596,0.025546665414691205,0.02387438665900888,0.02732069240555543,1000,0.903,0.9194134743817614,0.32292393097311733,0.15811585775501596,0.016413474381761328,0.02273278953712807,0.026090191123407127,0.029116975938668656,0.02704759244736111,0.02931770111421212,0.0,0.008797495656178822,0.0029754474444365075,0.0003406904650007092,0.008797495656178822,0.0031472347346299424,-0.0003972400260704688,0.003570310523977452,0.003173205788352229,0.0019970087086566904,,,,,,
ood_agnews_balanced,per_type,2,1000,0.903,0.9106159787255825,0.3199484835286808,0.15777516729001526,0.007615978725582506,0.01958555480249813,0.026487431149477596,0.025546665414691205,0.02387438665900888,0.02732069240555543,1000,0.903,0.8756178124778196,0.32464529148547955,0.15871339264348933,-0.027382187522180468,0.027382187522180468,0.030989439572666644,0.032169444828855,0.03224982532916812,0.040714523599702505,0.0,-0.034998166247762974,0.004696807956798721,0.0009382253534740703,-0.034998166247762974,0.007796632719682339,0.004502008423189048,0.006622779414163792,0.00837543867015924,0.013393831194147075,,,,,,
ood_agnews_balanced,per_type,3,1000,0.903,0.9106159787255825,0.3199484835286808,0.15777516729001526,0.007615978725582506,0.01958555480249813,0.026487431149477596,0.025546665414691205,0.02387438665900888,0.02732069240555543,1000,0.903,0.9005808433705526,0.31911496476432066,0.1576817927200666,-0.002419156629447472,0.017973401559202486,0.02464043610361313,0.025056368905584967,0.016632763956647895,0.019992097982053515,0.0,-0.010035135355029978,-0.0008335187643601638,-9.337456994865101e-05,-0.010035135355029978,-0.0016121532432956422,-0.0018469950458644656,-0.0004902965091062375,-0.007241622702360985,-0.007328594423501915,,,,,,
ood_agnews_balanced,per_type,4,1000,0.903,0.9106159787255825,0.3199484835286808,0.15777516729001526,0.007615978725582506,0.01958555480249813,0.026487431149477596,0.025546665414691205,0.02387438665900888,0.02732069240555543,1000,0.903,0.8513791885551618,0.33645108739334634,0.1613488055229095,-0.05162081144483821,0.05162081144483821,0.05162081144483811,0.05178783468413126,0.051620811444838106,0.05529472874563852,0.0,-0.05923679017042072,0.01650260386466551,0.0035736382328942495,-0.05923679017042072,0.03203525664234008,0.025133380295360518,0.02624116926944006,0.027746424785829227,0.027974036340083087,,,,,,
ood_agnews_balanced,per_type,5,1000,0.903,0.9106159787255825,0.3199484835286808,0.15777516729001526,0.007615978725582506,0.01958555480249813,0.026487431149477596,0.025546665414691205,0.02387438665900888,0.02732069240555543,1000,0.903,0.8924997124323775,0.319914527303016,0.15782310032994062,-0.010500287567622557,0.0192364519015332,0.024591027641896773,0.026616822595155406,0.019113822781791745,0.027434678513562512,0.0,-0.018116266293205063,-3.3956225664821815e-05,4.793303992536857e-05,-0.018116266293205063,-0.0003491029009649281,-0.0018964035075808225,0.0010701571804642013,-0.004760563877217135,0.00011398610800708239,,,,,,
ood_agnews_balanced,per_type,6,1000,0.903,0.9106159787255825,0.3199484835286808,0.15777516729001526,0.007615978725582506,0.01958555480249813,0.026487431149477596,0.025546665414691205,0.02387438665900888,0.02732069240555543,1000,0.903,0.894581340053072,0.3196022407336416,0.15776869330500873,-0.008418659946928031,0.018429002528916414,0.024616047181055357,0.026300864880448183,0.01613750803980851,0.025014287984707197,0.0,-0.016034638672510537,-0.00034624279503925326,-6.473985006527627e-06,-0.016034638672510537,-0.0011565522735817145,-0.001871383968422239,0.0007541994657569787,-0.007736878619200371,-0.0023064044208482327,,,,,,
ood_agnews_balanced,per_type,7,1000,0.903,0.9106159787255825,0.3199484835286808,0.15777516729001526,0.007615978725582506,0.01958555480249813,0.026487431149477596,0.025546665414691205,0.02387438665900888,0.02732069240555543,1000,0.903,0.8549781751613194,0.33440826699184006,0.1608580448537678,-0.04802182483868067,0.04802182483868069,0.04802182483868066,0.04880110168253899,0.04802182483868071,0.05274830942399983,0.0,-0.05563780356426318,0.014459783463159237,0.0030828775637525563,-0.05563780356426318,0.028436270036182563,0.02153439368920306,0.023254436267847785,0.024147438179671833,0.0254276170184444,,,,,,
ood_agnews_balanced,per_type,8,1000,0.903,0.9106159787255825,0.3199484835286808,0.15777516729001526,0.007615978725582506,0.01958555480249813,0.026487431149477596,0.025546665414691205,0.02387438665900888,0.02732069240555543,1000,0.903,0.8951197212612964,0.31953286776613915,0.15775664085574534,-0.007880278738703672,0.018389066959286195,0.024621203673095317,0.02621845831386823,0.016502133153461874,0.025498828193434218,0.0,-0.015496257464286178,-0.00041561576254167676,-1.8526434269916514e-05,-0.015496257464286178,-0.0011964878432119339,-0.001866227476382279,0.0006717928991770254,-0.007372253505547006,-0.0018218642121212124,,,,,,
ood_agnews_balanced,per_type,9,1000,0.903,0.9106159787255825,0.3199484835286808,0.15777516729001526,0.007615978725582506,0.01958555480249813,0.026487431149477596,0.025546665414691205,0.02387438665900888,0.02732069240555543,1000,0.903,0.8819960937435062,0.322443929533102,0.15828412736794675,-0.021003906256493843,0.024137403013452886,0.027874752183714126,0.029639415455393427,0.027278672304512898,0.03235666309818218,0.0,-0.02861988498207635,0.002495446004421198,0.0005089600779314973,-0.02861988498207635,0.004551848210954758,0.0013873210342365307,0.004092750040702222,0.0034042856455040182,0.005035970692626748,,,,,,
ood_agnews_balanced,per_type,10,1000,0.903,0.9106159787255825,0.3199484835286808,0.15777516729001526,0.007615978725582506,0.01958555480249813,0.026487431149477596,0.025546665414691205,0.02387438665900888,0.02732069240555543,1000,0.903,0.8926885199514198,0.31988337882635276,0.15781765548092283,-0.01031148004858018,0.01914922965327097,0.024593625329184143,0.026588333339302377,0.017393060171298377,0.02697270166219215,0.0,-0.017927458774162686,-6.510470232806709e-05,4.248819090757472e-05,-0.017927458774162686,-0.0004363251492271597,-0.001893805820293453,0.001041667924611172,-0.006481326487710503,-0.00034799074336328006,,,,,,
ood_agnews_balanced,per_type,11,1000,0.903,0.9106159787255825,0.3199484835286808,0.15777516729001526,0.007615978725582506,0.01958555480249813,0.026487431149477596,0.025546665414691205,0.02387438665900888,0.02732069240555543,1000,0.903,0.8767928143170801,0.32420639108717114,0.15862593665337948,-0.02620718568291991,0.02660225208239131,0.030142712003506003,0.03168516261353119,0.032611257205125116,0.03798091721750734,0.0,-0.033823164408502415,0.004257907558490315,0.0008507693633642288,-0.033823164408502415,0.00701669727989318,0.0036552808540284074,0.006138497198839982,0.008736870546116236,0.010660224811951911,,,,,,
ood_agnews_balanced,per_type,12,1000,0.903,0.9106159787255825,0.3199484835286808,0.15777516729001526,0.007615978725582506,0.01958555480249813,0.026487431149477596,0.025546665414691205,0.02387438665900888,0.02732069240555543,1000,0.903,0.8727166161545965,0.3257893292470875,0.15894544187656487,-0.030283383845403522,0.0302833838454035,0.03308472858687827,0.03352379098903301,0.036200038746865004,0.041892457422041965,0.0,-0.03789936257098603,0.005840845718406651,0.0011702745865496134,-0.03789936257098603,0.010697829042905373,0.006597297437400673,0.007977125574341808,0.012325652087856125,0.014571765016486535,,,,,,
ood_agnews_balanced,per_type,13,1000,0.903,0.9106159787255825,0.3199484835286808,0.15777516729001526,0.007615978725582506,0.01958555480249813,0.026487431149477596,0.025546665414691205,0.02387438665900888,0.02732069240555543,1000,0.903,0.895908294942422,0.31943997963352705,0.15774049180572086,-0.007091705057578057,0.018330251684864064,0.0246277356007291,0.02609717483804449,0.015839554228993875,0.023100840845715044,0.0,-0.014707683783160563,-0.0005085038951537779,-3.4675484294394154e-05,-0.014707683783160563,-0.001255303117634065,-0.001859695548748496,0.0005505094233532841,-0.008034832430015005,-0.004219851559840386,,,,,,
ood_agnews_balanced,per_type,14,1000,0.903,0.9106159787255825,0.3199484835286808,0.15777516729001526,0.007615978725582506,0.01958555480249813,0.026487431149477596,0.025546665414691205,0.02387438665900888,0.02732069240555543,1000,0.903,0.8374227950115753,0.34514877937972166,0.16357711105697256,-0.06557720498842468,0.06557720498842465,0.06557720498842469,0.06557720498842466,0.06568956037593665,0.06620098137371647,0.0,-0.07319318371400718,0.025200295851040833,0.005801943766957307,-0.07319318371400718,0.04599165018592652,0.039089773838947094,0.040030539573733454,0.04181517371692777,0.038880288968161036,,,,,,
ood_agnews_balanced,per_type,15,1000,0.903,0.9106159787255825,0.3199484835286808,0.15777516729001526,0.007615978725582506,0.01958555480249813,0.026487431149477596,0.025546665414691205,0.02387438665900888,0.02732069240555543,1000,0.903,0.8734774042548872,0.32548120656044005,0.15888237656770218,-0.029522595745112845,0.029522595745112734,0.03253464254230499,0.03307721795672702,0.03319083599574928,0.04054191619252544,0.0,-0.03713857447069535,0.0055327230317592235,0.001107209277686927,-0.03713857447069535,0.009937040942614606,0.006047211392827392,0.007530552542035818,0.009316449336740397,0.013221223786970007,,,,,,
ood_agnews_balanced,per_type,16,1000,0.903,0.9106159787255825,0.3199484835286808,0.15777516729001526,0.007615978725582506,0.01958555480249813,0.026487431149477596,0.025546665414691205,0.02387438665900888,0.02732069240555543,1000,0.903,0.8459101321166523,0.33971887925063615,0.16216047511894566,-0.05708986788334769,0.05708986788334753,0.05708986788334755,0.05833407753634607,0.05708986788334757,0.05771599436235721,0.0,-0.0647058466089302,0.019770395721955325,0.0043853078289304015,-0.0647058466089302,0.0375043130808494,0.030602436733869955,0.03278741212165487,0.03321548122433869,0.030395301956801783,,,,,,
ood_agnews_balanced,per_type,17,1000,0.903,0.9106159787255825,0.3199484835286808,0.15777516729001526,0.007615978725582506,0.01958555480249813,0.026487431149477596,0.025546665414691205,0.02387438665900888,0.02732069240555543,1000,0.903,0.901839566933533,0.3190978432900546,0.15767691062828865,-0.0011604330664670703,0.017874404770198214,0.02463558267030417,0.02498342841261368,0.020692762147494524,0.020967709022844273,0.0,-0.008776411792049577,-0.0008506402386262435,-9.825666172660896e-05,-0.008776411792049577,-0.0017111500322999143,-0.0018518484791734263,-0.0005632370020775233,-0.003181624511514356,-0.0063529833827111575,,,,,,
ood_agnews_balanced,per_type,18,1000,0.903,0.9106159787255825,0.3199484835286808,0.15777516729001526,0.007615978725582506,0.01958555480249813,0.026487431149477596,0.025546665414691205,0.02387438665900888,0.02732069240555543,1000,0.903,0.8848465650130145,0.3216127317726375,0.15812853466646715,-0.018153434986985517,0.022797431420375026,0.025283233687986736,0.02877325076879199,0.024640826176291375,0.02992288360635831,0.0,-0.025769413712568023,0.0016642482439566675,0.00035336737645189076,-0.025769413712568023,0.003211876617876898,-0.00120419746149086,0.003226585354100784,0.0007664395172824953,0.0026021912008028815,,,,,,
ood_agnews_balanced,per_type,19,1000,0.903,0.9106159787255825,0.3199484835286808,0.15777516729001526,0.007615978725582506,0.01958555480249813,0.026487431149477596,0.025546665414691205,0.02387438665900888,0.02732069240555543,1000,0.903,0.8907139693975076,0.3202360346646401,0.15787960709817173,-0.012286030602492448,0.020062891174461382,0.024602343831318083,0.026974425606412236,0.02184640326766129,0.029884547200456687,0.0,-0.019902009328074954,0.0002875511359592964,0.00010443980815647014,-0.019902009328074954,0.0004773363719632537,-0.0018850873181595132,0.0014277601917210316,-0.0020279833913475903,0.0025638547949012568,,,,,,
ood_rotten_balanced_v2,global,0,500,0.888,0.8889774601068483,0.27363647527045254,0.16454775613494882,0.0009774601068482935,0.010832742890596592,0.025385689452711146,0.033928393345711086,0.010202423303412518,0.014519541834839365,500,0.888,0.8671028387116739,0.27850389405275994,0.16532784260876343,-0.020897161288326083,0.020897161288326152,0.027950958134830162,0.04133676457752933,0.024396075979770664,0.022762088081961472,0.0,-0.021874621395174376,0.004867418782307398,0.0007800864738146118,-0.021874621395174376,0.01006441839772956,0.0025652686821190165,0.007408371231818242,0.014193652676358146,0.008242546247122107,,,,,,
ood_rotten_balanced_v2,global,1,500,0.888,0.8889774601068483,0.27363647527045254,0.16454775613494882,0.0009774601068482935,0.010832742890596592,0.025385689452711146,0.033928393345711086,0.010202423303412518,0.014519541834839365,500,0.888,0.8989845364129558,0.2739185403080331,0.16495394448840658,0.010984536412955825,0.01624540171781164,0.027017694217804544,0.03232433821920731,0.014561854535752108,0.023851464417222048,0.0,0.010007076306107532,0.0002820650375805478,0.00040618835345776483,0.010007076306107532,0.005412658827215047,0.0016320047650933978,-0.0016040551265037728,0.004359431232339591,0.009331922582382683,,,,,,
ood_rotten_balanced_v2,global,2,500,0.888,0.8889774601068483,0.27363647527045254,0.16454775613494882,0.0009774601068482935,0.010832742890596592,0.025385689452711146,0.033928393345711086,0.010202423303412518,0.014519541834839365,500,0.888,0.868581457753381,0.2779908142678593,0.16520607420315916,-0.019418542246618986,0.019418542246618965,0.027549616779314265,0.04080689605374976,0.026963553791983223,0.02361732041503392,0.0,-0.02039600235346728,0.004354338997406781,0.0006583180682103451,-0.02039600235346728,0.008585799356022373,0.002163927326603119,0.006878502708038671,0.016761130488570704,0.009097778580194556,,,,,,
ood_rotten_balanced_v2,global,3,500,0.888,0.8889774601068483,0.27363647527045254,0.16454775613494882,0.0009774601068482935,0.010832742890596592,0.025385689452711146,0.033928393345711086,0.010202423303412518,0.014519541834839365,500,0.888,0.880932732910236,0.2746810782205473,0.16457616182675258,-0.007067267089764018,0.013977704873152398,0.024983453412182687,0.03653930593653131,0.017271939761880635,0.022101859241190396,0.0,-0.008044727196612311,0.0010446029500947862,2.840569180376229e-05,-0.008044727196612311,0.0031449619825558058,-0.0004022360405284593,0.002610912590820226,0.007069516458468117,0.007582317406351031,,,,,,
ood_rotten_balanced_v2,global,4,500,0.888,0.8889774601068483,0.27363647527045254,0.16454775613494882,0.0009774601068482935,0.010832742890596592,0.025385689452711146,0.033928393345711086,0.010202423303412518,0.014519541834839365,500,0.888,0.8661718771444387,0.2788384506645159,0.16540952404419304,-0.02182812285556135,0.02182812285556133,0.028204169652521528,0.04167232826945956,0.024795246248162345,0.0284923425693216,0.0,-0.022805582962409643,0.005201975394063363,0.000861767909244221,-0.022805582962409643,0.010995379964964736,0.0028184801998103817,0.0077439349237484745,0.014592822944749827,0.013972800734482236,,,,,,
ood_rotten_balanced_v2,global,5,500,0.888,0.8889774601068483,0.27363647527045254,0.16454775613494882,0.0009774601068482935,0.010832742890596592,0.025385689452711146,0.033928393345711086,0.010202423303412518,0.014519541834839365,500,0.888,0.8876960443628404,0.27373456178722744,0.16453154804983985,-0.00030395563715956975,0.011323565752935427,0.025195301629505836,0.03433450513640157,0.014894400436811676,0.015998757284880684,0.0,-0.0012814157440078633,9.808651677489788e-05,-1.620808510896521e-05,-0.0012814157440078633,0.0004908228623388342,-0.00019038782320530967,0.000406111790690486,0.004691977133399158,0.0014792154500413192,,,,,,
ood_rotten_balanced_v2,global,6,500,0.888,0.8889774601068483,0.27363647527045254,0.16454775613494882,0.0009774601068482935,0.010832742890596592,0.025385689452711146,0.033928393345711086,0.010202423303412518,0.014519541834839365,500,0.888,0.8931422067449184,0.2735165843925403,0.16465589120058774,0.005142206744918387,0.011527468394243791,0.026028999649406335,0.03263574982046808,0.005671458027027077,0.02139307463207835,0.0,0.004164746638070094,-0.00011989087791225428,0.00010813506563892017,0.004164746638070094,0.0006947255036471988,0.000643310196695189,-0.001292643525243005,-0.004530965276385441,0.006873532797238985,,,,,,
ood_rotten_balanced_v2,global,7,500,0.888,0.8889774601068483,0.27363647527045254,0.16454775613494882,0.0009774601068482935,0.010832742890596592,0.025385689452711146,0.033928393345711086,0.010202423303412518,0.014519541834839365,500,0.888,0.8608722486609615,0.2809039643571481,0.16594787539159148,-0.027127751339038553,0.027127751339038508,0.029653762123267667,0.043610374160207147,0.0271277513390384,0.039405055618939554,0.0,-0.028105211445886846,0.0072674890866955555,0.0014001192566426568,-0.028105211445886846,0.016295008448441915,0.004268072670556521,0.00968198081449606,0.01692532803562588,0.02488551378410019,,,,,,
ood_rotten_balanced_v2,global,8,500,0.888,0.8889774601068483,0.27363647527045254,0.16454775613494882,0.0009774601068482935,0.010832742890596592,0.025385689452711146,0.033928393345711086,0.010202423303412518,0.014519541834839365,500,0.888,0.8789515801817713,0.27508385342973884,0.16463002367036267,-0.009048419818228681,0.014775344874957153,0.02528836517137699,0.037203719562571715,0.013985436196795813,0.023541873329346905,0.0,-0.010025879925076975,0.0014473781592863055,8.226753541384912e-05,-0.010025879925076975,0.0039426019843605605,-9.732428133415669e-05,0.0032753262168606287,0.003783012893383295,0.00902233149450754,,,,,,
ood_rotten_balanced_v2,global,9,500,0.888,0.8889774601068483,0.27363647527045254,0.16454775613494882,0.0009774601068482935,0.010832742890596592,0.025385689452711146,0.033928393345711086,0.010202423303412518,0.014519541834839365,500,0.888,0.879264217541207,0.27501676850690326,0.16462031056355314,-0.008735782458793029,0.014648868753314703,0.025239805051769017,0.03709833496467041,0.013683546183173006,0.023443972466235957,0.0,-0.009713242565641322,0.0013802932364507248,7.255442860432115e-05,-0.009713242565641322,0.0038161258627181106,-0.0001458844009421291,0.003169941618959324,0.003481122879760488,0.008924430631396592,,,,,,
ood_rotten_balanced_v2,global,10,500,0.888,0.8889774601068483,0.27363647527045254,0.16454775613494882,0.0009774601068482935,0.010832742890596592,0.025385689452711146,0.033928393345711086,0.010202423303412518,0.014519541834839365,500,0.888,0.8868035304564155,0.2738189491654157,0.16452494671409054,-0.001196469543584544,0.011667694721022559,0.02506480680651194,0.03461961857254969,0.01936946072418008,0.01700144995901894,0.0,-0.0021739296504328376,0.00018247389496317545,-2.2809420858277418e-05,-0.0021739296504328376,0.0008349518304259663,-0.00032088264619920676,0.0006912252268386071,0.00916703742076756,0.0024819081241795743,,,,,,
ood_rotten_balanced_v2,global,11,500,0.888,0.8889774601068483,0.27363647527045254,0.16454775613494882,0.0009774601068482935,0.010832742890596592,0.025385689452711146,0.033928393345711086,0.010202423303412518,0.014519541834839365,500,0.888,0.8666853802674095,0.27865282864183316,0.16536399149118106,-0.021314619732590523,0.021314619732590502,0.028064451738077565,0.04148705196660081,0.024574837601887698,0.025995284212696958,0.0,-0.022292079839438816,0.005016353371380622,0.0008162353562322366,-0.022292079839438816,0.01048187684199391,0.002678762285366419,0.007558658620889724,0.01437241429847518,0.011475742377857593,,,,,,
ood_rotten_balanced_v2,global,12,500,0.888,0.8889774601068483,0.27363647527045254,0.16454775613494882,0.0009774601068482935,0.010832742890596592,0.025385689452711146,0.033928393345711086,0.010202423303412518,0.014519541834839365,500,0.888,0.8736468036153117,0.2764124319951101,0.164863512830079,-0.01435319638468835,0.01695559926003305,0.026181870718222644,0.03902147245613419,0.02473597176866494,0.025591910898011737,0.0,-0.015330656491536643,0.00277595672465758,0.000315756695130176,-0.015330656491536643,0.0061228563694364566,0.0007961812655114982,0.005093079110423102,0.014533548465252422,0.011072369063172372,,,,,,
ood_rotten_balanced_v2,global,13,500,0.888,0.8889774601068483,0.27363647527045254,0.16454775613494882,0.0009774601068482935,0.010832742890596592,0.025385689452711146,0.033928393345711086,0.010202423303412518,0.014519541834839365,500,0.888,0.8750754121550677,0.276020396854683,0.16478793439268366,-0.012924587844932334,0.016362115098786045,0.02590403098790619,0.03852654521379245,0.019275862481515818,0.024382798567917557,0.0,-0.013902047951780627,0.002383921584230453,0.00024017825773484103,-0.013902047951780627,0.005529372208189453,0.0005183415351950431,0.0045981518680813654,0.0090734391781033,0.009863256733078193,,,,,,
ood_rotten_balanced_v2,global,14,500,0.888,0.8889774601068483,0.27363647527045254,0.16454775613494882,0.0009774601068482935,0.010832742890596592,0.025385689452711146,0.033928393345711086,0.010202423303412518,0.014519541834839365,500,0.888,0.8553245739099086,0.2833383131157415,0.16664408131604347,-0.03267542609009144,0.0326754260900914,0.03280796078012423,0.04568744993956601,0.03267542609009136,0.035743911492090386,0.0,-0.033652886196939735,0.009701837845288941,0.0020963251810946493,-0.033652886196939735,0.021842683199494808,0.007422271327413087,0.011759056593854927,0.02247300278667884,0.02122436965725102,,,,,,
ood_rotten_balanced_v2,global,15,500,0.888,0.8889774601068483,0.27363647527045254,0.16454775613494882,0.0009774601068482935,0.010832742890596592,0.025385689452711146,0.033928393345711086,0.010202423303412518,0.014519541834839365,500,0.888,0.8630590273008469,0.2800193592602793,0.1657106557095073,-0.024940972699153074,0.024940972699152877,0.029053889581405642,0.04280504415222799,0.02581560705115581,0.038408745899156035,0.0,-0.025918432806001368,0.006382883989826782,0.0011628995745584791,-0.025918432806001368,0.014108229808556284,0.003668200128694496,0.008876650806516902,0.015613183747743292,0.02388920406431667,,,,,,
ood_rotten_balanced_v2,global,16,500,0.888,0.8889774601068483,0.27363647527045254,0.16454775613494882,0.0009774601068482935,0.010832742890596592,0.025385689452711146,0.033928393345711086,0.010202423303412518,0.014519541834839365,500,0.888,0.8453600232927458,0.2883279718942142,0.16823161886623325,-0.04263997670725417,0.042639976707254015,0.04263997670725406,0.05120523502928756,0.042639976707254106,0.04564569914528717,0.0,-0.04361743681410246,0.01469149662376168,0.003683862731284432,-0.04361743681410246,0.031807233816657426,0.01725428725454291,0.017276841683576474,0.032437553403841586,0.031126157310447804,,,,,,
ood_rotten_balanced_v2,global,17,500,0.888,0.8889774601068483,0.27363647527045254,0.16454775613494882,0.0009774601068482935,0.010832742890596592,0.025385689452711146,0.033928393345711086,0.010202423303412518,0.014519541834839365,500,0.888,0.8753730303445536,0.275941816158536,0.16477336258256564,-0.012626969655446407,0.01623906052651154,0.025855875266230732,0.03842393069777163,0.018338402781656944,0.023422939978883242,0.0,-0.0136044297622947,0.0023053408880834847,0.0002256064476168218,-0.0136044297622947,0.0054063176359149465,0.00047018581351958647,0.004495537352060541,0.008135979478244426,0.008903398144043877,,,,,,
ood_rotten_balanced_v2,global,18,500,0.888,0.8889774601068483,0.27363647527045254,0.16454775613494882,0.0009774601068482935,0.010832742890596592,0.025385689452711146,0.033928393345711086,0.010202423303412518,0.014519541834839365,500,0.888,0.8682029235016006,0.2781199982190269,0.16523631517793208,-0.019797076498399457,0.019797076498399346,0.027652267374049046,0.040942180030919026,0.0250331217858736,0.021174240039223996,0.0,-0.02077453660524775,0.004483522948574348,0.0006885590429832611,-0.02077453660524775,0.008964333607802754,0.0022665779213379006,0.00701378668520794,0.014830698482461083,0.006654698204384631,,,,,,
ood_rotten_balanced_v2,global,19,500,0.888,0.8889774601068483,0.27363647527045254,0.16454775613494882,0.0009774601068482935,0.010832742890596592,0.025385689452711146,0.033928393345711086,0.010202423303412518,0.014519541834839365,500,0.888,0.8823941807918521,0.27441882295852027,0.1645481828964737,-0.005605819208147955,0.013395145603618342,0.0247628353695189,0.036054435639465955,0.01772719263503927,0.028858986310496076,0.0,-0.006583279314996249,0.0007823476880677305,4.267615248687573e-07,-0.006583279314996249,0.0025624027130217494,-0.0006228540831922473,0.0021260422937548693,0.007524769331626753,0.014339444475656712,,,,,,
ood_rotten_balanced_v2,per_type,0,500,0.888,0.8889774601068483,0.27363647527045254,0.16454775613494882,0.0009774601068482935,0.010832742890596592,0.025385689452711146,0.033928393345711086,0.010202423303412518,0.014519541834839365,500,0.888,0.8934905774479417,0.2735210912860087,0.16466882506723163,0.00549057744794168,0.011805884469749572,0.026084498529391296,0.03252957429728178,0.005975431814493009,0.024216176067277932,0.0,0.004513117341093387,-0.00011538398444382869,0.00012106893228280846,0.004513117341093387,0.0009731415791529793,0.00069880907668015,-0.0013988190484293048,-0.004226991488919508,0.009696634232438568,,,,,,
ood_rotten_balanced_v2,per_type,1,500,0.888,0.8889774601068483,0.27363647527045254,0.16454775613494882,0.0009774601068482935,0.010832742890596592,0.025385689452711146,0.033928393345711086,0.010202423303412518,0.014519541834839365,500,0.888,0.9245342612577722,0.2873537326849874,0.1684852795849331,0.03653426125777215,0.03816865648382457,0.04232560200013107,0.04081450177973309,0.03653426125777218,0.04224184655249709,0.0,0.035556801150923856,0.013717257414534834,0.00393752344998427,0.035556801150923856,0.02733591359322798,0.016939912547419927,0.006886108434022001,0.026331837954359658,0.027722304717657725,,,,,,
ood_rotten_balanced_v2,per_type,2,500,0.888,0.8889774601068483,0.27363647527045254,0.16454775613494882,0.0009774601068482935,0.010832742890596592,0.025385689452711146,0.033928393345711086,0.010202423303412518,0.014519541834839365,500,0.888,0.8742473373766784,0.2762446682667022,0.16483060825443507,-0.013752662623321643,0.016705555882163825,0.026038781408356224,0.03881294936195417,0.022860299412241124,0.0241540722066116,0.0,-0.014730122730169937,0.0026081929962496475,0.00028285211948625433,-0.014730122730169937,0.005872812991567233,0.0006530919556450784,0.0048845560162430815,0.012657876108828606,0.009634530371772237,,,,,,
ood_rotten_balanced_v2,per_type,3,500,0.888,0.8889774601068483,0.27363647527045254,0.16454775613494882,0.0009774601068482935,0.010832742890596592,0.025385689452711146,0.033928393345711086,0.010202423303412518,0.014519541834839365,500,0.888,0.8803890647582489,0.27478627971441477,0.16458912194291617,-0.00761093524175116,0.01419568762909551,0.025066461405665937,0.036720826592310914,0.017543706070536763,0.022208844568820878,0.0,-0.008588395348599454,0.0011498044439622324,4.1365807967347346e-05,-0.008588395348599454,0.003362944738498918,-0.00031922804704520927,0.0027924332465998278,0.007341282767124245,0.007689302733981513,,,,,,
ood_rotten_balanced_v2,per_type,4,500,0.888,0.8889774601068483,0.27363647527045254,0.16454775613494882,0.0009774601068482935,0.010832742890596592,0.025385689452711146,0.033928393345711086,0.010202423303412518,0.014519541834839365,500,0.888,0.8708930453052827,0.2772351569394306,0.1650353719054741,-0.017106954694717347,0.018112602915744944,0.026924127408078733,0.03998630232544516,0.022353009733925996,0.022863474865827682,0.0,-0.01808441480156564,0.0035986816689780876,0.00048761577052527927,-0.01808441480156564,0.007279860025148351,0.0015384379553675873,0.006057908979734072,0.012150586430513479,0.008343933030988317,,,,,,
ood_rotten_balanced_v2,per_type,5,500,0.888,0.8889774601068483,0.27363647527045254,0.16454775613494882,0.0009774601068482935,0.010832742890596592,0.025385689452711146,0.033928393345711086,0.010202423303412518,0.014519541834839365,500,0.888,0.9021366696468217,0.2744496630365509,0.16518796311488895,0.014136669646821698,0.018834748181093944,0.028660606209022534,0.03250028227873294,0.015525021259718793,0.02680416906946165,0.0,0.013159209539973404,0.0008131877660983444,0.0006402069799401333,0.013159209539973404,0.008002005290497351,0.0032749167563113878,-0.001428111066978148,0.005322597956306276,0.012284627234622286,,,,,,
ood_rotten_balanced_v2,per_type,6,500,0.888,0.8889774601068483,0.27363647527045254,0.16454775613494882,0.0009774601068482935,0.010832742890596592,0.025385689452711146,0.033928393345711086,0.010202423303412518,0.014519541834839365,500,0.888,0.9016115011063506,0.2743445321214656,0.16514533235831255,0.013611501106350565,0.01840117303009541,0.02838248978473231,0.0324685463122534,0.016268705833093818,0.02643348416373939,0.0,0.012634040999502272,0.0007080568510130503,0.0005975762233637327,0.012634040999502272,0.007568430139498816,0.002996800332021165,-0.0014598470334576882,0.0060662825296813,0.011913942328900026,,,,,,
ood_rotten_balanced_v2,per_type,7,500,0.888,0.8889774601068483,0.27363647527045254,0.16454775613494882,0.0009774601068482935,0.010832742890596592,0.025385689452711146,0.033928393345711086,0.010202423303412518,0.014519541834839365,500,0.888,0.8676821130822064,0.27830018467411743,0.1652789717994216,-0.02031788691779357,0.02031788691779357,0.027793606467783213,0.041128723677753144,0.025187494459257657,0.02234561618396798,0.0,-0.021295347024641864,0.004663709403664895,0.0007312156644727896,-0.021295347024641864,0.009485144027196978,0.0024079170150720676,0.007200330332042058,0.01498507115584514,0.007826074349128614,,,,,,
ood_rotten_balanced_v2,per_type,8,500,0.888,0.8889774601068483,0.27363647527045254,0.16454775613494882,0.0009774601068482935,0.010832742890596592,0.025385689452711146,0.033928393345711086,0.010202423303412518,0.014519541834839365,500,0.888,0.8871710062205875,0.2737826315411579,0.16452720004697402,-0.0008289937794124791,0.011525780509581019,0.025118325339124083,0.034502006473191765,0.018372626385592977,0.016279700303493787,0.0,-0.0018064538862607726,0.00014615627070535542,-2.055608797479902e-05,-0.0018064538862607726,0.0006930376189844267,-0.00026736411358706247,0.0005736131274806794,0.00817020308218046,0.001760158468654422,,,,,,
ood_rotten_balanced_v2,per_type,9,500,0.888,0.8889774601068483,0.27363647527045254,0.16454775613494882,0.0009774601068482935,0.010832742890596592,0.025385689452711146,0.033928393345711086,0.010202423303412518,0.014519541834839365,500,0.888,0.8718885700455364,0.2769277757883571,0.16496927729457803,-0.016111429954463574,0.017692360459791657,0.026655443824935263,0.039635881149002745,0.021912541912715803,0.023764326011488417,0.0,-0.017088890061311868,0.0032913005179045496,0.0004215211596292068,-0.017088890061311868,0.0068596175691950645,0.0012697543722241175,0.0057074878032916596,0.011710118609303285,0.009244784176649052,,,,,,
ood_rotten_balanced_v2,per_type,10,500,0.888,0.8889774601068483,0.27363647527045254,0.16454775613494882,0.0009774601068482935,0.010832742890596592,0.025385689452711146,0.033928393345711086,0.010202423303412518,0.014519541834839365,500,0.888,0.9013849711613806,0.2743012898833112,0.16512739617709138,0.013384971161380599,0.01821442085252385,0.02826307261939813,0.03245515939883406,0.01607284928674739,0.02627372032189349,0.0,0.012407511054532305,0.0006648146128586663,0.0005796400421425596,0.012407511054532305,0.007381677961927256,0.0028773831666869844,-0.0014732339468770256,0.005870425983334872,0.011754178487054127,,,,,,
ood_rotten_balanced_v2,per_type,11,500,0.888,0.8889774601068483,0.27363647527045254,0.16454775613494882,0.0009774601068482935,0.010832742890596592,0.025385689452711146,0.033928393345711086,0.010202423303412518,0.014519541834839365,500,0.888,0.8534486132319091,0.28421969758578963,0.1669099808374812,-0.034551386768090886,0.034551386768090775,0.03455138676809079,0.04651044728896461,0.03455138676809084,0.03864019263272172,0.0,-0.03552884687493918,0.010583222315337093,0.0023622247025323895,-0.03552884687493918,0.023718643877494183,0.009165697315379643,0.012582053943253527,0.024348963464678318,0.024120650797882354,,,,,,
ood_rotten_balanced_v2,per_type,12,500,0.888,0.8889774601068483,0.27363647527045254,0.16454775613494882,0.0009774601068482935,0.010832742890596592,0.025385689452711146,0.033928393345711086,0.010202423303412518,0.014519541834839365,500,0.888,0.8454662788706234,0.2882709345692175,0.1682124205616825,-0.04253372112937659,0.04253372112937646,0.04253372112937649,0.05113528911553666,0.04253372112937652,0.04554008112648021,0.0,-0.04351118123622488,0.014634459298764946,0.003664664426733688,-0.04351118123622488,0.03170097823877986,0.017148031676665346,0.01720689576982557,0.032331297825964,0.031020539291640847,,,,,,
ood_rotten_balanced_v2,per_type,13,500,0.888,0.8889774601068483,0.27363647527045254,0.16454775613494882,0.0009774601068482935,0.010832742890596592,0.025385689452711146,0.033928393345711086,0.010202423303412518,0.014519541834839365,500,0.888,0.8543247904073646,0.28380452251364624,0.16678388039282546,-0.03367520959263537,0.03367520959263546,0.03367520959263544,0.046087098259216086,0.03367520959263543,0.03789060143523975,0.0,-0.03465266969948366,0.0101680472431937,0.0022361242578766427,-0.03465266969948366,0.022842466702038867,0.008289520139924293,0.012158704913505,0.023472786289222912,0.023371059600400385,,,,,,
ood_rotten_balanced_v2,per_type,14,500,0.888,0.8889774601068483,0.27363647527045254,0.16454775613494882,0.0009774601068482935,0.010832742890596592,0.025385689452711146,0.033928393345711086,0.010202423303412518,0.014519541834839365,500,0.888,0.8969090834792826,0.2736935795646409,0.16482813967717344,0.008909083479282542,0.014557418275376911,0.026642731885111202,0.03222713798116643,0.010574518616198398,0.020809196649845048,0.0,0.007931623372434249,5.7104294188370375e-05,0.0002803835422246215,0.007931623372434249,0.003724675384780319,0.0012570424324000566,-0.001701255364544657,0.0003720953127858799,0.006289654815005683,,,,,,
ood_rotten_balanced_v2,per_type,15,500,0.888,0.8889774601068483,0.27363647527045254,0.16454775613494882,0.0009774601068482935,0.010832742890596592,0.025385689452711146,0.033928393345711086,0.010202423303412518,0.014519541834839365,500,0.888,0.8706430793308209,0.27731406957529586,0.16505267071809174,-0.017356920669179154,0.018218469870335242,0.026991655160786054,0.04007457394058907,0.0216625457667092,0.022919475384508343,0.0,-0.018334380776027448,0.0036775943048433235,0.000504914583142918,-0.018334380776027448,0.00738572697973865,0.0016059657080749086,0.006146180594877981,0.011460122463296684,0.008399933549668979,,,,,,
ood_rotten_balanced_v2,per_type,16,500,0.888,0.8889774601068483,0.27363647527045254,0.16454775613494882,0.0009774601068482935,0.010832742890596592,0.025385689452711146,0.033928393345711086,0.010202423303412518,0.014519541834839365,500,0.888,0.8241333116671177,0.3011397228001891,0.1730409438098584,-0.06386668833288234,0.0638666883328823,0.06386668833288225,0.06870747062821521,0.06386668833288231,0.06888040284504243,0.0,-0.06484414843973063,0.02750324752973654,0.008493187674909586,-0.06484414843973063,0.05303394544228571,0.038480998880171105,0.03477907728250412,0.05366426502946979,0.05436086101020307,,,,,,
ood_rotten_balanced_v2,per_type,17,500,0.888,0.8889774601068483,0.27363647527045254,0.16454775613494882,0.0009774601068482935,0.010832742890596592,0.025385689452711146,0.033928393345711086,0.010202423303412518,0.014519541834839365,500,0.888,0.8723206829741237,0.27679782970695566,0.16494198412682184,-0.015679317025876327,0.017510644213984204,0.026538944604167933,0.03948434680100116,0.020922892552608107,0.022892150630027107,0.0,-0.01665677713272462,0.0031613544365031165,0.00039422799187302515,-0.01665677713272462,0.006677901323387612,0.001153255151456787,0.005555953455290072,0.01072046924919559,0.008372608795187742,,,,,,
ood_rotten_balanced_v2,per_type,18,500,0.888,0.8889774601068483,0.27363647527045254,0.16454775613494882,0.0009774601068482935,0.010832742890596592,0.025385689452711146,0.033928393345711086,0.010202423303412518,0.014519541834839365,500,0.888,0.8290187781737338,0.29795961599785065,0.1717626965840148,-0.058981221826266195,0.05898122182626607,0.058981221826266084,0.06462746145089553,0.058981221826266084,0.06402330391896267,0.0,-0.05995868193311449,0.024323140727398107,0.007214940449065982,-0.05995868193311449,0.04814847893566948,0.033595532373554934,0.03069906810518444,0.048778798522853564,0.04950376208412331,,,,,,
ood_rotten_balanced_v2,per_type,19,500,0.888,0.8889774601068483,0.27363647527045254,0.16454775613494882,0.0009774601068482935,0.010832742890596592,0.025385689452711146,0.033928393345711086,0.010202423303412518,0.014519541834839365,500,0.888,0.8863296504013737,0.27386899424826333,0.16452299880475413,-0.0016703495986263306,0.011851167098775185,0.02499622660050857,0.03477174133212894,0.019222275381489087,0.01793512848496907,0.0,-0.002647809705474624,0.00023251897781079167,-2.4757330194691285e-05,-0.002647809705474624,0.0010184242081785928,-0.000389462852202576,0.0008433479864178514,0.00901985207807657,0.0034155866501297052,,,,,,
ood_sst2_balanced_v2,global,0,500,0.952,0.9110525255299975,0.1712475701375258,0.0889283374734205,-0.040947474470002465,0.04094747447000242,0.04146076840460702,0.04456609107192487,0.040947474470002465,0.048979965652594465,500,0.952,0.889608602875996,0.18564085130066627,0.09363134660667197,-0.06239139712400399,0.06239139712400392,0.062391397124003954,0.06239139712400399,0.06239139712400404,0.06239139712400391,0.0,-0.021443922654001524,0.014393281163140453,0.004703009133251473,-0.021443922654001524,0.021443922654001496,0.020930628719396938,0.017825306052079118,0.021443922654001572,0.013411431471409448,,,,,,
ood_sst2_balanced_v2,global,1,500,0.952,0.9110525255299975,0.1712475701375258,0.0889283374734205,-0.040947474470002465,0.04094747447000242,0.04146076840460702,0.04456609107192487,0.040947474470002465,0.048979965652594465,500,0.952,0.9206278292340689,0.1661815682521081,0.08737232525461157,-0.03137217076593102,0.03137217076593113,0.03397895142482631,0.03935161497281367,0.031372170765931136,0.034870780497860104,0.0,0.009575303704071447,-0.005066001885417726,-0.0015560122188089248,0.009575303704071447,-0.009575303704071295,-0.007481816979780703,-0.005214476099111201,-0.00957530370407133,-0.01410918515473436,,,,,,
ood_sst2_balanced_v2,global,2,500,0.952,0.9110525255299975,0.1712475701375258,0.0889283374734205,-0.040947474470002465,0.04094747447000242,0.04146076840460702,0.04456609107192487,0.040947474470002465,0.048979965652594465,500,0.952,0.8910765390485134,0.1845530227870675,0.09325658612119625,-0.0609234609514866,0.060923460951486444,0.06092346095148659,0.06092346095148658,0.060923460951486666,0.0609234609514866,0.0,-0.01997598648148413,0.013305452649541694,0.0043282486477757565,-0.01997598648148413,0.01997598648148402,0.019462692546879573,0.01635736987956171,0.0199759864814842,0.011943495298892132,,,,,,
ood_sst2_balanced_v2,global,3,500,0.952,0.9110525255299975,0.1712475701375258,0.0889283374734205,-0.040947474470002465,0.04094747447000242,0.04146076840460702,0.04456609107192487,0.040947474470002465,0.048979965652594465,500,0.952,0.9032391774310934,0.1760810042175544,0.09044926239399169,-0.04876082256890657,0.04876082256890679,0.04876082256890669,0.05012151226045155,0.04876082256890674,0.04876082256890668,0.0,-0.007813348098904105,0.004833434080028592,0.0015209249205711955,-0.007813348098904105,0.007813348098904369,0.007300054164299671,0.005555421188526678,0.007813348098904278,-0.0002191430836877839,,,,,,
ood_sst2_balanced_v2,global,4,500,0.952,0.9110525255299975,0.1712475701375258,0.0889283374734205,-0.040947474470002465,0.04094747447000242,0.04146076840460702,0.04456609107192487,0.040947474470002465,0.048979965652594465,500,0.952,0.8886831663843093,0.18633312973573288,0.09387157670084266,-0.06331683361569063,0.06331683361569065,0.06331683361569071,0.06331683361569068,0.06331683361569071,0.0633168336156906,0.0,-0.02236935914568816,0.015085559598207066,0.0049432392274221665,-0.02236935914568816,0.02236935914568823,0.021856065211083693,0.01875074254376581,0.022369359145688245,0.014336867963096134,,,,,,
ood_sst2_balanced_v2,global,5,500,0.952,0.9110525255299975,0.1712475701375258,0.0889283374734205,-0.040947474470002465,0.04094747447000242,0.04146076840460702,0.04456609107192487,0.040947474470002465,0.048979965652594465,500,0.952,0.9098143806609331,0.1719761193088107,0.08915445721703617,-0.04218561933906684,0.04218561933906688,0.04247151898135676,0.045407115792583684,0.042185619339066976,0.04939455053365331,0.0,-0.0012381448690643726,0.0007285491712848979,0.00022611974361567977,-0.0012381448690643726,0.0012381448690644559,0.001010750576749743,0.0008410247206588131,0.0012381448690645114,0.0004145848810588465,,,,,,
ood_sst2_balanced_v2,global,6,500,0.952,0.9110525255299975,0.1712475701375258,0.0889283374734205,-0.040947474470002465,0.04094747447000242,0.04146076840460702,0.04456609107192487,0.040947474470002465,0.048979965652594465,500,0.952,0.9150585122604734,0.16899873550398106,0.08823557182682035,-0.036941487739526546,0.03694148773952648,0.03817883017316044,0.04186095646633727,0.03694148773952659,0.040972758966939006,0.0,0.004005986730475919,-0.0022488346335447496,-0.0006927656466001464,0.004005986730475919,-0.004005986730475947,-0.0032819382314465753,-0.002705134605587599,-0.004005986730475877,-0.008007206685655459,,,,,,
ood_sst2_balanced_v2,global,7,500,0.952,0.9110525255299975,0.1712475701375258,0.0889283374734205,-0.040947474470002465,0.04094747447000242,0.04146076840460702,0.04456609107192487,0.040947474470002465,0.048979965652594465,500,0.952,0.8833980227844851,0.1903778053174394,0.09530231659751412,-0.06860197721551486,0.06860197721551482,0.06860197721551485,0.0686019772155149,0.06860197721551484,0.06860197721551486,0.0,-0.0276545027455124,0.01913023517991358,0.006373979124093626,-0.0276545027455124,0.0276545027455124,0.027141208810907834,0.024035886143590035,0.02765450274551237,0.0196220115629204,,,,,,
ood_sst2_balanced_v2,global,8,500,0.952,0.9110525255299975,0.1712475701375258,0.0889283374734205,-0.040947474470002465,0.04094747447000242,0.04146076840460702,0.04456609107192487,0.040947474470002465,0.048979965652594465,500,0.952,0.9013010659144418,0.17736015541138672,0.09086090453657476,-0.050698934085558145,0.050698934085558076,0.050698934085558076,0.05175316562073365,0.05069893408555815,0.05069893408555807,0.0,-0.00975145961555568,0.00611258527386091,0.0019325670631542696,-0.00975145961555568,0.009751459615555652,0.009238165680951059,0.007187074548808778,0.009751459615555687,0.0017189684329636037,,,,,,
ood_sst2_balanced_v2,global,9,500,0.952,0.9110525255299975,0.1712475701375258,0.0889283374734205,-0.040947474470002465,0.04094747447000242,0.04146076840460702,0.04456609107192487,0.040947474470002465,0.048979965652594465,500,0.952,0.9016072561217303,0.17715612530502017,0.09079496793433231,-0.05039274387826964,0.05039274387826955,0.050392743878269544,0.05148874577344334,0.05039274387826974,0.05039274387826957,0.0,-0.009445269408267176,0.0059085551674943615,0.0018666304609118167,-0.009445269408267176,0.009445269408267128,0.008931975473662528,0.006922654701518469,0.009445269408267273,0.001412778225675107,,,,,,
ood_sst2_balanced_v2,global,10,500,0.952,0.9110525255299975,0.1712475701375258,0.0889283374734205,-0.040947474470002465,0.04094747447000242,0.04146076840460702,0.04456609107192487,0.040947474470002465,0.048979965652594465,500,0.952,0.9089505163036474,0.17249323403569355,0.08931556007422138,-0.04304948369635253,0.04304948369635268,0.043175768845687815,0.04599175451785175,0.0430494836963527,0.04685281088843753,0.0,-0.0021020092263500656,0.0012456638981677426,0.0003872226008008878,-0.0021020092263500656,0.00210200922635026,0.0017150004410807981,0.0014256634459268794,0.002102009226350232,-0.0021271547641569383,,,,,,
ood_sst2_balanced_v2,global,11,500,0.952,0.9110525255299975,0.1712475701375258,0.0889283374734205,-0.040947474470002465,0.04094747447000242,0.04146076840460702,0.04456609107192487,0.040947474470002465,0.048979965652594465,500,0.952,0.8891937355636801,0.18595058425745328,0.0937386607739834,-0.06280626443631987,0.06280626443631981,0.06280626443631986,0.06280626443631987,0.06280626443631988,0.06280626443631987,0.0,-0.021858789966317405,0.014703014119927471,0.004810323300562913,-0.021858789966317405,0.02185878996631739,0.02134549603171284,0.018240173364395,0.02185878996631742,0.013826298783725405,,,,,,
ood_sst2_balanced_v2,global,12,500,0.952,0.9110525255299975,0.1712475701375258,0.0889283374734205,-0.040947474470002465,0.04094747447000242,0.04146076840460702,0.04456609107192487,0.040947474470002465,0.048979965652594465,500,0.952,0.8960867949763376,0.1809402312225259,0.09203568416296812,-0.05591320502366237,0.05591320502366237,0.05591320502366249,0.056249772459341395,0.05591320502366241,0.05591320502366236,0.0,-0.014965730553659906,0.009692661085000082,0.0031073466895476243,-0.014965730553659906,0.014965730553659948,0.014452436619055473,0.011683681387416524,0.014965730553659948,0.0069332393710678925,,,,,,
ood_sst2_balanced_v2,global,13,500,0.952,0.9110525255299975,0.1712475701375258,0.0889283374734205,-0.040947474470002465,0.04094747447000242,0.04146076840460702,0.04456609107192487,0.040947474470002465,0.048979965652594465,500,0.952,0.8974944553756461,0.17995475108711087,0.09170888807981903,-0.05450554462435386,0.05450554462435393,0.05450554462435394,0.055036988003650554,0.054505544624354,0.05450554462435374,0.0,-0.013558070154351398,0.008707180949585058,0.0027805506063985352,-0.013558070154351398,0.01355807015435151,0.013044776219746923,0.010470896931725683,0.013558070154351537,0.0055255789717592735,,,,,,
ood_sst2_balanced_v2,global,14,500,0.952,0.9110525255299975,0.1712475701375258,0.0889283374734205,-0.040947474470002465,0.04094747447000242,0.04146076840460702,0.04456609107192487,0.040947474470002465,0.048979965652594465,500,0.952,0.8778364262597759,0.194789320773006,0.09691598205267675,-0.07416357374022409,0.07416357374022406,0.07416357374022411,0.07416357374022411,0.07416357374022413,0.07416357374022411,0.0,-0.03321609927022162,0.023541750635480196,0.007987644579256256,-0.03321609927022162,0.033216099270221636,0.0327028053356171,0.029597482668299244,0.03321609927022166,0.02518360808762965,,,,,,
ood_sst2_balanced_v2,global,15,500,0.952,0.9110525255299975,0.1712475701375258,0.0889283374734205,-0.040947474470002465,0.04094747447000242,0.04146076840460702,0.04456609107192487,0.040947474470002465,0.048979965652594465,500,0.952,0.8855822478990945,0.1886879391520663,0.09469889443614894,-0.0664177521009055,0.06641775210090568,0.06641775210090563,0.06641775210090563,0.06641775210090563,0.06641775210090561,0.0,-0.025470277630903038,0.01744036901454049,0.005770556962728449,-0.025470277630903038,0.02547027763090326,0.02495698369629861,0.021851661028980757,0.025470277630903163,0.01743778644831115,,,,,,
ood_sst2_balanced_v2,global,16,500,0.952,0.9110525255299975,0.1712475701375258,0.0889283374734205,-0.040947474470002465,0.04094747447000242,0.04146076840460702,0.04456609107192487,0.040947474470002465,0.048979965652594465,500,0.952,0.8677795682716518,0.20312436488139382,0.10011605902495034,-0.08422043172834814,0.08422043172834814,0.08422043172834824,0.08422043172834827,0.08422043172834816,0.08422043172834827,0.0,-0.04327295725834568,0.03187679474386801,0.011187721551529847,-0.04327295725834568,0.04327295725834572,0.042759663323741225,0.0396543406564234,0.04327295725834569,0.035240466075753804,,,,,,
ood_sst2_balanced_v2,global,17,500,0.952,0.9110525255299975,0.1712475701375258,0.0889283374734205,-0.040947474470002465,0.04094747447000242,0.04146076840460702,0.04456609107192487,0.040947474470002465,0.048979965652594465,500,0.952,0.8977873982138124,0.1797513823273652,0.09164177584797037,-0.054212601786187586,0.05421260178618772,0.05421260178618767,0.05478449825946095,0.05421260178618772,0.05421260178618775,0.0,-0.013265127316185121,0.008503812189839394,0.002713438374549876,-0.013265127316185121,0.013265127316185295,0.012751833381580653,0.010218407187536076,0.013265127316185253,0.005232636133593288,,,,,,
ood_sst2_balanced_v2,global,18,500,0.952,0.9110525255299975,0.1712475701375258,0.0889283374734205,-0.040947474470002465,0.04094747447000242,0.04146076840460702,0.04456609107192487,0.040947474470002465,0.048979965652594465,500,0.952,0.8907009650844039,0.18483012920128,0.09335173404284541,-0.06129903491559607,0.061299034915596184,0.06129903491559609,0.06129903491559613,0.06129903491559605,0.0612990349155961,0.0,-0.02035156044559361,0.01358255906375419,0.00442339656942492,-0.02035156044559361,0.02035156044559376,0.01983826651098907,0.016732943843671258,0.020351560445593588,0.012319069263001636,,,,,,
ood_sst2_balanced_v2,global,19,500,0.952,0.9110525255299975,0.1712475701375258,0.0889283374734205,-0.040947474470002465,0.04094747447000242,0.04146076840460702,0.04456609107192487,0.040947474470002465,0.048979965652594465,500,0.952,0.9046654845688596,0.17515882936332322,0.09015501747111906,-0.04733451543114031,0.04733451543114031,0.04733451543114044,0.04902740716826428,0.04733451543114037,0.04844103321210018,0.0,-0.0063870409611378465,0.003911259225797409,0.001226679997698571,-0.0063870409611378465,0.006387040961137888,0.005873747026533427,0.0044613160963394086,0.006387040961137902,-0.0005389324404942858,,,,,,
ood_sst2_balanced_v2,per_type,0,500,0.952,0.9110525255299975,0.1712475701375258,0.0889283374734205,-0.040947474470002465,0.04094747447000242,0.04146076840460702,0.04456609107192487,0.040947474470002465,0.048979965652594465,500,0.952,0.9153922990874404,0.1688192774610972,0.08818054356809912,-0.036607700912559604,0.0366077009125595,0.03790452883627608,0.04171108165444033,0.036607700912559576,0.04065834366513082,0.0,0.004339773557442861,-0.002428292676428606,-0.00074779390532137,0.004339773557442861,-0.004339773557442923,-0.0035562395683309336,-0.0028550094174845386,-0.004339773557442889,-0.008321621987463647,,,,,,
ood_sst2_balanced_v2,per_type,1,500,0.952,0.9110525255299975,0.1712475701375258,0.0889283374734205,-0.040947474470002465,0.04094747447000242,0.04146076840460702,0.04456609107192487,0.040947474470002465,0.048979965652594465,500,0.952,0.9440918167166829,0.16052183515675444,0.0851044231548413,-0.007908183283317105,0.019472176193108592,0.021929491552442604,0.030131936494568766,0.021949699534031513,0.019941552867641762,0.0,0.03303929118668536,-0.010725734980771368,-0.0038239143185791885,0.03303929118668536,-0.02147529827689383,-0.019531276852164412,-0.014434154577356105,-0.018997774935970952,-0.029038412784952703,,,,,,
ood_sst2_balanced_v2,per_type,2,500,0.952,0.9110525255299975,0.1712475701375258,0.0889283374734205,-0.040947474470002465,0.04094747447000242,0.04146076840460702,0.04456609107192487,0.040947474470002465,0.048979965652594465,500,0.952,0.8966788222906035,0.18052411404274404,0.09189737351796874,-0.055321177709396485,0.05532117770939649,0.05532117770939667,0.05573980278932502,0.05532117770939658,0.055321177709396624,0.0,-0.01437370323939402,0.009276543905218232,0.0029690360445482483,-0.01437370323939402,0.014373703239394069,0.013860409304789656,0.011173711717400149,0.014373703239394117,0.006341212056802159,,,,,,
ood_sst2_balanced_v2,per_type,3,500,0.952,0.9110525255299975,0.1712475701375258,0.0889283374734205,-0.040947474470002465,0.04094747447000242,0.04146076840460702,0.04456609107192487,0.040947474470002465,0.048979965652594465,500,0.952,0.9027078409888841,0.1764287483014258,0.09056076201656527,-0.04929215901111583,0.049292159011116075,0.049292159011116,0.05053793921511717,0.04929215901111604,0.049292159011116006,0.0,-0.008344684541113367,0.005181178163899985,0.0016324245431447726,-0.008344684541113367,0.008344684541113652,0.007831390606508982,0.0059718481431923,0.008344684541113576,0.0003121933585215411,,,,,,
ood_sst2_balanced_v2,per_type,4,500,0.952,0.9110525255299975,0.1712475701375258,0.0889283374734205,-0.040947474470002465,0.04094747447000242,0.04146076840460702,0.04456609107192487,0.040947474470002465,0.048979965652594465,500,0.952,0.8933666122447,0.18288195239432015,0.09268736271786765,-0.058633387755299915,0.058633387755299915,0.0586333877552999,0.058633387755299915,0.0586333877553,0.05863338775529986,0.0,-0.01768591328529745,0.011634382256794334,0.003759025244447156,-0.01768591328529745,0.01768591328529749,0.017172619350692885,0.014067296683375044,0.017685913285297533,0.009653422102705395,,,,,,
ood_sst2_balanced_v2,per_type,5,500,0.952,0.9110525255299975,0.1712475701375258,0.0889283374734205,-0.040947474470002465,0.04094747447000242,0.04146076840460702,0.04456609107192487,0.040947474470002465,0.048979965652594465,500,0.952,0.9236060336073174,0.1648453744657213,0.08695926972943269,-0.028393966392682546,0.02905198175427366,0.03186292075496237,0.038001469656578274,0.02839396639268254,0.030739704258348467,0.0,0.01255350807731992,-0.0064021956718045,-0.001969067743987807,0.01255350807731992,-0.011895492715728765,-0.009597847649644643,-0.006564621415346597,-0.012553508077319926,-0.018240261394245998,,,,,,
ood_sst2_balanced_v2,per_type,6,500,0.952,0.9110525255299975,0.1712475701375258,0.0889283374734205,-0.040947474470002465,0.04094747447000242,0.04146076840460702,0.04456609107192487,0.040947474470002465,0.048979965652594465,500,0.952,0.9231112148940049,0.16505833674261422,0.08702551952871937,-0.02888878510599502,0.029418934380863827,0.03221638187975288,0.03822622895618552,0.02888878510599526,0.03253633342163931,0.0,0.012058689364007447,-0.006189233394911592,-0.001902817944701124,0.012058689364007447,-0.011528540089138596,-0.00924438652485414,-0.00633986211573935,-0.012058689364007204,-0.016443632230955157,,,,,,
ood_sst2_balanced_v2,per_type,7,500,0.952,0.9110525255299975,0.1712475701375258,0.0889283374734205,-0.040947474470002465,0.04094747447000242,0.04146076840460702,0.04456609107192487,0.040947474470002465,0.048979965652594465,500,0.952,0.8901839732621444,0.18521295037711338,0.09348353572392261,-0.06181602673785558,0.06181602673785556,0.06181602673785567,0.061816026737855655,0.06181602673785569,0.06181602673785561,0.0,-0.020868552267853113,0.013965380239587571,0.0045551982505021155,-0.020868552267853113,0.020868552267853134,0.020355258333248652,0.017249935665930784,0.020868552267853224,0.012836061085261148,,,,,,
ood_sst2_balanced_v2,per_type,8,500,0.952,0.9110525255299975,0.1712475701375258,0.0889283374734205,-0.040947474470002465,0.04094747447000242,0.04146076840460702,0.04456609107192487,0.040947474470002465,0.048979965652594465,500,0.952,0.9093063425337584,0.17227937319583556,0.08924887000055265,-0.04269365746624154,0.04269365746624145,0.04288578207928075,0.0457511533196671,0.04269365746624158,0.049247536045823506,0.0,-0.0017461829962390762,0.0010318030583097437,0.00032053252713215574,-0.0017461829962390762,0.0017461829962390277,0.0014250136746737363,0.0011850622477422301,0.0017461829962391179,0.0002675703932290413,,,,,,
ood_sst2_balanced_v2,per_type,9,500,0.952,0.9110525255299975,0.1712475701375258,0.0889283374734205,-0.040947474470002465,0.04094747447000242,0.04146076840460702,0.04456609107192487,0.040947474470002465,0.048979965652594465,500,0.952,0.8943510144420895,0.18217371663687515,0.0924484602412006,-0.057648985557910426,0.05764898555791039,0.0576489855579104,0.057744173432229054,0.05764898555791037,0.057648985557910384,0.0,-0.01670151108790796,0.010926146499349337,0.003520122767780104,-0.01670151108790796,0.016701511087907968,0.01618821715330338,0.013178082360304183,0.016701511087907905,0.00866901990531592,,,,,,
ood_sst2_balanced_v2,per_type,10,500,0.952,0.9110525255299975,0.1712475701375258,0.0889283374734205,-0.040947474470002465,0.04094747447000242,0.04146076840460702,0.04456609107192487,0.040947474470002465,0.048979965652594465,500,0.952,0.9228976040967231,0.16515141667557096,0.08705441340294874,-0.0291023959032769,0.029577100035910627,0.03236873289497514,0.03832320113689488,0.029102395903276942,0.032736863036463,0.0,0.011845078566725564,-0.006096153461954856,-0.0018739240704717525,0.011845078566725564,-0.011370374434091796,-0.009092035509631877,-0.006242889935029992,-0.011845078566725523,-0.016243102616131468,,,,,,
ood_sst2_balanced_v2,per_type,11,500,0.952,0.9110525255299975,0.1712475701375258,0.0889283374734205,-0.040947474470002465,0.04094747447000242,0.04146076840460702,0.04456609107192487,0.040947474470002465,0.048979965652594465,500,0.952,0.8759494526584592,0.19631955777615526,0.09748868873707169,-0.07605054734154071,0.07605054734154092,0.07605054734154086,0.07605054734154088,0.07605054734154085,0.07605054734154088,0.0,-0.03510307287153824,0.025071987638629445,0.008560351263651192,-0.03510307287153824,0.03510307287153849,0.034589778936933845,0.031484456269616004,0.03510307287153838,0.02707058168894641,,,,,,
ood_sst2_balanced_v2,per_type,12,500,0.952,0.9110525255299975,0.1712475701375258,0.0889283374734205,-0.040947474470002465,0.04094747447000242,0.04146076840460702,0.04456609107192487,0.040947474470002465,0.048979965652594465,500,0.952,0.867887231048351,0.20303289083074494,0.10007987116593253,-0.08411276895164899,0.08411276895164903,0.08411276895164904,0.08411276895164907,0.08411276895164904,0.084112768951649,0.0,-0.04316529448164652,0.03178532069321913,0.011151533692512039,-0.04316529448164652,0.043165294481646604,0.042652000547042025,0.0395466778797242,0.04316529448164658,0.035132803299054535,,,,,,
ood_sst2_balanced_v2,per_type,13,500,0.952,0.9110525255299975,0.1712475701375258,0.0889283374734205,-0.040947474470002465,0.04094747447000242,0.04146076840460702,0.04456609107192487,0.040947474470002465,0.048979965652594465,500,0.952,0.8768311571876404,0.1956025099373855,0.0972194953021783,-0.07516884281235958,0.07516884281235954,0.0751688428123596,0.07516884281235962,0.07516884281235957,0.07516884281235957,0.0,-0.03422136834235712,0.0243549397998597,0.008291157828757806,-0.03422136834235712,0.03422136834235712,0.03370807440775258,0.030602751740434753,0.0342213683423571,0.026188877159765103,,,,,,
ood_sst2_balanced_v2,per_type,14,500,0.952,0.9110525255299975,0.1712475701375258,0.0889283374734205,-0.040947474470002465,0.04094747447000242,0.04146076840460702,0.04456609107192487,0.040947474470002465,0.048979965652594465,500,0.952,0.9186564473474259,0.16713405900920802,0.08766446857991232,-0.03334355265257405,0.033343552652574,0.035365077963483135,0.040242028773952235,0.033343552652574146,0.039415938106995806,0.0,0.007603921817428416,-0.004113511128317787,-0.0012638688935081716,0.007603921817428416,-0.007603921817428423,-0.006095690441123881,-0.004324062297972636,-0.007603921817428319,-0.00956402754559866,,,,,,
ood_sst2_balanced_v2,per_type,15,500,0.952,0.9110525255299975,0.1712475701375258,0.0889283374734205,-0.040947474470002465,0.04094747447000242,0.04146076840460702,0.04456609107192487,0.040947474470002465,0.048979965652594465,500,0.952,0.8931192614131007,0.18306087842081922,0.09274793843300705,-0.05888073858689924,0.058880738586899316,0.05888073858689935,0.058880738586899344,0.05888073858689925,0.05888073858689932,0.0,-0.017933264116896774,0.011813308283293411,0.0038196009595865554,-0.017933264116896774,0.017933264116896892,0.017419970182292334,0.014314647514974473,0.017933264116896788,0.009900772934304858,,,,,,
ood_sst2_balanced_v2,per_type,16,500,0.952,0.9110525255299975,0.1712475701375258,0.0889283374734205,-0.040947474470002465,0.04094747447000242,0.04146076840460702,0.04456609107192487,0.040947474470002465,0.048979965652594465,500,0.952,0.8461130670219142,0.22238944147194437,0.10825606567274826,-0.10588693297808571,0.10588693297808573,0.10588693297808578,0.1058869329780858,0.10588693297808582,0.10588693297808568,0.0,-0.06493945850808325,0.051141871334418554,0.019327728199327765,-0.06493945850808325,0.0649394585080833,0.06442616457347877,0.061320841906160925,0.06493945850808336,0.05690696732549122,,,,,,
ood_sst2_balanced_v2,per_type,17,500,0.952,0.9110525255299975,0.1712475701375258,0.0889283374734205,-0.040947474470002465,0.04094747447000242,0.04146076840460702,0.04456609107192487,0.040947474470002465,0.048979965652594465,500,0.952,0.8947779443205202,0.18186849612016207,0.09234593098679313,-0.0572220556794798,0.0572220556794799,0.057222055679479876,0.05737672051734617,0.057222055679479786,0.057222055679479925,0.0,-0.016274581209477335,0.010620925982636253,0.0034175935133726326,-0.016274581209477335,0.016274581209477473,0.01576128727487286,0.012810629445421301,0.01627458120947732,0.00824209002688546,,,,,,
ood_sst2_balanced_v2,per_type,18,500,0.952,0.9110525255299975,0.1712475701375258,0.0889283374734205,-0.040947474470002465,0.04094747447000242,0.04146076840460702,0.04456609107192487,0.040947474470002465,0.048979965652594465,500,0.952,0.851125759938538,0.21779075895705075,0.10622027886122416,-0.10087424006146195,0.10087424006146194,0.10087424006146198,0.100874240061462,0.10087424006146205,0.10087424006146203,0.0,-0.059926765591459485,0.04654318881952493,0.01729194138780367,-0.059926765591459485,0.05992676559145951,0.05941347165685496,0.056308148989537135,0.05992676559145958,0.05189427440886757,,,,,,
ood_sst2_balanced_v2,per_type,19,500,0.952,0.9110525255299975,0.1712475701375258,0.0889283374734205,-0.040947474470002465,0.04094747447000242,0.04146076840460702,0.04456609107192487,0.040947474470002465,0.048979965652594465,500,0.952,0.9084913590494784,0.17277095887356542,0.08940230266535117,-0.04350864095052154,0.04350864095052147,0.043549774204953665,0.04630179081830911,0.04350864095052162,0.045602931991791315,0.0,-0.0025611664805190726,0.0015233887360396048,0.00047396519193067255,-0.0025611664805190726,0.002561166480519045,0.002089005800346648,0.0017356997463842394,0.002561166480519156,-0.00337703366080315,,,,,,
ood_yelp_rating,global,0,1000,0.631,0.6849574536768086,0.8263955796811744,0.4896199398637322,0.0539574536768086,0.05395745367680857,0.061723565268599276,0.06318074612002197,0.0656204409849636,0.05721539799543056,1000,0.631,0.6471308915889974,0.8237833624367062,0.4840296067189863,0.016130891588997387,0.026333590228477557,0.038871456536278874,0.035927792659887214,0.022066494978213013,0.03581927591749083,0.0,-0.03782656208781121,-0.00261221724446814,-0.005590333144745885,-0.03782656208781121,-0.027623863448331013,-0.0228521087323204,-0.02725295346013476,-0.04355394600675058,-0.021396122077939728,0.06960764972476823,0.4554977029993137,0.06893290459699809,0.46699602027468445,-0.0006747451277701322,0.011498317275370762
ood_yelp_rating,global,1,1000,0.631,0.6849574536768086,0.8263955796811744,0.4896199398637322,0.0539574536768086,0.05395745367680857,0.061723565268599276,0.06318074612002197,0.0656204409849636,0.05721539799543056,1000,0.631,0.7035074849756346,0.8337439227397504,0.4941822816128671,0.07250748497563464,0.07250748497563464,0.08214482933704909,0.0791905500865117,0.08274275267832583,0.07454288537771753,0.0,0.018550031298826042,0.007348343058576012,0.0045623417491348905,0.018550031298826042,0.01855003129882607,0.02042126406844981,0.016009803966489725,0.01712231169336223,0.01732748738228697,0.06960764972476823,0.4554977029993137,0.07020422339054025,0.45070973917983165,0.0005965736657720239,-0.004787963819482044
ood_yelp_rating,global,2,1000,0.631,0.6849574536768086,0.8263955796811744,0.4896199398637322,0.0539574536768086,0.05395745367680857,0.061723565268599276,0.06318074612002197,0.0656204409849636,0.05721539799543056,1000,0.631,0.6495937937399904,0.8235091667198305,0.48424525484554626,0.018593793739990372,0.028195131524651255,0.04050710642534498,0.04305469325354073,0.024586391690508257,0.03622421734527917,0.0,-0.035363659936818226,-0.0028864129613438427,-0.005374685018185943,-0.035363659936818226,-0.025762322152157315,-0.021216458843254293,-0.020126052866481246,-0.04103404929445534,-0.02099118065015139,0.06960764972476823,0.4554977029993137,0.06895248437384266,0.46617797205044803,-0.0006551653509255656,0.010680269051134339
ood_yelp_rating,global,3,1000,0.631,0.6849574536768086,0.8263955796811744,0.4896199398637322,0.0539574536768086,0.05395745367680857,0.061723565268599276,0.06318074612002197,0.0656204409849636,0.05721539799543056,1000,0.631,0.6706685929419264,0.8236096883484623,0.4869307721571821,0.03966859294192637,0.040053993167258065,0.04909815350911441,0.05697283673592801,0.04588970843149556,0.04798885227424124,0.0,-0.014288860734882225,-0.0027858913327121204,-0.0026891677065500885,-0.014288860734882225,-0.013903460509550505,-0.012625411759484867,-0.0062079093840939625,-0.019730732553468036,-0.00922654572118932,0.06960764972476823,0.4554977029993137,0.06926229917639612,0.4595816350924932,-0.0003453505483721059,0.004083932093179532
ood_yelp_rating,global,4,1000,0.631,0.6849574536768086,0.8263955796811744,0.4896199398637322,0.0539574536768086,0.05395745367680857,0.061723565268599276,0.06318074612002197,0.0656204409849636,0.05721539799543056,1000,0.631,0.6455861709288465,0.8239842393404383,0.48390474907907477,0.014586170928846509,0.025164989909800775,0.03984424568650429,0.03606557376195074,0.02624494444586532,0.0354130768884491,0.0,-0.03937128274796209,-0.00241134034073609,-0.005715190784657431,-0.03937128274796209,-0.028792463767007795,-0.021879319582094985,-0.027115172358071232,-0.039375496539098276,-0.021802321106981458,0.06960764972476823,0.4554977029993137,0.06892248327412225,0.46751499792483514,-0.0006851664506459798,0.012017294925521449
ood_yelp_rating,global,5,1000,0.631,0.6849574536768086,0.8263955796811744,0.4896199398637322,0.0539574536768086,0.05395745367680857,0.061723565268599276,0.06318074612002197,0.0656204409849636,0.05721539799543056,1000,0.631,0.6826474153040211,0.825784445862986,0.4891369857033671,0.05164741530402106,0.05164741530402093,0.05968514896365396,0.0616478804850454,0.0606023072577551,0.05500370439498414,0.0,-0.0023100383727875373,-0.0006111338181883363,-0.00048295416036509,-0.0023100383727875373,-0.0023100383727876414,-0.0020384163049453133,-0.0015328656349765726,-0.005018133727208496,-0.0022116936004464155,0.06960764972476823,0.4554977029993137,0.06954484097737156,0.456137804462334,-6.280874739666986e-05,0.0006401014630202928
ood_yelp_rating,global,6,1000,0.631,0.6849574536768086,0.8263955796811744,0.4896199398637322,0.0539574536768086,0.05395745367680857,0.061723565268599276,0.06318074612002197,0.0656204409849636,0.05721539799543056,1000,0.631,0.6925630093535364,0.828870030194605,0.4913426694808812,0.061563009353536424,0.061563009353536535,0.0724488167094947,0.06632296606227499,0.0733159009812533,0.06705529632206905,0.0,0.0076055556767278265,0.0024744505134306483,0.001722729617148977,0.0076055556767278265,0.007605555676727965,0.010725251440895422,0.0031422199422530134,0.007695459996289705,0.009839898326638494,0.06960764972476823,0.4554977029993137,0.06983274146207023,0.4534616061671439,0.00022509173730200782,-0.0020360968321697648
ood_yelp_rating,global,7,1000,0.631,0.6849574536768086,0.8263955796811744,0.4896199398637322,0.0539574536768086,0.05395745367680857,0.061723565268599276,0.06318074612002197,0.0656204409849636,0.05721539799543056,1000,0.631,0.6368762247992774,0.8255230665243073,0.4833501387118117,0.0058762247992774075,0.01457276060356993,0.038322392989948155,0.03304177877021192,0.020263194938557733,0.02681534447812863,0.0,-0.04808122887753119,-0.0008725131568670941,-0.0062698011519204955,-0.04808122887753119,-0.039384693073238636,-0.02340117227865112,-0.03013896734981005,-0.04535724604640587,-0.03040005351730193,0.06960764972476823,0.4554977029993137,0.06889118562956861,0.4705199435600229,-0.0007164640951996121,0.015022240560709221
ood_yelp_rating,global,8,1000,0.631,0.6849574536768086,0.8263955796811744,0.4896199398637322,0.0539574536768086,0.05395745367680857,0.061723565268599276,0.06318074612002197,0.0656204409849636,0.05721539799543056,1000,0.631,0.6672228062821022,0.8232799682163754,0.4863880308048977,0.03622280628210217,0.0374655096613542,0.048121194313981215,0.05918317333100561,0.04299928388046012,0.04516883544384869,0.0,-0.017734647394706426,-0.003115611464798995,-0.0032319090588345256,-0.017734647394706426,-0.01649194401545437,-0.01360237095461806,-0.003997572789016364,-0.022621157104503478,-0.012046562551581867,0.06960764972476823,0.4554977029993137,0.06919485517681431,0.4606134361322157,-0.00041279454795391246,0.005115733132902034
ood_yelp_rating,global,9,1000,0.631,0.6849574536768086,0.8263955796811744,0.4896199398637322,0.0539574536768086,0.05395745367680857,0.061723565268599276,0.06318074612002197,0.0656204409849636,0.05721539799543056,1000,0.631,0.6677647852165147,0.8233233733320597,0.48647069297293594,0.03676478521651472,0.039872466376514606,0.04852807544239925,0.055434346631867554,0.04245328012625422,0.04563419256548354,0.0,-0.01719266846029388,-0.003072206349114648,-0.0031492468907962645,-0.01719266846029388,-0.014084987300293964,-0.013195489826200023,-0.007746399488154421,-0.02316716085870938,-0.01158120542994702,0.06960764972476823,0.4554977029993137,0.06920504266485505,0.4604499805000418,-0.0004026070599131709,0.0049522775007281306
ood_yelp_rating,global,10,1000,0.631,0.6849574536768086,0.8263955796811744,0.4896199398637322,0.0539574536768086,0.05395745367680857,0.061723565268599276,0.06318074612002197,0.0656204409849636,0.05721539799543056,1000,0.631,0.6810464136333535,0.8253981898799904,0.4888132253570955,0.05004641363335349,0.050046413633353465,0.05827177714604865,0.06058620355739364,0.05811285735697738,0.05321379319695496,0.0,-0.003911040043455105,-0.0009973898011840232,-0.0008067145066367187,-0.003911040043455105,-0.003911040043455105,-0.0034517881225506267,-0.002594542562628331,-0.007507583627986217,-0.004001604798475597,0.06960764972476823,0.4554977029993137,0.0695028605201998,0.4565861055063266,-0.00010478920456842566,0.00108840250701292
ood_yelp_rating,global,11,1000,0.631,0.6849574536768086,0.8263955796811744,0.4896199398637322,0.0539574536768086,0.05395745367680857,0.061723565268599276,0.06318074612002197,0.0656204409849636,0.05721539799543056,1000,0.631,0.6464376507720317,0.8238707744887968,0.4839725827702968,0.015437650772031741,0.025809244347907767,0.03841073910919451,0.035610976722210065,0.025207353140072476,0.03508518107140411,0.0,-0.038519802904776856,-0.0025248051923776327,-0.00564735709343539,-0.038519802904776856,-0.028148209328900803,-0.02331282615940477,-0.02756976939781191,-0.04041308784489112,-0.022130216924026447,0.06960764972476823,0.4554977029993137,0.06892804941191016,0.46722801831173766,-0.0006796003128580613,0.011730315312423967
ood_yelp_rating,global,12,1000,0.631,0.6849574536768086,0.8263955796811744,0.4896199398637322,0.0539574536768086,0.05395745367680857,0.061723565268599276,0.06318074612002197,0.0656204409849636,0.05721539799543056,1000,0.631,0.6581235378725225,0.823009223086799,0.48515021903177824,0.02712353787252253,0.03262668291993254,0.044145409732173325,0.048984024703735946,0.035447986880197076,0.033473839662269494,0.0,-0.026833915804286068,-0.0033863565943753615,-0.0044697208319539605,-0.026833915804286068,-0.021330770756876033,-0.01757815553642595,-0.014196721416286029,-0.030172454104766523,-0.023741558333161064,0.06960764972476823,0.4554977029993137,0.0690478075620455,0.4634237383510351,-0.000559842162722729,0.007926035351721428
ood_yelp_rating,global,13,1000,0.631,0.6849574536768086,0.8263955796811744,0.4896199398637322,0.0539574536768086,0.05395745367680857,0.061723565268599276,0.06318074612002197,0.0656204409849636,0.05721539799543056,1000,0.631,0.6605565341384044,0.8229983245783427,0.485453534513333,0.029556534138404422,0.03445756196099218,0.0457471712274535,0.050105973290076655,0.036440116703415744,0.034762893813565884,0.0,-0.024400919538404175,-0.003397255102831731,-0.004166405350399194,-0.024400919538404175,-0.01949989171581639,-0.01597639404114578,-0.01307477282994532,-0.029180324281547855,-0.022452504181864674,0.06960764972476823,0.4554977029993137,0.06908263167857905,0.46265999444248174,-0.0005250180461891796,0.007162291443168045
ood_yelp_rating,global,14,1000,0.631,0.6849574536768086,0.8263955796811744,0.4896199398637322,0.0539574536768086,0.05395745367680857,0.061723565268599276,0.06318074612002197,0.0656204409849636,0.05721539799543056,1000,0.631,0.6279004335871232,0.8278034480364083,0.48304268565349107,-0.0030995664128767864,0.009719574024434243,0.03286789184034643,0.033209390005994925,0.021063154006275828,0.028208241738536383,0.0,-0.057057020089685384,0.0014078683552338767,-0.006577254210241135,-0.057057020089685384,-0.04423787965237433,-0.028855673428252848,-0.02997135611402705,-0.04455728697868777,-0.029007156256894175,0.06960764972476823,0.4554977029993137,0.06890951793156519,0.47376225584497755,-0.0006981317932030356,0.01826455284566386
ood_yelp_rating,global,15,1000,0.631,0.6849574536768086,0.8263955796811744,0.4896199398637322,0.0539574536768086,0.05395745367680857,0.061723565268599276,0.06318074612002197,0.0656204409849636,0.05721539799543056,1000,0.631,0.6404533970292308,0.8248087110948511,0.48354726581912005,0.009453397029230759,0.01728135360516854,0.042164947779962346,0.03323587916748497,0.02244560368234682,0.03004788652006456,0.0,-0.04450405664757784,-0.0015868685863232868,-0.0060726740446121474,-0.04450405664757784,-0.03667610007164003,-0.01955861748863693,-0.029944866952537,-0.04317483730261678,-0.027167511475366,0.06960764972476823,0.4554977029993137,0.06889832387829452,0.4692709324682229,-0.0007093258464737073,0.013773229468909187
ood_yelp_rating,global,16,1000,0.631,0.6849574536768086,0.8263955796811744,0.4896199398637322,0.0539574536768086,0.05395745367680857,0.061723565268599276,0.06318074612002197,0.0656204409849636,0.05721539799543056,1000,0.631,0.6121016576928322,0.8334241410678493,0.4831473642644747,-0.018898342307167804,0.018898342307167804,0.030488765871925026,0.028632814957661484,0.023543928195648905,0.021222716396678845,0.0,-0.0728557959839764,0.0070285613866749586,-0.006472575599257513,-0.0728557959839764,-0.035059111369640766,-0.03123479939667425,-0.03454793116236049,-0.04207651278931469,-0.03599268159875171,0.06960764972476823,0.4554977029993137,0.06907446554941941,0.4798651763472359,-0.0005331841753488109,0.02436747334792222
ood_yelp_rating,global,17,1000,0.631,0.6849574536768086,0.8263955796811744,0.4896199398637322,0.0539574536768086,0.05395745367680857,0.061723565268599276,0.06318074612002197,0.0656204409849636,0.05721539799543056,1000,0.631,0.6610649764225633,0.8230036207093638,0.4855194648824479,0.03006497642256334,0.034839900416923676,0.046081513010820876,0.05234007545118533,0.036860191902312725,0.036400576147406424,0.0,-0.02389247725424526,-0.003391958971810549,-0.004100474981284297,-0.02389247725424526,-0.019117553259884894,-0.0156420522577784,-0.010840670668836642,-0.028760249082650874,-0.020814821848024134,0.06960764972476823,0.4554977029993137,0.06909032822817972,0.4625015322586957,-0.0005173214965885076,0.007003829259382033
ood_yelp_rating,global,18,1000,0.631,0.6849574536768086,0.8263955796811744,0.4896199398637322,0.0539574536768086,0.05395745367680857,0.061723565268599276,0.06318074612002197,0.0656204409849636,0.05721539799543056,1000,0.631,0.6489621567616585,0.8235740482260522,0.4841880051073757,0.017962156761658465,0.027717917681990847,0.040087782029055136,0.04076518842019267,0.023877952566765195,0.035542736647736065,0.0,-0.03599529691515013,-0.002821531455122206,-0.005431934756356505,-0.03599529691515013,-0.026239535994817723,-0.02163578323954414,-0.0224155576998293,-0.0417424884181984,-0.021672661347694494,0.06960764972476823,0.4554977029993137,0.06894711775518349,0.4663868511011618,-0.0006605319695847378,0.0108891481018481
ood_yelp_rating,global,19,1000,0.631,0.6849574536768086,0.8263955796811744,0.4896199398637322,0.0539574536768086,0.05395745367680857,0.061723565268599276,0.06318074612002197,0.0656204409849636,0.05721539799543056,1000,0.631,0.6732280868036471,0.8239382474983347,0.48736038403056636,0.04222808680364709,0.042228086803647036,0.05195447990475895,0.056470972348762076,0.050046605641985153,0.04963961548567556,0.0,-0.011729366873161506,-0.002457332182839722,-0.0022595558331658383,-0.011729366873161506,-0.011729366873161534,-0.009769085363840323,-0.0067097737712598984,-0.015573835342978445,-0.007575782509754998,0.06960764972476823,0.4554977029993137,0.06931646331156456,0.4588269547249218,-0.00029118641320366456,0.0033292517256081067
ood_yelp_rating,per_type,0,1000,0.631,0.6849574536768086,0.8263955796811744,0.4896199398637322,0.0539574536768086,0.05395745367680857,0.061723565268599276,0.06318074612002197,0.0656204409849636,0.05721539799543056,1000,0.631,0.6212815916295505,0.8299158685350908,0.4829866198260597,-0.00971840837044946,0.009902572451865677,0.031363099230553707,0.02688907140350876,0.022490825439083824,0.024414546819918014,0.0,-0.06367586204725806,0.00352028885391642,-0.006633320037672474,-0.06367586204725806,-0.044054881224942895,-0.03036046603804557,-0.03629167471651321,-0.043129615545879775,-0.03280085117551254,0.06960764972476823,0.4554977029993137,0.06895743429612296,0.4762640545603992,-0.0006502154286452677,0.020766351561085528
ood_yelp_rating,per_type,1,1000,0.631,0.6849574536768086,0.8263955796811744,0.4896199398637322,0.0539574536768086,0.05395745367680857,0.061723565268599276,0.06318074612002197,0.0656204409849636,0.05721539799543056,1000,0.631,0.6850041959424291,0.8264086082630865,0.4896299052698282,0.05400419594242911,0.05400419594242918,0.06176480041611701,0.06321182749043915,0.06566138135604939,0.05726014537747582,0.0,4.674226562051409e-05,1.3028581912100101e-05,9.965406095990836e-06,4.674226562051409e-05,4.6742265620611234e-05,4.1235147517734716e-05,3.1081370417171406e-05,4.0940371085790295e-05,4.474738204526124e-05,0.06960764972476823,0.4554977029993137,0.06960894770402344,0.45548487939367066,1.2979792552159086e-06,-1.2823605643030866e-05
ood_yelp_rating,per_type,2,1000,0.631,0.6849574536768086,0.8263955796811744,0.4896199398637322,0.0539574536768086,0.05395745367680857,0.061723565268599276,0.06318074612002197,0.0656204409849636,0.05721539799543056,1000,0.631,0.6558588076205428,0.8230726249584146,0.48488594500923543,0.024858807620542822,0.032920921265076404,0.04665262837377297,0.047940983155140934,0.03260396006879262,0.03739381337942768,0.0,-0.029098646056265776,-0.0033229547227597855,-0.00473399485449677,-0.029098646056265776,-0.021036532411732166,-0.015070936894826303,-0.01523976296488104,-0.03301648091617098,-0.019821584616002877,0.06960764972476823,0.4554977029993137,0.06901840188867404,0.4641428388942688,-0.0005892478360941811,0.008645135894955136
ood_yelp_rating,per_type,3,1000,0.631,0.6849574536768086,0.8263955796811744,0.4896199398637322,0.0539574536768086,0.05395745367680857,0.061723565268599276,0.06318074612002197,0.0656204409849636,0.05721539799543056,1000,0.631,0.6712877758176408,0.8236825715148909,0.4870326298339573,0.04028777581764076,0.040518961658054714,0.049646062619129495,0.05733483041264932,0.04641048530609815,0.048518899964219785,0.0,-0.01366967785916784,-0.0027130081662835037,-0.002587310029774914,-0.01366967785916784,-0.013438492018753856,-0.01207750264946978,-0.005845915707372654,-0.01920995567886545,-0.008696498031210774,0.06960764972476823,0.4554977029993137,0.0692750867626998,0.4593980841492332,-0.0003325629620684195,0.0039003811499195296
ood_yelp_rating,per_type,4,1000,0.631,0.6849574536768086,0.8263955796811744,0.4896199398637322,0.0539574536768086,0.05395745367680857,0.061723565268599276,0.06318074612002197,0.0656204409849636,0.05721539799543056,1000,0.631,0.6750176228836335,0.8242111067406277,0.4876742039038411,0.044017622883633534,0.04401762288363355,0.05324073674536326,0.05659282633980905,0.05056361221828421,0.04880107306246682,0.0,-0.009939830793175064,-0.002184472940546689,-0.001945735959891115,-0.009939830793175064,-0.009939830793175022,-0.008482828523236015,-0.006587919780212927,-0.015056828766679388,-0.008414324932963742,0.06960764972476823,0.4554977029993137,0.06935636431662064,0.45830638532254386,-0.00025128540814758904,0.0028086823232301716
ood_yelp_rating,per_type,5,1000,0.631,0.6849574536768086,0.8263955796811744,0.4896199398637322,0.0539574536768086,0.05395745367680857,0.061723565268599276,0.06318074612002197,0.0656204409849636,0.05721539799543056,1000,0.631,0.6919001329298179,0.8286254845051724,0.4911843921946111,0.060900132929817885,0.06090013292981803,0.07186116486132604,0.06578429990116996,0.07373133649800782,0.06641585018641905,0.0,0.006942679253009287,0.0022299048239979857,0.0015644523308788738,0.006942679253009287,0.006942679253009461,0.010137599592726768,0.002603553781147988,0.008110895513044225,0.009200452190988487,0.06960764972476823,0.4554977029993137,0.06981202389956911,0.45363437631059206,0.00020437417480088926,-0.0018633266887216338
ood_yelp_rating,per_type,6,1000,0.631,0.6849574536768086,0.8263955796811744,0.4896199398637322,0.0539574536768086,0.05395745367680857,0.061723565268599276,0.06318074612002197,0.0656204409849636,0.05721539799543056,1000,0.631,0.7158644055824813,0.8412677823300211,0.49790735750095394,0.08486440558248132,0.08486440558248143,0.09709480957739511,0.09719174908571089,0.08975526821148018,0.08924780015217715,0.0,0.03090695190567272,0.0148722026488467,0.008287417637221739,0.03090695190567272,0.030906951905672858,0.03537124430879583,0.034011002965688916,0.02413482722651658,0.03203240215674659,0.06960764972476823,0.4554977029993137,0.07068785574505078,0.4478145738324311,0.0010802060202825536,-0.007683129166882574
ood_yelp_rating,per_type,7,1000,0.631,0.6849574536768086,0.8263955796811744,0.4896199398637322,0.0539574536768086,0.05395745367680857,0.061723565268599276,0.06318074612002197,0.0656204409849636,0.05721539799543056,1000,0.631,0.6512994441665054,0.8233528748767773,0.48440656107463714,0.02029944416650542,0.029483094273146104,0.043638626425283246,0.04587009713497431,0.02794329596236755,0.0326362349347557,0.0,-0.03365800951030318,-0.003042704804397056,-0.005213378789095058,-0.03365800951030318,-0.024474359403662466,-0.01808493884331603,-0.017310648985047666,-0.037677145022596045,-0.024579163060674862,0.06960764972476823,0.4554977029993137,0.06896815672766747,0.4656170765515028,-0.0006394929971007546,0.010119373552189115
ood_yelp_rating,per_type,8,1000,0.631,0.6849574536768086,0.8263955796811744,0.4896199398637322,0.0539574536768086,0.05395745367680857,0.061723565268599276,0.06318074612002197,0.0656204409849636,0.05721539799543056,1000,0.631,0.6649274339979463,0.8231306692517854,0.4860491077186614,0.03392743399794629,0.03574223658470906,0.04461832350980633,0.05612199919228321,0.04007781463106628,0.04407089515375661,0.0,-0.02003001967886231,-0.003264910429389034,-0.0035708321450708125,-0.02003001967886231,-0.018215217092099507,-0.017105241758792945,-0.0070587469277387654,-0.02554262635389732,-0.013144502841673948,0.06960764972476823,0.4554977029993137,0.06915346827164927,0.4613105614349182,-0.00045418145311895697,0.005812858435604529
ood_yelp_rating,per_type,9,1000,0.631,0.6849574536768086,0.8263955796811744,0.4896199398637322,0.0539574536768086,0.05395745367680857,0.061723565268599276,0.06318074612002197,0.0656204409849636,0.05721539799543056,1000,0.631,0.6942628356825148,0.8295229297774093,0.49175566798388265,0.06326283568251478,0.06326283568251487,0.07395565311950152,0.0671990433206355,0.07481975232971606,0.0696289997452826,0.0,0.009305382005706186,0.003127350096234882,0.0021357281201504486,0.009305382005706186,0.009305382005706297,0.01223208785090224,0.00401829720061353,0.009199311344752464,0.012413601749852038,0.06960764972476823,0.4554977029993137,0.06988681224702453,0.4530211224188389,0.0002791625222563071,-0.0024765805804747854
ood_yelp_rating,per_type,10,1000,0.631,0.6849574536768086,0.8263955796811744,0.4896199398637322,0.0539574536768086,0.05395745367680857,0.061723565268599276,0.06318074612002197,0.0656204409849636,0.05721539799543056,1000,0.631,0.6894589519765024,0.8277729893021029,0.4906149163558582,0.058458951976502416,0.058458951976502485,0.06770191352801103,0.06580292376064673,0.07158030044512177,0.06126538620949333,0.0,0.004501498299693818,0.0013774096209284714,0.0009949764921259874,0.004501498299693818,0.004501498299693915,0.00597834825941175,0.002622177640624751,0.005959859460158173,0.004049988214062772,0.06960764972476823,0.4554977029993137,0.06973752331815679,0.45427607579294665,0.00012987359338856308,-0.0012216272063670375
ood_yelp_rating,per_type,11,1000,0.631,0.6849574536768086,0.8263955796811744,0.4896199398637322,0.0539574536768086,0.05395745367680857,0.061723565268599276,0.06318074612002197,0.0656204409849636,0.05721539799543056,1000,0.631,0.6613470725736819,0.8230076966559147,0.48555642448031905,0.030347072573681855,0.035051989823382756,0.04426709548840194,0.050470041911341884,0.03909384969451021,0.03757598733526847,0.0,-0.023610381103126743,-0.003387883025259719,-0.004063515383413152,-0.023610381103126743,-0.018905463853425813,-0.017456469780197333,-0.01271070420868009,-0.026526591290453386,-0.019639410660162088,0.06960764972476823,0.4554977029993137,0.06909466058246666,0.462413783488372,-0.0005129891423015648,0.006916080489058285
ood_yelp_rating,per_type,12,1000,0.631,0.6849574536768086,0.8263955796811744,0.4896199398637322,0.0539574536768086,0.05395745367680857,0.061723565268599276,0.06318074612002197,0.0656204409849636,0.05721539799543056,1000,0.631,0.702700760241663,0.8333292822549747,0.4939583241301922,0.07170076024166294,0.07170076024166283,0.08143078886571288,0.07853641439502816,0.08202633383197319,0.07376681465343152,0.0,0.017743306564854344,0.006933702573800327,0.004338384266459994,0.017743306564854344,0.01774330656485426,0.019707223597113604,0.015355668275006187,0.016405892847009593,0.01655141665800096,0.06960764972476823,0.4554977029993137,0.0701749799538034,0.45090507859839546,0.0005673302290351706,-0.004592624400918233
ood_yelp_rating,per_type,13,1000,0.631,0.6849574536768086,0.8263955796811744,0.4896199398637322,0.0539574536768086,0.05395745367680857,0.061723565268599276,0.06318074612002197,0.0656204409849636,0.05721539799543056,1000,0.631,0.672153816428722,0.8237915608337789,0.4871773142017578,0.04115381642872196,0.041169436831846276,0.05041229362091377,0.05784138678559941,0.04813904060833023,0.0475257503605224,0.0,-0.012803637248086641,-0.002604018847395473,-0.002442625661974396,-0.012803637248086641,-0.012788016844962294,-0.011311271647685507,-0.005339359334422568,-0.01748140037663337,-0.009689647634908156,0.06960764972476823,0.4554977029993137,0.06929331107991252,0.45914229654287364,-0.00031433864485570784,0.0036445935435599486
ood_yelp_rating,per_type,14,1000,0.631,0.6849574536768086,0.8263955796811744,0.4896199398637322,0.0539574536768086,0.05395745367680857,0.061723565268599276,0.06318074612002197,0.0656204409849636,0.05721539799543056,1000,0.631,0.6244263084741642,0.828867678444956,0.48299524659310317,-0.0065736915258357564,0.008279680854365744,0.02870738660491471,0.030834222551726204,0.019876776918614555,0.024321527119285525,0.0,-0.060531145202644354,0.002472098763781627,-0.006624693270629034,-0.060531145202644354,-0.04567777282244283,-0.033016178663684566,-0.032346523568295774,-0.04574366406634904,-0.03289387087614504,0.06960764972476823,0.4554977029993137,0.0689309439031978,0.47506323545065243,-0.0006767058215704225,0.01956553245133874
ood_yelp_rating,per_type,15,1000,0.631,0.6849574536768086,0.8263955796811744,0.4896199398637322,0.0539574536768086,0.05395745367680857,0.061723565268599276,0.06318074612002197,0.0656204409849636,0.05721539799543056,1000,0.631,0.6386643939114898,0.825151822804001,0.48344334954337365,0.007664393911489764,0.015927272674573757,0.04124470968253959,0.031138361008888435,0.024656820341684385,0.025638871858660824,0.0,-0.046293059765318834,-0.0012437568771733742,-0.006176590320358555,-0.046293059765318834,-0.03803018100223481,-0.020478855586059684,-0.03204238511113354,-0.040963620643279214,-0.031576526136769735,0.06960764972476823,0.4554977029993137,0.06889374525836404,0.4698929821999665,-0.0007139044664041805,0.01439527920065281
ood_yelp_rating,per_type,16,1000,0.631,0.6849574536768086,0.8263955796811744,0.4896199398637322,0.0539574536768086,0.05395745367680857,0.061723565268599276,0.06318074612002197,0.0656204409849636,0.05721539799543056,1000,0.631,0.627569369064591,0.8279005710780368,0.4830364471669261,-0.0034306309354089626,0.009772626858595113,0.03276648769182787,0.03315840898838784,0.01961977536510056,0.027610715196791202,0.0,-0.05738808461221756,0.0015049913968624429,-0.006583492696806081,-0.05738808461221756,-0.04418482681821346,-0.028957077576771406,-0.030022337131634137,-0.04600066561986304,-0.029604682798639356,0.06960764972476823,0.4554977029993137,0.06891120903201539,0.4738846704536059,-0.0006964406927528338,0.01838696745429219
ood_yelp_rating,per_type,17,1000,0.631,0.6849574536768086,0.8263955796811744,0.4896199398637322,0.0539574536768086,0.05395745367680857,0.061723565268599276,0.06318074612002197,0.0656204409849636,0.05721539799543056,1000,0.631,0.6527742956205975,0.8232401662920721,0.4845539467427466,0.021774295620597517,0.03059595920891696,0.044615064186429035,0.04651854927066641,0.03112053085554653,0.03298852619118334,0.0,-0.03218315805621108,-0.0031554133891023017,-0.005065993120985601,-0.03218315805621108,-0.02336149446789161,-0.01710850108217024,-0.016662196849355562,-0.03449991012941707,-0.02422687180424722,0.06960764972476823,0.4554977029993137,0.06898308766505773,0.4651357787285885,-0.0006245620597104956,0.009638075729274831
ood_yelp_rating,per_type,18,1000,0.631,0.6849574536768086,0.8263955796811744,0.4896199398637322,0.0539574536768086,0.05395745367680857,0.061723565268599276,0.06318074612002197,0.0656204409849636,0.05721539799543056,1000,0.631,0.6763072186421343,0.8244300446083491,0.4879072286718492,0.04530721864213427,0.0453072186421343,0.05416610775137831,0.057445267625253364,0.052660063828389975,0.05093515341338396,0.0,-0.008650235034674325,-0.001965535072825264,-0.0017127111918829874,-0.008650235034674325,-0.00865023503467427,-0.007557457517220964,-0.00573547849476861,-0.012960377156573624,-0.006280244582046596,0.06960764972476823,0.4554977029993137,0.06938614390976003,0.4579340887268371,-0.00022150581500819666,0.0024363857275234158
ood_yelp_rating,per_type,19,1000,0.631,0.6849574536768086,0.8263955796811744,0.4896199398637322,0.0539574536768086,0.05395745367680857,0.061723565268599276,0.06318074612002197,0.0656204409849636,0.05721539799543056,1000,0.631,0.6853934385840195,0.8265181305824131,0.48971318928535007,0.05439343858401946,0.05439343858401947,0.06410819443959012,0.06349437095871016,0.06800277630804696,0.05763276814935373,0.0,0.00043598490721086236,0.00012255090123869383,9.32494216178692e-05,0.00043598490721086236,0.00043598490721089705,0.0023846291709908457,0.0003136248386881868,0.002382335323083365,0.00041737015392317306,0.06960764972476823,0.4554977029993137,0.06961979804752036,0.4553782057041031,1.2148322752134066e-05,-0.00011949729521060215
