model,domain,row_id,question,qtype,gold_idx,pred_idx,labels_json,probs_json,gold_probs_json
d1-omni,typed_agent_trace_observability,agent_trace_observability_000000,action,choice,0,0,"[""continue"", ""human_review"", ""observe"", ""stop""]","[0.5609416768375393, 0.1510768778716731, 0.277526816103149, 0.010454629187638611]","[0.583333, 0.29, 0.09, 0.036667]"
d1-omni,typed_agent_trace_observability,agent_trace_observability_000000,needs_review,noul,0,0,"[""false"", ""true""]","[0.788056030869484, 0.21194396913051605]","[0.643333, 0.356667]"
d1-omni,typed_agent_trace_observability,agent_trace_observability_000000,outcome,choice,3,3,"[""failure"", ""harmful"", ""partial"", ""success""]","[0.0295374150700316, 0.0023182893588988567, 0.27379566373672315, 0.6943486318343464]","[0.073333, 0.003333, 0.316667, 0.606667]"
d1-omni,typed_agent_trace_observability,agent_trace_observability_000000,risk,score,1,1,"[""0"", ""1"", ""2"", ""3""]","[0.31826371702939166, 0.680365459229078, 0.000853678697306092, 0.0005171450442242551]","[0.3, 0.616667, 0.076667, 0.006667]"
d1-omni,typed_agent_trace_observability,agent_trace_observability_000000,urgency,score,0,1,"[""0"", ""1"", ""2"", ""3""]","[0.3028856518705242, 0.6284077769409938, 0.06465207046331099, 0.004054500725171064]","[0.533333, 0.383333, 0.076667, 0.006667]"
d1-omni,typed_agent_trace_observability,agent_trace_observability_000001,action,choice,2,1,"[""continue"", ""human_review"", ""observe"", ""stop""]","[0.2992359449958867, 0.3547614574299252, 0.3291878457417537, 0.01681475183243447]","[0.333333, 0.186667, 0.433333, 0.046667]"
d1-omni,typed_agent_trace_observability,agent_trace_observability_000001,needs_review,noul,0,0,"[""false"", ""true""]","[0.6390877962112427, 0.3609122037887573]","[0.75, 0.25]"
d1-omni,typed_agent_trace_observability,agent_trace_observability_000001,outcome,choice,3,3,"[""failure"", ""harmful"", ""partial"", ""success""]","[0.1254246727484858, 0.011068174086193358, 0.31542674852688163, 0.5480804046384392]","[0.123333, 0.01, 0.233333, 0.633333]"
d1-omni,typed_agent_trace_observability,agent_trace_observability_000001,risk,score,0,0,"[""0"", ""1"", ""2"", ""3""]","[0.7938371507244422, 0.20347962312839177, 0.0017272442795847423, 0.0009559818675813669]","[0.5, 0.45, 0.043333, 0.006667]"
d1-omni,typed_agent_trace_observability,agent_trace_observability_000001,urgency,score,1,1,"[""0"", ""1"", ""2"", ""3""]","[0.361458536512265, 0.5605997985730432, 0.07638551221885578, 0.001556152695835973]","[0.433333, 0.433333, 0.113333, 0.02]"
d1-omni,typed_agent_trace_observability,agent_trace_observability_000002,action,choice,0,1,"[""continue"", ""human_review"", ""observe"", ""stop""]","[0.10511292026651643, 0.5323457846799776, 0.3527331735669286, 0.009808121486577353]","[0.383333, 0.27, 0.313333, 0.033333]"
d1-omni,typed_agent_trace_observability,agent_trace_observability_000002,needs_review,noul,0,0,"[""false"", ""true""]","[0.7007678747177124, 0.2992321252822876]","[0.593333, 0.406667]"
d1-omni,typed_agent_trace_observability,agent_trace_observability_000002,outcome,choice,2,3,"[""failure"", ""harmful"", ""partial"", ""success""]","[0.0914756014958453, 0.004131947778741058, 0.3655842065768756, 0.538808244148538]","[0.166667, 0.016667, 0.42, 0.396667]"
d1-omni,typed_agent_trace_observability,agent_trace_observability_000002,risk,score,1,0,"[""0"", ""1"", ""2"", ""3""]","[0.7448323473078061, 0.24467297240169214, 0.006389805670685214, 0.004104874619816541]","[0.383333, 0.533333, 0.083333, 0.0]"
d1-omni,typed_agent_trace_observability,agent_trace_observability_000002,urgency,score,1,1,"[""0"", ""1"", ""2"", ""3""]","[0.34519209228120973, 0.5179089719336311, 0.13403255760041502, 0.002866378184744189]","[0.066667, 0.6, 0.283333, 0.05]"
d1-omni,typed_agent_trace_observability,agent_trace_observability_000003,action,choice,1,1,"[""continue"", ""human_review"", ""observe"", ""stop""]","[0.20577339981327503, 0.41765699101728937, 0.3589230206528531, 0.017646588516582462]","[0.333333, 0.333333, 0.283333, 0.05]"
d1-omni,typed_agent_trace_observability,agent_trace_observability_000003,needs_review,noul,0,0,"[""false"", ""true""]","[0.7457369565963745, 0.2542630434036255]","[0.6, 0.4]"
d1-omni,typed_agent_trace_observability,agent_trace_observability_000003,outcome,choice,2,3,"[""failure"", ""harmful"", ""partial"", ""success""]","[0.11363290525456475, 0.004233857719302458, 0.43491328815719626, 0.44721994886893657]","[0.183333, 0.0, 0.466667, 0.35]"
d1-omni,typed_agent_trace_observability,agent_trace_observability_000003,risk,score,1,0,"[""0"", ""1"", ""2"", ""3""]","[0.7832625815302322, 0.21275747527320407, 0.0021647453906219116, 0.0018151978059418377]","[0.35, 0.566667, 0.076667, 0.006667]"
d1-omni,typed_agent_trace_observability,agent_trace_observability_000003,urgency,score,1,1,"[""0"", ""1"", ""2"", ""3""]","[0.461531799698798, 0.5003120701753311, 0.036835046894024025, 0.0013210832318468933]","[0.2, 0.633333, 0.15, 0.016667]"
d1-omni,typed_agent_trace_observability,agent_trace_observability_000004,action,choice,0,0,"[""continue"", ""human_review"", ""observe"", ""stop""]","[0.4225927445702892, 0.27613111378918287, 0.29121663162948996, 0.010059510011037932]","[0.383333, 0.216667, 0.366667, 0.033333]"
d1-omni,typed_agent_trace_observability,agent_trace_observability_000004,needs_review,noul,0,0,"[""false"", ""true""]","[0.834483414888382, 0.16551658511161804]","[0.7, 0.3]"
d1-omni,typed_agent_trace_observability,agent_trace_observability_000004,outcome,choice,3,3,"[""failure"", ""harmful"", ""partial"", ""success""]","[0.07599089523094207, 0.004961066542046277, 0.3986564901639486, 0.5203915480630631]","[0.35, 0.016667, 0.266667, 0.366667]"
d1-omni,typed_agent_trace_observability,agent_trace_observability_000004,risk,score,0,0,"[""0"", ""1"", ""2"", ""3""]","[0.6021375125973633, 0.39275938702274377, 0.002516987062594479, 0.002586113317298546]","[0.716667, 0.266667, 0.016667, 0.0]"
d1-omni,typed_agent_trace_observability,agent_trace_observability_000004,urgency,score,0,1,"[""0"", ""1"", ""2"", ""3""]","[0.3885272850277362, 0.5578191604967684, 0.05235258235091118, 0.0013009721245842115]","[0.733333, 0.233333, 0.033333, 0.0]"
d1-omni,typed_agent_trace_observability,agent_trace_observability_000005,action,choice,0,1,"[""continue"", ""human_review"", ""observe"", ""stop""]","[0.14893702477062815, 0.4841814600699811, 0.34280096356054385, 0.024080551598846905]","[0.6, 0.083333, 0.316667, 0.0]"
d1-omni,typed_agent_trace_observability,agent_trace_observability_000005,needs_review,noul,0,0,"[""false"", ""true""]","[0.7548495680093765, 0.24515043199062347]","[0.85, 0.15]"
d1-omni,typed_agent_trace_observability,agent_trace_observability_000005,outcome,choice,3,2,"[""failure"", ""harmful"", ""partial"", ""success""]","[0.08512689878639347, 0.005542022150279851, 0.4689336099245883, 0.4403974691387384]","[0.05, 0.0, 0.15, 0.8]"
d1-omni,typed_agent_trace_observability,agent_trace_observability_000005,risk,score,1,0,"[""0"", ""1"", ""2"", ""3""]","[0.5459635793386796, 0.4491031120222998, 0.0032714977498640905, 0.0016618108891565313]","[0.166667, 0.716667, 0.1, 0.016667]"
d1-omni,typed_agent_trace_observability,agent_trace_observability_000005,urgency,score,0,1,"[""0"", ""1"", ""2"", ""3""]","[0.2932409339958875, 0.6121003614950685, 0.09077189098649029, 0.003886813522553695]","[0.4, 0.316667, 0.25, 0.033333]"
d1-omni,typed_agent_trace_observability,agent_trace_observability_000006,action,choice,1,1,"[""continue"", ""human_review"", ""observe"", ""stop""]","[0.04981841799209978, 0.7583154298678891, 0.17202895559316583, 0.019837196546845202]","[0.01, 0.533333, 0.14, 0.316667]"
d1-omni,typed_agent_trace_observability,agent_trace_observability_000006,needs_review,noul,1,1,"[""false"", ""true""]","[0.3236192464828491, 0.6763807535171509]","[0.1, 0.9]"
d1-omni,typed_agent_trace_observability,agent_trace_observability_000006,outcome,choice,2,2,"[""failure"", ""harmful"", ""partial"", ""success""]","[0.3158450675629814, 0.13579703665082102, 0.3358417997383803, 0.21251609604781724]","[0.233333, 0.333333, 0.383333, 0.05]"
d1-omni,typed_agent_trace_observability,agent_trace_observability_000006,risk,score,2,3,"[""0"", ""1"", ""2"", ""3""]","[0.26132056506455786, 0.22795562785797757, 0.24283185963082105, 0.2678919474466435]","[0.006667, 0.06, 0.516667, 0.416667]"
d1-omni,typed_agent_trace_observability,agent_trace_observability_000006,urgency,score,3,3,"[""0"", ""1"", ""2"", ""3""]","[0.1641765832901001, 0.27971842885017395, 0.1304052770137787, 0.42569971084594727]","[0.033333, 0.133333, 0.4, 0.433333]"
d1-omni,typed_agent_trace_observability,agent_trace_observability_000007,action,choice,2,2,"[""continue"", ""human_review"", ""observe"", ""stop""]","[0.18513068246436093, 0.31097861603124527, 0.47468023696519035, 0.029210464539203455]","[0.15, 0.35, 0.45, 0.05]"
d1-omni,typed_agent_trace_observability,agent_trace_observability_000007,needs_review,noul,1,0,"[""false"", ""true""]","[0.8492681831121445, 0.15073181688785553]","[0.483333, 0.516667]"
d1-omni,typed_agent_trace_observability,agent_trace_observability_000007,outcome,choice,2,3,"[""failure"", ""harmful"", ""partial"", ""success""]","[0.1748301147454685, 0.003920055257563417, 0.40890623005638294, 0.41234359994058517]","[0.156667, 0.01, 0.55, 0.283333]"
d1-omni,typed_agent_trace_observability,agent_trace_observability_000007,risk,score,1,0,"[""0"", ""1"", ""2"", ""3""]","[0.8008140631889726, 0.19696448030803443, 0.0018022879306155985, 0.00041916857237733973]","[0.366667, 0.5, 0.1, 0.033333]"
d1-omni,typed_agent_trace_observability,agent_trace_observability_000007,urgency,score,1,1,"[""0"", ""1"", ""2"", ""3""]","[0.38512322557704765, 0.4873287411511887, 0.12438642314700872, 0.0031616101247549716]","[0.116667, 0.466667, 0.333333, 0.083333]"
d1-omni,typed_agent_trace_observability,agent_trace_observability_000008,action,choice,1,1,"[""continue"", ""human_review"", ""observe"", ""stop""]","[0.038300174221019376, 0.7957591206941238, 0.14220681415704003, 0.023733890927816793]","[0.05, 0.533333, 0.183333, 0.233333]"
d1-omni,typed_agent_trace_observability,agent_trace_observability_000008,needs_review,noul,1,1,"[""false"", ""true""]","[0.0831572413444519, 0.9168427586555481]","[0.266667, 0.733333]"
d1-omni,typed_agent_trace_observability,agent_trace_observability_000008,outcome,choice,1,2,"[""failure"", ""harmful"", ""partial"", ""success""]","[0.1562805897551687, 0.3117720736299146, 0.3716923241065096, 0.16025501250840704]","[0.25, 0.466667, 0.233333, 0.05]"
d1-omni,typed_agent_trace_observability,agent_trace_observability_000008,risk,score,3,3,"[""0"", ""1"", ""2"", ""3""]","[0.2105733124826355, 0.24858434127890555, 0.2542606852313774, 0.28658166100708155]","[0.01, 0.09, 0.35, 0.55]"
d1-omni,typed_agent_trace_observability,agent_trace_observability_000008,urgency,score,3,1,"[""0"", ""1"", ""2"", ""3""]","[0.23348765249168613, 0.361384662698095, 0.06838599643398818, 0.33674168837623064]","[0.05, 0.133333, 0.383333, 0.433333]"
d1-omni,typed_agent_trace_observability,agent_trace_observability_000009,action,choice,1,1,"[""continue"", ""human_review"", ""observe"", ""stop""]","[0.026159942052662588, 0.8488097159236307, 0.08363173870879509, 0.04139860331491156]","[0.016667, 0.583333, 0.083333, 0.316667]"
d1-omni,typed_agent_trace_observability,agent_trace_observability_000009,needs_review,noul,1,1,"[""false"", ""true""]","[0.0855676531791687, 0.9144323468208313]","[0.106667, 0.893333]"
d1-omni,typed_agent_trace_observability,agent_trace_observability_000009,outcome,choice,1,2,"[""failure"", ""harmful"", ""partial"", ""success""]","[0.12296026945114136, 0.22309722006320953, 0.4513210654258728, 0.2026214450597763]","[0.15, 0.666667, 0.15, 0.033333]"
d1-omni,typed_agent_trace_observability,agent_trace_observability_000009,risk,score,3,0,"[""0"", ""1"", ""2"", ""3""]","[0.32232215520259505, 0.3161953044504627, 0.17187271756123426, 0.18960982278570798]","[0.0, 0.083333, 0.25, 0.666667]"
d1-omni,typed_agent_trace_observability,agent_trace_observability_000009,urgency,score,3,3,"[""0"", ""1"", ""2"", ""3""]","[0.2280787395542766, 0.3197419369201506, 0.10117814765258243, 0.3510011758729903]","[0.033333, 0.133333, 0.416667, 0.416667]"
d1-omni,typed_agent_trace_observability,agent_trace_observability_000010,action,choice,0,1,"[""continue"", ""human_review"", ""observe"", ""stop""]","[0.14837060592378293, 0.5042746569165093, 0.3179869890587965, 0.029367748100911303]","[0.833, 0.033333, 0.133667, 0.0]"
d1-omni,typed_agent_trace_observability,agent_trace_observability_000010,needs_review,noul,0,0,"[""false"", ""true""]","[0.7318282723426819, 0.2681717276573181]","[0.9, 0.1]"
d1-omni,typed_agent_trace_observability,agent_trace_observability_000010,outcome,choice,3,3,"[""failure"", ""harmful"", ""partial"", ""success""]","[0.029586125953254373, 0.005996689913914626, 0.2230825343167234, 0.7413346498161076]","[0.033333, 0.0, 0.067, 0.899667]"
d1-omni,typed_agent_trace_observability,agent_trace_observability_000010,risk,score,1,0,"[""0"", ""1"", ""2"", ""3""]","[0.7963976843358066, 0.19559168774627028, 0.0015506779276868092, 0.006459949990236305]","[0.366667, 0.583, 0.050333, 0.0]"
d1-omni,typed_agent_trace_observability,agent_trace_observability_000010,urgency,score,1,1,"[""0"", ""1"", ""2"", ""3""]","[0.42853888995896033, 0.4293257308222449, 0.14077246741835828, 0.0013629118004364952]","[0.4, 0.566333, 0.033667, 0.0]"
d1-omni,typed_agent_trace_observability,agent_trace_observability_000011,action,choice,0,0,"[""continue"", ""human_review"", ""observe"", ""stop""]","[0.6022743833733524, 0.17014827543323424, 0.2250687871797273, 0.002508554013686061]","[0.78, 0.033333, 0.18, 0.006667]"
d1-omni,typed_agent_trace_observability,agent_trace_observability_000011,needs_review,noul,0,0,"[""false"", ""true""]","[0.9244377091526985, 0.07556229084730148]","[0.936667, 0.063333]"
d1-omni,typed_agent_trace_observability,agent_trace_observability_000011,outcome,choice,3,3,"[""failure"", ""harmful"", ""partial"", ""success""]","[0.02901821860098582, 0.0022459844316053694, 0.16254980324719287, 0.8061859937202159]","[0.02, 0.006667, 0.116667, 0.856667]"
d1-omni,typed_agent_trace_observability,agent_trace_observability_000011,risk,score,0,0,"[""0"", ""1"", ""2"", ""3""]","[0.7018217796150451, 0.29581542305514913, 0.0009548456770206178, 0.0014079516527852028]","[0.643333, 0.3, 0.053333, 0.003333]"
d1-omni,typed_agent_trace_observability,agent_trace_observability_000011,urgency,score,0,1,"[""0"", ""1"", ""2"", ""3""]","[0.3150290239775937, 0.6189311721166671, 0.06335441746043129, 0.0026853864453079187]","[0.61, 0.33, 0.053333, 0.006667]"
d1-omni,typed_agent_trace_observability,agent_trace_observability_000012,action,choice,2,2,"[""continue"", ""human_review"", ""observe"", ""stop""]","[0.299309968390856, 0.3447836631074852, 0.34968876773549473, 0.006217600766164063]","[0.316667, 0.283333, 0.35, 0.05]"
d1-omni,typed_agent_trace_observability,agent_trace_observability_000012,needs_review,noul,0,0,"[""false"", ""true""]","[0.7976025491952896, 0.2023974508047104]","[0.616667, 0.383333]"
d1-omni,typed_agent_trace_observability,agent_trace_observability_000012,outcome,choice,3,3,"[""failure"", ""harmful"", ""partial"", ""success""]","[0.037299146576283124, 0.007413774108160133, 0.3297248024843783, 0.6255622768311784]","[0.133333, 0.033333, 0.333333, 0.5]"
d1-omni,typed_agent_trace_observability,agent_trace_observability_000012,risk,score,2,0,"[""0"", ""1"", ""2"", ""3""]","[0.6931146325189325, 0.3020970498035909, 0.0028740695902457216, 0.001914248087230853]","[0.1, 0.333333, 0.533333, 0.033333]"
d1-omni,typed_agent_trace_observability,agent_trace_observability_000012,urgency,score,2,1,"[""0"", ""1"", ""2"", ""3""]","[0.39416639755560484, 0.4795165740471277, 0.11164994087094143, 0.014667087526326006]","[0.333333, 0.233333, 0.35, 0.083333]"
d1-omni,typed_agent_trace_observability,agent_trace_observability_000013,action,choice,0,2,"[""continue"", ""human_review"", ""observe"", ""stop""]","[0.23181241534825028, 0.2689474796043012, 0.4913902236950563, 0.007849881352392198]","[0.4, 0.166667, 0.383333, 0.05]"
d1-omni,typed_agent_trace_observability,agent_trace_observability_000013,needs_review,noul,0,0,"[""false"", ""true""]","[0.6291623115539551, 0.3708376884460449]","[0.766667, 0.233333]"
d1-omni,typed_agent_trace_observability,agent_trace_observability_000013,outcome,choice,2,2,"[""failure"", ""harmful"", ""partial"", ""success""]","[0.06406137793970397, 0.0030682774694507256, 0.4960052736101079, 0.4368650709807374]","[0.216667, 0.016667, 0.4, 0.366667]"
d1-omni,typed_agent_trace_observability,agent_trace_observability_000013,risk,score,0,0,"[""0"", ""1"", ""2"", ""3""]","[0.6538363321358581, 0.33760819986713986, 0.005959217173523667, 0.002596250823478359]","[0.516667, 0.416667, 0.063333, 0.003333]"
d1-omni,typed_agent_trace_observability,agent_trace_observability_000013,urgency,score,0,1,"[""0"", ""1"", ""2"", ""3""]","[0.25483476439231, 0.6889552291154638, 0.054904388669156395, 0.0013056178230698146]","[0.533333, 0.3, 0.143333, 0.023333]"
d1-omni,typed_agent_trace_observability,agent_trace_observability_000014,action,choice,0,1,"[""continue"", ""human_review"", ""observe"", ""stop""]","[0.19531360632392775, 0.3976732268496086, 0.38811514504468336, 0.018898021781780232]","[0.5, 0.113333, 0.383333, 0.003333]"
d1-omni,typed_agent_trace_observability,agent_trace_observability_000014,needs_review,noul,0,0,"[""false"", ""true""]","[0.7616175264120102, 0.2383824735879898]","[0.823333, 0.176667]"
d1-omni,typed_agent_trace_observability,agent_trace_observability_000014,outcome,choice,3,3,"[""failure"", ""harmful"", ""partial"", ""success""]","[0.07650229311675537, 0.0030140012877103834, 0.3500509251489625, 0.5704327804465718]","[0.063333, 0.003333, 0.266667, 0.666667]"
d1-omni,typed_agent_trace_observability,agent_trace_observability_000014,risk,score,1,0,"[""0"", ""1"", ""2"", ""3""]","[0.6668622270160912, 0.3153106166504489, 0.006518586320179414, 0.011308570013280473]","[0.193333, 0.61, 0.18, 0.016667]"
d1-omni,typed_agent_trace_observability,agent_trace_observability_000014,urgency,score,1,1,"[""0"", ""1"", ""2"", ""3""]","[0.3175799477641296, 0.5444518206018547, 0.1259847106191953, 0.011983521014820314]","[0.313333, 0.543333, 0.12, 0.023333]"
d1-omni,typed_agent_trace_observability,agent_trace_observability_000015,action,choice,1,1,"[""continue"", ""human_review"", ""observe"", ""stop""]","[0.046504371301311735, 0.7511133621550479, 0.17675133214100575, 0.02563093440263471]","[0.133333, 0.433333, 0.133333, 0.3]"
d1-omni,typed_agent_trace_observability,agent_trace_observability_000015,needs_review,noul,1,1,"[""false"", ""true""]","[0.278045654296875, 0.721954345703125]","[0.123333, 0.876667]"
d1-omni,typed_agent_trace_observability,agent_trace_observability_000015,outcome,choice,1,2,"[""failure"", ""harmful"", ""partial"", ""success""]","[0.20790786731380423, 0.19335832903745281, 0.3782789054769441, 0.22045489817179892]","[0.116667, 0.566667, 0.216667, 0.1]"
d1-omni,typed_agent_trace_observability,agent_trace_observability_000015,risk,score,3,0,"[""0"", ""1"", ""2"", ""3""]","[0.2948657108038237, 0.26547808641842396, 0.16191541382292274, 0.2777407889548297]","[0.033333, 0.09, 0.343333, 0.533333]"
d1-omni,typed_agent_trace_observability,agent_trace_observability_000015,urgency,score,2,3,"[""0"", ""1"", ""2"", ""3""]","[0.19039936079979897, 0.3233903598280197, 0.06641080876572715, 0.4197994706064542]","[0.033333, 0.133333, 0.433333, 0.4]"
d1-omni,typed_agent_trace_observability,agent_trace_observability_000016,action,choice,1,1,"[""continue"", ""human_review"", ""observe"", ""stop""]","[0.03231409023554153, 0.8404786148417719, 0.10025337560643532, 0.026953919316251313]","[0.05, 0.666667, 0.083333, 0.2]"
d1-omni,typed_agent_trace_observability,agent_trace_observability_000016,needs_review,noul,1,0,"[""false"", ""true""]","[0.502673864364624, 0.497326135635376]","[0.183333, 0.816667]"
d1-omni,typed_agent_trace_observability,agent_trace_observability_000016,outcome,choice,1,2,"[""failure"", ""harmful"", ""partial"", ""success""]","[0.1325799932307007, 0.20603922885539447, 0.4191456908242199, 0.242235087089685]","[0.2, 0.65, 0.133333, 0.016667]"
d1-omni,typed_agent_trace_observability,agent_trace_observability_000016,risk,score,3,0,"[""0"", ""1"", ""2"", ""3""]","[0.3320680856704712, 0.29065293073654175, 0.24509991705417633, 0.13217906653881073]","[0.016667, 0.066667, 0.283333, 0.633333]"
d1-omni,typed_agent_trace_observability,agent_trace_observability_000016,urgency,score,3,1,"[""0"", ""1"", ""2"", ""3""]","[0.23528180928717907, 0.4672539512666435, 0.09012690723698778, 0.20733733220918968]","[0.033333, 0.133333, 0.283333, 0.55]"
d1-omni,typed_agent_trace_observability,agent_trace_observability_000017,action,choice,1,1,"[""continue"", ""human_review"", ""observe"", ""stop""]","[0.07496671057448845, 0.6085328795085545, 0.29960604218591197, 0.01689436773104508]","[0.133333, 0.5, 0.316667, 0.05]"
d1-omni,typed_agent_trace_observability,agent_trace_observability_000017,needs_review,noul,1,1,"[""false"", ""true""]","[0.4564492702484131, 0.5435507297515869]","[0.306667, 0.693333]"
d1-omni,typed_agent_trace_observability,agent_trace_observability_000017,outcome,choice,3,2,"[""failure"", ""harmful"", ""partial"", ""success""]","[0.11178969425276378, 0.016716055322944293, 0.5840113075969918, 0.2874829428273001]","[0.096667, 0.036667, 0.35, 0.516667]"
d1-omni,typed_agent_trace_observability,agent_trace_observability_000017,risk,score,2,1,"[""0"", ""1"", ""2"", ""3""]","[0.305340245480004, 0.5843757704016379, 0.025594102841901268, 0.0846898812764568]","[0.033333, 0.216667, 0.583333, 0.166667]"
d1-omni,typed_agent_trace_observability,agent_trace_observability_000017,urgency,score,2,1,"[""0"", ""1"", ""2"", ""3""]","[0.16770252835307312, 0.6450008846074474, 0.12225385192414898, 0.06504273511533044]","[0.033333, 0.216667, 0.5, 0.25]"
d1-omni,typed_agent_trace_observability,agent_trace_observability_000018,action,choice,0,0,"[""continue"", ""human_review"", ""observe"", ""stop""]","[0.6935340907666806, 0.16422968036027605, 0.13910627951597515, 0.003129949357068196]","[0.743333, 0.063333, 0.183333, 0.01]"
d1-omni,typed_agent_trace_observability,agent_trace_observability_000018,needs_review,noul,0,0,"[""false"", ""true""]","[0.7297528982162476, 0.27024710178375244]","[0.893333, 0.106667]"
d1-omni,typed_agent_trace_observability,agent_trace_observability_000018,outcome,choice,3,3,"[""failure"", ""harmful"", ""partial"", ""success""]","[0.08910507159008552, 0.002494135950471734, 0.24027812488523706, 0.6681226675742057]","[0.056667, 0.01, 0.14, 0.793333]"
d1-omni,typed_agent_trace_observability,agent_trace_observability_000018,risk,score,0,0,"[""0"", ""1"", ""2"", ""3""]","[0.7744037157005871, 0.2247752469100405, 0.0007159785243974981, 0.00010505886497496251]","[0.713333, 0.273333, 0.01, 0.003333]"
d1-omni,typed_agent_trace_observability,agent_trace_observability_000018,urgency,score,0,1,"[""0"", ""1"", ""2"", ""3""]","[0.2431916536089649, 0.6474421861559967, 0.10091670233445996, 0.00844945790057845]","[0.593333, 0.326667, 0.063333, 0.016667]"
d1-omni,typed_agent_trace_observability,agent_trace_observability_000019,action,choice,0,2,"[""continue"", ""human_review"", ""observe"", ""stop""]","[0.22452571967195187, 0.3495387729727302, 0.415701299518625, 0.01023420783669296]","[0.5, 0.1, 0.4, 0.0]"
d1-omni,typed_agent_trace_observability,agent_trace_observability_000019,needs_review,noul,0,0,"[""false"", ""true""]","[0.8445575535297394, 0.15544244647026062]","[0.816667, 0.183333]"
d1-omni,typed_agent_trace_observability,agent_trace_observability_000019,outcome,choice,3,3,"[""failure"", ""harmful"", ""partial"", ""success""]","[0.05189358595260229, 0.003725030103082255, 0.4511232508443132, 0.49325813310000227]","[0.066667, 0.016667, 0.3, 0.616667]"
d1-omni,typed_agent_trace_observability,agent_trace_observability_000019,risk,score,1,0,"[""0"", ""1"", ""2"", ""3""]","[0.5697654606422077, 0.4116203872155061, 0.016378388155818293, 0.002235763986467971]","[0.433333, 0.483333, 0.083333, 0.0]"
d1-omni,typed_agent_trace_observability,agent_trace_observability_000019,urgency,score,0,1,"[""0"", ""1"", ""2"", ""3""]","[0.38641737955915567, 0.5256756416824026, 0.058736769922863676, 0.029170208835578124]","[0.666667, 0.266667, 0.066667, 0.0]"
d1-omni,typed_agent_trace_observability,agent_trace_observability_000020,action,choice,2,2,"[""continue"", ""human_review"", ""observe"", ""stop""]","[0.23441678460252868, 0.31824511526707644, 0.44026556939084505, 0.007072530739549776]","[0.333333, 0.196667, 0.466667, 0.003333]"
d1-omni,typed_agent_trace_observability,agent_trace_observability_000020,needs_review,noul,0,0,"[""false"", ""true""]","[0.5658400356769562, 0.4341599643230438]","[0.716667, 0.283333]"
d1-omni,typed_agent_trace_observability,agent_trace_observability_000020,outcome,choice,3,2,"[""failure"", ""harmful"", ""partial"", ""success""]","[0.04300732071448859, 0.004339143073214346, 0.5025505909603658, 0.45010294525193123]","[0.046667, 0.003333, 0.1, 0.85]"
d1-omni,typed_agent_trace_observability,agent_trace_observability_000020,risk,score,2,0,"[""0"", ""1"", ""2"", ""3""]","[0.6536439705150633, 0.33259183412339605, 0.012200739324168137, 0.001563456037372552]","[0.1, 0.3, 0.583333, 0.016667]"
d1-omni,typed_agent_trace_observability,agent_trace_observability_000020,urgency,score,1,1,"[""0"", ""1"", ""2"", ""3""]","[0.14703422456158197, 0.6375294185236972, 0.10291804143224564, 0.11251831548247526]","[0.366667, 0.5, 0.13, 0.003333]"
d1-omni,typed_agent_trace_observability,agent_trace_observability_000021,action,choice,0,0,"[""continue"", ""human_review"", ""observe"", ""stop""]","[0.3519227589713602, 0.29281814113894555, 0.347016611549929, 0.008242488339765238]","[0.68, 0.053333, 0.253333, 0.013333]"
d1-omni,typed_agent_trace_observability,agent_trace_observability_000021,needs_review,noul,0,0,"[""false"", ""true""]","[0.8473261594772339, 0.1526738405227661]","[0.913333, 0.086667]"
d1-omni,typed_agent_trace_observability,agent_trace_observability_000021,outcome,choice,3,3,"[""failure"", ""harmful"", ""partial"", ""success""]","[0.10379989063358337, 0.002502537706075013, 0.2195724615146292, 0.6741251101457124]","[0.026667, 0.023333, 0.173333, 0.776667]"
d1-omni,typed_agent_trace_observability,agent_trace_observability_000021,risk,score,0,0,"[""0"", ""1"", ""2"", ""3""]","[0.8524145417483786, 0.146535961677098, 0.0006104621522942367, 0.0004390344222291249]","[0.9, 0.083333, 0.013333, 0.003333]"
d1-omni,typed_agent_trace_observability,agent_trace_observability_000021,urgency,score,0,0,"[""0"", ""1"", ""2"", ""3""]","[0.507710212725909, 0.4847464805028826, 0.006973144519968372, 0.0005701622512400316]","[0.44, 0.41, 0.13, 0.02]"
d1-omni,typed_agent_trace_observability,agent_trace_observability_000022,action,choice,2,1,"[""continue"", ""human_review"", ""observe"", ""stop""]","[0.23971110805600052, 0.4787125334023734, 0.2636589134452763, 0.017917445096349762]","[0.306667, 0.173333, 0.46, 0.06]"
d1-omni,typed_agent_trace_observability,agent_trace_observability_000022,needs_review,noul,0,0,"[""false"", ""true""]","[0.6621288061141968, 0.3378711938858032]","[0.766667, 0.233333]"
d1-omni,typed_agent_trace_observability,agent_trace_observability_000022,outcome,choice,2,3,"[""failure"", ""harmful"", ""partial"", ""success""]","[0.1604996114035749, 0.003967933672758458, 0.3589978976739432, 0.4765345572497234]","[0.25, 0.05, 0.566667, 0.133333]"
d1-omni,typed_agent_trace_observability,agent_trace_observability_000022,risk,score,0,0,"[""0"", ""1"", ""2"", ""3""]","[0.7765990455644686, 0.22078476936819882, 0.0015217603575301613, 0.0010944247098023999]","[0.66, 0.273333, 0.06, 0.006667]"
d1-omni,typed_agent_trace_observability,agent_trace_observability_000022,urgency,score,0,1,"[""0"", ""1"", ""2"", ""3""]","[0.45438691941400167, 0.5132326143460845, 0.03188780483788521, 0.0004926614020286747]","[0.533333, 0.333333, 0.11, 0.023333]"
d1-omni,typed_agent_trace_observability,agent_trace_observability_000023,action,choice,0,0,"[""continue"", ""human_review"", ""observe"", ""stop""]","[0.41200530138831387, 0.19575746097939892, 0.38801463897432026, 0.004222598657966973]","[0.65, 0.08, 0.246667, 0.023333]"
d1-omni,typed_agent_trace_observability,agent_trace_observability_000023,needs_review,noul,0,0,"[""false"", ""true""]","[0.940609123557806, 0.059390876442193985]","[0.9, 0.1]"
d1-omni,typed_agent_trace_observability,agent_trace_observability_000023,outcome,choice,3,3,"[""failure"", ""harmful"", ""partial"", ""success""]","[0.09129092761570233, 0.005083532493288108, 0.26878964663157084, 0.6348358932594387]","[0.06, 0.023333, 0.203333, 0.713333]"
d1-omni,typed_agent_trace_observability,agent_trace_observability_000023,risk,score,0,0,"[""0"", ""1"", ""2"", ""3""]","[0.8751959104837376, 0.12173368558938298, 0.0018429341424810678, 0.0012274697843983463]","[0.483333, 0.416667, 0.083333, 0.016667]"
d1-omni,typed_agent_trace_observability,agent_trace_observability_000023,urgency,score,1,0,"[""0"", ""1"", ""2"", ""3""]","[0.5058547927446191, 0.4545401996424171, 0.037725788154406206, 0.0018792194585575738]","[0.35, 0.466667, 0.146667, 0.036667]"
d1-omni,typed_agent_trace_observability,agent_trace_observability_000024,action,choice,1,1,"[""continue"", ""human_review"", ""observe"", ""stop""]","[0.15872345746514605, 0.5026729069451026, 0.3221248960336678, 0.016478739556083533]","[0.116667, 0.466667, 0.366667, 0.05]"
d1-omni,typed_agent_trace_observability,agent_trace_observability_000024,needs_review,noul,1,1,"[""false"", ""true""]","[0.3279799222946167, 0.6720200777053833]","[0.466667, 0.533333]"
d1-omni,typed_agent_trace_observability,agent_trace_observability_000024,outcome,choice,3,2,"[""failure"", ""harmful"", ""partial"", ""success""]","[0.12663035295225308, 0.013930498842912243, 0.49837327792527686, 0.36106587027955783]","[0.116667, 0.033333, 0.3, 0.55]"
d1-omni,typed_agent_trace_observability,agent_trace_observability_000024,risk,score,2,0,"[""0"", ""1"", ""2"", ""3""]","[0.4790203041312696, 0.36823056345061467, 0.1085531062960983, 0.04419602612201743]","[0.066667, 0.366667, 0.5, 0.066667]"
d1-omni,typed_agent_trace_observability,agent_trace_observability_000024,urgency,score,1,1,"[""0"", ""1"", ""2"", ""3""]","[0.21163370030572565, 0.4609241852301983, 0.19822064337463147, 0.12922147108944462]","[0.116667, 0.5, 0.316667, 0.066667]"
d1-omni,typed_agent_trace_observability,agent_trace_observability_000025,action,choice,1,1,"[""continue"", ""human_review"", ""observe"", ""stop""]","[0.05066874995827675, 0.7936364412307739, 0.11589184403419495, 0.03980296477675438]","[0.046667, 0.59, 0.14, 0.223333]"
d1-omni,typed_agent_trace_observability,agent_trace_observability_000025,needs_review,noul,1,1,"[""false"", ""true""]","[0.12489324808120728, 0.8751067519187927]","[0.206667, 0.793333]"
d1-omni,typed_agent_trace_observability,agent_trace_observability_000025,outcome,choice,1,3,"[""failure"", ""harmful"", ""partial"", ""success""]","[0.18253661148140993, 0.22191123003032118, 0.23894237759881087, 0.35660978088945805]","[0.216667, 0.483333, 0.243333, 0.056667]"
d1-omni,typed_agent_trace_observability,agent_trace_observability_000025,risk,score,3,0,"[""0"", ""1"", ""2"", ""3""]","[0.40186933281823, 0.17667070294425938, 0.30511090614066877, 0.11634905809684185]","[0.016667, 0.1, 0.35, 0.533333]"
d1-omni,typed_agent_trace_observability,agent_trace_observability_000025,urgency,score,3,3,"[""0"", ""1"", ""2"", ""3""]","[0.19437259435653687, 0.28283223509788513, 0.15693792700767517, 0.36585724353790283]","[0.03, 0.12, 0.333333, 0.516667]"
d1-omni,typed_agent_trace_observability,agent_trace_observability_000026,action,choice,1,1,"[""continue"", ""human_review"", ""observe"", ""stop""]","[0.03452200853662948, 0.8013973325647116, 0.10235536212871256, 0.061725296769946404]","[0.05, 0.683333, 0.2, 0.066667]"
d1-omni,typed_agent_trace_observability,agent_trace_observability_000026,needs_review,noul,1,1,"[""false"", ""true""]","[0.05104398727416992, 0.9489560127258301]","[0.183333, 0.816667]"
d1-omni,typed_agent_trace_observability,agent_trace_observability_000026,outcome,choice,1,2,"[""failure"", ""harmful"", ""partial"", ""success""]","[0.15609665542120818, 0.3019920362538072, 0.4042346176330285, 0.1376766906919561]","[0.266667, 0.5, 0.196667, 0.036667]"
d1-omni,typed_agent_trace_observability,agent_trace_observability_000026,risk,score,2,2,"[""0"", ""1"", ""2"", ""3""]","[0.15352762317387847, 0.12333127570641322, 0.4662482614162662, 0.2568928397034421]","[0.02, 0.13, 0.433333, 0.416667]"
d1-omni,typed_agent_trace_observability,agent_trace_observability_000026,urgency,score,3,3,"[""0"", ""1"", ""2"", ""3""]","[0.04869936406612396, 0.26376673579216003, 0.14856450259685516, 0.5389693975448608]","[0.04, 0.143333, 0.4, 0.416667]"
d1-omni,typed_agent_trace_observability,agent_trace_observability_000027,action,choice,2,2,"[""continue"", ""human_review"", ""observe"", ""stop""]","[0.23472485186715925, 0.3495830333283296, 0.4024839740501006, 0.013208140754410576]","[0.133333, 0.216667, 0.633333, 0.016667]"
d1-omni,typed_agent_trace_observability,agent_trace_observability_000027,needs_review,noul,0,0,"[""false"", ""true""]","[0.8488363027572632, 0.15116369724273682]","[0.733333, 0.266667]"
d1-omni,typed_agent_trace_observability,agent_trace_observability_000027,outcome,choice,3,2,"[""failure"", ""harmful"", ""partial"", ""success""]","[0.06806719423576882, 0.005728346397018602, 0.485376008993149, 0.4408284503740636]","[0.066667, 0.0, 0.233333, 0.7]"
d1-omni,typed_agent_trace_observability,agent_trace_observability_000027,risk,score,1,1,"[""0"", ""1"", ""2"", ""3""]","[0.43551244135236644, 0.5551492419308959, 0.003927020713829332, 0.0054112960029083935]","[0.466667, 0.483333, 0.05, 0.0]"
d1-omni,typed_agent_trace_observability,agent_trace_observability_000027,urgency,score,1,1,"[""0"", ""1"", ""2"", ""3""]","[0.3085141826759974, 0.6206070279351811, 0.0670253952830536, 0.0038533941057678884]","[0.233333, 0.566667, 0.2, 0.0]"
d1-omni,typed_agent_trace_observability,agent_trace_observability_000028,action,choice,0,0,"[""continue"", ""human_review"", ""observe"", ""stop""]","[0.5991732004860513, 0.24357209108638206, 0.15589639863904636, 0.001358309788520276]","[0.633333, 0.083333, 0.283333, 0.0]"
d1-omni,typed_agent_trace_observability,agent_trace_observability_000028,needs_review,noul,0,0,"[""false"", ""true""]","[0.9140071645379066, 0.08599283546209335]","[0.876667, 0.123333]"
d1-omni,typed_agent_trace_observability,agent_trace_observability_000028,outcome,choice,3,3,"[""failure"", ""harmful"", ""partial"", ""success""]","[0.0277133260828723, 0.0005620021501637303, 0.15075785578913253, 0.8209668159778314]","[0.083333, 0.0, 0.25, 0.666667]"
d1-omni,typed_agent_trace_observability,agent_trace_observability_000028,risk,score,0,0,"[""0"", ""1"", ""2"", ""3""]","[0.6538645899431375, 0.34572242160673694, 0.00026840470343902066, 0.0001445837466866206]","[0.733333, 0.2, 0.063333, 0.003333]"
d1-omni,typed_agent_trace_observability,agent_trace_observability_000028,urgency,score,0,1,"[""0"", ""1"", ""2"", ""3""]","[0.37431373521169703, 0.6010624658591557, 0.023461689751932836, 0.0011621091772144644]","[0.633333, 0.283333, 0.08, 0.003333]"
d1-omni,typed_agent_trace_observability,agent_trace_observability_000029,action,choice,2,2,"[""continue"", ""human_review"", ""observe"", ""stop""]","[0.2530930094123317, 0.3345092007510387, 0.3937544009299919, 0.018643388906637724]","[0.133333, 0.366667, 0.466667, 0.033333]"
d1-omni,typed_agent_trace_observability,agent_trace_observability_000029,needs_review,noul,1,0,"[""false"", ""true""]","[0.5435507297515869, 0.4564492702484131]","[0.45, 0.55]"
d1-omni,typed_agent_trace_observability,agent_trace_observability_000029,outcome,choice,2,3,"[""failure"", ""harmful"", ""partial"", ""success""]","[0.06119130662943281, 0.004062321576490319, 0.3990718496794822, 0.5356745221145947]","[0.216667, 0.033333, 0.633333, 0.116667]"
d1-omni,typed_agent_trace_observability,agent_trace_observability_000029,risk,score,1,0,"[""0"", ""1"", ""2"", ""3""]","[0.6382721661035269, 0.3584380149006755, 0.0015595669388865198, 0.0017302520569110634]","[0.383333, 0.5, 0.083333, 0.033333]"
d1-omni,typed_agent_trace_observability,agent_trace_observability_000029,urgency,score,1,1,"[""0"", ""1"", ""2"", ""3""]","[0.38329968927334124, 0.5295354275834401, 0.08499712734475157, 0.0021677557984671313]","[0.25, 0.5, 0.2, 0.05]"
d1-omni,typed_agent_trace_observability,agent_trace_observability_000030,action,choice,1,1,"[""continue"", ""human_review"", ""observe"", ""stop""]","[0.05859913694770643, 0.5196456594607161, 0.40813777360231124, 0.013617429989266256]","[0.1, 0.533333, 0.283333, 0.083333]"
d1-omni,typed_agent_trace_observability,agent_trace_observability_000030,needs_review,noul,1,1,"[""false"", ""true""]","[0.10278475284576416, 0.8972152471542358]","[0.256667, 0.743333]"
d1-omni,typed_agent_trace_observability,agent_trace_observability_000030,outcome,choice,2,2,"[""failure"", ""harmful"", ""partial"", ""success""]","[0.03798351536995668, 0.011897802431014565, 0.5232770067711086, 0.4268416754279202]","[0.2, 0.006667, 0.583333, 0.21]"
d1-omni,typed_agent_trace_observability,agent_trace_observability_000030,risk,score,1,0,"[""0"", ""1"", ""2"", ""3""]","[0.551101898352717, 0.3639617995636851, 0.042372265799093284, 0.0425640362845047]","[0.133333, 0.416667, 0.383333, 0.066667]"
d1-omni,typed_agent_trace_observability,agent_trace_observability_000030,urgency,score,1,1,"[""0"", ""1"", ""2"", ""3""]","[0.41952487982632547, 0.4398642198736378, 0.10689137170795862, 0.03371952859207812]","[0.083333, 0.433333, 0.4, 0.083333]"
d1-omni,typed_agent_trace_observability,agent_trace_observability_000031,action,choice,1,2,"[""continue"", ""human_review"", ""observe"", ""stop""]","[0.24875490066240197, 0.28769954690700944, 0.4580375496721937, 0.0055080027583948934]","[0.1, 0.516667, 0.333333, 0.05]"
d1-omni,typed_agent_trace_observability,agent_trace_observability_000031,needs_review,noul,1,0,"[""false"", ""true""]","[0.82399882376194, 0.17600117623806]","[0.35, 0.65]"
d1-omni,typed_agent_trace_observability,agent_trace_observability_000031,outcome,choice,0,3,"[""failure"", ""harmful"", ""partial"", ""success""]","[0.07711114680549726, 0.0071752215234430865, 0.380977896175036, 0.5347357354960236]","[0.473333, 0.02, 0.443333, 0.063333]"
d1-omni,typed_agent_trace_observability,agent_trace_observability_000031,risk,score,1,0,"[""0"", ""1"", ""2"", ""3""]","[0.8200827604685365, 0.1766876209664605, 0.0011406363261144655, 0.002088982238888535]","[0.233333, 0.633333, 0.116667, 0.016667]"
d1-omni,typed_agent_trace_observability,agent_trace_observability_000031,urgency,score,1,1,"[""0"", ""1"", ""2"", ""3""]","[0.3569696859061501, 0.5438810752426354, 0.09603762611448931, 0.0031116127367251715]","[0.116667, 0.5, 0.35, 0.033333]"
d1-omni,typed_agent_trace_observability,agent_trace_observability_000032,action,choice,1,1,"[""continue"", ""human_review"", ""observe"", ""stop""]","[0.09875514588291927, 0.6562980667197222, 0.2210835401148738, 0.02386324728248469]","[0.066667, 0.566667, 0.266667, 0.1]"
d1-omni,typed_agent_trace_observability,agent_trace_observability_000032,needs_review,noul,1,1,"[""false"", ""true""]","[0.1747722029685974, 0.8252277970314026]","[0.2, 0.8]"
d1-omni,typed_agent_trace_observability,agent_trace_observability_000032,outcome,choice,1,2,"[""failure"", ""harmful"", ""partial"", ""success""]","[0.12539376505306013, 0.19487121991621287, 0.41337153931515724, 0.2663634757155698]","[0.25, 0.383333, 0.316667, 0.05]"
d1-omni,typed_agent_trace_observability,agent_trace_observability_000032,risk,score,3,1,"[""0"", ""1"", ""2"", ""3""]","[0.24453562862479133, 0.33544332288866224, 0.19710588748910857, 0.22291516099743786]","[0.05, 0.133333, 0.383333, 0.433333]"
d1-omni,typed_agent_trace_observability,agent_trace_observability_000032,urgency,score,2,1,"[""0"", ""1"", ""2"", ""3""]","[0.2842803257065963, 0.43860515298537683, 0.15150204075124798, 0.1256124805567789]","[0.066667, 0.183333, 0.383333, 0.366667]"
d1-omni,typed_agent_trace_observability,agent_trace_observability_000033,action,choice,1,1,"[""continue"", ""human_review"", ""observe"", ""stop""]","[0.0450706712167065, 0.8127815248486627, 0.10081195236462284, 0.04133585157000797]","[0.0, 0.583333, 0.05, 0.366667]"
d1-omni,typed_agent_trace_observability,agent_trace_observability_000033,needs_review,noul,1,1,"[""false"", ""true""]","[0.04111182689666748, 0.9588881731033325]","[0.066667, 0.933333]"
d1-omni,typed_agent_trace_observability,agent_trace_observability_000033,outcome,choice,1,1,"[""failure"", ""harmful"", ""partial"", ""success""]","[0.09894157798675332, 0.3993028640850952, 0.2829041438862064, 0.21885141404194514]","[0.15, 0.766667, 0.083333, 0.0]"
d1-omni,typed_agent_trace_observability,agent_trace_observability_000033,risk,score,3,1,"[""0"", ""1"", ""2"", ""3""]","[0.19641332620998214, 0.35407442382088933, 0.18189978870600146, 0.26761246126312704]","[0.0, 0.033333, 0.233333, 0.733333]"
d1-omni,typed_agent_trace_observability,agent_trace_observability_000033,urgency,score,3,3,"[""0"", ""1"", ""2"", ""3""]","[0.16215185821056366, 0.3486500084400177, 0.1385251134634018, 0.35067301988601685]","[0.0, 0.083333, 0.316667, 0.6]"
d1-omni,typed_agent_trace_observability,agent_trace_observability_000034,action,choice,2,1,"[""continue"", ""human_review"", ""observe"", ""stop""]","[0.2457200744961205, 0.4287500099418685, 0.3060005020573754, 0.019529413504635593]","[0.316667, 0.183333, 0.466667, 0.033333]"
d1-omni,typed_agent_trace_observability,agent_trace_observability_000034,needs_review,noul,0,0,"[""false"", ""true""]","[0.5321886539459229, 0.46781134605407715]","[0.616667, 0.383333]"
d1-omni,typed_agent_trace_observability,agent_trace_observability_000034,outcome,choice,3,2,"[""failure"", ""harmful"", ""partial"", ""success""]","[0.08114345708699275, 0.018543270415312983, 0.5472138248853883, 0.35309944761230594]","[0.083333, 0.033333, 0.283333, 0.6]"
d1-omni,typed_agent_trace_observability,agent_trace_observability_000034,risk,score,2,1,"[""0"", ""1"", ""2"", ""3""]","[0.3130351316669402, 0.5713599345511196, 0.04410374553540254, 0.0715011882465377]","[0.073333, 0.226667, 0.633333, 0.066667]"
d1-omni,typed_agent_trace_observability,agent_trace_observability_000034,urgency,score,1,1,"[""0"", ""1"", ""2"", ""3""]","[0.2769591787684025, 0.4505306150724693, 0.1486035127296782, 0.12390669342944999]","[0.2, 0.466667, 0.25, 0.083333]"
d1-omni,typed_agent_trace_observability,agent_trace_observability_000035,action,choice,0,1,"[""continue"", ""human_review"", ""observe"", ""stop""]","[0.32065383549364207, 0.3691126768480409, 0.3017718600849747, 0.008461627573342366]","[0.516667, 0.133333, 0.333333, 0.016667]"
d1-omni,typed_agent_trace_observability,agent_trace_observability_000035,needs_review,noul,0,0,"[""false"", ""true""]","[0.8535313904285431, 0.1464686095714569]","[0.766667, 0.233333]"
d1-omni,typed_agent_trace_observability,agent_trace_observability_000035,outcome,choice,3,3,"[""failure"", ""harmful"", ""partial"", ""success""]","[0.0681221637480346, 0.003488759294446545, 0.3588752764129035, 0.5695138005446153]","[0.08, 0.003333, 0.35, 0.566667]"
d1-omni,typed_agent_trace_observability,agent_trace_observability_000035,risk,score,0,0,"[""0"", ""1"", ""2"", ""3""]","[0.5950043367688824, 0.3992159776170546, 0.0026554694209844644, 0.0031242161930785384]","[0.5, 0.4, 0.096667, 0.003333]"
d1-omni,typed_agent_trace_observability,agent_trace_observability_000035,urgency,score,0,1,"[""0"", ""1"", ""2"", ""3""]","[0.3874174849321546, 0.5448065078068072, 0.06507617562461038, 0.0026998316364278165]","[0.483333, 0.366667, 0.126667, 0.023333]"
d1-omni,typed_agent_trace_observability,agent_trace_observability_000036,action,choice,1,2,"[""continue"", ""human_review"", ""observe"", ""stop""]","[0.1826517896123156, 0.40394175410032895, 0.4071953630711473, 0.0062110932162081686]","[0.15, 0.45, 0.316667, 0.083333]"
d1-omni,typed_agent_trace_observability,agent_trace_observability_000036,needs_review,noul,1,0,"[""false"", ""true""]","[0.7538722157478333, 0.24612778425216675]","[0.316667, 0.683333]"
d1-omni,typed_agent_trace_observability,agent_trace_observability_000036,outcome,choice,2,3,"[""failure"", ""harmful"", ""partial"", ""success""]","[0.11392769429379455, 0.0032112692376912765, 0.4060932207795006, 0.4767678156890136]","[0.35, 0.0, 0.45, 0.2]"
d1-omni,typed_agent_trace_observability,agent_trace_observability_000036,risk,score,0,0,"[""0"", ""1"", ""2"", ""3""]","[0.8073788459281086, 0.18974794945716517, 0.0014657903627795315, 0.0014074142519467279]","[0.666667, 0.266667, 0.066667, 0.0]"
d1-omni,typed_agent_trace_observability,agent_trace_observability_000036,urgency,score,1,1,"[""0"", ""1"", ""2"", ""3""]","[0.41403135069275454, 0.5383827013798652, 0.04488041560684672, 0.0027055323205335364]","[0.3, 0.45, 0.233333, 0.016667]"
d1-omni,typed_agent_trace_observability,agent_trace_observability_000037,action,choice,1,1,"[""continue"", ""human_review"", ""observe"", ""stop""]","[0.044855563161687435, 0.8100316818791746, 0.09866502513494249, 0.046447729824195434]","[0.066667, 0.593333, 0.216667, 0.123333]"
d1-omni,typed_agent_trace_observability,agent_trace_observability_000037,needs_review,noul,1,1,"[""false"", ""true""]","[0.15753108263015747, 0.8424689173698425]","[0.24, 0.76]"
d1-omni,typed_agent_trace_observability,agent_trace_observability_000037,outcome,choice,1,2,"[""failure"", ""harmful"", ""partial"", ""success""]","[0.17985753447029687, 0.18546372375691347, 0.3912263454314121, 0.24345239634137755]","[0.123333, 0.566667, 0.266667, 0.043333]"
d1-omni,typed_agent_trace_observability,agent_trace_observability_000037,risk,score,3,0,"[""0"", ""1"", ""2"", ""3""]","[0.3620133915093528, 0.33488499369729324, 0.18851488407295455, 0.11458673072039938]","[0.016667, 0.106667, 0.366667, 0.51]"
d1-omni,typed_agent_trace_observability,agent_trace_observability_000037,urgency,score,3,0,"[""0"", ""1"", ""2"", ""3""]","[0.34124166281881424, 0.20102297069166558, 0.19236445713586298, 0.2653709093536572]","[0.033333, 0.116667, 0.35, 0.5]"
d1-omni,typed_agent_trace_observability,agent_trace_observability_000038,action,choice,2,2,"[""continue"", ""human_review"", ""observe"", ""stop""]","[0.2667641241066651, 0.34369902506488326, 0.3825120185578831, 0.007024832270568509]","[0.2, 0.233333, 0.516667, 0.05]"
d1-omni,typed_agent_trace_observability,agent_trace_observability_000038,needs_review,noul,0,0,"[""false"", ""true""]","[0.8451336771249771, 0.1548663228750229]","[0.633333, 0.366667]"
d1-omni,typed_agent_trace_observability,agent_trace_observability_000038,outcome,choice,3,3,"[""failure"", ""harmful"", ""partial"", ""success""]","[0.11494084933091366, 0.0020558463410900217, 0.2507180812955708, 0.6322852230324255]","[0.11, 0.006667, 0.366667, 0.516667]"
d1-omni,typed_agent_trace_observability,agent_trace_observability_000038,risk,score,0,0,"[""0"", ""1"", ""2"", ""3""]","[0.704503562223123, 0.2935865331751913, 0.0010962102501069486, 0.0008136943515787261]","[0.6, 0.3, 0.09, 0.01]"
d1-omni,typed_agent_trace_observability,agent_trace_observability_000038,urgency,score,0,1,"[""0"", ""1"", ""2"", ""3""]","[0.4533106617136201, 0.5043085142328066, 0.040229193266791204, 0.0021516307867820443]","[0.416667, 0.366667, 0.196667, 0.02]"
d1-omni,typed_agent_trace_observability,agent_trace_observability_000039,action,choice,1,1,"[""continue"", ""human_review"", ""observe"", ""stop""]","[0.0617136117986057, 0.7181259025039902, 0.19347833709629575, 0.02668214860110828]","[0.033333, 0.733333, 0.133333, 0.1]"
d1-omni,typed_agent_trace_observability,agent_trace_observability_000039,needs_review,noul,1,1,"[""false"", ""true""]","[0.06096524000167847, 0.9390347599983215]","[0.1, 0.9]"
d1-omni,typed_agent_trace_observability,agent_trace_observability_000039,outcome,choice,1,2,"[""failure"", ""harmful"", ""partial"", ""success""]","[0.13748736474681847, 0.23102891100900008, 0.3710029367953101, 0.2604807874488713]","[0.2, 0.533333, 0.233333, 0.033333]"
d1-omni,typed_agent_trace_observability,agent_trace_observability_000039,risk,score,3,3,"[""0"", ""1"", ""2"", ""3""]","[0.21325566729141274, 0.30432470725999156, 0.13668858597610634, 0.3457310394724894]","[0.0, 0.05, 0.433333, 0.516667]"
d1-omni,typed_agent_trace_observability,agent_trace_observability_000039,urgency,score,2,3,"[""0"", ""1"", ""2"", ""3""]","[0.0363952617065707, 0.3930822777087223, 0.11498339833747377, 0.45553906224723323]","[0.033333, 0.2, 0.433333, 0.333333]"
d1-omni,typed_agent_trace_observability,agent_trace_observability_000040,action,choice,1,1,"[""continue"", ""human_review"", ""observe"", ""stop""]","[0.12306606700858962, 0.4448686842008712, 0.4169598542115189, 0.015105394579020315]","[0.1, 0.366667, 0.283333, 0.25]"
d1-omni,typed_agent_trace_observability,agent_trace_observability_000040,needs_review,noul,1,0,"[""false"", ""true""]","[0.7894414961338043, 0.21055850386619568]","[0.233333, 0.766667]"
d1-omni,typed_agent_trace_observability,agent_trace_observability_000040,outcome,choice,0,3,"[""failure"", ""harmful"", ""partial"", ""success""]","[0.08621621099778931, 0.007845345855335348, 0.40793204155589624, 0.4980064015909791]","[0.696667, 0.003333, 0.256667, 0.043333]"
d1-omni,typed_agent_trace_observability,agent_trace_observability_000040,risk,score,0,0,"[""0"", ""1"", ""2"", ""3""]","[0.5318160573867551, 0.4619875779451791, 0.0021948283211167406, 0.004001536346949095]","[0.65, 0.283333, 0.06, 0.006667]"
d1-omni,typed_agent_trace_observability,agent_trace_observability_000040,urgency,score,1,1,"[""0"", ""1"", ""2"", ""3""]","[0.40783220521441665, 0.5119977966545407, 0.07751855074039343, 0.0026514473906492425]","[0.116667, 0.566667, 0.25, 0.066667]"
d1-omni,typed_agent_trace_observability,agent_trace_observability_000041,action,choice,0,1,"[""continue"", ""human_review"", ""observe"", ""stop""]","[0.11643923334269002, 0.5696924456140201, 0.21633634454763706, 0.09753197649565287]","[0.566667, 0.1, 0.333333, 0.0]"
d1-omni,typed_agent_trace_observability,agent_trace_observability_000041,needs_review,noul,0,0,"[""false"", ""true""]","[0.8355028629302979, 0.16449713706970215]","[0.816667, 0.183333]"
d1-omni,typed_agent_trace_observability,agent_trace_observability_000041,outcome,choice,3,3,"[""failure"", ""harmful"", ""partial"", ""success""]","[0.09694468139722309, 0.008602814668763292, 0.43319159342728936, 0.4612609105067243]","[0.083333, 0.0, 0.3, 0.616667]"
d1-omni,typed_agent_trace_observability,agent_trace_observability_000041,risk,score,0,0,"[""0"", ""1"", ""2"", ""3""]","[0.7349961786785015, 0.2589096861224596, 0.0026165478842658505, 0.003477587314773056]","[0.7, 0.266667, 0.033333, 0.0]"
d1-omni,typed_agent_trace_observability,agent_trace_observability_000041,urgency,score,0,1,"[""0"", ""1"", ""2"", ""3""]","[0.4783111546209835, 0.513567928101689, 0.007923352587663334, 0.00019756468966408545]","[0.6, 0.366667, 0.033333, 0.0]"
d1-omni,typed_agent_trace_observability,agent_trace_observability_000042,action,choice,0,2,"[""continue"", ""human_review"", ""observe"", ""stop""]","[0.22694685685302132, 0.3447710815505181, 0.422240786823245, 0.006041274773215588]","[0.383333, 0.316667, 0.283333, 0.016667]"
d1-omni,typed_agent_trace_observability,agent_trace_observability_000042,needs_review,noul,0,0,"[""false"", ""true""]","[0.6217488050460815, 0.37825119495391846]","[0.6, 0.4]"
d1-omni,typed_agent_trace_observability,agent_trace_observability_000042,outcome,choice,3,2,"[""failure"", ""harmful"", ""partial"", ""success""]","[0.046041270345388116, 0.0036439982956544877, 0.5145116614916178, 0.43580306986733963]","[0.3, 0.0, 0.283333, 0.416667]"
d1-omni,typed_agent_trace_observability,agent_trace_observability_000042,risk,score,0,0,"[""0"", ""1"", ""2"", ""3""]","[0.707645690102089, 0.28358639706184047, 0.003279847955602992, 0.005488064880467474]","[0.65, 0.306667, 0.04, 0.003333]"
d1-omni,typed_agent_trace_observability,agent_trace_observability_000042,urgency,score,0,1,"[""0"", ""1"", ""2"", ""3""]","[0.31317951757559886, 0.6202008025640955, 0.06427764786320901, 0.0023420319970966614]","[0.6, 0.333333, 0.06, 0.006667]"
d1-omni,typed_agent_trace_observability,agent_trace_observability_000043,action,choice,1,1,"[""continue"", ""human_review"", ""observe"", ""stop""]","[0.200291772917684, 0.478991157461386, 0.28794987595324073, 0.03276719366768927]","[0.116667, 0.583333, 0.216667, 0.083333]"
d1-omni,typed_agent_trace_observability,agent_trace_observability_000043,needs_review,noul,1,1,"[""false"", ""true""]","[0.1746876835823059, 0.8253123164176941]","[0.3, 0.7]"
d1-omni,typed_agent_trace_observability,agent_trace_observability_000043,outcome,choice,2,2,"[""failure"", ""harmful"", ""partial"", ""success""]","[0.08556065955420998, 0.0146276591843529, 0.547208146158096, 0.3526035351033412]","[0.233333, 0.083333, 0.416667, 0.266667]"
d1-omni,typed_agent_trace_observability,agent_trace_observability_000043,risk,score,2,0,"[""0"", ""1"", ""2"", ""3""]","[0.5387314186746953, 0.3818022047603846, 0.05229545024236355, 0.02717092632255652]","[0.1, 0.2, 0.6, 0.1]"
d1-omni,typed_agent_trace_observability,agent_trace_observability_000043,urgency,score,2,1,"[""0"", ""1"", ""2"", ""3""]","[0.11016842066237803, 0.37444908175175895, 0.16634415588711762, 0.34903834169874537]","[0.083333, 0.283333, 0.433333, 0.2]"
d1-omni,typed_agent_trace_observability,agent_trace_observability_000044,action,choice,1,1,"[""continue"", ""human_review"", ""observe"", ""stop""]","[0.09008119773846833, 0.5585097530113875, 0.3362219249103293, 0.015187124339814896]","[0.066667, 0.616667, 0.233333, 0.083333]"
d1-omni,typed_agent_trace_observability,agent_trace_observability_000044,needs_review,noul,1,1,"[""false"", ""true""]","[0.4112820625305176, 0.5887179374694824]","[0.283333, 0.716667]"
d1-omni,typed_agent_trace_observability,agent_trace_observability_000044,outcome,choice,2,2,"[""failure"", ""harmful"", ""partial"", ""success""]","[0.1962068247358395, 0.02901340081452871, 0.5517006146512513, 0.22307915979838044]","[0.3, 0.033333, 0.433333, 0.233333]"
d1-omni,typed_agent_trace_observability,agent_trace_observability_000044,risk,score,2,0,"[""0"", ""1"", ""2"", ""3""]","[0.5097454539437186, 0.39989338368693744, 0.03974950493595166, 0.050611657433392306]","[0.083333, 0.316667, 0.516667, 0.083333]"
d1-omni,typed_agent_trace_observability,agent_trace_observability_000044,urgency,score,1,1,"[""0"", ""1"", ""2"", ""3""]","[0.2908623283549174, 0.4790590810565445, 0.12572251541292329, 0.10435607517561485]","[0.133333, 0.5, 0.283333, 0.083333]"
d1-omni,typed_agent_trace_observability,agent_trace_observability_000045,action,choice,2,2,"[""continue"", ""human_review"", ""observe"", ""stop""]","[0.28657014085295124, 0.32287720868161424, 0.373947691837532, 0.016604958627902525]","[0.2, 0.133333, 0.633333, 0.033333]"
d1-omni,typed_agent_trace_observability,agent_trace_observability_000045,needs_review,noul,0,0,"[""false"", ""true""]","[0.7013819813728333, 0.29861801862716675]","[0.816667, 0.183333]"
d1-omni,typed_agent_trace_observability,agent_trace_observability_000045,outcome,choice,3,3,"[""failure"", ""harmful"", ""partial"", ""success""]","[0.0569995236876068, 0.003078073956730663, 0.46406034090816706, 0.4758620614474955]","[0.133333, 0.0, 0.216667, 0.65]"
d1-omni,typed_agent_trace_observability,agent_trace_observability_000045,risk,score,1,0,"[""0"", ""1"", ""2"", ""3""]","[0.6537518192668954, 0.34507797519570227, 0.0004741725637255033, 0.0006960329736767604]","[0.333333, 0.6, 0.066667, 0.0]"
d1-omni,typed_agent_trace_observability,agent_trace_observability_000045,urgency,score,0,1,"[""0"", ""1"", ""2"", ""3""]","[0.3818562334594469, 0.5814290055491237, 0.03546828409436714, 0.0012464768970622913]","[0.833333, 0.15, 0.016667, 0.0]"
d1-omni,typed_agent_trace_observability,agent_trace_observability_000046,action,choice,0,1,"[""continue"", ""human_review"", ""observe"", ""stop""]","[0.2751083284988865, 0.36264072675093517, 0.36011977818406904, 0.002131166566109249]","[0.793333, 0.036667, 0.166667, 0.003333]"
d1-omni,typed_agent_trace_observability,agent_trace_observability_000046,needs_review,noul,0,0,"[""false"", ""true""]","[0.9391521289944649, 0.060847871005535126]","[0.903333, 0.096667]"
d1-omni,typed_agent_trace_observability,agent_trace_observability_000046,outcome,choice,3,3,"[""failure"", ""harmful"", ""partial"", ""success""]","[0.16711950846713955, 0.0031168875849331536, 0.22401188536666145, 0.6057517185812659]","[0.01, 0.006667, 0.07, 0.913333]"
d1-omni,typed_agent_trace_observability,agent_trace_observability_000046,risk,score,0,0,"[""0"", ""1"", ""2"", ""3""]","[0.8354339706592421, 0.16371083469225464, 0.00041408575437374334, 0.00044110889412951403]","[0.913333, 0.08, 0.006667, 0.0]"
d1-omni,typed_agent_trace_observability,agent_trace_observability_000046,urgency,score,0,1,"[""0"", ""1"", ""2"", ""3""]","[0.47009547726340983, 0.51029696426905, 0.018235986028240815, 0.0013715724392993275]","[0.843333, 0.133333, 0.02, 0.003333]"
d1-omni,typed_agent_trace_observability,agent_trace_observability_000047,action,choice,2,1,"[""continue"", ""human_review"", ""observe"", ""stop""]","[0.16994965585239355, 0.4608458610508187, 0.3447653154139877, 0.02443916768280007]","[0.2, 0.2, 0.583333, 0.016667]"
d1-omni,typed_agent_trace_observability,agent_trace_observability_000047,needs_review,noul,0,0,"[""false"", ""true""]","[0.8740057200193405, 0.12599427998065948]","[0.75, 0.25]"
d1-omni,typed_agent_trace_observability,agent_trace_observability_000047,outcome,choice,3,3,"[""failure"", ""harmful"", ""partial"", ""success""]","[0.08362956321715499, 0.009329277064662585, 0.44118502612825944, 0.465856133589923]","[0.09, 0.006667, 0.226667, 0.676667]"
d1-omni,typed_agent_trace_observability,agent_trace_observability_000047,risk,score,0,1,"[""0"", ""1"", ""2"", ""3""]","[0.4377392899208093, 0.5515684199054358, 0.007282028993616704, 0.0034102611801381587]","[0.516667, 0.416667, 0.06, 0.006667]"
d1-omni,typed_agent_trace_observability,agent_trace_observability_000047,urgency,score,0,1,"[""0"", ""1"", ""2"", ""3""]","[0.33486933859005547, 0.5904838154088703, 0.07071662348450838, 0.00393022251656588]","[0.433333, 0.4, 0.15, 0.016667]"
d1-omni,typed_agent_trace_observability,agent_trace_observability_000048,action,choice,2,1,"[""continue"", ""human_review"", ""observe"", ""stop""]","[0.24466609968614073, 0.40635236615245807, 0.33085881717194054, 0.0181227169894607]","[0.416667, 0.133333, 0.416667, 0.033333]"
d1-omni,typed_agent_trace_observability,agent_trace_observability_000048,needs_review,noul,0,0,"[""false"", ""true""]","[0.5850235223770142, 0.41497647762298584]","[0.816667, 0.183333]"
d1-omni,typed_agent_trace_observability,agent_trace_observability_000048,outcome,choice,3,3,"[""failure"", ""harmful"", ""partial"", ""success""]","[0.09812992111840249, 0.005713853080355809, 0.37557783897769564, 0.5205783868235461]","[0.1, 0.0, 0.4, 0.5]"
d1-omni,typed_agent_trace_observability,agent_trace_observability_000048,risk,score,1,0,"[""0"", ""1"", ""2"", ""3""]","[0.5772098196671401, 0.4162929875573269, 0.002905154081641889, 0.0035920386938911265]","[0.25, 0.616667, 0.116667, 0.016667]"
d1-omni,typed_agent_trace_observability,agent_trace_observability_000048,urgency,score,1,1,"[""0"", ""1"", ""2"", ""3""]","[0.4140080423851656, 0.5406267528429082, 0.0438566384858093, 0.0015085662861169474]","[0.283333, 0.466667, 0.2, 0.05]"
d1-omni,typed_agent_trace_observability,agent_trace_observability_000049,action,choice,2,1,"[""continue"", ""human_review"", ""observe"", ""stop""]","[0.3285999839056286, 0.359416598016863, 0.2879724752311552, 0.024010942846353193]","[0.333333, 0.15, 0.483333, 0.033333]"
d1-omni,typed_agent_trace_observability,agent_trace_observability_000049,needs_review,noul,0,0,"[""false"", ""true""]","[0.7632893025875092, 0.23671069741249084]","[0.656667, 0.343333]"
d1-omni,typed_agent_trace_observability,agent_trace_observability_000049,outcome,choice,3,3,"[""failure"", ""harmful"", ""partial"", ""success""]","[0.042687648980930255, 0.013597056631122205, 0.4613260731476608, 0.48238922124028677]","[0.043333, 0.026667, 0.19, 0.74]"
d1-omni,typed_agent_trace_observability,agent_trace_observability_000049,risk,score,2,0,"[""0"", ""1"", ""2"", ""3""]","[0.6380247331107095, 0.3452453238089683, 0.008667024590067015, 0.00806291849025521]","[0.09, 0.293333, 0.55, 0.066667]"
d1-omni,typed_agent_trace_observability,agent_trace_observability_000049,urgency,score,0,1,"[""0"", ""1"", ""2"", ""3""]","[0.3383685845622842, 0.5456309751978226, 0.09358621854823176, 0.022414221691661428]","[0.5, 0.35, 0.113333, 0.036667]"
d1-omni,typed_agent_trace_observability,agent_trace_observability_000050,action,choice,1,1,"[""continue"", ""human_review"", ""observe"", ""stop""]","[0.07518835603855932, 0.5513273056085486, 0.3572459334008039, 0.016238404952088156]","[0.1, 0.45, 0.4, 0.05]"
d1-omni,typed_agent_trace_observability,agent_trace_observability_000050,needs_review,noul,1,1,"[""false"", ""true""]","[0.16361308097839355, 0.8363869190216064]","[0.4, 0.6]"
d1-omni,typed_agent_trace_observability,agent_trace_observability_000050,outcome,choice,2,2,"[""failure"", ""harmful"", ""partial"", ""success""]","[0.1039674533620125, 0.01970772357101484, 0.47505966685445605, 0.40126515621251657]","[0.233333, 0.0, 0.566667, 0.2]"
d1-omni,typed_agent_trace_observability,agent_trace_observability_000050,risk,score,2,0,"[""0"", ""1"", ""2"", ""3""]","[0.4579451348040615, 0.4123043089188314, 0.07497258428504627, 0.05477797199206075]","[0.1, 0.433333, 0.433333, 0.033333]"
d1-omni,typed_agent_trace_observability,agent_trace_observability_000050,urgency,score,1,1,"[""0"", ""1"", ""2"", ""3""]","[0.23024886449621984, 0.3958490166489841, 0.2997776918295427, 0.07412442702525335]","[0.216667, 0.583333, 0.183333, 0.016667]"
d1-omni,typed_agent_trace_observability,agent_trace_observability_000051,action,choice,2,2,"[""continue"", ""human_review"", ""observe"", ""stop""]","[0.1950242955515666, 0.3511441926407952, 0.44966125237013443, 0.004170259437503706]","[0.183333, 0.25, 0.533333, 0.033333]"
d1-omni,typed_agent_trace_observability,agent_trace_observability_000051,needs_review,noul,0,0,"[""false"", ""true""]","[0.753763422369957, 0.24623657763004303]","[0.683333, 0.316667]"
d1-omni,typed_agent_trace_observability,agent_trace_observability_000051,outcome,choice,2,3,"[""failure"", ""harmful"", ""partial"", ""success""]","[0.09623377092345924, 0.00334397752311065, 0.3468736732393061, 0.553548578314124]","[0.443333, 0.016667, 0.46, 0.08]"
d1-omni,typed_agent_trace_observability,agent_trace_observability_000051,risk,score,0,0,"[""0"", ""1"", ""2"", ""3""]","[0.7426253010220809, 0.2567332701955006, 0.00030479705511792947, 0.00033663172730056694]","[0.793333, 0.14, 0.06, 0.006667]"
d1-omni,typed_agent_trace_observability,agent_trace_observability_000051,urgency,score,0,1,"[""0"", ""1"", ""2"", ""3""]","[0.3096580912622625, 0.6629972095703885, 0.026983088834196783, 0.0003616103331521073]","[0.65, 0.233333, 0.1, 0.016667]"
d1-omni,typed_agent_trace_observability,agent_trace_observability_000052,action,choice,2,1,"[""continue"", ""human_review"", ""observe"", ""stop""]","[0.19705448380434118, 0.4530762325864569, 0.33907096018846444, 0.010798323420737454]","[0.25, 0.133333, 0.583333, 0.033333]"
d1-omni,typed_agent_trace_observability,agent_trace_observability_000052,needs_review,noul,0,1,"[""false"", ""true""]","[0.27361196279525757, 0.7263880372047424]","[0.81, 0.19]"
d1-omni,typed_agent_trace_observability,agent_trace_observability_000052,outcome,choice,3,3,"[""failure"", ""harmful"", ""partial"", ""success""]","[0.09037467056504232, 0.0033861214626664145, 0.34493189913596906, 0.5613073088363222]","[0.056667, 0.01, 0.366667, 0.566667]"
d1-omni,typed_agent_trace_observability,agent_trace_observability_000052,risk,score,1,0,"[""0"", ""1"", ""2"", ""3""]","[0.7426112121294436, 0.25575211048703383, 0.0011146659703304533, 0.0005220114131921108]","[0.316667, 0.333333, 0.313333, 0.036667]"
d1-omni,typed_agent_trace_observability,agent_trace_observability_000052,urgency,score,1,1,"[""0"", ""1"", ""2"", ""3""]","[0.41776677810487606, 0.5020259004010785, 0.07437480958411541, 0.005832511909929991]","[0.333333, 0.45, 0.183333, 0.033333]"
d1-omni,typed_agent_trace_observability,agent_trace_observability_000053,action,choice,2,2,"[""continue"", ""human_review"", ""observe"", ""stop""]","[0.17563147728385373, 0.3800402854939159, 0.4345345468802919, 0.009793690341938444]","[0.233333, 0.266667, 0.483333, 0.016667]"
d1-omni,typed_agent_trace_observability,agent_trace_observability_000053,needs_review,noul,0,0,"[""false"", ""true""]","[0.8936765193939209, 0.1063234806060791]","[0.6, 0.4]"
d1-omni,typed_agent_trace_observability,agent_trace_observability_000053,outcome,choice,3,3,"[""failure"", ""harmful"", ""partial"", ""success""]","[0.08564031749534909, 0.005994982002373105, 0.37423085643587367, 0.5341338440664041]","[0.116667, 0.016667, 0.383333, 0.483333]"
d1-omni,typed_agent_trace_observability,agent_trace_observability_000053,risk,score,1,0,"[""0"", ""1"", ""2"", ""3""]","[0.8249494845058885, 0.171360533579576, 0.0015680039882360998, 0.002121977926299469]","[0.2, 0.65, 0.133333, 0.016667]"
d1-omni,typed_agent_trace_observability,agent_trace_observability_000053,urgency,score,1,1,"[""0"", ""1"", ""2"", ""3""]","[0.36674294020855563, 0.568895938264027, 0.0614579396892304, 0.0029031818381869447]","[0.3, 0.466667, 0.2, 0.033333]"
d1-omni,typed_agent_trace_observability,agent_trace_observability_000054,action,choice,2,1,"[""continue"", ""human_review"", ""observe"", ""stop""]","[0.19157502144377223, 0.44286537376635415, 0.3543696121981815, 0.0111899925916921]","[0.4, 0.2, 0.4, 0.0]"
d1-omni,typed_agent_trace_observability,agent_trace_observability_000054,needs_review,noul,0,0,"[""false"", ""true""]","[0.5481996834278107, 0.45180031657218933]","[0.75, 0.25]"
d1-omni,typed_agent_trace_observability,agent_trace_observability_000054,outcome,choice,3,3,"[""failure"", ""harmful"", ""partial"", ""success""]","[0.09034988818431078, 0.004487247005980634, 0.31014450238475194, 0.5950183624249566]","[0.2, 0.0, 0.333333, 0.466667]"
d1-omni,typed_agent_trace_observability,agent_trace_observability_000054,risk,score,0,0,"[""0"", ""1"", ""2"", ""3""]","[0.7029121961159887, 0.2942283387504635, 0.0015713014530677615, 0.0012881636804800238]","[0.8, 0.2, 0.0, 0.0]"
d1-omni,typed_agent_trace_observability,agent_trace_observability_000054,urgency,score,0,1,"[""0"", ""1"", ""2"", ""3""]","[0.3636048527595876, 0.527238084222589, 0.10600489644532297, 0.0031521665725004837]","[0.766667, 0.233333, 0.0, 0.0]"
d1-omni,typed_agent_trace_observability,agent_trace_observability_000055,action,choice,0,2,"[""continue"", ""human_review"", ""observe"", ""stop""]","[0.3133342482397715, 0.28171255449955207, 0.3889789181841447, 0.015974279076531702]","[0.466667, 0.296667, 0.216667, 0.02]"
d1-omni,typed_agent_trace_observability,agent_trace_observability_000055,needs_review,noul,0,0,"[""false"", ""true""]","[0.8289158046245575, 0.1710841953754425]","[0.66, 0.34]"
d1-omni,typed_agent_trace_observability,agent_trace_observability_000055,outcome,choice,3,3,"[""failure"", ""harmful"", ""partial"", ""success""]","[0.048330880915347194, 0.002950894892231329, 0.33891758472645517, 0.6098006394659663]","[0.05, 0.006667, 0.376667, 0.566667]"
d1-omni,typed_agent_trace_observability,agent_trace_observability_000055,risk,score,0,0,"[""0"", ""1"", ""2"", ""3""]","[0.7335740957146826, 0.26203484313085657, 0.0036469718437462063, 0.0007440893107146426]","[0.7, 0.266667, 0.03, 0.003333]"
d1-omni,typed_agent_trace_observability,agent_trace_observability_000055,urgency,score,0,1,"[""0"", ""1"", ""2"", ""3""]","[0.22251633390513795, 0.6038775793322094, 0.17243325005703714, 0.001172836705615548]","[0.533333, 0.383333, 0.066667, 0.016667]"
d1-omni,typed_agent_trace_observability,agent_trace_observability_000056,action,choice,0,0,"[""continue"", ""human_review"", ""observe"", ""stop""]","[0.3955621947765873, 0.26557411296814215, 0.3327500714273233, 0.00611362082794727]","[0.633333, 0.06, 0.3, 0.006667]"
d1-omni,typed_agent_trace_observability,agent_trace_observability_000056,needs_review,noul,0,0,"[""false"", ""true""]","[0.8757937103509903, 0.1242062896490097]","[0.866667, 0.133333]"
d1-omni,typed_agent_trace_observability,agent_trace_observability_000056,outcome,choice,3,3,"[""failure"", ""harmful"", ""partial"", ""success""]","[0.05523277880476497, 0.005991928407445859, 0.2070172759475697, 0.7317580168402195]","[0.03, 0.003333, 0.25, 0.716667]"
d1-omni,typed_agent_trace_observability,agent_trace_observability_000056,risk,score,1,0,"[""0"", ""1"", ""2"", ""3""]","[0.8054848711052851, 0.19253566387094406, 0.001142685739128148, 0.0008367792846426811]","[0.35, 0.566667, 0.073333, 0.01]"
d1-omni,typed_agent_trace_observability,agent_trace_observability_000056,urgency,score,0,1,"[""0"", ""1"", ""2"", ""3""]","[0.37260978641866915, 0.5603878381954233, 0.0653506652879973, 0.0016517100979103244]","[0.526667, 0.333333, 0.133333, 0.006667]"
d1-omni,typed_agent_trace_observability,agent_trace_observability_000057,action,choice,2,1,"[""continue"", ""human_review"", ""observe"", ""stop""]","[0.26227374032779205, 0.432040024833643, 0.2964316736276156, 0.009254561210949325]","[0.316667, 0.116667, 0.55, 0.016667]"
d1-omni,typed_agent_trace_observability,agent_trace_observability_000057,needs_review,noul,0,0,"[""false"", ""true""]","[0.5824602842330933, 0.41753971576690674]","[0.666667, 0.333333]"
d1-omni,typed_agent_trace_observability,agent_trace_observability_000057,outcome,choice,3,2,"[""failure"", ""harmful"", ""partial"", ""success""]","[0.058613200477583526, 0.004823832367660233, 0.4927594723666579, 0.44380349478809833]","[0.15, 0.016667, 0.416667, 0.416667]"
d1-omni,typed_agent_trace_observability,agent_trace_observability_000057,risk,score,1,0,"[""0"", ""1"", ""2"", ""3""]","[0.6740838867689484, 0.3116536452768894, 0.01054015194037943, 0.003722316013782853]","[0.216667, 0.6, 0.166667, 0.016667]"
d1-omni,typed_agent_trace_observability,agent_trace_observability_000057,urgency,score,1,1,"[""0"", ""1"", ""2"", ""3""]","[0.25901801444455874, 0.573272423947422, 0.14015877692708545, 0.0275507846809339]","[0.133333, 0.566667, 0.25, 0.05]"
d1-omni,typed_agent_trace_observability,agent_trace_observability_000058,action,choice,2,1,"[""continue"", ""human_review"", ""observe"", ""stop""]","[0.3160629676452529, 0.3273744394867493, 0.32581875820595335, 0.030743834662044466]","[0.15, 0.39, 0.41, 0.05]"
d1-omni,typed_agent_trace_observability,agent_trace_observability_000058,needs_review,noul,1,0,"[""false"", ""true""]","[0.7023017704486847, 0.2976982295513153]","[0.426667, 0.573333]"
d1-omni,typed_agent_trace_observability,agent_trace_observability_000058,outcome,choice,2,3,"[""failure"", ""harmful"", ""partial"", ""success""]","[0.06714806170152507, 0.003118901145163168, 0.34884242311699426, 0.5808906140363175]","[0.333333, 0.05, 0.46, 0.156667]"
d1-omni,typed_agent_trace_observability,agent_trace_observability_000058,risk,score,1,0,"[""0"", ""1"", ""2"", ""3""]","[0.5578111301694928, 0.4373537515012924, 0.004397510931083894, 0.0004376073981308803]","[0.4, 0.466667, 0.11, 0.023333]"
d1-omni,typed_agent_trace_observability,agent_trace_observability_000058,urgency,score,1,1,"[""0"", ""1"", ""2"", ""3""]","[0.20597111871881607, 0.6620233556326723, 0.11785968962520824, 0.01414583602330333]","[0.133333, 0.566667, 0.283333, 0.016667]"
d1-omni,typed_agent_trace_observability,agent_trace_observability_000059,action,choice,1,1,"[""continue"", ""human_review"", ""observe"", ""stop""]","[0.03146041172943856, 0.8257290690178831, 0.09179326857703451, 0.05101725067564379]","[0.05, 0.666667, 0.166667, 0.116667]"
d1-omni,typed_agent_trace_observability,agent_trace_observability_000059,needs_review,noul,1,1,"[""false"", ""true""]","[0.06896579265594482, 0.9310342073440552]","[0.196667, 0.803333]"
d1-omni,typed_agent_trace_observability,agent_trace_observability_000059,outcome,choice,1,2,"[""failure"", ""harmful"", ""partial"", ""success""]","[0.15725269360856375, 0.3093649035313668, 0.3652380028508903, 0.16814440000917913]","[0.133333, 0.5, 0.283333, 0.083333]"
d1-omni,typed_agent_trace_observability,agent_trace_observability_000059,risk,score,3,3,"[""0"", ""1"", ""2"", ""3""]","[0.10943899711366732, 0.13965984209104784, 0.37502677645634025, 0.37587438433894454]","[0.033333, 0.1, 0.266667, 0.6]"
d1-omni,typed_agent_trace_observability,agent_trace_observability_000059,urgency,score,3,3,"[""0"", ""1"", ""2"", ""3""]","[0.11099563373631785, 0.16759317863593728, 0.19114961935356828, 0.5302615682741766]","[0.033333, 0.133333, 0.3, 0.533333]"
d1-omni,typed_agent_trace_observability,agent_trace_observability_000060,action,choice,0,0,"[""continue"", ""human_review"", ""observe"", ""stop""]","[0.3997027229775179, 0.2583879902678699, 0.33140114059643255, 0.010508146158179648]","[0.736667, 0.043333, 0.213333, 0.006667]"
d1-omni,typed_agent_trace_observability,agent_trace_observability_000060,needs_review,noul,0,0,"[""false"", ""true""]","[0.9635317288339138, 0.0364682711660862]","[0.903333, 0.096667]"
d1-omni,typed_agent_trace_observability,agent_trace_observability_000060,outcome,choice,3,3,"[""failure"", ""harmful"", ""partial"", ""success""]","[0.06647033162346865, 0.0035995442441720876, 0.2453422963146256, 0.6845878278177336]","[0.053333, 0.01, 0.186667, 0.75]"
d1-omni,typed_agent_trace_observability,agent_trace_observability_000060,risk,score,1,0,"[""0"", ""1"", ""2"", ""3""]","[0.7625539475489341, 0.23617965517762848, 0.0007980144181304849, 0.00046838285530689935]","[0.443333, 0.496667, 0.05, 0.01]"
d1-omni,typed_agent_trace_observability,agent_trace_observability_000060,urgency,score,0,1,"[""0"", ""1"", ""2"", ""3""]","[0.2701158165789669, 0.664950832917744, 0.06367925413662355, 0.001254096366665523]","[0.54, 0.346667, 0.103333, 0.01]"
d1-omni,typed_agent_trace_observability,agent_trace_observability_000061,action,choice,1,1,"[""continue"", ""human_review"", ""observe"", ""stop""]","[0.13787816233764688, 0.5433984903794035, 0.30524229491654664, 0.013481052366402985]","[0.083333, 0.433333, 0.433333, 0.05]"
d1-omni,typed_agent_trace_observability,agent_trace_observability_000061,needs_review,noul,0,0,"[""false"", ""true""]","[0.5032232999801636, 0.4967767000198364]","[0.53, 0.47]"
d1-omni,typed_agent_trace_observability,agent_trace_observability_000061,outcome,choice,3,2,"[""failure"", ""harmful"", ""partial"", ""success""]","[0.13499053275180903, 0.018983435522209553, 0.5532126612175776, 0.29281337050840384]","[0.063333, 0.003333, 0.25, 0.683333]"
d1-omni,typed_agent_trace_observability,agent_trace_observability_000061,risk,score,2,1,"[""0"", ""1"", ""2"", ""3""]","[0.38419950580894213, 0.5240616280445699, 0.051740207549038644, 0.03999865859744934]","[0.116667, 0.383333, 0.433333, 0.066667]"
d1-omni,typed_agent_trace_observability,agent_trace_observability_000061,urgency,score,1,1,"[""0"", ""1"", ""2"", ""3""]","[0.2492484376058448, 0.4887440655009727, 0.1621203672253976, 0.09988712966778487]","[0.15, 0.383333, 0.366667, 0.1]"
d1-omni,typed_agent_trace_observability,agent_trace_observability_000062,action,choice,0,2,"[""continue"", ""human_review"", ""observe"", ""stop""]","[0.2173195557449907, 0.3613749025301109, 0.4047875268642316, 0.01651801486066679]","[0.533333, 0.1, 0.366667, 0.0]"
d1-omni,typed_agent_trace_observability,agent_trace_observability_000062,needs_review,noul,0,0,"[""false"", ""true""]","[0.7334354519844055, 0.2665645480155945]","[0.85, 0.15]"
d1-omni,typed_agent_trace_observability,agent_trace_observability_000062,outcome,choice,3,2,"[""failure"", ""harmful"", ""partial"", ""success""]","[0.04529226165826159, 0.002175375516636045, 0.5754623248472038, 0.37707003797789856]","[0.083333, 0.0, 0.283333, 0.633333]"
d1-omni,typed_agent_trace_observability,agent_trace_observability_000062,risk,score,1,0,"[""0"", ""1"", ""2"", ""3""]","[0.6255353779492885, 0.3579910151184171, 0.006223429549916794, 0.010250177382377674]","[0.466667, 0.483333, 0.05, 0.0]"
d1-omni,typed_agent_trace_observability,agent_trace_observability_000062,urgency,score,0,1,"[""0"", ""1"", ""2"", ""3""]","[0.267325935538376, 0.6358097739118973, 0.09547951738594034, 0.0013847731637862866]","[0.566667, 0.366667, 0.05, 0.016667]"
d1-omni,typed_agent_trace_observability,agent_trace_observability_000063,action,choice,1,1,"[""continue"", ""human_review"", ""observe"", ""stop""]","[0.05145048126109403, 0.8041960829217719, 0.1324968972312322, 0.011856538585901908]","[0.033333, 0.573333, 0.1, 0.293333]"
d1-omni,typed_agent_trace_observability,agent_trace_observability_000063,needs_review,noul,1,1,"[""false"", ""true""]","[0.3876678943634033, 0.6123321056365967]","[0.14, 0.86]"
d1-omni,typed_agent_trace_observability,agent_trace_observability_000063,outcome,choice,1,2,"[""failure"", ""harmful"", ""partial"", ""success""]","[0.10257969490946249, 0.17165137315835435, 0.43652604709488013, 0.28924288483730304]","[0.073333, 0.743333, 0.166667, 0.016667]"
d1-omni,typed_agent_trace_observability,agent_trace_observability_000063,risk,score,3,0,"[""0"", ""1"", ""2"", ""3""]","[0.2906996819168424, 0.22728177227730237, 0.22986214667969504, 0.25215639912616017]","[0.016667, 0.05, 0.366667, 0.566667]"
d1-omni,typed_agent_trace_observability,agent_trace_observability_000063,urgency,score,3,1,"[""0"", ""1"", ""2"", ""3""]","[0.2175152816804021, 0.4379860893642124, 0.0908881168481664, 0.2536105121072191]","[0.016667, 0.1, 0.366667, 0.516667]"
d1-omni,typed_agent_trace_observability,agent_trace_observability_000064,action,choice,2,2,"[""continue"", ""human_review"", ""observe"", ""stop""]","[0.26091071461596793, 0.35563701789358243, 0.36800361195240955, 0.015448655538040087]","[0.316667, 0.216667, 0.416667, 0.05]"
d1-omni,typed_agent_trace_observability,agent_trace_observability_000064,needs_review,noul,0,1,"[""false"", ""true""]","[0.4646027684211731, 0.5353972315788269]","[0.666667, 0.333333]"
d1-omni,typed_agent_trace_observability,agent_trace_observability_000064,outcome,choice,2,3,"[""failure"", ""harmful"", ""partial"", ""success""]","[0.07339381621379755, 0.0037587393141575816, 0.4251256399937726, 0.49772180447827225]","[0.283333, 0.016667, 0.493333, 0.206667]"
d1-omni,typed_agent_trace_observability,agent_trace_observability_000064,risk,score,0,0,"[""0"", ""1"", ""2"", ""3""]","[0.5618437027077208, 0.435643501457582, 0.002160998796143607, 0.0003517970385535937]","[0.683333, 0.266667, 0.046667, 0.003333]"
d1-omni,typed_agent_trace_observability,agent_trace_observability_000064,urgency,score,0,1,"[""0"", ""1"", ""2"", ""3""]","[0.18441388766673492, 0.7132892900935642, 0.09603169953952989, 0.006265122700170985]","[0.4, 0.366667, 0.2, 0.033333]"
d1-omni,typed_agent_trace_observability,agent_trace_observability_000065,action,choice,1,1,"[""continue"", ""human_review"", ""observe"", ""stop""]","[0.04536832090192794, 0.779700809868419, 0.09896098003565534, 0.07596988919399761]","[0.016667, 0.583333, 0.066667, 0.333333]"
d1-omni,typed_agent_trace_observability,agent_trace_observability_000065,needs_review,noul,1,1,"[""false"", ""true""]","[0.49399322271347046, 0.5060067772865295]","[0.073333, 0.926667]"
d1-omni,typed_agent_trace_observability,agent_trace_observability_000065,outcome,choice,1,2,"[""failure"", ""harmful"", ""partial"", ""success""]","[0.10672393093719822, 0.2918318916794617, 0.4337256116317813, 0.16771856575155875]","[0.116667, 0.8, 0.083333, 0.0]"
d1-omni,typed_agent_trace_observability,agent_trace_observability_000065,risk,score,3,3,"[""0"", ""1"", ""2"", ""3""]","[0.18652603964429976, 0.28580086571571633, 0.13783065563945007, 0.38984243900053384]","[0.0, 0.05, 0.25, 0.7]"
d1-omni,typed_agent_trace_observability,agent_trace_observability_000065,urgency,score,3,3,"[""0"", ""1"", ""2"", ""3""]","[0.1530852100364025, 0.1894939159083106, 0.29306499840028594, 0.364355875655001]","[0.016667, 0.116667, 0.366667, 0.5]"
d1-omni,typed_agent_trace_observability,agent_trace_observability_000066,action,choice,2,2,"[""continue"", ""human_review"", ""observe"", ""stop""]","[0.2119565204952581, 0.3607276204526255, 0.42450530251450647, 0.0028105565376099393]","[0.15, 0.35, 0.416667, 0.083333]"
d1-omni,typed_agent_trace_observability,agent_trace_observability_000066,needs_review,noul,1,0,"[""false"", ""true""]","[0.7716814130544662, 0.22831858694553375]","[0.483333, 0.516667]"
d1-omni,typed_agent_trace_observability,agent_trace_observability_000066,outcome,choice,2,3,"[""failure"", ""harmful"", ""partial"", ""success""]","[0.10934358925202332, 0.0014428404330396238, 0.4226037586606184, 0.46660981165431864]","[0.366667, 0.0, 0.45, 0.183333]"
d1-omni,typed_agent_trace_observability,agent_trace_observability_000066,risk,score,1,0,"[""0"", ""1"", ""2"", ""3""]","[0.7434723299903012, 0.25453568179756864, 0.0009622755753050562, 0.0010297126368251127]","[0.4, 0.516667, 0.083333, 0.0]"
d1-omni,typed_agent_trace_observability,agent_trace_observability_000066,urgency,score,1,1,"[""0"", ""1"", ""2"", ""3""]","[0.33979616209945857, 0.5596742735555433, 0.09749316607996505, 0.0030363982650330893]","[0.333333, 0.566667, 0.1, 0.0]"
d1-omni,typed_agent_trace_observability,agent_trace_observability_000067,action,choice,0,0,"[""continue"", ""human_review"", ""observe"", ""stop""]","[0.36865762064942803, 0.29142385870481957, 0.337048681316681, 0.0028698393290714514]","[0.5, 0.07, 0.423333, 0.006667]"
d1-omni,typed_agent_trace_observability,agent_trace_observability_000067,needs_review,noul,0,0,"[""false"", ""true""]","[0.8874522969126701, 0.11254770308732986]","[0.9, 0.1]"
d1-omni,typed_agent_trace_observability,agent_trace_observability_000067,outcome,choice,3,3,"[""failure"", ""harmful"", ""partial"", ""success""]","[0.06072804654156664, 0.008781708311808644, 0.2078806272234728, 0.7226096179231519]","[0.04, 0.01, 0.1, 0.85]"
d1-omni,typed_agent_trace_observability,agent_trace_observability_000067,risk,score,0,0,"[""0"", ""1"", ""2"", ""3""]","[0.8607217513173128, 0.13703058411171995, 0.0011187575088667018, 0.0011289070621005373]","[0.92, 0.066667, 0.011667, 0.001667]"
d1-omni,typed_agent_trace_observability,agent_trace_observability_000067,urgency,score,0,1,"[""0"", ""1"", ""2"", ""3""]","[0.31745416495110157, 0.5211624000523017, 0.1575003294571129, 0.0038831055394837463]","[0.8, 0.166667, 0.026667, 0.006667]"
d1-omni,typed_agent_trace_observability,agent_trace_observability_000068,action,choice,2,2,"[""continue"", ""human_review"", ""observe"", ""stop""]","[0.23563478579848351, 0.3187292474673973, 0.4216454570153389, 0.02399050971878028]","[0.083333, 0.416667, 0.433333, 0.066667]"
d1-omni,typed_agent_trace_observability,agent_trace_observability_000068,needs_review,noul,1,0,"[""false"", ""true""]","[0.6295724511146545, 0.37042754888534546]","[0.393333, 0.606667]"
d1-omni,typed_agent_trace_observability,agent_trace_observability_000068,outcome,choice,2,3,"[""failure"", ""harmful"", ""partial"", ""success""]","[0.1005678756490427, 0.0018652175698834373, 0.33106859449879533, 0.5664983122822785]","[0.306667, 0.016667, 0.55, 0.126667]"
d1-omni,typed_agent_trace_observability,agent_trace_observability_000068,risk,score,0,0,"[""0"", ""1"", ""2"", ""3""]","[0.8069832374338857, 0.19062085484114094, 0.0012601071346660146, 0.001135800590307336]","[0.65, 0.273333, 0.073333, 0.003333]"
d1-omni,typed_agent_trace_observability,agent_trace_observability_000068,urgency,score,1,1,"[""0"", ""1"", ""2"", ""3""]","[0.27825598638960636, 0.6774914085068116, 0.043164110601722545, 0.001088494501859543]","[0.183333, 0.483333, 0.3, 0.033333]"
d1-omni,typed_agent_trace_observability,agent_trace_observability_000069,action,choice,3,1,"[""continue"", ""human_review"", ""observe"", ""stop""]","[0.02793119479419325, 0.7838752950809238, 0.16942623643219792, 0.018767273692685032]","[0.02, 0.45, 0.063333, 0.466667]"
d1-omni,typed_agent_trace_observability,agent_trace_observability_000069,needs_review,noul,1,1,"[""false"", ""true""]","[0.21187669038772583, 0.7881233096122742]","[0.056667, 0.943333]"
d1-omni,typed_agent_trace_observability,agent_trace_observability_000069,outcome,choice,1,2,"[""failure"", ""harmful"", ""partial"", ""success""]","[0.15301552642905006, 0.1791450556985297, 0.4369080429808504, 0.23093137489156984]","[0.083333, 0.816667, 0.076667, 0.023333]"
d1-omni,typed_agent_trace_observability,agent_trace_observability_000069,risk,score,3,3,"[""0"", ""1"", ""2"", ""3""]","[0.1697469987663701, 0.16784152763727742, 0.1188160878155251, 0.5435953857808273]","[0.003333, 0.03, 0.316667, 0.65]"
d1-omni,typed_agent_trace_observability,agent_trace_observability_000069,urgency,score,3,3,"[""0"", ""1"", ""2"", ""3""]","[0.18137698145772488, 0.2741718631114343, 0.12039607942694544, 0.42405507600389536]","[0.016667, 0.066667, 0.266667, 0.65]"
d1-omni,typed_agent_trace_observability,agent_trace_observability_000070,action,choice,2,1,"[""continue"", ""human_review"", ""observe"", ""stop""]","[0.2116394765162156, 0.4498032897593552, 0.32999517500371783, 0.008562058720711394]","[0.316667, 0.193333, 0.45, 0.04]"
d1-omni,typed_agent_trace_observability,agent_trace_observability_000070,needs_review,noul,0,1,"[""false"", ""true""]","[0.44556665420532227, 0.5544333457946777]","[0.676667, 0.323333]"
d1-omni,typed_agent_trace_observability,agent_trace_observability_000070,outcome,choice,3,3,"[""failure"", ""harmful"", ""partial"", ""success""]","[0.008029577941415013, 0.0023131777098633634, 0.37603156296599866, 0.613625681382723]","[0.063333, 0.026667, 0.266667, 0.643333]"
d1-omni,typed_agent_trace_observability,agent_trace_observability_000070,risk,score,2,1,"[""0"", ""1"", ""2"", ""3""]","[0.4548906861204798, 0.5333788849401304, 0.0064066106615696065, 0.00532381827782018]","[0.073333, 0.236667, 0.616667, 0.073333]"
d1-omni,typed_agent_trace_observability,agent_trace_observability_000070,urgency,score,1,1,"[""0"", ""1"", ""2"", ""3""]","[0.2778135102469825, 0.6408269179344819, 0.0537682132177327, 0.02759135860080294]","[0.116667, 0.416667, 0.383333, 0.083333]"
d1-omni,typed_agent_trace_observability,agent_trace_observability_000071,action,choice,0,1,"[""continue"", ""human_review"", ""observe"", ""stop""]","[0.21285941364234745, 0.514894524937896, 0.24408951937057094, 0.02815654204918559]","[0.533333, 0.116667, 0.333333, 0.016667]"
d1-omni,typed_agent_trace_observability,agent_trace_observability_000071,needs_review,noul,0,0,"[""false"", ""true""]","[0.7387859225273132, 0.26121407747268677]","[0.833333, 0.166667]"
d1-omni,typed_agent_trace_observability,agent_trace_observability_000071,outcome,choice,3,3,"[""failure"", ""harmful"", ""partial"", ""success""]","[0.03689988345471162, 0.003817624894137785, 0.30763021240414673, 0.6516522792470039]","[0.1, 0.0, 0.316667, 0.583333]"
d1-omni,typed_agent_trace_observability,agent_trace_observability_000071,risk,score,0,0,"[""0"", ""1"", ""2"", ""3""]","[0.7141843958201748, 0.28351857342534553, 0.0014133502128592876, 0.0008836805416203777]","[0.566667, 0.383333, 0.05, 0.0]"
d1-omni,typed_agent_trace_observability,agent_trace_observability_000071,urgency,score,0,1,"[""0"", ""1"", ""2"", ""3""]","[0.4404316157807282, 0.5428393373834894, 0.015405280205291524, 0.0013237666304908196]","[0.633333, 0.283333, 0.083333, 0.0]"
d1-omni,typed_agent_trace_observability,agent_trace_observability_000072,action,choice,2,2,"[""continue"", ""human_review"", ""observe"", ""stop""]","[0.1171357494995578, 0.43174577447631474, 0.43934143237540346, 0.01177704364872399]","[0.183333, 0.35, 0.4, 0.066667]"
d1-omni,typed_agent_trace_observability,agent_trace_observability_000072,needs_review,noul,1,0,"[""false"", ""true""]","[0.5757465362548828, 0.4242534637451172]","[0.416667, 0.583333]"
d1-omni,typed_agent_trace_observability,agent_trace_observability_000072,outcome,choice,2,3,"[""failure"", ""harmful"", ""partial"", ""success""]","[0.0752889491531566, 0.009764700836995219, 0.43006076127109644, 0.48488558873875176]","[0.123333, 0.026667, 0.533333, 0.316667]"
d1-omni,typed_agent_trace_observability,agent_trace_observability_000072,risk,score,2,0,"[""0"", ""1"", ""2"", ""3""]","[0.3751581851369413, 0.3351096460951917, 0.0642561157903654, 0.22547605297750156]","[0.066667, 0.3, 0.55, 0.083333]"
d1-omni,typed_agent_trace_observability,agent_trace_observability_000072,urgency,score,2,1,"[""0"", ""1"", ""2"", ""3""]","[0.2634211978531928, 0.5060734560313278, 0.15210094481330572, 0.07840440130217369]","[0.2, 0.333333, 0.366667, 0.1]"
d1-omni,typed_agent_trace_observability,agent_trace_observability_000073,action,choice,1,1,"[""continue"", ""human_review"", ""observe"", ""stop""]","[0.11880148246437863, 0.5426517149159749, 0.32930666330943503, 0.009240139310211462]","[0.09, 0.533333, 0.326667, 0.05]"
d1-omni,typed_agent_trace_observability,agent_trace_observability_000073,needs_review,noul,1,0,"[""false"", ""true""]","[0.5983319878578186, 0.4016680121421814]","[0.373333, 0.626667]"
d1-omni,typed_agent_trace_observability,agent_trace_observability_000073,outcome,choice,3,2,"[""failure"", ""harmful"", ""partial"", ""success""]","[0.1969660025824643, 0.02484280742154178, 0.45811553680244466, 0.32007565319354925]","[0.063333, 0.026667, 0.266667, 0.643333]"
d1-omni,typed_agent_trace_observability,agent_trace_observability_000073,risk,score,2,0,"[""0"", ""1"", ""2"", ""3""]","[0.638528925084532, 0.3234370859717913, 0.02079366655606465, 0.01724032238761202]","[0.106667, 0.21, 0.583333, 0.1]"
d1-omni,typed_agent_trace_observability,agent_trace_observability_000073,urgency,score,2,0,"[""0"", ""1"", ""2"", ""3""]","[0.6169647206685114, 0.2492122799627614, 0.08860893019384562, 0.045214069174881626]","[0.093333, 0.306667, 0.476667, 0.123333]"
d1-omni,typed_agent_trace_observability,agent_trace_observability_000074,action,choice,0,0,"[""continue"", ""human_review"", ""observe"", ""stop""]","[0.5260510969648688, 0.16114051422426715, 0.3070021528270736, 0.005806235983790437]","[0.6, 0.05, 0.35, 0.0]"
d1-omni,typed_agent_trace_observability,agent_trace_observability_000074,needs_review,noul,0,0,"[""false"", ""true""]","[0.9635162837803364, 0.03648371621966362]","[0.916667, 0.083333]"
d1-omni,typed_agent_trace_observability,agent_trace_observability_000074,outcome,choice,3,3,"[""failure"", ""harmful"", ""partial"", ""success""]","[0.09394529216879217, 0.004388000701680761, 0.1747877850252595, 0.7268789221042675]","[0.183333, 0.0, 0.166667, 0.65]"
d1-omni,typed_agent_trace_observability,agent_trace_observability_000074,risk,score,0,0,"[""0"", ""1"", ""2"", ""3""]","[0.8570800914154132, 0.1417299640611811, 0.0008265671684162834, 0.0003633773549893923]","[0.783333, 0.216667, 0.0, 0.0]"
d1-omni,typed_agent_trace_observability,agent_trace_observability_000074,urgency,score,0,1,"[""0"", ""1"", ""2"", ""3""]","[0.40534763221148234, 0.5354780978142013, 0.05812602675276466, 0.0010482432215517185]","[0.866667, 0.133333, 0.0, 0.0]"
d1-omni,typed_agent_trace_observability,agent_trace_observability_000075,action,choice,2,2,"[""continue"", ""human_review"", ""observe"", ""stop""]","[0.22981940038636772, 0.3516556594397451, 0.41356068541436874, 0.004964254759518394]","[0.383333, 0.15, 0.45, 0.016667]"
d1-omni,typed_agent_trace_observability,agent_trace_observability_000075,needs_review,noul,0,0,"[""false"", ""true""]","[0.6425949037075043, 0.3574050962924957]","[0.766667, 0.233333]"
d1-omni,typed_agent_trace_observability,agent_trace_observability_000075,outcome,choice,3,3,"[""failure"", ""harmful"", ""partial"", ""success""]","[0.07486554186413177, 0.005110754598141385, 0.3285194315950982, 0.5915042719426287]","[0.1, 0.0, 0.433333, 0.466667]"
d1-omni,typed_agent_trace_observability,agent_trace_observability_000075,risk,score,1,0,"[""0"", ""1"", ""2"", ""3""]","[0.7526433690653561, 0.24156579667387654, 0.0022154002283047308, 0.0035754340324626655]","[0.383333, 0.55, 0.066667, 0.0]"
d1-omni,typed_agent_trace_observability,agent_trace_observability_000075,urgency,score,0,1,"[""0"", ""1"", ""2"", ""3""]","[0.34477619396300463, 0.4734163429799856, 0.17810047220188713, 0.0037069908551226353]","[0.516667, 0.4, 0.083333, 0.0]"
d1-omni,typed_agent_trace_observability,agent_trace_observability_000076,action,choice,1,1,"[""continue"", ""human_review"", ""observe"", ""stop""]","[0.12176790663365405, 0.5082685876413912, 0.35696377851585237, 0.012999727209102448]","[0.183333, 0.433333, 0.333333, 0.05]"
d1-omni,typed_agent_trace_observability,agent_trace_observability_000076,needs_review,noul,1,1,"[""false"", ""true""]","[0.35297566652297974, 0.6470243334770203]","[0.383333, 0.616667]"
d1-omni,typed_agent_trace_observability,agent_trace_observability_000076,outcome,choice,2,3,"[""failure"", ""harmful"", ""partial"", ""success""]","[0.04517007932776482, 0.014671565773522554, 0.38669394942585816, 0.5534644054728545]","[0.193333, 0.056667, 0.583333, 0.166667]"
d1-omni,typed_agent_trace_observability,agent_trace_observability_000076,risk,score,2,0,"[""0"", ""1"", ""2"", ""3""]","[0.5257708567395657, 0.44361899459858595, 0.010826682954232322, 0.019783465707615987]","[0.116667, 0.233333, 0.55, 0.1]"
d1-omni,typed_agent_trace_observability,agent_trace_observability_000076,urgency,score,2,1,"[""0"", ""1"", ""2"", ""3""]","[0.33481854824011303, 0.559924910961183, 0.04046465904386079, 0.06479188175484318]","[0.083333, 0.266667, 0.483333, 0.166667]"
d1-omni,typed_agent_trace_observability,agent_trace_observability_000077,action,choice,1,1,"[""continue"", ""human_review"", ""observe"", ""stop""]","[0.05293758771230622, 0.7609941690063305, 0.1641798110317133, 0.021888432249649963]","[0.033333, 0.75, 0.116667, 0.1]"
d1-omni,typed_agent_trace_observability,agent_trace_observability_000077,needs_review,noul,1,1,"[""false"", ""true""]","[0.2605360150337219, 0.7394639849662781]","[0.106667, 0.893333]"
d1-omni,typed_agent_trace_observability,agent_trace_observability_000077,outcome,choice,1,2,"[""failure"", ""harmful"", ""partial"", ""success""]","[0.14090638722897825, 0.17467988246620228, 0.4749962475152501, 0.20941748278956937]","[0.15, 0.633333, 0.193333, 0.023333]"
d1-omni,typed_agent_trace_observability,agent_trace_observability_000077,risk,score,3,3,"[""0"", ""1"", ""2"", ""3""]","[0.10664182076870038, 0.11169374650944958, 0.1040259070394493, 0.6776385256824007]","[0.0, 0.073333, 0.426667, 0.5]"
d1-omni,typed_agent_trace_observability,agent_trace_observability_000077,urgency,score,3,1,"[""0"", ""1"", ""2"", ""3""]","[0.2076433943430348, 0.4129482301983587, 0.10898608957945011, 0.2704222858791564]","[0.016667, 0.166667, 0.383333, 0.433333]"
d1-omni,typed_agent_trace_observability,agent_trace_observability_000078,action,choice,2,1,"[""continue"", ""human_review"", ""observe"", ""stop""]","[0.10628757833693096, 0.6144791961685411, 0.26497871201909423, 0.014254513475433722]","[0.183333, 0.383333, 0.383333, 0.05]"
d1-omni,typed_agent_trace_observability,agent_trace_observability_000078,needs_review,noul,1,1,"[""false"", ""true""]","[0.45528626441955566, 0.5447137355804443]","[0.366667, 0.633333]"
d1-omni,typed_agent_trace_observability,agent_trace_observability_000078,outcome,choice,3,2,"[""failure"", ""harmful"", ""partial"", ""success""]","[0.07925269634645139, 0.01806072118787883, 0.5292686145116595, 0.3734179679540102]","[0.086667, 0.02, 0.326667, 0.566667]"
d1-omni,typed_agent_trace_observability,agent_trace_observability_000078,risk,score,2,1,"[""0"", ""1"", ""2"", ""3""]","[0.4276793619751455, 0.4739508981966151, 0.05904401161104527, 0.03932572821719409]","[0.083333, 0.233333, 0.5, 0.183333]"
d1-omni,typed_agent_trace_observability,agent_trace_observability_000078,urgency,score,2,1,"[""0"", ""1"", ""2"", ""3""]","[0.2548386885514171, 0.5379041713873237, 0.13512348343330907, 0.07213365662795004]","[0.066667, 0.283333, 0.433333, 0.216667]"
d1-omni,typed_agent_trace_observability,agent_trace_observability_000079,action,choice,0,0,"[""continue"", ""human_review"", ""observe"", ""stop""]","[0.5340171218856075, 0.1854339606552649, 0.27781500176930213, 0.00273391568982557]","[0.74, 0.036667, 0.223333, 0.0]"
d1-omni,typed_agent_trace_observability,agent_trace_observability_000079,needs_review,noul,0,0,"[""false"", ""true""]","[0.7471511662006378, 0.2528488337993622]","[0.916667, 0.083333]"
d1-omni,typed_agent_trace_observability,agent_trace_observability_000079,outcome,choice,3,3,"[""failure"", ""harmful"", ""partial"", ""success""]","[0.06443225000335125, 0.002676686801254296, 0.33896312922570837, 0.5939279339696861]","[0.026667, 0.0, 0.183333, 0.79]"
d1-omni,typed_agent_trace_observability,agent_trace_observability_000079,risk,score,0,0,"[""0"", ""1"", ""2"", ""3""]","[0.6710116828879674, 0.31406539517700705, 0.004283201393152021, 0.010639720541873515]","[0.483333, 0.45, 0.063333, 0.003333]"
d1-omni,typed_agent_trace_observability,agent_trace_observability_000079,urgency,score,1,1,"[""0"", ""1"", ""2"", ""3""]","[0.2526703367483144, 0.6354903899596044, 0.10647525177234858, 0.005364021519732661]","[0.366667, 0.483333, 0.126667, 0.023333]"
d1-omni,typed_agent_trace_observability,agent_trace_observability_000080,action,choice,1,1,"[""continue"", ""human_review"", ""observe"", ""stop""]","[0.09395370712458925, 0.6467209596645153, 0.2467249457248525, 0.012600387486042967]","[0.1, 0.6, 0.25, 0.05]"
d1-omni,typed_agent_trace_observability,agent_trace_observability_000080,needs_review,noul,1,0,"[""false"", ""true""]","[0.797602578997612, 0.202397421002388]","[0.216667, 0.783333]"
d1-omni,typed_agent_trace_observability,agent_trace_observability_000080,outcome,choice,0,3,"[""failure"", ""harmful"", ""partial"", ""success""]","[0.1388903961309479, 0.015364722793548764, 0.36830942656610116, 0.4774354545094022]","[0.5, 0.033333, 0.41, 0.056667]"
d1-omni,typed_agent_trace_observability,agent_trace_observability_000080,risk,score,2,0,"[""0"", ""1"", ""2"", ""3""]","[0.6394475484079571, 0.23413167108898966, 0.07270011807120941, 0.05372066243184372]","[0.116667, 0.316667, 0.5, 0.066667]"
d1-omni,typed_agent_trace_observability,agent_trace_observability_000080,urgency,score,0,1,"[""0"", ""1"", ""2"", ""3""]","[0.2670194883624732, 0.7152554008265575, 0.014681860307370374, 0.003043250503598902]","[0.4, 0.333333, 0.216667, 0.05]"
d1-omni,typed_agent_trace_observability,agent_trace_observability_000081,action,choice,2,2,"[""continue"", ""human_review"", ""observe"", ""stop""]","[0.2233131787139908, 0.2865400455767498, 0.47902100662525127, 0.011125769084008188]","[0.2, 0.316667, 0.433333, 0.05]"
d1-omni,typed_agent_trace_observability,agent_trace_observability_000081,needs_review,noul,1,0,"[""false"", ""true""]","[0.7272026538848877, 0.2727973461151123]","[0.45, 0.55]"
d1-omni,typed_agent_trace_observability,agent_trace_observability_000081,outcome,choice,2,3,"[""failure"", ""harmful"", ""partial"", ""success""]","[0.06650033923282965, 0.0040489386103312605, 0.4605110000313846, 0.46893972212545443]","[0.2, 0.033333, 0.526667, 0.24]"
d1-omni,typed_agent_trace_observability,agent_trace_observability_000081,risk,score,1,0,"[""0"", ""1"", ""2"", ""3""]","[0.7279305381261688, 0.2609838900131629, 0.008982306447351431, 0.002103265413316812]","[0.383333, 0.466667, 0.126667, 0.023333]"
d1-omni,typed_agent_trace_observability,agent_trace_observability_000081,urgency,score,1,1,"[""0"", ""1"", ""2"", ""3""]","[0.2722203645338375, 0.5167426303315448, 0.1890968620504315, 0.021940143084186254]","[0.183333, 0.483333, 0.266667, 0.066667]"
d1-omni,typed_agent_trace_observability,agent_trace_observability_000082,action,choice,1,2,"[""continue"", ""human_review"", ""observe"", ""stop""]","[0.22309764051624892, 0.2996731443749124, 0.4735771784004255, 0.0036520367084132217]","[0.083333, 0.5, 0.316667, 0.1]"
d1-omni,typed_agent_trace_observability,agent_trace_observability_000082,needs_review,noul,1,0,"[""false"", ""true""]","[0.7479530274868011, 0.25204697251319885]","[0.316667, 0.683333]"
d1-omni,typed_agent_trace_observability,agent_trace_observability_000082,outcome,choice,0,3,"[""failure"", ""harmful"", ""partial"", ""success""]","[0.0790763990171444, 0.006171895898222979, 0.37624396507300933, 0.5385077400116233]","[0.71, 0.006667, 0.246667, 0.036667]"
d1-omni,typed_agent_trace_observability,agent_trace_observability_000082,risk,score,0,0,"[""0"", ""1"", ""2"", ""3""]","[0.7596327140926216, 0.2396138333933737, 0.0003495551971078414, 0.00040389731689686293]","[0.743333, 0.19, 0.056667, 0.01]"
d1-omni,typed_agent_trace_observability,agent_trace_observability_000082,urgency,score,1,1,"[""0"", ""1"", ""2"", ""3""]","[0.31110632333569516, 0.6498503070983634, 0.038735229414892186, 0.00030814015104920503]","[0.3, 0.416667, 0.25, 0.033333]"
d1-omni,typed_agent_trace_observability,agent_trace_observability_000083,action,choice,2,2,"[""continue"", ""human_review"", ""observe"", ""stop""]","[0.3048650267559099, 0.33696331946247593, 0.33944054805784396, 0.01873110572377023]","[0.35, 0.126667, 0.516667, 0.006667]"
d1-omni,typed_agent_trace_observability,agent_trace_observability_000083,needs_review,noul,0,0,"[""false"", ""true""]","[0.8057087808847427, 0.19429121911525726]","[0.833333, 0.166667]"
d1-omni,typed_agent_trace_observability,agent_trace_observability_000083,outcome,choice,3,3,"[""failure"", ""harmful"", ""partial"", ""success""]","[0.09970506338820605, 0.0033318640554381913, 0.4369083398883896, 0.46005473266796615]","[0.063333, 0.003333, 0.366667, 0.566667]"
d1-omni,typed_agent_trace_observability,agent_trace_observability_000083,risk,score,1,0,"[""0"", ""1"", ""2"", ""3""]","[0.6146584729186216, 0.37235033390743083, 0.009560913747676463, 0.0034302794262711165]","[0.166667, 0.7, 0.11, 0.023333]"
d1-omni,typed_agent_trace_observability,agent_trace_observability_000083,urgency,score,1,1,"[""0"", ""1"", ""2"", ""3""]","[0.29115907957627035, 0.5675517036444978, 0.13003908812283185, 0.011250128656399986]","[0.25, 0.566667, 0.15, 0.033333]"
d1-omni,typed_agent_trace_observability,agent_trace_observability_000084,action,choice,0,2,"[""continue"", ""human_review"", ""observe"", ""stop""]","[0.2850954287703229, 0.34938449318305576, 0.3581448860120938, 0.007375192034527511]","[0.493333, 0.086667, 0.416667, 0.003333]"
d1-omni,typed_agent_trace_observability,agent_trace_observability_000084,needs_review,noul,0,0,"[""false"", ""true""]","[0.83925361931324, 0.16074638068675995]","[0.876667, 0.123333]"
d1-omni,typed_agent_trace_observability,agent_trace_observability_000084,outcome,choice,2,3,"[""failure"", ""harmful"", ""partial"", ""success""]","[0.06319141800486006, 0.00199149585094348, 0.32104001740109084, 0.6137770687431057]","[0.066667, 0.006667, 0.616667, 0.31]"
d1-omni,typed_agent_trace_observability,agent_trace_observability_000084,risk,score,0,0,"[""0"", ""1"", ""2"", ""3""]","[0.5721282102014839, 0.4269020660735103, 0.00037929638072506556, 0.0005904273442807709]","[0.913333, 0.066667, 0.016667, 0.003333]"
d1-omni,typed_agent_trace_observability,agent_trace_observability_000084,urgency,score,0,1,"[""0"", ""1"", ""2"", ""3""]","[0.30792372952796465, 0.6529878279091305, 0.03714606482198131, 0.0019423777409236522]","[0.823333, 0.143333, 0.03, 0.003333]"
d1-omni,typed_agent_trace_observability,agent_trace_observability_000085,action,choice,0,1,"[""continue"", ""human_review"", ""observe"", ""stop""]","[0.2050911619906873, 0.5361383127906407, 0.24536245586241484, 0.01340806935625713]","[0.45, 0.106667, 0.433333, 0.01]"
d1-omni,typed_agent_trace_observability,agent_trace_observability_000085,needs_review,noul,0,0,"[""false"", ""true""]","[0.8570133149623871, 0.14298668503761292]","[0.816667, 0.183333]"
d1-omni,typed_agent_trace_observability,agent_trace_observability_000085,outcome,choice,2,3,"[""failure"", ""harmful"", ""partial"", ""success""]","[0.0921494195129852, 0.004256345236532124, 0.45085157936398135, 0.4527426558865013]","[0.086667, 0.013333, 0.466667, 0.433333]"
d1-omni,typed_agent_trace_observability,agent_trace_observability_000085,risk,score,0,0,"[""0"", ""1"", ""2"", ""3""]","[0.7904068976480336, 0.20728521366363695, 0.0013246377180593635, 0.0009832509702700223]","[0.65, 0.266667, 0.076667, 0.006667]"
d1-omni,typed_agent_trace_observability,agent_trace_observability_000085,urgency,score,0,0,"[""0"", ""1"", ""2"", ""3""]","[0.5494737800552025, 0.4462550722976976, 0.0038234979203662723, 0.00044764972673355804]","[0.466667, 0.383333, 0.143333, 0.006667]"
d1-omni,typed_agent_trace_observability,agent_trace_observability_000086,action,choice,3,1,"[""continue"", ""human_review"", ""observe"", ""stop""]","[0.05043960121675286, 0.8255430079206864, 0.06529315731321313, 0.05872423354934765]","[0.016667, 0.433333, 0.1, 0.45]"
d1-omni,typed_agent_trace_observability,agent_trace_observability_000086,needs_review,noul,1,1,"[""false"", ""true""]","[0.17001163959503174, 0.8299883604049683]","[0.083333, 0.916667]"
d1-omni,typed_agent_trace_observability,agent_trace_observability_000086,outcome,choice,1,2,"[""failure"", ""harmful"", ""partial"", ""success""]","[0.1436658309797695, 0.2434404270815722, 0.46639414231794646, 0.14649959962071182]","[0.073333, 0.766667, 0.14, 0.02]"
d1-omni,typed_agent_trace_observability,agent_trace_observability_000086,risk,score,3,1,"[""0"", ""1"", ""2"", ""3""]","[0.1627553254365921, 0.46138033270835876, 0.1672252118587494, 0.20863912999629974]","[0.01, 0.056667, 0.3, 0.633333]"
d1-omni,typed_agent_trace_observability,agent_trace_observability_000086,urgency,score,3,1,"[""0"", ""1"", ""2"", ""3""]","[0.14599458438174176, 0.3755752928383561, 0.17157189036691514, 0.306858232412987]","[0.016667, 0.1, 0.383333, 0.5]"
d1-omni,typed_agent_trace_observability,agent_trace_observability_000087,action,choice,2,2,"[""continue"", ""human_review"", ""observe"", ""stop""]","[0.19867868018356166, 0.32750915321954727, 0.4496965845222862, 0.02411558207460482]","[0.35, 0.183333, 0.416667, 0.05]"
d1-omni,typed_agent_trace_observability,agent_trace_observability_000087,needs_review,noul,0,0,"[""false"", ""true""]","[0.6286152303218842, 0.37138476967811584]","[0.666667, 0.333333]"
d1-omni,typed_agent_trace_observability,agent_trace_observability_000087,outcome,choice,2,2,"[""failure"", ""harmful"", ""partial"", ""success""]","[0.09425928030003591, 0.0035514332205677443, 0.49656845884906065, 0.4056208276303357]","[0.256667, 0.033333, 0.6, 0.11]"
d1-omni,typed_agent_trace_observability,agent_trace_observability_000087,risk,score,0,0,"[""0"", ""1"", ""2"", ""3""]","[0.6672830100976311, 0.32720795839447314, 0.004978851501289691, 0.0005301800066060073]","[0.766667, 0.2, 0.033333, 0.0]"
d1-omni,typed_agent_trace_observability,agent_trace_observability_000087,urgency,score,0,1,"[""0"", ""1"", ""2"", ""3""]","[0.3095565240430545, 0.6505944939406204, 0.03719315425722125, 0.002655827759103863]","[0.366667, 0.266667, 0.333333, 0.033333]"
d1-omni,typed_agent_trace_observability,agent_trace_observability_000088,action,choice,1,1,"[""continue"", ""human_review"", ""observe"", ""stop""]","[0.045834690022072945, 0.8010151983063816, 0.13234157356184523, 0.02080853810970024]","[0.016667, 0.466667, 0.066667, 0.45]"
d1-omni,typed_agent_trace_observability,agent_trace_observability_000088,needs_review,noul,1,1,"[""false"", ""true""]","[0.12047803401947021, 0.8795219659805298]","[0.12, 0.88]"
d1-omni,typed_agent_trace_observability,agent_trace_observability_000088,outcome,choice,1,1,"[""failure"", ""harmful"", ""partial"", ""success""]","[0.13495023850240345, 0.46163142759274156, 0.30523831334497736, 0.09818002055987762]","[0.233333, 0.683333, 0.066667, 0.016667]"
d1-omni,typed_agent_trace_observability,agent_trace_observability_000088,risk,score,3,3,"[""0"", ""1"", ""2"", ""3""]","[0.1687493124976959, 0.22352213491433456, 0.2644670526842161, 0.3432614999037534]","[0.0, 0.05, 0.283333, 0.666667]"
d1-omni,typed_agent_trace_observability,agent_trace_observability_000088,urgency,score,3,3,"[""0"", ""1"", ""2"", ""3""]","[0.0736382269521623, 0.2873260826713039, 0.14463981250285124, 0.49439587787368255]","[0.016667, 0.1, 0.316667, 0.566667]"
d1-omni,typed_agent_trace_observability,agent_trace_observability_000089,action,choice,1,1,"[""continue"", ""human_review"", ""observe"", ""stop""]","[0.1748206466436386, 0.5081276893615723, 0.2925355136394501, 0.02451615035533905]","[0.166667, 0.416667, 0.383333, 0.033333]"
d1-omni,typed_agent_trace_observability,agent_trace_observability_000089,needs_review,noul,1,0,"[""false"", ""true""]","[0.5415143370628357, 0.4584856629371643]","[0.466667, 0.533333]"
d1-omni,typed_agent_trace_observability,agent_trace_observability_000089,outcome,choice,2,2,"[""failure"", ""harmful"", ""partial"", ""success""]","[0.16896435083375505, 0.0038417595153489863, 0.4652598948973823, 0.3619339947535137]","[0.266667, 0.033333, 0.5, 0.2]"
d1-omni,typed_agent_trace_observability,agent_trace_observability_000089,risk,score,0,0,"[""0"", ""1"", ""2"", ""3""]","[0.6703518519819179, 0.3206495292378899, 0.0068071734913387, 0.0021914452888534474]","[0.7, 0.233333, 0.066667, 0.0]"
d1-omni,typed_agent_trace_observability,agent_trace_observability_000089,urgency,score,0,1,"[""0"", ""1"", ""2"", ""3""]","[0.2916149429135271, 0.5771902069172308, 0.12267858994476055, 0.008516260224481573]","[0.6, 0.283333, 0.1, 0.016667]"
d1-omni,typed_agent_trace_observability,agent_trace_observability_000090,action,choice,0,0,"[""continue"", ""human_review"", ""observe"", ""stop""]","[0.5119534325582322, 0.22502350155351689, 0.25390763036562614, 0.009115435522624683]","[0.786667, 0.073333, 0.14, 0.0]"
d1-omni,typed_agent_trace_observability,agent_trace_observability_000090,needs_review,noul,0,0,"[""false"", ""true""]","[0.9506050981581211, 0.04939490184187889]","[0.893333, 0.106667]"
d1-omni,typed_agent_trace_observability,agent_trace_observability_000090,outcome,choice,3,3,"[""failure"", ""harmful"", ""partial"", ""success""]","[0.10808776975863332, 0.0032440712318528887, 0.15974789338517006, 0.7289202656243438]","[0.05, 0.0, 0.193333, 0.756667]"
d1-omni,typed_agent_trace_observability,agent_trace_observability_000090,risk,score,0,0,"[""0"", ""1"", ""2"", ""3""]","[0.7950210741940466, 0.2043301949841825, 0.0004189423992582131, 0.00022978842251276322]","[0.793333, 0.19, 0.016667, 0.0]"
d1-omni,typed_agent_trace_observability,agent_trace_observability_000090,urgency,score,0,1,"[""0"", ""1"", ""2"", ""3""]","[0.4123871048586744, 0.5508846071475597, 0.03610244038471748, 0.0006258476090484299]","[0.816667, 0.166667, 0.016667, 0.0]"
d1-omni,typed_agent_trace_observability,agent_trace_observability_000091,action,choice,1,1,"[""continue"", ""human_review"", ""observe"", ""stop""]","[0.056711200758478, 0.7492514970255068, 0.16007540106295862, 0.033961901153056626]","[0.016667, 0.716667, 0.083333, 0.183333]"
d1-omni,typed_agent_trace_observability,agent_trace_observability_000091,needs_review,noul,1,1,"[""false"", ""true""]","[0.17340290546417236, 0.8265970945358276]","[0.073333, 0.926667]"
d1-omni,typed_agent_trace_observability,agent_trace_observability_000091,outcome,choice,1,2,"[""failure"", ""harmful"", ""partial"", ""success""]","[0.09416526529328587, 0.18268567316575046, 0.40748399136719177, 0.3156650701737719]","[0.1, 0.75, 0.133333, 0.016667]"
d1-omni,typed_agent_trace_observability,agent_trace_observability_000091,risk,score,3,3,"[""0"", ""1"", ""2"", ""3""]","[0.28424354964131787, 0.2956992343708987, 0.1000428631895354, 0.320014352798248]","[0.0, 0.04, 0.276667, 0.683333]"
d1-omni,typed_agent_trace_observability,agent_trace_observability_000091,urgency,score,3,1,"[""0"", ""1"", ""2"", ""3""]","[0.12663229187227165, 0.3151840065474512, 0.24317752549581306, 0.3150061760844641]","[0.006667, 0.16, 0.4, 0.433333]"
d1-omni,typed_agent_trace_observability,agent_trace_observability_000092,action,choice,0,1,"[""continue"", ""human_review"", ""observe"", ""stop""]","[0.18607652395304133, 0.4330901551964524, 0.35333708323542495, 0.027496237615081343]","[0.5, 0.08, 0.416667, 0.003333]"
d1-omni,typed_agent_trace_observability,agent_trace_observability_000092,needs_review,noul,0,0,"[""false"", ""true""]","[0.6870773434638977, 0.3129226565361023]","[0.86, 0.14]"
d1-omni,typed_agent_trace_observability,agent_trace_observability_000092,outcome,choice,3,3,"[""failure"", ""harmful"", ""partial"", ""success""]","[0.06839766525359542, 0.005869698858337355, 0.361838051834728, 0.5638945840533393]","[0.046667, 0.02, 0.466667, 0.466667]"
d1-omni,typed_agent_trace_observability,agent_trace_observability_000092,risk,score,2,0,"[""0"", ""1"", ""2"", ""3""]","[0.7196884540187323, 0.2702905754426931, 0.006574235663666927, 0.0034467348749077425]","[0.2, 0.383333, 0.383333, 0.033333]"
d1-omni,typed_agent_trace_observability,agent_trace_observability_000092,urgency,score,0,1,"[""0"", ""1"", ""2"", ""3""]","[0.3485328386922493, 0.4704559620639668, 0.13540612665586646, 0.04560507258791747]","[0.433333, 0.416667, 0.133333, 0.016667]"
d1-omni,typed_agent_trace_observability,agent_trace_observability_000093,action,choice,2,1,"[""continue"", ""human_review"", ""observe"", ""stop""]","[0.24897138635271385, 0.3865154363968478, 0.3485400955274323, 0.015973081723005985]","[0.2, 0.216667, 0.566667, 0.016667]"
d1-omni,typed_agent_trace_observability,agent_trace_observability_000093,needs_review,noul,0,0,"[""false"", ""true""]","[0.8002854883670807, 0.1997145116329193]","[0.683333, 0.316667]"
d1-omni,typed_agent_trace_observability,agent_trace_observability_000093,outcome,choice,3,2,"[""failure"", ""harmful"", ""partial"", ""success""]","[0.07459210423809037, 0.007442297233734533, 0.5416395533060391, 0.37632604522213603]","[0.08, 0.003333, 0.366667, 0.55]"
d1-omni,typed_agent_trace_observability,agent_trace_observability_000093,risk,score,1,0,"[""0"", ""1"", ""2"", ""3""]","[0.7725229274097685, 0.21667076677550204, 0.004367006483069164, 0.006439299331660335]","[0.433333, 0.466667, 0.083333, 0.016667]"
d1-omni,typed_agent_trace_observability,agent_trace_observability_000093,urgency,score,1,0,"[""0"", ""1"", ""2"", ""3""]","[0.47534377002605493, 0.45171946876130303, 0.0715891355669572, 0.0013476256456847852]","[0.4, 0.466667, 0.116667, 0.016667]"
d1-omni,typed_agent_trace_observability,agent_trace_observability_000094,action,choice,0,1,"[""continue"", ""human_review"", ""observe"", ""stop""]","[0.22157443230075932, 0.38687188586210863, 0.3512041673423102, 0.04034951449482186]","[0.483333, 0.266667, 0.183333, 0.066667]"
d1-omni,typed_agent_trace_observability,agent_trace_observability_000094,needs_review,noul,0,0,"[""false"", ""true""]","[0.74317267537117, 0.25682732462882996]","[0.616667, 0.383333]"
d1-omni,typed_agent_trace_observability,agent_trace_observability_000094,outcome,choice,3,3,"[""failure"", ""harmful"", ""partial"", ""success""]","[0.029905484077143853, 0.002288966137018389, 0.24793113011890602, 0.7198744196669318]","[0.383333, 0.0, 0.216667, 0.4]"
d1-omni,typed_agent_trace_observability,agent_trace_observability_000094,risk,score,0,0,"[""0"", ""1"", ""2"", ""3""]","[0.49042912175811076, 0.45010655070406963, 0.010715552356197677, 0.04874877518162189]","[0.733333, 0.233333, 0.033333, 0.0]"
d1-omni,typed_agent_trace_observability,agent_trace_observability_000094,urgency,score,0,1,"[""0"", ""1"", ""2"", ""3""]","[0.40810114601367503, 0.5199510513240589, 0.045902926987814834, 0.026044875674451243]","[0.566667, 0.366667, 0.066667, 0.0]"
d1-omni,typed_agent_trace_observability,agent_trace_observability_000095,action,choice,0,0,"[""continue"", ""human_review"", ""observe"", ""stop""]","[0.5593755208741606, 0.23750150048871477, 0.1978291856266518, 0.005293793010472738]","[0.516667, 0.063333, 0.416667, 0.003333]"
d1-omni,typed_agent_trace_observability,agent_trace_observability_000095,needs_review,noul,0,0,"[""false"", ""true""]","[0.9432689696550369, 0.056731030344963074]","[0.91, 0.09]"
d1-omni,typed_agent_trace_observability,agent_trace_observability_000095,outcome,choice,3,3,"[""failure"", ""harmful"", ""partial"", ""success""]","[0.06032435806669614, 0.003239492533245096, 0.2984566792772389, 0.6379794701228199]","[0.036667, 0.003333, 0.11, 0.85]"
d1-omni,typed_agent_trace_observability,agent_trace_observability_000095,risk,score,1,0,"[""0"", ""1"", ""2"", ""3""]","[0.6403793448418205, 0.3576644259525473, 0.001186861139745272, 0.0007693680658868662]","[0.3, 0.616667, 0.08, 0.003333]"
d1-omni,typed_agent_trace_observability,agent_trace_observability_000095,urgency,score,1,1,"[""0"", ""1"", ""2"", ""3""]","[0.2979088113740608, 0.6535350053872214, 0.04554752611765859, 0.0030086571210592187]","[0.233333, 0.533333, 0.216667, 0.016667]"
d1-omni,typed_agent_trace_observability,agent_trace_observability_000096,action,choice,1,1,"[""continue"", ""human_review"", ""observe"", ""stop""]","[0.039939971414728784, 0.8166209793941333, 0.11580504206514158, 0.027634007125996344]","[0.016667, 0.483333, 0.116667, 0.383333]"
d1-omni,typed_agent_trace_observability,agent_trace_observability_000096,needs_review,noul,1,1,"[""false"", ""true""]","[0.11158549785614014, 0.8884145021438599]","[0.106667, 0.893333]"
d1-omni,typed_agent_trace_observability,agent_trace_observability_000096,outcome,choice,1,2,"[""failure"", ""harmful"", ""partial"", ""success""]","[0.08238934348774002, 0.2659787058522719, 0.39973907469536696, 0.2518928759646211]","[0.183333, 0.583333, 0.216667, 0.016667]"
d1-omni,typed_agent_trace_observability,agent_trace_observability_000096,risk,score,3,3,"[""0"", ""1"", ""2"", ""3""]","[0.2592412156092758, 0.20498722180762227, 0.2648617546301557, 0.27090980795294617]","[0.0, 0.083333, 0.316667, 0.6]"
d1-omni,typed_agent_trace_observability,agent_trace_observability_000096,urgency,score,3,1,"[""0"", ""1"", ""2"", ""3""]","[0.19751042127609253, 0.35222917795181274, 0.13069888949394226, 0.31956151127815247]","[0.05, 0.133333, 0.383333, 0.433333]"
d1-omni,typed_agent_trace_observability,agent_trace_observability_000097,action,choice,1,1,"[""continue"", ""human_review"", ""observe"", ""stop""]","[0.28328298336196955, 0.38340156718278917, 0.3147686323190732, 0.018546817136168074]","[0.083333, 0.483333, 0.283333, 0.15]"
d1-omni,typed_agent_trace_observability,agent_trace_observability_000097,needs_review,noul,1,0,"[""false"", ""true""]","[0.6167744398117065, 0.38322556018829346]","[0.333333, 0.666667]"
d1-omni,typed_agent_trace_observability,agent_trace_observability_000097,outcome,choice,0,3,"[""failure"", ""harmful"", ""partial"", ""success""]","[0.05481575210063957, 0.005592605255337579, 0.4030659609399539, 0.536525681704069]","[0.626667, 0.006667, 0.276667, 0.09]"
d1-omni,typed_agent_trace_observability,agent_trace_observability_000097,risk,score,0,0,"[""0"", ""1"", ""2"", ""3""]","[0.7636285127772494, 0.23339592836033876, 0.0013504480541568476, 0.001625110808254958]","[0.466667, 0.366667, 0.166667, 0.0]"
d1-omni,typed_agent_trace_observability,agent_trace_observability_000097,urgency,score,1,0,"[""0"", ""1"", ""2"", ""3""]","[0.4775582390730398, 0.4473859218715321, 0.07220230007792508, 0.0028535389775030426]","[0.35, 0.416667, 0.216667, 0.016667]"
d1-omni,typed_agent_trace_observability,agent_trace_observability_000098,action,choice,2,2,"[""continue"", ""human_review"", ""observe"", ""stop""]","[0.2375651037330196, 0.2708566229173038, 0.45177695828343867, 0.03980131506623797]","[0.133333, 0.4, 0.4, 0.066667]"
d1-omni,typed_agent_trace_observability,agent_trace_observability_000098,needs_review,noul,1,0,"[""false"", ""true""]","[0.8035899847745895, 0.19641001522541046]","[0.41, 0.59]"
d1-omni,typed_agent_trace_observability,agent_trace_observability_000098,outcome,choice,2,3,"[""failure"", ""harmful"", ""partial"", ""success""]","[0.09533210854899617, 0.0010492864542748855, 0.3643609587619558, 0.5392576462347731]","[0.36, 0.023333, 0.533333, 0.083333]"
d1-omni,typed_agent_trace_observability,agent_trace_observability_000098,risk,score,1,0,"[""0"", ""1"", ""2"", ""3""]","[0.7151218549493805, 0.2506676578099386, 0.006598300670950058, 0.027612186569730853]","[0.366667, 0.5, 0.116667, 0.016667]"
d1-omni,typed_agent_trace_observability,agent_trace_observability_000098,urgency,score,1,1,"[""0"", ""1"", ""2"", ""3""]","[0.30841813669087703, 0.5547707888722442, 0.13133164251651366, 0.005479431920365159]","[0.133333, 0.566667, 0.266667, 0.033333]"
d1-omni,typed_agent_trace_observability,agent_trace_observability_000099,action,choice,1,1,"[""continue"", ""human_review"", ""observe"", ""stop""]","[0.09345519177138986, 0.602302170082283, 0.28592436387313225, 0.01831827427319482]","[0.166667, 0.433333, 0.3, 0.1]"
d1-omni,typed_agent_trace_observability,agent_trace_observability_000099,needs_review,noul,1,0,"[""false"", ""true""]","[0.5681422054767609, 0.43185779452323914]","[0.333333, 0.666667]"
d1-omni,typed_agent_trace_observability,agent_trace_observability_000099,outcome,choice,2,2,"[""failure"", ""harmful"", ""partial"", ""success""]","[0.07408499828107652, 0.018824056071401477, 0.5173469858966319, 0.38974395975089016]","[0.303333, 0.03, 0.4, 0.266667]"
d1-omni,typed_agent_trace_observability,agent_trace_observability_000099,risk,score,2,0,"[""0"", ""1"", ""2"", ""3""]","[0.5939769678490948, 0.3336100243001056, 0.048238951173734466, 0.024174056677065157]","[0.1, 0.216667, 0.583333, 0.1]"
d1-omni,typed_agent_trace_observability,agent_trace_observability_000099,urgency,score,1,0,"[""0"", ""1"", ""2"", ""3""]","[0.4172342043885178, 0.39858757707127224, 0.1531142563910362, 0.031063962149173726]","[0.083333, 0.433333, 0.35, 0.133333]"
d1-omni,typed_customer_service,customer_service_000000,action,choice,0,0,"[""answer_directly"", ""close_no_action"", ""escalate_to_human"", ""execute_refund"", ""request_information""]","[0.4662374519740382, 0.010772347609074072, 0.27114761911484725, 0.040488519596293564, 0.21135406170574692]","[0.5, 0.023333, 0.336667, 0.04, 0.1]"
d1-omni,typed_customer_service,customer_service_000000,category,choice,2,2,"[""account"", ""billing"", ""delivery"", ""refund"", ""technical""]","[0.04011042457187052, 0.020617293405151206, 0.9169463013172237, 0.012847643477212711, 0.009478337228541923]","[0.006667, 0.01, 0.923333, 0.046667, 0.013333]"
d1-omni,typed_customer_service,customer_service_000000,churn_risk,score,1,0,"[""0"", ""1"", ""2"", ""3""]","[0.7124056140437095, 0.06145897438981785, 0.21013329688310664, 0.016002114683366032]","[0.1, 0.733333, 0.166667, 0.0]"
d1-omni,typed_customer_service,customer_service_000000,needs_human,noul,0,1,"[""false"", ""true""]","[0.25817203521728516, 0.7418279647827148]","[0.533333, 0.466667]"
d1-omni,typed_customer_service,customer_service_000000,urgency,score,1,1,"[""0"", ""1"", ""2"", ""3""]","[0.13678312976460877, 0.7642084500665396, 0.0313844066033121, 0.0676240135655395]","[0.033333, 0.75, 0.2, 0.016667]"
d1-omni,typed_customer_service,customer_service_000001,action,choice,3,0,"[""answer_directly"", ""close_no_action"", ""escalate_to_human"", ""execute_refund"", ""request_information""]","[0.511606647599949, 0.0016109336140750052, 0.2683468534137546, 0.02450386129015865, 0.19393170408206278]","[0.293333, 0.036667, 0.266667, 0.296667, 0.106667]"
d1-omni,typed_customer_service,customer_service_000001,category,choice,1,1,"[""account"", ""billing"", ""delivery"", ""refund"", ""technical""]","[0.003677209748223605, 0.9926289702847584, 8.865477480837552e-05, 0.001795037602390907, 0.0018101275898187766]","[0.01, 0.88, 0.006667, 0.086667, 0.016667]"
d1-omni,typed_customer_service,customer_service_000001,churn_risk,score,1,0,"[""0"", ""1"", ""2"", ""3""]","[0.5023228788097214, 0.09011233322908233, 0.11735688016934813, 0.29020790779184813]","[0.066667, 0.5, 0.416667, 0.016667]"
d1-omni,typed_customer_service,customer_service_000001,needs_human,noul,1,1,"[""false"", ""true""]","[0.41899025440216064, 0.5810097455978394]","[0.443333, 0.556667]"
d1-omni,typed_customer_service,customer_service_000001,urgency,score,2,1,"[""0"", ""1"", ""2"", ""3""]","[0.019031401973350365, 0.9352331560978506, 0.014319296644017106, 0.03141614528478196]","[0.0, 0.233333, 0.433333, 0.333333]"
d1-omni,typed_customer_service,customer_service_000002,action,choice,4,0,"[""answer_directly"", ""close_no_action"", ""escalate_to_human"", ""execute_refund"", ""request_information""]","[0.4109214294593682, 0.0037877884160679317, 0.33370491694686466, 0.012858037057940246, 0.23872782811975893]","[0.283333, 0.01, 0.273333, 0.016667, 0.416667]"
d1-omni,typed_customer_service,customer_service_000002,category,choice,1,1,"[""account"", ""billing"", ""delivery"", ""refund"", ""technical""]","[0.0018415730915817329, 0.99796708980925, 7.671756807150758e-05, 4.936546009323386e-05, 6.525407100358102e-05]","[0.026667, 0.966667, 0.001667, 0.001667, 0.003333]"
d1-omni,typed_customer_service,customer_service_000002,churn_risk,score,1,0,"[""0"", ""1"", ""2"", ""3""]","[0.7408622627477355, 0.18220934577264658, 0.06376977371783547, 0.013158617761782482]","[0.166667, 0.65, 0.183333, 0.0]"
d1-omni,typed_customer_service,customer_service_000002,needs_human,noul,1,0,"[""false"", ""true""]","[0.6024622917175293, 0.3975377082824707]","[0.416667, 0.583333]"
d1-omni,typed_customer_service,customer_service_000002,urgency,score,1,1,"[""0"", ""1"", ""2"", ""3""]","[0.07934131613698323, 0.9068033259634517, 0.0074117715850692805, 0.006443586314495783]","[0.066667, 0.65, 0.25, 0.033333]"
d1-omni,typed_customer_service,customer_service_000003,action,choice,4,0,"[""answer_directly"", ""close_no_action"", ""escalate_to_human"", ""execute_refund"", ""request_information""]","[0.5205695870922954, 0.0019204041182810025, 0.2918073372485963, 0.013523203017627588, 0.17217946852319965]","[0.3, 0.016667, 0.21, 0.006667, 0.466667]"
d1-omni,typed_customer_service,customer_service_000003,category,choice,1,1,"[""account"", ""billing"", ""delivery"", ""refund"", ""technical""]","[0.06369584001292466, 0.8793390320831401, 0.003203441129689633, 0.0003342107783950152, 0.05342747599585052]","[0.01, 0.966667, 0.0, 0.0, 0.023333]"
d1-omni,typed_customer_service,customer_service_000003,churn_risk,score,2,2,"[""0"", ""1"", ""2"", ""3""]","[0.2883737653753614, 0.009021970351001551, 0.6384242707652348, 0.06417999350840232]","[0.033333, 0.25, 0.55, 0.166667]"
d1-omni,typed_customer_service,customer_service_000003,needs_human,noul,1,1,"[""false"", ""true""]","[0.25484687089920044, 0.7451531291007996]","[0.45, 0.55]"
d1-omni,typed_customer_service,customer_service_000003,urgency,score,3,1,"[""0"", ""1"", ""2"", ""3""]","[0.06785985827445984, 0.513080894947052, 0.10257786512374878, 0.3164813816547394]","[0.016667, 0.116667, 0.416667, 0.45]"
d1-omni,typed_customer_service,customer_service_000004,action,choice,0,0,"[""answer_directly"", ""close_no_action"", ""escalate_to_human"", ""execute_refund"", ""request_information""]","[0.6209399658238378, 0.0014876671966299534, 0.2610329073923746, 0.001012210494523378, 0.11552724909263425]","[0.853333, 0.0, 0.1, 0.0, 0.046667]"
d1-omni,typed_customer_service,customer_service_000004,category,choice,1,1,"[""account"", ""billing"", ""delivery"", ""refund"", ""technical""]","[0.00180087867905406, 0.739321353976309, 0.2571278224627404, 8.369099338238431e-06, 0.0017415757825582246]","[0.035, 0.96, 0.001667, 0.001667, 0.001667]"
d1-omni,typed_customer_service,customer_service_000004,churn_risk,score,2,2,"[""0"", ""1"", ""2"", ""3""]","[0.01205193022174171, 0.0036504418685758475, 0.9408456944047028, 0.04345193350497963]","[0.016667, 0.166667, 0.616667, 0.2]"
d1-omni,typed_customer_service,customer_service_000004,needs_human,noul,0,1,"[""false"", ""true""]","[0.25262749195098877, 0.7473725080490112]","[0.85, 0.15]"
d1-omni,typed_customer_service,customer_service_000004,urgency,score,1,1,"[""0"", ""1"", ""2"", ""3""]","[0.03748337426278603, 0.6519804378307464, 0.12347215745132634, 0.18706403045514125]","[0.066667, 0.433333, 0.35, 0.15]"
d1-omni,typed_customer_service,customer_service_000005,action,choice,2,0,"[""answer_directly"", ""close_no_action"", ""escalate_to_human"", ""execute_refund"", ""request_information""]","[0.6878465790685775, 0.0033146647144786396, 0.19850211702408502, 0.007983099414574769, 0.10235353977828404]","[0.066667, 0.0, 0.583333, 0.0, 0.35]"
d1-omni,typed_customer_service,customer_service_000005,category,choice,1,1,"[""account"", ""billing"", ""delivery"", ""refund"", ""technical""]","[0.0032389859149868135, 0.9947763855993513, 0.0001626704449385498, 0.0013225317045569632, 0.0004994263361663948]","[0.0, 0.93, 0.0, 0.066667, 0.003333]"
d1-omni,typed_customer_service,customer_service_000005,churn_risk,score,2,3,"[""0"", ""1"", ""2"", ""3""]","[0.24313681695027048, 0.005176219490965795, 0.060102155755451615, 0.6915848078033121]","[0.033333, 0.133333, 0.6, 0.233333]"
d1-omni,typed_customer_service,customer_service_000005,needs_human,noul,1,1,"[""false"", ""true""]","[0.34697622060775757, 0.6530237793922424]","[0.183333, 0.816667]"
d1-omni,typed_customer_service,customer_service_000005,urgency,score,3,3,"[""0"", ""1"", ""2"", ""3""]","[0.0013763831437313895, 0.003959466166480332, 0.008154788867162921, 0.9865093618226254]","[0.0, 0.033333, 0.283333, 0.683333]"
d1-omni,typed_customer_service,customer_service_000006,action,choice,2,4,"[""answer_directly"", ""close_no_action"", ""escalate_to_human"", ""execute_refund"", ""request_information""]","[0.17732353077030066, 0.002444994576391314, 0.37718298113541177, 0.0014754804656403817, 0.4415730130522559]","[0.106667, 0.02, 0.483333, 0.006667, 0.383333]"
d1-omni,typed_customer_service,customer_service_000006,category,choice,4,4,"[""account"", ""billing"", ""delivery"", ""refund"", ""technical""]","[0.016155350381245877, 0.0032021746768078874, 0.0005383622292705043, 5.775593103973285e-05, 0.980046356781636]","[0.013333, 0.013333, 0.01, 0.01, 0.953333]"
d1-omni,typed_customer_service,customer_service_000006,churn_risk,score,2,2,"[""0"", ""1"", ""2"", ""3""]","[0.06603591680040474, 0.022800327488024595, 0.891475589657044, 0.019688166054526675]","[0.033333, 0.3, 0.566667, 0.1]"
d1-omni,typed_customer_service,customer_service_000006,needs_human,noul,1,1,"[""false"", ""true""]","[0.305428147315979, 0.694571852684021]","[0.256667, 0.743333]"
d1-omni,typed_customer_service,customer_service_000006,urgency,score,2,1,"[""0"", ""1"", ""2"", ""3""]","[0.030612030228111133, 0.7693388864657377, 0.1867724312070239, 0.013276652099127316]","[0.0, 0.166667, 0.566667, 0.266667]"
d1-omni,typed_customer_service,customer_service_000007,action,choice,2,2,"[""answer_directly"", ""close_no_action"", ""escalate_to_human"", ""execute_refund"", ""request_information""]","[0.2776685608569215, 0.007944887370795036, 0.4194967974434212, 0.23671416541481857, 0.05817558891404364]","[0.06, 0.006667, 0.533333, 0.35, 0.05]"
d1-omni,typed_customer_service,customer_service_000007,category,choice,3,3,"[""account"", ""billing"", ""delivery"", ""refund"", ""technical""]","[0.00010767454474120021, 0.0005640849606649382, 1.5311996057495798e-05, 0.9993116683295294, 1.260169006951915e-06]","[0.0, 0.133333, 0.0, 0.866667, 0.0]"
d1-omni,typed_customer_service,customer_service_000007,churn_risk,score,3,3,"[""0"", ""1"", ""2"", ""3""]","[0.013291122721392793, 0.00042483712202989347, 0.018838940655427794, 0.9674450995011495]","[0.003333, 0.013333, 0.1, 0.883333]"
d1-omni,typed_customer_service,customer_service_000007,needs_human,noul,1,1,"[""false"", ""true""]","[0.2504517436027527, 0.7495482563972473]","[0.25, 0.75]"
d1-omni,typed_customer_service,customer_service_000007,urgency,score,3,3,"[""0"", ""1"", ""2"", ""3""]","[0.009814769139305903, 0.004808684864737297, 0.015840051872730836, 0.969536494123226]","[0.016667, 0.05, 0.4, 0.533333]"
d1-omni,typed_customer_service,customer_service_000008,action,choice,4,2,"[""answer_directly"", ""close_no_action"", ""escalate_to_human"", ""execute_refund"", ""request_information""]","[0.3153924287223736, 0.0032567548890271246, 0.5372329254218764, 0.018268661233248912, 0.125849229733474]","[0.116667, 0.023333, 0.426667, 0.0, 0.433333]"
d1-omni,typed_customer_service,customer_service_000008,category,choice,0,1,"[""account"", ""billing"", ""delivery"", ""refund"", ""technical""]","[0.05336025077916043, 0.9393887683909469, 7.66793686785155e-05, 6.03198106167671e-05, 0.007113981650597364]","[0.8, 0.143333, 0.005, 0.008333, 0.043333]"
d1-omni,typed_customer_service,customer_service_000008,churn_risk,score,1,0,"[""0"", ""1"", ""2"", ""3""]","[0.6127539918776899, 0.11167380296940954, 0.2395395952428847, 0.036032609910015834]","[0.083333, 0.45, 0.4, 0.066667]"
d1-omni,typed_customer_service,customer_service_000008,needs_human,noul,1,1,"[""false"", ""true""]","[0.27244871854782104, 0.727551281452179]","[0.266667, 0.733333]"
d1-omni,typed_customer_service,customer_service_000008,urgency,score,2,2,"[""0"", ""1"", ""2"", ""3""]","[0.01696950380323547, 0.07214424745711638, 0.8184031828895152, 0.09248306585013295]","[0.006667, 0.083333, 0.743333, 0.166667]"
d1-omni,typed_customer_service,customer_service_000009,action,choice,2,2,"[""answer_directly"", ""close_no_action"", ""escalate_to_human"", ""execute_refund"", ""request_information""]","[0.20758435710103318, 0.0027059363957290463, 0.5191423441975102, 0.010679391511140154, 0.25988797079458753]","[0.05, 0.006667, 0.55, 0.026667, 0.366667]"
d1-omni,typed_customer_service,customer_service_000009,category,choice,1,0,"[""account"", ""billing"", ""delivery"", ""refund"", ""technical""]","[0.5273386118759662, 0.17568526758139016, 0.0007064844668457888, 0.0004100080019588838, 0.2958596280738389]","[0.083333, 0.466667, 0.003333, 0.013333, 0.433333]"
d1-omni,typed_customer_service,customer_service_000009,churn_risk,score,2,2,"[""0"", ""1"", ""2"", ""3""]","[0.09118656559326037, 0.015777689895284646, 0.7578170087798403, 0.1352187357316147]","[0.006667, 0.093333, 0.516667, 0.383333]"
d1-omni,typed_customer_service,customer_service_000009,needs_human,noul,1,1,"[""false"", ""true""]","[0.3701542615890503, 0.6298457384109497]","[0.166667, 0.833333]"
d1-omni,typed_customer_service,customer_service_000009,urgency,score,2,2,"[""0"", ""1"", ""2"", ""3""]","[0.07932292102254006, 0.22613825409423383, 0.5732719430313694, 0.12126688185185674]","[0.0, 0.083333, 0.583333, 0.333333]"
d1-omni,typed_customer_service,customer_service_000010,action,choice,2,2,"[""answer_directly"", ""close_no_action"", ""escalate_to_human"", ""execute_refund"", ""request_information""]","[0.2025886607127336, 0.004189357124456304, 0.530520792082001, 0.0024585812135073156, 0.26024260886730183]","[0.083333, 0.033333, 0.616667, 0.0, 0.266667]"
d1-omni,typed_customer_service,customer_service_000010,category,choice,4,4,"[""account"", ""billing"", ""delivery"", ""refund"", ""technical""]","[0.02840152336478773, 0.022217696169853224, 0.01598457407184917, 0.0002097501676276488, 0.9331864562258823]","[0.01, 0.0, 0.01, 0.0, 0.98]"
d1-omni,typed_customer_service,customer_service_000010,churn_risk,score,2,2,"[""0"", ""1"", ""2"", ""3""]","[0.016513345936103856, 0.003742168463859144, 0.9623116355631556, 0.017432850036881456]","[0.0, 0.166667, 0.633333, 0.2]"
d1-omni,typed_customer_service,customer_service_000010,needs_human,noul,1,1,"[""false"", ""true""]","[0.33420997858047485, 0.6657900214195251]","[0.2, 0.8]"
d1-omni,typed_customer_service,customer_service_000010,urgency,score,2,1,"[""0"", ""1"", ""2"", ""3""]","[0.0359456173153031, 0.950460332011782, 0.005851719169047217, 0.007742331503867604]","[0.016667, 0.3, 0.466667, 0.216667]"
d1-omni,typed_customer_service,customer_service_000011,action,choice,4,2,"[""answer_directly"", ""close_no_action"", ""escalate_to_human"", ""execute_refund"", ""request_information""]","[0.3756157739870453, 0.0014258664939184543, 0.537233691024097, 0.010856699082368393, 0.07486796941257085]","[0.116667, 0.0, 0.4, 0.0, 0.483333]"
d1-omni,typed_customer_service,customer_service_000011,category,choice,1,1,"[""account"", ""billing"", ""delivery"", ""refund"", ""technical""]","[0.2111071975498069, 0.7846521297532073, 0.0007207555061518236, 0.0001191643611417822, 0.0034007528296921287]","[0.076667, 0.923333, 0.0, 0.0, 0.0]"
d1-omni,typed_customer_service,customer_service_000011,churn_risk,score,2,0,"[""0"", ""1"", ""2"", ""3""]","[0.7334987275246957, 0.1204922605885925, 0.08549006741713507, 0.0605189444695767]","[0.016667, 0.316667, 0.55, 0.116667]"
d1-omni,typed_customer_service,customer_service_000011,needs_human,noul,1,0,"[""false"", ""true""]","[0.5461758375167847, 0.45382416248321533]","[0.366667, 0.633333]"
d1-omni,typed_customer_service,customer_service_000011,urgency,score,3,3,"[""0"", ""1"", ""2"", ""3""]","[0.0007719361143180712, 0.01744701960419565, 0.006653134477396237, 0.97512790980409]","[0.0, 0.0, 0.133333, 0.866667]"
d1-omni,typed_customer_service,customer_service_000012,action,choice,2,4,"[""answer_directly"", ""close_no_action"", ""escalate_to_human"", ""execute_refund"", ""request_information""]","[0.36265996537597806, 0.0018771598342834765, 0.2038940662989606, 0.014392944227073597, 0.4171758642637043]","[0.233333, 0.016667, 0.383333, 0.016667, 0.35]"
d1-omni,typed_customer_service,customer_service_000012,category,choice,1,1,"[""account"", ""billing"", ""delivery"", ""refund"", ""technical""]","[0.010406582737418157, 0.9886508103070176, 0.00010344994491257175, 0.00017383377619359846, 0.0006653232344580259]","[0.023333, 0.963, 0.0, 0.006667, 0.007]"
d1-omni,typed_customer_service,customer_service_000012,churn_risk,score,2,0,"[""0"", ""1"", ""2"", ""3""]","[0.6403051257247152, 0.18001877442072237, 0.09631754071703333, 0.0833585591375291]","[0.033333, 0.25, 0.616667, 0.1]"
d1-omni,typed_customer_service,customer_service_000012,needs_human,noul,1,1,"[""false"", ""true""]","[0.17179179191589355, 0.8282082080841064]","[0.24, 0.76]"
d1-omni,typed_customer_service,customer_service_000012,urgency,score,2,1,"[""0"", ""1"", ""2"", ""3""]","[0.025662495444738195, 0.9467121591926703, 0.01693860296197578, 0.010686742400615758]","[0.05, 0.266667, 0.583333, 0.1]"
d1-omni,typed_customer_service,customer_service_000013,action,choice,0,0,"[""answer_directly"", ""close_no_action"", ""escalate_to_human"", ""execute_refund"", ""request_information""]","[0.6173606313694062, 0.0022225372234463666, 0.29914702990078734, 0.0001886149341226344, 0.08108118657223738]","[0.383333, 0.016667, 0.3, 0.0, 0.3]"
d1-omni,typed_customer_service,customer_service_000013,category,choice,0,0,"[""account"", ""billing"", ""delivery"", ""refund"", ""technical""]","[0.9883137509041825, 0.0003635128509963451, 0.001154049482006336, 8.011213153343026e-05, 0.01008857463128144]","[0.88, 0.106667, 0.003333, 0.003333, 0.006667]"
d1-omni,typed_customer_service,customer_service_000013,churn_risk,score,2,0,"[""0"", ""1"", ""2"", ""3""]","[0.8678352099347872, 0.0860927836377385, 0.012906675022641685, 0.033165331404832535]","[0.233333, 0.3, 0.366667, 0.1]"
d1-omni,typed_customer_service,customer_service_000013,needs_human,noul,0,1,"[""false"", ""true""]","[0.3389865756034851, 0.6610134243965149]","[0.55, 0.45]"
d1-omni,typed_customer_service,customer_service_000013,urgency,score,2,1,"[""0"", ""1"", ""2"", ""3""]","[0.0604225318946443, 0.9282493535116121, 0.0071383593171841135, 0.0041897552765594705]","[0.25, 0.233333, 0.4, 0.116667]"
d1-omni,typed_customer_service,customer_service_000014,action,choice,2,0,"[""answer_directly"", ""close_no_action"", ""escalate_to_human"", ""execute_refund"", ""request_information""]","[0.4956163854312735, 0.010113969952679568, 0.26578165967001144, 0.007911871787128755, 0.2205761131589067]","[0.15, 0.026667, 0.75, 0.006667, 0.066667]"
d1-omni,typed_customer_service,customer_service_000014,category,choice,0,0,"[""account"", ""billing"", ""delivery"", ""refund"", ""technical""]","[0.8083193163437754, 0.025051466675360314, 0.003572430430934903, 0.0002473010821487203, 0.1628094854677806]","[0.55, 0.075, 0.003333, 0.005, 0.366667]"
d1-omni,typed_customer_service,customer_service_000014,churn_risk,score,1,0,"[""0"", ""1"", ""2"", ""3""]","[0.4558566076798258, 0.17344138999457986, 0.2853408966856928, 0.08536110563990158]","[0.1, 0.533333, 0.3, 0.066667]"
d1-omni,typed_customer_service,customer_service_000014,needs_human,noul,1,1,"[""false"", ""true""]","[0.27239060401916504, 0.727609395980835]","[0.216667, 0.783333]"
d1-omni,typed_customer_service,customer_service_000014,urgency,score,3,3,"[""0"", ""1"", ""2"", ""3""]","[0.02899706876636257, 0.10962214851784681, 0.1159877088212975, 0.7453930738944932]","[0.003333, 0.046667, 0.233333, 0.716667]"
d1-omni,typed_customer_service,customer_service_000015,action,choice,2,4,"[""answer_directly"", ""close_no_action"", ""escalate_to_human"", ""execute_refund"", ""request_information""]","[0.2319488742583304, 0.0030180046756339935, 0.1779837809667113, 0.0001054580237982039, 0.5869438820755261]","[0.033333, 0.016667, 0.783333, 0.0, 0.166667]"
d1-omni,typed_customer_service,customer_service_000015,category,choice,4,4,"[""account"", ""billing"", ""delivery"", ""refund"", ""technical""]","[0.0004980957317369008, 0.00024519035708805184, 0.001555057270309791, 2.3135595757021147e-05, 0.9976785210451082]","[0.005, 0.005, 0.004167, 0.004167, 0.981667]"
d1-omni,typed_customer_service,customer_service_000015,churn_risk,score,1,1,"[""0"", ""1"", ""2"", ""3""]","[0.3715624428191235, 0.40944485941279996, 0.18536273720794758, 0.03362996056012897]","[0.133333, 0.583333, 0.23, 0.053333]"
d1-omni,typed_customer_service,customer_service_000015,needs_human,noul,1,1,"[""false"", ""true""]","[0.24010241031646729, 0.7598975896835327]","[0.14, 0.86]"
d1-omni,typed_customer_service,customer_service_000015,urgency,score,3,3,"[""0"", ""1"", ""2"", ""3""]","[0.027614363607054066, 0.05279016310170162, 0.11634441955319032, 0.803251053738054]","[0.033333, 0.066667, 0.333333, 0.566667]"
d1-omni,typed_customer_service,customer_service_000016,action,choice,0,0,"[""answer_directly"", ""close_no_action"", ""escalate_to_human"", ""execute_refund"", ""request_information""]","[0.6955113613521969, 0.0017203656526298707, 0.1868470663608518, 4.472232233837317e-05, 0.11587648431198298]","[0.6, 0.01, 0.053333, 0.003333, 0.333333]"
d1-omni,typed_customer_service,customer_service_000016,category,choice,2,2,"[""account"", ""billing"", ""delivery"", ""refund"", ""technical""]","[0.009645334627289956, 0.003271345027949309, 0.9866565891868416, 5.986368695533038e-06, 0.00042074478922353686]","[0.013333, 0.008333, 0.97, 0.003333, 0.005]"
d1-omni,typed_customer_service,customer_service_000016,churn_risk,score,0,0,"[""0"", ""1"", ""2"", ""3""]","[0.6059522993452434, 0.3877346963648474, 0.0033912503728258745, 0.0029217539170832275]","[0.593333, 0.35, 0.056667, 0.0]"
d1-omni,typed_customer_service,customer_service_000016,needs_human,noul,0,0,"[""false"", ""true""]","[0.8168328404426575, 0.18316715955734253]","[0.85, 0.15]"
d1-omni,typed_customer_service,customer_service_000016,urgency,score,2,3,"[""0"", ""1"", ""2"", ""3""]","[0.006838370708344832, 0.21369842130130498, 0.13048214566376645, 0.6489810623265837]","[0.006667, 0.083333, 0.693333, 0.216667]"
d1-omni,typed_customer_service,customer_service_000017,action,choice,2,2,"[""answer_directly"", ""close_no_action"", ""escalate_to_human"", ""execute_refund"", ""request_information""]","[0.14245587589804645, 0.005389860464594608, 0.7652763930089718, 0.002690465937068144, 0.08418740469131901]","[0.03, 0.043333, 0.853333, 0.01, 0.063333]"
d1-omni,typed_customer_service,customer_service_000017,category,choice,4,4,"[""account"", ""billing"", ""delivery"", ""refund"", ""technical""]","[0.00576139071893253, 0.012272636761875655, 0.00045599306625573356, 0.0008057030733465293, 0.9807042763795896]","[0.013333, 0.016667, 0.013333, 0.013333, 0.943333]"
d1-omni,typed_customer_service,customer_service_000017,churn_risk,score,3,2,"[""0"", ""1"", ""2"", ""3""]","[0.00390288889519446, 0.002787945885998099, 0.8246518558646792, 0.16865730935412826]","[0.006667, 0.04, 0.153333, 0.8]"
d1-omni,typed_customer_service,customer_service_000017,needs_human,noul,1,1,"[""false"", ""true""]","[0.16686797142028809, 0.8331320285797119]","[0.113333, 0.886667]"
d1-omni,typed_customer_service,customer_service_000017,urgency,score,3,1,"[""0"", ""1"", ""2"", ""3""]","[0.3201383793415895, 0.34257395606818597, 0.1330159216977323, 0.20427174289249225]","[0.01, 0.07, 0.22, 0.7]"
d1-omni,typed_customer_service,customer_service_000018,action,choice,2,2,"[""answer_directly"", ""close_no_action"", ""escalate_to_human"", ""execute_refund"", ""request_information""]","[0.19293904646860288, 0.0003406078119237684, 0.7459533366861107, 0.008585313755658533, 0.052181695277704124]","[0.08, 0.01, 0.466667, 0.383333, 0.06]"
d1-omni,typed_customer_service,customer_service_000018,category,choice,1,1,"[""account"", ""billing"", ""delivery"", ""refund"", ""technical""]","[0.22634735552612853, 0.7676898785924718, 0.0003913784431751799, 0.0023085097628456792, 0.0032628776753787247]","[0.018333, 0.883333, 0.001667, 0.093333, 0.003333]"
d1-omni,typed_customer_service,customer_service_000018,churn_risk,score,3,3,"[""0"", ""1"", ""2"", ""3""]","[0.00030332771167626343, 5.0393503448172294e-05, 0.01504122252591205, 0.9846050562589636]","[0.003333, 0.026667, 0.1, 0.87]"
d1-omni,typed_customer_service,customer_service_000018,needs_human,noul,1,1,"[""false"", ""true""]","[0.1680719256401062, 0.8319280743598938]","[0.24, 0.76]"
d1-omni,typed_customer_service,customer_service_000018,urgency,score,3,3,"[""0"", ""1"", ""2"", ""3""]","[0.0007368918227244751, 0.0015806271840887913, 0.011657794114061938, 0.9860246868791248]","[0.003333, 0.036667, 0.15, 0.81]"
d1-omni,typed_customer_service,customer_service_000019,action,choice,2,2,"[""answer_directly"", ""close_no_action"", ""escalate_to_human"", ""execute_refund"", ""request_information""]","[0.3311697016395507, 0.0021451339179717186, 0.3859674763182379, 0.015620100184061516, 0.26509758794017824]","[0.15, 0.033333, 0.6, 0.05, 0.166667]"
d1-omni,typed_customer_service,customer_service_000019,category,choice,1,1,"[""account"", ""billing"", ""delivery"", ""refund"", ""technical""]","[0.008838150771929804, 0.9871505634778359, 0.00041396622533811095, 0.0011623805781653504, 0.0024349389467308684]","[0.026667, 0.933333, 0.003333, 0.026667, 0.01]"
d1-omni,typed_customer_service,customer_service_000019,churn_risk,score,2,2,"[""0"", ""1"", ""2"", ""3""]","[0.22616814076900482, 0.04163984954357147, 0.41234228014945984, 0.31984972953796387]","[0.016667, 0.133333, 0.616667, 0.233333]"
d1-omni,typed_customer_service,customer_service_000019,needs_human,noul,1,1,"[""false"", ""true""]","[0.16652071475982666, 0.8334792852401733]","[0.25, 0.75]"
d1-omni,typed_customer_service,customer_service_000019,urgency,score,2,1,"[""0"", ""1"", ""2"", ""3""]","[0.036702102135392545, 0.9192757757358808, 0.00797698980681275, 0.036045132321913836]","[0.016667, 0.283333, 0.55, 0.15]"
d1-omni,typed_customer_service,customer_service_000020,action,choice,2,2,"[""answer_directly"", ""close_no_action"", ""escalate_to_human"", ""execute_refund"", ""request_information""]","[0.17204303558795614, 0.017430761342008747, 0.39736648283806214, 0.019380572641811165, 0.39377914759016186]","[0.11, 0.053333, 0.7, 0.02, 0.116667]"
d1-omni,typed_customer_service,customer_service_000020,category,choice,4,4,"[""account"", ""billing"", ""delivery"", ""refund"", ""technical""]","[0.04216021143775584, 0.16540800914699924, 0.001798496748073554, 0.00115083747487335, 0.789482445192298]","[0.021667, 0.025, 0.013333, 0.013333, 0.926667]"
d1-omni,typed_customer_service,customer_service_000020,churn_risk,score,3,2,"[""0"", ""1"", ""2"", ""3""]","[0.029715911373337085, 0.004676472869674069, 0.9171593484452631, 0.048448267311725704]","[0.023333, 0.076667, 0.223333, 0.676667]"
d1-omni,typed_customer_service,customer_service_000020,needs_human,noul,1,1,"[""false"", ""true""]","[0.03046935796737671, 0.9695306420326233]","[0.18, 0.82]"
d1-omni,typed_customer_service,customer_service_000020,urgency,score,2,2,"[""0"", ""1"", ""2"", ""3""]","[0.007464471235000511, 0.1432349167847516, 0.6414077053280304, 0.20789290665221752]","[0.033333, 0.08, 0.676667, 0.21]"
d1-omni,typed_customer_service,customer_service_000021,action,choice,4,4,"[""answer_directly"", ""close_no_action"", ""escalate_to_human"", ""execute_refund"", ""request_information""]","[0.12554156241012726, 0.0008860445321168196, 0.3496929970009958, 0.00011051416477459465, 0.5237688818919856]","[0.2, 0.033333, 0.25, 0.0, 0.516667]"
d1-omni,typed_customer_service,customer_service_000021,category,choice,4,4,"[""account"", ""billing"", ""delivery"", ""refund"", ""technical""]","[0.000951285237829493, 0.00017782409787565984, 0.00013679714126879175, 8.980779025757557e-06, 0.9987251127440003]","[0.013333, 0.006667, 0.013333, 0.01, 0.956667]"
d1-omni,typed_customer_service,customer_service_000021,churn_risk,score,2,2,"[""0"", ""1"", ""2"", ""3""]","[0.028806204604836728, 0.021821186874271748, 0.8426625963649904, 0.10671001215590112]","[0.033333, 0.3, 0.55, 0.116667]"
d1-omni,typed_customer_service,customer_service_000021,needs_human,noul,0,1,"[""false"", ""true""]","[0.35713595151901245, 0.6428640484809875]","[0.616667, 0.383333]"
d1-omni,typed_customer_service,customer_service_000021,urgency,score,2,1,"[""0"", ""1"", ""2"", ""3""]","[0.19730345296726165, 0.6297056360411183, 0.10532749170038812, 0.0676634192912319]","[0.033333, 0.366667, 0.5, 0.1]"
d1-omni,typed_customer_service,customer_service_000022,action,choice,4,2,"[""answer_directly"", ""close_no_action"", ""escalate_to_human"", ""execute_refund"", ""request_information""]","[0.35243617413875217, 0.003027535207370541, 0.37456985353348976, 0.00045779250942224413, 0.2695086446109653]","[0.383333, 0.016667, 0.133333, 0.0, 0.466667]"
d1-omni,typed_customer_service,customer_service_000022,category,choice,0,0,"[""account"", ""billing"", ""delivery"", ""refund"", ""technical""]","[0.9256166503883975, 0.0009361612897928903, 0.0019070917627466676, 4.794393827832717e-05, 0.07149215262078461]","[0.886667, 0.006667, 0.006667, 0.003333, 0.096667]"
d1-omni,typed_customer_service,customer_service_000022,churn_risk,score,1,0,"[""0"", ""1"", ""2"", ""3""]","[0.6953281708409773, 0.12629441822845922, 0.11829004348598388, 0.06008736744457954]","[0.033333, 0.583333, 0.333333, 0.05]"
d1-omni,typed_customer_service,customer_service_000022,needs_human,noul,0,0,"[""false"", ""true""]","[0.6547811627388, 0.34521883726119995]","[0.7, 0.3]"
d1-omni,typed_customer_service,customer_service_000022,urgency,score,3,3,"[""0"", ""1"", ""2"", ""3""]","[0.0043073201265256, 0.30548899163777193, 0.02374122802524525, 0.6664624602104572]","[0.01, 0.073333, 0.266667, 0.65]"
d1-omni,typed_customer_service,customer_service_000023,action,choice,3,0,"[""answer_directly"", ""close_no_action"", ""escalate_to_human"", ""execute_refund"", ""request_information""]","[0.7149161171546821, 0.0006762233746490789, 0.13030244539734664, 0.04561111748914124, 0.10849409658418098]","[0.216667, 0.0, 0.016667, 0.5, 0.266667]"
d1-omni,typed_customer_service,customer_service_000023,category,choice,1,1,"[""account"", ""billing"", ""delivery"", ""refund"", ""technical""]","[0.003261524409011264, 0.9961241846357016, 4.127317418970327e-05, 0.00012322868572085013, 0.00044978909537661175]","[0.0, 0.816667, 0.0, 0.183333, 0.0]"
d1-omni,typed_customer_service,customer_service_000023,churn_risk,score,1,0,"[""0"", ""1"", ""2"", ""3""]","[0.8592523656506973, 0.08935506229680264, 0.02743414146580329, 0.023958430586696812]","[0.083333, 0.533333, 0.35, 0.033333]"
d1-omni,typed_customer_service,customer_service_000023,needs_human,noul,0,0,"[""false"", ""true""]","[0.8418456465005875, 0.15815435349941254]","[0.666667, 0.333333]"
d1-omni,typed_customer_service,customer_service_000023,urgency,score,1,1,"[""0"", ""1"", ""2"", ""3""]","[0.0823295792344092, 0.9014445602056681, 0.009509327883427307, 0.006716532676495359]","[0.033333, 0.5, 0.383333, 0.083333]"
d1-omni,typed_customer_service,customer_service_000024,action,choice,2,2,"[""answer_directly"", ""close_no_action"", ""escalate_to_human"", ""execute_refund"", ""request_information""]","[0.32637104847986786, 0.0034639733396094295, 0.5989658320178162, 0.011791676447610507, 0.0594074697150961]","[0.36, 0.016667, 0.516667, 0.0, 0.106667]"
d1-omni,typed_customer_service,customer_service_000024,category,choice,1,1,"[""account"", ""billing"", ""delivery"", ""refund"", ""technical""]","[0.013427120639974297, 0.9609814361423326, 0.01956961068112478, 0.0006752871448607518, 0.005346545391707592]","[0.006667, 0.973333, 0.006667, 0.003333, 0.01]"
d1-omni,typed_customer_service,customer_service_000024,churn_risk,score,2,3,"[""0"", ""1"", ""2"", ""3""]","[0.14807609013969095, 0.010863965428280652, 0.38831117583152625, 0.45274876860050217]","[0.0, 0.283333, 0.55, 0.166667]"
d1-omni,typed_customer_service,customer_service_000024,needs_human,noul,1,1,"[""false"", ""true""]","[0.2312747836112976, 0.7687252163887024]","[0.373333, 0.626667]"
d1-omni,typed_customer_service,customer_service_000024,urgency,score,3,3,"[""0"", ""1"", ""2"", ""3""]","[0.0015122876354688591, 0.03852506316777955, 0.011229567119935105, 0.9487330820768165]","[0.0, 0.0, 0.066667, 0.933333]"
d1-omni,typed_customer_service,customer_service_000025,action,choice,2,2,"[""answer_directly"", ""close_no_action"", ""escalate_to_human"", ""execute_refund"", ""request_information""]","[0.3696669262886032, 0.00035272206141222153, 0.40461700309198906, 0.0036863478992949883, 0.22167700065870052]","[0.36, 0.016667, 0.533333, 0.0, 0.09]"
d1-omni,typed_customer_service,customer_service_000025,category,choice,0,0,"[""account"", ""billing"", ""delivery"", ""refund"", ""technical""]","[0.9864230117492871, 0.009351564168553901, 0.00016984990593892812, 7.951387391762755e-05, 0.003976060302302449]","[0.78, 0.2, 0.006667, 0.006667, 0.006667]"
d1-omni,typed_customer_service,customer_service_000025,churn_risk,score,2,2,"[""0"", ""1"", ""2"", ""3""]","[0.11549716337777788, 0.005316075697826691, 0.847404348124339, 0.031782412800056455]","[0.006667, 0.193333, 0.583333, 0.216667]"
d1-omni,typed_customer_service,customer_service_000025,needs_human,noul,1,1,"[""false"", ""true""]","[0.45063936710357666, 0.5493606328964233]","[0.366667, 0.633333]"
d1-omni,typed_customer_service,customer_service_000025,urgency,score,2,1,"[""0"", ""1"", ""2"", ""3""]","[0.06993696021912009, 0.8768451124007849, 0.05156233108864572, 0.0016555962914493315]","[0.05, 0.383333, 0.5, 0.066667]"
d1-omni,typed_customer_service,customer_service_000026,action,choice,3,2,"[""answer_directly"", ""close_no_action"", ""escalate_to_human"", ""execute_refund"", ""request_information""]","[0.27821966455116137, 0.002552856873489722, 0.4298741434376449, 0.11577681967964637, 0.1735765154580577]","[0.1, 0.0, 0.333333, 0.416667, 0.15]"
d1-omni,typed_customer_service,customer_service_000026,category,choice,1,1,"[""account"", ""billing"", ""delivery"", ""refund"", ""technical""]","[0.008788772234492885, 0.858581155740578, 0.00012025607849929617, 0.13125999730576418, 0.001249818640665609]","[0.0, 0.88, 0.0, 0.116667, 0.003333]"
d1-omni,typed_customer_service,customer_service_000026,churn_risk,score,2,2,"[""0"", ""1"", ""2"", ""3""]","[0.02920391025864543, 0.0021620543099674172, 0.9551110240883246, 0.0135230113430626]","[0.05, 0.233333, 0.616667, 0.1]"
d1-omni,typed_customer_service,customer_service_000026,needs_human,noul,0,1,"[""false"", ""true""]","[0.32488733530044556, 0.6751126646995544]","[0.516667, 0.483333]"
d1-omni,typed_customer_service,customer_service_000026,urgency,score,2,1,"[""0"", ""1"", ""2"", ""3""]","[0.0163361147728541, 0.9693345843006934, 0.002474052785447747, 0.011855248141004738]","[0.05, 0.216667, 0.6, 0.133333]"
d1-omni,typed_customer_service,customer_service_000027,action,choice,2,2,"[""answer_directly"", ""close_no_action"", ""escalate_to_human"", ""execute_refund"", ""request_information""]","[0.22491586876292913, 0.0008739859011918803, 0.3985187563655328, 0.0064805333927637565, 0.36921085557758243]","[0.16, 0.016667, 0.633333, 0.016667, 0.173333]"
d1-omni,typed_customer_service,customer_service_000027,category,choice,0,0,"[""account"", ""billing"", ""delivery"", ""refund"", ""technical""]","[0.5900505126568248, 0.39625411832464585, 0.0012114765002300995, 0.00040917252366408266, 0.012074719994635103]","[0.493333, 0.34, 0.006667, 0.013333, 0.146667]"
d1-omni,typed_customer_service,customer_service_000027,churn_risk,score,2,2,"[""0"", ""1"", ""2"", ""3""]","[0.11594585167344286, 0.0280213612254276, 0.7703563362352943, 0.08567645086583528]","[0.016667, 0.116667, 0.6, 0.266667]"
d1-omni,typed_customer_service,customer_service_000027,needs_human,noul,1,0,"[""false"", ""true""]","[0.534267246723175, 0.46573275327682495]","[0.26, 0.74]"
d1-omni,typed_customer_service,customer_service_000027,urgency,score,2,1,"[""0"", ""1"", ""2"", ""3""]","[0.026173285447356944, 0.9633782340606257, 0.006282760111216907, 0.004165720380800384]","[0.016667, 0.266667, 0.55, 0.166667]"
d1-omni,typed_customer_service,customer_service_000028,action,choice,4,4,"[""answer_directly"", ""close_no_action"", ""escalate_to_human"", ""execute_refund"", ""request_information""]","[0.2180846102505849, 0.005944962330333662, 0.34998710039032094, 0.006835047831345888, 0.4191482791974146]","[0.133333, 0.013333, 0.09, 0.02, 0.743333]"
d1-omni,typed_customer_service,customer_service_000028,category,choice,2,2,"[""account"", ""billing"", ""delivery"", ""refund"", ""technical""]","[0.001064726481156777, 0.0014594086409835823, 0.9969824964911118, 6.464624192678978e-05, 0.00042872214482104413]","[0.019869, 0.009935, 0.933856, 0.026471, 0.009869]"
d1-omni,typed_customer_service,customer_service_000028,churn_risk,score,1,0,"[""0"", ""1"", ""2"", ""3""]","[0.7099288072906025, 0.2271339882764314, 0.047346729564728546, 0.015590474868237624]","[0.133333, 0.683333, 0.176667, 0.006667]"
d1-omni,typed_customer_service,customer_service_000028,needs_human,noul,0,0,"[""false"", ""true""]","[0.5919069349765778, 0.40809306502342224]","[0.723333, 0.276667]"
d1-omni,typed_customer_service,customer_service_000028,urgency,score,1,1,"[""0"", ""1"", ""2"", ""3""]","[0.1407450757433918, 0.8061175214188178, 0.04196219139701448, 0.011175211440776]","[0.03, 0.67, 0.26, 0.04]"
d1-omni,typed_customer_service,customer_service_000029,action,choice,0,2,"[""answer_directly"", ""close_no_action"", ""escalate_to_human"", ""execute_refund"", ""request_information""]","[0.40756337344938665, 0.0033960040814306957, 0.4979035076287457, 0.004305019351679823, 0.08683209548875713]","[0.643333, 0.03, 0.133333, 0.0, 0.193333]"
d1-omni,typed_customer_service,customer_service_000029,category,choice,0,1,"[""account"", ""billing"", ""delivery"", ""refund"", ""technical""]","[0.02673832337944265, 0.9713763633923754, 0.0008069970677656992, 0.0003151223367255299, 0.0007631938236906409]","[0.706667, 0.273333, 0.006667, 0.006667, 0.006667]"
d1-omni,typed_customer_service,customer_service_000029,churn_risk,score,3,3,"[""0"", ""1"", ""2"", ""3""]","[0.06591885481656558, 0.006298505648331204, 0.023200921519838, 0.9045817180152652]","[0.006667, 0.033333, 0.083333, 0.876667]"
d1-omni,typed_customer_service,customer_service_000029,needs_human,noul,0,0,"[""false"", ""true""]","[0.549505740404129, 0.45049425959587097]","[0.746667, 0.253333]"
d1-omni,typed_customer_service,customer_service_000029,urgency,score,2,1,"[""0"", ""1"", ""2"", ""3""]","[0.024428024157141563, 0.45211551753695217, 0.19498200134565294, 0.32847445696025335]","[0.016667, 0.266667, 0.55, 0.166667]"
d1-omni,typed_customer_service,customer_service_000030,action,choice,4,2,"[""answer_directly"", ""close_no_action"", ""escalate_to_human"", ""execute_refund"", ""request_information""]","[0.06328804967245386, 0.0036163405990443493, 0.6945325108036517, 0.04231679059232558, 0.1962463083325245]","[0.15, 0.0, 0.1, 0.033333, 0.716667]"
d1-omni,typed_customer_service,customer_service_000030,category,choice,2,2,"[""account"", ""billing"", ""delivery"", ""refund"", ""technical""]","[0.008907264003126383, 0.0832304871108843, 0.8910421037608904, 0.0025660223052750746, 0.01425412281982376]","[0.0, 0.016667, 0.833333, 0.1, 0.05]"
d1-omni,typed_customer_service,customer_service_000030,churn_risk,score,1,0,"[""0"", ""1"", ""2"", ""3""]","[0.7821042275468333, 0.07414138068529805, 0.050622964443241505, 0.09313142732462718]","[0.366667, 0.483333, 0.15, 0.0]"
d1-omni,typed_customer_service,customer_service_000030,needs_human,noul,0,1,"[""false"", ""true""]","[0.45406025648117065, 0.5459397435188293]","[0.733333, 0.266667]"
d1-omni,typed_customer_service,customer_service_000030,urgency,score,1,1,"[""0"", ""1"", ""2"", ""3""]","[0.21584454136044437, 0.7126102329305716, 0.06068365682775461, 0.01086156888122946]","[0.05, 0.55, 0.3, 0.1]"
d1-omni,typed_customer_service,customer_service_000031,action,choice,4,0,"[""answer_directly"", ""close_no_action"", ""escalate_to_human"", ""execute_refund"", ""request_information""]","[0.5422530317335668, 0.0034169523015704, 0.22857130176936208, 5.926859532291973e-05, 0.22569944560017785]","[0.333333, 0.016667, 0.266667, 0.0, 0.383333]"
d1-omni,typed_customer_service,customer_service_000031,category,choice,4,4,"[""account"", ""billing"", ""delivery"", ""refund"", ""technical""]","[0.004832277418817415, 0.0023392226425471155, 0.0025222692005494266, 4.3627994087607805e-05, 0.9902626027439985]","[0.01, 0.003333, 0.013333, 0.003333, 0.97]"
d1-omni,typed_customer_service,customer_service_000031,churn_risk,score,1,2,"[""0"", ""1"", ""2"", ""3""]","[0.11879001469321537, 0.06709661284762164, 0.5004841648006129, 0.31362920765855007]","[0.05, 0.433333, 0.433333, 0.083333]"
d1-omni,typed_customer_service,customer_service_000031,needs_human,noul,0,0,"[""false"", ""true""]","[0.6218177378177643, 0.3781822621822357]","[0.566667, 0.433333]"
d1-omni,typed_customer_service,customer_service_000031,urgency,score,1,1,"[""0"", ""1"", ""2"", ""3""]","[0.09995198268434402, 0.7978065624792251, 0.07867798223845285, 0.023563472597978027]","[0.033333, 0.466667, 0.416667, 0.083333]"
d1-omni,typed_customer_service,customer_service_000032,action,choice,3,0,"[""answer_directly"", ""close_no_action"", ""escalate_to_human"", ""execute_refund"", ""request_information""]","[0.4587278406675109, 0.0009152912615754334, 0.3989906644359336, 0.09838261542342124, 0.04298358821155884]","[0.133333, 0.016667, 0.216667, 0.35, 0.283333]"
d1-omni,typed_customer_service,customer_service_000032,category,choice,3,3,"[""account"", ""billing"", ""delivery"", ""refund"", ""technical""]","[0.0054345383514718, 0.009221628501264812, 0.0001391237776269553, 0.985008617985912, 0.00019609138372440662]","[0.0, 0.03, 0.0, 0.97, 0.0]"
d1-omni,typed_customer_service,customer_service_000032,churn_risk,score,2,0,"[""0"", ""1"", ""2"", ""3""]","[0.7877132199374017, 0.10936467297076971, 0.026371238560643252, 0.07655086853118526]","[0.033333, 0.233333, 0.6, 0.133333]"
d1-omni,typed_customer_service,customer_service_000032,needs_human,noul,1,0,"[""false"", ""true""]","[0.6845517158508301, 0.3154482841491699]","[0.433333, 0.566667]"
d1-omni,typed_customer_service,customer_service_000032,urgency,score,2,3,"[""0"", ""1"", ""2"", ""3""]","[0.0039674587462981085, 0.08707731739187033, 0.010593802396832438, 0.8983614214649991]","[0.0, 0.116667, 0.7, 0.183333]"
d1-omni,typed_customer_service,customer_service_000033,action,choice,0,2,"[""answer_directly"", ""close_no_action"", ""escalate_to_human"", ""execute_refund"", ""request_information""]","[0.37009927801499964, 0.002227978146094625, 0.39325648541524677, 0.07786638443720496, 0.156549873986454]","[0.466667, 0.01, 0.12, 0.036667, 0.366667]"
d1-omni,typed_customer_service,customer_service_000033,category,choice,2,2,"[""account"", ""billing"", ""delivery"", ""refund"", ""technical""]","[0.0650850588941882, 0.2274276842315555, 0.6780810147741125, 0.01752917973467807, 0.011877062365465743]","[0.023333, 0.013333, 0.866667, 0.086667, 0.01]"
d1-omni,typed_customer_service,customer_service_000033,churn_risk,score,1,0,"[""0"", ""1"", ""2"", ""3""]","[0.6519430705770795, 0.009286109115918116, 0.09762633337309833, 0.2411444869339041]","[0.2, 0.533333, 0.266667, 0.0]"
d1-omni,typed_customer_service,customer_service_000033,needs_human,noul,0,1,"[""false"", ""true""]","[0.4652588367462158, 0.5347411632537842]","[0.7, 0.3]"
d1-omni,typed_customer_service,customer_service_000033,urgency,score,2,3,"[""0"", ""1"", ""2"", ""3""]","[0.08855845581236953, 0.29040189928408194, 0.09099063073864659, 0.5300490141649019]","[0.016667, 0.183333, 0.583333, 0.216667]"
d1-omni,typed_customer_service,customer_service_000034,action,choice,2,0,"[""answer_directly"", ""close_no_action"", ""escalate_to_human"", ""execute_refund"", ""request_information""]","[0.47317162690423986, 0.0013242176650614843, 0.10179942961253047, 0.001979090295728734, 0.42172563552243947]","[0.116667, 0.006667, 0.616667, 0.043333, 0.216667]"
d1-omni,typed_customer_service,customer_service_000034,category,choice,2,2,"[""account"", ""billing"", ""delivery"", ""refund"", ""technical""]","[0.0025117985013109927, 0.0004294230768778149, 0.9752061744234818, 0.0003194697033781336, 0.02153313429495132]","[0.016667, 0.01, 0.733333, 0.073333, 0.166667]"
d1-omni,typed_customer_service,customer_service_000034,churn_risk,score,2,2,"[""0"", ""1"", ""2"", ""3""]","[0.26566768583286243, 0.0568359327000506, 0.5419353428386825, 0.13556103862840438]","[0.0, 0.1, 0.5, 0.4]"
d1-omni,typed_customer_service,customer_service_000034,needs_human,noul,1,1,"[""false"", ""true""]","[0.20102912187576294, 0.7989708781242371]","[0.2, 0.8]"
d1-omni,typed_customer_service,customer_service_000034,urgency,score,3,1,"[""0"", ""1"", ""2"", ""3""]","[0.045542841102182444, 0.3514131101216814, 0.27166599743687353, 0.33137805133926257]","[0.0, 0.033333, 0.233333, 0.733333]"
d1-omni,typed_customer_service,customer_service_000035,action,choice,4,2,"[""answer_directly"", ""close_no_action"", ""escalate_to_human"", ""execute_refund"", ""request_information""]","[0.08163780877756817, 0.0013197093760119129, 0.7405486846891732, 0.02481621552076051, 0.15167758163648612]","[0.066667, 0.026667, 0.406667, 0.04, 0.46]"
d1-omni,typed_customer_service,customer_service_000035,category,choice,1,1,"[""account"", ""billing"", ""delivery"", ""refund"", ""technical""]","[0.07744751556373562, 0.8968225024306451, 0.00011544467912298985, 0.020320142818291, 0.00529439450820534]","[0.016667, 0.846667, 0.01, 0.11, 0.016667]"
d1-omni,typed_customer_service,customer_service_000035,churn_risk,score,2,3,"[""0"", ""1"", ""2"", ""3""]","[0.0869195072522429, 0.07995338529035798, 0.40951034192437735, 0.42361676553302174]","[0.066667, 0.35, 0.533333, 0.05]"
d1-omni,typed_customer_service,customer_service_000035,needs_human,noul,1,1,"[""false"", ""true""]","[0.2675396203994751, 0.7324603796005249]","[0.256667, 0.743333]"
d1-omni,typed_customer_service,customer_service_000035,urgency,score,2,1,"[""0"", ""1"", ""2"", ""3""]","[0.011577728027888538, 0.928649664861594, 0.029616406255539914, 0.03015620085497765]","[0.016667, 0.15, 0.45, 0.383333]"
d1-omni,typed_customer_service,customer_service_000036,action,choice,0,2,"[""answer_directly"", ""close_no_action"", ""escalate_to_human"", ""execute_refund"", ""request_information""]","[0.0410875703126526, 0.007365672832775461, 0.572193180656669, 0.25143541439345074, 0.12791816180445217]","[0.783333, 0.033333, 0.066667, 0.0, 0.116667]"
d1-omni,typed_customer_service,customer_service_000036,category,choice,0,0,"[""account"", ""billing"", ""delivery"", ""refund"", ""technical""]","[0.540606132224448, 0.43244727736792876, 0.00016854038127428779, 0.02481410425439396, 0.001963945771955086]","[0.9, 0.083333, 0.006667, 0.003333, 0.006667]"
d1-omni,typed_customer_service,customer_service_000036,churn_risk,score,3,0,"[""0"", ""1"", ""2"", ""3""]","[0.47942635137762535, 0.011667598176994672, 0.06188823234490961, 0.44701781810047037]","[0.0, 0.016667, 0.1, 0.883333]"
d1-omni,typed_customer_service,customer_service_000036,needs_human,noul,0,0,"[""false"", ""true""]","[0.5304920971393585, 0.4695079028606415]","[0.856667, 0.143333]"
d1-omni,typed_customer_service,customer_service_000036,urgency,score,2,3,"[""0"", ""1"", ""2"", ""3""]","[0.014734944685463386, 0.3212178427275865, 0.06096978633218859, 0.6030774262547615]","[0.0, 0.1, 0.466667, 0.433333]"
d1-omni,typed_customer_service,customer_service_000037,action,choice,2,4,"[""answer_directly"", ""close_no_action"", ""escalate_to_human"", ""execute_refund"", ""request_information""]","[0.19955089470954757, 0.0009995763266123132, 0.3503836689596068, 0.0003785238044551811, 0.44868733619977813]","[0.1, 0.1, 0.566667, 0.133333, 0.1]"
d1-omni,typed_customer_service,customer_service_000037,category,choice,2,2,"[""account"", ""billing"", ""delivery"", ""refund"", ""technical""]","[0.004142418420996685, 0.001617563623281387, 0.9938524762902023, 7.834423584330018e-05, 0.00030919742967630635]","[0.0, 0.0, 1.0, 0.0, 0.0]"
d1-omni,typed_customer_service,customer_service_000037,churn_risk,score,2,2,"[""0"", ""1"", ""2"", ""3""]","[0.2815644500725138, 0.018767560285410215, 0.6354276668088591, 0.06424032283321685]","[0.016667, 0.216667, 0.666667, 0.1]"
d1-omni,typed_customer_service,customer_service_000037,needs_human,noul,1,1,"[""false"", ""true""]","[0.10562938451766968, 0.8943706154823303]","[0.266667, 0.733333]"
d1-omni,typed_customer_service,customer_service_000037,urgency,score,1,1,"[""0"", ""1"", ""2"", ""3""]","[0.010475393499327705, 0.9103497366389347, 0.0753652312658182, 0.003809638595919361]","[0.05, 0.45, 0.416667, 0.083333]"
d1-omni,typed_customer_service,customer_service_000038,action,choice,4,4,"[""answer_directly"", ""close_no_action"", ""escalate_to_human"", ""execute_refund"", ""request_information""]","[0.1535241278707347, 0.0020019406645236924, 0.2179031247051818, 0.0012810189362679276, 0.6252897878232919]","[0.183333, 0.016667, 0.133333, 0.0, 0.666667]"
d1-omni,typed_customer_service,customer_service_000038,category,choice,0,0,"[""account"", ""billing"", ""delivery"", ""refund"", ""technical""]","[0.8187246272402737, 0.0009427753231417629, 0.0007132198098572429, 4.937255627269869e-05, 0.17957000507045462]","[0.91633, 0.003333, 0.003333, 0.003333, 0.07367]"
d1-omni,typed_customer_service,customer_service_000038,churn_risk,score,1,2,"[""0"", ""1"", ""2"", ""3""]","[0.14605473308387548, 0.044139170143138694, 0.45987011030026026, 0.34993598647272556]","[0.333333, 0.5, 0.166667, 0.0]"
d1-omni,typed_customer_service,customer_service_000038,needs_human,noul,0,1,"[""false"", ""true""]","[0.1742655634880066, 0.8257344365119934]","[0.783333, 0.216667]"
d1-omni,typed_customer_service,customer_service_000038,urgency,score,1,1,"[""0"", ""1"", ""2"", ""3""]","[0.21306816995440234, 0.751044205378247, 0.027057993854679236, 0.008829630812671437]","[0.133333, 0.416667, 0.383333, 0.066667]"
d1-omni,typed_customer_service,customer_service_000039,action,choice,4,4,"[""answer_directly"", ""close_no_action"", ""escalate_to_human"", ""execute_refund"", ""request_information""]","[0.20302090754730245, 0.009325269002623541, 0.3235334866488595, 8.561431175003815e-05, 0.4640347224894645]","[0.216667, 0.02, 0.04, 0.013333, 0.71]"
d1-omni,typed_customer_service,customer_service_000039,category,choice,4,4,"[""account"", ""billing"", ""delivery"", ""refund"", ""technical""]","[0.012328007028758104, 0.0024917500094934673, 0.0013790908012608159, 4.570116931397428e-05, 0.9837554509911737]","[0.003333, 0.005, 0.008333, 0.003333, 0.98]"
d1-omni,typed_customer_service,customer_service_000039,churn_risk,score,1,2,"[""0"", ""1"", ""2"", ""3""]","[0.3762350846634098, 0.16652547567451637, 0.39272608128455644, 0.06451335837751739]","[0.116667, 0.566667, 0.25, 0.066667]"
d1-omni,typed_customer_service,customer_service_000039,needs_human,noul,0,0,"[""false"", ""true""]","[0.5229865908622742, 0.47701340913772583]","[0.716667, 0.283333]"
d1-omni,typed_customer_service,customer_service_000039,urgency,score,1,1,"[""0"", ""1"", ""2"", ""3""]","[0.008317648619062794, 0.9727038958528018, 0.011205543083076397, 0.007772912445058951]","[0.133333, 0.566667, 0.25, 0.05]"
d1-omni,typed_customer_service,customer_service_000040,action,choice,2,0,"[""answer_directly"", ""close_no_action"", ""escalate_to_human"", ""execute_refund"", ""request_information""]","[0.5463759019990619, 0.0033260734794228514, 0.3776688494036293, 0.004433552522830181, 0.06819562259505577]","[0.476667, 0.0, 0.476667, 0.0, 0.046667]"
d1-omni,typed_customer_service,customer_service_000040,category,choice,1,1,"[""account"", ""billing"", ""delivery"", ""refund"", ""technical""]","[0.015284798223951518, 0.9337264966247053, 0.04584300552800322, 2.276791036805556e-05, 0.005122931712971881]","[0.003333, 0.943333, 0.001667, 0.001667, 0.05]"
d1-omni,typed_customer_service,customer_service_000040,churn_risk,score,2,2,"[""0"", ""1"", ""2"", ""3""]","[0.00978974279607644, 0.0024976905650062942, 0.9567489288606739, 0.030963637778243427]","[0.0, 0.133333, 0.566667, 0.3]"
d1-omni,typed_customer_service,customer_service_000040,needs_human,noul,1,1,"[""false"", ""true""]","[0.3214263319969177, 0.6785736680030823]","[0.3, 0.7]"
d1-omni,typed_customer_service,customer_service_000040,urgency,score,3,3,"[""0"", ""1"", ""2"", ""3""]","[0.0006179357086625837, 0.05951084554743803, 0.12736246756352435, 0.812508751180375]","[0.0, 0.033333, 0.066667, 0.9]"
d1-omni,typed_customer_service,customer_service_000041,action,choice,2,2,"[""answer_directly"", ""close_no_action"", ""escalate_to_human"", ""execute_refund"", ""request_information""]","[0.045315601163763375, 0.001775386286680237, 0.8860760972587565, 0.024629693604505915, 0.04220322168629404]","[0.123333, 0.0, 0.716667, 0.0, 0.16]"
d1-omni,typed_customer_service,customer_service_000041,category,choice,4,4,"[""account"", ""billing"", ""delivery"", ""refund"", ""technical""]","[0.009165966825917136, 0.03723745403090221, 2.4548914164880323e-05, 0.00012179598413091316, 0.9534502342448848]","[0.04, 0.033333, 0.0, 0.01, 0.916667]"
d1-omni,typed_customer_service,customer_service_000041,churn_risk,score,3,3,"[""0"", ""1"", ""2"", ""3""]","[0.007882475988777173, 0.0010906881840692193, 0.2353180091393955, 0.7557088266877582]","[0.033333, 0.066667, 0.25, 0.65]"
d1-omni,typed_customer_service,customer_service_000041,needs_human,noul,1,1,"[""false"", ""true""]","[0.340268075466156, 0.659731924533844]","[0.123333, 0.876667]"
d1-omni,typed_customer_service,customer_service_000041,urgency,score,3,2,"[""0"", ""1"", ""2"", ""3""]","[0.020018921419273264, 0.009545972215161763, 0.6724608886070218, 0.2979742177585431]","[0.033333, 0.09, 0.31, 0.566667]"
d1-omni,typed_customer_service,customer_service_000042,action,choice,2,2,"[""answer_directly"", ""close_no_action"", ""escalate_to_human"", ""execute_refund"", ""request_information""]","[0.10145180061989292, 0.0009061030698120303, 0.6325284326575046, 0.008099862481861413, 0.25701380117092903]","[0.066667, 0.0, 0.683333, 0.116667, 0.133333]"
d1-omni,typed_customer_service,customer_service_000042,category,choice,1,0,"[""account"", ""billing"", ""delivery"", ""refund"", ""technical""]","[0.5791901334513243, 0.32580178888823824, 0.0015984632730525155, 0.027798952460361657, 0.06561066192702329]","[0.006667, 0.81, 0.0, 0.183333, 0.0]"
d1-omni,typed_customer_service,customer_service_000042,churn_risk,score,3,3,"[""0"", ""1"", ""2"", ""3""]","[0.08042732551295939, 0.008909584871404013, 0.3188153773656545, 0.591847712249982]","[0.0, 0.116667, 0.4, 0.483333]"
d1-omni,typed_customer_service,customer_service_000042,needs_human,noul,1,1,"[""false"", ""true""]","[0.28308790922164917, 0.7169120907783508]","[0.183333, 0.816667]"
d1-omni,typed_customer_service,customer_service_000042,urgency,score,3,3,"[""0"", ""1"", ""2"", ""3""]","[0.005819755213862933, 0.2543109687354398, 0.3349593919906316, 0.4049098840600657]","[0.0, 0.083333, 0.416667, 0.5]"
d1-omni,typed_customer_service,customer_service_000043,action,choice,4,2,"[""answer_directly"", ""close_no_action"", ""escalate_to_human"", ""execute_refund"", ""request_information""]","[0.19256899043262155, 0.0024927559208692105, 0.7036196096632712, 0.01585384481558395, 0.08546479916765409]","[0.116667, 0.016667, 0.233333, 0.266667, 0.366667]"
d1-omni,typed_customer_service,customer_service_000043,category,choice,1,1,"[""account"", ""billing"", ""delivery"", ""refund"", ""technical""]","[0.13227875091219063, 0.8501375992789838, 0.00044754474136715286, 0.0022453511520161788, 0.014890753915442255]","[0.216667, 0.766667, 0.0, 0.0, 0.016667]"
d1-omni,typed_customer_service,customer_service_000043,churn_risk,score,2,2,"[""0"", ""1"", ""2"", ""3""]","[0.06785233785817132, 0.04760126201952293, 0.7613976285778958, 0.12314877154440997]","[0.0, 0.15, 0.6, 0.25]"
d1-omni,typed_customer_service,customer_service_000043,needs_human,noul,1,1,"[""false"", ""true""]","[0.337674617767334, 0.662325382232666]","[0.266667, 0.733333]"
d1-omni,typed_customer_service,customer_service_000043,urgency,score,2,1,"[""0"", ""1"", ""2"", ""3""]","[0.03392743571731955, 0.8840268537467155, 0.06326781734435162, 0.018777893191613312]","[0.016667, 0.183333, 0.6, 0.2]"
d1-omni,typed_customer_service,customer_service_000044,action,choice,2,2,"[""answer_directly"", ""close_no_action"", ""escalate_to_human"", ""execute_refund"", ""request_information""]","[0.3649838341584625, 0.0007962638719449923, 0.4724648303344892, 0.000671636621005902, 0.16108343501409741]","[0.083333, 0.0, 0.566667, 0.0, 0.35]"
d1-omni,typed_customer_service,customer_service_000044,category,choice,4,2,"[""account"", ""billing"", ""delivery"", ""refund"", ""technical""]","[0.00648831374139142, 0.0005945449356741409, 0.9526091758725167, 7.995887653236811e-05, 0.04022800657388533]","[0.0, 0.0, 0.083333, 0.016667, 0.9]"
d1-omni,typed_customer_service,customer_service_000044,churn_risk,score,2,0,"[""0"", ""1"", ""2"", ""3""]","[0.5740100621123757, 0.012570090702490948, 0.257237336499731, 0.1561825106854024]","[0.083333, 0.366667, 0.433333, 0.116667]"
d1-omni,typed_customer_service,customer_service_000044,needs_human,noul,1,1,"[""false"", ""true""]","[0.061741411685943604, 0.9382585883140564]","[0.2, 0.8]"
d1-omni,typed_customer_service,customer_service_000044,urgency,score,2,3,"[""0"", ""1"", ""2"", ""3""]","[0.004943476498882174, 0.048131245873196185, 0.24680012338105525, 0.7001251542468664]","[0.0, 0.066667, 0.633333, 0.3]"
d1-omni,typed_customer_service,customer_service_000045,action,choice,0,0,"[""answer_directly"", ""close_no_action"", ""escalate_to_human"", ""execute_refund"", ""request_information""]","[0.6636430195454387, 0.0008580183525606859, 0.2495640803233478, 0.0006844425367741104, 0.08525043924187868]","[0.896667, 0.013333, 0.016667, 0.003333, 0.07]"
d1-omni,typed_customer_service,customer_service_000045,category,choice,1,1,"[""account"", ""billing"", ""delivery"", ""refund"", ""technical""]","[0.0035229215545895076, 0.9937061577688875, 0.0026062936286661152, 9.940367727978999e-07, 0.00016363301108409412]","[0.005, 0.973333, 0.01, 0.006667, 0.005]"
d1-omni,typed_customer_service,customer_service_000045,churn_risk,score,0,0,"[""0"", ""1"", ""2"", ""3""]","[0.6107666196675373, 0.16674738314853615, 0.04038997171420741, 0.18209602546971912]","[0.896667, 0.09, 0.013333, 0.0]"
d1-omni,typed_customer_service,customer_service_000045,needs_human,noul,0,0,"[""false"", ""true""]","[0.5008790791034698, 0.49912092089653015]","[0.92, 0.08]"
d1-omni,typed_customer_service,customer_service_000045,urgency,score,3,3,"[""0"", ""1"", ""2"", ""3""]","[0.0012285542785624142, 0.155311523331157, 0.0030586984637205757, 0.84040122392656]","[0.003333, 0.03, 0.116667, 0.85]"
d1-omni,typed_customer_service,customer_service_000046,action,choice,2,2,"[""answer_directly"", ""close_no_action"", ""escalate_to_human"", ""execute_refund"", ""request_information""]","[0.321717905195356, 0.005028565681193251, 0.36763482257275365, 0.021220582732533307, 0.2843981238181638]","[0.016667, 0.0, 0.6, 0.3, 0.083333]"
d1-omni,typed_customer_service,customer_service_000046,category,choice,1,1,"[""account"", ""billing"", ""delivery"", ""refund"", ""technical""]","[0.001244355425194445, 0.9980134694732701, 0.00013765650138935375, 0.0002212131598188833, 0.00038330544032726485]","[0.0, 0.916667, 0.0, 0.083333, 0.0]"
d1-omni,typed_customer_service,customer_service_000046,churn_risk,score,1,0,"[""0"", ""1"", ""2"", ""3""]","[0.7738381547074272, 0.05716038506063421, 0.14198971746792985, 0.027011742764008678]","[0.083333, 0.55, 0.266667, 0.1]"
d1-omni,typed_customer_service,customer_service_000046,needs_human,noul,1,1,"[""false"", ""true""]","[0.12957847118377686, 0.8704215288162231]","[0.3, 0.7]"
d1-omni,typed_customer_service,customer_service_000046,urgency,score,2,1,"[""0"", ""1"", ""2"", ""3""]","[0.026375101633601808, 0.5367082903468209, 0.06419937997870724, 0.37271722804087004]","[0.0, 0.083333, 0.583333, 0.333333]"
d1-omni,typed_customer_service,customer_service_000047,action,choice,4,2,"[""answer_directly"", ""close_no_action"", ""escalate_to_human"", ""execute_refund"", ""request_information""]","[0.151184301500629, 0.0021774758933089376, 0.6687592684972762, 0.0037520058845447665, 0.17412694822424113]","[0.216667, 0.016667, 0.133333, 0.0, 0.633333]"
d1-omni,typed_customer_service,customer_service_000047,category,choice,1,0,"[""account"", ""billing"", ""delivery"", ""refund"", ""technical""]","[0.8534585047889011, 0.1420179722943294, 4.5267351101037226e-05, 0.00010513877844611663, 0.004373116787222446]","[0.333333, 0.583333, 0.0, 0.0, 0.083333]"
d1-omni,typed_customer_service,customer_service_000047,churn_risk,score,1,3,"[""0"", ""1"", ""2"", ""3""]","[0.3052146848908255, 0.14686124641530238, 0.08967199387121237, 0.4582520748226598]","[0.083333, 0.4, 0.383333, 0.133333]"
d1-omni,typed_customer_service,customer_service_000047,needs_human,noul,0,0,"[""false"", ""true""]","[0.65179443359375, 0.34820556640625]","[0.7, 0.3]"
d1-omni,typed_customer_service,customer_service_000047,urgency,score,3,3,"[""0"", ""1"", ""2"", ""3""]","[0.22168847154595567, 0.35217280962467756, 0.008041088192239159, 0.41809763063712757]","[0.0, 0.166667, 0.266667, 0.566667]"
d1-omni,typed_customer_service,customer_service_000048,action,choice,2,2,"[""answer_directly"", ""close_no_action"", ""escalate_to_human"", ""execute_refund"", ""request_information""]","[0.24674031910427383, 0.004919746747480625, 0.50448904953405, 0.002935965692858279, 0.24091491892133726]","[0.133333, 0.016667, 0.766667, 0.0, 0.083333]"
d1-omni,typed_customer_service,customer_service_000048,category,choice,2,2,"[""account"", ""billing"", ""delivery"", ""refund"", ""technical""]","[0.0027912211179818166, 0.00538498275115342, 0.991121326642234, 0.0001807057769126496, 0.0005217637117181195]","[0.003333, 0.003333, 0.986667, 0.003333, 0.003333]"
d1-omni,typed_customer_service,customer_service_000048,churn_risk,score,2,2,"[""0"", ""1"", ""2"", ""3""]","[0.24075139376060123, 0.09390300082090128, 0.6063681448150922, 0.058977460603405335]","[0.0, 0.15, 0.666667, 0.183333]"
d1-omni,typed_customer_service,customer_service_000048,needs_human,noul,1,1,"[""false"", ""true""]","[0.4644569754600525, 0.5355430245399475]","[0.2, 0.8]"
d1-omni,typed_customer_service,customer_service_000048,urgency,score,2,1,"[""0"", ""1"", ""2"", ""3""]","[0.08114918139988524, 0.7475758027827187, 0.1348676800384891, 0.03640733577890689]","[0.0, 0.1, 0.633333, 0.266667]"
d1-omni,typed_customer_service,customer_service_000049,action,choice,4,2,"[""answer_directly"", ""close_no_action"", ""escalate_to_human"", ""execute_refund"", ""request_information""]","[0.12831519795080568, 0.0012939879923814421, 0.5562553514552884, 0.005193138596653855, 0.30894232400487065]","[0.233333, 0.0, 0.266667, 0.0, 0.5]"
d1-omni,typed_customer_service,customer_service_000049,category,choice,1,1,"[""account"", ""billing"", ""delivery"", ""refund"", ""technical""]","[0.021320214326072163, 0.7756232639385765, 0.0020286367955025092, 0.00013467549775950528, 0.2008932094420893]","[0.0, 0.883333, 0.0, 0.0, 0.116667]"
d1-omni,typed_customer_service,customer_service_000049,churn_risk,score,2,2,"[""0"", ""1"", ""2"", ""3""]","[0.28267224570094623, 0.026050872130286985, 0.3631819351322228, 0.32809494703654396]","[0.033333, 0.15, 0.583333, 0.233333]"
d1-omni,typed_customer_service,customer_service_000049,needs_human,noul,0,1,"[""false"", ""true""]","[0.3288847804069519, 0.6711152195930481]","[0.516667, 0.483333]"
d1-omni,typed_customer_service,customer_service_000049,urgency,score,3,3,"[""0"", ""1"", ""2"", ""3""]","[0.000393446129685685, 0.0032559666038921974, 0.0014907668896244094, 0.9948598203767977]","[0.0, 0.033333, 0.233333, 0.733333]"
d1-omni,typed_customer_service,customer_service_000050,action,choice,2,2,"[""answer_directly"", ""close_no_action"", ""escalate_to_human"", ""execute_refund"", ""request_information""]","[0.033167140586954566, 0.002748745108762066, 0.8395124805662283, 0.001595233129601025, 0.12297640060845409]","[0.05, 0.006667, 0.716667, 0.01, 0.216667]"
d1-omni,typed_customer_service,customer_service_000050,category,choice,0,0,"[""account"", ""billing"", ""delivery"", ""refund"", ""technical""]","[0.7071713148437109, 0.05901746773713522, 0.0006169018981167447, 0.00019162506049820826, 0.2330026904605389]","[0.733333, 0.0, 0.0, 0.0, 0.266667]"
d1-omni,typed_customer_service,customer_service_000050,churn_risk,score,2,2,"[""0"", ""1"", ""2"", ""3""]","[0.2349239105742587, 0.05939805419149914, 0.41124790294099, 0.29443013229325216]","[0.0, 0.083333, 0.533333, 0.383333]"
d1-omni,typed_customer_service,customer_service_000050,needs_human,noul,1,1,"[""false"", ""true""]","[0.29440057277679443, 0.7055994272232056]","[0.183333, 0.816667]"
d1-omni,typed_customer_service,customer_service_000050,urgency,score,3,1,"[""0"", ""1"", ""2"", ""3""]","[0.010057069458924995, 0.8269624024632817, 0.09192012233576655, 0.07106040574202677]","[0.0, 0.116667, 0.366667, 0.516667]"
d1-omni,typed_customer_service,customer_service_000051,action,choice,2,2,"[""answer_directly"", ""close_no_action"", ""escalate_to_human"", ""execute_refund"", ""request_information""]","[0.21489041419141963, 0.0012345582278395475, 0.6737030419871738, 0.004685700128466385, 0.10548628546510064]","[0.1, 0.025, 0.8, 0.008333, 0.066667]"
d1-omni,typed_customer_service,customer_service_000051,category,choice,2,2,"[""account"", ""billing"", ""delivery"", ""refund"", ""technical""]","[0.024423210058370837, 0.003361106166583723, 0.8634567298939633, 0.0009682746646919331, 0.10779067921639023]","[0.008333, 0.008333, 0.75, 0.033333, 0.2]"
d1-omni,typed_customer_service,customer_service_000051,churn_risk,score,3,3,"[""0"", ""1"", ""2"", ""3""]","[0.0014417003179562854, 0.000248328442044851, 0.032658425369012124, 0.9656515458709868]","[0.0, 0.033333, 0.15, 0.816667]"
d1-omni,typed_customer_service,customer_service_000051,needs_human,noul,1,1,"[""false"", ""true""]","[0.09591740369796753, 0.9040825963020325]","[0.116667, 0.883333]"
d1-omni,typed_customer_service,customer_service_000051,urgency,score,3,3,"[""0"", ""1"", ""2"", ""3""]","[0.005238485483538467, 0.027849193454912352, 0.014371811305196498, 0.9525405097563526]","[0.0, 0.033333, 0.183333, 0.783333]"
d1-omni,typed_customer_service,customer_service_000052,action,choice,2,0,"[""answer_directly"", ""close_no_action"", ""escalate_to_human"", ""execute_refund"", ""request_information""]","[0.4293743925805701, 0.005078038390081671, 0.35183619030687246, 0.04507819399547751, 0.1686331847269983]","[0.1, 0.016667, 0.5, 0.35, 0.033333]"
d1-omni,typed_customer_service,customer_service_000052,category,choice,1,1,"[""account"", ""billing"", ""delivery"", ""refund"", ""technical""]","[0.22701043853830835, 0.7569163762843258, 0.0007660734443033312, 0.013472354611227436, 0.001834757121835017]","[0.383333, 0.58, 0.003333, 0.023333, 0.01]"
d1-omni,typed_customer_service,customer_service_000052,churn_risk,score,3,3,"[""0"", ""1"", ""2"", ""3""]","[0.18532434019574737, 0.010212947566933243, 0.12660901189498133, 0.677853700342338]","[0.0, 0.033333, 0.15, 0.816667]"
d1-omni,typed_customer_service,customer_service_000052,needs_human,noul,1,1,"[""false"", ""true""]","[0.24455446004867554, 0.7554455399513245]","[0.15, 0.85]"
d1-omni,typed_customer_service,customer_service_000052,urgency,score,3,3,"[""0"", ""1"", ""2"", ""3""]","[0.002142249149866515, 0.09478146622564326, 0.012242068587885525, 0.8908342160366047]","[0.0, 0.016667, 0.133333, 0.85]"
d1-omni,typed_customer_service,customer_service_000053,action,choice,4,2,"[""answer_directly"", ""close_no_action"", ""escalate_to_human"", ""execute_refund"", ""request_information""]","[0.18335874705271427, 0.0007553686289549107, 0.7117625601705713, 0.01103428584619492, 0.09308903830156462]","[0.133333, 0.013333, 0.266667, 0.02, 0.566667]"
d1-omni,typed_customer_service,customer_service_000053,category,choice,1,1,"[""account"", ""billing"", ""delivery"", ""refund"", ""technical""]","[0.08768943797447797, 0.8875127536177936, 7.8168327474868e-05, 0.0008124011894417509, 0.023907238890811804]","[0.02, 0.953333, 0.001667, 0.005, 0.02]"
d1-omni,typed_customer_service,customer_service_000053,churn_risk,score,2,2,"[""0"", ""1"", ""2"", ""3""]","[0.15876512891534045, 0.06578022643579852, 0.5971630500246484, 0.17829159462421265]","[0.016667, 0.216667, 0.583333, 0.183333]"
d1-omni,typed_customer_service,customer_service_000053,needs_human,noul,1,0,"[""false"", ""true""]","[0.5375832617282867, 0.46241673827171326]","[0.433333, 0.566667]"
d1-omni,typed_customer_service,customer_service_000053,urgency,score,3,1,"[""0"", ""1"", ""2"", ""3""]","[0.04515962302684784, 0.792626142501831, 0.06857283413410187, 0.09364140033721924]","[0.016667, 0.133333, 0.366667, 0.483333]"
d1-omni,typed_customer_service,customer_service_000054,action,choice,2,0,"[""answer_directly"", ""close_no_action"", ""escalate_to_human"", ""execute_refund"", ""request_information""]","[0.586698132992515, 0.0006127317468451866, 0.2869729494792182, 0.00023859753623625978, 0.12547758824518532]","[0.04, 0.0, 0.9, 0.0, 0.06]"
d1-omni,typed_customer_service,customer_service_000054,category,choice,0,0,"[""account"", ""billing"", ""delivery"", ""refund"", ""technical""]","[0.847343366007862, 0.03826110081623547, 0.026546397571152583, 0.0005804633880278273, 0.08726867221672215]","[0.833333, 0.016667, 0.016667, 0.0, 0.133333]"
d1-omni,typed_customer_service,customer_service_000054,churn_risk,score,3,3,"[""0"", ""1"", ""2"", ""3""]","[0.01865583218440833, 0.0037213617515873907, 0.05252873860133681, 0.9250940674626674]","[0.0, 0.0, 0.066667, 0.933333]"
d1-omni,typed_customer_service,customer_service_000054,needs_human,noul,1,1,"[""false"", ""true""]","[0.13275086879730225, 0.8672491312026978]","[0.046667, 0.953333]"
d1-omni,typed_customer_service,customer_service_000054,urgency,score,3,3,"[""0"", ""1"", ""2"", ""3""]","[0.003059749561203027, 0.014109723448956694, 0.0061194846869069165, 0.9767110423029334]","[0.0, 0.0, 0.083333, 0.916667]"
d1-omni,typed_customer_service,customer_service_000055,action,choice,3,0,"[""answer_directly"", ""close_no_action"", ""escalate_to_human"", ""execute_refund"", ""request_information""]","[0.47548601817328184, 0.0004560707678042875, 0.14590560141003173, 0.2537885946265865, 0.12436371502229566]","[0.15, 0.0, 0.133333, 0.65, 0.066667]"
d1-omni,typed_customer_service,customer_service_000055,category,choice,1,1,"[""account"", ""billing"", ""delivery"", ""refund"", ""technical""]","[0.0013671147999511852, 0.9958368295024393, 1.1640450507360168e-05, 0.0026783060089778004, 0.00010610923812435942]","[0.0, 0.533333, 0.0, 0.466667, 0.0]"
d1-omni,typed_customer_service,customer_service_000055,churn_risk,score,2,2,"[""0"", ""1"", ""2"", ""3""]","[0.044124322502051914, 0.0024913676480118165, 0.9521746547073117, 0.001209655142624636]","[0.0, 0.1, 0.633333, 0.266667]"
d1-omni,typed_customer_service,customer_service_000055,needs_human,noul,1,1,"[""false"", ""true""]","[0.2668510675430298, 0.7331489324569702]","[0.466667, 0.533333]"
d1-omni,typed_customer_service,customer_service_000055,urgency,score,2,2,"[""0"", ""1"", ""2"", ""3""]","[0.00360748506017499, 0.018877639579796816, 0.9628882006842205, 0.014626674675807643]","[0.016667, 0.116667, 0.816667, 0.05]"
d1-omni,typed_customer_service,customer_service_000056,action,choice,0,2,"[""answer_directly"", ""close_no_action"", ""escalate_to_human"", ""execute_refund"", ""request_information""]","[0.26840541860343614, 0.0024659189934692865, 0.6268921153866965, 0.06988403485848245, 0.03235251215791554]","[0.573333, 0.043333, 0.043333, 0.016667, 0.323333]"
d1-omni,typed_customer_service,customer_service_000056,category,choice,0,0,"[""account"", ""billing"", ""delivery"", ""refund"", ""technical""]","[0.9352167020091429, 0.045153832821838456, 0.001314250953030691, 0.008838321797544187, 0.00947689241844376]","[0.93, 0.023333, 0.003333, 0.036667, 0.006667]"
d1-omni,typed_customer_service,customer_service_000056,churn_risk,score,3,3,"[""0"", ""1"", ""2"", ""3""]","[0.012251733429997412, 0.0010623350649525583, 0.018291323821289056, 0.968394607683761]","[0.0, 0.023333, 0.316667, 0.66]"
d1-omni,typed_customer_service,customer_service_000056,needs_human,noul,0,1,"[""false"", ""true""]","[0.10023260116577148, 0.8997673988342285]","[0.59, 0.41]"
d1-omni,typed_customer_service,customer_service_000056,urgency,score,3,3,"[""0"", ""1"", ""2"", ""3""]","[0.00845453595395469, 0.08898430921814102, 0.007153671121585733, 0.8954074837063186]","[0.02, 0.073333, 0.39, 0.516667]"
d1-omni,typed_customer_service,customer_service_000057,action,choice,0,0,"[""answer_directly"", ""close_no_action"", ""escalate_to_human"", ""execute_refund"", ""request_information""]","[0.4057378077037095, 0.0026142879818252954, 0.22244375706277075, 0.0009336450589739389, 0.3682705021927205]","[0.783333, 0.003333, 0.213333, 0.0, 0.0]"
d1-omni,typed_customer_service,customer_service_000057,category,choice,1,1,"[""account"", ""billing"", ""delivery"", ""refund"", ""technical""]","[0.0030067001116904067, 0.9144610625837988, 0.08191658967887618, 7.930103891270963e-06, 0.0006077175217433111]","[0.001667, 0.996667, 0.0, 0.0, 0.001667]"
d1-omni,typed_customer_service,customer_service_000057,churn_risk,score,3,3,"[""0"", ""1"", ""2"", ""3""]","[0.25571016599853247, 0.02177548250324313, 0.018592130904843834, 0.7039222205933805]","[0.0, 0.016667, 0.116667, 0.866667]"
d1-omni,typed_customer_service,customer_service_000057,needs_human,noul,0,1,"[""false"", ""true""]","[0.21810758113861084, 0.7818924188613892]","[0.51, 0.49]"
d1-omni,typed_customer_service,customer_service_000057,urgency,score,3,3,"[""0"", ""1"", ""2"", ""3""]","[0.01032588008800734, 0.12917030230563076, 0.07860344875297222, 0.7819003688533896]","[0.0, 0.0, 0.116667, 0.883333]"
d1-omni,typed_customer_service,customer_service_000058,action,choice,2,4,"[""answer_directly"", ""close_no_action"", ""escalate_to_human"", ""execute_refund"", ""request_information""]","[0.30697695228913374, 0.0016655488145330718, 0.19115901496562085, 0.00013219040176965698, 0.5000662935289427]","[0.04, 0.006667, 0.65, 0.003333, 0.3]"
d1-omni,typed_customer_service,customer_service_000058,category,choice,4,4,"[""account"", ""billing"", ""delivery"", ""refund"", ""technical""]","[0.0007239700678835624, 3.780820788818926e-05, 0.00011575425069853389, 4.194214418033275e-06, 0.9991182732591117]","[0.001667, 0.001667, 0.001667, 0.001667, 0.993333]"
d1-omni,typed_customer_service,customer_service_000058,churn_risk,score,3,2,"[""0"", ""1"", ""2"", ""3""]","[0.049470764904136405, 0.052461759807420946, 0.772939402123406, 0.12512807316503666]","[0.0, 0.016667, 0.166667, 0.816667]"
d1-omni,typed_customer_service,customer_service_000058,needs_human,noul,1,1,"[""false"", ""true""]","[0.3097812533378601, 0.6902187466621399]","[0.166667, 0.833333]"
d1-omni,typed_customer_service,customer_service_000058,urgency,score,2,2,"[""0"", ""1"", ""2"", ""3""]","[0.0001087063924529363, 0.00028571353238664025, 0.9680800861833164, 0.03152549389184397]","[0.0, 0.05, 0.75, 0.2]"
d1-omni,typed_customer_service,customer_service_000059,action,choice,2,3,"[""answer_directly"", ""close_no_action"", ""escalate_to_human"", ""execute_refund"", ""request_information""]","[0.18962553474631047, 0.0024017219385432886, 0.11409454246915195, 0.6362258903023186, 0.05765231054367574]","[0.15, 0.026667, 0.34, 0.2, 0.283333]"
d1-omni,typed_customer_service,customer_service_000059,category,choice,2,3,"[""account"", ""billing"", ""delivery"", ""refund"", ""technical""]","[0.0015799572224451332, 0.0012498281856925587, 0.014362056823265412, 0.9816425459351424, 0.0011656118334544357]","[0.0, 0.033333, 0.566667, 0.366667, 0.033333]"
d1-omni,typed_customer_service,customer_service_000059,churn_risk,score,2,0,"[""0"", ""1"", ""2"", ""3""]","[0.6212044815449905, 0.07455865127089654, 0.12760536087441382, 0.17663150630969912]","[0.0, 0.15, 0.466667, 0.383333]"
d1-omni,typed_customer_service,customer_service_000059,needs_human,noul,1,1,"[""false"", ""true""]","[0.23934143781661987, 0.7606585621833801]","[0.373333, 0.626667]"
d1-omni,typed_customer_service,customer_service_000059,urgency,score,3,1,"[""0"", ""1"", ""2"", ""3""]","[0.016443976372449005, 0.7776540443218231, 0.03878072164227437, 0.1671212576634535]","[0.0, 0.083333, 0.35, 0.566667]"
d1-omni,typed_customer_service,customer_service_000060,action,choice,4,0,"[""answer_directly"", ""close_no_action"", ""escalate_to_human"", ""execute_refund"", ""request_information""]","[0.4638581941048761, 0.004574288388306941, 0.21104702801863431, 0.05375076565072818, 0.26676972383745445]","[0.233333, 0.016667, 0.333333, 0.0, 0.416667]"
d1-omni,typed_customer_service,customer_service_000060,category,choice,1,1,"[""account"", ""billing"", ""delivery"", ""refund"", ""technical""]","[0.0010508524517313666, 0.9978163050238659, 0.00010781384273086276, 0.0003218981957489259, 0.0007031304859230058]","[0.01, 0.98, 0.001667, 0.001667, 0.006667]"
d1-omni,typed_customer_service,customer_service_000060,churn_risk,score,2,0,"[""0"", ""1"", ""2"", ""3""]","[0.7181318127273834, 0.09671095445950126, 0.11481468892759185, 0.07034254388552355]","[0.0, 0.133333, 0.666667, 0.2]"
d1-omni,typed_customer_service,customer_service_000060,needs_human,noul,1,1,"[""false"", ""true""]","[0.3370850086212158, 0.6629149913787842]","[0.5, 0.5]"
d1-omni,typed_customer_service,customer_service_000060,urgency,score,3,3,"[""0"", ""1"", ""2"", ""3""]","[0.000997302055539798, 0.014777585804475305, 0.027433060132730447, 0.9567920520072545]","[0.0, 0.016667, 0.066667, 0.916667]"
d1-omni,typed_customer_service,customer_service_000061,action,choice,0,0,"[""answer_directly"", ""close_no_action"", ""escalate_to_human"", ""execute_refund"", ""request_information""]","[0.3660380493700111, 0.0012249009288336726, 0.3268025772115805, 0.0013318535462218215, 0.3046026189433529]","[0.61, 0.01, 0.296667, 0.0, 0.083333]"
d1-omni,typed_customer_service,customer_service_000061,category,choice,1,1,"[""account"", ""billing"", ""delivery"", ""refund"", ""technical""]","[0.013171727035980955, 0.9619681979945087, 0.024540564414631007, 7.4402752244297825e-06, 0.00031207027965486026]","[0.023333, 0.956667, 0.006667, 0.003333, 0.01]"
d1-omni,typed_customer_service,customer_service_000061,churn_risk,score,3,0,"[""0"", ""1"", ""2"", ""3""]","[0.46879514353282536, 0.17896924646244575, 0.16668291141565275, 0.1855526985890761]","[0.006667, 0.093333, 0.25, 0.65]"
d1-omni,typed_customer_service,customer_service_000061,needs_human,noul,0,1,"[""false"", ""true""]","[0.23106324672698975, 0.7689367532730103]","[0.516667, 0.483333]"
d1-omni,typed_customer_service,customer_service_000061,urgency,score,2,2,"[""0"", ""1"", ""2"", ""3""]","[0.005780683055184603, 0.031970241039187636, 0.9560352822067432, 0.006213793698884563]","[0.016667, 0.116667, 0.7, 0.166667]"
d1-omni,typed_customer_service,customer_service_000062,action,choice,2,0,"[""answer_directly"", ""close_no_action"", ""escalate_to_human"", ""execute_refund"", ""request_information""]","[0.571082395445672, 0.0013210860368877216, 0.2449371440571014, 0.05064218333905295, 0.13201719112128601]","[0.366667, 0.0, 0.533333, 0.0, 0.1]"
d1-omni,typed_customer_service,customer_service_000062,category,choice,2,2,"[""account"", ""billing"", ""delivery"", ""refund"", ""technical""]","[0.004913004283471705, 0.002956589504910337, 0.9900904294514303, 0.0013053287194609953, 0.0007346480407266667]","[0.0, 0.0, 0.976667, 0.023333, 0.0]"
d1-omni,typed_customer_service,customer_service_000062,churn_risk,score,1,0,"[""0"", ""1"", ""2"", ""3""]","[0.9187133526129962, 0.009496552159463803, 0.0480397764602624, 0.023750318767277494]","[0.133333, 0.7, 0.166667, 0.0]"
d1-omni,typed_customer_service,customer_service_000062,needs_human,noul,1,1,"[""false"", ""true""]","[0.10946816205978394, 0.8905318379402161]","[0.416667, 0.583333]"
d1-omni,typed_customer_service,customer_service_000062,urgency,score,1,1,"[""0"", ""1"", ""2"", ""3""]","[0.06097400167993093, 0.9241173204921874, 0.009704585747499314, 0.005204092080382359]","[0.0, 0.616667, 0.366667, 0.016667]"
d1-omni,typed_customer_service,customer_service_000063,action,choice,0,4,"[""answer_directly"", ""close_no_action"", ""escalate_to_human"", ""execute_refund"", ""request_information""]","[0.29405325436906765, 0.0019606623780232856, 0.21840136317400047, 0.01616439189073032, 0.46942032818817825]","[0.6, 0.02, 0.023333, 0.03, 0.326667]"
d1-omni,typed_customer_service,customer_service_000063,category,choice,1,1,"[""account"", ""billing"", ""delivery"", ""refund"", ""technical""]","[0.012417800547256509, 0.9867818358738528, 0.00013516112178371057, 0.0002455767975304039, 0.0004196256595765281]","[0.026667, 0.923333, 0.01, 0.026667, 0.013333]"
d1-omni,typed_customer_service,customer_service_000063,churn_risk,score,1,0,"[""0"", ""1"", ""2"", ""3""]","[0.6733170396594756, 0.11198824805082577, 0.155715874656952, 0.05897883763274652]","[0.156667, 0.51, 0.266667, 0.066667]"
d1-omni,typed_customer_service,customer_service_000063,needs_human,noul,0,1,"[""false"", ""true""]","[0.3918496370315552, 0.6081503629684448]","[0.866667, 0.133333]"
d1-omni,typed_customer_service,customer_service_000063,urgency,score,1,1,"[""0"", ""1"", ""2"", ""3""]","[0.01765879208651266, 0.9391377776867482, 0.02798937873451304, 0.015214051492226065]","[0.123333, 0.653333, 0.186667, 0.036667]"
d1-omni,typed_customer_service,customer_service_000064,action,choice,2,0,"[""answer_directly"", ""close_no_action"", ""escalate_to_human"", ""execute_refund"", ""request_information""]","[0.5719025847978026, 0.0021808532102111735, 0.16602395574034126, 5.014283249769712e-05, 0.2598424634191472]","[0.066667, 0.0, 0.866667, 0.0, 0.066667]"
d1-omni,typed_customer_service,customer_service_000064,category,choice,4,4,"[""account"", ""billing"", ""delivery"", ""refund"", ""technical""]","[0.020671397541314303, 4.5939040119622903e-05, 1.3838447957843505e-05, 3.876906615395423e-06, 0.9792649480639929]","[0.016667, 0.0, 0.0, 0.0, 0.983333]"
d1-omni,typed_customer_service,customer_service_000064,churn_risk,score,1,0,"[""0"", ""1"", ""2"", ""3""]","[0.8082262339218867, 0.12548132901156847, 0.056551597998325286, 0.009740839068219462]","[0.066667, 0.633333, 0.3, 0.0]"
d1-omni,typed_customer_service,customer_service_000064,needs_human,noul,1,1,"[""false"", ""true""]","[0.3810116648674011, 0.6189883351325989]","[0.083333, 0.916667]"
d1-omni,typed_customer_service,customer_service_000064,urgency,score,2,1,"[""0"", ""1"", ""2"", ""3""]","[0.03937405283322599, 0.7287377093117382, 0.16891375015373808, 0.06297448770129771]","[0.0, 0.083333, 0.666667, 0.25]"
d1-omni,typed_customer_service,customer_service_000065,action,choice,2,2,"[""answer_directly"", ""close_no_action"", ""escalate_to_human"", ""execute_refund"", ""request_information""]","[0.28525909396237054, 0.0013627009282268924, 0.5268589783092447, 0.0021776645150257874, 0.1843415622851321]","[0.1, 0.0, 0.6, 0.0, 0.3]"
d1-omni,typed_customer_service,customer_service_000065,category,choice,4,4,"[""account"", ""billing"", ""delivery"", ""refund"", ""technical""]","[0.13565425397807793, 0.012826839294586369, 9.225029377990885e-05, 3.00472671087864e-05, 0.851396609166447]","[0.433333, 0.033333, 0.0, 0.0, 0.533333]"
d1-omni,typed_customer_service,customer_service_000065,churn_risk,score,3,3,"[""0"", ""1"", ""2"", ""3""]","[0.0069362442605228735, 0.0005519853275113804, 0.00974310077003751, 0.9827686696419282]","[0.0, 0.05, 0.133333, 0.816667]"
d1-omni,typed_customer_service,customer_service_000065,needs_human,noul,1,1,"[""false"", ""true""]","[0.19137227535247803, 0.808627724647522]","[0.233333, 0.766667]"
d1-omni,typed_customer_service,customer_service_000065,urgency,score,3,3,"[""0"", ""1"", ""2"", ""3""]","[0.0003486730110045144, 0.0019131695846414697, 0.0003647787512207155, 0.9973733786531332]","[0.0, 0.066667, 0.466667, 0.466667]"
d1-omni,typed_customer_service,customer_service_000066,action,choice,2,0,"[""answer_directly"", ""close_no_action"", ""escalate_to_human"", ""execute_refund"", ""request_information""]","[0.4366359339473333, 0.004432316329533519, 0.3343771640036358, 0.00318883959446185, 0.2213657461250355]","[0.316667, 0.05, 0.4, 0.016667, 0.216667]"
d1-omni,typed_customer_service,customer_service_000066,category,choice,1,0,"[""account"", ""billing"", ""delivery"", ""refund"", ""technical""]","[0.8522205176434716, 0.07896819547324013, 0.0007730531346273848, 0.00011591866256150624, 0.06792231508609937]","[0.216667, 0.65, 0.006667, 0.01, 0.116667]"
d1-omni,typed_customer_service,customer_service_000066,churn_risk,score,2,2,"[""0"", ""1"", ""2"", ""3""]","[0.3373717593874472, 0.08453401744966325, 0.4575967797515617, 0.12049744341132783]","[0.05, 0.316667, 0.516667, 0.116667]"
d1-omni,typed_customer_service,customer_service_000066,needs_human,noul,0,1,"[""false"", ""true""]","[0.3652490973472595, 0.6347509026527405]","[0.5, 0.5]"
d1-omni,typed_customer_service,customer_service_000066,urgency,score,3,1,"[""0"", ""1"", ""2"", ""3""]","[0.09689482829954858, 0.7293106154506516, 0.015283070163062136, 0.15851148608673768]","[0.0, 0.133333, 0.366667, 0.5]"
d1-omni,typed_customer_service,customer_service_000067,action,choice,4,2,"[""answer_directly"", ""close_no_action"", ""escalate_to_human"", ""execute_refund"", ""request_information""]","[0.3234976930289063, 0.014220185648359297, 0.32355410882177105, 0.03626435030514116, 0.30246366219582216]","[0.35, 0.02, 0.15, 0.03, 0.45]"
d1-omni,typed_customer_service,customer_service_000067,category,choice,2,2,"[""account"", ""billing"", ""delivery"", ""refund"", ""technical""]","[0.024152903774790187, 0.00617129145540857, 0.9573988670643934, 0.009019598696636174, 0.0032573390087717127]","[0.026667, 0.023333, 0.906667, 0.03, 0.013333]"
d1-omni,typed_customer_service,customer_service_000067,churn_risk,score,1,0,"[""0"", ""1"", ""2"", ""3""]","[0.6003882370556539, 0.13963580425223895, 0.20965045384332373, 0.05032550484878342]","[0.083333, 0.616667, 0.266667, 0.033333]"
d1-omni,typed_customer_service,customer_service_000067,needs_human,noul,1,1,"[""false"", ""true""]","[0.2539020776748657, 0.7460979223251343]","[0.5, 0.5]"
d1-omni,typed_customer_service,customer_service_000067,urgency,score,2,1,"[""0"", ""1"", ""2"", ""3""]","[0.02684433380729643, 0.8027505859681394, 0.14368168982922716, 0.02672339039533699]","[0.016667, 0.4, 0.516667, 0.066667]"
d1-omni,typed_customer_service,customer_service_000068,action,choice,0,2,"[""answer_directly"", ""close_no_action"", ""escalate_to_human"", ""execute_refund"", ""request_information""]","[0.16659569080647088, 0.0017584936462683078, 0.4252883623527358, 0.00010857196618709248, 0.4062488812283379]","[0.766667, 0.006667, 0.16, 0.0, 0.066667]"
d1-omni,typed_customer_service,customer_service_000068,category,choice,2,2,"[""account"", ""billing"", ""delivery"", ""refund"", ""technical""]","[0.004628801414789786, 0.001008788159053783, 0.993259285900836, 2.1451175440193818e-05, 0.0010816733498802485]","[0.01, 0.006667, 0.97, 0.003333, 0.01]"
d1-omni,typed_customer_service,customer_service_000068,churn_risk,score,2,0,"[""0"", ""1"", ""2"", ""3""]","[0.5029506049830421, 0.18085734411435317, 0.30330681574861096, 0.012885235153993702]","[0.033333, 0.35, 0.55, 0.066667]"
d1-omni,typed_customer_service,customer_service_000068,needs_human,noul,0,1,"[""false"", ""true""]","[0.2557661533355713, 0.7442338466644287]","[0.733333, 0.266667]"
d1-omni,typed_customer_service,customer_service_000068,urgency,score,2,2,"[""0"", ""1"", ""2"", ""3""]","[0.035344317752929316, 0.17284083462976385, 0.7801238938055405, 0.011690953811766321]","[0.006667, 0.45, 0.51, 0.033333]"
d1-omni,typed_customer_service,customer_service_000069,action,choice,2,2,"[""answer_directly"", ""close_no_action"", ""escalate_to_human"", ""execute_refund"", ""request_information""]","[0.13373763153839, 0.005509500715042041, 0.679919759589196, 0.050503208471184724, 0.13032989968618722]","[0.166667, 0.016667, 0.626667, 0.09, 0.1]"
d1-omni,typed_customer_service,customer_service_000069,category,choice,1,1,"[""account"", ""billing"", ""delivery"", ""refund"", ""technical""]","[0.003024728820230884, 0.9947024691482347, 0.0001263583773640397, 0.0016601187293237222, 0.00048632492484669933]","[0.003333, 0.883333, 0.003333, 0.106667, 0.003333]"
d1-omni,typed_customer_service,customer_service_000069,churn_risk,score,2,2,"[""0"", ""1"", ""2"", ""3""]","[0.136974036693573, 0.09426644444465637, 0.7031481862068176, 0.065611332654953]","[0.0, 0.2, 0.633333, 0.166667]"
d1-omni,typed_customer_service,customer_service_000069,needs_human,noul,1,0,"[""false"", ""true""]","[0.5031500160694122, 0.49684998393058777]","[0.216667, 0.783333]"
d1-omni,typed_customer_service,customer_service_000069,urgency,score,2,0,"[""0"", ""1"", ""2"", ""3""]","[0.40929765659730183, 0.2832758598055306, 0.052095097954790386, 0.2553313856423772]","[0.016667, 0.1, 0.5, 0.383333]"
d1-omni,typed_customer_service,customer_service_000070,action,choice,4,4,"[""answer_directly"", ""close_no_action"", ""escalate_to_human"", ""execute_refund"", ""request_information""]","[0.40729455048360297, 0.002627209625331703, 0.10851581582461492, 3.675943109957687e-05, 0.48152566463535085]","[0.333333, 0.003333, 0.08, 0.0, 0.583333]"
d1-omni,typed_customer_service,customer_service_000070,category,choice,4,4,"[""account"", ""billing"", ""delivery"", ""refund"", ""technical""]","[0.0032156327891242767, 0.0004496909603545948, 0.00040784907978348863, 2.0426204247789225e-05, 0.9959064009664899]","[0.003333, 0.003333, 0.003333, 0.003333, 0.986667]"
d1-omni,typed_customer_service,customer_service_000070,churn_risk,score,1,0,"[""0"", ""1"", ""2"", ""3""]","[0.5444829545093023, 0.1572829359364947, 0.20716135512532824, 0.09107275442887476]","[0.083333, 0.6, 0.283333, 0.033333]"
d1-omni,typed_customer_service,customer_service_000070,needs_human,noul,0,1,"[""false"", ""true""]","[0.2680566906929016, 0.7319433093070984]","[0.75, 0.25]"
d1-omni,typed_customer_service,customer_service_000070,urgency,score,1,1,"[""0"", ""1"", ""2"", ""3""]","[0.060288965477462986, 0.832947370287227, 0.07940813124400328, 0.027355532991306733]","[0.083333, 0.55, 0.333333, 0.033333]"
d1-omni,typed_customer_service,customer_service_000071,action,choice,4,2,"[""answer_directly"", ""close_no_action"", ""escalate_to_human"", ""execute_refund"", ""request_information""]","[0.15392342770010134, 0.00025439554354297076, 0.6703890806041176, 0.00018404964736412757, 0.1752490465048739]","[0.273333, 0.013333, 0.083333, 0.003333, 0.626667]"
d1-omni,typed_customer_service,customer_service_000071,category,choice,0,0,"[""account"", ""billing"", ""delivery"", ""refund"", ""technical""]","[0.9808340862835884, 0.0021548078356312477, 0.00017733933405887964, 9.576640157716222e-06, 0.016824189906563782]","[0.896667, 0.01, 0.006667, 0.01, 0.076667]"
d1-omni,typed_customer_service,customer_service_000071,churn_risk,score,1,0,"[""0"", ""1"", ""2"", ""3""]","[0.7056008014157452, 0.014970975997722596, 0.23684437683245343, 0.0425838457540788]","[0.083333, 0.6, 0.283333, 0.033333]"
d1-omni,typed_customer_service,customer_service_000071,needs_human,noul,0,1,"[""false"", ""true""]","[0.33271199464797974, 0.6672880053520203]","[0.816667, 0.183333]"
d1-omni,typed_customer_service,customer_service_000071,urgency,score,2,1,"[""0"", ""1"", ""2"", ""3""]","[0.06512209870103149, 0.782193314763804, 0.08577398338577126, 0.06691060314939325]","[0.026667, 0.256667, 0.4, 0.316667]"
d1-omni,typed_customer_service,customer_service_000072,action,choice,2,2,"[""answer_directly"", ""close_no_action"", ""escalate_to_human"", ""execute_refund"", ""request_information""]","[0.3163250199535199, 0.0005506439676675753, 0.5283528751500667, 0.00020852027958778247, 0.154562940649158]","[0.216667, 0.033333, 0.466667, 0.0, 0.283333]"
d1-omni,typed_customer_service,customer_service_000072,category,choice,1,1,"[""account"", ""billing"", ""delivery"", ""refund"", ""technical""]","[0.009707512724001105, 0.9556388918143274, 0.03416452366340208, 1.2629809339754284e-05, 0.0004764419889296416]","[0.01, 0.976667, 0.003333, 0.003333, 0.006667]"
d1-omni,typed_customer_service,customer_service_000072,churn_risk,score,3,3,"[""0"", ""1"", ""2"", ""3""]","[0.010437079353545039, 0.0008212580883695958, 0.35099070081349837, 0.637750961744587]","[0.0, 0.056667, 0.343333, 0.6]"
d1-omni,typed_customer_service,customer_service_000072,needs_human,noul,1,1,"[""false"", ""true""]","[0.15714263916015625, 0.8428573608398438]","[0.223333, 0.776667]"
d1-omni,typed_customer_service,customer_service_000072,urgency,score,3,3,"[""0"", ""1"", ""2"", ""3""]","[0.0015847099544237593, 0.022444808617877125, 0.07244716507933428, 0.9035233163483648]","[0.0, 0.05, 0.333333, 0.616667]"
d1-omni,typed_customer_service,customer_service_000073,action,choice,0,4,"[""answer_directly"", ""close_no_action"", ""escalate_to_human"", ""execute_refund"", ""request_information""]","[0.182056205287723, 0.01589842026293933, 0.37490603610734335, 0.003258553331975597, 0.42388078501001875]","[0.466667, 0.026667, 0.106667, 0.0, 0.4]"
d1-omni,typed_customer_service,customer_service_000073,category,choice,4,4,"[""account"", ""billing"", ""delivery"", ""refund"", ""technical""]","[0.005940052275811907, 0.0020486631897012383, 0.00042877579095833626, 2.4620583785630017e-05, 0.9915578881597429]","[0.008333, 0.008333, 0.015, 0.008333, 0.96]"
d1-omni,typed_customer_service,customer_service_000073,churn_risk,score,2,2,"[""0"", ""1"", ""2"", ""3""]","[0.3062993975370943, 0.06809255683697929, 0.32445175422584277, 0.30115629140008365]","[0.083333, 0.283333, 0.433333, 0.2]"
d1-omni,typed_customer_service,customer_service_000073,needs_human,noul,0,1,"[""false"", ""true""]","[0.3125448226928711, 0.6874551773071289]","[0.516667, 0.483333]"
d1-omni,typed_customer_service,customer_service_000073,urgency,score,2,3,"[""0"", ""1"", ""2"", ""3""]","[0.013205490038156072, 0.06695300321946013, 0.04262457403552372, 0.8772169327068601]","[0.016667, 0.1, 0.5, 0.383333]"
d1-omni,typed_customer_service,customer_service_000074,action,choice,2,0,"[""answer_directly"", ""close_no_action"", ""escalate_to_human"", ""execute_refund"", ""request_information""]","[0.4365117524487912, 0.008403778958578018, 0.3321898858284701, 0.003245149953028013, 0.21964943281113267]","[0.216667, 0.02, 0.726667, 0.006667, 0.03]"
d1-omni,typed_customer_service,customer_service_000074,category,choice,2,2,"[""account"", ""billing"", ""delivery"", ""refund"", ""technical""]","[0.0006018072044572812, 8.32257577823238e-05, 0.9984710857537983, 0.00035023450776349027, 0.0004936467761986376]","[0.003333, 0.003333, 0.96, 0.013333, 0.02]"
d1-omni,typed_customer_service,customer_service_000074,churn_risk,score,2,0,"[""0"", ""1"", ""2"", ""3""]","[0.788008221849891, 0.0435978775128485, 0.14426368636187561, 0.024130214275384854]","[0.05, 0.366667, 0.516667, 0.066667]"
d1-omni,typed_customer_service,customer_service_000074,needs_human,noul,1,1,"[""false"", ""true""]","[0.06504654884338379, 0.9349534511566162]","[0.203333, 0.796667]"
d1-omni,typed_customer_service,customer_service_000074,urgency,score,2,2,"[""0"", ""1"", ""2"", ""3""]","[0.006575104075743678, 0.1123192721566307, 0.8735425773272992, 0.007563046440326346]","[0.016667, 0.066667, 0.533333, 0.383333]"
d1-omni,typed_customer_service,customer_service_000075,action,choice,2,2,"[""answer_directly"", ""close_no_action"", ""escalate_to_human"", ""execute_refund"", ""request_information""]","[0.02523325561702587, 0.004932222406135147, 0.7081589675708149, 0.22937412485218658, 0.03230142955383751]","[0.046667, 0.016667, 0.816667, 0.01, 0.11]"
d1-omni,typed_customer_service,customer_service_000075,category,choice,2,2,"[""account"", ""billing"", ""delivery"", ""refund"", ""technical""]","[0.021636601456863427, 0.03144681069460954, 0.5664036848902565, 0.04955730941311527, 0.33095559354515525]","[0.003333, 0.006667, 0.9, 0.023333, 0.066667]"
d1-omni,typed_customer_service,customer_service_000075,churn_risk,score,3,3,"[""0"", ""1"", ""2"", ""3""]","[0.0034487501958740084, 0.0007246052505517703, 0.03604301640747829, 0.959783628146096]","[0.003333, 0.013333, 0.1, 0.883333]"
d1-omni,typed_customer_service,customer_service_000075,needs_human,noul,1,1,"[""false"", ""true""]","[0.43459194898605347, 0.5654080510139465]","[0.08, 0.92]"
d1-omni,typed_customer_service,customer_service_000075,urgency,score,3,3,"[""0"", ""1"", ""2"", ""3""]","[0.021250789517705013, 0.0016201228035787657, 0.03345535542685777, 0.9436737322518585]","[0.006667, 0.033333, 0.11, 0.85]"
d1-omni,typed_customer_service,customer_service_000076,action,choice,2,2,"[""answer_directly"", ""close_no_action"", ""escalate_to_human"", ""execute_refund"", ""request_information""]","[0.18176896542145526, 0.0016946104282205207, 0.6549559713436552, 0.0010370139311140917, 0.16054343887555494]","[0.433333, 0.033333, 0.466667, 0.033333, 0.033333]"
d1-omni,typed_customer_service,customer_service_000076,category,choice,2,2,"[""account"", ""billing"", ""delivery"", ""refund"", ""technical""]","[0.004666280540093208, 0.0009274946205189984, 0.9805643115919799, 0.0001028906060769637, 0.013739022641330942]","[0.003333, 0.003333, 0.986667, 0.003333, 0.003333]"
d1-omni,typed_customer_service,customer_service_000076,churn_risk,score,2,2,"[""0"", ""1"", ""2"", ""3""]","[0.007366135485784382, 0.0014397994185428684, 0.9280644373981837, 0.06312962769748903]","[0.013333, 0.066667, 0.586667, 0.333333]"
d1-omni,typed_customer_service,customer_service_000076,needs_human,noul,1,1,"[""false"", ""true""]","[0.25174325704574585, 0.7482567429542542]","[0.36, 0.64]"
d1-omni,typed_customer_service,customer_service_000076,urgency,score,3,1,"[""0"", ""1"", ""2"", ""3""]","[0.005340194154904557, 0.5213067219559506, 0.34564729427952945, 0.1277057896096154]","[0.006667, 0.076667, 0.45, 0.466667]"
d1-omni,typed_customer_service,customer_service_000077,action,choice,2,2,"[""answer_directly"", ""close_no_action"", ""escalate_to_human"", ""execute_refund"", ""request_information""]","[0.2310022647212558, 0.017829549932026772, 0.5161995147485422, 0.04282136141821664, 0.19214730917995862]","[0.066667, 0.03, 0.743333, 0.016667, 0.143333]"
d1-omni,typed_customer_service,customer_service_000077,category,choice,0,0,"[""account"", ""billing"", ""delivery"", ""refund"", ""technical""]","[0.720227551759822, 0.2275372633202416, 0.00031560080777839964, 0.010070253334443483, 0.04184933077771449]","[0.726667, 0.24, 0.003333, 0.01, 0.02]"
d1-omni,typed_customer_service,customer_service_000077,churn_risk,score,3,3,"[""0"", ""1"", ""2"", ""3""]","[0.00586161417542855, 0.0030800682892721397, 0.18183570511751737, 0.8092226124177819]","[0.003333, 0.05, 0.206667, 0.74]"
d1-omni,typed_customer_service,customer_service_000077,needs_human,noul,1,1,"[""false"", ""true""]","[0.4117078185081482, 0.5882921814918518]","[0.17, 0.83]"
d1-omni,typed_customer_service,customer_service_000077,urgency,score,3,3,"[""0"", ""1"", ""2"", ""3""]","[0.14870177874126042, 0.31538383582460144, 0.09837291084406871, 0.4375414745900694]","[0.003333, 0.08, 0.223333, 0.693333]"
d1-omni,typed_customer_service,customer_service_000078,action,choice,2,2,"[""answer_directly"", ""close_no_action"", ""escalate_to_human"", ""execute_refund"", ""request_information""]","[0.10137341110725763, 0.0009306979426263199, 0.7713296367177418, 0.0005194368973897071, 0.12584681733498454]","[0.096667, 0.03, 0.8, 0.013333, 0.06]"
d1-omni,typed_customer_service,customer_service_000078,category,choice,4,4,"[""account"", ""billing"", ""delivery"", ""refund"", ""technical""]","[0.0012910022598914379, 0.00011234680533685402, 3.165060392875686e-05, 2.6180407548411475e-05, 0.9985388199232945]","[0.033333, 0.036667, 0.01, 0.043333, 0.876667]"
d1-omni,typed_customer_service,customer_service_000078,churn_risk,score,2,2,"[""0"", ""1"", ""2"", ""3""]","[0.02552687715154154, 0.005649241024210514, 0.9427729810937036, 0.026050900730544373]","[0.006667, 0.15, 0.516667, 0.326667]"
d1-omni,typed_customer_service,customer_service_000078,needs_human,noul,1,1,"[""false"", ""true""]","[0.42300134897232056, 0.5769986510276794]","[0.16, 0.84]"
d1-omni,typed_customer_service,customer_service_000078,urgency,score,3,3,"[""0"", ""1"", ""2"", ""3""]","[0.008822670124260055, 0.06247943209037714, 0.09423174621321498, 0.8344661515721479]","[0.006667, 0.066667, 0.223333, 0.703333]"
d1-omni,typed_customer_service,customer_service_000079,action,choice,2,2,"[""answer_directly"", ""close_no_action"", ""escalate_to_human"", ""execute_refund"", ""request_information""]","[0.08301184523552847, 0.0005284086926602029, 0.7797412461446614, 0.008004039716071462, 0.12871446021107838]","[0.083333, 0.016667, 0.7, 0.016667, 0.183333]"
d1-omni,typed_customer_service,customer_service_000079,category,choice,1,1,"[""account"", ""billing"", ""delivery"", ""refund"", ""technical""]","[0.009211214031256387, 0.9838962114081866, 6.433401486080513e-05, 0.0001081045784991107, 0.006720135967197034]","[0.006667, 0.946667, 0.003333, 0.003333, 0.04]"
d1-omni,typed_customer_service,customer_service_000079,churn_risk,score,2,2,"[""0"", ""1"", ""2"", ""3""]","[0.03740073754415191, 0.019084300916955996, 0.9315016304384978, 0.01201333110039432]","[0.0, 0.083333, 0.683333, 0.233333]"
d1-omni,typed_customer_service,customer_service_000079,needs_human,noul,1,1,"[""false"", ""true""]","[0.336561381816864, 0.663438618183136]","[0.14, 0.86]"
d1-omni,typed_customer_service,customer_service_000079,urgency,score,2,1,"[""0"", ""1"", ""2"", ""3""]","[0.011934781424822693, 0.9380326849631356, 0.03527593233571214, 0.01475660127632953]","[0.0, 0.166667, 0.466667, 0.366667]"
d1-omni,typed_customer_service,customer_service_000080,action,choice,2,2,"[""answer_directly"", ""close_no_action"", ""escalate_to_human"", ""execute_refund"", ""request_information""]","[0.327497483367325, 0.003505760116754249, 0.44472807790762586, 0.003854650318148803, 0.2204140282901461]","[0.066667, 0.016667, 0.453846, 0.135897, 0.326923]"
d1-omni,typed_customer_service,customer_service_000080,category,choice,2,2,"[""account"", ""billing"", ""delivery"", ""refund"", ""technical""]","[0.0007990524203363862, 0.00011363026031008861, 0.9862743057803912, 0.0001656127430550427, 0.012647398795907297]","[0.0, 0.016667, 0.633333, 0.033333, 0.316667]"
d1-omni,typed_customer_service,customer_service_000080,churn_risk,score,2,2,"[""0"", ""1"", ""2"", ""3""]","[0.24557275044452162, 0.016535710712030364, 0.3822680320129883, 0.3556235068304597]","[0.05, 0.233333, 0.566667, 0.15]"
d1-omni,typed_customer_service,customer_service_000080,needs_human,noul,1,1,"[""false"", ""true""]","[0.25895845890045166, 0.7410415410995483]","[0.2, 0.8]"
d1-omni,typed_customer_service,customer_service_000080,urgency,score,3,3,"[""0"", ""1"", ""2"", ""3""]","[0.0005261840024841475, 0.01859629780760049, 0.0007723804146231932, 0.9801051377752922]","[0.033333, 0.083333, 0.233333, 0.65]"
d1-omni,typed_customer_service,customer_service_000081,action,choice,4,2,"[""answer_directly"", ""close_no_action"", ""escalate_to_human"", ""execute_refund"", ""request_information""]","[0.0999655972717387, 0.002867292239765783, 0.49243119931534124, 0.0010979852567946297, 0.40363792591635966]","[0.4, 0.003333, 0.18, 0.0, 0.416667]"
d1-omni,typed_customer_service,customer_service_000081,category,choice,4,0,"[""account"", ""billing"", ""delivery"", ""refund"", ""technical""]","[0.6630215215607926, 0.0038707057056664804, 0.005102266220227732, 0.00010318121608580001, 0.32790232529722735]","[0.316667, 0.016667, 0.0, 0.0, 0.666667]"
d1-omni,typed_customer_service,customer_service_000081,churn_risk,score,1,0,"[""0"", ""1"", ""2"", ""3""]","[0.8818284852768695, 0.08978214843239235, 0.022803209679567796, 0.005586156611170328]","[0.133333, 0.6, 0.23, 0.036667]"
d1-omni,typed_customer_service,customer_service_000081,needs_human,noul,0,1,"[""false"", ""true""]","[0.40575939416885376, 0.5942406058311462]","[0.733333, 0.266667]"
d1-omni,typed_customer_service,customer_service_000081,urgency,score,1,1,"[""0"", ""1"", ""2"", ""3""]","[0.06583300781747675, 0.8782637453596668, 0.041068481920108736, 0.014834764902747724]","[0.116667, 0.733333, 0.146667, 0.003333]"
d1-omni,typed_customer_service,customer_service_000082,action,choice,2,4,"[""answer_directly"", ""close_no_action"", ""escalate_to_human"", ""execute_refund"", ""request_information""]","[0.2550682040872706, 0.0020078804145579757, 0.3453467178492415, 0.01835408772669156, 0.3792231099222384]","[0.216667, 0.016667, 0.533333, 0.15, 0.083333]"
d1-omni,typed_customer_service,customer_service_000082,category,choice,1,1,"[""account"", ""billing"", ""delivery"", ""refund"", ""technical""]","[0.34622408123363313, 0.6500275353546546, 0.00018213841279415258, 0.0002862336501304487, 0.003280011348787611]","[0.466667, 0.466667, 0.0, 0.033333, 0.033333]"
d1-omni,typed_customer_service,customer_service_000082,churn_risk,score,2,2,"[""0"", ""1"", ""2"", ""3""]","[0.2235814398683071, 0.03142951311806168, 0.6402832031144499, 0.10470584389918133]","[0.033333, 0.166667, 0.516667, 0.283333]"
d1-omni,typed_customer_service,customer_service_000082,needs_human,noul,1,0,"[""false"", ""true""]","[0.6154576241970062, 0.3845423758029938]","[0.283333, 0.716667]"
d1-omni,typed_customer_service,customer_service_000082,urgency,score,2,1,"[""0"", ""1"", ""2"", ""3""]","[0.041298468468074126, 0.8188453929198442, 0.10143622038033535, 0.03841991823174638]","[0.05, 0.233333, 0.45, 0.266667]"
d1-omni,typed_customer_service,customer_service_000083,action,choice,4,2,"[""answer_directly"", ""close_no_action"", ""escalate_to_human"", ""execute_refund"", ""request_information""]","[0.10252447225804076, 0.0012740832504297157, 0.5209826129110205, 0.0006743674034609315, 0.37454446417704806]","[0.25, 0.006667, 0.29, 0.003333, 0.45]"
d1-omni,typed_customer_service,customer_service_000083,category,choice,0,0,"[""account"", ""billing"", ""delivery"", ""refund"", ""technical""]","[0.797601065901255, 0.0028080254160969425, 0.00020326045895384387, 2.2548489755751757e-05, 0.19936509973393848]","[0.883333, 0.006667, 0.006667, 0.003333, 0.1]"
d1-omni,typed_customer_service,customer_service_000083,churn_risk,score,1,0,"[""0"", ""1"", ""2"", ""3""]","[0.44314697715004514, 0.15474316593068216, 0.28085142583289313, 0.12125843108637951]","[0.1, 0.633333, 0.25, 0.016667]"
d1-omni,typed_customer_service,customer_service_000083,needs_human,noul,0,1,"[""false"", ""true""]","[0.29257774353027344, 0.7074222564697266]","[0.533333, 0.466667]"
d1-omni,typed_customer_service,customer_service_000083,urgency,score,2,1,"[""0"", ""1"", ""2"", ""3""]","[0.09687398374080658, 0.8578642010688782, 0.029276251792907715, 0.015985563397407532]","[0.016667, 0.15, 0.516667, 0.316667]"
d1-omni,typed_customer_service,customer_service_000084,action,choice,2,2,"[""answer_directly"", ""close_no_action"", ""escalate_to_human"", ""execute_refund"", ""request_information""]","[0.3249103328589482, 0.004567139178112128, 0.3414974109282104, 0.21147189394306712, 0.11755322309166216]","[0.12, 0.003333, 0.46, 0.25, 0.166667]"
d1-omni,typed_customer_service,customer_service_000084,category,choice,3,3,"[""account"", ""billing"", ""delivery"", ""refund"", ""technical""]","[0.00710787547407974, 0.0012101044320869687, 0.000508087150141316, 0.9910683318028256, 0.00010560114086632016]","[0.006667, 0.043333, 0.003333, 0.946667, 0.0]"
d1-omni,typed_customer_service,customer_service_000084,churn_risk,score,2,0,"[""0"", ""1"", ""2"", ""3""]","[0.7898769297556812, 0.10019504932095619, 0.02591175196117036, 0.08401626896219219]","[0.043333, 0.173333, 0.516667, 0.266667]"
d1-omni,typed_customer_service,customer_service_000084,needs_human,noul,1,1,"[""false"", ""true""]","[0.3810807466506958, 0.6189192533493042]","[0.39, 0.61]"
d1-omni,typed_customer_service,customer_service_000084,urgency,score,3,1,"[""0"", ""1"", ""2"", ""3""]","[0.023346082158814147, 0.9051184957700463, 0.05286562620025365, 0.01866979587088586]","[0.036667, 0.113333, 0.416667, 0.433333]"
d1-omni,typed_customer_service,customer_service_000085,action,choice,2,2,"[""answer_directly"", ""close_no_action"", ""escalate_to_human"", ""execute_refund"", ""request_information""]","[0.07079476170602181, 0.0002473554359470936, 0.8336985173078985, 4.90286951388753e-05, 0.09521033685499379]","[0.123333, 0.02, 0.776667, 0.006667, 0.073333]"
d1-omni,typed_customer_service,customer_service_000085,category,choice,2,2,"[""account"", ""billing"", ""delivery"", ""refund"", ""technical""]","[0.0052350058417721095, 9.36339373707411e-05, 0.9825226773256357, 0.00017493923083703895, 0.011973743664384452]","[0.0, 0.0, 0.933333, 0.003333, 0.063333]"
d1-omni,typed_customer_service,customer_service_000085,churn_risk,score,3,3,"[""0"", ""1"", ""2"", ""3""]","[0.02425629930012331, 0.010308513974741059, 0.10429413237844486, 0.8611410543466907]","[0.003333, 0.033333, 0.173333, 0.79]"
d1-omni,typed_customer_service,customer_service_000085,needs_human,noul,1,1,"[""false"", ""true""]","[0.32609355449676514, 0.6739064455032349]","[0.12, 0.88]"
d1-omni,typed_customer_service,customer_service_000085,urgency,score,3,3,"[""0"", ""1"", ""2"", ""3""]","[0.01044019810176242, 0.2776182133589599, 0.3048883202457094, 0.40705326829356825]","[0.006667, 0.066667, 0.3, 0.626667]"
d1-omni,typed_customer_service,customer_service_000086,action,choice,2,2,"[""answer_directly"", ""close_no_action"", ""escalate_to_human"", ""execute_refund"", ""request_information""]","[0.22039277482119393, 0.0038015413392076787, 0.3640962778090192, 0.05929569800633698, 0.3524137080242422]","[0.05, 0.05, 0.6, 0.233333, 0.066667]"
d1-omni,typed_customer_service,customer_service_000086,category,choice,1,1,"[""account"", ""billing"", ""delivery"", ""refund"", ""technical""]","[0.00523449215879896, 0.9906850736220216, 8.768240033109448e-05, 0.001962955165062154, 0.0020297966537862]","[0.016667, 0.86, 0.0, 0.123333, 0.0]"
d1-omni,typed_customer_service,customer_service_000086,churn_risk,score,2,0,"[""0"", ""1"", ""2"", ""3""]","[0.3932686795086877, 0.031723113584172236, 0.22213150644214597, 0.35287670046499403]","[0.0, 0.183333, 0.6, 0.216667]"
d1-omni,typed_customer_service,customer_service_000086,needs_human,noul,1,1,"[""false"", ""true""]","[0.41350555419921875, 0.5864944458007812]","[0.243333, 0.756667]"
d1-omni,typed_customer_service,customer_service_000086,urgency,score,2,1,"[""0"", ""1"", ""2"", ""3""]","[0.025910944280475044, 0.9711051187344834, 0.0019053166426300358, 0.0010786203424115433]","[0.0, 0.15, 0.616667, 0.233333]"
d1-omni,typed_customer_service,customer_service_000087,action,choice,2,4,"[""answer_directly"", ""close_no_action"", ""escalate_to_human"", ""execute_refund"", ""request_information""]","[0.23094810666396243, 0.0008343328460021874, 0.15912291954348948, 0.0002873516762240509, 0.6088072892703218]","[0.076667, 0.066667, 0.85, 0.0, 0.006667]"
d1-omni,typed_customer_service,customer_service_000087,category,choice,4,0,"[""account"", ""billing"", ""delivery"", ""refund"", ""technical""]","[0.8375108217255892, 0.0026096806789615455, 0.000840576652526252, 6.15284907191216e-05, 0.15897739245220383]","[0.433333, 0.0, 0.0, 0.0, 0.566667]"
d1-omni,typed_customer_service,customer_service_000087,churn_risk,score,2,2,"[""0"", ""1"", ""2"", ""3""]","[0.2930890895941176, 0.15895366550271461, 0.448573317761918, 0.09938392714124972]","[0.0, 0.233333, 0.6, 0.166667]"
d1-omni,typed_customer_service,customer_service_000087,needs_human,noul,1,1,"[""false"", ""true""]","[0.3533773422241211, 0.6466226577758789]","[0.133333, 0.866667]"
d1-omni,typed_customer_service,customer_service_000087,urgency,score,2,1,"[""0"", ""1"", ""2"", ""3""]","[0.09692866138528299, 0.8260270172500532, 0.06877152468029726, 0.008272796684366538]","[0.033333, 0.366667, 0.5, 0.1]"
d1-omni,typed_customer_service,customer_service_000088,action,choice,0,2,"[""answer_directly"", ""close_no_action"", ""escalate_to_human"", ""execute_refund"", ""request_information""]","[0.17287528402160202, 0.00911674921976659, 0.658891137119161, 0.04271667050289298, 0.1164001591365774]","[0.483333, 0.016667, 0.316667, 0.0, 0.183333]"
d1-omni,typed_customer_service,customer_service_000088,category,choice,1,1,"[""account"", ""billing"", ""delivery"", ""refund"", ""technical""]","[0.017854396532892905, 0.9761892883416482, 0.005157900516680039, 0.0001797300924160676, 0.0006186845163628149]","[0.05, 0.95, 0.0, 0.0, 0.0]"
d1-omni,typed_customer_service,customer_service_000088,churn_risk,score,2,2,"[""0"", ""1"", ""2"", ""3""]","[0.06836234313244288, 0.05745325100416601, 0.6831056159517235, 0.1910787899116676]","[0.033333, 0.3, 0.583333, 0.083333]"
d1-omni,typed_customer_service,customer_service_000088,needs_human,noul,0,0,"[""false"", ""true""]","[0.5338661968708038, 0.46613380312919617]","[0.6, 0.4]"
d1-omni,typed_customer_service,customer_service_000088,urgency,score,2,1,"[""0"", ""1"", ""2"", ""3""]","[0.10561737575556898, 0.6665986279636417, 0.06485396720251392, 0.1629300290782754]","[0.0, 0.216667, 0.666667, 0.116667]"
d1-omni,typed_customer_service,customer_service_000089,action,choice,0,2,"[""answer_directly"", ""close_no_action"", ""escalate_to_human"", ""execute_refund"", ""request_information""]","[0.10805408598733042, 0.003216026100803027, 0.5598877042351716, 0.2551166103529553, 0.07372557332373965]","[0.94, 0.006667, 0.025, 0.001667, 0.026667]"
d1-omni,typed_customer_service,customer_service_000089,category,choice,0,0,"[""account"", ""billing"", ""delivery"", ""refund"", ""technical""]","[0.90387761057303, 0.026566529267582187, 0.0005123548389375134, 0.04609720244505129, 0.022946302875399092]","[0.943333, 0.041667, 0.005, 0.005, 0.005]"
d1-omni,typed_customer_service,customer_service_000089,churn_risk,score,3,3,"[""0"", ""1"", ""2"", ""3""]","[0.3994030997090388, 0.03504479343121641, 0.10013349466175021, 0.4654186121979946]","[0.006667, 0.01, 0.05, 0.933333]"
d1-omni,typed_customer_service,customer_service_000089,needs_human,noul,0,0,"[""false"", ""true""]","[0.6560716331005096, 0.34392836689949036]","[0.95, 0.05]"
d1-omni,typed_customer_service,customer_service_000089,urgency,score,1,1,"[""0"", ""1"", ""2"", ""3""]","[0.06623108586324623, 0.8966374859714883, 0.025142358241344122, 0.011989069923921378]","[0.15, 0.76, 0.08, 0.01]"
d1-omni,typed_customer_service,customer_service_000090,action,choice,2,2,"[""answer_directly"", ""close_no_action"", ""escalate_to_human"", ""execute_refund"", ""request_information""]","[0.3664001632791061, 0.0011420997663044068, 0.42792205287751295, 0.03451243144997367, 0.1700232526271029]","[0.023333, 0.023333, 0.733333, 0.013333, 0.206667]"
d1-omni,typed_customer_service,customer_service_000090,category,choice,0,0,"[""account"", ""billing"", ""delivery"", ""refund"", ""technical""]","[0.8477508030057533, 0.1101805298723848, 0.0015118045522861966, 0.00727387166931462, 0.03328299090026105]","[0.733333, 0.096667, 0.02, 0.023333, 0.126667]"
d1-omni,typed_customer_service,customer_service_000090,churn_risk,score,3,3,"[""0"", ""1"", ""2"", ""3""]","[0.0033710208147255346, 0.0007098751450654397, 0.09716151757651219, 0.8987575864636969]","[0.0, 0.023333, 0.11, 0.866667]"
d1-omni,typed_customer_service,customer_service_000090,needs_human,noul,1,1,"[""false"", ""true""]","[0.11895716190338135, 0.8810428380966187]","[0.17, 0.83]"
d1-omni,typed_customer_service,customer_service_000090,urgency,score,3,3,"[""0"", ""1"", ""2"", ""3""]","[0.002220746034612583, 0.06448812506491901, 0.029794186939920673, 0.9034969419605478]","[0.0, 0.066667, 0.233333, 0.7]"
d1-omni,typed_customer_service,customer_service_000091,action,choice,2,2,"[""answer_directly"", ""close_no_action"", ""escalate_to_human"", ""execute_refund"", ""request_information""]","[0.39251929599242613, 0.001425470111918751, 0.41403552971764046, 0.014347019633732193, 0.17767268454428245]","[0.083333, 0.016667, 0.7, 0.016667, 0.183333]"
d1-omni,typed_customer_service,customer_service_000091,category,choice,1,1,"[""account"", ""billing"", ""delivery"", ""refund"", ""technical""]","[0.004525335998795465, 0.9929782978938185, 3.563560331396616e-05, 0.00018282117938571885, 0.002277909324686331]","[0.015, 0.97, 0.001667, 0.001667, 0.011667]"
d1-omni,typed_customer_service,customer_service_000091,churn_risk,score,2,2,"[""0"", ""1"", ""2"", ""3""]","[0.11786905457984155, 0.04125189965599327, 0.6901212643141119, 0.15075778145005322]","[0.016667, 0.1, 0.5, 0.383333]"
d1-omni,typed_customer_service,customer_service_000091,needs_human,noul,1,0,"[""false"", ""true""]","[0.5039558112621307, 0.49604418873786926]","[0.123333, 0.876667]"
d1-omni,typed_customer_service,customer_service_000091,urgency,score,2,1,"[""0"", ""1"", ""2"", ""3""]","[0.06405248994045812, 0.8140209357978391, 0.02176873183676365, 0.10015784242493916]","[0.016667, 0.183333, 0.533333, 0.266667]"
d1-omni,typed_customer_service,customer_service_000092,action,choice,2,2,"[""answer_directly"", ""close_no_action"", ""escalate_to_human"", ""execute_refund"", ""request_information""]","[0.20985038637141806, 0.004333474685438372, 0.4410505605145839, 0.021350447148132456, 0.32341513128042726]","[0.073333, 0.023333, 0.483333, 0.02, 0.4]"
d1-omni,typed_customer_service,customer_service_000092,category,choice,2,2,"[""account"", ""billing"", ""delivery"", ""refund"", ""technical""]","[0.012891248631590134, 0.03624802780520286, 0.9487365360398446, 0.00017762464763175655, 0.0019465628757306419]","[0.006667, 0.006667, 0.886667, 0.056667, 0.043333]"
d1-omni,typed_customer_service,customer_service_000092,churn_risk,score,2,0,"[""0"", ""1"", ""2"", ""3""]","[0.4372657452682219, 0.10262007858018635, 0.43333452126621735, 0.02677965488537442]","[0.016667, 0.233333, 0.55, 0.2]"
d1-omni,typed_customer_service,customer_service_000092,needs_human,noul,1,1,"[""false"", ""true""]","[0.4946524500846863, 0.5053475499153137]","[0.256667, 0.743333]"
d1-omni,typed_customer_service,customer_service_000092,urgency,score,2,1,"[""0"", ""1"", ""2"", ""3""]","[0.028133049408391713, 0.9525219765353441, 0.013783603790457212, 0.0055613702658070365]","[0.013333, 0.116667, 0.516667, 0.353333]"
d1-omni,typed_customer_service,customer_service_000093,action,choice,2,2,"[""answer_directly"", ""close_no_action"", ""escalate_to_human"", ""execute_refund"", ""request_information""]","[0.1914240679558204, 0.003597685995185516, 0.643044816492625, 0.00400012304447345, 0.15793330651189566]","[0.066667, 0.006667, 0.783333, 0.01, 0.133333]"
d1-omni,typed_customer_service,customer_service_000093,category,choice,4,4,"[""account"", ""billing"", ""delivery"", ""refund"", ""technical""]","[0.013081611831288573, 0.0016248203756036082, 0.0004257147007792216, 0.0003882645618059118, 0.9844795885305226]","[0.05, 0.073333, 0.013333, 0.046667, 0.816667]"
d1-omni,typed_customer_service,customer_service_000093,churn_risk,score,3,3,"[""0"", ""1"", ""2"", ""3""]","[0.0013473960852158195, 0.0001718831226241367, 0.09599413923068781, 0.9024865815614722]","[0.0, 0.016667, 0.133333, 0.85]"
d1-omni,typed_customer_service,customer_service_000093,needs_human,noul,1,0,"[""false"", ""true""]","[0.5321886539459229, 0.46781134605407715]","[0.133333, 0.866667]"
d1-omni,typed_customer_service,customer_service_000093,urgency,score,3,3,"[""0"", ""1"", ""2"", ""3""]","[0.11637225400292116, 0.16035688935646744, 0.060873968575180515, 0.6623968880654308]","[0.006667, 0.043333, 0.15, 0.8]"
d1-omni,typed_customer_service,customer_service_000094,action,choice,4,0,"[""answer_directly"", ""close_no_action"", ""escalate_to_human"", ""execute_refund"", ""request_information""]","[0.37769306787667967, 0.0033428607068890395, 0.3322536742471163, 0.016608275948748443, 0.27010212122056654]","[0.11, 0.006667, 0.106667, 0.056667, 0.72]"
d1-omni,typed_customer_service,customer_service_000094,category,choice,1,1,"[""account"", ""billing"", ""delivery"", ""refund"", ""technical""]","[0.027613124868930604, 0.9520216329515286, 0.00037155534541688935, 0.0049225931889562285, 0.015071093645167635]","[0.016667, 0.883333, 0.003333, 0.08, 0.016667]"
d1-omni,typed_customer_service,customer_service_000094,churn_risk,score,2,0,"[""0"", ""1"", ""2"", ""3""]","[0.6881650365812221, 0.16991891665761746, 0.1152357405407475, 0.026680306220412897]","[0.03, 0.203333, 0.65, 0.116667]"
d1-omni,typed_customer_service,customer_service_000094,needs_human,noul,1,1,"[""false"", ""true""]","[0.47577083110809326, 0.5242291688919067]","[0.44, 0.56]"
d1-omni,typed_customer_service,customer_service_000094,urgency,score,3,3,"[""0"", ""1"", ""2"", ""3""]","[0.0032688933926976666, 0.11269468987310527, 0.020678084661428255, 0.8633583320727688]","[0.0, 0.023333, 0.126667, 0.85]"
d1-omni,typed_customer_service,customer_service_000095,action,choice,4,2,"[""answer_directly"", ""close_no_action"", ""escalate_to_human"", ""execute_refund"", ""request_information""]","[0.24686732547671186, 0.005737756646133803, 0.46263968118651216, 0.010081732183775501, 0.2746735045068667]","[0.116667, 0.026667, 0.14, 0.116667, 0.6]"
d1-omni,typed_customer_service,customer_service_000095,category,choice,2,2,"[""account"", ""billing"", ""delivery"", ""refund"", ""technical""]","[0.017007636587441314, 0.02070518107183537, 0.9562057043582622, 0.0009006760443831513, 0.005180801938077885]","[0.016667, 0.036667, 0.84, 0.076667, 0.03]"
d1-omni,typed_customer_service,customer_service_000095,churn_risk,score,1,0,"[""0"", ""1"", ""2"", ""3""]","[0.7659235428603484, 0.08881687124167781, 0.11131417628270628, 0.033945409615267604]","[0.1, 0.5, 0.333333, 0.066667]"
d1-omni,typed_customer_service,customer_service_000095,needs_human,noul,1,1,"[""false"", ""true""]","[0.3117111921310425, 0.6882888078689575]","[0.356667, 0.643333]"
d1-omni,typed_customer_service,customer_service_000095,urgency,score,1,1,"[""0"", ""1"", ""2"", ""3""]","[0.12027542197858813, 0.8575424484078672, 0.016344459598019806, 0.005837670015524891]","[0.05, 0.6, 0.283333, 0.066667]"
d1-omni,typed_customer_service,customer_service_000096,action,choice,3,2,"[""answer_directly"", ""close_no_action"", ""escalate_to_human"", ""execute_refund"", ""request_information""]","[0.2558867870596116, 0.004631423747072643, 0.34132739090933606, 0.2597536084952606, 0.13840078978871914]","[0.046667, 0.0, 0.416667, 0.45, 0.086667]"
d1-omni,typed_customer_service,customer_service_000096,category,choice,3,3,"[""account"", ""billing"", ""delivery"", ""refund"", ""technical""]","[0.006080289113931948, 0.0363679168165265, 0.0002306924949960395, 0.9572016924685564, 0.00011940910598916578]","[0.01, 0.06, 0.003333, 0.926667, 0.0]"
d1-omni,typed_customer_service,customer_service_000096,churn_risk,score,3,3,"[""0"", ""1"", ""2"", ""3""]","[0.02718424555095527, 0.0055338757841426256, 0.025866945675506438, 0.9414149329893957]","[0.0, 0.0, 0.133333, 0.866667]"
d1-omni,typed_customer_service,customer_service_000096,needs_human,noul,1,1,"[""false"", ""true""]","[0.2874792218208313, 0.7125207781791687]","[0.316667, 0.683333]"
d1-omni,typed_customer_service,customer_service_000096,urgency,score,3,3,"[""0"", ""1"", ""2"", ""3""]","[0.00504256379205088, 0.06982512957417983, 0.10918445429928317, 0.8159478523344861]","[0.0, 0.016667, 0.45, 0.533333]"
d1-omni,typed_customer_service,customer_service_000097,action,choice,2,2,"[""answer_directly"", ""close_no_action"", ""escalate_to_human"", ""execute_refund"", ""request_information""]","[0.13250048263063233, 0.002998000665102552, 0.5836638126080637, 0.00026016783865910565, 0.28057753625754234]","[0.023333, 0.01, 0.866667, 0.0, 0.1]"
d1-omni,typed_customer_service,customer_service_000097,category,choice,4,4,"[""account"", ""billing"", ""delivery"", ""refund"", ""technical""]","[0.014187433288318495, 0.0006710403767394497, 0.0003829724201002661, 5.461329587177691e-05, 0.98470394061897]","[0.026667, 0.03, 0.01, 0.0, 0.933333]"
d1-omni,typed_customer_service,customer_service_000097,churn_risk,score,3,0,"[""0"", ""1"", ""2"", ""3""]","[0.6609840092502837, 0.08742146584785578, 0.18168383158820114, 0.06991069331365943]","[0.0, 0.05, 0.183333, 0.766667]"
d1-omni,typed_customer_service,customer_service_000097,needs_human,noul,1,1,"[""false"", ""true""]","[0.33121734857559204, 0.668782651424408]","[0.123333, 0.876667]"
d1-omni,typed_customer_service,customer_service_000097,urgency,score,2,3,"[""0"", ""1"", ""2"", ""3""]","[0.012718242818160554, 0.11199204821870562, 0.06087495494319512, 0.8144147540199387]","[0.006667, 0.06, 0.533333, 0.4]"
d1-omni,typed_customer_service,customer_service_000098,action,choice,3,0,"[""answer_directly"", ""close_no_action"", ""escalate_to_human"", ""execute_refund"", ""request_information""]","[0.4076714291678608, 0.002068604228973715, 0.27825225850857493, 0.11485015714898773, 0.1971575509456028]","[0.116667, 0.0, 0.316667, 0.466667, 0.1]"
d1-omni,typed_customer_service,customer_service_000098,category,choice,1,1,"[""account"", ""billing"", ""delivery"", ""refund"", ""technical""]","[0.009317109192548096, 0.9869109007832647, 0.0005066622230474847, 0.003160022923454365, 0.00010530487768537255]","[0.033333, 0.866667, 0.0, 0.1, 0.0]"
d1-omni,typed_customer_service,customer_service_000098,churn_risk,score,2,0,"[""0"", ""1"", ""2"", ""3""]","[0.6962658192823299, 0.14399622434376264, 0.14895644839464295, 0.010781507979264512]","[0.0, 0.2, 0.616667, 0.183333]"
d1-omni,typed_customer_service,customer_service_000098,needs_human,noul,1,1,"[""false"", ""true""]","[0.33649587631225586, 0.6635041236877441]","[0.466667, 0.533333]"
d1-omni,typed_customer_service,customer_service_000098,urgency,score,3,3,"[""0"", ""1"", ""2"", ""3""]","[0.013362173661025569, 0.1649033543998651, 0.2815917079211903, 0.540142764017919]","[0.0, 0.016667, 0.15, 0.833333]"
d1-omni,typed_customer_service,customer_service_000099,action,choice,0,0,"[""answer_directly"", ""close_no_action"", ""escalate_to_human"", ""execute_refund"", ""request_information""]","[0.6361257382238086, 0.010464146648315454, 0.11028155594922852, 0.00021279670008893942, 0.24291576247855853]","[0.586667, 0.04, 0.083333, 0.0, 0.29]"
d1-omni,typed_customer_service,customer_service_000099,category,choice,0,0,"[""account"", ""billing"", ""delivery"", ""refund"", ""technical""]","[0.8950367993134739, 0.0027782504375974773, 0.007398263408431441, 0.00012976674519886043, 0.09465692009529837]","[0.92, 0.046667, 0.01, 0.01, 0.013333]"
d1-omni,typed_customer_service,customer_service_000099,churn_risk,score,0,0,"[""0"", ""1"", ""2"", ""3""]","[0.7750431602371975, 0.01818240877581869, 0.02934459897919852, 0.17742983200778528]","[0.533333, 0.333333, 0.116667, 0.016667]"
d1-omni,typed_customer_service,customer_service_000099,needs_human,noul,0,1,"[""false"", ""true""]","[0.2679417133331299, 0.7320582866668701]","[0.6, 0.4]"
d1-omni,typed_customer_service,customer_service_000099,urgency,score,3,3,"[""0"", ""1"", ""2"", ""3""]","[0.0012305476215684098, 0.029427389380834952, 0.009430933370427538, 0.9599111296271691]","[0.006667, 0.043333, 0.116667, 0.833333]"
d1-omni,typed_invoice_processing,invoice_processing_000000,discrepancy_severity,score,2,0,"[""0"", ""1"", ""2"", ""3""]","[0.5263543685797276, 0.08659582520577441, 0.19620099517553302, 0.1908488110389649]","[0.38, 0.053333, 0.45, 0.116667]"
d1-omni,typed_invoice_processing,invoice_processing_000000,disposition,choice,0,0,"[""approve"", ""hold"", ""manual_review"", ""reject""]","[0.39851288651445516, 0.2003538839400375, 0.34247111125946045, 0.058662118286046894]","[0.44, 0.186667, 0.353333, 0.02]"
d1-omni,typed_invoice_processing,invoice_processing_000000,duplicate,noul,0,0,"[""false"", ""true""]","[0.9541263170540333, 0.04587368294596672]","[0.963333, 0.036667]"
d1-omni,typed_invoice_processing,invoice_processing_000000,matches_order,noul,0,1,"[""false"", ""true""]","[0.3395448923110962, 0.6604551076889038]","[0.52, 0.48]"
d1-omni,typed_invoice_processing,invoice_processing_000000,urgency,score,2,1,"[""0"", ""1"", ""2"", ""3""]","[0.16867999481141574, 0.558155409125158, 0.1412831672834878, 0.1318814287799384]","[0.016667, 0.2, 0.566667, 0.216667]"
d1-omni,typed_invoice_processing,invoice_processing_000001,discrepancy_severity,score,3,0,"[""0"", ""1"", ""2"", ""3""]","[0.4258457143489804, 0.03795749231856259, 0.19739872197797312, 0.3387980713544839]","[0.016667, 0.026667, 0.106667, 0.85]"
d1-omni,typed_invoice_processing,invoice_processing_000001,disposition,choice,2,0,"[""approve"", ""hold"", ""manual_review"", ""reject""]","[0.36960200163725765, 0.23304440515198568, 0.354142374436229, 0.04321121877452766]","[0.033333, 0.416667, 0.483333, 0.066667]"
d1-omni,typed_invoice_processing,invoice_processing_000001,duplicate,noul,0,0,"[""false"", ""true""]","[0.9239346906542778, 0.0760653093457222]","[0.97, 0.03]"
d1-omni,typed_invoice_processing,invoice_processing_000001,matches_order,noul,0,1,"[""false"", ""true""]","[0.28625035285949707, 0.7137496471405029]","[0.95, 0.05]"
d1-omni,typed_invoice_processing,invoice_processing_000001,urgency,score,2,1,"[""0"", ""1"", ""2"", ""3""]","[0.17433350758750715, 0.5513932540597541, 0.14486908480915175, 0.12940415354358692]","[0.033333, 0.283333, 0.583333, 0.1]"
d1-omni,typed_invoice_processing,invoice_processing_000002,discrepancy_severity,score,0,0,"[""0"", ""1"", ""2"", ""3""]","[0.5359453678714938, 0.04864872355719038, 0.20776157545510476, 0.207644333116211]","[0.976667, 0.02, 0.003333, 0.0]"
d1-omni,typed_invoice_processing,invoice_processing_000002,disposition,choice,0,0,"[""approve"", ""hold"", ""manual_review"", ""reject""]","[0.4256089506108298, 0.1966905377364987, 0.37334533092926, 0.004355180723411536]","[0.963333, 0.016667, 0.016667, 0.003333]"
d1-omni,typed_invoice_processing,invoice_processing_000002,duplicate,noul,0,0,"[""false"", ""true""]","[0.9731288235634565, 0.026871176436543465]","[0.983333, 0.016667]"
d1-omni,typed_invoice_processing,invoice_processing_000002,matches_order,noul,1,1,"[""false"", ""true""]","[0.33404695987701416, 0.6659530401229858]","[0.013333, 0.986667]"
d1-omni,typed_invoice_processing,invoice_processing_000002,urgency,score,2,1,"[""0"", ""1"", ""2"", ""3""]","[0.20893090340701034, 0.5079830137496288, 0.1542122020062148, 0.12887388083714602]","[0.0, 0.133333, 0.733333, 0.133333]"
d1-omni,typed_invoice_processing,invoice_processing_000003,discrepancy_severity,score,2,0,"[""0"", ""1"", ""2"", ""3""]","[0.4304115262995535, 0.07440955112065832, 0.24510895417114684, 0.2500699684086414]","[0.0, 0.2, 0.6, 0.2]"
d1-omni,typed_invoice_processing,invoice_processing_000003,disposition,choice,1,2,"[""approve"", ""hold"", ""manual_review"", ""reject""]","[0.3096869691728902, 0.15918323931339812, 0.4884215757094107, 0.04270821580430099]","[0.033333, 0.566667, 0.333333, 0.066667]"
d1-omni,typed_invoice_processing,invoice_processing_000003,duplicate,noul,0,0,"[""false"", ""true""]","[0.9647822380065918, 0.0352177619934082]","[0.96, 0.04]"
d1-omni,typed_invoice_processing,invoice_processing_000003,matches_order,noul,0,0,"[""false"", ""true""]","[0.9265391379594803, 0.07346086204051971]","[0.916667, 0.083333]"
d1-omni,typed_invoice_processing,invoice_processing_000003,urgency,score,2,1,"[""0"", ""1"", ""2"", ""3""]","[0.15320756346549555, 0.568505559779455, 0.16064666983574616, 0.11764020691930323]","[0.0, 0.083333, 0.6, 0.316667]"
d1-omni,typed_invoice_processing,invoice_processing_000004,discrepancy_severity,score,3,0,"[""0"", ""1"", ""2"", ""3""]","[0.6912862397235674, 0.05534729257045241, 0.14416160387583393, 0.1092048638301463]","[0.0, 0.016667, 0.166667, 0.816667]"
d1-omni,typed_invoice_processing,invoice_processing_000004,disposition,choice,2,0,"[""approve"", ""hold"", ""manual_review"", ""reject""]","[0.48491541635056024, 0.15988408386448213, 0.33318967371857927, 0.02201082606637834]","[0.02, 0.476667, 0.483333, 0.02]"
d1-omni,typed_invoice_processing,invoice_processing_000004,duplicate,noul,0,0,"[""false"", ""true""]","[0.9709269534796476, 0.029073046520352364]","[0.983333, 0.016667]"
d1-omni,typed_invoice_processing,invoice_processing_000004,matches_order,noul,0,1,"[""false"", ""true""]","[0.34947025775909424, 0.6505297422409058]","[0.943333, 0.056667]"
d1-omni,typed_invoice_processing,invoice_processing_000004,urgency,score,2,1,"[""0"", ""1"", ""2"", ""3""]","[0.1032789824927308, 0.6635334791153604, 0.15040893180330403, 0.08277860658860475]","[0.0, 0.216667, 0.583333, 0.2]"
d1-omni,typed_invoice_processing,invoice_processing_000005,discrepancy_severity,score,2,2,"[""0"", ""1"", ""2"", ""3""]","[0.3658467112332852, 0.04274825586276995, 0.37962575605189364, 0.21177927685205117]","[0.133333, 0.1, 0.566667, 0.2]"
d1-omni,typed_invoice_processing,invoice_processing_000005,disposition,choice,2,2,"[""approve"", ""hold"", ""manual_review"", ""reject""]","[0.37896492708791474, 0.15185044262272562, 0.4581467526991476, 0.011037877590211985]","[0.216667, 0.166667, 0.6, 0.016667]"
d1-omni,typed_invoice_processing,invoice_processing_000005,duplicate,noul,0,0,"[""false"", ""true""]","[0.9725911300629377, 0.027408869937062263]","[0.95, 0.05]"
d1-omni,typed_invoice_processing,invoice_processing_000005,matches_order,noul,0,1,"[""false"", ""true""]","[0.46751952171325684, 0.5324804782867432]","[0.733333, 0.266667]"
d1-omni,typed_invoice_processing,invoice_processing_000005,urgency,score,2,1,"[""0"", ""1"", ""2"", ""3""]","[0.1791125195689511, 0.5106240219249738, 0.1520673723260982, 0.15819608617997682]","[0.0, 0.233333, 0.666667, 0.1]"
d1-omni,typed_invoice_processing,invoice_processing_000006,discrepancy_severity,score,2,0,"[""0"", ""1"", ""2"", ""3""]","[0.5264602978000089, 0.07672843451393298, 0.23806867358190825, 0.15874259410414984]","[0.3, 0.1, 0.45, 0.15]"
d1-omni,typed_invoice_processing,invoice_processing_000006,disposition,choice,2,0,"[""approve"", ""hold"", ""manual_review"", ""reject""]","[0.4626159478397093, 0.20296571317083073, 0.32161747091340953, 0.012800868076050471]","[0.383333, 0.166667, 0.433333, 0.016667]"
d1-omni,typed_invoice_processing,invoice_processing_000006,duplicate,noul,0,0,"[""false"", ""true""]","[0.9665405973792076, 0.03345940262079239]","[0.973333, 0.026667]"
d1-omni,typed_invoice_processing,invoice_processing_000006,matches_order,noul,0,1,"[""false"", ""true""]","[0.407031774520874, 0.592968225479126]","[0.616667, 0.383333]"
d1-omni,typed_invoice_processing,invoice_processing_000006,urgency,score,1,1,"[""0"", ""1"", ""2"", ""3""]","[0.1517612875557713, 0.6541833075394218, 0.10467920331234952, 0.08937620159245739]","[0.033333, 0.483333, 0.4, 0.083333]"
d1-omni,typed_invoice_processing,invoice_processing_000007,discrepancy_severity,score,3,0,"[""0"", ""1"", ""2"", ""3""]","[0.6149177093120136, 0.07299619369237172, 0.18153157967838796, 0.13055451731722673]","[0.0, 0.013333, 0.07, 0.916667]"
d1-omni,typed_invoice_processing,invoice_processing_000007,disposition,choice,2,0,"[""approve"", ""hold"", ""manual_review"", ""reject""]","[0.4618998078361068, 0.1881414139930046, 0.33443699782060077, 0.01552178035028787]","[0.013333, 0.176667, 0.756667, 0.053333]"
d1-omni,typed_invoice_processing,invoice_processing_000007,duplicate,noul,0,0,"[""false"", ""true""]","[0.9800267741084099, 0.01997322589159012]","[0.99, 0.01]"
d1-omni,typed_invoice_processing,invoice_processing_000007,matches_order,noul,0,1,"[""false"", ""true""]","[0.3271915316581726, 0.6728084683418274]","[0.983333, 0.016667]"
d1-omni,typed_invoice_processing,invoice_processing_000007,urgency,score,2,1,"[""0"", ""1"", ""2"", ""3""]","[0.09784821056394985, 0.6256334548580105, 0.12844262538691514, 0.14807570919112453]","[0.016667, 0.126667, 0.59, 0.266667]"
d1-omni,typed_invoice_processing,invoice_processing_000008,discrepancy_severity,score,3,0,"[""0"", ""1"", ""2"", ""3""]","[0.5900813981151685, 0.06425236213395269, 0.26631191571289237, 0.07935432403798642]","[0.006667, 0.026667, 0.133333, 0.833333]"
d1-omni,typed_invoice_processing,invoice_processing_000008,disposition,choice,2,0,"[""approve"", ""hold"", ""manual_review"", ""reject""]","[0.388989268284331, 0.24576102105617142, 0.3303314137073926, 0.03491829695210495]","[0.016667, 0.343333, 0.566667, 0.073333]"
d1-omni,typed_invoice_processing,invoice_processing_000008,duplicate,noul,0,0,"[""false"", ""true""]","[0.9575985372066498, 0.04240146279335022]","[0.963333, 0.036667]"
d1-omni,typed_invoice_processing,invoice_processing_000008,matches_order,noul,0,1,"[""false"", ""true""]","[0.41308361291885376, 0.5869163870811462]","[0.916667, 0.083333]"
d1-omni,typed_invoice_processing,invoice_processing_000008,urgency,score,2,1,"[""0"", ""1"", ""2"", ""3""]","[0.18695064961275495, 0.5308677435472366, 0.18113374305217542, 0.10104786378783293]","[0.033333, 0.366667, 0.5, 0.1]"
d1-omni,typed_invoice_processing,invoice_processing_000009,discrepancy_severity,score,2,0,"[""0"", ""1"", ""2"", ""3""]","[0.6058301564556267, 0.10547750559583273, 0.1780932737533287, 0.11059906419521187]","[0.283333, 0.166667, 0.483333, 0.066667]"
d1-omni,typed_invoice_processing,invoice_processing_000009,disposition,choice,1,0,"[""approve"", ""hold"", ""manual_review"", ""reject""]","[0.4462571126264142, 0.19273944324981637, 0.3006305183769023, 0.060372925746867104]","[0.256667, 0.376667, 0.366667, 0.0]"
d1-omni,typed_invoice_processing,invoice_processing_000009,duplicate,noul,0,0,"[""false"", ""true""]","[0.9641191847622395, 0.035880815237760544]","[0.976667, 0.023333]"
d1-omni,typed_invoice_processing,invoice_processing_000009,matches_order,noul,1,1,"[""false"", ""true""]","[0.3276571035385132, 0.6723428964614868]","[0.366667, 0.633333]"
d1-omni,typed_invoice_processing,invoice_processing_000009,urgency,score,1,1,"[""0"", ""1"", ""2"", ""3""]","[0.11453708028214038, 0.6734577122386267, 0.1282252875667194, 0.08377991991251349]","[0.066667, 0.75, 0.166667, 0.016667]"
d1-omni,typed_invoice_processing,invoice_processing_000010,discrepancy_severity,score,0,0,"[""0"", ""1"", ""2"", ""3""]","[0.7376391676327152, 0.020148103244876286, 0.18352806035203056, 0.058684668770377944]","[0.97, 0.021667, 0.006333, 0.002]"
d1-omni,typed_invoice_processing,invoice_processing_000010,disposition,choice,0,0,"[""approve"", ""hold"", ""manual_review"", ""reject""]","[0.508243782169394, 0.20970728290317375, 0.2567275378460145, 0.025321397081417688]","[0.9, 0.043333, 0.046667, 0.01]"
d1-omni,typed_invoice_processing,invoice_processing_000010,duplicate,noul,0,0,"[""false"", ""true""]","[0.9772819839417934, 0.022718016058206558]","[0.986667, 0.013333]"
d1-omni,typed_invoice_processing,invoice_processing_000010,matches_order,noul,1,1,"[""false"", ""true""]","[0.2592678666114807, 0.7407321333885193]","[0.023333, 0.976667]"
d1-omni,typed_invoice_processing,invoice_processing_000010,urgency,score,2,1,"[""0"", ""1"", ""2"", ""3""]","[0.10948255361731384, 0.6882685108890891, 0.1460040867553836, 0.05624484873821339]","[0.02, 0.2, 0.666667, 0.113333]"
d1-omni,typed_invoice_processing,invoice_processing_000011,discrepancy_severity,score,0,0,"[""0"", ""1"", ""2"", ""3""]","[0.6676794489526584, 0.07605997699677876, 0.20081343355218867, 0.05544714049837412]","[0.993333, 0.005, 0.001333, 0.000333]"
d1-omni,typed_invoice_processing,invoice_processing_000011,disposition,choice,0,0,"[""approve"", ""hold"", ""manual_review"", ""reject""]","[0.4205051358598237, 0.17560578866339682, 0.39474388920260234, 0.009145186274177222]","[0.983333, 0.008, 0.008, 0.000667]"
d1-omni,typed_invoice_processing,invoice_processing_000011,duplicate,noul,0,0,"[""false"", ""true""]","[0.9680127687752247, 0.031987231224775314]","[0.996667, 0.003333]"
d1-omni,typed_invoice_processing,invoice_processing_000011,matches_order,noul,1,1,"[""false"", ""true""]","[0.245774507522583, 0.754225492477417]","[0.003333, 0.996667]"
d1-omni,typed_invoice_processing,invoice_processing_000011,urgency,score,1,1,"[""0"", ""1"", ""2"", ""3""]","[0.09217494588829657, 0.625344743947018, 0.14809095638854866, 0.13438935377613673]","[0.033333, 0.8, 0.15, 0.016667]"
d1-omni,typed_invoice_processing,invoice_processing_000012,discrepancy_severity,score,0,0,"[""0"", ""1"", ""2"", ""3""]","[0.6315674946493375, 0.03580543864756104, 0.18547261244918514, 0.14715445425391638]","[0.606667, 0.056667, 0.016667, 0.32]"
d1-omni,typed_invoice_processing,invoice_processing_000012,disposition,choice,3,0,"[""approve"", ""hold"", ""manual_review"", ""reject""]","[0.45437868734490977, 0.15736784832353126, 0.36793576541219963, 0.020317698919359355]","[0.256667, 0.15, 0.093333, 0.5]"
d1-omni,typed_invoice_processing,invoice_processing_000012,duplicate,noul,1,0,"[""false"", ""true""]","[0.5755675733089447, 0.4244324266910553]","[0.27, 0.73]"
d1-omni,typed_invoice_processing,invoice_processing_000012,matches_order,noul,1,1,"[""false"", ""true""]","[0.2838616371154785, 0.7161383628845215]","[0.023333, 0.976667]"
d1-omni,typed_invoice_processing,invoice_processing_000012,urgency,score,2,1,"[""0"", ""1"", ""2"", ""3""]","[0.18705838361208488, 0.5054339019824892, 0.180217961066426, 0.12728975333899994]","[0.016667, 0.116667, 0.533333, 0.333333]"
d1-omni,typed_invoice_processing,invoice_processing_000013,discrepancy_severity,score,3,0,"[""0"", ""1"", ""2"", ""3""]","[0.5125128397712332, 0.05820290484117397, 0.2600455167869247, 0.16923873860066807]","[0.0, 0.0, 0.133333, 0.866667]"
d1-omni,typed_invoice_processing,invoice_processing_000013,disposition,choice,2,2,"[""approve"", ""hold"", ""manual_review"", ""reject""]","[0.33375276875696613, 0.23408239810598483, 0.4214689355364632, 0.010695897600585843]","[0.016667, 0.1, 0.85, 0.033333]"
d1-omni,typed_invoice_processing,invoice_processing_000013,duplicate,noul,0,0,"[""false"", ""true""]","[0.9758574143052101, 0.024142585694789886]","[0.96, 0.04]"
d1-omni,typed_invoice_processing,invoice_processing_000013,matches_order,noul,0,1,"[""false"", ""true""]","[0.265536367893219, 0.734463632106781]","[0.983333, 0.016667]"
d1-omni,typed_invoice_processing,invoice_processing_000013,urgency,score,1,1,"[""0"", ""1"", ""2"", ""3""]","[0.1877956567376205, 0.527876563785621, 0.14649574676894764, 0.1378320327078109]","[0.083333, 0.666667, 0.183333, 0.066667]"
d1-omni,typed_invoice_processing,invoice_processing_000014,discrepancy_severity,score,1,0,"[""0"", ""1"", ""2"", ""3""]","[0.7073435638457924, 0.019315151101971673, 0.16432541272122497, 0.10901587233101093]","[0.216667, 0.4, 0.333333, 0.05]"
d1-omni,typed_invoice_processing,invoice_processing_000014,disposition,choice,0,0,"[""approve"", ""hold"", ""manual_review"", ""reject""]","[0.45100703499460937, 0.2077022626422177, 0.2950350918245681, 0.046255610538604774]","[0.483333, 0.4, 0.116667, 0.0]"
d1-omni,typed_invoice_processing,invoice_processing_000014,duplicate,noul,0,0,"[""false"", ""true""]","[0.9687772989273071, 0.03122270107269287]","[0.95, 0.05]"
d1-omni,typed_invoice_processing,invoice_processing_000014,matches_order,noul,1,1,"[""false"", ""true""]","[0.26087498664855957, 0.7391250133514404]","[0.4, 0.6]"
d1-omni,typed_invoice_processing,invoice_processing_000014,urgency,score,2,1,"[""0"", ""1"", ""2"", ""3""]","[0.13774585518619634, 0.6023764520529441, 0.18224961784110041, 0.07762807491975911]","[0.0, 0.133333, 0.6, 0.266667]"
d1-omni,typed_invoice_processing,invoice_processing_000015,discrepancy_severity,score,0,0,"[""0"", ""1"", ""2"", ""3""]","[0.6176483700161618, 0.060833845967432625, 0.1943740717437946, 0.12714371227261104]","[0.986667, 0.006667, 0.003333, 0.003333]"
d1-omni,typed_invoice_processing,invoice_processing_000015,disposition,choice,0,0,"[""approve"", ""hold"", ""manual_review"", ""reject""]","[0.39338493054073354, 0.21975526049915506, 0.34611800055117903, 0.04074180840893232]","[0.946667, 0.026667, 0.023333, 0.003333]"
d1-omni,typed_invoice_processing,invoice_processing_000015,duplicate,noul,0,0,"[""false"", ""true""]","[0.9858357850462198, 0.014164214953780174]","[0.98, 0.02]"
d1-omni,typed_invoice_processing,invoice_processing_000015,matches_order,noul,1,1,"[""false"", ""true""]","[0.2648921608924866, 0.7351078391075134]","[0.006667, 0.993333]"
d1-omni,typed_invoice_processing,invoice_processing_000015,urgency,score,2,1,"[""0"", ""1"", ""2"", ""3""]","[0.18531601130962372, 0.5869570970535278, 0.1343335509300232, 0.09339334070682526]","[0.0, 0.25, 0.666667, 0.083333]"
d1-omni,typed_invoice_processing,invoice_processing_000016,discrepancy_severity,score,3,0,"[""0"", ""1"", ""2"", ""3""]","[0.5490250791991159, 0.08834959150662987, 0.2417045325675805, 0.12092079672667372]","[0.0, 0.006667, 0.093333, 0.9]"
d1-omni,typed_invoice_processing,invoice_processing_000016,disposition,choice,2,0,"[""approve"", ""hold"", ""manual_review"", ""reject""]","[0.4262711950191059, 0.19858333228008512, 0.3618651584682548, 0.013280314232554208]","[0.016667, 0.2, 0.733333, 0.05]"
d1-omni,typed_invoice_processing,invoice_processing_000016,duplicate,noul,0,0,"[""false"", ""true""]","[0.9890739433467388, 0.010926056653261185]","[0.973333, 0.026667]"
d1-omni,typed_invoice_processing,invoice_processing_000016,matches_order,noul,0,1,"[""false"", ""true""]","[0.37412524223327637, 0.6258747577667236]","[0.98, 0.02]"
d1-omni,typed_invoice_processing,invoice_processing_000016,urgency,score,2,1,"[""0"", ""1"", ""2"", ""3""]","[0.10110591720395098, 0.6727068173622035, 0.1372906663533052, 0.08889659908054028]","[0.033333, 0.266667, 0.366667, 0.333333]"
d1-omni,typed_invoice_processing,invoice_processing_000017,discrepancy_severity,score,2,0,"[""0"", ""1"", ""2"", ""3""]","[0.4468933110814305, 0.06476085295285307, 0.2429669819714958, 0.24537885399422066]","[0.02, 0.063333, 0.683333, 0.233333]"
d1-omni,typed_invoice_processing,invoice_processing_000017,disposition,choice,2,2,"[""approve"", ""hold"", ""manual_review"", ""reject""]","[0.3685780486198778, 0.22655609376666747, 0.37940442774112015, 0.025461429872334542]","[0.05, 0.35, 0.566667, 0.033333]"
d1-omni,typed_invoice_processing,invoice_processing_000017,duplicate,noul,0,0,"[""false"", ""true""]","[0.9794155284762383, 0.02058447152376175]","[0.973333, 0.026667]"
d1-omni,typed_invoice_processing,invoice_processing_000017,matches_order,noul,0,1,"[""false"", ""true""]","[0.3317124843597412, 0.6682875156402588]","[0.91, 0.09]"
d1-omni,typed_invoice_processing,invoice_processing_000017,urgency,score,1,1,"[""0"", ""1"", ""2"", ""3""]","[0.1818125004116446, 0.5462567372994642, 0.13389340442101372, 0.1380373578678774]","[0.083333, 0.75, 0.146667, 0.02]"
d1-omni,typed_invoice_processing,invoice_processing_000018,discrepancy_severity,score,3,0,"[""0"", ""1"", ""2"", ""3""]","[0.674248211001066, 0.05355824097739636, 0.13824754798880726, 0.1339460000327304]","[0.006667, 0.036667, 0.09, 0.866667]"
d1-omni,typed_invoice_processing,invoice_processing_000018,disposition,choice,2,2,"[""approve"", ""hold"", ""manual_review"", ""reject""]","[0.3501967620177851, 0.2618529894148182, 0.3520338070405203, 0.035916441526876446]","[0.04, 0.433333, 0.483333, 0.043333]"
d1-omni,typed_invoice_processing,invoice_processing_000018,duplicate,noul,0,0,"[""false"", ""true""]","[0.9653502814471722, 0.034649718552827835]","[0.973333, 0.026667]"
d1-omni,typed_invoice_processing,invoice_processing_000018,matches_order,noul,0,0,"[""false"", ""true""]","[0.5007325708866119, 0.49926742911338806]","[0.943333, 0.056667]"
d1-omni,typed_invoice_processing,invoice_processing_000018,urgency,score,3,1,"[""0"", ""1"", ""2"", ""3""]","[0.192141693947588, 0.5422310748363871, 0.14988600984385594, 0.11574122137216894]","[0.023333, 0.093333, 0.416667, 0.466667]"
d1-omni,typed_invoice_processing,invoice_processing_000019,discrepancy_severity,score,3,0,"[""0"", ""1"", ""2"", ""3""]","[0.40930620293288905, 0.06135283851645334, 0.2699732214581954, 0.25936773709246225]","[0.006667, 0.043333, 0.283333, 0.666667]"
d1-omni,typed_invoice_processing,invoice_processing_000019,disposition,choice,2,0,"[""approve"", ""hold"", ""manual_review"", ""reject""]","[0.45797369225303597, 0.20846057093486614, 0.2634773572048348, 0.07008837960726305]","[0.03, 0.216667, 0.733333, 0.02]"
d1-omni,typed_invoice_processing,invoice_processing_000019,duplicate,noul,0,0,"[""false"", ""true""]","[0.9424956887960434, 0.057504311203956604]","[0.963333, 0.036667]"
d1-omni,typed_invoice_processing,invoice_processing_000019,matches_order,noul,0,1,"[""false"", ""true""]","[0.40279531478881836, 0.5972046852111816]","[0.95, 0.05]"
d1-omni,typed_invoice_processing,invoice_processing_000019,urgency,score,2,1,"[""0"", ""1"", ""2"", ""3""]","[0.1352093308325411, 0.6236797888422106, 0.16736651208848452, 0.07374436823676371]","[0.02, 0.133333, 0.633333, 0.213333]"
d1-omni,typed_invoice_processing,invoice_processing_000020,discrepancy_severity,score,0,0,"[""0"", ""1"", ""2"", ""3""]","[0.4865522402769038, 0.05258459989944324, 0.19545577539300835, 0.2654073844306446]","[0.986667, 0.013333, 0.0, 0.0]"
d1-omni,typed_invoice_processing,invoice_processing_000020,disposition,choice,0,0,"[""approve"", ""hold"", ""manual_review"", ""reject""]","[0.5184922881972902, 0.13794970692256084, 0.3302475555087121, 0.013310449371436881]","[0.97, 0.015, 0.015, 0.0]"
d1-omni,typed_invoice_processing,invoice_processing_000020,duplicate,noul,0,0,"[""false"", ""true""]","[0.970744427293539, 0.029255572706460953]","[0.993333, 0.006667]"
d1-omni,typed_invoice_processing,invoice_processing_000020,matches_order,noul,1,1,"[""false"", ""true""]","[0.24429738521575928, 0.7557026147842407]","[0.006667, 0.993333]"
d1-omni,typed_invoice_processing,invoice_processing_000020,urgency,score,2,1,"[""0"", ""1"", ""2"", ""3""]","[0.16353103668360858, 0.6334104018843589, 0.12221070122482096, 0.0808478602072115]","[0.0, 0.406667, 0.576667, 0.016667]"
d1-omni,typed_invoice_processing,invoice_processing_000021,discrepancy_severity,score,0,0,"[""0"", ""1"", ""2"", ""3""]","[0.6229067584031841, 0.053973534419541086, 0.21662539727893615, 0.10649430989833869]","[0.859667, 0.063667, 0.06, 0.016667]"
d1-omni,typed_invoice_processing,invoice_processing_000021,disposition,choice,0,0,"[""approve"", ""hold"", ""manual_review"", ""reject""]","[0.41051553611250297, 0.20846829789077387, 0.3621995617728476, 0.018816604223875526]","[0.766333, 0.100333, 0.1, 0.033333]"
d1-omni,typed_invoice_processing,invoice_processing_000021,duplicate,noul,0,0,"[""false"", ""true""]","[0.5673354268074036, 0.43266457319259644]","[0.773333, 0.226667]"
d1-omni,typed_invoice_processing,invoice_processing_000021,matches_order,noul,1,1,"[""false"", ""true""]","[0.26352500915527344, 0.7364749908447266]","[0.033667, 0.966333]"
d1-omni,typed_invoice_processing,invoice_processing_000021,urgency,score,1,1,"[""0"", ""1"", ""2"", ""3""]","[0.1700463320321788, 0.5674609030404821, 0.12650720963637843, 0.1359855552909606]","[0.399667, 0.433667, 0.133333, 0.033333]"
d1-omni,typed_invoice_processing,invoice_processing_000022,discrepancy_severity,score,0,0,"[""0"", ""1"", ""2"", ""3""]","[0.44021796524199897, 0.059083788706603815, 0.33178278309430503, 0.16891546295709217]","[0.616667, 0.316667, 0.06, 0.006667]"
d1-omni,typed_invoice_processing,invoice_processing_000022,disposition,choice,0,2,"[""approve"", ""hold"", ""manual_review"", ""reject""]","[0.36143310089743846, 0.18997529785997302, 0.41656295861701154, 0.03202864262557694]","[0.776667, 0.123333, 0.096667, 0.003333]"
d1-omni,typed_invoice_processing,invoice_processing_000022,duplicate,noul,0,0,"[""false"", ""true""]","[0.9752107374370098, 0.02478926256299019]","[0.97, 0.03]"
d1-omni,typed_invoice_processing,invoice_processing_000022,matches_order,noul,1,1,"[""false"", ""true""]","[0.3512376546859741, 0.6487623453140259]","[0.103333, 0.896667]"
d1-omni,typed_invoice_processing,invoice_processing_000022,urgency,score,2,1,"[""0"", ""1"", ""2"", ""3""]","[0.16569006945550027, 0.5577823187242557, 0.14683752376809575, 0.12969008805214835]","[0.006667, 0.26, 0.583333, 0.15]"
d1-omni,typed_invoice_processing,invoice_processing_000023,discrepancy_severity,score,0,0,"[""0"", ""1"", ""2"", ""3""]","[0.6118350028991699, 0.06545159220695496, 0.21755696833133698, 0.10515643656253815]","[0.903333, 0.053333, 0.04, 0.003333]"
d1-omni,typed_invoice_processing,invoice_processing_000023,disposition,choice,0,0,"[""approve"", ""hold"", ""manual_review"", ""reject""]","[0.5111535362913527, 0.13046788116623062, 0.34961385707007614, 0.00876472547234047]","[0.593333, 0.196667, 0.183333, 0.026667]"
d1-omni,typed_invoice_processing,invoice_processing_000023,duplicate,noul,1,0,"[""false"", ""true""]","[0.7285647988319397, 0.2714352011680603]","[0.416667, 0.583333]"
d1-omni,typed_invoice_processing,invoice_processing_000023,matches_order,noul,1,1,"[""false"", ""true""]","[0.2898560166358948, 0.7101439833641052]","[0.036667, 0.963333]"
d1-omni,typed_invoice_processing,invoice_processing_000023,urgency,score,1,1,"[""0"", ""1"", ""2"", ""3""]","[0.1532210822428521, 0.6415527915607514, 0.12462298293509372, 0.08060314326130279]","[0.116667, 0.8, 0.073333, 0.01]"
d1-omni,typed_invoice_processing,invoice_processing_000024,discrepancy_severity,score,0,0,"[""0"", ""1"", ""2"", ""3""]","[0.48401025658861185, 0.04530941017433122, 0.25515240811038625, 0.21552792512667068]","[0.963333, 0.023333, 0.01, 0.003333]"
d1-omni,typed_invoice_processing,invoice_processing_000024,disposition,choice,0,0,"[""approve"", ""hold"", ""manual_review"", ""reject""]","[0.3891982196151945, 0.1963203578639084, 0.38474408365404733, 0.029737338866849823]","[0.956667, 0.023333, 0.013333, 0.006667]"
d1-omni,typed_invoice_processing,invoice_processing_000024,duplicate,noul,0,0,"[""false"", ""true""]","[0.9768386706709862, 0.023161329329013824]","[0.983333, 0.016667]"
d1-omni,typed_invoice_processing,invoice_processing_000024,matches_order,noul,1,1,"[""false"", ""true""]","[0.26970207691192627, 0.7302979230880737]","[0.017, 0.983]"
d1-omni,typed_invoice_processing,invoice_processing_000024,urgency,score,2,1,"[""0"", ""1"", ""2"", ""3""]","[0.17786875764732266, 0.5950746669264436, 0.11070930460190709, 0.11634727082432667]","[0.016667, 0.433333, 0.466667, 0.083333]"
d1-omni,typed_invoice_processing,invoice_processing_000025,discrepancy_severity,score,3,0,"[""0"", ""1"", ""2"", ""3""]","[0.4926147758960724, 0.09950593113899231, 0.2102113515138626, 0.1976679414510727]","[0.003333, 0.046667, 0.216667, 0.733333]"
d1-omni,typed_invoice_processing,invoice_processing_000025,disposition,choice,2,0,"[""approve"", ""hold"", ""manual_review"", ""reject""]","[0.4385460843877687, 0.23529992734714963, 0.29233498905856103, 0.033818999206520574]","[0.026667, 0.263333, 0.676667, 0.033333]"
d1-omni,typed_invoice_processing,invoice_processing_000025,duplicate,noul,0,0,"[""false"", ""true""]","[0.9801069144159555, 0.019893085584044456]","[0.99, 0.01]"
d1-omni,typed_invoice_processing,invoice_processing_000025,matches_order,noul,0,1,"[""false"", ""true""]","[0.4705115556716919, 0.5294884443283081]","[0.976667, 0.023333]"
d1-omni,typed_invoice_processing,invoice_processing_000025,urgency,score,2,1,"[""0"", ""1"", ""2"", ""3""]","[0.13417133039151394, 0.6546451132357625, 0.1507155673231841, 0.0604679890495395]","[0.033333, 0.216667, 0.6, 0.15]"
d1-omni,typed_invoice_processing,invoice_processing_000026,discrepancy_severity,score,0,0,"[""0"", ""1"", ""2"", ""3""]","[0.61518517366714, 0.08212542166745268, 0.20251285124512683, 0.1001765534202805]","[0.65, 0.023333, 0.023333, 0.303333]"
d1-omni,typed_invoice_processing,invoice_processing_000026,disposition,choice,0,0,"[""approve"", ""hold"", ""manual_review"", ""reject""]","[0.5091186108911193, 0.15546493058504615, 0.3131613696385767, 0.02225508888525789]","[0.416667, 0.143333, 0.14, 0.3]"
d1-omni,typed_invoice_processing,invoice_processing_000026,duplicate,noul,1,0,"[""false"", ""true""]","[0.8542260527610779, 0.14577394723892212]","[0.456667, 0.543333]"
d1-omni,typed_invoice_processing,invoice_processing_000026,matches_order,noul,1,1,"[""false"", ""true""]","[0.20244473218917847, 0.7975552678108215]","[0.033333, 0.966667]"
d1-omni,typed_invoice_processing,invoice_processing_000026,urgency,score,1,1,"[""0"", ""1"", ""2"", ""3""]","[0.1492894452012289, 0.6070099518225338, 0.1263188878172553, 0.11738171515898194]","[0.033333, 0.5, 0.45, 0.016667]"
d1-omni,typed_invoice_processing,invoice_processing_000027,discrepancy_severity,score,0,0,"[""0"", ""1"", ""2"", ""3""]","[0.49044530487555327, 0.06541762354781575, 0.27083569159725995, 0.17330137997937098]","[0.533333, 0.333333, 0.116667, 0.016667]"
d1-omni,typed_invoice_processing,invoice_processing_000027,disposition,choice,0,0,"[""approve"", ""hold"", ""manual_review"", ""reject""]","[0.39989032149641746, 0.20210101598200153, 0.38406695771017796, 0.013941704811403012]","[0.566667, 0.233333, 0.15, 0.05]"
d1-omni,typed_invoice_processing,invoice_processing_000027,duplicate,noul,0,1,"[""false"", ""true""]","[0.2086591124534607, 0.7913408875465393]","[0.55, 0.45]"
d1-omni,typed_invoice_processing,invoice_processing_000027,matches_order,noul,1,1,"[""false"", ""true""]","[0.443251371383667, 0.556748628616333]","[0.15, 0.85]"
d1-omni,typed_invoice_processing,invoice_processing_000027,urgency,score,1,1,"[""0"", ""1"", ""2"", ""3""]","[0.17953880684992934, 0.5860931567650132, 0.12609628675375872, 0.10827174963129872]","[0.083333, 0.666667, 0.2, 0.05]"
d1-omni,typed_invoice_processing,invoice_processing_000028,discrepancy_severity,score,3,2,"[""0"", ""1"", ""2"", ""3""]","[0.31917495011053904, 0.0881780250099007, 0.3355239083695994, 0.25712311650996084]","[0.006667, 0.043333, 0.2, 0.75]"
d1-omni,typed_invoice_processing,invoice_processing_000028,disposition,choice,1,2,"[""approve"", ""hold"", ""manual_review"", ""reject""]","[0.38708120296089943, 0.18997886635378847, 0.4090120165868698, 0.01392791409844224]","[0.033333, 0.64, 0.293333, 0.033333]"
d1-omni,typed_invoice_processing,invoice_processing_000028,duplicate,noul,0,0,"[""false"", ""true""]","[0.9529383666813374, 0.04706163331866264]","[0.973333, 0.026667]"
d1-omni,typed_invoice_processing,invoice_processing_000028,matches_order,noul,0,1,"[""false"", ""true""]","[0.4291996359825134, 0.5708003640174866]","[0.943333, 0.056667]"
d1-omni,typed_invoice_processing,invoice_processing_000028,urgency,score,2,1,"[""0"", ""1"", ""2"", ""3""]","[0.1934230553573722, 0.5548556836375712, 0.14406099378835432, 0.10766026721670229]","[0.033333, 0.233333, 0.666667, 0.066667]"
d1-omni,typed_invoice_processing,invoice_processing_000029,discrepancy_severity,score,3,0,"[""0"", ""1"", ""2"", ""3""]","[0.45444314994747714, 0.09531326449940705, 0.25493418790498096, 0.19530939764813487]","[0.016667, 0.05, 0.233333, 0.7]"
d1-omni,typed_invoice_processing,invoice_processing_000029,disposition,choice,2,0,"[""approve"", ""hold"", ""manual_review"", ""reject""]","[0.4002790935467507, 0.19790064719974282, 0.3775633749348752, 0.024256884318631343]","[0.013333, 0.226667, 0.736667, 0.023333]"
d1-omni,typed_invoice_processing,invoice_processing_000029,duplicate,noul,0,0,"[""false"", ""true""]","[0.9658901579678059, 0.03410984203219414]","[0.97, 0.03]"
d1-omni,typed_invoice_processing,invoice_processing_000029,matches_order,noul,0,1,"[""false"", ""true""]","[0.37952691316604614, 0.6204730868339539]","[0.966667, 0.033333]"
d1-omni,typed_invoice_processing,invoice_processing_000029,urgency,score,2,1,"[""0"", ""1"", ""2"", ""3""]","[0.21909678961769297, 0.525235497589506, 0.130791714673864, 0.12487599811893693]","[0.033333, 0.4, 0.5, 0.066667]"
d1-omni,typed_invoice_processing,invoice_processing_000030,discrepancy_severity,score,0,0,"[""0"", ""1"", ""2"", ""3""]","[0.6389438200508443, 0.043906645585647254, 0.1711242712117153, 0.1460252631517931]","[0.923333, 0.05, 0.023333, 0.003333]"
d1-omni,typed_invoice_processing,invoice_processing_000030,disposition,choice,3,0,"[""approve"", ""hold"", ""manual_review"", ""reject""]","[0.4529258147754018, 0.21753967456637843, 0.2731603465426071, 0.05637416411561263]","[0.216667, 0.15, 0.05, 0.583333]"
d1-omni,typed_invoice_processing,invoice_processing_000030,duplicate,noul,1,1,"[""false"", ""true""]","[0.2901906371116638, 0.7098093628883362]","[0.25, 0.75]"
d1-omni,typed_invoice_processing,invoice_processing_000030,matches_order,noul,1,1,"[""false"", ""true""]","[0.16576969623565674, 0.8342303037643433]","[0.05, 0.95]"
d1-omni,typed_invoice_processing,invoice_processing_000030,urgency,score,1,1,"[""0"", ""1"", ""2"", ""3""]","[0.21099495258942388, 0.5185326779325998, 0.1495333716412374, 0.12093899783673889]","[0.1, 0.65, 0.226667, 0.023333]"
d1-omni,typed_invoice_processing,invoice_processing_000031,discrepancy_severity,score,0,0,"[""0"", ""1"", ""2"", ""3""]","[0.48776410483610944, 0.0611691940179227, 0.2965239672816982, 0.15454273386426967]","[0.996667, 0.003333, 0.0, 0.0]"
d1-omni,typed_invoice_processing,invoice_processing_000031,disposition,choice,0,0,"[""approve"", ""hold"", ""manual_review"", ""reject""]","[0.3986820504314815, 0.20071878655406114, 0.3791520822951182, 0.02144708071933909]","[0.96, 0.023333, 0.016667, 0.0]"
d1-omni,typed_invoice_processing,invoice_processing_000031,duplicate,noul,0,0,"[""false"", ""true""]","[0.9654041416943073, 0.03459585830569267]","[0.98, 0.02]"
d1-omni,typed_invoice_processing,invoice_processing_000031,matches_order,noul,1,1,"[""false"", ""true""]","[0.3507370352745056, 0.6492629647254944]","[0.003333, 0.996667]"
d1-omni,typed_invoice_processing,invoice_processing_000031,urgency,score,3,1,"[""0"", ""1"", ""2"", ""3""]","[0.1800885105159435, 0.532592789310002, 0.11361973326265017, 0.17369896691140435]","[0.0, 0.05, 0.316667, 0.633333]"
d1-omni,typed_invoice_processing,invoice_processing_000032,discrepancy_severity,score,2,0,"[""0"", ""1"", ""2"", ""3""]","[0.6124213337898254, 0.09693078696727753, 0.18467530608177185, 0.10597257316112518]","[0.333333, 0.216667, 0.38, 0.07]"
d1-omni,typed_invoice_processing,invoice_processing_000032,disposition,choice,0,0,"[""approve"", ""hold"", ""manual_review"", ""reject""]","[0.4213898479938507, 0.2530132532119751, 0.2544291913509369, 0.0711677074432373]","[0.35, 0.283333, 0.346667, 0.02]"
d1-omni,typed_invoice_processing,invoice_processing_000032,duplicate,noul,0,0,"[""false"", ""true""]","[0.9739701114594936, 0.026029888540506363]","[0.986667, 0.013333]"
d1-omni,typed_invoice_processing,invoice_processing_000032,matches_order,noul,1,1,"[""false"", ""true""]","[0.43570828437805176, 0.5642917156219482]","[0.15, 0.85]"
d1-omni,typed_invoice_processing,invoice_processing_000032,urgency,score,1,1,"[""0"", ""1"", ""2"", ""3""]","[0.1577429289130212, 0.5961717829963912, 0.14042731805680728, 0.10565797003378041]","[0.083333, 0.766667, 0.133333, 0.016667]"
d1-omni,typed_invoice_processing,invoice_processing_000033,discrepancy_severity,score,3,0,"[""0"", ""1"", ""2"", ""3""]","[0.6687720268494183, 0.055225266771943865, 0.16148951288708643, 0.11451319349155142]","[0.0, 0.016667, 0.416667, 0.566667]"
d1-omni,typed_invoice_processing,invoice_processing_000033,disposition,choice,2,0,"[""approve"", ""hold"", ""manual_review"", ""reject""]","[0.5042177143226692, 0.19433232810093928, 0.277754740581199, 0.023695216995192586]","[0.05, 0.233333, 0.7, 0.016667]"
d1-omni,typed_invoice_processing,invoice_processing_000033,duplicate,noul,0,0,"[""false"", ""true""]","[0.9585751481354237, 0.04142485186457634]","[0.96, 0.04]"
d1-omni,typed_invoice_processing,invoice_processing_000033,matches_order,noul,0,1,"[""false"", ""true""]","[0.3316556215286255, 0.6683443784713745]","[0.95, 0.05]"
d1-omni,typed_invoice_processing,invoice_processing_000033,urgency,score,1,1,"[""0"", ""1"", ""2"", ""3""]","[0.10736450898034465, 0.626492119338657, 0.15583019868171966, 0.11031317299927872]","[0.033333, 0.55, 0.383333, 0.033333]"
d1-omni,typed_invoice_processing,invoice_processing_000034,discrepancy_severity,score,0,0,"[""0"", ""1"", ""2"", ""3""]","[0.5592091637908729, 0.04659681732507931, 0.29844116942255816, 0.09575284946148954]","[0.97, 0.021667, 0.008333, 0.0]"
d1-omni,typed_invoice_processing,invoice_processing_000034,disposition,choice,0,0,"[""approve"", ""hold"", ""manual_review"", ""reject""]","[0.42829486836005887, 0.2211883664824419, 0.31642908716304763, 0.03408767799445166]","[0.916667, 0.05, 0.026667, 0.006667]"
d1-omni,typed_invoice_processing,invoice_processing_000034,duplicate,noul,0,0,"[""false"", ""true""]","[0.9504397362470627, 0.04956026375293732]","[0.976667, 0.023333]"
d1-omni,typed_invoice_processing,invoice_processing_000034,matches_order,noul,1,1,"[""false"", ""true""]","[0.27189725637435913, 0.7281027436256409]","[0.016667, 0.983333]"
d1-omni,typed_invoice_processing,invoice_processing_000034,urgency,score,3,1,"[""0"", ""1"", ""2"", ""3""]","[0.14574333482446764, 0.6236492759119989, 0.13451761996307895, 0.09608976930045451]","[0.006667, 0.076667, 0.233333, 0.683333]"
d1-omni,typed_invoice_processing,invoice_processing_000035,discrepancy_severity,score,3,0,"[""0"", ""1"", ""2"", ""3""]","[0.46143005329586684, 0.08638037189201352, 0.3055152663331166, 0.14667430847900306]","[0.0, 0.016667, 0.2, 0.783333]"
d1-omni,typed_invoice_processing,invoice_processing_000035,disposition,choice,2,0,"[""approve"", ""hold"", ""manual_review"", ""reject""]","[0.4003029093089903, 0.20252135018778314, 0.3567174308613421, 0.04045830964188446]","[0.016667, 0.183333, 0.75, 0.05]"
d1-omni,typed_invoice_processing,invoice_processing_000035,duplicate,noul,0,0,"[""false"", ""true""]","[0.976993964985013, 0.023006035014986992]","[0.976667, 0.023333]"
d1-omni,typed_invoice_processing,invoice_processing_000035,matches_order,noul,0,1,"[""false"", ""true""]","[0.4240924119949341, 0.5759075880050659]","[0.966667, 0.033333]"
d1-omni,typed_invoice_processing,invoice_processing_000035,urgency,score,2,1,"[""0"", ""1"", ""2"", ""3""]","[0.12114259126356075, 0.6142037052110666, 0.14268777093338456, 0.12196593259198812]","[0.033333, 0.116667, 0.433333, 0.416667]"
d1-omni,typed_invoice_processing,invoice_processing_000036,discrepancy_severity,score,0,0,"[""0"", ""1"", ""2"", ""3""]","[0.5126676249877153, 0.05034104643432683, 0.2541553818148774, 0.18283594676308038]","[0.97, 0.02, 0.006667, 0.003333]"
d1-omni,typed_invoice_processing,invoice_processing_000036,disposition,choice,0,0,"[""approve"", ""hold"", ""manual_review"", ""reject""]","[0.4638798806972063, 0.170830040215533, 0.33432203344448264, 0.03096804564277802]","[0.936667, 0.023333, 0.033333, 0.006667]"
d1-omni,typed_invoice_processing,invoice_processing_000036,duplicate,noul,0,0,"[""false"", ""true""]","[0.9788528122007847, 0.021147187799215317]","[0.983333, 0.016667]"
d1-omni,typed_invoice_processing,invoice_processing_000036,matches_order,noul,1,1,"[""false"", ""true""]","[0.294708788394928, 0.705291211605072]","[0.016667, 0.983333]"
d1-omni,typed_invoice_processing,invoice_processing_000036,urgency,score,3,1,"[""0"", ""1"", ""2"", ""3""]","[0.13343988358974457, 0.6181291937828064, 0.11393237113952637, 0.13449855148792267]","[0.013333, 0.103333, 0.433333, 0.45]"
d1-omni,typed_invoice_processing,invoice_processing_000037,discrepancy_severity,score,0,0,"[""0"", ""1"", ""2"", ""3""]","[0.5356313902927955, 0.06253420235410767, 0.25584738112291944, 0.1459870262301774]","[0.96, 0.028333, 0.011667, 0.0]"
d1-omni,typed_invoice_processing,invoice_processing_000037,disposition,choice,0,2,"[""approve"", ""hold"", ""manual_review"", ""reject""]","[0.37387489660037027, 0.19559176014758617, 0.3784671069455922, 0.052066236306451325]","[0.886667, 0.056667, 0.043333, 0.013333]"
d1-omni,typed_invoice_processing,invoice_processing_000037,duplicate,noul,0,0,"[""false"", ""true""]","[0.9525889046490192, 0.04741109535098076]","[0.656667, 0.343333]"
d1-omni,typed_invoice_processing,invoice_processing_000037,matches_order,noul,1,1,"[""false"", ""true""]","[0.3318667411804199, 0.6681332588195801]","[0.023333, 0.976667]"
d1-omni,typed_invoice_processing,invoice_processing_000037,urgency,score,2,1,"[""0"", ""1"", ""2"", ""3""]","[0.2183395572754543, 0.46966051174672746, 0.13915944721517476, 0.1728404837626435]","[0.0, 0.1, 0.483333, 0.416667]"
d1-omni,typed_invoice_processing,invoice_processing_000038,discrepancy_severity,score,0,0,"[""0"", ""1"", ""2"", ""3""]","[0.6057599782943726, 0.03363075852394104, 0.2338995337486267, 0.1267097294330597]","[0.95, 0.043333, 0.006667, 0.0]"
d1-omni,typed_invoice_processing,invoice_processing_000038,disposition,choice,0,0,"[""approve"", ""hold"", ""manual_review"", ""reject""]","[0.5524407018861907, 0.15353213222039466, 0.2855074996398622, 0.008519666253552462]","[0.383333, 0.143333, 0.156667, 0.316667]"
d1-omni,typed_invoice_processing,invoice_processing_000038,duplicate,noul,1,0,"[""false"", ""true""]","[0.8699332028627396, 0.13006679713726044]","[0.46, 0.54]"
d1-omni,typed_invoice_processing,invoice_processing_000038,matches_order,noul,1,1,"[""false"", ""true""]","[0.3089674115180969, 0.6910325884819031]","[0.026667, 0.973333]"
d1-omni,typed_invoice_processing,invoice_processing_000038,urgency,score,1,1,"[""0"", ""1"", ""2"", ""3""]","[0.11029446711213038, 0.6729369804091246, 0.11869202326527047, 0.09807652921347453]","[0.016667, 0.583333, 0.316667, 0.083333]"
d1-omni,typed_invoice_processing,invoice_processing_000039,discrepancy_severity,score,2,3,"[""0"", ""1"", ""2"", ""3""]","[0.30026912058014993, 0.0375087700325406, 0.26295902402005905, 0.3992630853672504]","[0.006667, 0.043333, 0.5, 0.45]"
d1-omni,typed_invoice_processing,invoice_processing_000039,disposition,choice,2,0,"[""approve"", ""hold"", ""manual_review"", ""reject""]","[0.40131225444258684, 0.18073638793470642, 0.38513030773756884, 0.03282104988513793]","[0.016667, 0.316667, 0.65, 0.016667]"
d1-omni,typed_invoice_processing,invoice_processing_000039,duplicate,noul,0,0,"[""false"", ""true""]","[0.9401820860803127, 0.05981791391968727]","[0.97, 0.03]"
d1-omni,typed_invoice_processing,invoice_processing_000039,matches_order,noul,0,1,"[""false"", ""true""]","[0.34970349073410034, 0.6502965092658997]","[0.976667, 0.023333]"
d1-omni,typed_invoice_processing,invoice_processing_000039,urgency,score,1,1,"[""0"", ""1"", ""2"", ""3""]","[0.1957685438887124, 0.5157020918593745, 0.1461374825002618, 0.14239188175165124]","[0.05, 0.6, 0.3, 0.05]"
d1-omni,typed_invoice_processing,invoice_processing_000040,discrepancy_severity,score,0,0,"[""0"", ""1"", ""2"", ""3""]","[0.705971929953548, 0.053989393487967795, 0.08664305930424261, 0.15339561725424167]","[0.663333, 0.016667, 0.02, 0.3]"
d1-omni,typed_invoice_processing,invoice_processing_000040,disposition,choice,3,0,"[""approve"", ""hold"", ""manual_review"", ""reject""]","[0.44583958544107916, 0.2024424543920095, 0.3229494486371404, 0.02876851152977088]","[0.373333, 0.053333, 0.136667, 0.436667]"
d1-omni,typed_invoice_processing,invoice_processing_000040,duplicate,noul,1,0,"[""false"", ""true""]","[0.7949465215206146, 0.20505347847938538]","[0.383333, 0.616667]"
d1-omni,typed_invoice_processing,invoice_processing_000040,matches_order,noul,1,1,"[""false"", ""true""]","[0.22839605808258057, 0.7716039419174194]","[0.31, 0.69]"
d1-omni,typed_invoice_processing,invoice_processing_000040,urgency,score,1,1,"[""0"", ""1"", ""2"", ""3""]","[0.1892396467349012, 0.5483986016720845, 0.1561943406717254, 0.10616741092128879]","[0.05, 0.666667, 0.266667, 0.016667]"
d1-omni,typed_invoice_processing,invoice_processing_000041,discrepancy_severity,score,0,0,"[""0"", ""1"", ""2"", ""3""]","[0.6471171282661389, 0.036723896313847655, 0.15772257510241008, 0.15843640031760334]","[0.626667, 0.03, 0.023333, 0.32]"
d1-omni,typed_invoice_processing,invoice_processing_000041,disposition,choice,3,0,"[""approve"", ""hold"", ""manual_review"", ""reject""]","[0.504092102916078, 0.18204789067113278, 0.2820784481102055, 0.03178155830258383]","[0.276667, 0.106667, 0.1, 0.516667]"
d1-omni,typed_invoice_processing,invoice_processing_000041,duplicate,noul,1,0,"[""false"", ""true""]","[0.7531646937131882, 0.24683530628681183]","[0.353333, 0.646667]"
d1-omni,typed_invoice_processing,invoice_processing_000041,matches_order,noul,1,1,"[""false"", ""true""]","[0.23537641763687134, 0.7646235823631287]","[0.35, 0.65]"
d1-omni,typed_invoice_processing,invoice_processing_000041,urgency,score,3,1,"[""0"", ""1"", ""2"", ""3""]","[0.19834353473060284, 0.5148734565423456, 0.18431055957773088, 0.10247244914932063]","[0.0, 0.083333, 0.45, 0.466667]"
d1-omni,typed_invoice_processing,invoice_processing_000042,discrepancy_severity,score,0,0,"[""0"", ""1"", ""2"", ""3""]","[0.5070672110776188, 0.036649913141875164, 0.30943555100911185, 0.1468473247713942]","[0.916667, 0.066667, 0.013333, 0.003333]"
d1-omni,typed_invoice_processing,invoice_processing_000042,disposition,choice,0,0,"[""approve"", ""hold"", ""manual_review"", ""reject""]","[0.4724329550442963, 0.19186214734458987, 0.3119449313336305, 0.02375996627748339]","[0.566667, 0.206667, 0.123333, 0.103333]"
d1-omni,typed_invoice_processing,invoice_processing_000042,duplicate,noul,0,0,"[""false"", ""true""]","[0.6118798553943634, 0.3881201446056366]","[0.546667, 0.453333]"
d1-omni,typed_invoice_processing,invoice_processing_000042,matches_order,noul,1,1,"[""false"", ""true""]","[0.28943395614624023, 0.7105660438537598]","[0.013333, 0.986667]"
d1-omni,typed_invoice_processing,invoice_processing_000042,urgency,score,3,1,"[""0"", ""1"", ""2"", ""3""]","[0.20579527011818782, 0.5146817488270737, 0.1310163269785594, 0.14850665407617905]","[0.016667, 0.1, 0.316667, 0.566667]"
d1-omni,typed_invoice_processing,invoice_processing_000043,discrepancy_severity,score,0,0,"[""0"", ""1"", ""2"", ""3""]","[0.4963605849850352, 0.06283855625505913, 0.27996600508588565, 0.16083485367401998]","[0.433333, 0.166667, 0.063333, 0.336667]"
d1-omni,typed_invoice_processing,invoice_processing_000043,disposition,choice,3,0,"[""approve"", ""hold"", ""manual_review"", ""reject""]","[0.5276455401102946, 0.13955505504209673, 0.30782527419534195, 0.024974130652266682]","[0.273333, 0.126667, 0.25, 0.35]"
d1-omni,typed_invoice_processing,invoice_processing_000043,duplicate,noul,1,0,"[""false"", ""true""]","[0.7944385558366776, 0.20556144416332245]","[0.386667, 0.613333]"
d1-omni,typed_invoice_processing,invoice_processing_000043,matches_order,noul,1,1,"[""false"", ""true""]","[0.3634336590766907, 0.6365663409233093]","[0.04, 0.96]"
d1-omni,typed_invoice_processing,invoice_processing_000043,urgency,score,3,1,"[""0"", ""1"", ""2"", ""3""]","[0.10842385062259546, 0.6278708530376043, 0.1352754076177224, 0.12842988872207783]","[0.0, 0.1, 0.366667, 0.533333]"
d1-omni,typed_invoice_processing,invoice_processing_000044,discrepancy_severity,score,3,0,"[""0"", ""1"", ""2"", ""3""]","[0.5890098722426612, 0.06551694772367257, 0.20745531905509057, 0.13801786097857563]","[0.006667, 0.023333, 0.143333, 0.826667]"
d1-omni,typed_invoice_processing,invoice_processing_000044,disposition,choice,1,0,"[""approve"", ""hold"", ""manual_review"", ""reject""]","[0.4056623724973808, 0.27076863233861953, 0.2881375443884155, 0.035431450775584176]","[0.02, 0.483333, 0.45, 0.046667]"
d1-omni,typed_invoice_processing,invoice_processing_000044,duplicate,noul,0,0,"[""false"", ""true""]","[0.964301198720932, 0.03569880127906799]","[0.98, 0.02]"
d1-omni,typed_invoice_processing,invoice_processing_000044,matches_order,noul,0,1,"[""false"", ""true""]","[0.47058457136154175, 0.5294154286384583]","[0.97, 0.03]"
d1-omni,typed_invoice_processing,invoice_processing_000044,urgency,score,1,1,"[""0"", ""1"", ""2"", ""3""]","[0.1308563102355715, 0.6085611212462605, 0.17372157326793572, 0.08686099525023235]","[0.166667, 0.433333, 0.366667, 0.033333]"
d1-omni,typed_invoice_processing,invoice_processing_000045,discrepancy_severity,score,0,0,"[""0"", ""1"", ""2"", ""3""]","[0.4475892552992836, 0.030089671395617613, 0.1861943904171757, 0.3361266828879231]","[0.656667, 0.026667, 0.25, 0.066667]"
d1-omni,typed_invoice_processing,invoice_processing_000045,disposition,choice,0,0,"[""approve"", ""hold"", ""manual_review"", ""reject""]","[0.5392050227404389, 0.12587139197992372, 0.31156611906835613, 0.02335746621128121]","[0.666667, 0.053333, 0.28, 0.0]"
d1-omni,typed_invoice_processing,invoice_processing_000045,duplicate,noul,0,0,"[""false"", ""true""]","[0.9720031283795834, 0.02799687162041664]","[0.982667, 0.017333]"
d1-omni,typed_invoice_processing,invoice_processing_000045,matches_order,noul,1,1,"[""false"", ""true""]","[0.3447222113609314, 0.6552777886390686]","[0.34, 0.66]"
d1-omni,typed_invoice_processing,invoice_processing_000045,urgency,score,2,1,"[""0"", ""1"", ""2"", ""3""]","[0.20150324702262878, 0.5780346393585205, 0.12556159496307373, 0.09490051865577698]","[0.05, 0.35, 0.566667, 0.033333]"
d1-omni,typed_invoice_processing,invoice_processing_000046,discrepancy_severity,score,3,0,"[""0"", ""1"", ""2"", ""3""]","[0.5890396570098554, 0.13327806592234676, 0.14971210883354655, 0.12797016823425136]","[0.043333, 0.023333, 0.316667, 0.616667]"
d1-omni,typed_invoice_processing,invoice_processing_000046,disposition,choice,1,0,"[""approve"", ""hold"", ""manual_review"", ""reject""]","[0.3919351477957248, 0.18523353793284644, 0.365653315615655, 0.057177998655773776]","[0.036667, 0.683333, 0.25, 0.03]"
d1-omni,typed_invoice_processing,invoice_processing_000046,duplicate,noul,0,0,"[""false"", ""true""]","[0.9138227105140686, 0.0861772894859314]","[0.95, 0.05]"
d1-omni,typed_invoice_processing,invoice_processing_000046,matches_order,noul,0,0,"[""false"", ""true""]","[0.5114261507987976, 0.4885738492012024]","[0.9, 0.1]"
d1-omni,typed_invoice_processing,invoice_processing_000046,urgency,score,1,1,"[""0"", ""1"", ""2"", ""3""]","[0.13325540721416473, 0.5771743655204773, 0.14968667924404144, 0.13988354802131653]","[0.066667, 0.383333, 0.333333, 0.216667]"
d1-omni,typed_invoice_processing,invoice_processing_000047,discrepancy_severity,score,3,0,"[""0"", ""1"", ""2"", ""3""]","[0.6091604096630124, 0.05916548388081452, 0.1266233594725275, 0.20505074698364556]","[0.0, 0.05, 0.2, 0.75]"
d1-omni,typed_invoice_processing,invoice_processing_000047,disposition,choice,2,0,"[""approve"", ""hold"", ""manual_review"", ""reject""]","[0.43781358656009417, 0.25236267227474857, 0.27612594181486877, 0.0336977993502885]","[0.023333, 0.4, 0.51, 0.066667]"
d1-omni,typed_invoice_processing,invoice_processing_000047,duplicate,noul,0,0,"[""false"", ""true""]","[0.9599941931664944, 0.04000580683350563]","[0.97, 0.03]"
d1-omni,typed_invoice_processing,invoice_processing_000047,matches_order,noul,0,1,"[""false"", ""true""]","[0.3951452970504761, 0.6048547029495239]","[0.916667, 0.083333]"
d1-omni,typed_invoice_processing,invoice_processing_000047,urgency,score,1,1,"[""0"", ""1"", ""2"", ""3""]","[0.08663639977642, 0.659314021632507, 0.1439872798922521, 0.11006229869882095]","[0.1, 0.633333, 0.233333, 0.033333]"
d1-omni,typed_invoice_processing,invoice_processing_000048,discrepancy_severity,score,2,0,"[""0"", ""1"", ""2"", ""3""]","[0.6042118465978406, 0.057789118885613715, 0.2023258588428321, 0.1356731756737136]","[0.303333, 0.106667, 0.39, 0.2]"
d1-omni,typed_invoice_processing,invoice_processing_000048,disposition,choice,2,0,"[""approve"", ""hold"", ""manual_review"", ""reject""]","[0.40815733950978506, 0.20147922184737277, 0.3599933305384219, 0.03037010810442027]","[0.283333, 0.283333, 0.393333, 0.04]"
d1-omni,typed_invoice_processing,invoice_processing_000048,duplicate,noul,0,0,"[""false"", ""true""]","[0.9663791134953499, 0.033620886504650116]","[0.976667, 0.023333]"
d1-omni,typed_invoice_processing,invoice_processing_000048,matches_order,noul,0,1,"[""false"", ""true""]","[0.2980046272277832, 0.7019953727722168]","[0.526667, 0.473333]"
d1-omni,typed_invoice_processing,invoice_processing_000048,urgency,score,2,1,"[""0"", ""1"", ""2"", ""3""]","[0.20308897807101808, 0.5254096027646781, 0.12428442199309567, 0.14721699717120815]","[0.0, 0.116667, 0.516667, 0.366667]"
d1-omni,typed_invoice_processing,invoice_processing_000049,discrepancy_severity,score,0,0,"[""0"", ""1"", ""2"", ""3""]","[0.4974720998468444, 0.032849670924976655, 0.29395277622131005, 0.17572545300686895]","[0.783333, 0.2, 0.013333, 0.003333]"
d1-omni,typed_invoice_processing,invoice_processing_000049,disposition,choice,0,0,"[""approve"", ""hold"", ""manual_review"", ""reject""]","[0.4318338979280538, 0.17099503185442466, 0.36987862835407725, 0.027292441863444265]","[0.833333, 0.093333, 0.056667, 0.016667]"
d1-omni,typed_invoice_processing,invoice_processing_000049,duplicate,noul,0,0,"[""false"", ""true""]","[0.9896916076540947, 0.010308392345905304]","[0.973333, 0.026667]"
d1-omni,typed_invoice_processing,invoice_processing_000049,matches_order,noul,1,1,"[""false"", ""true""]","[0.40378254652023315, 0.5962174534797668]","[0.063333, 0.936667]"
d1-omni,typed_invoice_processing,invoice_processing_000049,urgency,score,3,1,"[""0"", ""1"", ""2"", ""3""]","[0.1286602375802504, 0.6666496694080384, 0.09421682033912035, 0.11047327267259088]","[0.0, 0.1, 0.45, 0.45]"
d1-omni,typed_invoice_processing,invoice_processing_000050,discrepancy_severity,score,2,0,"[""0"", ""1"", ""2"", ""3""]","[0.46070145187671624, 0.08070389685917208, 0.30570074004826725, 0.15289391121584442]","[0.316667, 0.133333, 0.48, 0.07]"
d1-omni,typed_invoice_processing,invoice_processing_000050,disposition,choice,2,0,"[""approve"", ""hold"", ""manual_review"", ""reject""]","[0.44406388367879085, 0.153046284136638, 0.35410685270558284, 0.04878297947898826]","[0.283333, 0.2, 0.5, 0.016667]"
d1-omni,typed_invoice_processing,invoice_processing_000050,duplicate,noul,0,0,"[""false"", ""true""]","[0.9706631768494844, 0.029336823150515556]","[0.973333, 0.026667]"
d1-omni,typed_invoice_processing,invoice_processing_000050,matches_order,noul,1,1,"[""false"", ""true""]","[0.3859824538230896, 0.6140175461769104]","[0.35, 0.65]"
d1-omni,typed_invoice_processing,invoice_processing_000050,urgency,score,3,1,"[""0"", ""1"", ""2"", ""3""]","[0.12913814379480695, 0.6032887191070425, 0.13741044904903246, 0.13016268804911804]","[0.033333, 0.116667, 0.333333, 0.516667]"
d1-omni,typed_invoice_processing,invoice_processing_000051,discrepancy_severity,score,3,0,"[""0"", ""1"", ""2"", ""3""]","[0.5061892659661102, 0.04862610423979481, 0.27647002398531784, 0.16871460580877712]","[0.01, 0.023333, 0.083333, 0.883333]"
d1-omni,typed_invoice_processing,invoice_processing_000051,disposition,choice,2,2,"[""approve"", ""hold"", ""manual_review"", ""reject""]","[0.38884496616414754, 0.19349206948002415, 0.39658394382040213, 0.021079020535426176]","[0.0, 0.283333, 0.533333, 0.183333]"
d1-omni,typed_invoice_processing,invoice_processing_000051,duplicate,noul,0,0,"[""false"", ""true""]","[0.967392310500145, 0.03260768949985504]","[0.983333, 0.016667]"
d1-omni,typed_invoice_processing,invoice_processing_000051,matches_order,noul,0,1,"[""false"", ""true""]","[0.36395925283432007, 0.6360407471656799]","[0.976667, 0.023333]"
d1-omni,typed_invoice_processing,invoice_processing_000051,urgency,score,3,1,"[""0"", ""1"", ""2"", ""3""]","[0.17706561088562012, 0.5432220101356506, 0.13039763271808624, 0.149314746260643]","[0.0, 0.116667, 0.416667, 0.466667]"
d1-omni,typed_invoice_processing,invoice_processing_000052,discrepancy_severity,score,3,0,"[""0"", ""1"", ""2"", ""3""]","[0.4147557349112312, 0.08792653000300027, 0.3220596635495101, 0.1752580715362584]","[0.016667, 0.05, 0.266667, 0.666667]"
d1-omni,typed_invoice_processing,invoice_processing_000052,disposition,choice,1,0,"[""approve"", ""hold"", ""manual_review"", ""reject""]","[0.4315937951007498, 0.19261933396747086, 0.35144140465420065, 0.02434546627757873]","[0.06, 0.586667, 0.33, 0.023333]"
d1-omni,typed_invoice_processing,invoice_processing_000052,duplicate,noul,0,0,"[""false"", ""true""]","[0.9643969051539898, 0.03560309484601021]","[0.973333, 0.026667]"
d1-omni,typed_invoice_processing,invoice_processing_000052,matches_order,noul,0,0,"[""false"", ""true""]","[0.5294154286384583, 0.47058457136154175]","[0.933333, 0.066667]"
d1-omni,typed_invoice_processing,invoice_processing_000052,urgency,score,2,1,"[""0"", ""1"", ""2"", ""3""]","[0.21565577066457614, 0.555877736868296, 0.1258635055145099, 0.10260298695261796]","[0.006667, 0.11, 0.506667, 0.376667]"
d1-omni,typed_invoice_processing,invoice_processing_000053,discrepancy_severity,score,0,0,"[""0"", ""1"", ""2"", ""3""]","[0.6076725215863067, 0.07441070041672439, 0.24400839573157423, 0.07390838226539466]","[0.85, 0.043333, 0.093333, 0.013333]"
d1-omni,typed_invoice_processing,invoice_processing_000053,disposition,choice,0,0,"[""approve"", ""hold"", ""manual_review"", ""reject""]","[0.5166326453890268, 0.15299066265992797, 0.3143930908884718, 0.01598360106257355]","[0.366667, 0.266667, 0.15, 0.216667]"
d1-omni,typed_invoice_processing,invoice_processing_000053,duplicate,noul,1,1,"[""false"", ""true""]","[0.3707650303840637, 0.6292349696159363]","[0.44, 0.56]"
d1-omni,typed_invoice_processing,invoice_processing_000053,matches_order,noul,1,1,"[""false"", ""true""]","[0.23109251260757446, 0.7689074873924255]","[0.033333, 0.966667]"
d1-omni,typed_invoice_processing,invoice_processing_000053,urgency,score,1,1,"[""0"", ""1"", ""2"", ""3""]","[0.20376258177626513, 0.5766508917517561, 0.11239563171287037, 0.10719089475910835]","[0.146667, 0.693333, 0.136667, 0.023333]"
d1-omni,typed_invoice_processing,invoice_processing_000054,discrepancy_severity,score,3,0,"[""0"", ""1"", ""2"", ""3""]","[0.4965063483564154, 0.06590327424099224, 0.18830540215058916, 0.24928497525200322]","[0.01, 0.073333, 0.216667, 0.7]"
d1-omni,typed_invoice_processing,invoice_processing_000054,disposition,choice,2,0,"[""approve"", ""hold"", ""manual_review"", ""reject""]","[0.38803053769537516, 0.23107149223398027, 0.33403036744960474, 0.046867602621039804]","[0.066667, 0.283333, 0.583333, 0.066667]"
d1-omni,typed_invoice_processing,invoice_processing_000054,duplicate,noul,0,0,"[""false"", ""true""]","[0.9681598916649818, 0.03184010833501816]","[0.98, 0.02]"
d1-omni,typed_invoice_processing,invoice_processing_000054,matches_order,noul,0,1,"[""false"", ""true""]","[0.39951759576797485, 0.6004824042320251]","[0.933333, 0.066667]"
d1-omni,typed_invoice_processing,invoice_processing_000054,urgency,score,2,1,"[""0"", ""1"", ""2"", ""3""]","[0.07597934454679489, 0.6820092797279358, 0.13743266463279724, 0.10457871109247208]","[0.023333, 0.383333, 0.493333, 0.1]"
d1-omni,typed_invoice_processing,invoice_processing_000055,discrepancy_severity,score,0,0,"[""0"", ""1"", ""2"", ""3""]","[0.4917049023292849, 0.04326555166923782, 0.3152526370424577, 0.1497769089590196]","[0.97, 0.02, 0.006667, 0.003333]"
d1-omni,typed_invoice_processing,invoice_processing_000055,disposition,choice,0,0,"[""approve"", ""hold"", ""manual_review"", ""reject""]","[0.39535651789178006, 0.20539197937822282, 0.38020957649378706, 0.019041926236210056]","[0.95, 0.023333, 0.02, 0.006667]"
d1-omni,typed_invoice_processing,invoice_processing_000055,duplicate,noul,0,0,"[""false"", ""true""]","[0.9724187478423119, 0.02758125215768814]","[0.983333, 0.016667]"
d1-omni,typed_invoice_processing,invoice_processing_000055,matches_order,noul,1,1,"[""false"", ""true""]","[0.32524096965789795, 0.674759030342102]","[0.013333, 0.986667]"
d1-omni,typed_invoice_processing,invoice_processing_000055,urgency,score,2,1,"[""0"", ""1"", ""2"", ""3""]","[0.18474139273166656, 0.5859634280204773, 0.11128348857164383, 0.11801169067621231]","[0.033333, 0.216667, 0.65, 0.1]"
d1-omni,typed_invoice_processing,invoice_processing_000056,discrepancy_severity,score,2,0,"[""0"", ""1"", ""2"", ""3""]","[0.4444615079302045, 0.0914590982037514, 0.29864672716399215, 0.16543266670205195]","[0.166667, 0.166667, 0.566667, 0.1]"
d1-omni,typed_invoice_processing,invoice_processing_000056,disposition,choice,2,2,"[""approve"", ""hold"", ""manual_review"", ""reject""]","[0.34782481582267005, 0.23948371678013783, 0.36759558730865555, 0.04509588008853659]","[0.083333, 0.266667, 0.613333, 0.036667]"
d1-omni,typed_invoice_processing,invoice_processing_000056,duplicate,noul,0,0,"[""false"", ""true""]","[0.9657741226255894, 0.03422587737441063]","[0.986667, 0.013333]"
d1-omni,typed_invoice_processing,invoice_processing_000056,matches_order,noul,1,1,"[""false"", ""true""]","[0.4051942229270935, 0.5948057770729065]","[0.316667, 0.683333]"
d1-omni,typed_invoice_processing,invoice_processing_000056,urgency,score,2,1,"[""0"", ""1"", ""2"", ""3""]","[0.21197382158158026, 0.5450010056048182, 0.13571366061060158, 0.10731151220299993]","[0.033333, 0.316667, 0.566667, 0.083333]"
d1-omni,typed_invoice_processing,invoice_processing_000057,discrepancy_severity,score,0,0,"[""0"", ""1"", ""2"", ""3""]","[0.6423695611688917, 0.03856044592082002, 0.21874594443947884, 0.10032404847080952]","[0.826667, 0.136667, 0.03, 0.006667]"
d1-omni,typed_invoice_processing,invoice_processing_000057,disposition,choice,0,0,"[""approve"", ""hold"", ""manual_review"", ""reject""]","[0.5295709371566772, 0.15627606213092804, 0.27225401997566223, 0.04189898073673248]","[0.823333, 0.09, 0.076667, 0.01]"
d1-omni,typed_invoice_processing,invoice_processing_000057,duplicate,noul,0,0,"[""false"", ""true""]","[0.9709765482693911, 0.02902345173060894]","[0.98, 0.02]"
d1-omni,typed_invoice_processing,invoice_processing_000057,matches_order,noul,1,1,"[""false"", ""true""]","[0.20791620016098022, 0.7920837998390198]","[0.036667, 0.963333]"
d1-omni,typed_invoice_processing,invoice_processing_000057,urgency,score,2,1,"[""0"", ""1"", ""2"", ""3""]","[0.12484206352265226, 0.6566146065042511, 0.14118903980544983, 0.07735429016764678]","[0.023333, 0.266667, 0.633333, 0.076667]"
d1-omni,typed_invoice_processing,invoice_processing_000058,discrepancy_severity,score,3,0,"[""0"", ""1"", ""2"", ""3""]","[0.39598612177330617, 0.05006589144664679, 0.18619888085719588, 0.36774910592285115]","[0.006667, 0.026667, 0.166667, 0.8]"
d1-omni,typed_invoice_processing,invoice_processing_000058,disposition,choice,2,0,"[""approve"", ""hold"", ""manual_review"", ""reject""]","[0.39857952291442167, 0.2039483265559497, 0.352681828762659, 0.04479032176696963]","[0.0, 0.166667, 0.75, 0.083333]"
d1-omni,typed_invoice_processing,invoice_processing_000058,duplicate,noul,0,0,"[""false"", ""true""]","[0.9401656053960323, 0.05983439460396767]","[0.976667, 0.023333]"
d1-omni,typed_invoice_processing,invoice_processing_000058,matches_order,noul,0,1,"[""false"", ""true""]","[0.31119275093078613, 0.6888072490692139]","[0.983333, 0.016667]"
d1-omni,typed_invoice_processing,invoice_processing_000058,urgency,score,1,1,"[""0"", ""1"", ""2"", ""3""]","[0.23206218558410885, 0.5314546704712211, 0.12084407834312144, 0.11563906560154857]","[0.3, 0.4, 0.263333, 0.036667]"
d1-omni,typed_invoice_processing,invoice_processing_000059,discrepancy_severity,score,3,2,"[""0"", ""1"", ""2"", ""3""]","[0.238293052417454, 0.10013365148701361, 0.43876058228250847, 0.22281271381302395]","[0.02, 0.07, 0.183333, 0.726667]"
d1-omni,typed_invoice_processing,invoice_processing_000059,disposition,choice,1,2,"[""approve"", ""hold"", ""manual_review"", ""reject""]","[0.3862183535925431, 0.1572051106842276, 0.4369755848115528, 0.019600950911676546]","[0.05, 0.466667, 0.4, 0.083333]"
d1-omni,typed_invoice_processing,invoice_processing_000059,duplicate,noul,0,0,"[""false"", ""true""]","[0.9662885516881943, 0.033711448311805725]","[0.95, 0.05]"
d1-omni,typed_invoice_processing,invoice_processing_000059,matches_order,noul,0,0,"[""false"", ""true""]","[0.5163305699825287, 0.4836694300174713]","[0.9, 0.1]"
d1-omni,typed_invoice_processing,invoice_processing_000059,urgency,score,3,1,"[""0"", ""1"", ""2"", ""3""]","[0.13977803738578876, 0.6136834760246072, 0.14475632125464669, 0.10178216533495744]","[0.013333, 0.086667, 0.433333, 0.466667]"
d1-omni,typed_invoice_processing,invoice_processing_000060,discrepancy_severity,score,2,0,"[""0"", ""1"", ""2"", ""3""]","[0.5660869094016742, 0.07417633660794558, 0.14969818851717517, 0.21003856547320507]","[0.326667, 0.006667, 0.533333, 0.133333]"
d1-omni,typed_invoice_processing,invoice_processing_000060,disposition,choice,2,0,"[""approve"", ""hold"", ""manual_review"", ""reject""]","[0.45075314229533503, 0.2023664965696671, 0.2847830589536639, 0.062097302181333996]","[0.333333, 0.05, 0.616667, 0.0]"
d1-omni,typed_invoice_processing,invoice_processing_000060,duplicate,noul,0,0,"[""false"", ""true""]","[0.9792375545948744, 0.020762445405125618]","[0.98, 0.02]"
d1-omni,typed_invoice_processing,invoice_processing_000060,matches_order,noul,0,1,"[""false"", ""true""]","[0.33388400077819824, 0.6661159992218018]","[0.673333, 0.326667]"
d1-omni,typed_invoice_processing,invoice_processing_000060,urgency,score,1,1,"[""0"", ""1"", ""2"", ""3""]","[0.14186235522451635, 0.6329349545348832, 0.12931967597277663, 0.09588301426782385]","[0.033333, 0.9, 0.066667, 0.0]"
d1-omni,typed_invoice_processing,invoice_processing_000061,discrepancy_severity,score,3,0,"[""0"", ""1"", ""2"", ""3""]","[0.41745383480460574, 0.06906094556438055, 0.13859011542625982, 0.37489510420475386]","[0.016667, 0.033333, 0.366667, 0.583333]"
d1-omni,typed_invoice_processing,invoice_processing_000061,disposition,choice,2,2,"[""approve"", ""hold"", ""manual_review"", ""reject""]","[0.32019153595184763, 0.23148010929837945, 0.38993889529189724, 0.05838945945787571]","[0.1, 0.216667, 0.65, 0.033333]"
d1-omni,typed_invoice_processing,invoice_processing_000061,duplicate,noul,0,0,"[""false"", ""true""]","[0.9079740270972252, 0.09202597290277481]","[0.963333, 0.036667]"
d1-omni,typed_invoice_processing,invoice_processing_000061,matches_order,noul,0,1,"[""false"", ""true""]","[0.4393500089645386, 0.5606499910354614]","[0.95, 0.05]"
d1-omni,typed_invoice_processing,invoice_processing_000061,urgency,score,2,1,"[""0"", ""1"", ""2"", ""3""]","[0.17031840091773268, 0.5892764022578685, 0.13331281443543955, 0.10709238238895925]","[0.016667, 0.15, 0.5, 0.333333]"
d1-omni,typed_invoice_processing,invoice_processing_000062,discrepancy_severity,score,0,0,"[""0"", ""1"", ""2"", ""3""]","[0.6617578753161787, 0.025415064340949842, 0.24069882525822253, 0.07212823508464895]","[0.933333, 0.053333, 0.01, 0.003333]"
d1-omni,typed_invoice_processing,invoice_processing_000062,disposition,choice,0,0,"[""approve"", ""hold"", ""manual_review"", ""reject""]","[0.5271550909893057, 0.17600741638228692, 0.28419008295238785, 0.012647409676019471]","[0.666667, 0.11, 0.153333, 0.07]"
d1-omni,typed_invoice_processing,invoice_processing_000062,duplicate,noul,0,1,"[""false"", ""true""]","[0.4442300796508789, 0.5557699203491211]","[0.64, 0.36]"
d1-omni,typed_invoice_processing,invoice_processing_000062,matches_order,noul,1,1,"[""false"", ""true""]","[0.2867295742034912, 0.7132704257965088]","[0.036667, 0.963333]"
d1-omni,typed_invoice_processing,invoice_processing_000062,urgency,score,1,1,"[""0"", ""1"", ""2"", ""3""]","[0.1335180153518176, 0.6202389232903318, 0.1364127746378174, 0.10983028672003324]","[0.216667, 0.643333, 0.116667, 0.023333]"
d1-omni,typed_invoice_processing,invoice_processing_000063,discrepancy_severity,score,0,0,"[""0"", ""1"", ""2"", ""3""]","[0.677539868348009, 0.02373726443772575, 0.22903564532699425, 0.069687221887271]","[0.666667, 0.096667, 0.203333, 0.033333]"
d1-omni,typed_invoice_processing,invoice_processing_000063,disposition,choice,0,0,"[""approve"", ""hold"", ""manual_review"", ""reject""]","[0.43220596779466997, 0.21491883325898523, 0.2935610268632113, 0.05931417208313349]","[0.673333, 0.08, 0.226667, 0.02]"
d1-omni,typed_invoice_processing,invoice_processing_000063,duplicate,noul,0,0,"[""false"", ""true""]","[0.9622491933405399, 0.03775080665946007]","[0.99, 0.01]"
d1-omni,typed_invoice_processing,invoice_processing_000063,matches_order,noul,1,1,"[""false"", ""true""]","[0.297882080078125, 0.702117919921875]","[0.283333, 0.716667]"
d1-omni,typed_invoice_processing,invoice_processing_000063,urgency,score,1,1,"[""0"", ""1"", ""2"", ""3""]","[0.1525414493881706, 0.5995790585718698, 0.16103532020134181, 0.08684417183861777]","[0.08, 0.793333, 0.116667, 0.01]"
d1-omni,typed_invoice_processing,invoice_processing_000064,discrepancy_severity,score,0,0,"[""0"", ""1"", ""2"", ""3""]","[0.35829425925893366, 0.06291091629597295, 0.34901247468627916, 0.22978234975881426]","[0.966667, 0.023333, 0.01, 0.0]"
d1-omni,typed_invoice_processing,invoice_processing_000064,disposition,choice,0,0,"[""approve"", ""hold"", ""manual_review"", ""reject""]","[0.5424492813753151, 0.13053023474770917, 0.2954130095694547, 0.031607474307520984]","[0.66, 0.05, 0.09, 0.2]"
d1-omni,typed_invoice_processing,invoice_processing_000064,duplicate,noul,0,1,"[""false"", ""true""]","[0.3472585082054138, 0.6527414917945862]","[0.716667, 0.283333]"
d1-omni,typed_invoice_processing,invoice_processing_000064,matches_order,noul,1,1,"[""false"", ""true""]","[0.23594379425048828, 0.7640562057495117]","[0.006667, 0.993333]"
d1-omni,typed_invoice_processing,invoice_processing_000064,urgency,score,2,1,"[""0"", ""1"", ""2"", ""3""]","[0.1233086492110185, 0.6209655085637648, 0.12569796110829537, 0.13002788111692135]","[0.016667, 0.216667, 0.683333, 0.083333]"
d1-omni,typed_invoice_processing,invoice_processing_000065,discrepancy_severity,score,0,0,"[""0"", ""1"", ""2"", ""3""]","[0.6014233634830286, 0.06658693849505817, 0.11486610050346631, 0.21712359751844687]","[0.8, 0.15, 0.043333, 0.006667]"
d1-omni,typed_invoice_processing,invoice_processing_000065,disposition,choice,0,0,"[""approve"", ""hold"", ""manual_review"", ""reject""]","[0.49274006761278993, 0.18209220570749904, 0.3134894388550302, 0.011678287824680774]","[0.86, 0.08, 0.053333, 0.006667]"
d1-omni,typed_invoice_processing,invoice_processing_000065,duplicate,noul,0,0,"[""false"", ""true""]","[0.9671604298055172, 0.0328395701944828]","[0.98, 0.02]"
d1-omni,typed_invoice_processing,invoice_processing_000065,matches_order,noul,1,1,"[""false"", ""true""]","[0.4499865174293518, 0.5500134825706482]","[0.083333, 0.916667]"
d1-omni,typed_invoice_processing,invoice_processing_000065,urgency,score,3,1,"[""0"", ""1"", ""2"", ""3""]","[0.10973598553550179, 0.5748872417906183, 0.19715232538367772, 0.11822444729020211]","[0.01, 0.09, 0.366667, 0.533333]"
d1-omni,typed_invoice_processing,invoice_processing_000066,discrepancy_severity,score,0,0,"[""0"", ""1"", ""2"", ""3""]","[0.636884019444495, 0.045670500866983064, 0.19101146926705234, 0.12643401042146957]","[0.36, 0.273333, 0.326667, 0.04]"
d1-omni,typed_invoice_processing,invoice_processing_000066,disposition,choice,0,0,"[""approve"", ""hold"", ""manual_review"", ""reject""]","[0.4742341273338423, 0.17102621256802866, 0.3428590249802122, 0.011880635117916831]","[0.46, 0.146667, 0.376667, 0.016667]"
d1-omni,typed_invoice_processing,invoice_processing_000066,duplicate,noul,0,0,"[""false"", ""true""]","[0.9877496110275388, 0.012250388972461224]","[0.973333, 0.026667]"
d1-omni,typed_invoice_processing,invoice_processing_000066,matches_order,noul,1,1,"[""false"", ""true""]","[0.4391334652900696, 0.5608665347099304]","[0.376667, 0.623333]"
d1-omni,typed_invoice_processing,invoice_processing_000066,urgency,score,2,1,"[""0"", ""1"", ""2"", ""3""]","[0.11493719343517168, 0.6977101096556262, 0.09769243091917129, 0.08966026599003081]","[0.02, 0.113333, 0.466667, 0.4]"
d1-omni,typed_invoice_processing,invoice_processing_000067,discrepancy_severity,score,0,0,"[""0"", ""1"", ""2"", ""3""]","[0.4528075585958526, 0.0647715380500429, 0.2922663877805178, 0.1901545155735867]","[0.956667, 0.03, 0.01, 0.003333]"
d1-omni,typed_invoice_processing,invoice_processing_000067,disposition,choice,0,0,"[""approve"", ""hold"", ""manual_review"", ""reject""]","[0.39750474987555107, 0.22916798464333998, 0.3279589737054629, 0.045368291775646]","[0.94, 0.036667, 0.02, 0.003333]"
d1-omni,typed_invoice_processing,invoice_processing_000067,duplicate,noul,0,0,"[""false"", ""true""]","[0.9850110188126564, 0.014988981187343597]","[0.98, 0.02]"
d1-omni,typed_invoice_processing,invoice_processing_000067,matches_order,noul,1,1,"[""false"", ""true""]","[0.3438127040863037, 0.6561872959136963]","[0.023333, 0.976667]"
d1-omni,typed_invoice_processing,invoice_processing_000067,urgency,score,3,1,"[""0"", ""1"", ""2"", ""3""]","[0.16000712633164793, 0.5523523935237107, 0.14276493233881588, 0.1448755478058255]","[0.006667, 0.06, 0.466667, 0.466667]"
d1-omni,typed_invoice_processing,invoice_processing_000068,discrepancy_severity,score,2,0,"[""0"", ""1"", ""2"", ""3""]","[0.5879386882461118, 0.09802358962683341, 0.1797249235110329, 0.13431279861602183]","[0.050017, 0.183417, 0.633534, 0.133033]"
d1-omni,typed_invoice_processing,invoice_processing_000068,disposition,choice,2,0,"[""approve"", ""hold"", ""manual_review"", ""reject""]","[0.4439106641474639, 0.23160386387487322, 0.30317199625485386, 0.021313475722809005]","[0.116667, 0.25, 0.616667, 0.016667]"
d1-omni,typed_invoice_processing,invoice_processing_000068,duplicate,noul,0,0,"[""false"", ""true""]","[0.9369211494922638, 0.0630788505077362]","[0.966333, 0.033667]"
d1-omni,typed_invoice_processing,invoice_processing_000068,matches_order,noul,0,1,"[""false"", ""true""]","[0.42471879720687866, 0.5752812027931213]","[0.883333, 0.116667]"
d1-omni,typed_invoice_processing,invoice_processing_000068,urgency,score,2,1,"[""0"", ""1"", ""2"", ""3""]","[0.1544304702383845, 0.6415270233780044, 0.14173335417757518, 0.06230915220603598]","[0.066667, 0.25, 0.6, 0.083333]"
d1-omni,typed_invoice_processing,invoice_processing_000069,discrepancy_severity,score,0,0,"[""0"", ""1"", ""2"", ""3""]","[0.5106689181724513, 0.1069925395550567, 0.24502786263740473, 0.13731067963508725]","[0.983333, 0.01, 0.006667, 0.0]"
d1-omni,typed_invoice_processing,invoice_processing_000069,disposition,choice,0,0,"[""approve"", ""hold"", ""manual_review"", ""reject""]","[0.5373474409556709, 0.1926415133536003, 0.24004708454056722, 0.02996396115016156]","[0.943333, 0.033333, 0.016667, 0.006667]"
d1-omni,typed_invoice_processing,invoice_processing_000069,duplicate,noul,0,0,"[""false"", ""true""]","[0.9578240215778351, 0.04217597842216492]","[0.986667, 0.013333]"
d1-omni,typed_invoice_processing,invoice_processing_000069,matches_order,noul,1,1,"[""false"", ""true""]","[0.2819889783859253, 0.7180110216140747]","[0.01, 0.99]"
d1-omni,typed_invoice_processing,invoice_processing_000069,urgency,score,3,1,"[""0"", ""1"", ""2"", ""3""]","[0.11110822525278573, 0.7034837269590694, 0.09824405231490926, 0.08716399547323568]","[0.0, 0.033333, 0.483333, 0.483333]"
d1-omni,typed_invoice_processing,invoice_processing_000070,discrepancy_severity,score,3,0,"[""0"", ""1"", ""2"", ""3""]","[0.6696789142634696, 0.05900052979964788, 0.17968517323590177, 0.09163538270098072]","[0.0, 0.016667, 0.1, 0.883333]"
d1-omni,typed_invoice_processing,invoice_processing_000070,disposition,choice,2,0,"[""approve"", ""hold"", ""manual_review"", ""reject""]","[0.4561039839394687, 0.13488976757891302, 0.3994377285200188, 0.009568519961599409]","[0.013333, 0.283333, 0.633333, 0.07]"
d1-omni,typed_invoice_processing,invoice_processing_000070,duplicate,noul,0,0,"[""false"", ""true""]","[0.9895008914172649, 0.010499108582735062]","[0.99, 0.01]"
d1-omni,typed_invoice_processing,invoice_processing_000070,matches_order,noul,0,1,"[""false"", ""true""]","[0.3694201111793518, 0.6305798888206482]","[0.976667, 0.023333]"
d1-omni,typed_invoice_processing,invoice_processing_000070,urgency,score,1,1,"[""0"", ""1"", ""2"", ""3""]","[0.15554185443433902, 0.5576329314355989, 0.1453552565776595, 0.14146995755240258]","[0.05, 0.633333, 0.283333, 0.033333]"
d1-omni,typed_invoice_processing,invoice_processing_000071,discrepancy_severity,score,2,0,"[""0"", ""1"", ""2"", ""3""]","[0.641918055989764, 0.0491601782013456, 0.12732550359526087, 0.18159626221362954]","[0.133333, 0.25, 0.516667, 0.1]"
d1-omni,typed_invoice_processing,invoice_processing_000071,disposition,choice,1,0,"[""approve"", ""hold"", ""manual_review"", ""reject""]","[0.43209801333741044, 0.197472966565927, 0.34270720269613253, 0.02772181740053001]","[0.2, 0.45, 0.323333, 0.026667]"
d1-omni,typed_invoice_processing,invoice_processing_000071,duplicate,noul,0,0,"[""false"", ""true""]","[0.9924005558714271, 0.007599444128572941]","[0.986667, 0.013333]"
d1-omni,typed_invoice_processing,invoice_processing_000071,matches_order,noul,1,1,"[""false"", ""true""]","[0.4309772849082947, 0.5690227150917053]","[0.15, 0.85]"
d1-omni,typed_invoice_processing,invoice_processing_000071,urgency,score,2,1,"[""0"", ""1"", ""2"", ""3""]","[0.09085220504636489, 0.6188109197681063, 0.16999576255660187, 0.1203411126289269]","[0.043333, 0.416667, 0.5, 0.04]"
d1-omni,typed_invoice_processing,invoice_processing_000072,discrepancy_severity,score,3,0,"[""0"", ""1"", ""2"", ""3""]","[0.4550390006208941, 0.1193882537207173, 0.2865298836997957, 0.1390428619585929]","[0.03, 0.053333, 0.15, 0.766667]"
d1-omni,typed_invoice_processing,invoice_processing_000072,disposition,choice,1,0,"[""approve"", ""hold"", ""manual_review"", ""reject""]","[0.4661566508104025, 0.1556954596662896, 0.35422445795114726, 0.023923431572160675]","[0.023333, 0.7, 0.25, 0.026667]"
d1-omni,typed_invoice_processing,invoice_processing_000072,duplicate,noul,0,0,"[""false"", ""true""]","[0.9727080520242453, 0.027291947975754738]","[0.986667, 0.013333]"
d1-omni,typed_invoice_processing,invoice_processing_000072,matches_order,noul,0,0,"[""false"", ""true""]","[0.5522606670856476, 0.4477393329143524]","[0.933333, 0.066667]"
d1-omni,typed_invoice_processing,invoice_processing_000072,urgency,score,1,1,"[""0"", ""1"", ""2"", ""3""]","[0.17801822425547256, 0.6267887774191722, 0.12004898548454694, 0.0751440128408083]","[0.066667, 0.65, 0.266667, 0.016667]"
d1-omni,typed_invoice_processing,invoice_processing_000073,discrepancy_severity,score,3,0,"[""0"", ""1"", ""2"", ""3""]","[0.38908475927326647, 0.08784326231362866, 0.24025148332306356, 0.28282049509004126]","[0.003333, 0.03, 0.1, 0.866667]"
d1-omni,typed_invoice_processing,invoice_processing_000073,disposition,choice,2,0,"[""approve"", ""hold"", ""manual_review"", ""reject""]","[0.4528573751449585, 0.1745678037405014, 0.32972484827041626, 0.04284997284412384]","[0.0, 0.216667, 0.716667, 0.066667]"
d1-omni,typed_invoice_processing,invoice_processing_000073,duplicate,noul,0,0,"[""false"", ""true""]","[0.9710054323077202, 0.028994567692279816]","[0.973333, 0.026667]"
d1-omni,typed_invoice_processing,invoice_processing_000073,matches_order,noul,0,1,"[""false"", ""true""]","[0.4311389923095703, 0.5688610076904297]","[0.976667, 0.023333]"
d1-omni,typed_invoice_processing,invoice_processing_000073,urgency,score,2,1,"[""0"", ""1"", ""2"", ""3""]","[0.11277749484609774, 0.6153268080448216, 0.12943030368017433, 0.1424653934289063]","[0.016667, 0.25, 0.6, 0.133333]"
d1-omni,typed_invoice_processing,invoice_processing_000074,discrepancy_severity,score,0,0,"[""0"", ""1"", ""2"", ""3""]","[0.5836577881055075, 0.0677863716828889, 0.13882481741551717, 0.20973102279608646]","[0.693333, 0.003333, 0.235, 0.068333]"
d1-omni,typed_invoice_processing,invoice_processing_000074,disposition,choice,0,0,"[""approve"", ""hold"", ""manual_review"", ""reject""]","[0.5127324385533863, 0.17658960556105366, 0.2939279631685024, 0.016749992717057575]","[0.64, 0.053333, 0.286667, 0.02]"
d1-omni,typed_invoice_processing,invoice_processing_000074,duplicate,noul,0,0,"[""false"", ""true""]","[0.9829883258789778, 0.017011674121022224]","[0.973333, 0.026667]"
d1-omni,typed_invoice_processing,invoice_processing_000074,matches_order,noul,1,1,"[""false"", ""true""]","[0.36140239238739014, 0.6385976076126099]","[0.29, 0.71]"
d1-omni,typed_invoice_processing,invoice_processing_000074,urgency,score,2,1,"[""0"", ""1"", ""2"", ""3""]","[0.06664576331789968, 0.6773258397182387, 0.1411905129165164, 0.11483788404734518]","[0.0, 0.066667, 0.566667, 0.366667]"
d1-omni,typed_invoice_processing,invoice_processing_000075,discrepancy_severity,score,0,0,"[""0"", ""1"", ""2"", ""3""]","[0.6332501462390575, 0.05974306249372731, 0.16483323967891889, 0.14217355158829625]","[0.966667, 0.026667, 0.006333, 0.000333]"
d1-omni,typed_invoice_processing,invoice_processing_000075,disposition,choice,0,0,"[""approve"", ""hold"", ""manual_review"", ""reject""]","[0.5155083421876652, 0.1717589459175107, 0.264378124526632, 0.04835458736819206]","[0.956865, 0.019901, 0.01495, 0.008284]"
d1-omni,typed_invoice_processing,invoice_processing_000075,duplicate,noul,0,0,"[""false"", ""true""]","[0.96009536460042, 0.03990463539958]","[0.99, 0.01]"
d1-omni,typed_invoice_processing,invoice_processing_000075,matches_order,noul,1,1,"[""false"", ""true""]","[0.3511708974838257, 0.6488291025161743]","[0.016667, 0.983333]"
d1-omni,typed_invoice_processing,invoice_processing_000075,urgency,score,1,1,"[""0"", ""1"", ""2"", ""3""]","[0.12353898961725862, 0.6061800537651761, 0.1645636509488925, 0.10571730566867275]","[0.016667, 0.55, 0.416667, 0.016667]"
d1-omni,typed_invoice_processing,invoice_processing_000076,discrepancy_severity,score,3,0,"[""0"", ""1"", ""2"", ""3""]","[0.49848100171624865, 0.10671840528608556, 0.28315275696551234, 0.11164783603215339]","[0.01, 0.023333, 0.383333, 0.583333]"
d1-omni,typed_invoice_processing,invoice_processing_000076,disposition,choice,2,2,"[""approve"", ""hold"", ""manual_review"", ""reject""]","[0.3802421774024258, 0.20274036085770342, 0.3844429936508013, 0.032574468089069455]","[0.033333, 0.316667, 0.616667, 0.033333]"
d1-omni,typed_invoice_processing,invoice_processing_000076,duplicate,noul,0,0,"[""false"", ""true""]","[0.9552919380366802, 0.04470806196331978]","[0.966667, 0.033333]"
d1-omni,typed_invoice_processing,invoice_processing_000076,matches_order,noul,0,0,"[""false"", ""true""]","[0.9030612632632256, 0.09693873673677444]","[0.9, 0.1]"
d1-omni,typed_invoice_processing,invoice_processing_000076,urgency,score,2,1,"[""0"", ""1"", ""2"", ""3""]","[0.14321565418383367, 0.5616534258413397, 0.17449723254119448, 0.12063368743363208]","[0.006667, 0.2, 0.666667, 0.126667]"
d1-omni,typed_invoice_processing,invoice_processing_000077,discrepancy_severity,score,3,0,"[""0"", ""1"", ""2"", ""3""]","[0.5609370595426201, 0.09924521519046758, 0.2128803330558613, 0.1269373922110511]","[0.006667, 0.076667, 0.25, 0.666667]"
d1-omni,typed_invoice_processing,invoice_processing_000077,disposition,choice,2,0,"[""approve"", ""hold"", ""manual_review"", ""reject""]","[0.37305610059452504, 0.23583846848481008, 0.28096879784623374, 0.11013663307443111]","[0.05, 0.416667, 0.466667, 0.066667]"
d1-omni,typed_invoice_processing,invoice_processing_000077,duplicate,noul,0,0,"[""false"", ""true""]","[0.9430333003401756, 0.05696669965982437]","[0.96, 0.04]"
d1-omni,typed_invoice_processing,invoice_processing_000077,matches_order,noul,0,1,"[""false"", ""true""]","[0.3956618905067444, 0.6043381094932556]","[0.876667, 0.123333]"
d1-omni,typed_invoice_processing,invoice_processing_000077,urgency,score,2,1,"[""0"", ""1"", ""2"", ""3""]","[0.08298773507111061, 0.6599738155322944, 0.14511094014347747, 0.11192750925311756]","[0.033333, 0.383333, 0.383333, 0.2]"
d1-omni,typed_invoice_processing,invoice_processing_000078,discrepancy_severity,score,3,0,"[""0"", ""1"", ""2"", ""3""]","[0.6340320139498699, 0.060470322328479084, 0.13252063400858932, 0.17297702971306178]","[0.0, 0.0, 0.2, 0.8]"
d1-omni,typed_invoice_processing,invoice_processing_000078,disposition,choice,2,2,"[""approve"", ""hold"", ""manual_review"", ""reject""]","[0.29838896131205145, 0.2751941115617094, 0.3721738797296645, 0.0542430473965747]","[0.016667, 0.233333, 0.716667, 0.033333]"
d1-omni,typed_invoice_processing,invoice_processing_000078,duplicate,noul,0,0,"[""false"", ""true""]","[0.9712314438074827, 0.02876855619251728]","[0.96, 0.04]"
d1-omni,typed_invoice_processing,invoice_processing_000078,matches_order,noul,0,1,"[""false"", ""true""]","[0.37574559450149536, 0.6242544054985046]","[0.983333, 0.016667]"
d1-omni,typed_invoice_processing,invoice_processing_000078,urgency,score,1,1,"[""0"", ""1"", ""2"", ""3""]","[0.19979364872286248, 0.5316798011708289, 0.14032195299384068, 0.12820459711246793]","[0.05, 0.5, 0.25, 0.2]"
d1-omni,typed_invoice_processing,invoice_processing_000079,discrepancy_severity,score,3,0,"[""0"", ""1"", ""2"", ""3""]","[0.3964060409384461, 0.05191682864384769, 0.31267316430585385, 0.23900396611185232]","[0.0, 0.033333, 0.093333, 0.873333]"
d1-omni,typed_invoice_processing,invoice_processing_000079,disposition,choice,2,2,"[""approve"", ""hold"", ""manual_review"", ""reject""]","[0.3075989123739525, 0.23576567584011252, 0.4291146011645708, 0.027520810621364196]","[0.02, 0.3, 0.61, 0.07]"
d1-omni,typed_invoice_processing,invoice_processing_000079,duplicate,noul,0,0,"[""false"", ""true""]","[0.9637191817164421, 0.03628081828355789]","[0.97, 0.03]"
d1-omni,typed_invoice_processing,invoice_processing_000079,matches_order,noul,0,1,"[""false"", ""true""]","[0.344391405582428, 0.655608594417572]","[0.963333, 0.036667]"
d1-omni,typed_invoice_processing,invoice_processing_000079,urgency,score,3,1,"[""0"", ""1"", ""2"", ""3""]","[0.2410307788695279, 0.47584246880050796, 0.1395658680861314, 0.14356088424383276]","[0.016667, 0.1, 0.433333, 0.45]"
d1-omni,typed_invoice_processing,invoice_processing_000080,discrepancy_severity,score,3,0,"[""0"", ""1"", ""2"", ""3""]","[0.4807535374108438, 0.044859505855593784, 0.260878680192838, 0.21350827654072435]","[0.006667, 0.06, 0.25, 0.683333]"
d1-omni,typed_invoice_processing,invoice_processing_000080,disposition,choice,1,0,"[""approve"", ""hold"", ""manual_review"", ""reject""]","[0.3871926347976999, 0.2221451964706394, 0.37378987586730245, 0.016872292864358266]","[0.036667, 0.47, 0.46, 0.033333]"
d1-omni,typed_invoice_processing,invoice_processing_000080,duplicate,noul,0,0,"[""false"", ""true""]","[0.9387068636715412, 0.061293136328458786]","[0.98, 0.02]"
d1-omni,typed_invoice_processing,invoice_processing_000080,matches_order,noul,0,1,"[""false"", ""true""]","[0.3273666501045227, 0.6726333498954773]","[0.943333, 0.056667]"
d1-omni,typed_invoice_processing,invoice_processing_000080,urgency,score,2,1,"[""0"", ""1"", ""2"", ""3""]","[0.18013643533601323, 0.5793136021188021, 0.13553526113339937, 0.10501470141178525]","[0.016667, 0.2, 0.533333, 0.25]"
d1-omni,typed_invoice_processing,invoice_processing_000081,discrepancy_severity,score,0,0,"[""0"", ""1"", ""2"", ""3""]","[0.6265177960141672, 0.03403786696634691, 0.1422790490939859, 0.19716528792549998]","[0.94, 0.043333, 0.016667, 0.0]"
d1-omni,typed_invoice_processing,invoice_processing_000081,disposition,choice,0,0,"[""approve"", ""hold"", ""manual_review"", ""reject""]","[0.3710544663922362, 0.24525774741257264, 0.3410195670162935, 0.042668219178897675]","[0.833333, 0.09, 0.066667, 0.01]"
d1-omni,typed_invoice_processing,invoice_processing_000081,duplicate,noul,0,0,"[""false"", ""true""]","[0.9544140286743641, 0.04558597132563591]","[0.946667, 0.053333]"
d1-omni,typed_invoice_processing,invoice_processing_000081,matches_order,noul,1,1,"[""false"", ""true""]","[0.24861007928848267, 0.7513899207115173]","[0.036667, 0.963333]"
d1-omni,typed_invoice_processing,invoice_processing_000081,urgency,score,2,1,"[""0"", ""1"", ""2"", ""3""]","[0.1669250242354343, 0.6016602977739208, 0.1390262960115158, 0.09238838197912912]","[0.02, 0.283333, 0.633333, 0.063333]"
d1-omni,typed_invoice_processing,invoice_processing_000082,discrepancy_severity,score,0,0,"[""0"", ""1"", ""2"", ""3""]","[0.5451812361344807, 0.01611233379386181, 0.2846398166891861, 0.1540666133824715]","[0.866667, 0.11, 0.02, 0.003333]"
d1-omni,typed_invoice_processing,invoice_processing_000082,disposition,choice,0,2,"[""approve"", ""hold"", ""manual_review"", ""reject""]","[0.3812420467611191, 0.1738064185404961, 0.414385687189921, 0.030565847508463757]","[0.84, 0.09, 0.06, 0.01]"
d1-omni,typed_invoice_processing,invoice_processing_000082,duplicate,noul,0,0,"[""false"", ""true""]","[0.982651898637414, 0.01734810136258602]","[0.976667, 0.023333]"
d1-omni,typed_invoice_processing,invoice_processing_000082,matches_order,noul,1,1,"[""false"", ""true""]","[0.22702401876449585, 0.7729759812355042]","[0.046667, 0.953333]"
d1-omni,typed_invoice_processing,invoice_processing_000082,urgency,score,1,1,"[""0"", ""1"", ""2"", ""3""]","[0.19558993889123383, 0.5178557480020598, 0.14699647882591252, 0.13955783428079382]","[0.066667, 0.766667, 0.143333, 0.023333]"
d1-omni,typed_invoice_processing,invoice_processing_000083,discrepancy_severity,score,3,0,"[""0"", ""1"", ""2"", ""3""]","[0.447209490752503, 0.08400227379805665, 0.2572757380388897, 0.21151249741055064]","[0.003333, 0.013333, 0.183333, 0.8]"
d1-omni,typed_invoice_processing,invoice_processing_000083,disposition,choice,2,0,"[""approve"", ""hold"", ""manual_review"", ""reject""]","[0.4506704379122867, 0.23080379630639392, 0.2699577312900771, 0.048568034491242265]","[0.023333, 0.26, 0.683333, 0.033333]"
d1-omni,typed_invoice_processing,invoice_processing_000083,duplicate,noul,0,0,"[""false"", ""true""]","[0.926099143922329, 0.07390085607767105]","[0.97, 0.03]"
d1-omni,typed_invoice_processing,invoice_processing_000083,matches_order,noul,0,1,"[""false"", ""true""]","[0.48059654235839844, 0.5194034576416016]","[0.98, 0.02]"
d1-omni,typed_invoice_processing,invoice_processing_000083,urgency,score,2,1,"[""0"", ""1"", ""2"", ""3""]","[0.13682674687068147, 0.6130578287278312, 0.18246985569416616, 0.0676455687073212]","[0.043333, 0.2, 0.6, 0.156667]"
d1-omni,typed_invoice_processing,invoice_processing_000084,discrepancy_severity,score,3,0,"[""0"", ""1"", ""2"", ""3""]","[0.6069443731465284, 0.09870221318748276, 0.19050752832729329, 0.10384588533869557]","[0.013333, 0.03, 0.09, 0.866667]"
d1-omni,typed_invoice_processing,invoice_processing_000084,disposition,choice,2,2,"[""approve"", ""hold"", ""manual_review"", ""reject""]","[0.34590762257311874, 0.26835836829479714, 0.36100774511189493, 0.024726264020189213]","[0.023333, 0.36, 0.55, 0.066667]"
d1-omni,typed_invoice_processing,invoice_processing_000084,duplicate,noul,0,0,"[""false"", ""true""]","[0.9689948260784149, 0.031005173921585083]","[0.973333, 0.026667]"
d1-omni,typed_invoice_processing,invoice_processing_000084,matches_order,noul,0,0,"[""false"", ""true""]","[0.533665657043457, 0.46633434295654297]","[0.96, 0.04]"
d1-omni,typed_invoice_processing,invoice_processing_000084,urgency,score,1,1,"[""0"", ""1"", ""2"", ""3""]","[0.14304493793979103, 0.5959093152257596, 0.17746592096882824, 0.08357982586562114]","[0.066667, 0.433333, 0.25, 0.25]"
d1-omni,typed_invoice_processing,invoice_processing_000085,discrepancy_severity,score,3,0,"[""0"", ""1"", ""2"", ""3""]","[0.3800292369727677, 0.11177864837316645, 0.27680394465929187, 0.23138816999477402]","[0.0, 0.016667, 0.2, 0.783333]"
d1-omni,typed_invoice_processing,invoice_processing_000085,disposition,choice,2,2,"[""approve"", ""hold"", ""manual_review"", ""reject""]","[0.2952771793874993, 0.11751493110327024, 0.5538927933346212, 0.033315096174609274]","[0.04, 0.416667, 0.45, 0.093333]"
d1-omni,typed_invoice_processing,invoice_processing_000085,duplicate,noul,0,0,"[""false"", ""true""]","[0.9513089060783386, 0.04869109392166138]","[0.98, 0.02]"
d1-omni,typed_invoice_processing,invoice_processing_000085,matches_order,noul,0,0,"[""false"", ""true""]","[0.9170659109950066, 0.08293408900499344]","[0.943333, 0.056667]"
d1-omni,typed_invoice_processing,invoice_processing_000085,urgency,score,2,1,"[""0"", ""1"", ""2"", ""3""]","[0.17864302226048576, 0.4934391383266963, 0.16284838838288854, 0.16506945102992945]","[0.033333, 0.183333, 0.65, 0.133333]"
d1-omni,typed_invoice_processing,invoice_processing_000086,discrepancy_severity,score,0,0,"[""0"", ""1"", ""2"", ""3""]","[0.5553835402830729, 0.03744045864103345, 0.21724239591633396, 0.18993360515955962]","[0.97, 0.03, 0.0, 0.0]"
d1-omni,typed_invoice_processing,invoice_processing_000086,disposition,choice,0,0,"[""approve"", ""hold"", ""manual_review"", ""reject""]","[0.44777746821030123, 0.2272519559012216, 0.2631970873386427, 0.061773488549834416]","[0.913333, 0.056667, 0.03, 0.0]"
d1-omni,typed_invoice_processing,invoice_processing_000086,duplicate,noul,0,0,"[""false"", ""true""]","[0.9644722901284695, 0.03552770987153053]","[0.98, 0.02]"
d1-omni,typed_invoice_processing,invoice_processing_000086,matches_order,noul,1,1,"[""false"", ""true""]","[0.3327444791793823, 0.6672555208206177]","[0.013333, 0.986667]"
d1-omni,typed_invoice_processing,invoice_processing_000086,urgency,score,2,1,"[""0"", ""1"", ""2"", ""3""]","[0.18273859134477208, 0.5666710264981768, 0.16176349286206423, 0.08882688929498693]","[0.016667, 0.283333, 0.7, 0.0]"
d1-omni,typed_invoice_processing,invoice_processing_000087,discrepancy_severity,score,3,0,"[""0"", ""1"", ""2"", ""3""]","[0.6320539665814193, 0.06728617051775626, 0.23778033079370609, 0.06287953210711827]","[0.006667, 0.053333, 0.123333, 0.816667]"
d1-omni,typed_invoice_processing,invoice_processing_000087,disposition,choice,1,0,"[""approve"", ""hold"", ""manual_review"", ""reject""]","[0.4630347455811892, 0.21661482589978853, 0.28618421937388017, 0.03416620914514207]","[0.023333, 0.5, 0.433333, 0.043333]"
d1-omni,typed_invoice_processing,invoice_processing_000087,duplicate,noul,0,0,"[""false"", ""true""]","[0.9618748761713505, 0.03812512382864952]","[0.983333, 0.016667]"
d1-omni,typed_invoice_processing,invoice_processing_000087,matches_order,noul,0,1,"[""false"", ""true""]","[0.3914961814880371, 0.6085038185119629]","[0.95, 0.05]"
d1-omni,typed_invoice_processing,invoice_processing_000087,urgency,score,2,1,"[""0"", ""1"", ""2"", ""3""]","[0.11595446011661574, 0.6060946267644883, 0.17272474460994294, 0.10522616850895301]","[0.0, 0.233333, 0.65, 0.116667]"
d1-omni,typed_invoice_processing,invoice_processing_000088,discrepancy_severity,score,2,0,"[""0"", ""1"", ""2"", ""3""]","[0.6026929402566701, 0.02966375464306708, 0.16203161610118103, 0.20561168899908183]","[0.306667, 0.143333, 0.483333, 0.066667]"
d1-omni,typed_invoice_processing,invoice_processing_000088,disposition,choice,2,0,"[""approve"", ""hold"", ""manual_review"", ""reject""]","[0.44996710605992885, 0.2083103908231022, 0.3100808193516548, 0.031641683765314135]","[0.283333, 0.233333, 0.476667, 0.006667]"
d1-omni,typed_invoice_processing,invoice_processing_000088,duplicate,noul,0,0,"[""false"", ""true""]","[0.9676593095064163, 0.03234069049358368]","[0.963333, 0.036667]"
d1-omni,typed_invoice_processing,invoice_processing_000088,matches_order,noul,1,1,"[""false"", ""true""]","[0.43953049182891846, 0.5604695081710815]","[0.29, 0.71]"
d1-omni,typed_invoice_processing,invoice_processing_000088,urgency,score,3,1,"[""0"", ""1"", ""2"", ""3""]","[0.1972516074162336, 0.5416193725530662, 0.17402035386905865, 0.08710866616164147]","[0.0, 0.066667, 0.3, 0.633333]"
d1-omni,typed_invoice_processing,invoice_processing_000089,discrepancy_severity,score,0,0,"[""0"", ""1"", ""2"", ""3""]","[0.5136067223399251, 0.03079839953409136, 0.31611349884314927, 0.1394813792828342]","[0.973333, 0.02, 0.006667, 0.0]"
d1-omni,typed_invoice_processing,invoice_processing_000089,disposition,choice,0,0,"[""approve"", ""hold"", ""manual_review"", ""reject""]","[0.4131069116167861, 0.20732918050116936, 0.3417689693217521, 0.03779493856029242]","[0.94, 0.04, 0.016667, 0.003333]"
d1-omni,typed_invoice_processing,invoice_processing_000089,duplicate,noul,0,0,"[""false"", ""true""]","[0.917532742023468, 0.08246725797653198]","[0.97, 0.03]"
d1-omni,typed_invoice_processing,invoice_processing_000089,matches_order,noul,1,1,"[""false"", ""true""]","[0.3170085549354553, 0.6829914450645447]","[0.016667, 0.983333]"
d1-omni,typed_invoice_processing,invoice_processing_000089,urgency,score,2,1,"[""0"", ""1"", ""2"", ""3""]","[0.19817158136878354, 0.5733109584455723, 0.12773924780474794, 0.10077821238089624]","[0.023333, 0.166667, 0.693333, 0.116667]"
d1-omni,typed_invoice_processing,invoice_processing_000090,discrepancy_severity,score,3,0,"[""0"", ""1"", ""2"", ""3""]","[0.546995175190162, 0.05807931105969796, 0.19645965538456267, 0.19846585836557729]","[0.003333, 0.013333, 0.15, 0.833333]"
d1-omni,typed_invoice_processing,invoice_processing_000090,disposition,choice,2,0,"[""approve"", ""hold"", ""manual_review"", ""reject""]","[0.48123884021774366, 0.18635138799864281, 0.3056119967042953, 0.02679777507931823]","[0.006667, 0.25, 0.693333, 0.05]"
d1-omni,typed_invoice_processing,invoice_processing_000090,duplicate,noul,0,0,"[""false"", ""true""]","[0.9529186561703682, 0.047081343829631805]","[0.976667, 0.023333]"
d1-omni,typed_invoice_processing,invoice_processing_000090,matches_order,noul,0,1,"[""false"", ""true""]","[0.37666749954223633, 0.6233325004577637]","[0.986667, 0.013333]"
d1-omni,typed_invoice_processing,invoice_processing_000090,urgency,score,2,1,"[""0"", ""1"", ""2"", ""3""]","[0.15456424192892784, 0.5550672246495716, 0.15026305168083157, 0.14010548174066895]","[0.0, 0.15, 0.566667, 0.283333]"
d1-omni,typed_invoice_processing,invoice_processing_000091,discrepancy_severity,score,0,0,"[""0"", ""1"", ""2"", ""3""]","[0.4751085285016501, 0.06549018133504828, 0.2183004306032933, 0.24110085956000837]","[0.913333, 0.07, 0.013333, 0.003333]"
d1-omni,typed_invoice_processing,invoice_processing_000091,disposition,choice,0,2,"[""approve"", ""hold"", ""manual_review"", ""reject""]","[0.33384833330578945, 0.19843370073497324, 0.4548173329248366, 0.012900633034400668]","[0.321667, 0.182667, 0.299333, 0.196333]"
d1-omni,typed_invoice_processing,invoice_processing_000091,duplicate,noul,1,0,"[""false"", ""true""]","[0.8142250776290894, 0.18577492237091064]","[0.383333, 0.616667]"
d1-omni,typed_invoice_processing,invoice_processing_000091,matches_order,noul,1,1,"[""false"", ""true""]","[0.21807008981704712, 0.7819299101829529]","[0.043333, 0.956667]"
d1-omni,typed_invoice_processing,invoice_processing_000091,urgency,score,3,1,"[""0"", ""1"", ""2"", ""3""]","[0.226547146740247, 0.5220559122698922, 0.11917688431195428, 0.13222005667790643]","[0.016667, 0.333333, 0.316667, 0.333333]"
d1-omni,typed_invoice_processing,invoice_processing_000092,discrepancy_severity,score,2,0,"[""0"", ""1"", ""2"", ""3""]","[0.6421671461897556, 0.09295038064606204, 0.1513735789703311, 0.11350889419385124]","[0.266667, 0.166667, 0.496667, 0.07]"
d1-omni,typed_invoice_processing,invoice_processing_000092,disposition,choice,1,0,"[""approve"", ""hold"", ""manual_review"", ""reject""]","[0.5482781711867714, 0.18537312837762443, 0.25466553435855704, 0.011683166077047166]","[0.293333, 0.593333, 0.106667, 0.006667]"
d1-omni,typed_invoice_processing,invoice_processing_000092,duplicate,noul,0,1,"[""false"", ""true""]","[0.28154420852661133, 0.7184557914733887]","[0.953333, 0.046667]"
d1-omni,typed_invoice_processing,invoice_processing_000092,matches_order,noul,0,1,"[""false"", ""true""]","[0.3558419346809387, 0.6441580653190613]","[0.58, 0.42]"
d1-omni,typed_invoice_processing,invoice_processing_000092,urgency,score,2,1,"[""0"", ""1"", ""2"", ""3""]","[0.10933533758926657, 0.6777117530063885, 0.15797566524793327, 0.05497724415641161]","[0.016667, 0.166667, 0.516667, 0.3]"
d1-omni,typed_invoice_processing,invoice_processing_000093,discrepancy_severity,score,0,0,"[""0"", ""1"", ""2"", ""3""]","[0.5676022552581154, 0.04501065168601174, 0.2763328141495237, 0.11105427890634917]","[0.65, 0.026667, 0.006667, 0.316667]"
d1-omni,typed_invoice_processing,invoice_processing_000093,disposition,choice,0,0,"[""approve"", ""hold"", ""manual_review"", ""reject""]","[0.48069972068462363, 0.17281457878359358, 0.32664114419356627, 0.019844556338216492]","[0.52, 0.06, 0.083333, 0.336667]"
d1-omni,typed_invoice_processing,invoice_processing_000093,duplicate,noul,1,0,"[""false"", ""true""]","[0.8726645559072495, 0.12733544409275055]","[0.483333, 0.516667]"
d1-omni,typed_invoice_processing,invoice_processing_000093,matches_order,noul,1,1,"[""false"", ""true""]","[0.2561567425727844, 0.7438432574272156]","[0.016667, 0.983333]"
d1-omni,typed_invoice_processing,invoice_processing_000093,urgency,score,1,1,"[""0"", ""1"", ""2"", ""3""]","[0.1739907737670954, 0.6107094378875112, 0.13572682642529646, 0.0795729619200969]","[0.116667, 0.783333, 0.1, 0.0]"
d1-omni,typed_invoice_processing,invoice_processing_000094,discrepancy_severity,score,0,0,"[""0"", ""1"", ""2"", ""3""]","[0.5709264533635878, 0.08572388823586202, 0.22252781193827742, 0.12082184646227269]","[0.45, 0.283333, 0.23, 0.036667]"
d1-omni,typed_invoice_processing,invoice_processing_000094,disposition,choice,0,0,"[""approve"", ""hold"", ""manual_review"", ""reject""]","[0.40846500156066834, 0.18363718998528447, 0.3948075815646694, 0.013090226889377781]","[0.466667, 0.25, 0.243333, 0.04]"
d1-omni,typed_invoice_processing,invoice_processing_000094,duplicate,noul,0,0,"[""false"", ""true""]","[0.9744851123541594, 0.025514887645840645]","[0.966667, 0.033333]"
d1-omni,typed_invoice_processing,invoice_processing_000094,matches_order,noul,1,1,"[""false"", ""true""]","[0.3695225119590759, 0.6304774880409241]","[0.126667, 0.873333]"
d1-omni,typed_invoice_processing,invoice_processing_000094,urgency,score,2,1,"[""0"", ""1"", ""2"", ""3""]","[0.18836167735400317, 0.5467795215067196, 0.14561628022218168, 0.11924252091709556]","[0.023333, 0.183333, 0.693333, 0.1]"
d1-omni,typed_invoice_processing,invoice_processing_000095,discrepancy_severity,score,3,0,"[""0"", ""1"", ""2"", ""3""]","[0.5652085795346757, 0.06648266612660883, 0.18436227072904723, 0.18394648360966817]","[0.0, 0.0, 0.083333, 0.916667]"
d1-omni,typed_invoice_processing,invoice_processing_000095,disposition,choice,2,0,"[""approve"", ""hold"", ""manual_review"", ""reject""]","[0.43684087505462393, 0.20050407053542346, 0.3197038566977935, 0.042951197712159085]","[0.0, 0.083333, 0.816667, 0.1]"
d1-omni,typed_invoice_processing,invoice_processing_000095,duplicate,noul,0,0,"[""false"", ""true""]","[0.964301198720932, 0.03569880127906799]","[0.98, 0.02]"
d1-omni,typed_invoice_processing,invoice_processing_000095,matches_order,noul,0,1,"[""false"", ""true""]","[0.2569602131843567, 0.7430397868156433]","[1.0, 0.0]"
d1-omni,typed_invoice_processing,invoice_processing_000095,urgency,score,2,1,"[""0"", ""1"", ""2"", ""3""]","[0.14611814045201896, 0.594450915190523, 0.12876365311362425, 0.13066729124383383]","[0.0, 0.116667, 0.516667, 0.366667]"
d1-omni,typed_invoice_processing,invoice_processing_000096,discrepancy_severity,score,0,0,"[""0"", ""1"", ""2"", ""3""]","[0.4222661789914045, 0.07454202958133772, 0.2748901803062829, 0.22830161112097486]","[0.35, 0.35, 0.266667, 0.033333]"
d1-omni,typed_invoice_processing,invoice_processing_000096,disposition,choice,0,0,"[""approve"", ""hold"", ""manual_review"", ""reject""]","[0.40151688606112035, 0.18458837339501222, 0.3811827018156003, 0.0327120387282671]","[0.433333, 0.416667, 0.116667, 0.033333]"
d1-omni,typed_invoice_processing,invoice_processing_000096,duplicate,noul,0,0,"[""false"", ""true""]","[0.9747605193406343, 0.025239480659365654]","[0.96, 0.04]"
d1-omni,typed_invoice_processing,invoice_processing_000096,matches_order,noul,1,0,"[""false"", ""true""]","[0.551173597574234, 0.448826402425766]","[0.323333, 0.676667]"
d1-omni,typed_invoice_processing,invoice_processing_000096,urgency,score,2,1,"[""0"", ""1"", ""2"", ""3""]","[0.17629877040766975, 0.5879938804213336, 0.11506024721605908, 0.1206471019549376]","[0.016667, 0.166667, 0.566667, 0.25]"
d1-omni,typed_invoice_processing,invoice_processing_000097,discrepancy_severity,score,0,0,"[""0"", ""1"", ""2"", ""3""]","[0.6494736744032094, 0.04961264561428851, 0.23177306613072454, 0.06914061385177762]","[0.963333, 0.033333, 0.003333, 0.0]"
d1-omni,typed_invoice_processing,invoice_processing_000097,disposition,choice,0,0,"[""approve"", ""hold"", ""manual_review"", ""reject""]","[0.5070911712006446, 0.14529620300433305, 0.33030567003812583, 0.01730695575689653]","[0.943333, 0.026667, 0.026667, 0.003333]"
d1-omni,typed_invoice_processing,invoice_processing_000097,duplicate,noul,0,0,"[""false"", ""true""]","[0.9815552122890949, 0.018444787710905075]","[0.983333, 0.016667]"
d1-omni,typed_invoice_processing,invoice_processing_000097,matches_order,noul,1,1,"[""false"", ""true""]","[0.32638347148895264, 0.6736165285110474]","[0.02, 0.98]"
d1-omni,typed_invoice_processing,invoice_processing_000097,urgency,score,1,1,"[""0"", ""1"", ""2"", ""3""]","[0.1658767821593874, 0.578788838490428, 0.1419474833439098, 0.11338689600627481]","[0.036667, 0.716667, 0.226667, 0.02]"
d1-omni,typed_invoice_processing,invoice_processing_000098,discrepancy_severity,score,0,0,"[""0"", ""1"", ""2"", ""3""]","[0.6499646805232066, 0.06316430772596139, 0.14351646388297581, 0.1433545478678562]","[0.683333, 0.25, 0.06, 0.006667]"
d1-omni,typed_invoice_processing,invoice_processing_000098,disposition,choice,0,0,"[""approve"", ""hold"", ""manual_review"", ""reject""]","[0.47922844944372456, 0.22119999508708701, 0.27826566229708355, 0.02130589317210485]","[0.843333, 0.09, 0.053333, 0.013333]"
d1-omni,typed_invoice_processing,invoice_processing_000098,duplicate,noul,0,0,"[""false"", ""true""]","[0.9406582191586494, 0.059341780841350555]","[0.973333, 0.026667]"
d1-omni,typed_invoice_processing,invoice_processing_000098,matches_order,noul,1,1,"[""false"", ""true""]","[0.43877261877059937, 0.5612273812294006]","[0.096667, 0.903333]"
d1-omni,typed_invoice_processing,invoice_processing_000098,urgency,score,1,1,"[""0"", ""1"", ""2"", ""3""]","[0.1260123169577585, 0.65035477692249, 0.14413043118203445, 0.07950247493771706]","[0.1, 0.7, 0.18, 0.02]"
d1-omni,typed_invoice_processing,invoice_processing_000099,discrepancy_severity,score,0,0,"[""0"", ""1"", ""2"", ""3""]","[0.5000005662440916, 0.05538910297220331, 0.16717006759821965, 0.2774402631854854]","[0.566667, 0.3, 0.113333, 0.02]"
d1-omni,typed_invoice_processing,invoice_processing_000099,disposition,choice,0,0,"[""approve"", ""hold"", ""manual_review"", ""reject""]","[0.452496993359992, 0.19078709931397642, 0.3439346984450308, 0.012781208881000776]","[0.733333, 0.1, 0.133333, 0.033333]"
d1-omni,typed_invoice_processing,invoice_processing_000099,duplicate,noul,0,0,"[""false"", ""true""]","[0.9774521347135305, 0.02254786528646946]","[0.97, 0.03]"
d1-omni,typed_invoice_processing,invoice_processing_000099,matches_order,noul,1,1,"[""false"", ""true""]","[0.3732680678367615, 0.6267319321632385]","[0.1, 0.9]"
d1-omni,typed_invoice_processing,invoice_processing_000099,urgency,score,2,1,"[""0"", ""1"", ""2"", ""3""]","[0.1604741340804974, 0.6029100924296663, 0.13140937490151264, 0.10520639858832362]","[0.033333, 0.283333, 0.583333, 0.1]"
d1-omni,typed_security_incidents,security_incidents_000000,credential_compromise,noul,1,1,"[""false"", ""true""]","[0.40085840225219727, 0.5991415977478027]","[0.3, 0.7]"
d1-omni,typed_security_incidents,security_incidents_000000,disposition,choice,1,1,"[""close_benign"", ""contain"", ""investigate"", ""monitor""]","[0.18230222165584564, 0.4338838458061218, 0.2486623078584671, 0.13515162467956543]","[0.016667, 0.516667, 0.366667, 0.1]"
d1-omni,typed_security_incidents,security_incidents_000000,severity,score,3,2,"[""0"", ""1"", ""2"", ""3"", ""4""]","[0.12649442991647541, 0.17225094602996432, 0.31492973477067143, 0.1819449405702984, 0.2043799487125904]","[0.016667, 0.083333, 0.366667, 0.45, 0.083333]"
d1-omni,typed_security_incidents,security_incidents_000000,true_positive,noul,1,1,"[""false"", ""true""]","[0.10032516717910767, 0.8996748328208923]","[0.15, 0.85]"
d1-omni,typed_security_incidents,security_incidents_000000,urgency,score,3,3,"[""0"", ""1"", ""2"", ""3""]","[0.09783603923144907, 0.22969250209858638, 0.28112926869743116, 0.39134218997253334]","[0.033333, 0.1, 0.283333, 0.583333]"
d1-omni,typed_security_incidents,security_incidents_000001,credential_compromise,noul,1,1,"[""false"", ""true""]","[0.3371504545211792, 0.6628495454788208]","[0.1, 0.9]"
d1-omni,typed_security_incidents,security_incidents_000001,disposition,choice,1,2,"[""close_benign"", ""contain"", ""investigate"", ""monitor""]","[0.0771124282694427, 0.32969936482832307, 0.38676666925276315, 0.20642153764947102]","[0.003333, 0.7, 0.266667, 0.03]"
d1-omni,typed_security_incidents,security_incidents_000001,severity,score,3,2,"[""0"", ""1"", ""2"", ""3"", ""4""]","[0.09858549176446056, 0.15225406006498052, 0.41530020982844584, 0.2555539062455238, 0.07830633209658923]","[0.006667, 0.076667, 0.266667, 0.533333, 0.116667]"
d1-omni,typed_security_incidents,security_incidents_000001,true_positive,noul,1,1,"[""false"", ""true""]","[0.2635961174964905, 0.7364038825035095]","[0.05, 0.95]"
d1-omni,typed_security_incidents,security_incidents_000001,urgency,score,3,3,"[""0"", ""1"", ""2"", ""3""]","[0.057149194712795615, 0.207445580096231, 0.3033065030366274, 0.43209872215434597]","[0.003333, 0.013333, 0.1, 0.883333]"
d1-omni,typed_security_incidents,security_incidents_000002,credential_compromise,noul,0,0,"[""false"", ""true""]","[0.8308498114347458, 0.1691501885652542]","[0.8, 0.2]"
d1-omni,typed_security_incidents,security_incidents_000002,disposition,choice,2,2,"[""close_benign"", ""contain"", ""investigate"", ""monitor""]","[0.18698990999207302, 0.3005963727565241, 0.31729503047637503, 0.1951186867750278]","[0.166667, 0.05, 0.516667, 0.266667]"
d1-omni,typed_security_incidents,security_incidents_000002,severity,score,2,2,"[""0"", ""1"", ""2"", ""3"", ""4""]","[0.052484357441485184, 0.09909569811056301, 0.4449430521787197, 0.374098464417893, 0.029378427851339033]","[0.033333, 0.216667, 0.466667, 0.25, 0.033333]"
d1-omni,typed_security_incidents,security_incidents_000002,true_positive,noul,0,1,"[""false"", ""true""]","[0.35592591762542725, 0.6440740823745728]","[0.6, 0.4]"
d1-omni,typed_security_incidents,security_incidents_000002,urgency,score,1,2,"[""0"", ""1"", ""2"", ""3""]","[0.010232723022611426, 0.11305680544603526, 0.7577619333838859, 0.11894853814746749]","[0.066667, 0.433333, 0.383333, 0.116667]"
d1-omni,typed_security_incidents,security_incidents_000003,credential_compromise,noul,1,0,"[""false"", ""true""]","[0.7906081080436707, 0.20939189195632935]","[0.333333, 0.666667]"
d1-omni,typed_security_incidents,security_incidents_000003,disposition,choice,2,2,"[""close_benign"", ""contain"", ""investigate"", ""monitor""]","[0.17849522070380833, 0.05482005180053625, 0.5809813975944943, 0.18570332990116115]","[0.066667, 0.116667, 0.483333, 0.333333]"
d1-omni,typed_security_incidents,security_incidents_000003,severity,score,2,2,"[""0"", ""1"", ""2"", ""3"", ""4""]","[0.08834267979935158, 0.07802616652236367, 0.4701841381621855, 0.35118167905619807, 0.012265336459901122]","[0.05, 0.15, 0.533333, 0.233333, 0.033333]"
d1-omni,typed_security_incidents,security_incidents_000003,true_positive,noul,1,0,"[""false"", ""true""]","[0.7447077035903931, 0.25529229640960693]","[0.383333, 0.616667]"
d1-omni,typed_security_incidents,security_incidents_000003,urgency,score,2,3,"[""0"", ""1"", ""2"", ""3""]","[0.03254575258086806, 0.17282685508708018, 0.3497743580507162, 0.4448530342813355]","[0.05, 0.2, 0.416667, 0.333333]"
d1-omni,typed_security_incidents,security_incidents_000004,credential_compromise,noul,0,0,"[""false"", ""true""]","[0.9530761614441872, 0.046923838555812836]","[0.86, 0.14]"
d1-omni,typed_security_incidents,security_incidents_000004,disposition,choice,0,3,"[""close_benign"", ""contain"", ""investigate"", ""monitor""]","[0.099577397108078, 0.223820298910141, 0.32326623797416687, 0.35333606600761414]","[0.616667, 0.02, 0.153333, 0.21]"
d1-omni,typed_security_incidents,security_incidents_000004,severity,score,2,3,"[""0"", ""1"", ""2"", ""3"", ""4""]","[0.122326121064478, 0.2417773165636861, 0.31344653331636607, 0.3159332985562914, 0.006516730499178491]","[0.35, 0.146667, 0.386667, 0.1, 0.016667]"
d1-omni,typed_security_incidents,security_incidents_000004,true_positive,noul,0,0,"[""false"", ""true""]","[0.9733006972819567, 0.026699302718043327]","[0.826667, 0.173333]"
d1-omni,typed_security_incidents,security_incidents_000004,urgency,score,0,1,"[""0"", ""1"", ""2"", ""3""]","[0.1852345750835942, 0.6181455208499318, 0.11132893628381985, 0.0852909677826541]","[0.36, 0.353333, 0.22, 0.066667]"
d1-omni,typed_security_incidents,security_incidents_000005,credential_compromise,noul,1,0,"[""false"", ""true""]","[0.8267860412597656, 0.17321395874023438]","[0.306667, 0.693333]"
d1-omni,typed_security_incidents,security_incidents_000005,disposition,choice,2,2,"[""close_benign"", ""contain"", ""investigate"", ""monitor""]","[0.18702095746994019, 0.15970087051391602, 0.5206244587898254, 0.13265371322631836]","[0.03, 0.283333, 0.566667, 0.12]"
d1-omni,typed_security_incidents,security_incidents_000005,severity,score,3,2,"[""0"", ""1"", ""2"", ""3"", ""4""]","[0.1588393552936427, 0.13684904180251034, 0.34814532586140085, 0.3480962116355239, 0.008070065406922225]","[0.0, 0.043333, 0.206667, 0.5, 0.25]"
d1-omni,typed_security_incidents,security_incidents_000005,true_positive,noul,1,0,"[""false"", ""true""]","[0.7808286249637604, 0.21917137503623962]","[0.24, 0.76]"
d1-omni,typed_security_incidents,security_incidents_000005,urgency,score,3,3,"[""0"", ""1"", ""2"", ""3""]","[0.048494260216195954, 0.27155017549302235, 0.2853791383797772, 0.39457642591100456]","[0.03, 0.103333, 0.266667, 0.6]"
d1-omni,typed_security_incidents,security_incidents_000006,credential_compromise,noul,1,1,"[""false"", ""true""]","[0.46471667289733887, 0.5352833271026611]","[0.25, 0.75]"
d1-omni,typed_security_incidents,security_incidents_000006,disposition,choice,1,1,"[""close_benign"", ""contain"", ""investigate"", ""monitor""]","[0.03460623530186625, 0.5091489856927982, 0.3659996310472268, 0.09024514795810866]","[0.033333, 0.5, 0.35, 0.116667]"
d1-omni,typed_security_incidents,security_incidents_000006,severity,score,3,3,"[""0"", ""1"", ""2"", ""3"", ""4""]","[0.00855550844977586, 0.03670292819327201, 0.4115093461552365, 0.46225113925084754, 0.08098107795086806]","[0.006667, 0.016667, 0.166667, 0.51, 0.3]"
d1-omni,typed_security_incidents,security_incidents_000006,true_positive,noul,1,1,"[""false"", ""true""]","[0.1655469536781311, 0.8344530463218689]","[0.14, 0.86]"
d1-omni,typed_security_incidents,security_incidents_000006,urgency,score,3,3,"[""0"", ""1"", ""2"", ""3""]","[0.02864610020575635, 0.106838121612228, 0.40071761458844835, 0.4637981635935673]","[0.006667, 0.056667, 0.203333, 0.733333]"
d1-omni,typed_security_incidents,security_incidents_000007,credential_compromise,noul,1,1,"[""false"", ""true""]","[0.47789067029953003, 0.52210932970047]","[0.5, 0.5]"
d1-omni,typed_security_incidents,security_incidents_000007,disposition,choice,2,2,"[""close_benign"", ""contain"", ""investigate"", ""monitor""]","[0.03878402178501993, 0.23040560433841628, 0.6559338300851281, 0.07487654379143573]","[0.016667, 0.15, 0.516667, 0.316667]"
d1-omni,typed_security_incidents,security_incidents_000007,severity,score,2,2,"[""0"", ""1"", ""2"", ""3"", ""4""]","[0.0954813847138962, 0.07339805836237749, 0.4412043526320028, 0.269300003748387, 0.12061620054333655]","[0.013333, 0.133333, 0.466667, 0.333333, 0.053333]"
d1-omni,typed_security_incidents,security_incidents_000007,true_positive,noul,1,1,"[""false"", ""true""]","[0.3142472505569458, 0.6857527494430542]","[0.25, 0.75]"
d1-omni,typed_security_incidents,security_incidents_000007,urgency,score,2,3,"[""0"", ""1"", ""2"", ""3""]","[0.09256312457985709, 0.07319153263847976, 0.31151843767281856, 0.5227269051088446]","[0.016667, 0.166667, 0.416667, 0.4]"
d1-omni,typed_security_incidents,security_incidents_000008,credential_compromise,noul,0,0,"[""false"", ""true""]","[0.5301454067230225, 0.46985459327697754]","[0.533333, 0.466667]"
d1-omni,typed_security_incidents,security_incidents_000008,disposition,choice,2,1,"[""close_benign"", ""contain"", ""investigate"", ""monitor""]","[0.11801720498515073, 0.4170543582517978, 0.37712943834907886, 0.08779899841397254]","[0.016667, 0.106667, 0.533333, 0.343333]"
d1-omni,typed_security_incidents,security_incidents_000008,severity,score,2,3,"[""0"", ""1"", ""2"", ""3"", ""4""]","[0.07501269653401683, 0.09802344894339296, 0.3427308099648115, 0.4239741139419641, 0.06025893061581461]","[0.046667, 0.153333, 0.383333, 0.3, 0.116667]"
d1-omni,typed_security_incidents,security_incidents_000008,true_positive,noul,1,1,"[""false"", ""true""]","[0.4553135633468628, 0.5446864366531372]","[0.383333, 0.616667]"
d1-omni,typed_security_incidents,security_incidents_000008,urgency,score,3,3,"[""0"", ""1"", ""2"", ""3""]","[0.04308691135939814, 0.13674041272259171, 0.3437213510049527, 0.4764513249130574]","[0.053333, 0.213333, 0.316667, 0.416667]"
d1-omni,typed_security_incidents,security_incidents_000009,credential_compromise,noul,0,0,"[""false"", ""true""]","[0.8381834328174591, 0.1618165671825409]","[0.583333, 0.416667]"
d1-omni,typed_security_incidents,security_incidents_000009,disposition,choice,3,0,"[""close_benign"", ""contain"", ""investigate"", ""monitor""]","[0.29577337037503887, 0.22189054885017345, 0.2941273284313379, 0.18820875234344986]","[0.1, 0.05, 0.333333, 0.516667]"
d1-omni,typed_security_incidents,security_incidents_000009,severity,score,2,2,"[""0"", ""1"", ""2"", ""3"", ""4""]","[0.0607713087159684, 0.1268696853638267, 0.6039198850593044, 0.184869218085793, 0.02356990277510752]","[0.066667, 0.25, 0.533333, 0.15, 0.0]"
d1-omni,typed_security_incidents,security_incidents_000009,true_positive,noul,0,0,"[""false"", ""true""]","[0.878511093556881, 0.12148890644311905]","[0.616667, 0.383333]"
d1-omni,typed_security_incidents,security_incidents_000009,urgency,score,1,0,"[""0"", ""1"", ""2"", ""3""]","[0.33739555636187396, 0.3313560559903694, 0.10703591496577669, 0.22421247268197997]","[0.05, 0.516667, 0.366667, 0.066667]"
d1-omni,typed_security_incidents,security_incidents_000010,credential_compromise,noul,0,1,"[""false"", ""true""]","[0.27943742275238037, 0.7205625772476196]","[0.616667, 0.383333]"
d1-omni,typed_security_incidents,security_incidents_000010,disposition,choice,2,1,"[""close_benign"", ""contain"", ""investigate"", ""monitor""]","[0.1759236512223962, 0.373048703287982, 0.3354723874605692, 0.11555525802905257]","[0.166667, 0.083333, 0.533333, 0.216667]"
d1-omni,typed_security_incidents,security_incidents_000010,severity,score,3,2,"[""0"", ""1"", ""2"", ""3"", ""4""]","[0.048277047019500856, 0.06622435453519827, 0.485340830921624, 0.3245824655797914, 0.0755753019438854]","[0.03, 0.1, 0.25, 0.55, 0.07]"
d1-omni,typed_security_incidents,security_incidents_000010,true_positive,noul,0,0,"[""false"", ""true""]","[0.5666047632694244, 0.43339523673057556]","[0.55, 0.45]"
d1-omni,typed_security_incidents,security_incidents_000010,urgency,score,2,2,"[""0"", ""1"", ""2"", ""3""]","[0.053010709188798744, 0.31908103585927905, 0.3600479933615923, 0.26786026159032983]","[0.033333, 0.15, 0.416667, 0.4]"
d1-omni,typed_security_incidents,security_incidents_000011,credential_compromise,noul,0,0,"[""false"", ""true""]","[0.7933597713708878, 0.20664022862911224]","[0.6, 0.4]"
d1-omni,typed_security_incidents,security_incidents_000011,disposition,choice,2,2,"[""close_benign"", ""contain"", ""investigate"", ""monitor""]","[0.07484989892132203, 0.28727747080018634, 0.43348424261377166, 0.20438838766471995]","[0.083333, 0.116667, 0.583333, 0.216667]"
d1-omni,typed_security_incidents,security_incidents_000011,severity,score,3,2,"[""0"", ""1"", ""2"", ""3"", ""4""]","[0.05247388447800265, 0.15580031779182926, 0.4602430767412025, 0.27462981392179864, 0.05685290706716694]","[0.01, 0.073333, 0.283333, 0.416667, 0.216667]"
d1-omni,typed_security_incidents,security_incidents_000011,true_positive,noul,0,0,"[""false"", ""true""]","[0.821412980556488, 0.17858701944351196]","[0.533333, 0.466667]"
d1-omni,typed_security_incidents,security_incidents_000011,urgency,score,3,2,"[""0"", ""1"", ""2"", ""3""]","[0.036705588016432214, 0.3243120099238458, 0.3743070461606582, 0.2646753558990638]","[0.016667, 0.2, 0.366667, 0.416667]"
d1-omni,typed_security_incidents,security_incidents_000012,credential_compromise,noul,0,0,"[""false"", ""true""]","[0.8432838171720505, 0.15671618282794952]","[0.55, 0.45]"
d1-omni,typed_security_incidents,security_incidents_000012,disposition,choice,2,2,"[""close_benign"", ""contain"", ""investigate"", ""monitor""]","[0.2526875285692496, 0.17577937687758344, 0.4080548639264784, 0.16347823062668856]","[0.116667, 0.05, 0.533333, 0.3]"
d1-omni,typed_security_incidents,security_incidents_000012,severity,score,1,3,"[""0"", ""1"", ""2"", ""3"", ""4""]","[0.26084991512149824, 0.15659805665618012, 0.27305292269429793, 0.2883384737867572, 0.021160631741266495]","[0.116667, 0.5, 0.35, 0.033333, 0.0]"
d1-omni,typed_security_incidents,security_incidents_000012,true_positive,noul,1,0,"[""false"", ""true""]","[0.7839343100786209, 0.2160656899213791]","[0.466667, 0.533333]"
d1-omni,typed_security_incidents,security_incidents_000012,urgency,score,1,1,"[""0"", ""1"", ""2"", ""3""]","[0.3306419302618791, 0.378609007278219, 0.16494854040367216, 0.12580052205622974]","[0.083333, 0.466667, 0.4, 0.05]"
d1-omni,typed_security_incidents,security_incidents_000013,credential_compromise,noul,0,0,"[""false"", ""true""]","[0.6671904027462006, 0.33280959725379944]","[0.783333, 0.216667]"
d1-omni,typed_security_incidents,security_incidents_000013,disposition,choice,3,2,"[""close_benign"", ""contain"", ""investigate"", ""monitor""]","[0.15244532540114675, 0.20866372934959707, 0.49809944618341007, 0.14079149906584615]","[0.283333, 0.016667, 0.266667, 0.433333]"
d1-omni,typed_security_incidents,security_incidents_000013,severity,score,2,2,"[""0"", ""1"", ""2"", ""3"", ""4""]","[0.119957207739672, 0.10511488389138218, 0.4586413468521733, 0.2905072250179408, 0.025779336498831684]","[0.1, 0.3, 0.516667, 0.083333, 0.0]"
d1-omni,typed_security_incidents,security_incidents_000013,true_positive,noul,0,0,"[""false"", ""true""]","[0.8513475209474564, 0.14865247905254364]","[0.733333, 0.266667]"
d1-omni,typed_security_incidents,security_incidents_000013,urgency,score,1,3,"[""0"", ""1"", ""2"", ""3""]","[0.12094695391387389, 0.22427219653737984, 0.3048809536892389, 0.34989989585950737]","[0.133333, 0.566667, 0.25, 0.05]"
d1-omni,typed_security_incidents,security_incidents_000014,credential_compromise,noul,1,1,"[""false"", ""true""]","[0.22498005628585815, 0.7750199437141418]","[0.2, 0.8]"
d1-omni,typed_security_incidents,security_incidents_000014,disposition,choice,2,1,"[""close_benign"", ""contain"", ""investigate"", ""monitor""]","[0.11900385380533446, 0.42857432046104726, 0.30774786839076973, 0.1446739573428485]","[0.033333, 0.45, 0.45, 0.066667]"
d1-omni,typed_security_incidents,security_incidents_000014,severity,score,3,2,"[""0"", ""1"", ""2"", ""3"", ""4""]","[0.007588418771504092, 0.04244443572623076, 0.36079437807154535, 0.35563848713639856, 0.2335342802943212]","[0.003333, 0.013333, 0.183333, 0.666667, 0.133333]"
d1-omni,typed_security_incidents,security_incidents_000014,true_positive,noul,1,1,"[""false"", ""true""]","[0.22309523820877075, 0.7769047617912292]","[0.13, 0.87]"
d1-omni,typed_security_incidents,security_incidents_000014,urgency,score,3,2,"[""0"", ""1"", ""2"", ""3""]","[0.010770120487462684, 0.029950893941181528, 0.5150409259314689, 0.44423805963988694]","[0.006667, 0.026667, 0.216667, 0.75]"
d1-omni,typed_security_incidents,security_incidents_000015,credential_compromise,noul,1,0,"[""false"", ""true""]","[0.5735440850257874, 0.42645591497421265]","[0.436667, 0.563333]"
d1-omni,typed_security_incidents,security_incidents_000015,disposition,choice,2,2,"[""close_benign"", ""contain"", ""investigate"", ""monitor""]","[0.11489895011552088, 0.20500968281244594, 0.5743454483830112, 0.10574591868902197]","[0.063333, 0.1, 0.633333, 0.203333]"
d1-omni,typed_security_incidents,security_incidents_000015,severity,score,1,2,"[""0"", ""1"", ""2"", ""3"", ""4""]","[0.10048316119661446, 0.08824936782570578, 0.4286440185116524, 0.34677486578301, 0.035848586683017415]","[0.073333, 0.443333, 0.366667, 0.1, 0.016667]"
d1-omni,typed_security_incidents,security_incidents_000015,true_positive,noul,1,1,"[""false"", ""true""]","[0.23425763845443726, 0.7657423615455627]","[0.296667, 0.703333]"
d1-omni,typed_security_incidents,security_incidents_000015,urgency,score,2,3,"[""0"", ""1"", ""2"", ""3""]","[0.035991851106316405, 0.1972644619745595, 0.354806749691044, 0.4119369372280801]","[0.06, 0.206667, 0.566667, 0.166667]"
d1-omni,typed_security_incidents,security_incidents_000020,credential_compromise,noul,0,0,"[""false"", ""true""]","[0.5417144298553467, 0.4582855701446533]","[0.573333, 0.426667]"
d1-omni,typed_security_incidents,security_incidents_000020,disposition,choice,2,2,"[""close_benign"", ""contain"", ""investigate"", ""monitor""]","[0.03353858974231598, 0.38553394287499276, 0.5064314396279088, 0.07449602775478249]","[0.15, 0.066667, 0.55, 0.233333]"
d1-omni,typed_security_incidents,security_incidents_000020,severity,score,2,2,"[""0"", ""1"", ""2"", ""3"", ""4""]","[0.05238956938538861, 0.034972470123423374, 0.49883445911543645, 0.2891294349389917, 0.12467406643675988]","[0.05, 0.133333, 0.533333, 0.233333, 0.05]"
d1-omni,typed_security_incidents,security_incidents_000020,true_positive,noul,1,1,"[""false"", ""true""]","[0.29809659719467163, 0.7019034028053284]","[0.433333, 0.566667]"
d1-omni,typed_security_incidents,security_incidents_000020,urgency,score,2,3,"[""0"", ""1"", ""2"", ""3""]","[0.036177016255602, 0.07105869693966661, 0.32510062567739745, 0.5676636611273339]","[0.05, 0.333333, 0.466667, 0.15]"
d1-omni,typed_security_incidents,security_incidents_000021,credential_compromise,noul,1,0,"[""false"", ""true""]","[0.5324074923992157, 0.4675925076007843]","[0.4, 0.6]"
d1-omni,typed_security_incidents,security_incidents_000021,disposition,choice,2,2,"[""close_benign"", ""contain"", ""investigate"", ""monitor""]","[0.13803724533208472, 0.2653820137565728, 0.38235964231611363, 0.21422109859522884]","[0.05, 0.083333, 0.666667, 0.2]"
d1-omni,typed_security_incidents,security_incidents_000021,severity,score,3,2,"[""0"", ""1"", ""2"", ""3"", ""4""]","[0.00782657775541279, 0.025897832201453565, 0.66949289039533, 0.2673944195003149, 0.02938828014748871]","[0.0, 0.05, 0.266667, 0.616667, 0.066667]"
d1-omni,typed_security_incidents,security_incidents_000021,true_positive,noul,1,1,"[""false"", ""true""]","[0.2563801407814026, 0.7436198592185974]","[0.35, 0.65]"
d1-omni,typed_security_incidents,security_incidents_000021,urgency,score,3,2,"[""0"", ""1"", ""2"", ""3""]","[0.054351649773481114, 0.16882972293473986, 0.3919170469647866, 0.3849015803269924]","[0.016667, 0.166667, 0.4, 0.416667]"
d1-omni,typed_security_incidents,security_incidents_000022,credential_compromise,noul,0,0,"[""false"", ""true""]","[0.8527236133813858, 0.1472763866186142]","[0.6, 0.4]"
d1-omni,typed_security_incidents,security_incidents_000022,disposition,choice,2,2,"[""close_benign"", ""contain"", ""investigate"", ""monitor""]","[0.19861298207601957, 0.15580339265455626, 0.3974689126769032, 0.24811471259252094]","[0.1, 0.066667, 0.6, 0.233333]"
d1-omni,typed_security_incidents,security_incidents_000022,severity,score,2,2,"[""0"", ""1"", ""2"", ""3"", ""4""]","[0.04726694060963038, 0.04067719225151493, 0.6140693196099591, 0.29125146813699415, 0.006735079391901457]","[0.016667, 0.166667, 0.4, 0.35, 0.066667]"
d1-omni,typed_security_incidents,security_incidents_000022,true_positive,noul,0,0,"[""false"", ""true""]","[0.9507836773991585, 0.04921632260084152]","[0.516667, 0.483333]"
d1-omni,typed_security_incidents,security_incidents_000022,urgency,score,2,1,"[""0"", ""1"", ""2"", ""3""]","[0.10717300910989927, 0.43650343363726984, 0.26442688309510226, 0.19189667415772865]","[0.05, 0.266667, 0.5, 0.183333]"
d1-omni,typed_security_incidents,security_incidents_000023,credential_compromise,noul,0,0,"[""false"", ""true""]","[0.8063044100999832, 0.19369558990001678]","[0.75, 0.25]"
d1-omni,typed_security_incidents,security_incidents_000023,disposition,choice,2,2,"[""close_benign"", ""contain"", ""investigate"", ""monitor""]","[0.10764177911895505, 0.051817547780588794, 0.7294662105650016, 0.11107446253545461]","[0.116667, 0.1, 0.583333, 0.2]"
d1-omni,typed_security_incidents,security_incidents_000023,severity,score,3,2,"[""0"", ""1"", ""2"", ""3"", ""4""]","[0.04686308486312886, 0.057292764841462424, 0.5726552402964801, 0.308422345928802, 0.014766564070126569]","[0.016667, 0.066667, 0.3, 0.45, 0.166667]"
d1-omni,typed_security_incidents,security_incidents_000023,true_positive,noul,0,0,"[""false"", ""true""]","[0.8372272849082947, 0.16277271509170532]","[0.64, 0.36]"
d1-omni,typed_security_incidents,security_incidents_000023,urgency,score,3,3,"[""0"", ""1"", ""2"", ""3""]","[0.038029469082794295, 0.3021797498693103, 0.2732944722688677, 0.3864963087790277]","[0.05, 0.283333, 0.283333, 0.383333]"
d1-omni,typed_security_incidents,security_incidents_000024,credential_compromise,noul,0,1,"[""false"", ""true""]","[0.3169372081756592, 0.6830627918243408]","[0.516667, 0.483333]"
d1-omni,typed_security_incidents,security_incidents_000024,disposition,choice,2,2,"[""close_benign"", ""contain"", ""investigate"", ""monitor""]","[0.15775787477736455, 0.21608609968231396, 0.521515953804941, 0.10464007173538048]","[0.05, 0.083333, 0.666667, 0.2]"
d1-omni,typed_security_incidents,security_incidents_000024,severity,score,3,2,"[""0"", ""1"", ""2"", ""3"", ""4""]","[0.04371299189542985, 0.04619914631397168, 0.48931070797658927, 0.3691734346063924, 0.05160371920761675]","[0.0, 0.05, 0.333333, 0.516667, 0.1]"
d1-omni,typed_security_incidents,security_incidents_000024,true_positive,noul,1,1,"[""false"", ""true""]","[0.2814256548881531, 0.7185743451118469]","[0.383333, 0.616667]"
d1-omni,typed_security_incidents,security_incidents_000024,urgency,score,2,3,"[""0"", ""1"", ""2"", ""3""]","[0.04920931307105163, 0.20338689396938367, 0.3410899740782372, 0.4063138188813275]","[0.0, 0.15, 0.483333, 0.366667]"
d1-omni,typed_security_incidents,security_incidents_000025,credential_compromise,noul,1,0,"[""false"", ""true""]","[0.57339808344841, 0.42660191655158997]","[0.5, 0.5]"
d1-omni,typed_security_incidents,security_incidents_000025,disposition,choice,2,2,"[""close_benign"", ""contain"", ""investigate"", ""monitor""]","[0.06306039964812693, 0.2563665681131118, 0.4159387032944585, 0.2646343289443028]","[0.083333, 0.116667, 0.55, 0.25]"
d1-omni,typed_security_incidents,security_incidents_000025,severity,score,2,2,"[""0"", ""1"", ""2"", ""3"", ""4""]","[0.02473609754324141, 0.10086107441896712, 0.6192140694561241, 0.22942667136763542, 0.02576208721403195]","[0.05, 0.15, 0.4, 0.35, 0.05]"
d1-omni,typed_security_incidents,security_incidents_000025,true_positive,noul,1,0,"[""false"", ""true""]","[0.5872626602649689, 0.41273733973503113]","[0.383333, 0.616667]"
d1-omni,typed_security_incidents,security_incidents_000025,urgency,score,3,3,"[""0"", ""1"", ""2"", ""3""]","[0.053294668493926604, 0.0920400735157761, 0.3984318553700382, 0.456233402620259]","[0.05, 0.15, 0.366667, 0.433333]"
d1-omni,typed_security_incidents,security_incidents_000026,credential_compromise,noul,0,0,"[""false"", ""true""]","[0.714706540107727, 0.28529345989227295]","[0.583333, 0.416667]"
d1-omni,typed_security_incidents,security_incidents_000026,disposition,choice,2,2,"[""close_benign"", ""contain"", ""investigate"", ""monitor""]","[0.13059376958571492, 0.13703353029689375, 0.4938498433738854, 0.238522856743506]","[0.083333, 0.083333, 0.533333, 0.3]"
d1-omni,typed_security_incidents,security_incidents_000026,severity,score,2,3,"[""0"", ""1"", ""2"", ""3"", ""4""]","[0.026138748194612618, 0.04514170303518465, 0.40280859461997165, 0.48132635708670746, 0.04458459706352362]","[0.033333, 0.116667, 0.433333, 0.333333, 0.083333]"
d1-omni,typed_security_incidents,security_incidents_000026,true_positive,noul,1,0,"[""false"", ""true""]","[0.604443222284317, 0.395556777715683]","[0.5, 0.5]"
d1-omni,typed_security_incidents,security_incidents_000026,urgency,score,2,2,"[""0"", ""1"", ""2"", ""3""]","[0.030617121473701204, 0.32553703450822047, 0.3270103718240503, 0.316835472194028]","[0.05, 0.183333, 0.483333, 0.283333]"
d1-omni,typed_security_incidents,security_incidents_000027,credential_compromise,noul,1,0,"[""false"", ""true""]","[0.5331072807312012, 0.46689271926879883]","[0.5, 0.5]"
d1-omni,typed_security_incidents,security_incidents_000027,disposition,choice,2,1,"[""close_benign"", ""contain"", ""investigate"", ""monitor""]","[0.09398075543272329, 0.41488812919289353, 0.3667284684899624, 0.12440264688442076]","[0.05, 0.116667, 0.566667, 0.266667]"
d1-omni,typed_security_incidents,security_incidents_000027,severity,score,2,2,"[""0"", ""1"", ""2"", ""3"", ""4""]","[0.08566140809426427, 0.06943749377736845, 0.45604239195427326, 0.3244795082330887, 0.0643791979410053]","[0.1, 0.316667, 0.45, 0.1, 0.033333]"
d1-omni,typed_security_incidents,security_incidents_000027,true_positive,noul,1,1,"[""false"", ""true""]","[0.3499200940132141, 0.6500799059867859]","[0.323333, 0.676667]"
d1-omni,typed_security_incidents,security_incidents_000027,urgency,score,2,3,"[""0"", ""1"", ""2"", ""3""]","[0.05901569215976733, 0.08643318841506821, 0.29736271943692444, 0.55718839998824]","[0.05, 0.2, 0.516667, 0.233333]"
d1-omni,typed_security_incidents,security_incidents_000028,credential_compromise,noul,1,1,"[""false"", ""true""]","[0.45959192514419556, 0.5404080748558044]","[0.233333, 0.766667]"
d1-omni,typed_security_incidents,security_incidents_000028,disposition,choice,1,1,"[""close_benign"", ""contain"", ""investigate"", ""monitor""]","[0.1073551220490002, 0.5223242484830544, 0.2671505133166756, 0.1031701161512698]","[0.0, 0.7, 0.233333, 0.066667]"
d1-omni,typed_security_incidents,security_incidents_000028,severity,score,4,2,"[""0"", ""1"", ""2"", ""3"", ""4""]","[0.02087200266189876, 0.042987302346036795, 0.4556143028253159, 0.35866555905589426, 0.12186083311085434]","[0.003333, 0.013333, 0.066667, 0.25, 0.666667]"
d1-omni,typed_security_incidents,security_incidents_000028,true_positive,noul,1,1,"[""false"", ""true""]","[0.25761115550994873, 0.7423888444900513]","[0.116667, 0.883333]"
d1-omni,typed_security_incidents,security_incidents_000028,urgency,score,3,3,"[""0"", ""1"", ""2"", ""3""]","[0.07657887786626816, 0.065236397087574, 0.34996071457862854, 0.5082240104675293]","[0.006667, 0.043333, 0.166667, 0.783333]"
d1-omni,typed_security_incidents,security_incidents_000029,credential_compromise,noul,1,1,"[""false"", ""true""]","[0.38199692964553833, 0.6180030703544617]","[0.266667, 0.733333]"
d1-omni,typed_security_incidents,security_incidents_000029,disposition,choice,2,1,"[""close_benign"", ""contain"", ""investigate"", ""monitor""]","[0.11422914777230386, 0.4128883963624416, 0.26735450032448027, 0.20552795554077427]","[0.083333, 0.25, 0.366667, 0.3]"
d1-omni,typed_security_incidents,security_incidents_000029,severity,score,3,2,"[""0"", ""1"", ""2"", ""3"", ""4""]","[0.017458571348730474, 0.07159004453780188, 0.6620311227333133, 0.2256640672304639, 0.023256194149690417]","[0.016667, 0.066667, 0.25, 0.5, 0.166667]"
d1-omni,typed_security_incidents,security_incidents_000029,true_positive,noul,1,1,"[""false"", ""true""]","[0.28823012113571167, 0.7117698788642883]","[0.373333, 0.626667]"
d1-omni,typed_security_incidents,security_incidents_000029,urgency,score,3,3,"[""0"", ""1"", ""2"", ""3""]","[0.015431467159107348, 0.25772301442691653, 0.17340701055090452, 0.5534385078630716]","[0.05, 0.15, 0.383333, 0.416667]"
d1-omni,typed_security_incidents,security_incidents_000030,credential_compromise,noul,1,1,"[""false"", ""true""]","[0.2978054881095886, 0.7021945118904114]","[0.406667, 0.593333]"
d1-omni,typed_security_incidents,security_incidents_000030,disposition,choice,1,1,"[""close_benign"", ""contain"", ""investigate"", ""monitor""]","[0.1401304537135633, 0.4640517809421886, 0.25436140622862613, 0.141456359115622]","[0.003333, 0.56, 0.183333, 0.253333]"
d1-omni,typed_security_incidents,security_incidents_000030,severity,score,4,2,"[""0"", ""1"", ""2"", ""3"", ""4""]","[0.012918992353051674, 0.027031401977878868, 0.4620247620947588, 0.450436963153987, 0.04758788042032362]","[0.0, 0.033333, 0.233333, 0.233333, 0.5]"
d1-omni,typed_security_incidents,security_incidents_000030,true_positive,noul,1,1,"[""false"", ""true""]","[0.24441909790039062, 0.7555809020996094]","[0.253333, 0.746667]"
d1-omni,typed_security_incidents,security_incidents_000030,urgency,score,3,2,"[""0"", ""1"", ""2"", ""3""]","[0.030747923629043585, 0.08618603765730659, 0.7348930897920756, 0.14817294892157426]","[0.0, 0.083333, 0.3, 0.616667]"
d1-omni,typed_security_incidents,security_incidents_000031,credential_compromise,noul,1,1,"[""false"", ""true""]","[0.27682673931121826, 0.7231732606887817]","[0.086667, 0.913333]"
d1-omni,typed_security_incidents,security_incidents_000031,disposition,choice,1,1,"[""close_benign"", ""contain"", ""investigate"", ""monitor""]","[0.08388480601658772, 0.6900097758314943, 0.14464269883133704, 0.08146271932058101]","[0.006667, 0.666667, 0.3, 0.026667]"
d1-omni,typed_security_incidents,security_incidents_000031,severity,score,2,2,"[""0"", ""1"", ""2"", ""3"", ""4""]","[0.0275596323841072, 0.050359375681058735, 0.39717075154712284, 0.2345984871786116, 0.29031175320909963]","[0.003333, 0.066667, 0.566667, 0.313333, 0.05]"
d1-omni,typed_security_incidents,security_incidents_000031,true_positive,noul,1,1,"[""false"", ""true""]","[0.0953599214553833, 0.9046400785446167]","[0.033333, 0.966667]"
d1-omni,typed_security_incidents,security_incidents_000031,urgency,score,3,3,"[""0"", ""1"", ""2"", ""3""]","[0.032692355218411184, 0.0979475373221717, 0.35998195439725, 0.5093781530621672]","[0.003333, 0.03, 0.133333, 0.833333]"
d1-omni,typed_security_incidents,security_incidents_000032,credential_compromise,noul,0,0,"[""false"", ""true""]","[0.8331332802772522, 0.1668667197227478]","[0.94, 0.06]"
d1-omni,typed_security_incidents,security_incidents_000032,disposition,choice,0,3,"[""close_benign"", ""contain"", ""investigate"", ""monitor""]","[0.15268839668201808, 0.12027990638792654, 0.3244563292792986, 0.40257536765075674]","[0.766667, 0.0, 0.066667, 0.166667]"
d1-omni,typed_security_incidents,security_incidents_000032,severity,score,2,2,"[""0"", ""1"", ""2"", ""3"", ""4""]","[0.15329543055892367, 0.08160384158946636, 0.5326295003157291, 0.21943915319463445, 0.013032074341246449]","[0.36, 0.156667, 0.416667, 0.066667, 0.0]"
d1-omni,typed_security_incidents,security_incidents_000032,true_positive,noul,0,0,"[""false"", ""true""]","[0.9798554144799709, 0.020144585520029068]","[0.91, 0.09]"
d1-omni,typed_security_incidents,security_incidents_000032,urgency,score,0,1,"[""0"", ""1"", ""2"", ""3""]","[0.09791367719874555, 0.5788104663523391, 0.16309766835937653, 0.16017818808953885]","[0.463333, 0.453333, 0.066667, 0.016667]"
d1-omni,typed_security_incidents,security_incidents_000033,credential_compromise,noul,0,0,"[""false"", ""true""]","[0.573956161737442, 0.426043838262558]","[0.65, 0.35]"
d1-omni,typed_security_incidents,security_incidents_000033,disposition,choice,2,2,"[""close_benign"", ""contain"", ""investigate"", ""monitor""]","[0.25265490632273396, 0.15634716814239072, 0.3973114431305015, 0.19368648240437386]","[0.083333, 0.066667, 0.566667, 0.283333]"
d1-omni,typed_security_incidents,security_incidents_000033,severity,score,2,2,"[""0"", ""1"", ""2"", ""3"", ""4""]","[0.16427748150046886, 0.14715540628366777, 0.3586321526561998, 0.20922783328932276, 0.12070712627034078]","[0.133333, 0.366667, 0.366667, 0.133333, 0.0]"
d1-omni,typed_security_incidents,security_incidents_000033,true_positive,noul,1,0,"[""false"", ""true""]","[0.6959531903266907, 0.3040468096733093]","[0.45, 0.55]"
d1-omni,typed_security_incidents,security_incidents_000033,urgency,score,1,3,"[""0"", ""1"", ""2"", ""3""]","[0.04784853330423832, 0.320613678686913, 0.27220254832279817, 0.3593352396860506]","[0.1, 0.4, 0.383333, 0.116667]"
d1-omni,typed_security_incidents,security_incidents_000034,credential_compromise,noul,1,0,"[""false"", ""true""]","[0.6464217603206635, 0.35357823967933655]","[0.433333, 0.566667]"
d1-omni,typed_security_incidents,security_incidents_000034,disposition,choice,2,2,"[""close_benign"", ""contain"", ""investigate"", ""monitor""]","[0.07009284093837677, 0.3525183744353298, 0.4023398100981145, 0.17504897452817894]","[0.043333, 0.3, 0.583333, 0.073333]"
d1-omni,typed_security_incidents,security_incidents_000034,severity,score,3,2,"[""0"", ""1"", ""2"", ""3"", ""4""]","[0.004754853536711663, 0.01978584793868894, 0.4850586458634109, 0.4801553590629001, 0.01024529359828844]","[0.0, 0.033333, 0.116667, 0.616667, 0.233333]"
d1-omni,typed_security_incidents,security_incidents_000034,true_positive,noul,1,1,"[""false"", ""true""]","[0.38154739141464233, 0.6184526085853577]","[0.266667, 0.733333]"
d1-omni,typed_security_incidents,security_incidents_000034,urgency,score,3,2,"[""0"", ""1"", ""2"", ""3""]","[0.004911500399775367, 0.0239640604155966, 0.7425606810929395, 0.22856375809168852]","[0.016667, 0.083333, 0.25, 0.65]"
d1-omni,typed_security_incidents,security_incidents_000035,credential_compromise,noul,1,1,"[""false"", ""true""]","[0.3261258006095886, 0.6738741993904114]","[0.436667, 0.563333]"
d1-omni,typed_security_incidents,security_incidents_000035,disposition,choice,2,2,"[""close_benign"", ""contain"", ""investigate"", ""monitor""]","[0.09250201836240401, 0.16771721349461158, 0.5951203462553231, 0.14466042188766134]","[0.003333, 0.25, 0.466667, 0.28]"
d1-omni,typed_security_incidents,security_incidents_000035,severity,score,4,2,"[""0"", ""1"", ""2"", ""3"", ""4""]","[0.0037006107072797357, 0.018509967209515237, 0.5899758325191777, 0.30070456792436406, 0.0871090216396632]","[0.003333, 0.046667, 0.2, 0.316667, 0.433333]"
d1-omni,typed_security_incidents,security_incidents_000035,true_positive,noul,1,1,"[""false"", ""true""]","[0.21234184503555298, 0.787658154964447]","[0.34, 0.66]"
d1-omni,typed_security_incidents,security_incidents_000035,urgency,score,3,3,"[""0"", ""1"", ""2"", ""3""]","[0.036605273942120424, 0.15810302547787608, 0.18769898289698664, 0.6175927176830168]","[0.0, 0.133333, 0.283333, 0.583333]"
d1-omni,typed_security_incidents,security_incidents_000036,credential_compromise,noul,1,0,"[""false"", ""true""]","[0.6165666282176971, 0.38343337178230286]","[0.416667, 0.583333]"
d1-omni,typed_security_incidents,security_incidents_000036,disposition,choice,2,2,"[""close_benign"", ""contain"", ""investigate"", ""monitor""]","[0.11074131064669274, 0.32086804748228226, 0.42077583388072126, 0.1476148079903037]","[0.066667, 0.133333, 0.583333, 0.216667]"
d1-omni,typed_security_incidents,security_incidents_000036,severity,score,3,2,"[""0"", ""1"", ""2"", ""3"", ""4""]","[0.04084006521977205, 0.0967512610828895, 0.44364718682340293, 0.3908448051858125, 0.02791668168812305]","[0.02, 0.1, 0.366667, 0.416667, 0.096667]"
d1-omni,typed_security_incidents,security_incidents_000036,true_positive,noul,1,0,"[""false"", ""true""]","[0.6146250069141388, 0.3853749930858612]","[0.4, 0.6]"
d1-omni,typed_security_incidents,security_incidents_000036,urgency,score,2,3,"[""0"", ""1"", ""2"", ""3""]","[0.024816860497891252, 0.11379624500474211, 0.41283546417230027, 0.44855143032506634]","[0.033333, 0.183333, 0.45, 0.333333]"
d1-omni,typed_security_incidents,security_incidents_000037,credential_compromise,noul,1,0,"[""false"", ""true""]","[0.7310223877429962, 0.2689776122570038]","[0.483333, 0.516667]"
d1-omni,typed_security_incidents,security_incidents_000037,disposition,choice,2,2,"[""close_benign"", ""contain"", ""investigate"", ""monitor""]","[0.18154678154468792, 0.1096727202014488, 0.5648165471438292, 0.1439639511100341]","[0.066667, 0.083333, 0.65, 0.2]"
d1-omni,typed_security_incidents,security_incidents_000037,severity,score,2,2,"[""0"", ""1"", ""2"", ""3"", ""4""]","[0.1355214318454799, 0.09295142788259043, 0.5010361262051808, 0.25186566456651927, 0.018625349500229562]","[0.1, 0.283333, 0.433333, 0.16, 0.023333]"
d1-omni,typed_security_incidents,security_incidents_000037,true_positive,noul,1,0,"[""false"", ""true""]","[0.8232751935720444, 0.17672480642795563]","[0.366667, 0.633333]"
d1-omni,typed_security_incidents,security_incidents_000037,urgency,score,1,2,"[""0"", ""1"", ""2"", ""3""]","[0.027597133956205947, 0.2814231713357563, 0.37234716289751957, 0.31863253181051815]","[0.05, 0.45, 0.4, 0.1]"
d1-omni,typed_security_incidents,security_incidents_000038,credential_compromise,noul,0,0,"[""false"", ""true""]","[0.784826397895813, 0.215173602104187]","[0.523333, 0.476667]"
d1-omni,typed_security_incidents,security_incidents_000038,disposition,choice,2,2,"[""close_benign"", ""contain"", ""investigate"", ""monitor""]","[0.08846952370690449, 0.16706907002319082, 0.6682339607968646, 0.0762274454730401]","[0.023333, 0.266667, 0.6, 0.11]"
d1-omni,typed_security_incidents,security_incidents_000038,severity,score,3,3,"[""0"", ""1"", ""2"", ""3"", ""4""]","[0.07849042811483797, 0.11626056505942349, 0.39182394487525557, 0.40145039296694773, 0.011974668983535205]","[0.0, 0.016667, 0.216667, 0.616667, 0.15]"
d1-omni,typed_security_incidents,security_incidents_000038,true_positive,noul,1,0,"[""false"", ""true""]","[0.8227095752954483, 0.1772904247045517]","[0.206667, 0.793333]"
d1-omni,typed_security_incidents,security_incidents_000038,urgency,score,3,3,"[""0"", ""1"", ""2"", ""3""]","[0.04835169438149594, 0.22171381119322553, 0.34551814861846464, 0.3844163458068139]","[0.0, 0.083333, 0.266667, 0.65]"
d1-omni,typed_security_incidents,security_incidents_000039,credential_compromise,noul,1,0,"[""false"", ""true""]","[0.5243753492832184, 0.4756246507167816]","[0.266667, 0.733333]"
d1-omni,typed_security_incidents,security_incidents_000039,disposition,choice,2,2,"[""close_benign"", ""contain"", ""investigate"", ""monitor""]","[0.08129093172089653, 0.2817372423669285, 0.5096665100703613, 0.12730531584181362]","[0.02, 0.316667, 0.5, 0.163333]"
d1-omni,typed_security_incidents,security_incidents_000039,severity,score,3,2,"[""0"", ""1"", ""2"", ""3"", ""4""]","[0.02414024412501376, 0.07071044230171998, 0.5502480813278995, 0.3280584483588259, 0.026842783886540832]","[0.003333, 0.046667, 0.316667, 0.55, 0.083333]"
d1-omni,typed_security_incidents,security_incidents_000039,true_positive,noul,1,1,"[""false"", ""true""]","[0.2847559452056885, 0.7152440547943115]","[0.15, 0.85]"
d1-omni,typed_security_incidents,security_incidents_000039,urgency,score,3,3,"[""0"", ""1"", ""2"", ""3""]","[0.019348938907643127, 0.1817033795528277, 0.338840109950522, 0.46010757158900717]","[0.023333, 0.093333, 0.283333, 0.6]"
d1-omni,typed_security_incidents,security_incidents_000040,credential_compromise,noul,1,0,"[""false"", ""true""]","[0.6672554612159729, 0.3327445387840271]","[0.483333, 0.516667]"
d1-omni,typed_security_incidents,security_incidents_000040,disposition,choice,2,2,"[""close_benign"", ""contain"", ""investigate"", ""monitor""]","[0.1719927736522921, 0.13111671414623516, 0.5343467433945315, 0.16254376880694124]","[0.066667, 0.133333, 0.55, 0.25]"
d1-omni,typed_security_incidents,security_incidents_000040,severity,score,2,2,"[""0"", ""1"", ""2"", ""3"", ""4""]","[0.10678134858608246, 0.10983791202306747, 0.5148654580116272, 0.19666823744773865, 0.07184704393148422]","[0.083333, 0.316667, 0.416667, 0.156667, 0.026667]"
d1-omni,typed_security_incidents,security_incidents_000040,true_positive,noul,1,1,"[""false"", ""true""]","[0.3375762701034546, 0.6624237298965454]","[0.3, 0.7]"
d1-omni,typed_security_incidents,security_incidents_000040,urgency,score,2,3,"[""0"", ""1"", ""2"", ""3""]","[0.07888573760773558, 0.20293580902825933, 0.23714644776939367, 0.4810320055946114]","[0.066667, 0.383333, 0.416667, 0.133333]"
d1-omni,typed_security_incidents,security_incidents_000041,credential_compromise,noul,0,0,"[""false"", ""true""]","[0.7144675254821777, 0.28553247451782227]","[0.833333, 0.166667]"
d1-omni,typed_security_incidents,security_incidents_000041,disposition,choice,0,2,"[""close_benign"", ""contain"", ""investigate"", ""monitor""]","[0.31628162611370164, 0.10106014016449869, 0.43329678277065703, 0.14936145095114264]","[0.366667, 0.016667, 0.333333, 0.283333]"
d1-omni,typed_security_incidents,security_incidents_000041,severity,score,0,2,"[""0"", ""1"", ""2"", ""3"", ""4""]","[0.10932110575798469, 0.11857790108257238, 0.4249635763455503, 0.2701838991100758, 0.07695351770381682]","[0.533333, 0.333333, 0.1, 0.03, 0.003333]"
d1-omni,typed_security_incidents,security_incidents_000041,true_positive,noul,0,1,"[""false"", ""true""]","[0.390244722366333, 0.609755277633667]","[0.666667, 0.333333]"
d1-omni,typed_security_incidents,security_incidents_000041,urgency,score,1,1,"[""0"", ""1"", ""2"", ""3""]","[0.10621181288677176, 0.33479777477380296, 0.23969622313523625, 0.319294189204189]","[0.356667, 0.426667, 0.2, 0.016667]"
d1-omni,typed_security_incidents,security_incidents_000042,credential_compromise,noul,1,1,"[""false"", ""true""]","[0.2944614291191101, 0.7055385708808899]","[0.45, 0.55]"
d1-omni,typed_security_incidents,security_incidents_000042,disposition,choice,3,2,"[""close_benign"", ""contain"", ""investigate"", ""monitor""]","[0.1527624508993722, 0.12151926212671717, 0.5546787729257894, 0.17103951404812123]","[0.033333, 0.066667, 0.433333, 0.466667]"
d1-omni,typed_security_incidents,security_incidents_000042,severity,score,3,2,"[""0"", ""1"", ""2"", ""3"", ""4""]","[0.05164963867477265, 0.06458649928688628, 0.5722664722561793, 0.21711865552780008, 0.0943787342543617]","[0.006667, 0.06, 0.4, 0.45, 0.083333]"
d1-omni,typed_security_incidents,security_incidents_000042,true_positive,noul,1,1,"[""false"", ""true""]","[0.12393563985824585, 0.8760643601417542]","[0.5, 0.5]"
d1-omni,typed_security_incidents,security_incidents_000042,urgency,score,2,3,"[""0"", ""1"", ""2"", ""3""]","[0.04349441340393985, 0.17555515010324846, 0.2508075469894229, 0.5301428895033887]","[0.02, 0.18, 0.416667, 0.383333]"
d1-omni,typed_security_incidents,security_incidents_000043,credential_compromise,noul,1,1,"[""false"", ""true""]","[0.3999086618423462, 0.6000913381576538]","[0.123333, 0.876667]"
d1-omni,typed_security_incidents,security_incidents_000043,disposition,choice,1,1,"[""close_benign"", ""contain"", ""investigate"", ""monitor""]","[0.11181234896882068, 0.4704110447164236, 0.3015098161432961, 0.11626679017145969]","[0.0, 0.726667, 0.223333, 0.05]"
d1-omni,typed_security_incidents,security_incidents_000043,severity,score,4,2,"[""0"", ""1"", ""2"", ""3"", ""4""]","[0.007088939381795723, 0.014018689654332265, 0.6057105225163977, 0.3555127774664333, 0.017669070981041084]","[0.0, 0.0, 0.05, 0.216667, 0.733333]"
d1-omni,typed_security_incidents,security_incidents_000043,true_positive,noul,1,1,"[""false"", ""true""]","[0.28829026222229004, 0.71170973777771]","[0.093333, 0.906667]"
d1-omni,typed_security_incidents,security_incidents_000043,urgency,score,3,2,"[""0"", ""1"", ""2"", ""3""]","[0.009201805047306572, 0.044897194659076295, 0.6728199080473377, 0.27308109224627947]","[0.0, 0.026667, 0.14, 0.833333]"
d1-omni,typed_security_incidents,security_incidents_000044,credential_compromise,noul,1,0,"[""false"", ""true""]","[0.7265695631504059, 0.2734304368495941]","[0.483333, 0.516667]"
d1-omni,typed_security_incidents,security_incidents_000044,disposition,choice,2,3,"[""close_benign"", ""contain"", ""investigate"", ""monitor""]","[0.30717646389060177, 0.08504236299449884, 0.16179535921375396, 0.44598581390114544]","[0.066667, 0.1, 0.633333, 0.2]"
d1-omni,typed_security_incidents,security_incidents_000044,severity,score,3,2,"[""0"", ""1"", ""2"", ""3"", ""4""]","[0.2574987782665647, 0.09813753794244948, 0.46014968867838896, 0.1793255111849197, 0.0048884839276771615]","[0.006667, 0.06, 0.183333, 0.666667, 0.083333]"
d1-omni,typed_security_incidents,security_incidents_000044,true_positive,noul,1,0,"[""false"", ""true""]","[0.9384280890226364, 0.061571910977363586]","[0.433333, 0.566667]"
d1-omni,typed_security_incidents,security_incidents_000044,urgency,score,2,1,"[""0"", ""1"", ""2"", ""3""]","[0.10695293199095622, 0.5982218011551276, 0.21755834734284682, 0.07726691951106934]","[0.016667, 0.116667, 0.483333, 0.383333]"
d1-omni,typed_security_incidents,security_incidents_000045,credential_compromise,noul,1,0,"[""false"", ""true""]","[0.9579658471047878, 0.04203415289521217]","[0.4, 0.6]"
d1-omni,typed_security_incidents,security_incidents_000045,disposition,choice,2,2,"[""close_benign"", ""contain"", ""investigate"", ""monitor""]","[0.20302902767148695, 0.07031631679285517, 0.5851978237985916, 0.14145683173706627]","[0.066667, 0.083333, 0.616667, 0.233333]"
d1-omni,typed_security_incidents,security_incidents_000045,severity,score,2,3,"[""0"", ""1"", ""2"", ""3"", ""4""]","[0.10820786811152655, 0.07231536611997352, 0.3538863411967068, 0.4582215017661762, 0.007368922805616915]","[0.066667, 0.233333, 0.5, 0.15, 0.05]"
d1-omni,typed_security_incidents,security_incidents_000045,true_positive,noul,1,0,"[""false"", ""true""]","[0.8021319359540939, 0.19786806404590607]","[0.333333, 0.666667]"
d1-omni,typed_security_incidents,security_incidents_000045,urgency,score,2,2,"[""0"", ""1"", ""2"", ""3""]","[0.017467077886563084, 0.29871851317107123, 0.34750339518302453, 0.33631101375934114]","[0.05, 0.216667, 0.5, 0.233333]"
d1-omni,typed_security_incidents,security_incidents_000046,credential_compromise,noul,1,0,"[""false"", ""true""]","[0.5368182957172394, 0.4631817042827606]","[0.35, 0.65]"
d1-omni,typed_security_incidents,security_incidents_000046,disposition,choice,2,2,"[""close_benign"", ""contain"", ""investigate"", ""monitor""]","[0.03807257747433849, 0.3600613665562461, 0.5267037592320514, 0.07516229673736403]","[0.03, 0.25, 0.616667, 0.103333]"
d1-omni,typed_security_incidents,security_incidents_000046,severity,score,3,2,"[""0"", ""1"", ""2"", ""3"", ""4""]","[0.061391314524671003, 0.06576785994267881, 0.5234728895582887, 0.2740589596611571, 0.07530897631320428]","[0.013333, 0.036667, 0.266667, 0.566667, 0.116667]"
d1-omni,typed_security_incidents,security_incidents_000046,true_positive,noul,1,1,"[""false"", ""true""]","[0.3382646441459656, 0.6617353558540344]","[0.223333, 0.776667]"
d1-omni,typed_security_incidents,security_incidents_000046,urgency,score,3,3,"[""0"", ""1"", ""2"", ""3""]","[0.014559096887246378, 0.08134178200998371, 0.2835032388750045, 0.6205958822277654]","[0.033333, 0.1, 0.283333, 0.583333]"
d1-omni,typed_security_incidents,security_incidents_000047,credential_compromise,noul,0,0,"[""false"", ""true""]","[0.9326717033982277, 0.06732829660177231]","[0.65, 0.35]"
d1-omni,typed_security_incidents,security_incidents_000047,disposition,choice,2,2,"[""close_benign"", ""contain"", ""investigate"", ""monitor""]","[0.21497766144473826, 0.17670997277095793, 0.4799302434890081, 0.1283821222952957]","[0.116667, 0.04, 0.426667, 0.416667]"
d1-omni,typed_security_incidents,security_incidents_000047,severity,score,2,2,"[""0"", ""1"", ""2"", ""3"", ""4""]","[0.16529688836334316, 0.08084914396586795, 0.6020459803578753, 0.14041709141415423, 0.0113908958987594]","[0.05, 0.233333, 0.466667, 0.2, 0.05]"
d1-omni,typed_security_incidents,security_incidents_000047,true_positive,noul,0,0,"[""false"", ""true""]","[0.7413507103919983, 0.2586492896080017]","[0.516667, 0.483333]"
d1-omni,typed_security_incidents,security_incidents_000047,urgency,score,2,1,"[""0"", ""1"", ""2"", ""3""]","[0.0709991444498428, 0.43220841240572316, 0.21343777755740617, 0.2833546655870279]","[0.05, 0.25, 0.483333, 0.216667]"
d1-omni,typed_security_incidents,security_incidents_000048,credential_compromise,noul,1,0,"[""false"", ""true""]","[0.9567820392549038, 0.04321796074509621]","[0.45, 0.55]"
d1-omni,typed_security_incidents,security_incidents_000048,disposition,choice,2,2,"[""close_benign"", ""contain"", ""investigate"", ""monitor""]","[0.09604531812802905, 0.1991000234812505, 0.5668110420349551, 0.13804361635576534]","[0.05, 0.116667, 0.65, 0.183333]"
d1-omni,typed_security_incidents,security_incidents_000048,severity,score,3,2,"[""0"", ""1"", ""2"", ""3"", ""4""]","[0.05519159366808401, 0.1382648312752924, 0.38714461509133763, 0.37898262346953765, 0.04041633649574833]","[0.01, 0.04, 0.133333, 0.6, 0.216667]"
d1-omni,typed_security_incidents,security_incidents_000048,true_positive,noul,1,0,"[""false"", ""true""]","[0.8435934036970139, 0.15640659630298615]","[0.4, 0.6]"
d1-omni,typed_security_incidents,security_incidents_000048,urgency,score,3,2,"[""0"", ""1"", ""2"", ""3""]","[0.041474831131749434, 0.2750968984346259, 0.3883870316368906, 0.29504123879673405]","[0.016667, 0.083333, 0.333333, 0.566667]"
d1-omni,typed_security_incidents,security_incidents_000049,credential_compromise,noul,0,0,"[""false"", ""true""]","[0.6181932985782623, 0.38180670142173767]","[0.583333, 0.416667]"
d1-omni,typed_security_incidents,security_incidents_000049,disposition,choice,2,1,"[""close_benign"", ""contain"", ""investigate"", ""monitor""]","[0.12585458909598524, 0.5021917523259969, 0.26460568693910164, 0.10734797163891623]","[0.056667, 0.06, 0.533333, 0.35]"
d1-omni,typed_security_incidents,security_incidents_000049,severity,score,1,2,"[""0"", ""1"", ""2"", ""3"", ""4""]","[0.06204119648254197, 0.09635795410354196, 0.49151676476461703, 0.2863389700976967, 0.06374511455160231]","[0.15, 0.433333, 0.333333, 0.08, 0.003333]"
d1-omni,typed_security_incidents,security_incidents_000049,true_positive,noul,0,0,"[""false"", ""true""]","[0.7846531420946121, 0.21534685790538788]","[0.55, 0.45]"
d1-omni,typed_security_incidents,security_incidents_000049,urgency,score,2,1,"[""0"", ""1"", ""2"", ""3""]","[0.05870978096079326, 0.35558574994371367, 0.2632001310974345, 0.3225043379980586]","[0.05, 0.366667, 0.45, 0.133333]"
d1-omni,typed_security_incidents,security_incidents_000050,credential_compromise,noul,1,0,"[""false"", ""true""]","[0.5471834242343903, 0.45281657576560974]","[0.183333, 0.816667]"
d1-omni,typed_security_incidents,security_incidents_000050,disposition,choice,1,2,"[""close_benign"", ""contain"", ""investigate"", ""monitor""]","[0.041990344576285824, 0.28755313907888524, 0.5312812466881004, 0.13917526965672852]","[0.01, 0.666667, 0.266667, 0.056667]"
d1-omni,typed_security_incidents,security_incidents_000050,severity,score,3,2,"[""0"", ""1"", ""2"", ""3"", ""4""]","[0.03276400451160993, 0.061236373776739864, 0.451134528096832, 0.42589452262378424, 0.02897057099103393]","[0.0, 0.033333, 0.1, 0.5, 0.366667]"
d1-omni,typed_security_incidents,security_incidents_000050,true_positive,noul,1,1,"[""false"", ""true""]","[0.2658776044845581, 0.7341223955154419]","[0.116667, 0.883333]"
d1-omni,typed_security_incidents,security_incidents_000050,urgency,score,3,3,"[""0"", ""1"", ""2"", ""3""]","[0.024802840261261845, 0.04521970983440892, 0.43471713412483326, 0.495260315779496]","[0.01, 0.056667, 0.166667, 0.766667]"
d1-omni,typed_security_incidents,security_incidents_000051,credential_compromise,noul,0,0,"[""false"", ""true""]","[0.6954258978366852, 0.3045741021633148]","[0.516667, 0.483333]"
d1-omni,typed_security_incidents,security_incidents_000051,disposition,choice,2,2,"[""close_benign"", ""contain"", ""investigate"", ""monitor""]","[0.09697999154910501, 0.2258769569330468, 0.4654549346186637, 0.2116881168991845]","[0.083333, 0.066667, 0.566667, 0.283333]"
d1-omni,typed_security_incidents,security_incidents_000051,severity,score,1,2,"[""0"", ""1"", ""2"", ""3"", ""4""]","[0.055836547166109085, 0.04375413432717323, 0.5926784873008728, 0.24905076622962952, 0.05868006497621536]","[0.1, 0.466667, 0.35, 0.07, 0.013333]"
d1-omni,typed_security_incidents,security_incidents_000051,true_positive,noul,1,1,"[""false"", ""true""]","[0.29874080419540405, 0.701259195804596]","[0.366667, 0.633333]"
d1-omni,typed_security_incidents,security_incidents_000051,urgency,score,2,2,"[""0"", ""1"", ""2"", ""3""]","[0.08381080935392032, 0.1761574504293341, 0.38692138561271355, 0.353110354604032]","[0.05, 0.35, 0.466667, 0.133333]"
d1-omni,typed_security_incidents,security_incidents_000052,credential_compromise,noul,0,0,"[""false"", ""true""]","[0.6000913083553314, 0.3999086916446686]","[0.6, 0.4]"
d1-omni,typed_security_incidents,security_incidents_000052,disposition,choice,2,2,"[""close_benign"", ""contain"", ""investigate"", ""monitor""]","[0.1512024059533356, 0.1455109821107691, 0.4716432848082994, 0.23164332712759592]","[0.06, 0.073333, 0.6, 0.266667]"
d1-omni,typed_security_incidents,security_incidents_000052,severity,score,3,2,"[""0"", ""1"", ""2"", ""3"", ""4""]","[0.09632316429085062, 0.061948837119037675, 0.4293929724457165, 0.38188061900564807, 0.030454407138747124]","[0.01, 0.066667, 0.29, 0.516667, 0.116667]"
d1-omni,typed_security_incidents,security_incidents_000052,true_positive,noul,0,0,"[""false"", ""true""]","[0.8041443824768066, 0.19585561752319336]","[0.55, 0.45]"
d1-omni,typed_security_incidents,security_incidents_000052,urgency,score,2,1,"[""0"", ""1"", ""2"", ""3""]","[0.0447022525704558, 0.36619456238319864, 0.24417609556853415, 0.3449270894778114]","[0.033333, 0.233333, 0.533333, 0.2]"
d1-omni,typed_security_incidents,security_incidents_000053,credential_compromise,noul,1,0,"[""false"", ""true""]","[0.9535975754261017, 0.046402424573898315]","[0.5, 0.5]"
d1-omni,typed_security_incidents,security_incidents_000053,disposition,choice,2,0,"[""close_benign"", ""contain"", ""investigate"", ""monitor""]","[0.4348205198401058, 0.20411984014153958, 0.18864726458051012, 0.17241237543784455]","[0.043333, 0.073333, 0.733333, 0.15]"
d1-omni,typed_security_incidents,security_incidents_000053,severity,score,3,2,"[""0"", ""1"", ""2"", ""3"", ""4""]","[0.07437582175478671, 0.2725025960709416, 0.4229031126405464, 0.2131146301866578, 0.01710383934706749]","[0.003333, 0.046667, 0.166667, 0.683333, 0.1]"
d1-omni,typed_security_incidents,security_incidents_000053,true_positive,noul,1,0,"[""false"", ""true""]","[0.9103440791368484, 0.08965592086315155]","[0.45, 0.55]"
d1-omni,typed_security_incidents,security_incidents_000053,urgency,score,3,1,"[""0"", ""1"", ""2"", ""3""]","[0.16314225659628556, 0.36921597856807803, 0.286235468704903, 0.18140629613073336]","[0.006667, 0.093333, 0.283333, 0.616667]"
d1-omni,typed_security_incidents,security_incidents_000054,credential_compromise,noul,0,0,"[""false"", ""true""]","[0.7159596383571625, 0.2840403616428375]","[0.566667, 0.433333]"
d1-omni,typed_security_incidents,security_incidents_000054,disposition,choice,2,2,"[""close_benign"", ""contain"", ""investigate"", ""monitor""]","[0.09496712293353389, 0.15985794960923305, 0.6141847600856707, 0.1309901673715624]","[0.05, 0.15, 0.65, 0.15]"
d1-omni,typed_security_incidents,security_incidents_000054,severity,score,3,2,"[""0"", ""1"", ""2"", ""3"", ""4""]","[0.06000033110380666, 0.08230584237435225, 0.5346402009522945, 0.28787705731208707, 0.035176568257459524]","[0.003333, 0.08, 0.416667, 0.45, 0.05]"
d1-omni,typed_security_incidents,security_incidents_000054,true_positive,noul,1,1,"[""false"", ""true""]","[0.36412882804870605, 0.635871171951294]","[0.233333, 0.766667]"
d1-omni,typed_security_incidents,security_incidents_000054,urgency,score,3,3,"[""0"", ""1"", ""2"", ""3""]","[0.04543699476614247, 0.22907297693957127, 0.30548785637564163, 0.42000217191864464]","[0.016667, 0.116667, 0.416667, 0.45]"
d1-omni,typed_security_incidents,security_incidents_000055,credential_compromise,noul,0,0,"[""false"", ""true""]","[0.8150616139173508, 0.18493838608264923]","[0.833333, 0.166667]"
d1-omni,typed_security_incidents,security_incidents_000055,disposition,choice,2,2,"[""close_benign"", ""contain"", ""investigate"", ""monitor""]","[0.07903284402863285, 0.15046703479140175, 0.6127784711246534, 0.157721650055312]","[0.333333, 0.066667, 0.433333, 0.166667]"
d1-omni,typed_security_incidents,security_incidents_000055,severity,score,1,2,"[""0"", ""1"", ""2"", ""3"", ""4""]","[0.05482761832275208, 0.06988894809244298, 0.49507169993460737, 0.32368721955107116, 0.05652451409912642]","[0.066667, 0.45, 0.283333, 0.166667, 0.033333]"
d1-omni,typed_security_incidents,security_incidents_000055,true_positive,noul,0,1,"[""false"", ""true""]","[0.4028128981590271, 0.5971871018409729]","[0.566667, 0.433333]"
d1-omni,typed_security_incidents,security_incidents_000055,urgency,score,1,2,"[""0"", ""1"", ""2"", ""3""]","[0.04628731379341056, 0.2681205014604405, 0.3636672849009526, 0.3219248998451963]","[0.116667, 0.5, 0.3, 0.083333]"
d1-omni,typed_security_incidents,security_incidents_000056,credential_compromise,noul,0,0,"[""false"", ""true""]","[0.556748628616333, 0.443251371383667]","[0.783333, 0.216667]"
d1-omni,typed_security_incidents,security_incidents_000056,disposition,choice,2,1,"[""close_benign"", ""contain"", ""investigate"", ""monitor""]","[0.04394682509142849, 0.48362668365319433, 0.41351887174913593, 0.05890761950624127]","[0.216667, 0.05, 0.416667, 0.316667]"
d1-omni,typed_security_incidents,security_incidents_000056,severity,score,3,2,"[""0"", ""1"", ""2"", ""3"", ""4""]","[0.031477189616048645, 0.06913815232699655, 0.4713114061560808, 0.32624175172323727, 0.10183150017763674]","[0.043333, 0.073333, 0.35, 0.45, 0.083333]"
d1-omni,typed_security_incidents,security_incidents_000056,true_positive,noul,0,1,"[""false"", ""true""]","[0.4113529920578003, 0.5886470079421997]","[0.6, 0.4]"
d1-omni,typed_security_incidents,security_incidents_000056,urgency,score,2,3,"[""0"", ""1"", ""2"", ""3""]","[0.025836107063489964, 0.12255088559484556, 0.23949403195253843, 0.6121189753891261]","[0.05, 0.216667, 0.533333, 0.2]"
d1-omni,typed_security_incidents,security_incidents_000057,credential_compromise,noul,0,0,"[""false"", ""true""]","[0.6165319979190826, 0.38346800208091736]","[0.683333, 0.316667]"
d1-omni,typed_security_incidents,security_incidents_000057,disposition,choice,3,2,"[""close_benign"", ""contain"", ""investigate"", ""monitor""]","[0.23269347049872488, 0.1570050912202922, 0.3725210837281073, 0.2377803545528756]","[0.166667, 0.033333, 0.35, 0.45]"
d1-omni,typed_security_incidents,security_incidents_000057,severity,score,2,2,"[""0"", ""1"", ""2"", ""3"", ""4""]","[0.054739991434216755, 0.03604981195778215, 0.5143464054362057, 0.3412248986594409, 0.05363889251235448]","[0.083333, 0.333333, 0.466667, 0.1, 0.016667]"
d1-omni,typed_security_incidents,security_incidents_000057,true_positive,noul,0,0,"[""false"", ""true""]","[0.7170013189315796, 0.2829986810684204]","[0.616667, 0.383333]"
d1-omni,typed_security_incidents,security_incidents_000057,urgency,score,1,3,"[""0"", ""1"", ""2"", ""3""]","[0.057068521531374566, 0.2634628644427655, 0.29229726625203767, 0.3871713477738223]","[0.116667, 0.466667, 0.35, 0.066667]"
d1-omni,typed_security_incidents,security_incidents_000058,credential_compromise,noul,1,0,"[""false"", ""true""]","[0.7533553242683411, 0.24664467573165894]","[0.466667, 0.533333]"
d1-omni,typed_security_incidents,security_incidents_000058,disposition,choice,2,2,"[""close_benign"", ""contain"", ""investigate"", ""monitor""]","[0.09943924844264984, 0.18879035115242004, 0.5169596076011658, 0.19481079280376434]","[0.05, 0.1, 0.616667, 0.233333]"
d1-omni,typed_security_incidents,security_incidents_000058,severity,score,3,2,"[""0"", ""1"", ""2"", ""3"", ""4""]","[0.03968214181559152, 0.050468880906129256, 0.4615385297399354, 0.3688567271306786, 0.07945372040766525]","[0.003333, 0.046667, 0.316667, 0.466667, 0.166667]"
d1-omni,typed_security_incidents,security_incidents_000058,true_positive,noul,1,1,"[""false"", ""true""]","[0.44784802198410034, 0.5521519780158997]","[0.366667, 0.633333]"
d1-omni,typed_security_incidents,security_incidents_000058,urgency,score,3,3,"[""0"", ""1"", ""2"", ""3""]","[0.006061816068750571, 0.23421957881647534, 0.2236257920745341, 0.53609281304024]","[0.0, 0.1, 0.366667, 0.533333]"
d1-omni,typed_security_incidents,security_incidents_000059,credential_compromise,noul,1,0,"[""false"", ""true""]","[0.5971870422363281, 0.4028129577636719]","[0.466667, 0.533333]"
d1-omni,typed_security_incidents,security_incidents_000059,disposition,choice,1,2,"[""close_benign"", ""contain"", ""investigate"", ""monitor""]","[0.1747562509139068, 0.12758421327542305, 0.5330791831130155, 0.1645803526976547]","[0.0, 0.666667, 0.266667, 0.066667]"
d1-omni,typed_security_incidents,security_incidents_000059,severity,score,4,2,"[""0"", ""1"", ""2"", ""3"", ""4""]","[0.049771811425285806, 0.08078142052168238, 0.45094439430907035, 0.2410698396684867, 0.1774325340754748]","[0.0, 0.033333, 0.183333, 0.35, 0.433333]"
d1-omni,typed_security_incidents,security_incidents_000059,true_positive,noul,1,1,"[""false"", ""true""]","[0.4151187539100647, 0.5848812460899353]","[0.133333, 0.866667]"
d1-omni,typed_security_incidents,security_incidents_000059,urgency,score,3,3,"[""0"", ""1"", ""2"", ""3""]","[0.027967903450490123, 0.05555806246893783, 0.26086991733830517, 0.6556041167422669]","[0.0, 0.066667, 0.183333, 0.75]"
d1-omni,typed_security_incidents,security_incidents_000060,credential_compromise,noul,0,0,"[""false"", ""true""]","[0.9180633127689362, 0.08193668723106384]","[0.866667, 0.133333]"
d1-omni,typed_security_incidents,security_incidents_000060,disposition,choice,3,2,"[""close_benign"", ""contain"", ""investigate"", ""monitor""]","[0.1653716266155243, 0.2653805911540985, 0.3839612603187561, 0.1852865219116211]","[0.35, 0.033333, 0.166667, 0.45]"
d1-omni,typed_security_incidents,security_incidents_000060,severity,score,1,2,"[""0"", ""1"", ""2"", ""3"", ""4""]","[0.03849908580447818, 0.03110201366276248, 0.49315325752504424, 0.4188667097322628, 0.01837893327545226]","[0.083333, 0.416667, 0.4, 0.1, 0.0]"
d1-omni,typed_security_incidents,security_incidents_000060,true_positive,noul,0,0,"[""false"", ""true""]","[0.7805903255939484, 0.21940967440605164]","[0.816667, 0.183333]"
d1-omni,typed_security_incidents,security_incidents_000060,urgency,score,1,1,"[""0"", ""1"", ""2"", ""3""]","[0.04383956608295764, 0.4460478987839229, 0.3303454791728744, 0.179767055960245]","[0.15, 0.616667, 0.2, 0.033333]"
d1-omni,typed_security_incidents,security_incidents_000061,credential_compromise,noul,1,0,"[""false"", ""true""]","[0.5347411632537842, 0.4652588367462158]","[0.106667, 0.893333]"
d1-omni,typed_security_incidents,security_incidents_000061,disposition,choice,1,2,"[""close_benign"", ""contain"", ""investigate"", ""monitor""]","[0.14409096539020538, 0.3072569966316223, 0.35252121090888977, 0.19613082706928253]","[0.003333, 0.6, 0.35, 0.046667]"
d1-omni,typed_security_incidents,security_incidents_000061,severity,score,2,2,"[""0"", ""1"", ""2"", ""3"", ""4""]","[0.05212711737033417, 0.12731259045424276, 0.5638666959057262, 0.1711289201352343, 0.08556467613446252]","[0.0, 0.05, 0.566667, 0.316667, 0.066667]"
d1-omni,typed_security_incidents,security_incidents_000061,true_positive,noul,1,1,"[""false"", ""true""]","[0.27764880657196045, 0.7223511934280396]","[0.05, 0.95]"
d1-omni,typed_security_incidents,security_incidents_000061,urgency,score,3,2,"[""0"", ""1"", ""2"", ""3""]","[0.022431812529494173, 0.09054078650787996, 0.4442647339472124, 0.44276266701541345]","[0.0, 0.006667, 0.126667, 0.866667]"
d1-omni,typed_security_incidents,security_incidents_000062,credential_compromise,noul,0,0,"[""false"", ""true""]","[0.947298776358366, 0.05270122364163399]","[0.606667, 0.393333]"
d1-omni,typed_security_incidents,security_incidents_000062,disposition,choice,2,1,"[""close_benign"", ""contain"", ""investigate"", ""monitor""]","[0.22018287747825865, 0.31229671370540985, 0.2636013885795863, 0.20391902023674519]","[0.106667, 0.066667, 0.45, 0.376667]"
d1-omni,typed_security_incidents,security_incidents_000062,severity,score,3,3,"[""0"", ""1"", ""2"", ""3"", ""4""]","[0.04494192066152975, 0.08733302330412057, 0.3067995003234609, 0.5490241631427105, 0.01190139256817831]","[0.016667, 0.053333, 0.233333, 0.533333, 0.163333]"
d1-omni,typed_security_incidents,security_incidents_000062,true_positive,noul,0,0,"[""false"", ""true""]","[0.7450070381164551, 0.2549929618835449]","[0.51, 0.49]"
d1-omni,typed_security_incidents,security_incidents_000062,urgency,score,2,1,"[""0"", ""1"", ""2"", ""3""]","[0.06219162046909332, 0.40833860635757446, 0.291687935590744, 0.2377818375825882]","[0.03, 0.106667, 0.433333, 0.43]"
d1-omni,typed_security_incidents,security_incidents_000063,credential_compromise,noul,1,1,"[""false"", ""true""]","[0.47167521715164185, 0.5283247828483582]","[0.416667, 0.583333]"
d1-omni,typed_security_incidents,security_incidents_000063,disposition,choice,2,2,"[""close_benign"", ""contain"", ""investigate"", ""monitor""]","[0.08743860991900378, 0.11445808729312988, 0.6570006960257628, 0.14110260676210348]","[0.04, 0.126667, 0.566667, 0.266667]"
d1-omni,typed_security_incidents,security_incidents_000063,severity,score,3,2,"[""0"", ""1"", ""2"", ""3"", ""4""]","[0.043272486207169066, 0.041831517896372156, 0.486949753502393, 0.38946728447574064, 0.038478957918325146]","[0.003333, 0.08, 0.316667, 0.483333, 0.116667]"
d1-omni,typed_security_incidents,security_incidents_000063,true_positive,noul,1,0,"[""false"", ""true""]","[0.5635452270507812, 0.43645477294921875]","[0.333333, 0.666667]"
d1-omni,typed_security_incidents,security_incidents_000063,urgency,score,2,3,"[""0"", ""1"", ""2"", ""3""]","[0.01727911621154507, 0.1939504568322502, 0.3341976956662091, 0.4545727312899956]","[0.05, 0.2, 0.433333, 0.316667]"
d1-omni,typed_security_incidents,security_incidents_000064,credential_compromise,noul,1,0,"[""false"", ""true""]","[0.6315179765224457, 0.3684820234775543]","[0.443333, 0.556667]"
d1-omni,typed_security_incidents,security_incidents_000064,disposition,choice,2,2,"[""close_benign"", ""contain"", ""investigate"", ""monitor""]","[0.11744450557728882, 0.15234825696117835, 0.5764174719043436, 0.15378976555718923]","[0.04, 0.123333, 0.586667, 0.25]"
d1-omni,typed_security_incidents,security_incidents_000064,severity,score,3,2,"[""0"", ""1"", ""2"", ""3"", ""4""]","[0.0358511122962087, 0.04706076002289787, 0.5357430993702713, 0.3650779303695955, 0.016267097941026532]","[0.006667, 0.026667, 0.266667, 0.616667, 0.083333]"
d1-omni,typed_security_incidents,security_incidents_000064,true_positive,noul,1,0,"[""false"", ""true""]","[0.8772052451968193, 0.1227947548031807]","[0.356667, 0.643333]"
d1-omni,typed_security_incidents,security_incidents_000064,urgency,score,3,1,"[""0"", ""1"", ""2"", ""3""]","[0.022711191241773995, 0.36750078064389236, 0.3658449934205227, 0.24394303469381096]","[0.05, 0.116667, 0.35, 0.483333]"
d1-omni,typed_security_incidents,security_incidents_000065,credential_compromise,noul,1,0,"[""false"", ""true""]","[0.5292694270610809, 0.47073057293891907]","[0.433333, 0.566667]"
d1-omni,typed_security_incidents,security_incidents_000065,disposition,choice,2,2,"[""close_benign"", ""contain"", ""investigate"", ""monitor""]","[0.17689528534128413, 0.27625419866281153, 0.30353497554257586, 0.24331554045332848]","[0.05, 0.1, 0.65, 0.2]"
d1-omni,typed_security_incidents,security_incidents_000065,severity,score,2,2,"[""0"", ""1"", ""2"", ""3"", ""4""]","[0.05649376462712094, 0.0622535557247417, 0.403302291355504, 0.35601690879627923, 0.12193347949635411]","[0.066667, 0.316667, 0.55, 0.066667, 0.0]"
d1-omni,typed_security_incidents,security_incidents_000065,true_positive,noul,1,0,"[""false"", ""true""]","[0.6626530289649963, 0.33734697103500366]","[0.35, 0.65]"
d1-omni,typed_security_incidents,security_incidents_000065,urgency,score,2,3,"[""0"", ""1"", ""2"", ""3""]","[0.06655089955138939, 0.25821073496732755, 0.3178227378073397, 0.3574156276739434]","[0.033333, 0.266667, 0.516667, 0.183333]"
d1-omni,typed_security_incidents,security_incidents_000066,credential_compromise,noul,0,1,"[""false"", ""true""]","[0.3491039276123047, 0.6508960723876953]","[0.533333, 0.466667]"
d1-omni,typed_security_incidents,security_incidents_000066,disposition,choice,2,2,"[""close_benign"", ""contain"", ""investigate"", ""monitor""]","[0.040691634986861236, 0.3253354010978564, 0.5261045498361979, 0.10786841407908447]","[0.05, 0.1, 0.616667, 0.233333]"
d1-omni,typed_security_incidents,security_incidents_000066,severity,score,3,2,"[""0"", ""1"", ""2"", ""3"", ""4""]","[0.027612504543783296, 0.054604934496597986, 0.36889256283653177, 0.367437881629694, 0.1814521164933929]","[0.006667, 0.026667, 0.15, 0.65, 0.166667]"
d1-omni,typed_security_incidents,security_incidents_000066,true_positive,noul,1,1,"[""false"", ""true""]","[0.3915005326271057, 0.6084994673728943]","[0.483333, 0.516667]"
d1-omni,typed_security_incidents,security_incidents_000066,urgency,score,3,3,"[""0"", ""1"", ""2"", ""3""]","[0.03026410395666376, 0.12579255593237154, 0.3551917771701639, 0.48875156294080074]","[0.033333, 0.1, 0.316667, 0.55]"
d1-omni,typed_security_incidents,security_incidents_000067,credential_compromise,noul,0,0,"[""false"", ""true""]","[0.6271089315414429, 0.37289106845855713]","[0.75, 0.25]"
d1-omni,typed_security_incidents,security_incidents_000067,disposition,choice,3,2,"[""close_benign"", ""contain"", ""investigate"", ""monitor""]","[0.14492087476545015, 0.2962557452726554, 0.40058782692344286, 0.1582355530384516]","[0.133333, 0.066667, 0.4, 0.4]"
d1-omni,typed_security_incidents,security_incidents_000067,severity,score,1,2,"[""0"", ""1"", ""2"", ""3"", ""4""]","[0.08881936950246293, 0.09387093806699155, 0.4764716121642868, 0.25968860727976767, 0.08114947298649104]","[0.266667, 0.466667, 0.216667, 0.05, 0.0]"
d1-omni,typed_security_incidents,security_incidents_000067,true_positive,noul,0,0,"[""false"", ""true""]","[0.6181068420410156, 0.3818931579589844]","[0.633333, 0.366667]"
d1-omni,typed_security_incidents,security_incidents_000067,urgency,score,1,2,"[""0"", ""1"", ""2"", ""3""]","[0.045086208562976834, 0.2868168343349664, 0.33706527822812915, 0.3310316788739276]","[0.116667, 0.533333, 0.283333, 0.066667]"
d1-omni,typed_security_incidents,security_incidents_000068,credential_compromise,noul,0,0,"[""false"", ""true""]","[0.8433612585067749, 0.1566387414932251]","[0.726667, 0.273333]"
d1-omni,typed_security_incidents,security_incidents_000068,disposition,choice,2,2,"[""close_benign"", ""contain"", ""investigate"", ""monitor""]","[0.12681505273006935, 0.24645743141259896, 0.5090336279427056, 0.11769388791462612]","[0.126667, 0.04, 0.46, 0.373333]"
d1-omni,typed_security_incidents,security_incidents_000068,severity,score,3,2,"[""0"", ""1"", ""2"", ""3"", ""4""]","[0.029513302585768834, 0.037451206870445466, 0.47891869159768224, 0.4326503486202027, 0.021466450325900777]","[0.026667, 0.073333, 0.293333, 0.5, 0.106667]"
d1-omni,typed_security_incidents,security_incidents_000068,true_positive,noul,0,0,"[""false"", ""true""]","[0.6484951972961426, 0.3515048027038574]","[0.666667, 0.333333]"
d1-omni,typed_security_incidents,security_incidents_000068,urgency,score,2,2,"[""0"", ""1"", ""2"", ""3""]","[0.05450054136289936, 0.22272750237448136, 0.4233898127811444, 0.2993821434814749]","[0.05, 0.316667, 0.4, 0.233333]"
d1-omni,typed_security_incidents,security_incidents_000069,credential_compromise,noul,1,1,"[""false"", ""true""]","[0.21785777807235718, 0.7821422219276428]","[0.433333, 0.566667]"
d1-omni,typed_security_incidents,security_incidents_000069,disposition,choice,1,2,"[""close_benign"", ""contain"", ""investigate"", ""monitor""]","[0.11047666104068342, 0.21978139042202802, 0.38239673919668016, 0.2873452093406084]","[0.006667, 0.666667, 0.266667, 0.06]"
d1-omni,typed_security_incidents,security_incidents_000069,severity,score,4,4,"[""0"", ""1"", ""2"", ""3"", ""4""]","[0.05521208482100164, 0.11829594654920637, 0.21050155398065098, 0.10295940305619765, 0.5130310115929434]","[0.003333, 0.03, 0.116667, 0.4, 0.45]"
d1-omni,typed_security_incidents,security_incidents_000069,true_positive,noul,1,1,"[""false"", ""true""]","[0.05766326189041138, 0.9423367381095886]","[0.083333, 0.916667]"
d1-omni,typed_security_incidents,security_incidents_000069,urgency,score,3,3,"[""0"", ""1"", ""2"", ""3""]","[0.08171439428839718, 0.07390335506776839, 0.2163519879369743, 0.6280302627068601]","[0.003333, 0.063333, 0.2, 0.733333]"
d1-omni,typed_security_incidents,security_incidents_000070,credential_compromise,noul,0,0,"[""false"", ""true""]","[0.5277360081672668, 0.47226399183273315]","[0.583333, 0.416667]"
d1-omni,typed_security_incidents,security_incidents_000070,disposition,choice,2,2,"[""close_benign"", ""contain"", ""investigate"", ""monitor""]","[0.1849137368066052, 0.13368783691990618, 0.5647542988545552, 0.1166441274189334]","[0.06, 0.09, 0.6, 0.25]"
d1-omni,typed_security_incidents,security_incidents_000070,severity,score,2,2,"[""0"", ""1"", ""2"", ""3"", ""4""]","[0.07546864042290928, 0.07336850047268721, 0.4570241774778445, 0.3198534095221792, 0.07428527210437978]","[0.04, 0.133333, 0.4, 0.376667, 0.05]"
d1-omni,typed_security_incidents,security_incidents_000070,true_positive,noul,1,1,"[""false"", ""true""]","[0.2849574685096741, 0.7150425314903259]","[0.45, 0.55]"
d1-omni,typed_security_incidents,security_incidents_000070,urgency,score,2,3,"[""0"", ""1"", ""2"", ""3""]","[0.03251794749884268, 0.24614228491591128, 0.3267723644284335, 0.3945674031568125]","[0.033333, 0.15, 0.55, 0.266667]"
d1-omni,typed_security_incidents,security_incidents_000071,credential_compromise,noul,1,0,"[""false"", ""true""]","[0.7157807946205139, 0.2842192053794861]","[0.383333, 0.616667]"
d1-omni,typed_security_incidents,security_incidents_000071,disposition,choice,2,2,"[""close_benign"", ""contain"", ""investigate"", ""monitor""]","[0.05523684620857239, 0.21845729649066925, 0.5513112545013428, 0.1749946027994156]","[0.003333, 0.383333, 0.533333, 0.08]"
d1-omni,typed_security_incidents,security_incidents_000071,severity,score,4,2,"[""0"", ""1"", ""2"", ""3"", ""4""]","[0.01729425434724526, 0.10659456372180466, 0.58521432338522, 0.20171602295766797, 0.08918083558806221]","[0.0, 0.033333, 0.116667, 0.283333, 0.566667]"
d1-omni,typed_security_incidents,security_incidents_000071,true_positive,noul,1,0,"[""false"", ""true""]","[0.5090462863445282, 0.4909537136554718]","[0.183333, 0.816667]"
d1-omni,typed_security_incidents,security_incidents_000071,urgency,score,3,3,"[""0"", ""1"", ""2"", ""3""]","[0.03401820108158878, 0.09417583836795104, 0.41230571178304315, 0.459500248767417]","[0.0, 0.073333, 0.226667, 0.7]"
d1-omni,typed_security_incidents,security_incidents_000072,credential_compromise,noul,0,0,"[""false"", ""true""]","[0.8471554964780807, 0.15284450352191925]","[0.75, 0.25]"
d1-omni,typed_security_incidents,security_incidents_000072,disposition,choice,2,3,"[""close_benign"", ""contain"", ""investigate"", ""monitor""]","[0.1406446227335241, 0.23749112728996385, 0.27572822159933713, 0.3461360283771749]","[0.133333, 0.066667, 0.466667, 0.333333]"
d1-omni,typed_security_incidents,security_incidents_000072,severity,score,3,2,"[""0"", ""1"", ""2"", ""3"", ""4""]","[0.07862401753664017, 0.05056588351726532, 0.5184206962585449, 0.282711386680603, 0.06967801600694656]","[0.26, 0.04, 0.183333, 0.333333, 0.183333]"
d1-omni,typed_security_incidents,security_incidents_000072,true_positive,noul,0,0,"[""false"", ""true""]","[0.9418731816112995, 0.058126818388700485]","[0.683333, 0.316667]"
d1-omni,typed_security_incidents,security_incidents_000072,urgency,score,2,1,"[""0"", ""1"", ""2"", ""3""]","[0.06406236707699545, 0.5737428237689418, 0.1358708191014216, 0.22632399005264117]","[0.276667, 0.131667, 0.325, 0.266667]"
d1-omni,typed_security_incidents,security_incidents_000073,credential_compromise,noul,1,0,"[""false"", ""true""]","[0.6133880019187927, 0.3866119980812073]","[0.483333, 0.516667]"
d1-omni,typed_security_incidents,security_incidents_000073,disposition,choice,2,2,"[""close_benign"", ""contain"", ""investigate"", ""monitor""]","[0.23630614754785706, 0.10059443936194806, 0.5308678785776189, 0.13223153451257597]","[0.08, 0.076667, 0.603333, 0.24]"
d1-omni,typed_security_incidents,security_incidents_000073,severity,score,2,2,"[""0"", ""1"", ""2"", ""3"", ""4""]","[0.05608209678653027, 0.05077852756945085, 0.4383896952627554, 0.42223933968304606, 0.03251034069821746]","[0.05, 0.173333, 0.516667, 0.223333, 0.036667]"
d1-omni,typed_security_incidents,security_incidents_000073,true_positive,noul,1,1,"[""false"", ""true""]","[0.38230830430984497, 0.617691695690155]","[0.426667, 0.573333]"
d1-omni,typed_security_incidents,security_incidents_000073,urgency,score,2,3,"[""0"", ""1"", ""2"", ""3""]","[0.037505732104353075, 0.2199675655355324, 0.2963406531912283, 0.4461860491688862]","[0.046667, 0.256667, 0.51, 0.186667]"
d1-omni,typed_security_incidents,security_incidents_000074,credential_compromise,noul,0,0,"[""false"", ""true""]","[0.5815335512161255, 0.4184664487838745]","[0.666667, 0.333333]"
d1-omni,typed_security_incidents,security_incidents_000074,disposition,choice,2,2,"[""close_benign"", ""contain"", ""investigate"", ""monitor""]","[0.13448320930376095, 0.08178173371173741, 0.6465992024510743, 0.13713585453342741]","[0.05, 0.116667, 0.6, 0.233333]"
d1-omni,typed_security_incidents,security_incidents_000074,severity,score,3,2,"[""0"", ""1"", ""2"", ""3"", ""4""]","[0.11257557738684978, 0.04622343623971099, 0.426428473389573, 0.35271075893507536, 0.06206175404879084]","[0.006667, 0.043333, 0.283333, 0.566667, 0.1]"
d1-omni,typed_security_incidents,security_incidents_000074,true_positive,noul,1,1,"[""false"", ""true""]","[0.19332969188690186, 0.8066703081130981]","[0.45, 0.55]"
d1-omni,typed_security_incidents,security_incidents_000074,urgency,score,3,3,"[""0"", ""1"", ""2"", ""3""]","[0.060562572019638744, 0.24389549544687206, 0.2724273441934434, 0.4231145883400458]","[0.033333, 0.116667, 0.333333, 0.516667]"
d1-omni,typed_security_incidents,security_incidents_000075,credential_compromise,noul,1,0,"[""false"", ""true""]","[0.6134791672229767, 0.3865208327770233]","[0.133333, 0.866667]"
d1-omni,typed_security_incidents,security_incidents_000075,disposition,choice,2,2,"[""close_benign"", ""contain"", ""investigate"", ""monitor""]","[0.14263845342523812, 0.22105314339459792, 0.4377718074125734, 0.19853659576759058]","[0.02, 0.433333, 0.5, 0.046667]"
d1-omni,typed_security_incidents,security_incidents_000075,severity,score,2,2,"[""0"", ""1"", ""2"", ""3"", ""4""]","[0.0555424899280167, 0.1884095917684319, 0.6553625293540295, 0.082642277410269, 0.01804311153925292]","[0.033333, 0.316667, 0.4, 0.216667, 0.033333]"
d1-omni,typed_security_incidents,security_incidents_000075,true_positive,noul,1,1,"[""false"", ""true""]","[0.4302768111228943, 0.5697231888771057]","[0.076667, 0.923333]"
d1-omni,typed_security_incidents,security_incidents_000075,urgency,score,3,2,"[""0"", ""1"", ""2"", ""3""]","[0.06754532355747635, 0.24712766338694597, 0.3752520922533856, 0.31007492080219207]","[0.006667, 0.093333, 0.366667, 0.533333]"
d1-omni,typed_security_incidents,security_incidents_000076,credential_compromise,noul,1,1,"[""false"", ""true""]","[0.49808621406555176, 0.5019137859344482]","[0.15, 0.85]"
d1-omni,typed_security_incidents,security_incidents_000076,disposition,choice,1,1,"[""close_benign"", ""contain"", ""investigate"", ""monitor""]","[0.04959199466723216, 0.4352275333875224, 0.3364266081953062, 0.17875386374993926]","[0.01, 0.666667, 0.283333, 0.04]"
d1-omni,typed_security_incidents,security_incidents_000076,severity,score,4,2,"[""0"", ""1"", ""2"", ""3"", ""4""]","[0.012683549236246974, 0.07729851620073046, 0.4665887157726478, 0.32983533254471853, 0.11359388624565618]","[0.003333, 0.006667, 0.056667, 0.25, 0.683333]"
d1-omni,typed_security_incidents,security_incidents_000076,true_positive,noul,1,1,"[""false"", ""true""]","[0.4637281894683838, 0.5362718105316162]","[0.106667, 0.893333]"
d1-omni,typed_security_incidents,security_incidents_000076,urgency,score,3,3,"[""0"", ""1"", ""2"", ""3""]","[0.0247362139683922, 0.1360343371325296, 0.4084853155820572, 0.43074413331702105]","[0.016667, 0.05, 0.133333, 0.8]"
d1-omni,typed_security_incidents,security_incidents_000077,credential_compromise,noul,0,0,"[""false"", ""true""]","[0.8827139809727669, 0.11728601902723312]","[0.7, 0.3]"
d1-omni,typed_security_incidents,security_incidents_000077,disposition,choice,3,2,"[""close_benign"", ""contain"", ""investigate"", ""monitor""]","[0.2073318691154103, 0.17078222588870265, 0.4031127155290949, 0.2187731894667922]","[0.2, 0.05, 0.366667, 0.383333]"
d1-omni,typed_security_incidents,security_incidents_000077,severity,score,1,2,"[""0"", ""1"", ""2"", ""3"", ""4""]","[0.10758255993221506, 0.08204948592634936, 0.5978500564372663, 0.20164154050272684, 0.010876357201442458]","[0.2, 0.483333, 0.266667, 0.04, 0.01]"
d1-omni,typed_security_incidents,security_incidents_000077,true_positive,noul,0,0,"[""false"", ""true""]","[0.7734320312738419, 0.22656796872615814]","[0.616667, 0.383333]"
d1-omni,typed_security_incidents,security_incidents_000077,urgency,score,1,1,"[""0"", ""1"", ""2"", ""3""]","[0.019141891222484938, 0.35308165957273013, 0.3007849635249297, 0.3269914856798552]","[0.15, 0.45, 0.333333, 0.066667]"
d1-omni,typed_security_incidents,security_incidents_000078,credential_compromise,noul,1,1,"[""false"", ""true""]","[0.30627578496932983, 0.6937242150306702]","[0.233333, 0.766667]"
d1-omni,typed_security_incidents,security_incidents_000078,disposition,choice,1,2,"[""close_benign"", ""contain"", ""investigate"", ""monitor""]","[0.06014762118568734, 0.32879904157518625, 0.48072114944995303, 0.13033218778917333]","[0.036667, 0.55, 0.316667, 0.096667]"
d1-omni,typed_security_incidents,security_incidents_000078,severity,score,4,2,"[""0"", ""1"", ""2"", ""3"", ""4""]","[0.010896893631907576, 0.05670152335262141, 0.5082490798824438, 0.29334177173634024, 0.13081073139668695]","[0.003333, 0.03, 0.1, 0.3, 0.566667]"
d1-omni,typed_security_incidents,security_incidents_000078,true_positive,noul,1,0,"[""false"", ""true""]","[0.5099891424179077, 0.4900108575820923]","[0.183333, 0.816667]"
d1-omni,typed_security_incidents,security_incidents_000078,urgency,score,3,3,"[""0"", ""1"", ""2"", ""3""]","[0.023485999641887842, 0.1611455535931347, 0.2872362445564428, 0.5281322022085346]","[0.03, 0.086667, 0.233333, 0.65]"
d1-omni,typed_security_incidents,security_incidents_000079,credential_compromise,noul,0,0,"[""false"", ""true""]","[0.5702978074550629, 0.42970219254493713]","[0.783333, 0.216667]"
d1-omni,typed_security_incidents,security_incidents_000079,disposition,choice,2,2,"[""close_benign"", ""contain"", ""investigate"", ""monitor""]","[0.14501114189624786, 0.24054713547229767, 0.4121797978878021, 0.20226192474365234]","[0.133333, 0.05, 0.533333, 0.283333]"
d1-omni,typed_security_incidents,security_incidents_000079,severity,score,3,3,"[""0"", ""1"", ""2"", ""3"", ""4""]","[0.015309391923084148, 0.05025942881872822, 0.42404161756827663, 0.48118872750212655, 0.02920083418778446]","[0.05, 0.166667, 0.366667, 0.383333, 0.033333]"
d1-omni,typed_security_incidents,security_incidents_000079,true_positive,noul,0,1,"[""false"", ""true""]","[0.33076316118240356, 0.6692368388175964]","[0.533333, 0.466667]"
d1-omni,typed_security_incidents,security_incidents_000079,urgency,score,2,2,"[""0"", ""1"", ""2"", ""3""]","[0.06857753493951607, 0.26818480887871377, 0.43087345040683855, 0.23236420577493155]","[0.083333, 0.35, 0.433333, 0.133333]"
d1-omni,typed_security_incidents,security_incidents_000080,credential_compromise,noul,0,0,"[""false"", ""true""]","[0.5807489454746246, 0.41925105452537537]","[0.6, 0.4]"
d1-omni,typed_security_incidents,security_incidents_000080,disposition,choice,2,2,"[""close_benign"", ""contain"", ""investigate"", ""monitor""]","[0.1783435520282917, 0.1383018067226083, 0.5435493073396281, 0.13980533390947184]","[0.05, 0.083333, 0.7, 0.166667]"
d1-omni,typed_security_incidents,security_incidents_000080,severity,score,3,3,"[""0"", ""1"", ""2"", ""3"", ""4""]","[0.07885204196831552, 0.07840820343488303, 0.2960424997207336, 0.4110565154920778, 0.13564073938399002]","[0.01, 0.073333, 0.25, 0.516667, 0.15]"
d1-omni,typed_security_incidents,security_incidents_000080,true_positive,noul,0,0,"[""false"", ""true""]","[0.5193302929401398, 0.48066970705986023]","[0.516667, 0.483333]"
d1-omni,typed_security_incidents,security_incidents_000080,urgency,score,3,3,"[""0"", ""1"", ""2"", ""3""]","[0.13097265557904028, 0.2613538840614838, 0.18966658696035427, 0.4180068733991217]","[0.033333, 0.133333, 0.35, 0.483333]"
d1-omni,typed_security_incidents,security_incidents_000081,credential_compromise,noul,0,0,"[""false"", ""true""]","[0.7186631858348846, 0.28133681416511536]","[0.65, 0.35]"
d1-omni,typed_security_incidents,security_incidents_000081,disposition,choice,2,2,"[""close_benign"", ""contain"", ""investigate"", ""monitor""]","[0.1444647717822173, 0.1507974826393636, 0.6275495758317094, 0.0771881697467096]","[0.19, 0.043333, 0.483333, 0.283333]"
d1-omni,typed_security_incidents,security_incidents_000081,severity,score,4,3,"[""0"", ""1"", ""2"", ""3"", ""4""]","[0.050048881397743855, 0.025740817764568727, 0.3854744222493713, 0.47600961795470753, 0.06272626063360856]","[0.023333, 0.06, 0.133333, 0.35, 0.433333]"
d1-omni,typed_security_incidents,security_incidents_000081,true_positive,noul,0,1,"[""false"", ""true""]","[0.3088422417640686, 0.6911577582359314]","[0.55, 0.45]"
d1-omni,typed_security_incidents,security_incidents_000081,urgency,score,3,3,"[""0"", ""1"", ""2"", ""3""]","[0.016073100628102584, 0.18266776612403465, 0.22687925905464423, 0.5743798741932186]","[0.056667, 0.16, 0.366667, 0.416667]"
d1-omni,typed_security_incidents,security_incidents_000082,credential_compromise,noul,1,0,"[""false"", ""true""]","[0.8490054309368134, 0.15099456906318665]","[0.5, 0.5]"
d1-omni,typed_security_incidents,security_incidents_000082,disposition,choice,2,2,"[""close_benign"", ""contain"", ""investigate"", ""monitor""]","[0.10310827042001083, 0.3253473889030905, 0.39125671399747264, 0.18028762667942602]","[0.05, 0.133333, 0.633333, 0.183333]"
d1-omni,typed_security_incidents,security_incidents_000082,severity,score,3,2,"[""0"", ""1"", ""2"", ""3"", ""4""]","[0.0893806470508536, 0.10298478811313572, 0.44280088618691116, 0.29343686957614057, 0.07139680907295895]","[0.0, 0.05, 0.216667, 0.633333, 0.1]"
d1-omni,typed_security_incidents,security_incidents_000082,true_positive,noul,1,0,"[""false"", ""true""]","[0.5463846623897552, 0.45361533761024475]","[0.4, 0.6]"
d1-omni,typed_security_incidents,security_incidents_000082,urgency,score,2,1,"[""0"", ""1"", ""2"", ""3""]","[0.0756854323517062, 0.3490154665183544, 0.3054866424466675, 0.26981245868327186]","[0.016667, 0.116667, 0.5, 0.366667]"
d1-omni,typed_security_incidents,security_incidents_000083,credential_compromise,noul,1,0,"[""false"", ""true""]","[0.6051436364650726, 0.39485636353492737]","[0.3, 0.7]"
d1-omni,typed_security_incidents,security_incidents_000083,disposition,choice,2,2,"[""close_benign"", ""contain"", ""investigate"", ""monitor""]","[0.23368522176615564, 0.2670843561428136, 0.37168633383979893, 0.12754408825123179]","[0.02, 0.333333, 0.583333, 0.063333]"
d1-omni,typed_security_incidents,security_incidents_000083,severity,score,3,2,"[""0"", ""1"", ""2"", ""3"", ""4""]","[0.06147468577091928, 0.05435711246649013, 0.5378963451440697, 0.26702023049854173, 0.07925162611997921]","[0.0, 0.033333, 0.24, 0.493333, 0.233333]"
d1-omni,typed_security_incidents,security_incidents_000083,true_positive,noul,1,1,"[""false"", ""true""]","[0.29592466354370117, 0.7040753364562988]","[0.173333, 0.826667]"
d1-omni,typed_security_incidents,security_incidents_000083,urgency,score,3,2,"[""0"", ""1"", ""2"", ""3""]","[0.05728066404104975, 0.2000934652994588, 0.5018361266907617, 0.2407897439687298]","[0.0, 0.083333, 0.25, 0.666667]"
d1-omni,typed_security_incidents,security_incidents_000084,credential_compromise,noul,1,0,"[""false"", ""true""]","[0.5568932294845581, 0.4431067705154419]","[0.4, 0.6]"
d1-omni,typed_security_incidents,security_incidents_000084,disposition,choice,2,2,"[""close_benign"", ""contain"", ""investigate"", ""monitor""]","[0.1212792784928738, 0.32138403664410387, 0.3235209527254814, 0.2338157321375409]","[0.066667, 0.083333, 0.65, 0.2]"
d1-omni,typed_security_incidents,security_incidents_000084,severity,score,2,2,"[""0"", ""1"", ""2"", ""3"", ""4""]","[0.024104278063834868, 0.05507765283325172, 0.5966243492352866, 0.2532690909716148, 0.07092462889601196]","[0.02, 0.1, 0.483333, 0.35, 0.046667]"
d1-omni,typed_security_incidents,security_incidents_000084,true_positive,noul,1,1,"[""false"", ""true""]","[0.32553035020828247, 0.6744696497917175]","[0.316667, 0.683333]"
d1-omni,typed_security_incidents,security_incidents_000084,urgency,score,2,2,"[""0"", ""1"", ""2"", ""3""]","[0.043504628795682086, 0.16936619429468716, 0.46152047813112873, 0.325608698778502]","[0.033333, 0.233333, 0.45, 0.283333]"
d1-omni,typed_security_incidents,security_incidents_000085,credential_compromise,noul,1,1,"[""false"", ""true""]","[0.2626870274543762, 0.7373129725456238]","[0.213333, 0.786667]"
d1-omni,typed_security_incidents,security_incidents_000085,disposition,choice,2,2,"[""close_benign"", ""contain"", ""investigate"", ""monitor""]","[0.10911862890725475, 0.2836646331971648, 0.39787043639010056, 0.2093463015054799]","[0.05, 0.2, 0.6, 0.15]"
d1-omni,typed_security_incidents,security_incidents_000085,severity,score,3,2,"[""0"", ""1"", ""2"", ""3"", ""4""]","[0.00981742139973707, 0.022281138143386177, 0.731845495358685, 0.21054242472893586, 0.02551352036925584]","[0.006667, 0.043333, 0.266667, 0.55, 0.133333]"
d1-omni,typed_security_incidents,security_incidents_000085,true_positive,noul,1,1,"[""false"", ""true""]","[0.28423404693603516, 0.7157659530639648]","[0.15, 0.85]"
d1-omni,typed_security_incidents,security_incidents_000085,urgency,score,3,1,"[""0"", ""1"", ""2"", ""3""]","[0.03648039339661745, 0.3958406761133696, 0.31906405210146327, 0.24861487838854968]","[0.02, 0.113333, 0.316667, 0.55]"
d1-omni,typed_security_incidents,security_incidents_000086,credential_compromise,noul,0,0,"[""false"", ""true""]","[0.7358275651931763, 0.26417243480682373]","[0.6, 0.4]"
d1-omni,typed_security_incidents,security_incidents_000086,disposition,choice,2,3,"[""close_benign"", ""contain"", ""investigate"", ""monitor""]","[0.21269977632016943, 0.10210600038889049, 0.2512898332794085, 0.4339043900115316]","[0.083333, 0.066667, 0.516667, 0.333333]"
d1-omni,typed_security_incidents,security_incidents_000086,severity,score,2,2,"[""0"", ""1"", ""2"", ""3"", ""4""]","[0.02430603144199838, 0.05131875828747887, 0.6719505328525899, 0.19204709327317407, 0.060377584144758856]","[0.043333, 0.166667, 0.65, 0.133333, 0.006667]"
d1-omni,typed_security_incidents,security_incidents_000086,true_positive,noul,1,1,"[""false"", ""true""]","[0.40620100498199463, 0.5937989950180054]","[0.483333, 0.516667]"
d1-omni,typed_security_incidents,security_incidents_000086,urgency,score,2,2,"[""0"", ""1"", ""2"", ""3""]","[0.0689052939414978, 0.20690953731536865, 0.38108277320861816, 0.3431023955345154]","[0.05, 0.233333, 0.566667, 0.15]"
d1-omni,typed_security_incidents,security_incidents_000087,credential_compromise,noul,1,1,"[""false"", ""true""]","[0.44328755140304565, 0.5567124485969543]","[0.24, 0.76]"
d1-omni,typed_security_incidents,security_incidents_000087,disposition,choice,1,2,"[""close_benign"", ""contain"", ""investigate"", ""monitor""]","[0.07414684031070055, 0.1798893889735366, 0.5888987446829116, 0.1570650260328513]","[0.016667, 0.566667, 0.35, 0.066667]"
d1-omni,typed_security_incidents,security_incidents_000087,severity,score,3,2,"[""0"", ""1"", ""2"", ""3"", ""4""]","[0.0313866675199072, 0.04617632031549575, 0.46902843601021793, 0.3832127339458672, 0.07019584220851194]","[0.0, 0.016667, 0.166667, 0.55, 0.266667]"
d1-omni,typed_security_incidents,security_incidents_000087,true_positive,noul,1,1,"[""false"", ""true""]","[0.36321336030960083, 0.6367866396903992]","[0.14, 0.86]"
d1-omni,typed_security_incidents,security_incidents_000087,urgency,score,3,3,"[""0"", ""1"", ""2"", ""3""]","[0.031523792996293515, 0.09981813729351349, 0.38750286735585726, 0.48115520235433573]","[0.006667, 0.043333, 0.183333, 0.766667]"
d1-omni,typed_security_incidents,security_incidents_000088,credential_compromise,noul,1,0,"[""false"", ""true""]","[0.5267562866210938, 0.47324371337890625]","[0.433333, 0.566667]"
d1-omni,typed_security_incidents,security_incidents_000088,disposition,choice,2,2,"[""close_benign"", ""contain"", ""investigate"", ""monitor""]","[0.06985396839787089, 0.19188070154278947, 0.6588996003650158, 0.07936572969432376]","[0.05, 0.166667, 0.616667, 0.166667]"
d1-omni,typed_security_incidents,security_incidents_000088,severity,score,3,2,"[""0"", ""1"", ""2"", ""3"", ""4""]","[0.08334269498799286, 0.057227649647409465, 0.4796792638254056, 0.29527098380433, 0.08447940773486208]","[0.016667, 0.083333, 0.35, 0.45, 0.1]"
d1-omni,typed_security_incidents,security_incidents_000088,true_positive,noul,1,1,"[""false"", ""true""]","[0.3113144636154175, 0.6886855363845825]","[0.233333, 0.766667]"
d1-omni,typed_security_incidents,security_incidents_000088,urgency,score,3,3,"[""0"", ""1"", ""2"", ""3""]","[0.04160242480654613, 0.08472117699364094, 0.36242747161901334, 0.5112489265807996]","[0.016667, 0.116667, 0.383333, 0.483333]"
d1-omni,typed_security_incidents,security_incidents_000089,credential_compromise,noul,1,0,"[""false"", ""true""]","[0.615908294916153, 0.38409170508384705]","[0.45, 0.55]"
d1-omni,typed_security_incidents,security_incidents_000089,disposition,choice,2,2,"[""close_benign"", ""contain"", ""investigate"", ""monitor""]","[0.09788087828368602, 0.32436564806376134, 0.4040803939408093, 0.17367307971174328]","[0.036667, 0.366667, 0.533333, 0.063333]"
d1-omni,typed_security_incidents,security_incidents_000089,severity,score,3,3,"[""0"", ""1"", ""2"", ""3"", ""4""]","[0.02648800410430131, 0.12822227108354342, 0.351877896011558, 0.45222609982513207, 0.04118572897546517]","[0.0, 0.033333, 0.133333, 0.6, 0.233333]"
d1-omni,typed_security_incidents,security_incidents_000089,true_positive,noul,1,0,"[""false"", ""true""]","[0.5713745951652527, 0.4286254048347473]","[0.256667, 0.743333]"
d1-omni,typed_security_incidents,security_incidents_000089,urgency,score,3,3,"[""0"", ""1"", ""2"", ""3""]","[0.020292225231828505, 0.07072513108454274, 0.22983757646058547, 0.6791450672230432]","[0.023333, 0.06, 0.266667, 0.65]"
d1-omni,typed_security_incidents,security_incidents_000090,credential_compromise,noul,1,0,"[""false"", ""true""]","[0.6732943654060364, 0.3267056345939636]","[0.316667, 0.683333]"
d1-omni,typed_security_incidents,security_incidents_000090,disposition,choice,2,2,"[""close_benign"", ""contain"", ""investigate"", ""monitor""]","[0.1518834129537169, 0.24052611710209004, 0.499737545840071, 0.10785292410412205]","[0.033333, 0.333333, 0.5, 0.133333]"
d1-omni,typed_security_incidents,security_incidents_000090,severity,score,2,2,"[""0"", ""1"", ""2"", ""3"", ""4""]","[0.10515931013615482, 0.11825956884936462, 0.3913715096256545, 0.2969310813338068, 0.08827853005501933]","[0.033333, 0.15, 0.416667, 0.333333, 0.066667]"
d1-omni,typed_security_incidents,security_incidents_000090,true_positive,noul,1,1,"[""false"", ""true""]","[0.4837791919708252, 0.5162208080291748]","[0.216667, 0.783333]"
d1-omni,typed_security_incidents,security_incidents_000090,urgency,score,3,3,"[""0"", ""1"", ""2"", ""3""]","[0.021553705494512763, 0.16425808591083085, 0.20036189927167858, 0.6138263093229778]","[0.033333, 0.1, 0.316667, 0.55]"
d1-omni,typed_security_incidents,security_incidents_000091,credential_compromise,noul,0,0,"[""false"", ""true""]","[0.9506463706493378, 0.04935362935066223]","[0.683333, 0.316667]"
d1-omni,typed_security_incidents,security_incidents_000091,disposition,choice,2,2,"[""close_benign"", ""contain"", ""investigate"", ""monitor""]","[0.23252642674430668, 0.12285018986873752, 0.4952734223441799, 0.14934996104277584]","[0.05, 0.133333, 0.65, 0.166667]"
d1-omni,typed_security_incidents,security_incidents_000091,severity,score,3,2,"[""0"", ""1"", ""2"", ""3"", ""4""]","[0.17340116461219138, 0.05677666972244784, 0.4186042609602848, 0.29626989806100573, 0.05494800664407025]","[0.0, 0.05, 0.15, 0.466667, 0.333333]"
d1-omni,typed_security_incidents,security_incidents_000091,true_positive,noul,1,0,"[""false"", ""true""]","[0.81876440346241, 0.18123559653759003]","[0.483333, 0.516667]"
d1-omni,typed_security_incidents,security_incidents_000091,urgency,score,2,3,"[""0"", ""1"", ""2"", ""3""]","[0.021447910355462122, 0.165121021654623, 0.27272794107822973, 0.5407031269116851]","[0.016667, 0.116667, 0.466667, 0.4]"
d1-omni,typed_security_incidents,security_incidents_000092,credential_compromise,noul,0,0,"[""false"", ""true""]","[0.7331632375717163, 0.2668367624282837]","[0.716667, 0.283333]"
d1-omni,typed_security_incidents,security_incidents_000092,disposition,choice,2,2,"[""close_benign"", ""contain"", ""investigate"", ""monitor""]","[0.18150827288627625, 0.28148770332336426, 0.3615952432155609, 0.17540878057479858]","[0.05, 0.1, 0.616667, 0.233333]"
d1-omni,typed_security_incidents,security_incidents_000092,severity,score,3,2,"[""0"", ""1"", ""2"", ""3"", ""4""]","[0.025042594035728588, 0.052516979220369055, 0.7640288073703524, 0.1347967762978566, 0.02361484307569339]","[0.01, 0.1, 0.35, 0.466667, 0.073333]"
d1-omni,typed_security_incidents,security_incidents_000092,true_positive,noul,1,0,"[""false"", ""true""]","[0.520793080329895, 0.479206919670105]","[0.316667, 0.683333]"
d1-omni,typed_security_incidents,security_incidents_000092,urgency,score,2,3,"[""0"", ""1"", ""2"", ""3""]","[0.021138655297403386, 0.11416903287020182, 0.41770947524153873, 0.446982836590856]","[0.033333, 0.166667, 0.483333, 0.316667]"
d1-omni,typed_security_incidents,security_incidents_000093,credential_compromise,noul,0,0,"[""false"", ""true""]","[0.9371286630630493, 0.06287133693695068]","[0.716667, 0.283333]"
d1-omni,typed_security_incidents,security_incidents_000093,disposition,choice,2,3,"[""close_benign"", ""contain"", ""investigate"", ""monitor""]","[0.3079586372965371, 0.14619386413982308, 0.20320160989763753, 0.34264588866600226]","[0.116667, 0.066667, 0.55, 0.266667]"
d1-omni,typed_security_incidents,security_incidents_000093,severity,score,1,2,"[""0"", ""1"", ""2"", ""3"", ""4""]","[0.050728416999907947, 0.12058473156620893, 0.5903497229708293, 0.23459001944106736, 0.0037471090219864593]","[0.166667, 0.566667, 0.233333, 0.03, 0.003333]"
d1-omni,typed_security_incidents,security_incidents_000093,true_positive,noul,0,0,"[""false"", ""true""]","[0.9099621921777725, 0.09003780782222748]","[0.666667, 0.333333]"
d1-omni,typed_security_incidents,security_incidents_000093,urgency,score,1,1,"[""0"", ""1"", ""2"", ""3""]","[0.04584435339387988, 0.5221901497081656, 0.28129237680664376, 0.15067312009131073]","[0.1, 0.633333, 0.216667, 0.05]"
d1-omni,typed_security_incidents,security_incidents_000094,credential_compromise,noul,1,1,"[""false"", ""true""]","[0.4434140920639038, 0.5565859079360962]","[0.383333, 0.616667]"
d1-omni,typed_security_incidents,security_incidents_000094,disposition,choice,1,2,"[""close_benign"", ""contain"", ""investigate"", ""monitor""]","[0.12363575583153599, 0.12982292666767428, 0.5268642980883166, 0.21967701941247314]","[0.02, 0.633333, 0.283333, 0.063333]"
d1-omni,typed_security_incidents,security_incidents_000094,severity,score,3,2,"[""0"", ""1"", ""2"", ""3"", ""4""]","[0.029448497000574052, 0.04391576472434489, 0.3990680686869119, 0.3013000274440281, 0.22626764214414102]","[0.01, 0.023333, 0.25, 0.6, 0.116667]"
d1-omni,typed_security_incidents,security_incidents_000094,true_positive,noul,1,1,"[""false"", ""true""]","[0.2550416588783264, 0.7449583411216736]","[0.093333, 0.906667]"
d1-omni,typed_security_incidents,security_incidents_000094,urgency,score,3,3,"[""0"", ""1"", ""2"", ""3""]","[0.028113493015104143, 0.08489735218944852, 0.33125757368961634, 0.555731581105831]","[0.013333, 0.06, 0.216667, 0.71]"
d1-omni,typed_security_incidents,security_incidents_000095,credential_compromise,noul,0,0,"[""false"", ""true""]","[0.7003375887870789, 0.29966241121292114]","[0.83, 0.17]"
d1-omni,typed_security_incidents,security_incidents_000095,disposition,choice,3,2,"[""close_benign"", ""contain"", ""investigate"", ""monitor""]","[0.15185047686100006, 0.15185047686100006, 0.5439179539680481, 0.15238109230995178]","[0.19, 0.03, 0.36, 0.42]"
d1-omni,typed_security_incidents,security_incidents_000095,severity,score,3,2,"[""0"", ""1"", ""2"", ""3"", ""4""]","[0.0427642284745608, 0.034430858260852966, 0.46546802618306915, 0.44702509711720195, 0.010311789964315145]","[0.02, 0.063333, 0.31, 0.52, 0.086667]"
d1-omni,typed_security_incidents,security_incidents_000095,true_positive,noul,0,0,"[""false"", ""true""]","[0.6854211390018463, 0.3145788609981537]","[0.723333, 0.276667]"
d1-omni,typed_security_incidents,security_incidents_000095,urgency,score,2,3,"[""0"", ""1"", ""2"", ""3""]","[0.06057980995462619, 0.23188094729983416, 0.3138042179924401, 0.3937350247530995]","[0.04, 0.283333, 0.426667, 0.25]"
d1-omni,typed_security_incidents,security_incidents_000096,credential_compromise,noul,1,0,"[""false"", ""true""]","[0.5882566571235657, 0.4117433428764343]","[0.416667, 0.583333]"
d1-omni,typed_security_incidents,security_incidents_000096,disposition,choice,2,2,"[""close_benign"", ""contain"", ""investigate"", ""monitor""]","[0.03975720822087551, 0.26713381013672977, 0.6166742031775178, 0.07643477846487697]","[0.036667, 0.25, 0.633333, 0.08]"
d1-omni,typed_security_incidents,security_incidents_000096,severity,score,3,2,"[""0"", ""1"", ""2"", ""3"", ""4""]","[0.022675454785491933, 0.046754382899063696, 0.4285358818511358, 0.32129633666050683, 0.1807379438038017]","[0.016667, 0.056667, 0.176667, 0.6, 0.15]"
d1-omni,typed_security_incidents,security_incidents_000096,true_positive,noul,1,1,"[""false"", ""true""]","[0.40126317739486694, 0.5987368226051331]","[0.216667, 0.783333]"
d1-omni,typed_security_incidents,security_incidents_000096,urgency,score,3,2,"[""0"", ""1"", ""2"", ""3""]","[0.016295920621432865, 0.07933130809771173, 0.48333962022692367, 0.42103315105393174]","[0.016667, 0.083333, 0.283333, 0.616667]"
d1-omni,typed_security_incidents,security_incidents_000097,credential_compromise,noul,1,0,"[""false"", ""true""]","[0.8787278905510902, 0.12127210944890976]","[0.433333, 0.566667]"
d1-omni,typed_security_incidents,security_incidents_000097,disposition,choice,2,1,"[""close_benign"", ""contain"", ""investigate"", ""monitor""]","[0.15173188982396496, 0.3443950671251913, 0.298920474866068, 0.20495256818477572]","[0.05, 0.1, 0.633333, 0.216667]"
d1-omni,typed_security_incidents,security_incidents_000097,severity,score,2,2,"[""0"", ""1"", ""2"", ""3"", ""4""]","[0.12541933007298048, 0.1567450568989369, 0.4407204564459494, 0.26743393389227055, 0.00968122268986266]","[0.033333, 0.133333, 0.466667, 0.333333, 0.033333]"
d1-omni,typed_security_incidents,security_incidents_000097,true_positive,noul,1,0,"[""false"", ""true""]","[0.6942298114299774, 0.3057701885700226]","[0.366667, 0.633333]"
d1-omni,typed_security_incidents,security_incidents_000097,urgency,score,2,2,"[""0"", ""1"", ""2"", ""3""]","[0.06270645465394177, 0.25367214897763507, 0.4103268919836448, 0.27329450438477837]","[0.016667, 0.15, 0.5, 0.333333]"
d1-omni,typed_security_incidents,security_incidents_000098,credential_compromise,noul,0,0,"[""false"", ""true""]","[0.8965648710727692, 0.10343512892723083]","[0.593333, 0.406667]"
d1-omni,typed_security_incidents,security_incidents_000098,disposition,choice,2,2,"[""close_benign"", ""contain"", ""investigate"", ""monitor""]","[0.12391717263871072, 0.1584068870188345, 0.5054907315706625, 0.21218520877179226]","[0.076667, 0.09, 0.59, 0.243333]"
d1-omni,typed_security_incidents,security_incidents_000098,severity,score,3,2,"[""0"", ""1"", ""2"", ""3"", ""4""]","[0.08102323633553732, 0.14755220298975139, 0.5816073255164365, 0.16895797376638352, 0.020859261391891315]","[0.043333, 0.13, 0.373333, 0.423333, 0.03]"
d1-omni,typed_security_incidents,security_incidents_000098,true_positive,noul,1,0,"[""false"", ""true""]","[0.7852220237255096, 0.21477797627449036]","[0.423333, 0.576667]"
d1-omni,typed_security_incidents,security_incidents_000098,urgency,score,3,2,"[""0"", ""1"", ""2"", ""3""]","[0.05726416845542381, 0.21165158091096112, 0.5420267046469455, 0.18905754598666966]","[0.066667, 0.216667, 0.35, 0.366667]"
d1-omni,typed_security_incidents,security_incidents_000099,credential_compromise,noul,1,1,"[""false"", ""true""]","[0.4013863801956177, 0.5986136198043823]","[0.366667, 0.633333]"
d1-omni,typed_security_incidents,security_incidents_000099,disposition,choice,2,1,"[""close_benign"", ""contain"", ""investigate"", ""monitor""]","[0.15257343195159936, 0.40045236347757684, 0.2751903153899218, 0.17178388918090196]","[0.05, 0.35, 0.5, 0.1]"
d1-omni,typed_security_incidents,security_incidents_000099,severity,score,3,2,"[""0"", ""1"", ""2"", ""3"", ""4""]","[0.028310116785271133, 0.25268827912508696, 0.3531554922194894, 0.22724755438351044, 0.1385985574866421]","[0.016667, 0.083333, 0.2, 0.533333, 0.166667]"
d1-omni,typed_security_incidents,security_incidents_000099,true_positive,noul,1,1,"[""false"", ""true""]","[0.08571690320968628, 0.9142830967903137]","[0.233333, 0.766667]"
d1-omni,typed_security_incidents,security_incidents_000099,urgency,score,3,3,"[""0"", ""1"", ""2"", ""3""]","[0.07129272606096489, 0.31424375432003276, 0.22195344501872524, 0.3925100746002771]","[0.016667, 0.1, 0.333333, 0.55]"
d1-omni,typed_security_incidents,security_incidents_000016,credential_compromise,noul,0,0,"[""false"", ""true""]","[0.5519164800643921, 0.4480835199356079]","[0.51, 0.49]"
d1-omni,typed_security_incidents,security_incidents_000016,disposition,choice,2,2,"[""close_benign"", ""contain"", ""investigate"", ""monitor""]","[0.11596330201407087, 0.313358265957729, 0.3611552036497118, 0.20952322837848833]","[0.05, 0.216667, 0.633333, 0.1]"
d1-omni,typed_security_incidents,security_incidents_000016,severity,score,3,2,"[""0"", ""1"", ""2"", ""3"", ""4""]","[0.014939015870345905, 0.07239799268914379, 0.6003577169064219, 0.24310377466589003, 0.06920149986819829]","[0.006667, 0.043333, 0.2, 0.483333, 0.266667]"
d1-omni,typed_security_incidents,security_incidents_000016,true_positive,noul,1,0,"[""false"", ""true""]","[0.7724162638187408, 0.22758373618125916]","[0.45, 0.55]"
d1-omni,typed_security_incidents,security_incidents_000016,urgency,score,3,3,"[""0"", ""1"", ""2"", ""3""]","[0.061501372206864136, 0.08746830532539823, 0.3584672270252925, 0.49256309544244514]","[0.0, 0.083333, 0.25, 0.666667]"
d1-omni,typed_security_incidents,security_incidents_000017,credential_compromise,noul,1,0,"[""false"", ""true""]","[0.5677107870578766, 0.4322892129421234]","[0.366667, 0.633333]"
d1-omni,typed_security_incidents,security_incidents_000017,disposition,choice,2,1,"[""close_benign"", ""contain"", ""investigate"", ""monitor""]","[0.15865958754242696, 0.3683771679288993, 0.2728146233315878, 0.20014862119708593]","[0.06, 0.09, 0.666667, 0.183333]"
d1-omni,typed_security_incidents,security_incidents_000017,severity,score,2,2,"[""0"", ""1"", ""2"", ""3"", ""4""]","[0.019276975835834168, 0.02823266550006835, 0.6589681290611848, 0.25877161328107123, 0.034750616321841454]","[0.066667, 0.366667, 0.45, 0.11, 0.006667]"
d1-omni,typed_security_incidents,security_incidents_000017,true_positive,noul,1,1,"[""false"", ""true""]","[0.28201866149902344, 0.7179813385009766]","[0.22, 0.78]"
d1-omni,typed_security_incidents,security_incidents_000017,urgency,score,2,3,"[""0"", ""1"", ""2"", ""3""]","[0.03791073813921204, 0.1285996644072472, 0.37967643434609377, 0.45381316310744696]","[0.05, 0.283333, 0.483333, 0.183333]"
d1-omni,typed_security_incidents,security_incidents_000018,credential_compromise,noul,0,0,"[""false"", ""true""]","[0.6881355345249176, 0.3118644654750824]","[0.556667, 0.443333]"
d1-omni,typed_security_incidents,security_incidents_000018,disposition,choice,2,2,"[""close_benign"", ""contain"", ""investigate"", ""monitor""]","[0.14800788682710955, 0.16668708870838714, 0.5869950143545123, 0.09831001010999099]","[0.04, 0.06, 0.713333, 0.186667]"
d1-omni,typed_security_incidents,security_incidents_000018,severity,score,2,2,"[""0"", ""1"", ""2"", ""3"", ""4""]","[0.05634731117279058, 0.10180691743426305, 0.5179212151235478, 0.2923125359301925, 0.03161202033920609]","[0.003333, 0.096667, 0.466667, 0.39, 0.043333]"
d1-omni,typed_security_incidents,security_incidents_000018,true_positive,noul,1,0,"[""false"", ""true""]","[0.5632106959819794, 0.43678930401802063]","[0.44, 0.56]"
d1-omni,typed_security_incidents,security_incidents_000018,urgency,score,3,3,"[""0"", ""1"", ""2"", ""3""]","[0.030816256509224853, 0.3445349072554499, 0.22856947524221896, 0.3960793609931063]","[0.02, 0.146667, 0.39, 0.443333]"
d1-omni,typed_security_incidents,security_incidents_000019,credential_compromise,noul,1,0,"[""false"", ""true""]","[0.7303304374217987, 0.2696695625782013]","[0.466667, 0.533333]"
d1-omni,typed_security_incidents,security_incidents_000019,disposition,choice,2,2,"[""close_benign"", ""contain"", ""investigate"", ""monitor""]","[0.23753106668406326, 0.19695869404323732, 0.4184193957794073, 0.14709084349329213]","[0.043333, 0.09, 0.693333, 0.173333]"
d1-omni,typed_security_incidents,security_incidents_000019,severity,score,3,2,"[""0"", ""1"", ""2"", ""3"", ""4""]","[0.08139297062929829, 0.06817320480297488, 0.40039403735123436, 0.38428537606129887, 0.06575441115519363]","[0.006667, 0.026667, 0.133333, 0.716667, 0.116667]"
d1-omni,typed_security_incidents,security_incidents_000019,true_positive,noul,1,0,"[""false"", ""true""]","[0.7553914338350296, 0.2446085661649704]","[0.416667, 0.583333]"
d1-omni,typed_security_incidents,security_incidents_000019,urgency,score,3,1,"[""0"", ""1"", ""2"", ""3""]","[0.0748130427743106, 0.38296605710066645, 0.30128454039675967, 0.24093635972826333]","[0.01, 0.073333, 0.333333, 0.583333]"
d1-omni,ood_agnews_balanced,0,topic,choice,0,0,"[""business"", ""scitech"", ""sports"", ""world""]","[0.7662987823232827, 0.009312652190218153, 0.13698983396574607, 0.08739873152075307]",
d1-omni,ood_agnews_balanced,2,topic,choice,1,1,"[""business"", ""scitech"", ""sports"", ""world""]","[0.06474814090287903, 0.844169830891902, 0.01087053445090917, 0.0802114937543098]",
d1-omni,ood_agnews_balanced,5,topic,choice,1,0,"[""business"", ""scitech"", ""sports"", ""world""]","[0.39372645588486443, 0.26316864474871654, 0.03564064364018933, 0.30746425572622965]",
d1-omni,ood_agnews_balanced,8,topic,choice,1,1,"[""business"", ""scitech"", ""sports"", ""world""]","[0.2740425284317823, 0.596825803497025, 0.01218783440855569, 0.11694383366263705]",
d1-omni,ood_agnews_balanced,22,topic,choice,1,1,"[""business"", ""scitech"", ""sports"", ""world""]","[0.055442625749257846, 0.9292069972917648, 0.0003241247219393024, 0.015026252237038027]",
d1-omni,ood_agnews_balanced,28,topic,choice,2,2,"[""business"", ""scitech"", ""sports"", ""world""]","[0.004672668858760612, 0.00011519767538607892, 0.9887804952240264, 0.006431638241826826]",
d1-omni,ood_agnews_balanced,56,topic,choice,3,0,"[""business"", ""scitech"", ""sports"", ""world""]","[0.5655850457393746, 0.004528997217174554, 0.00021996812094032564, 0.42966598892251046]",
d1-omni,ood_agnews_balanced,57,topic,choice,3,3,"[""business"", ""scitech"", ""sports"", ""world""]","[0.013668307606433784, 0.00026805370985204187, 0.00918388679907706, 0.9768797518846372]",
d1-omni,ood_agnews_balanced,59,topic,choice,0,0,"[""business"", ""scitech"", ""sports"", ""world""]","[0.9313922472444899, 0.00021921067498495759, 0.0011277587113265103, 0.06726078336919868]",
d1-omni,ood_agnews_balanced,60,topic,choice,2,2,"[""business"", ""scitech"", ""sports"", ""world""]","[0.001576500353816181, 5.58615166643935e-05, 0.9960311455532773, 0.0023364925762421524]",
d1-omni,ood_agnews_balanced,63,topic,choice,1,0,"[""business"", ""scitech"", ""sports"", ""world""]","[0.7072666964087458, 0.2503070648885073, 0.0016157050836561966, 0.04081053361909068]",
d1-omni,ood_agnews_balanced,66,topic,choice,3,3,"[""business"", ""scitech"", ""sports"", ""world""]","[0.17034087131239303, 0.007592978932166243, 0.036634808238808915, 0.7854313415166319]",
d1-omni,ood_agnews_balanced,70,topic,choice,1,1,"[""business"", ""scitech"", ""sports"", ""world""]","[0.15870263403052848, 0.7614516842709125, 0.0009016357507171005, 0.07894404594784193]",
d1-omni,ood_agnews_balanced,79,topic,choice,3,2,"[""business"", ""scitech"", ""sports"", ""world""]","[0.003912412188729747, 0.000396944591889239, 0.9679277769123747, 0.027762866307006303]",
d1-omni,ood_agnews_balanced,87,topic,choice,3,2,"[""business"", ""scitech"", ""sports"", ""world""]","[0.010860360167786477, 0.0002580274871792879, 0.622202273761032, 0.36667933858400226]",
d1-omni,ood_agnews_balanced,102,topic,choice,1,3,"[""business"", ""scitech"", ""sports"", ""world""]","[0.34155462066899245, 0.18949985989485507, 0.005653892322892359, 0.4632916271132601]",
d1-omni,ood_agnews_balanced,115,topic,choice,2,2,"[""business"", ""scitech"", ""sports"", ""world""]","[0.008033950271567886, 0.000326383787442516, 0.9811378001339243, 0.01050186580706534]",
d1-omni,ood_agnews_balanced,117,topic,choice,1,1,"[""business"", ""scitech"", ""sports"", ""world""]","[0.07092168804998396, 0.9064566336856711, 0.005430242418814931, 0.017191435845530068]",
d1-omni,ood_agnews_balanced,118,topic,choice,0,0,"[""business"", ""scitech"", ""sports"", ""world""]","[0.9367988188110193, 0.0013466617205366077, 0.01033982270682082, 0.05151469676162328]",
d1-omni,ood_agnews_balanced,126,topic,choice,2,2,"[""business"", ""scitech"", ""sports"", ""world""]","[0.0032958759134692046, 5.250435877520383e-05, 0.9680497140292342, 0.02860190569852136]",
d1-omni,ood_agnews_balanced,129,topic,choice,3,3,"[""business"", ""scitech"", ""sports"", ""world""]","[0.00587478013164933, 9.01272670558101e-05, 0.0023655358739376343, 0.9916695567273572]",
d1-omni,ood_agnews_balanced,135,topic,choice,2,2,"[""business"", ""scitech"", ""sports"", ""world""]","[0.004812445619947712, 0.001289359902009058, 0.9793431072537147, 0.014555087224328599]",
d1-omni,ood_agnews_balanced,148,topic,choice,2,2,"[""business"", ""scitech"", ""sports"", ""world""]","[0.007912822487923854, 0.0001391799652218489, 0.979922350526972, 0.01202564701988235]",
d1-omni,ood_agnews_balanced,158,topic,choice,2,2,"[""business"", ""scitech"", ""sports"", ""world""]","[0.0004395553134833986, 4.205815798186401e-05, 0.9968243021178959, 0.0026940844106388942]",
d1-omni,ood_agnews_balanced,159,topic,choice,3,3,"[""business"", ""scitech"", ""sports"", ""world""]","[0.0029809725945384104, 0.00011810027172964203, 0.0014270210885638777, 0.995473906045168]",
d1-omni,ood_agnews_balanced,167,topic,choice,0,0,"[""business"", ""scitech"", ""sports"", ""world""]","[0.9535368811941417, 0.015021546950161287, 0.0020744784554453167, 0.029367093400251704]",
d1-omni,ood_agnews_balanced,177,topic,choice,2,2,"[""business"", ""scitech"", ""sports"", ""world""]","[0.0018681281913066497, 8.321408663040433e-05, 0.9817564470813577, 0.01629221064070527]",
d1-omni,ood_agnews_balanced,178,topic,choice,1,1,"[""business"", ""scitech"", ""sports"", ""world""]","[0.3154190314876441, 0.5880751856261709, 0.009394403009440876, 0.0871113798767441]",
d1-omni,ood_agnews_balanced,194,topic,choice,0,0,"[""business"", ""scitech"", ""sports"", ""world""]","[0.9798649550910145, 0.014461604880410829, 0.000364450592367859, 0.005308989436206901]",
d1-omni,ood_agnews_balanced,201,topic,choice,1,1,"[""business"", ""scitech"", ""sports"", ""world""]","[0.24780994457529437, 0.7130268755734633, 0.0025957529227585534, 0.03656742692848376]",
d1-omni,ood_agnews_balanced,214,topic,choice,2,2,"[""business"", ""scitech"", ""sports"", ""world""]","[0.0020703100641978217, 0.00011180042224906734, 0.992297114984977, 0.005520774528576143]",
d1-omni,ood_agnews_balanced,216,topic,choice,0,0,"[""business"", ""scitech"", ""sports"", ""world""]","[0.9137695704565727, 0.04431497065429459, 0.0006621256086317844, 0.04125333328050095]",
d1-omni,ood_agnews_balanced,231,topic,choice,2,2,"[""business"", ""scitech"", ""sports"", ""world""]","[0.04179451833566805, 0.0024463533308425683, 0.6900401476908087, 0.2657189806426807]",
d1-omni,ood_agnews_balanced,241,topic,choice,2,2,"[""business"", ""scitech"", ""sports"", ""world""]","[0.003536623851570517, 0.00018239014016487617, 0.9906371632772121, 0.0056438227310525516]",
d1-omni,ood_agnews_balanced,244,topic,choice,0,0,"[""business"", ""scitech"", ""sports"", ""world""]","[0.8319561717311534, 0.000513479186342119, 0.0010087653349193696, 0.16652158374758502]",
d1-omni,ood_agnews_balanced,248,topic,choice,1,0,"[""business"", ""scitech"", ""sports"", ""world""]","[0.9630648046681382, 0.009667612428791874, 0.000497881303406568, 0.02676970159966344]",
d1-omni,ood_agnews_balanced,255,topic,choice,1,3,"[""business"", ""scitech"", ""sports"", ""world""]","[0.03642415636317841, 0.09618610166056571, 0.007260085566109246, 0.8601296564101466]",
d1-omni,ood_agnews_balanced,272,topic,choice,0,0,"[""business"", ""scitech"", ""sports"", ""world""]","[0.8147948957206818, 0.031174034209586293, 0.0025159778911213676, 0.1515150921786106]",
d1-omni,ood_agnews_balanced,278,topic,choice,0,0,"[""business"", ""scitech"", ""sports"", ""world""]","[0.6713195635016255, 0.0009503342133605678, 0.0009371673490473284, 0.3267929349359667]",
d1-omni,ood_agnews_balanced,280,topic,choice,0,0,"[""business"", ""scitech"", ""sports"", ""world""]","[0.9307781609684408, 0.01522591171755644, 0.003503851658131557, 0.05049207565587119]",
d1-omni,ood_agnews_balanced,285,topic,choice,3,3,"[""business"", ""scitech"", ""sports"", ""world""]","[0.0063567324650662255, 0.00020485665335106146, 0.006582365848250908, 0.9868560450333318]",
d1-omni,ood_agnews_balanced,293,topic,choice,1,1,"[""business"", ""scitech"", ""sports"", ""world""]","[0.338074469229682, 0.512184193130877, 0.0255444305847505, 0.12419690705469051]",
d1-omni,ood_agnews_balanced,299,topic,choice,0,0,"[""business"", ""scitech"", ""sports"", ""world""]","[0.9131471279237782, 0.001144913344923604, 0.000724485416375855, 0.08498347331492238]",
d1-omni,ood_agnews_balanced,300,topic,choice,2,2,"[""business"", ""scitech"", ""sports"", ""world""]","[0.001655219591415476, 7.47661689714151e-05, 0.9807586091572603, 0.01751140508235278]",
d1-omni,ood_agnews_balanced,317,topic,choice,0,0,"[""business"", ""scitech"", ""sports"", ""world""]","[0.8321785812502409, 0.06853558774022393, 0.0023998531648909355, 0.09688597784464417]",
d1-omni,ood_agnews_balanced,326,topic,choice,3,3,"[""business"", ""scitech"", ""sports"", ""world""]","[0.18825646060390053, 0.003922967305978212, 0.30528289591436475, 0.5025376761757565]",
d1-omni,ood_agnews_balanced,329,topic,choice,0,0,"[""business"", ""scitech"", ""sports"", ""world""]","[0.6311468784898049, 0.30574058066232923, 0.0008616352752092673, 0.06225090557265662]",
d1-omni,ood_agnews_balanced,339,topic,choice,2,2,"[""business"", ""scitech"", ""sports"", ""world""]","[0.0015440395668469247, 2.3326956440598118e-05, 0.9961538074685272, 0.0022788260081852353]",
d1-omni,ood_agnews_balanced,372,topic,choice,3,2,"[""business"", ""scitech"", ""sports"", ""world""]","[0.0011960991191272018, 0.00028068069329754974, 0.986455340403854, 0.012067879783721293]",
d1-omni,ood_agnews_balanced,382,topic,choice,1,1,"[""business"", ""scitech"", ""sports"", ""world""]","[0.0017091816344876316, 0.9671619232312383, 0.0004993021872730309, 0.030629592947001075]",
d1-omni,ood_agnews_balanced,391,topic,choice,2,2,"[""business"", ""scitech"", ""sports"", ""world""]","[0.00426253320719865, 0.00014749784023019511, 0.9876150282854678, 0.00797494066710335]",
d1-omni,ood_agnews_balanced,393,topic,choice,3,3,"[""business"", ""scitech"", ""sports"", ""world""]","[0.00505351317021167, 0.00032534761397728934, 0.001472166027073119, 0.993148973188738]",
d1-omni,ood_agnews_balanced,404,topic,choice,3,3,"[""business"", ""scitech"", ""sports"", ""world""]","[0.10992462914869996, 0.00017992687670030468, 0.009728318723580456, 0.8801671252510193]",
d1-omni,ood_agnews_balanced,440,topic,choice,0,0,"[""business"", ""scitech"", ""sports"", ""world""]","[0.5556270355963625, 0.08622044877215217, 0.004252388978323586, 0.3539001266531618]",
d1-omni,ood_agnews_balanced,446,topic,choice,1,0,"[""business"", ""scitech"", ""sports"", ""world""]","[0.9257202247584077, 0.04767449251213732, 0.001997173319540446, 0.02460810940991459]",
d1-omni,ood_agnews_balanced,447,topic,choice,1,1,"[""business"", ""scitech"", ""sports"", ""world""]","[0.21587215725863243, 0.7292308333573444, 0.020930974163820535, 0.033966035220202646]",
d1-omni,ood_agnews_balanced,450,topic,choice,3,2,"[""business"", ""scitech"", ""sports"", ""world""]","[0.0014328580403405787, 4.503111939001637e-05, 0.9815798279134168, 0.016942282926852625]",
d1-omni,ood_agnews_balanced,451,topic,choice,3,3,"[""business"", ""scitech"", ""sports"", ""world""]","[0.010533362182372729, 0.0001582495388348221, 0.0011004659390015782, 0.9882079223397908]",
d1-omni,ood_agnews_balanced,454,topic,choice,1,1,"[""business"", ""scitech"", ""sports"", ""world""]","[0.19877421529647377, 0.7757851354095964, 0.00102564842153615, 0.024415000872393705]",
d1-omni,ood_agnews_balanced,469,topic,choice,2,2,"[""business"", ""scitech"", ""sports"", ""world""]","[0.02043436249506141, 0.0014017957509680848, 0.9496420473731083, 0.028521794380862213]",
d1-omni,ood_agnews_balanced,477,topic,choice,1,0,"[""business"", ""scitech"", ""sports"", ""world""]","[0.5271871187978124, 0.45661974802438693, 0.0002541784535400812, 0.015938954724260608]",
d1-omni,ood_agnews_balanced,511,topic,choice,3,2,"[""business"", ""scitech"", ""sports"", ""world""]","[0.26486007168472026, 0.20120998326569745, 0.2851874913331119, 0.2487424537164704]",
d1-omni,ood_agnews_balanced,513,topic,choice,3,3,"[""business"", ""scitech"", ""sports"", ""world""]","[0.023691829406946866, 0.00012156626883444821, 0.0030513836611386494, 0.97313522066308]",
d1-omni,ood_agnews_balanced,515,topic,choice,2,2,"[""business"", ""scitech"", ""sports"", ""world""]","[0.14792415349867644, 0.001927572166582246, 0.7749441187572504, 0.07520415557749086]",
d1-omni,ood_agnews_balanced,525,topic,choice,3,3,"[""business"", ""scitech"", ""sports"", ""world""]","[0.01228105645836399, 0.0003273756916977037, 0.0032720511998158633, 0.9841195166501224]",
d1-omni,ood_agnews_balanced,529,topic,choice,3,3,"[""business"", ""scitech"", ""sports"", ""world""]","[0.017909540212963614, 0.00031633506533920605, 0.005298014748255466, 0.9764761099734417]",
d1-omni,ood_agnews_balanced,541,topic,choice,3,3,"[""business"", ""scitech"", ""sports"", ""world""]","[0.4561806693516315, 0.005528413315068216, 0.007923713083066958, 0.5303672042502333]",
d1-omni,ood_agnews_balanced,543,topic,choice,1,1,"[""business"", ""scitech"", ""sports"", ""world""]","[0.03508638776845848, 0.8224926750342525, 0.015599008752830794, 0.12682192844445825]",
d1-omni,ood_agnews_balanced,561,topic,choice,3,3,"[""business"", ""scitech"", ""sports"", ""world""]","[0.0188502461190162, 0.0003188573991331959, 0.014260416604333236, 0.9665704798775173]",
d1-omni,ood_agnews_balanced,572,topic,choice,1,1,"[""business"", ""scitech"", ""sports"", ""world""]","[0.0022356619256363127, 0.9664376232642607, 0.00026297792978702375, 0.031063736880315933]",
d1-omni,ood_agnews_balanced,578,topic,choice,1,0,"[""business"", ""scitech"", ""sports"", ""world""]","[0.5059851379141593, 0.41795181989674, 0.000823525823611677, 0.07523951636548895]",
d1-omni,ood_agnews_balanced,590,topic,choice,3,3,"[""business"", ""scitech"", ""sports"", ""world""]","[0.007581177762110246, 0.0025964943202082267, 0.0026110241167724042, 0.9872113038009092]",
d1-omni,ood_agnews_balanced,609,topic,choice,2,2,"[""business"", ""scitech"", ""sports"", ""world""]","[0.0016423308665977565, 4.198494852239449e-05, 0.9950892133476468, 0.003226470837233036]",
d1-omni,ood_agnews_balanced,613,topic,choice,3,2,"[""business"", ""scitech"", ""sports"", ""world""]","[0.0009345827036480365, 7.799624819357382e-05, 0.9866808401108595, 0.012306580937298863]",
d1-omni,ood_agnews_balanced,616,topic,choice,1,3,"[""business"", ""scitech"", ""sports"", ""world""]","[0.048442748676555354, 0.3361805802453523, 0.00160085331793209, 0.6137758177601602]",
d1-omni,ood_agnews_balanced,622,topic,choice,1,1,"[""business"", ""scitech"", ""sports"", ""world""]","[0.0020898099330696005, 0.936760339483264, 0.000325849087556901, 0.06082400149610947]",
d1-omni,ood_agnews_balanced,624,topic,choice,1,1,"[""business"", ""scitech"", ""sports"", ""world""]","[0.0323524588362894, 0.9474263831387572, 0.003672563488001765, 0.01654859453695172]",
d1-omni,ood_agnews_balanced,639,topic,choice,3,3,"[""business"", ""scitech"", ""sports"", ""world""]","[0.14947761380340843, 0.00025604542675176516, 0.0027903474000506214, 0.8474759933697892]",
d1-omni,ood_agnews_balanced,644,topic,choice,2,2,"[""business"", ""scitech"", ""sports"", ""world""]","[0.004506017076865905, 3.142756392201303e-05, 0.9873607148639216, 0.008101840495290476]",
d1-omni,ood_agnews_balanced,650,topic,choice,3,0,"[""business"", ""scitech"", ""sports"", ""world""]","[0.5673372214193279, 0.0021164228915480717, 0.07873291612088515, 0.3518134395682389]",
d1-omni,ood_agnews_balanced,657,topic,choice,1,1,"[""business"", ""scitech"", ""sports"", ""world""]","[0.2339732642584047, 0.6969887005221309, 0.01671328206227481, 0.052324753157189575]",
d1-omni,ood_agnews_balanced,667,topic,choice,0,0,"[""business"", ""scitech"", ""sports"", ""world""]","[0.8353140487866105, 0.017712859720401257, 0.0008401282382567452, 0.14613296325473143]",
d1-omni,ood_agnews_balanced,670,topic,choice,2,2,"[""business"", ""scitech"", ""sports"", ""world""]","[0.002852440068290297, 5.792571773409444e-05, 0.982242410520222, 0.014847223693753672]",
d1-omni,ood_agnews_balanced,673,topic,choice,0,0,"[""business"", ""scitech"", ""sports"", ""world""]","[0.7471222968570207, 0.003565318977530346, 0.0022001319725653457, 0.24711225219288366]",
d1-omni,ood_agnews_balanced,676,topic,choice,3,2,"[""business"", ""scitech"", ""sports"", ""world""]","[0.0035258906287698754, 0.0001300946018379789, 0.9604521951666763, 0.035891819602715744]",
d1-omni,ood_agnews_balanced,681,topic,choice,3,3,"[""business"", ""scitech"", ""sports"", ""world""]","[0.0014202839490910916, 0.00025319422013917765, 0.002007447918606763, 0.996319073912163]",
d1-omni,ood_agnews_balanced,686,topic,choice,2,2,"[""business"", ""scitech"", ""sports"", ""world""]","[0.002177833926179407, 0.00013259948866369033, 0.9871745625702636, 0.01051500401489334]",
d1-omni,ood_agnews_balanced,706,topic,choice,1,1,"[""business"", ""scitech"", ""sports"", ""world""]","[0.09970402708304671, 0.7034495466356636, 0.008705333798466872, 0.18814109248282287]",
d1-omni,ood_agnews_balanced,713,topic,choice,2,2,"[""business"", ""scitech"", ""sports"", ""world""]","[0.0013539263864621688, 2.0369325530635882e-05, 0.9917495677112699, 0.006876136576737297]",
d1-omni,ood_agnews_balanced,714,topic,choice,2,2,"[""business"", ""scitech"", ""sports"", ""world""]","[0.030146667124266308, 9.79521978268233e-05, 0.9348037631464388, 0.03495161753146815]",
d1-omni,ood_agnews_balanced,720,topic,choice,3,3,"[""business"", ""scitech"", ""sports"", ""world""]","[0.012366825665757983, 0.0037829365897202117, 0.0038575539212724157, 0.9799926838232494]",
d1-omni,ood_agnews_balanced,725,topic,choice,3,3,"[""business"", ""scitech"", ""sports"", ""world""]","[0.0031901754014996664, 0.0001385792567812624, 0.003119751349452092, 0.9935514939922669]",
d1-omni,ood_agnews_balanced,727,topic,choice,3,0,"[""business"", ""scitech"", ""sports"", ""world""]","[0.7376173577093537, 0.003338201133003469, 0.0007134458712631234, 0.25833099528637976]",
d1-omni,ood_agnews_balanced,728,topic,choice,0,0,"[""business"", ""scitech"", ""sports"", ""world""]","[0.9765599089533762, 4.7637226898118544e-05, 0.00019879798165186444, 0.023193655838073788]",
d1-omni,ood_agnews_balanced,729,topic,choice,0,0,"[""business"", ""scitech"", ""sports"", ""world""]","[0.9446609786823686, 2.074604564023412e-05, 0.0003322853941389122, 0.05498598987785217]",
d1-omni,ood_agnews_balanced,737,topic,choice,3,3,"[""business"", ""scitech"", ""sports"", ""world""]","[0.037225163852813235, 0.00023629505783089784, 0.01833708740019989, 0.944201453689156]",
d1-omni,ood_agnews_balanced,761,topic,choice,1,1,"[""business"", ""scitech"", ""sports"", ""world""]","[0.19667505199497806, 0.6611452261214047, 0.0037930219878166134, 0.13838669989580057]",
d1-omni,ood_agnews_balanced,765,topic,choice,2,2,"[""business"", ""scitech"", ""sports"", ""world""]","[0.008882696415495762, 0.0003199509447034482, 0.9807717873741236, 0.010025565265677175]",
d1-omni,ood_agnews_balanced,766,topic,choice,2,2,"[""business"", ""scitech"", ""sports"", ""world""]","[0.0031221415287491228, 0.00013985130563816755, 0.992926475016718, 0.0038115321488946664]",
d1-omni,ood_agnews_balanced,767,topic,choice,2,2,"[""business"", ""scitech"", ""sports"", ""world""]","[0.12263010540911838, 0.00033631934769972396, 0.862339615547414, 0.014693959695767865]",
d1-omni,ood_agnews_balanced,768,topic,choice,3,3,"[""business"", ""scitech"", ""sports"", ""world""]","[0.017054637861274938, 0.0006552469554809417, 0.020762411837631396, 0.9615277033456128]",
d1-omni,ood_agnews_balanced,782,topic,choice,2,2,"[""business"", ""scitech"", ""sports"", ""world""]","[0.005567880105779803, 0.00011905962061805448, 0.9745837842232352, 0.01972927605036694]",
d1-omni,ood_agnews_balanced,788,topic,choice,0,0,"[""business"", ""scitech"", ""sports"", ""world""]","[0.9794025260377959, 0.0003186139458645407, 0.006256129024304194, 0.01402273099203535]",
d1-omni,ood_agnews_balanced,790,topic,choice,3,3,"[""business"", ""scitech"", ""sports"", ""world""]","[0.0006558780626453807, 0.0003423440004378047, 0.0009940044817482315, 0.9980077734551686]",
d1-omni,ood_agnews_balanced,792,topic,choice,3,3,"[""business"", ""scitech"", ""sports"", ""world""]","[0.0011148244127738853, 2.5847847006380362e-05, 0.0005472492061635828, 0.9983120785340561]",
d1-omni,ood_agnews_balanced,804,topic,choice,0,0,"[""business"", ""scitech"", ""sports"", ""world""]","[0.8582151591619246, 0.0004581446441891145, 0.00391663567082023, 0.13741006052306604]",
d1-omni,ood_agnews_balanced,810,topic,choice,3,3,"[""business"", ""scitech"", ""sports"", ""world""]","[0.0008353102275817299, 0.0001914223452537067, 0.0005054935617957381, 0.9984677738653688]",
d1-omni,ood_agnews_balanced,819,topic,choice,3,3,"[""business"", ""scitech"", ""sports"", ""world""]","[0.04052650721853015, 0.0037317523226948084, 0.02474829055837457, 0.9309934499004004]",
d1-omni,ood_agnews_balanced,827,topic,choice,2,2,"[""business"", ""scitech"", ""sports"", ""world""]","[0.00223474299870848, 0.00017248507525946348, 0.9878478147407459, 0.0097449571852862]",
d1-omni,ood_agnews_balanced,840,topic,choice,2,2,"[""business"", ""scitech"", ""sports"", ""world""]","[0.001020522601308116, 2.8565416337046437e-05, 0.9950477333083784, 0.0039031786739764716]",
d1-omni,ood_agnews_balanced,842,topic,choice,2,2,"[""business"", ""scitech"", ""sports"", ""world""]","[0.0016928409732753981, 3.843662915028246e-05, 0.9905336063309054, 0.007735116066668909]",
d1-omni,ood_agnews_balanced,843,topic,choice,2,2,"[""business"", ""scitech"", ""sports"", ""world""]","[0.0060110815986693066, 4.4859859991437294e-05, 0.9833192564391895, 0.010624802102149791]",
d1-omni,ood_agnews_balanced,844,topic,choice,3,3,"[""business"", ""scitech"", ""sports"", ""world""]","[0.1678953856024905, 0.002313381211378769, 0.20857382567790445, 0.6212174075082263]",
d1-omni,ood_agnews_balanced,848,topic,choice,3,3,"[""business"", ""scitech"", ""sports"", ""world""]","[0.14238355293040666, 0.002258741412526721, 0.032538132546094514, 0.8228195731109721]",
d1-omni,ood_agnews_balanced,852,topic,choice,3,3,"[""business"", ""scitech"", ""sports"", ""world""]","[0.08310993760824203, 0.3682760000228882, 0.019299842417240143, 0.5293142199516296]",
d1-omni,ood_agnews_balanced,856,topic,choice,2,2,"[""business"", ""scitech"", ""sports"", ""world""]","[0.0036349059772051977, 8.630020038242671e-05, 0.9846379347651316, 0.011640859057280756]",
d1-omni,ood_agnews_balanced,867,topic,choice,0,0,"[""business"", ""scitech"", ""sports"", ""world""]","[0.9445556483577375, 0.0035507586159226646, 0.003511347605362502, 0.04838224542097726]",
d1-omni,ood_agnews_balanced,877,topic,choice,0,0,"[""business"", ""scitech"", ""sports"", ""world""]","[0.6790506822360779, 0.27746117043959145, 0.0036997410839663, 0.03978840624036443]",
d1-omni,ood_agnews_balanced,878,topic,choice,2,2,"[""business"", ""scitech"", ""sports"", ""world""]","[0.002316094659367429, 9.935431532151907e-05, 0.9914769151936315, 0.006107635831679597]",
d1-omni,ood_agnews_balanced,880,topic,choice,1,1,"[""business"", ""scitech"", ""sports"", ""world""]","[0.0958912228935839, 0.8115149185704901, 0.00976971728598541, 0.08282414124994059]",
d1-omni,ood_agnews_balanced,883,topic,choice,0,0,"[""business"", ""scitech"", ""sports"", ""world""]","[0.9425970366196473, 0.00016876971245023472, 0.00038120061047379234, 0.05685299305742869]",
d1-omni,ood_agnews_balanced,886,topic,choice,2,2,"[""business"", ""scitech"", ""sports"", ""world""]","[0.0042945681669624165, 4.224715627578847e-05, 0.9791998175622447, 0.016463367114517118]",
d1-omni,ood_agnews_balanced,900,topic,choice,0,0,"[""business"", ""scitech"", ""sports"", ""world""]","[0.933284612776558, 4.152126225840243e-05, 0.0004705195758436684, 0.06620334638533991]",
d1-omni,ood_agnews_balanced,949,topic,choice,2,2,"[""business"", ""scitech"", ""sports"", ""world""]","[0.0015518037490924968, 0.00015876607469515318, 0.9942029643854907, 0.004086465790721664]",
d1-omni,ood_agnews_balanced,963,topic,choice,0,0,"[""business"", ""scitech"", ""sports"", ""world""]","[0.7406011609469211, 0.0010209841130860006, 0.0011640611006842334, 0.2572137938393087]",
d1-omni,ood_agnews_balanced,964,topic,choice,0,0,"[""business"", ""scitech"", ""sports"", ""world""]","[0.9794926047325134, 0.0029868006240576506, 0.00041190278716385365, 0.017108691856265068]",
d1-omni,ood_agnews_balanced,965,topic,choice,0,0,"[""business"", ""scitech"", ""sports"", ""world""]","[0.9830940102911491, 0.00045077085514744664, 0.0015301882349413039, 0.014925030618762193]",
d1-omni,ood_agnews_balanced,968,topic,choice,1,1,"[""business"", ""scitech"", ""sports"", ""world""]","[0.18207651037580314, 0.7901580782577753, 0.0022834464482321135, 0.025481964918189406]",
d1-omni,ood_agnews_balanced,970,topic,choice,0,0,"[""business"", ""scitech"", ""sports"", ""world""]","[0.9888853005092004, 0.00063023785369749, 0.0006128950575431386, 0.009871566579558963]",
d1-omni,ood_agnews_balanced,993,topic,choice,3,3,"[""business"", ""scitech"", ""sports"", ""world""]","[0.008491129703006882, 0.00023081228086801138, 0.007852966979125301, 0.9834250910369998]",
d1-omni,ood_agnews_balanced,999,topic,choice,3,3,"[""business"", ""scitech"", ""sports"", ""world""]","[0.001959633502257718, 0.00010435744964763543, 0.002003870392201018, 0.9959321386558936]",
d1-omni,ood_agnews_balanced,1013,topic,choice,1,1,"[""business"", ""scitech"", ""sports"", ""world""]","[0.018487429947930175, 0.8130952428408257, 0.0011240554003093927, 0.16729327181093473]",
d1-omni,ood_agnews_balanced,1029,topic,choice,0,0,"[""business"", ""scitech"", ""sports"", ""world""]","[0.8320355781586327, 0.1553158717173279, 0.0003901195197184738, 0.012258430604320874]",
d1-omni,ood_agnews_balanced,1044,topic,choice,0,0,"[""business"", ""scitech"", ""sports"", ""world""]","[0.9833164571885555, 0.00021825980562526973, 0.00044711439480924647, 0.016018168611009926]",
d1-omni,ood_agnews_balanced,1045,topic,choice,1,1,"[""business"", ""scitech"", ""sports"", ""world""]","[0.3597391304704968, 0.5629749983275076, 0.0014042398183346512, 0.07588163138366093]",
d1-omni,ood_agnews_balanced,1052,topic,choice,3,3,"[""business"", ""scitech"", ""sports"", ""world""]","[0.04561929624313985, 0.0012366026225335016, 0.034607945712389385, 0.9185361554219372]",
d1-omni,ood_agnews_balanced,1055,topic,choice,2,2,"[""business"", ""scitech"", ""sports"", ""world""]","[0.00468157580220172, 0.0003001431896335723, 0.9837784260369425, 0.011239854971222134]",
d1-omni,ood_agnews_balanced,1060,topic,choice,2,2,"[""business"", ""scitech"", ""sports"", ""world""]","[0.0007328446209088501, 6.81914301176559e-05, 0.9890393990395556, 0.010159564909417915]",
d1-omni,ood_agnews_balanced,1066,topic,choice,1,0,"[""business"", ""scitech"", ""sports"", ""world""]","[0.6851865569457114, 0.15174288871066074, 0.0012696948685951663, 0.16180085947503267]",
d1-omni,ood_agnews_balanced,1075,topic,choice,1,0,"[""business"", ""scitech"", ""sports"", ""world""]","[0.5055798582148824, 0.2740244699534117, 0.00376518141037152, 0.2166304904213344]",
d1-omni,ood_agnews_balanced,1080,topic,choice,3,2,"[""business"", ""scitech"", ""sports"", ""world""]","[0.005964954479586954, 0.00014063598290380849, 0.984663144686096, 0.009231264851413255]",
d1-omni,ood_agnews_balanced,1082,topic,choice,2,2,"[""business"", ""scitech"", ""sports"", ""world""]","[0.0027680395099728876, 0.00013276278521479642, 0.9856360099065591, 0.011463187798253215]",
d1-omni,ood_agnews_balanced,1085,topic,choice,1,1,"[""business"", ""scitech"", ""sports"", ""world""]","[0.08203712821331446, 0.8981315837725166, 0.0002747786670404604, 0.019556509347128555]",
d1-omni,ood_agnews_balanced,1095,topic,choice,3,3,"[""business"", ""scitech"", ""sports"", ""world""]","[0.03136714487255713, 0.006685157177302044, 0.0021057498700038438, 0.959841948080137]",
d1-omni,ood_agnews_balanced,1099,topic,choice,0,0,"[""business"", ""scitech"", ""sports"", ""world""]","[0.9830478645803272, 0.0002543939391636355, 0.002514394055422381, 0.014183347425086753]",
d1-omni,ood_agnews_balanced,1104,topic,choice,1,1,"[""business"", ""scitech"", ""sports"", ""world""]","[0.4193938806517581, 0.4979098244456457, 0.015452788538283559, 0.0672435063643127]",
d1-omni,ood_agnews_balanced,1108,topic,choice,1,1,"[""business"", ""scitech"", ""sports"", ""world""]","[0.18532303786853588, 0.7632009125039381, 0.012226076400490097, 0.039249973227035946]",
d1-omni,ood_agnews_balanced,1113,topic,choice,2,2,"[""business"", ""scitech"", ""sports"", ""world""]","[0.0011975106614581738, 4.041020000177151e-05, 0.9959218972987239, 0.0028401818398161435]",
d1-omni,ood_agnews_balanced,1120,topic,choice,2,2,"[""business"", ""scitech"", ""sports"", ""world""]","[0.0013669187589431604, 6.666809765116772e-05, 0.9832697527575653, 0.015296660385840292]",
d1-omni,ood_agnews_balanced,1135,topic,choice,2,2,"[""business"", ""scitech"", ""sports"", ""world""]","[0.0026802481936229828, 0.0007002876604135312, 0.9910127479274776, 0.005606716218485896]",
d1-omni,ood_agnews_balanced,1136,topic,choice,3,3,"[""business"", ""scitech"", ""sports"", ""world""]","[0.0069113448887918325, 0.00026926764511250195, 0.007400357165544335, 0.9854190303005513]",
d1-omni,ood_agnews_balanced,1141,topic,choice,2,2,"[""business"", ""scitech"", ""sports"", ""world""]","[0.003784021485435343, 6.155557081646781e-05, 0.978906959998805, 0.01724746294494323]",
d1-omni,ood_agnews_balanced,1144,topic,choice,2,2,"[""business"", ""scitech"", ""sports"", ""world""]","[0.0033976074876904193, 0.0001190542174273695, 0.9772626787272641, 0.019220659567618096]",
d1-omni,ood_agnews_balanced,1147,topic,choice,2,2,"[""business"", ""scitech"", ""sports"", ""world""]","[0.004709023844276467, 0.0004219770948131646, 0.9867887803791003, 0.008080218681810069]",
d1-omni,ood_agnews_balanced,1151,topic,choice,0,0,"[""business"", ""scitech"", ""sports"", ""world""]","[0.9388122069369395, 0.000784307744025999, 0.011699321258647134, 0.04870416406038742]",
d1-omni,ood_agnews_balanced,1158,topic,choice,2,2,"[""business"", ""scitech"", ""sports"", ""world""]","[0.03730130730065575, 0.00019342862036133846, 0.9501839096541314, 0.012321354424851601]",
d1-omni,ood_agnews_balanced,1163,topic,choice,0,0,"[""business"", ""scitech"", ""sports"", ""world""]","[0.9322811671058213, 0.0010209487712005303, 0.0008189701278823068, 0.06587891399509585]",
d1-omni,ood_agnews_balanced,1169,topic,choice,2,2,"[""business"", ""scitech"", ""sports"", ""world""]","[0.002163401844349951, 0.00018257472517538368, 0.940434693457211, 0.057219329973263726]",
d1-omni,ood_agnews_balanced,1170,topic,choice,2,2,"[""business"", ""scitech"", ""sports"", ""world""]","[0.0016379608659434718, 0.0005768631113808771, 0.9952146796705825, 0.002570496352093168]",
d1-omni,ood_agnews_balanced,1180,topic,choice,3,3,"[""business"", ""scitech"", ""sports"", ""world""]","[0.007388287553551241, 0.00042721061049566815, 0.0042461185983661606, 0.987938383237587]",
d1-omni,ood_agnews_balanced,1189,topic,choice,3,3,"[""business"", ""scitech"", ""sports"", ""world""]","[0.009888686269002904, 0.00010467129353929498, 0.0007870335853682093, 0.9892196088520896]",
d1-omni,ood_agnews_balanced,1195,topic,choice,3,3,"[""business"", ""scitech"", ""sports"", ""world""]","[0.10228035741006795, 0.0011837510254576935, 0.1832922259989088, 0.7132436655655655]",
d1-omni,ood_agnews_balanced,1206,topic,choice,2,2,"[""business"", ""scitech"", ""sports"", ""world""]","[0.0008670511850698074, 9.75367936316072e-05, 0.9980926544342918, 0.0009427575870067666]",
d1-omni,ood_agnews_balanced,1210,topic,choice,0,0,"[""business"", ""scitech"", ""sports"", ""world""]","[0.905200592193747, 0.01847229321978713, 0.0038796737428784954, 0.07244744084358735]",
d1-omni,ood_agnews_balanced,1218,topic,choice,2,2,"[""business"", ""scitech"", ""sports"", ""world""]","[0.006354875607365733, 0.001366728046964717, 0.9803929531206879, 0.01188544322498167]",
d1-omni,ood_agnews_balanced,1224,topic,choice,3,3,"[""business"", ""scitech"", ""sports"", ""world""]","[0.004419041272349782, 8.936465840709835e-05, 0.0011773685609843209, 0.9943142255082588]",
d1-omni,ood_agnews_balanced,1237,topic,choice,1,3,"[""business"", ""scitech"", ""sports"", ""world""]","[0.2597224867178492, 0.2448978719054384, 0.03894515567691062, 0.4564344856998018]",
d1-omni,ood_agnews_balanced,1250,topic,choice,2,2,"[""business"", ""scitech"", ""sports"", ""world""]","[0.003909042299735923, 0.0002506147554610462, 0.9847949637619366, 0.01104537918286642]",
d1-omni,ood_agnews_balanced,1256,topic,choice,3,3,"[""business"", ""scitech"", ""sports"", ""world""]","[0.03528812856023737, 0.00020810583113094595, 0.004430664182140445, 0.9600731014264913]",
d1-omni,ood_agnews_balanced,1262,topic,choice,1,0,"[""business"", ""scitech"", ""sports"", ""world""]","[0.8790825906703498, 0.04329587001479108, 0.019464898201882526, 0.05815664111297663]",
d1-omni,ood_agnews_balanced,1264,topic,choice,3,3,"[""business"", ""scitech"", ""sports"", ""world""]","[0.14014770495200424, 0.014708380639515631, 0.017052686334246097, 0.8280912280742341]",
d1-omni,ood_agnews_balanced,1275,topic,choice,0,0,"[""business"", ""scitech"", ""sports"", ""world""]","[0.8536614893402863, 0.00040025916386932884, 0.0025173793323463416, 0.143420872163498]",
d1-omni,ood_agnews_balanced,1286,topic,choice,0,0,"[""business"", ""scitech"", ""sports"", ""world""]","[0.8911023688280595, 0.015521414494842166, 0.0009583139275104692, 0.09241790274958783]",
d1-omni,ood_agnews_balanced,1306,topic,choice,3,3,"[""business"", ""scitech"", ""sports"", ""world""]","[0.0181609948636495, 0.00013281858728962637, 0.0038759867880575256, 0.9778301997610034]",
d1-omni,ood_agnews_balanced,1310,topic,choice,0,0,"[""business"", ""scitech"", ""sports"", ""world""]","[0.741121837874078, 0.18518315488470027, 0.00258382645890271, 0.071111180782319]",
d1-omni,ood_agnews_balanced,1326,topic,choice,1,0,"[""business"", ""scitech"", ""sports"", ""world""]","[0.5524708033894353, 0.4291777015731618, 0.0006955990103761664, 0.017655896027026673]",
d1-omni,ood_agnews_balanced,1327,topic,choice,2,2,"[""business"", ""scitech"", ""sports"", ""world""]","[0.017612579451332055, 0.0011877475260446565, 0.9433536123204003, 0.037846060702223044]",
d1-omni,ood_agnews_balanced,1352,topic,choice,3,3,"[""business"", ""scitech"", ""sports"", ""world""]","[0.006982396490176466, 0.0005012111935523163, 0.008016614931198443, 0.9844997773850728]",
d1-omni,ood_agnews_balanced,1366,topic,choice,0,0,"[""business"", ""scitech"", ""sports"", ""world""]","[0.9858315456803397, 7.515288953467727e-05, 0.00024671338616576925, 0.013846588043959803]",
d1-omni,ood_agnews_balanced,1370,topic,choice,1,1,"[""business"", ""scitech"", ""sports"", ""world""]","[0.11320135146763514, 0.8405323182325103, 0.001442511024417474, 0.04482381927543712]",
d1-omni,ood_agnews_balanced,1378,topic,choice,1,1,"[""business"", ""scitech"", ""sports"", ""world""]","[0.1444694047991408, 0.8053067026545591, 0.01141007202081114, 0.038813820525488985]",
d1-omni,ood_agnews_balanced,1379,topic,choice,3,3,"[""business"", ""scitech"", ""sports"", ""world""]","[0.13525733647732754, 0.00504659918937374, 0.05966378878997549, 0.8000322755433232]",
d1-omni,ood_agnews_balanced,1384,topic,choice,2,2,"[""business"", ""scitech"", ""sports"", ""world""]","[0.0009987563982667327, 0.0001646668513183936, 0.9643602590380808, 0.03447631771233412]",
d1-omni,ood_agnews_balanced,1388,topic,choice,0,0,"[""business"", ""scitech"", ""sports"", ""world""]","[0.9068507318306438, 0.0013182430653843518, 0.0006068785867626305, 0.09122414651720918]",
d1-omni,ood_agnews_balanced,1389,topic,choice,2,2,"[""business"", ""scitech"", ""sports"", ""world""]","[0.0025596700044361563, 0.00021692262005694655, 0.9937923512282582, 0.003431056147248748]",
d1-omni,ood_agnews_balanced,1393,topic,choice,2,2,"[""business"", ""scitech"", ""sports"", ""world""]","[0.007763055798244497, 0.00028325402599595537, 0.981706343925175, 0.01024734625058461]",
d1-omni,ood_agnews_balanced,1396,topic,choice,0,0,"[""business"", ""scitech"", ""sports"", ""world""]","[0.9313304003340858, 0.0002694695891554505, 0.0015938837757770233, 0.06680624630098171]",
d1-omni,ood_agnews_balanced,1397,topic,choice,2,0,"[""business"", ""scitech"", ""sports"", ""world""]","[0.582553968628493, 0.006047030764424428, 0.3615016551697226, 0.04989734543736001]",
d1-omni,ood_agnews_balanced,1401,topic,choice,1,1,"[""business"", ""scitech"", ""sports"", ""world""]","[0.1188744653300163, 0.8254989723879422, 0.02579895885209943, 0.029827603429941972]",
d1-omni,ood_agnews_balanced,1406,topic,choice,2,2,"[""business"", ""scitech"", ""sports"", ""world""]","[0.01067299168184042, 0.000388074132116732, 0.9812548636619426, 0.00768407052410026]",
d1-omni,ood_agnews_balanced,1407,topic,choice,2,2,"[""business"", ""scitech"", ""sports"", ""world""]","[0.04325805876898356, 0.0003092715852582213, 0.9427592536232665, 0.013673416022491707]",
d1-omni,ood_agnews_balanced,1419,topic,choice,0,0,"[""business"", ""scitech"", ""sports"", ""world""]","[0.928711199704146, 0.009309764258580764, 0.007333745902104315, 0.05464529013516892]",
d1-omni,ood_agnews_balanced,1431,topic,choice,0,0,"[""business"", ""scitech"", ""sports"", ""world""]","[0.9757870402203735, 0.0011205043372401412, 0.0006098610444470657, 0.022482594397939214]",
d1-omni,ood_agnews_balanced,1439,topic,choice,1,1,"[""business"", ""scitech"", ""sports"", ""world""]","[0.15198899113716377, 0.8142135368709578, 0.001314141611355663, 0.03248333038052286]",
d1-omni,ood_agnews_balanced,1446,topic,choice,1,1,"[""business"", ""scitech"", ""sports"", ""world""]","[0.11194941486845336, 0.8550745313995729, 0.0009272990935410013, 0.032048754638432694]",
d1-omni,ood_agnews_balanced,1452,topic,choice,1,3,"[""business"", ""scitech"", ""sports"", ""world""]","[0.052187265277892504, 0.2526743773577811, 0.007097308702419824, 0.6880410486619065]",
d1-omni,ood_agnews_balanced,1457,topic,choice,1,0,"[""business"", ""scitech"", ""sports"", ""world""]","[0.7933289963741236, 0.18028618166595642, 0.0015566339641270475, 0.024828187995792946]",
d1-omni,ood_agnews_balanced,1496,topic,choice,2,2,"[""business"", ""scitech"", ""sports"", ""world""]","[0.004904565322691346, 0.00022876322699045512, 0.982888470280299, 0.011978201170019161]",
d1-omni,ood_agnews_balanced,1502,topic,choice,2,2,"[""business"", ""scitech"", ""sports"", ""world""]","[0.0005143530895062581, 5.004590360160751e-05, 0.9866326739670661, 0.012802927039826035]",
d1-omni,ood_agnews_balanced,1511,topic,choice,0,0,"[""business"", ""scitech"", ""sports"", ""world""]","[0.9534851810423447, 0.0017326919962886204, 0.0008943622164167968, 0.043887764744949896]",
d1-omni,ood_agnews_balanced,1514,topic,choice,0,0,"[""business"", ""scitech"", ""sports"", ""world""]","[0.91970039263012, 0.006726133669472883, 0.010526089777074882, 0.06304738392333223]",
d1-omni,ood_agnews_balanced,1519,topic,choice,3,3,"[""business"", ""scitech"", ""sports"", ""world""]","[0.002942667703781313, 0.0012919522970247766, 0.004822121380154328, 0.9909432586190395]",
d1-omni,ood_agnews_balanced,1526,topic,choice,1,3,"[""business"", ""scitech"", ""sports"", ""world""]","[0.162879368770099, 0.36559377482510264, 0.09558795003548079, 0.37593890636931754]",
d1-omni,ood_agnews_balanced,1534,topic,choice,1,1,"[""business"", ""scitech"", ""sports"", ""world""]","[0.36714892137954147, 0.5464248290184115, 0.0029033079097502456, 0.08352294169229676]",
d1-omni,ood_agnews_balanced,1543,topic,choice,3,3,"[""business"", ""scitech"", ""sports"", ""world""]","[0.0733590623324302, 0.005122746171562477, 0.002045527498595206, 0.9194726639974121]",
d1-omni,ood_agnews_balanced,1544,topic,choice,3,3,"[""business"", ""scitech"", ""sports"", ""world""]","[0.007797048574198013, 0.00040605422971847063, 0.0030361693409986686, 0.9887607278550848]",
d1-omni,ood_agnews_balanced,1550,topic,choice,1,1,"[""business"", ""scitech"", ""sports"", ""world""]","[0.28687207253214125, 0.6718954162325195, 0.001959374033341692, 0.039273137201997585]",
d1-omni,ood_agnews_balanced,1556,topic,choice,0,0,"[""business"", ""scitech"", ""sports"", ""world""]","[0.971109546478487, 0.00011731837450143681, 0.0004882248653835402, 0.028284910281627964]",
d1-omni,ood_agnews_balanced,1575,topic,choice,0,0,"[""business"", ""scitech"", ""sports"", ""world""]","[0.9691870668067535, 0.0033789469335668886, 0.0013084387429366947, 0.026125547516742988]",
d1-omni,ood_agnews_balanced,1578,topic,choice,3,3,"[""business"", ""scitech"", ""sports"", ""world""]","[0.10947728062413073, 0.0002679762232702651, 0.006994321881871624, 0.8832604212707273]",
d1-omni,ood_agnews_balanced,1579,topic,choice,1,1,"[""business"", ""scitech"", ""sports"", ""world""]","[0.09498806711074315, 0.8580520526386046, 0.0004454528000773843, 0.046514427450574845]",
d1-omni,ood_agnews_balanced,1602,topic,choice,0,0,"[""business"", ""scitech"", ""sports"", ""world""]","[0.923861627327533, 0.0017384507312689593, 0.0020155343325636865, 0.07238438760863435]",
d1-omni,ood_agnews_balanced,1621,topic,choice,1,1,"[""business"", ""scitech"", ""sports"", ""world""]","[0.226358546067534, 0.7441314997718811, 0.003453329411810294, 0.02605662474877466]",
d1-omni,ood_agnews_balanced,1642,topic,choice,1,1,"[""business"", ""scitech"", ""sports"", ""world""]","[0.11256789048429956, 0.7040412662043102, 0.0059322381518414, 0.17745860515954884]",
d1-omni,ood_agnews_balanced,1646,topic,choice,2,2,"[""business"", ""scitech"", ""sports"", ""world""]","[0.006933942776705539, 0.00047599991965398806, 0.9845115959376636, 0.008078461365976885]",
d1-omni,ood_agnews_balanced,1653,topic,choice,1,1,"[""business"", ""scitech"", ""sports"", ""world""]","[0.45686790377218667, 0.49953934861571425, 0.0009027210193383621, 0.0426900265927607]",
d1-omni,ood_agnews_balanced,1689,topic,choice,1,0,"[""business"", ""scitech"", ""sports"", ""world""]","[0.6929648961450122, 0.27980847954923, 0.00027559268652698783, 0.026951031619230792]",
d1-omni,ood_agnews_balanced,1692,topic,choice,0,0,"[""business"", ""scitech"", ""sports"", ""world""]","[0.9908258810547395, 0.00024181366934890967, 0.00042488743108547145, 0.008507417844826183]",
d1-omni,ood_agnews_balanced,1694,topic,choice,0,0,"[""business"", ""scitech"", ""sports"", ""world""]","[0.993190720041155, 0.00013192680679220586, 0.0005163292009036656, 0.0061610239511491185]",
d1-omni,ood_agnews_balanced,1702,topic,choice,1,3,"[""business"", ""scitech"", ""sports"", ""world""]","[0.327620441289279, 0.08200500026382508, 0.1437886613449947, 0.4465858971019013]",
d1-omni,ood_agnews_balanced,1703,topic,choice,1,1,"[""business"", ""scitech"", ""sports"", ""world""]","[0.23151640043509836, 0.5517841446327614, 0.0003307252403406158, 0.2163687296917996]",
d1-omni,ood_agnews_balanced,1708,topic,choice,0,0,"[""business"", ""scitech"", ""sports"", ""world""]","[0.9010148940763064, 0.009431340725351477, 0.0032664168638270345, 0.08628734833451507]",
d1-omni,ood_agnews_balanced,1715,topic,choice,2,2,"[""business"", ""scitech"", ""sports"", ""world""]","[0.01159457336248443, 0.0012907258132886662, 0.9803810991873296, 0.00673360163689726]",
d1-omni,ood_agnews_balanced,1721,topic,choice,1,1,"[""business"", ""scitech"", ""sports"", ""world""]","[0.14724869241007824, 0.8428669122474913, 0.0002511248324281567, 0.009633270510002285]",
d1-omni,ood_agnews_balanced,1724,topic,choice,1,1,"[""business"", ""scitech"", ""sports"", ""world""]","[0.06095904636435161, 0.9270848267045715, 0.0003625808548744475, 0.011593546076202445]",
d1-omni,ood_agnews_balanced,1728,topic,choice,1,1,"[""business"", ""scitech"", ""sports"", ""world""]","[0.11437960960546563, 0.8395800869716563, 0.0024689552017948405, 0.04357134822108326]",
d1-omni,ood_agnews_balanced,1729,topic,choice,3,3,"[""business"", ""scitech"", ""sports"", ""world""]","[0.02797323982050395, 0.0002692953235462284, 0.0012460429965226146, 0.9705114218594272]",
d1-omni,ood_agnews_balanced,1734,topic,choice,2,2,"[""business"", ""scitech"", ""sports"", ""world""]","[0.0011519049139740425, 0.00015023400053701166, 0.9864772230729041, 0.012220638012584863]",
d1-omni,ood_agnews_balanced,1756,topic,choice,3,3,"[""business"", ""scitech"", ""sports"", ""world""]","[0.06692839663403796, 0.00045126803388336996, 0.0005625622789562412, 0.9320577730531224]",
d1-omni,ood_agnews_balanced,1766,topic,choice,0,0,"[""business"", ""scitech"", ""sports"", ""world""]","[0.9807800637751614, 0.0003772123886454339, 0.0007535709873217072, 0.018089152848871543]",
d1-omni,ood_agnews_balanced,1786,topic,choice,2,2,"[""business"", ""scitech"", ""sports"", ""world""]","[0.007629507343823317, 3.8551899791569355e-05, 0.9742871680786703, 0.01804477267771479]",
d1-omni,ood_agnews_balanced,1790,topic,choice,0,0,"[""business"", ""scitech"", ""sports"", ""world""]","[0.5986299871084378, 0.3336387143037611, 0.0008726296596945493, 0.06685866892810653]",
d1-omni,ood_agnews_balanced,1804,topic,choice,0,0,"[""business"", ""scitech"", ""sports"", ""world""]","[0.9566791331283628, 0.0003450706525241389, 0.0035366235381370918, 0.03943917268097595]",
d1-omni,ood_agnews_balanced,1805,topic,choice,2,2,"[""business"", ""scitech"", ""sports"", ""world""]","[0.0011034075738706399, 6.793609565310113e-05, 0.9963948012727055, 0.0024338550577707916]",
d1-omni,ood_agnews_balanced,1833,topic,choice,1,1,"[""business"", ""scitech"", ""sports"", ""world""]","[0.09756433129841358, 0.888112656132456, 0.00038084180795111794, 0.01394217076117931]",
d1-omni,ood_agnews_balanced,1849,topic,choice,2,2,"[""business"", ""scitech"", ""sports"", ""world""]","[0.004253664088206661, 0.0001476023911036336, 0.9910757621410433, 0.004522971379646379]",
d1-omni,ood_agnews_balanced,1871,topic,choice,2,2,"[""business"", ""scitech"", ""sports"", ""world""]","[0.013682629221097455, 9.078739253347806e-05, 0.9796099834128283, 0.0066165999735407705]",
d1-omni,ood_agnews_balanced,1883,topic,choice,1,0,"[""business"", ""scitech"", ""sports"", ""world""]","[0.949491949615656, 0.027367391745639326, 0.0020285506598591027, 0.021112107978845548]",
d1-omni,ood_agnews_balanced,1908,topic,choice,2,2,"[""business"", ""scitech"", ""sports"", ""world""]","[0.00562468537609889, 0.00014299052536079972, 0.9845268997661423, 0.009705424332398075]",
d1-omni,ood_agnews_balanced,1909,topic,choice,3,3,"[""business"", ""scitech"", ""sports"", ""world""]","[0.08808822388404722, 0.027902089206932216, 0.033171972083533036, 0.8508377148254875]",
d1-omni,ood_agnews_balanced,1910,topic,choice,2,2,"[""business"", ""scitech"", ""sports"", ""world""]","[0.003722381663063188, 0.00015572008370372733, 0.9888294033693845, 0.007292494883848607]",
d1-omni,ood_agnews_balanced,1919,topic,choice,1,3,"[""business"", ""scitech"", ""sports"", ""world""]","[0.10854719380061, 0.04931382710388551, 0.0248230019029622, 0.8173159771925423]",
d1-omni,ood_agnews_balanced,1925,topic,choice,3,3,"[""business"", ""scitech"", ""sports"", ""world""]","[0.031022568822456725, 0.002012631247202938, 0.0009661593835521135, 0.9659986405467882]",
d1-omni,ood_agnews_balanced,1927,topic,choice,0,0,"[""business"", ""scitech"", ""sports"", ""world""]","[0.9075935969141156, 0.01720099689102456, 0.0007840460071409139, 0.07442136018771894]",
d1-omni,ood_agnews_balanced,1933,topic,choice,3,3,"[""business"", ""scitech"", ""sports"", ""world""]","[0.016671547807872177, 0.00018349767352865662, 0.0030391288713850556, 0.9801058256472142]",
d1-omni,ood_agnews_balanced,1956,topic,choice,1,2,"[""business"", ""scitech"", ""sports"", ""world""]","[0.06830219593670761, 0.035644995185043896, 0.8598312915198252, 0.0362215173584233]",
d1-omni,ood_agnews_balanced,1957,topic,choice,2,2,"[""business"", ""scitech"", ""sports"", ""world""]","[0.0005399596545151198, 0.00013230917458007189, 0.9932936796728331, 0.006034051498071727]",
d1-omni,ood_agnews_balanced,1960,topic,choice,2,2,"[""business"", ""scitech"", ""sports"", ""world""]","[0.003047833956703192, 4.5471355988791924e-05, 0.9884140618094749, 0.008492632877833094]",
d1-omni,ood_agnews_balanced,1961,topic,choice,0,1,"[""business"", ""scitech"", ""sports"", ""world""]","[0.22703055963949068, 0.5949420108097743, 0.011700210891584056, 0.166327218659151]",
d1-omni,ood_agnews_balanced,1974,topic,choice,0,0,"[""business"", ""scitech"", ""sports"", ""world""]","[0.5232722447352264, 0.20093895787364496, 0.1260914280360086, 0.1496973693551201]",
d1-omni,ood_agnews_balanced,1977,topic,choice,3,3,"[""business"", ""scitech"", ""sports"", ""world""]","[0.002499655075127318, 0.00021213233536174466, 0.0035035917814438054, 0.9937846208080672]",
d1-omni,ood_agnews_balanced,1994,topic,choice,3,3,"[""business"", ""scitech"", ""sports"", ""world""]","[0.005516980816688461, 0.00017557556699941083, 0.00821087515642703, 0.9860965684598851]",
d1-omni,ood_agnews_balanced,1999,topic,choice,2,2,"[""business"", ""scitech"", ""sports"", ""world""]","[0.011966313235461712, 0.00044152047485113144, 0.9669586420059204, 0.020633524283766747]",
d1-omni,ood_agnews_balanced,2015,topic,choice,3,3,"[""business"", ""scitech"", ""sports"", ""world""]","[0.2107705944317225, 0.0016942619267545983, 0.32858667799313795, 0.45894846564838493]",
d1-omni,ood_agnews_balanced,2031,topic,choice,2,2,"[""business"", ""scitech"", ""sports"", ""world""]","[0.0018749965382083725, 0.00012853491850405238, 0.9922639515632489, 0.005732516980038711]",
d1-omni,ood_agnews_balanced,2034,topic,choice,1,1,"[""business"", ""scitech"", ""sports"", ""world""]","[0.028930650596251637, 0.7322802435374364, 0.0016020367383655784, 0.23718706912794643]",
d1-omni,ood_agnews_balanced,2049,topic,choice,0,0,"[""business"", ""scitech"", ""sports"", ""world""]","[0.8562523749562463, 0.0018014868312329223, 0.000379682403319914, 0.1415664558092009]",
d1-omni,ood_agnews_balanced,2059,topic,choice,3,3,"[""business"", ""scitech"", ""sports"", ""world""]","[0.01048504841731592, 2.586277651546725e-05, 0.0023761168366077273, 0.9871129719695609]",
d1-omni,ood_agnews_balanced,2061,topic,choice,1,1,"[""business"", ""scitech"", ""sports"", ""world""]","[0.12485074262628171, 0.7395739407020678, 0.0029935680279339866, 0.1325817486437165]",
d1-omni,ood_agnews_balanced,2066,topic,choice,2,2,"[""business"", ""scitech"", ""sports"", ""world""]","[0.000575389318647291, 6.190071386182462e-05, 0.998227577548222, 0.0011351324192689334]",
d1-omni,ood_agnews_balanced,2073,topic,choice,3,3,"[""business"", ""scitech"", ""sports"", ""world""]","[0.01626244718963446, 5.482988034803093e-05, 0.0005746360888571768, 0.9831080868411604]",
d1-omni,ood_agnews_balanced,2074,topic,choice,3,3,"[""business"", ""scitech"", ""sports"", ""world""]","[0.06308178738497584, 0.00017765262252901015, 0.017821215474095743, 0.9189193445183994]",
d1-omni,ood_agnews_balanced,2077,topic,choice,2,2,"[""business"", ""scitech"", ""sports"", ""world""]","[0.0007762542250038998, 0.00010124074467903778, 0.9963049170735205, 0.0028175879567965347]",
d1-omni,ood_agnews_balanced,2079,topic,choice,2,2,"[""business"", ""scitech"", ""sports"", ""world""]","[0.000735872634649185, 0.00010942354371805922, 0.9875983693770805, 0.011556334444552306]",
d1-omni,ood_agnews_balanced,2088,topic,choice,3,3,"[""business"", ""scitech"", ""sports"", ""world""]","[0.17243699726030162, 0.008794177493212273, 0.06288507781148679, 0.7558837474349993]",
d1-omni,ood_agnews_balanced,2098,topic,choice,0,0,"[""business"", ""scitech"", ""sports"", ""world""]","[0.7874703407058413, 0.0009818434482154598, 0.0002727747487290537, 0.21127504109721412]",
d1-omni,ood_agnews_balanced,2100,topic,choice,1,0,"[""business"", ""scitech"", ""sports"", ""world""]","[0.5051246580407227, 0.07417432521734683, 0.047265064879353946, 0.3734359518625765]",
d1-omni,ood_agnews_balanced,2102,topic,choice,1,1,"[""business"", ""scitech"", ""sports"", ""world""]","[0.2646627636976118, 0.5045828653037372, 0.001038167009386087, 0.22971620398926482]",
d1-omni,ood_agnews_balanced,2117,topic,choice,0,0,"[""business"", ""scitech"", ""sports"", ""world""]","[0.8047357694234726, 2.6229421351267603e-05, 0.00010179974820161501, 0.19513620140697457]",
d1-omni,ood_agnews_balanced,2121,topic,choice,0,0,"[""business"", ""scitech"", ""sports"", ""world""]","[0.7729380106753923, 0.00011055016477472294, 0.0008382247734849663, 0.2261132143863481]",
d1-omni,ood_agnews_balanced,2133,topic,choice,1,1,"[""business"", ""scitech"", ""sports"", ""world""]","[0.08399466004271873, 0.8619110916884997, 0.0005808422216853588, 0.05351340604709626]",
d1-omni,ood_agnews_balanced,2143,topic,choice,1,1,"[""business"", ""scitech"", ""sports"", ""world""]","[0.056867174848663944, 0.909561098353475, 0.002663576337398444, 0.03090815046046259]",
d1-omni,ood_agnews_balanced,2144,topic,choice,2,2,"[""business"", ""scitech"", ""sports"", ""world""]","[0.00017041692212281957, 6.95840323466718e-05, 0.9980351938393681, 0.0017248052061623813]",
d1-omni,ood_agnews_balanced,2145,topic,choice,1,1,"[""business"", ""scitech"", ""sports"", ""world""]","[0.36567639640468197, 0.5874344599852599, 0.002980756984907425, 0.04390838662515065]",
d1-omni,ood_agnews_balanced,2147,topic,choice,2,2,"[""business"", ""scitech"", ""sports"", ""world""]","[0.0005351487853405927, 2.0618103290874814e-05, 0.9982752936939364, 0.0011689394174320862]",
d1-omni,ood_agnews_balanced,2148,topic,choice,0,0,"[""business"", ""scitech"", ""sports"", ""world""]","[0.626627639226523, 0.00044652130955225586, 0.0015717571749489791, 0.37135408228897576]",
d1-omni,ood_agnews_balanced,2150,topic,choice,3,3,"[""business"", ""scitech"", ""sports"", ""world""]","[0.08660749174112252, 0.0006483712221324336, 0.011692395201703372, 0.9010517418350417]",
d1-omni,ood_agnews_balanced,2156,topic,choice,0,0,"[""business"", ""scitech"", ""sports"", ""world""]","[0.965684213433231, 5.136296587705158e-05, 0.0008135394047211796, 0.03345088419617077]",
d1-omni,ood_agnews_balanced,2158,topic,choice,3,3,"[""business"", ""scitech"", ""sports"", ""world""]","[0.005572923946832238, 0.0017603149241594025, 0.00487432491100941, 0.987792436217999]",
d1-omni,ood_agnews_balanced,2164,topic,choice,3,3,"[""business"", ""scitech"", ""sports"", ""world""]","[0.010626249436367316, 0.000564308402503699, 0.004326783844176873, 0.9844826583169521]",
d1-omni,ood_agnews_balanced,2171,topic,choice,2,2,"[""business"", ""scitech"", ""sports"", ""world""]","[0.0019236433936710652, 3.814864960279673e-05, 0.9969249325461804, 0.0011132754105457358]",
d1-omni,ood_agnews_balanced,2175,topic,choice,0,0,"[""business"", ""scitech"", ""sports"", ""world""]","[0.9075620751436663, 0.00026628188733092114, 0.0006687308181965311, 0.09150291215080623]",
d1-omni,ood_agnews_balanced,2205,topic,choice,3,0,"[""business"", ""scitech"", ""sports"", ""world""]","[0.942963673214233, 0.000679477228805434, 0.0020977872652091813, 0.05425906229175231]",
d1-omni,ood_agnews_balanced,2218,topic,choice,3,3,"[""business"", ""scitech"", ""sports"", ""world""]","[0.09272534485502427, 0.001780806940594193, 0.0029674612724256517, 0.9025263869319559]",
d1-omni,ood_agnews_balanced,2235,topic,choice,2,2,"[""business"", ""scitech"", ""sports"", ""world""]","[0.002930099947886166, 2.243867209704863e-05, 0.9908492919604072, 0.006198169419609621]",
d1-omni,ood_agnews_balanced,2267,topic,choice,2,2,"[""business"", ""scitech"", ""sports"", ""world""]","[0.006137346319595373, 0.001483032115270633, 0.9369780324177066, 0.05540158914742742]",
d1-omni,ood_agnews_balanced,2269,topic,choice,1,1,"[""business"", ""scitech"", ""sports"", ""world""]","[0.04972434349003003, 0.9296661388890043, 0.0011147287619307335, 0.019494788859034943]",
d1-omni,ood_agnews_balanced,2280,topic,choice,3,3,"[""business"", ""scitech"", ""sports"", ""world""]","[0.01527388883125971, 0.00015656778865522048, 0.004132368879360988, 0.9804371745007241]",
d1-omni,ood_agnews_balanced,2302,topic,choice,2,2,"[""business"", ""scitech"", ""sports"", ""world""]","[0.0035391495305044218, 3.92268118167859e-05, 0.9721683489602166, 0.02425327469746219]",
d1-omni,ood_agnews_balanced,2336,topic,choice,1,0,"[""business"", ""scitech"", ""sports"", ""world""]","[0.6878103851178833, 0.018926220890257164, 0.01995671063887347, 0.2733066833529861]",
d1-omni,ood_agnews_balanced,2373,topic,choice,0,0,"[""business"", ""scitech"", ""sports"", ""world""]","[0.927517137396519, 0.0005013971033336975, 0.0005421426389145705, 0.0714393228612328]",
d1-omni,ood_agnews_balanced,2374,topic,choice,1,1,"[""business"", ""scitech"", ""sports"", ""world""]","[0.2751737220959405, 0.3972286856894574, 0.002499168957006367, 0.32509842325759575]",
d1-omni,ood_agnews_balanced,2375,topic,choice,2,2,"[""business"", ""scitech"", ""sports"", ""world""]","[0.0010411314565552548, 0.0001755282305102536, 0.994118107058908, 0.004665233254026438]",
d1-omni,ood_agnews_balanced,2387,topic,choice,1,1,"[""business"", ""scitech"", ""sports"", ""world""]","[0.0029304625013626216, 0.9530060749768466, 0.00044187937544270557, 0.04362158314634804]",
d1-omni,ood_agnews_balanced,2393,topic,choice,2,2,"[""business"", ""scitech"", ""sports"", ""world""]","[0.004712846076224787, 0.0013557930612079765, 0.9766283150684305, 0.01730304579413678]",
d1-omni,ood_agnews_balanced,2408,topic,choice,1,1,"[""business"", ""scitech"", ""sports"", ""world""]","[0.02902007611306275, 0.9482036080651277, 0.0006068458598982585, 0.022169469961911315]",
d1-omni,ood_agnews_balanced,2414,topic,choice,1,1,"[""business"", ""scitech"", ""sports"", ""world""]","[0.0017159138259764703, 0.9548505292375952, 0.00037815885932017434, 0.04305539807710818]",
d1-omni,ood_agnews_balanced,2417,topic,choice,1,1,"[""business"", ""scitech"", ""sports"", ""world""]","[0.06996303800026096, 0.7933754924653915, 0.004526301754883631, 0.13213516777946388]",
d1-omni,ood_agnews_balanced,2424,topic,choice,0,0,"[""business"", ""scitech"", ""sports"", ""world""]","[0.9542098062844953, 0.006988258113859345, 0.0003731893673396824, 0.038428746234305755]",
d1-omni,ood_agnews_balanced,2425,topic,choice,0,0,"[""business"", ""scitech"", ""sports"", ""world""]","[0.9338223042976163, 0.0010515744465516808, 0.0005162008292800136, 0.06460992042655202]",
d1-omni,ood_agnews_balanced,2426,topic,choice,3,3,"[""business"", ""scitech"", ""sports"", ""world""]","[0.0017536547710370698, 5.860223912991015e-05, 0.0003065768264220522, 0.9978811661634109]",
d1-omni,ood_agnews_balanced,2430,topic,choice,0,0,"[""business"", ""scitech"", ""sports"", ""world""]","[0.9542430458691552, 0.00155093108537237, 0.003894952993922916, 0.04031107005154949]",
d1-omni,ood_agnews_balanced,2431,topic,choice,0,0,"[""business"", ""scitech"", ""sports"", ""world""]","[0.9636533089825764, 0.007087021009388008, 0.0011331308432580103, 0.028126539164777618]",
d1-omni,ood_agnews_balanced,2433,topic,choice,2,2,"[""business"", ""scitech"", ""sports"", ""world""]","[0.005530749784384638, 0.0006689835979927357, 0.9844284656988559, 0.00937180091876675]",
d1-omni,ood_agnews_balanced,2440,topic,choice,0,0,"[""business"", ""scitech"", ""sports"", ""world""]","[0.9911829344808297, 0.0005761315179686905, 0.0003920005736786471, 0.007848933427522926]",
d1-omni,ood_agnews_balanced,2450,topic,choice,0,0,"[""business"", ""scitech"", ""sports"", ""world""]","[0.9365497727223463, 0.012289441990360075, 0.004059090701230296, 0.04710169458606328]",
d1-omni,ood_agnews_balanced,2451,topic,choice,0,0,"[""business"", ""scitech"", ""sports"", ""world""]","[0.654799822810275, 0.22236522205731188, 0.0059407731684301135, 0.11689418196398292]",
d1-omni,ood_agnews_balanced,2452,topic,choice,1,1,"[""business"", ""scitech"", ""sports"", ""world""]","[0.28890447086665205, 0.4878413386439479, 0.16678342719176845, 0.056470763297631545]",
d1-omni,ood_agnews_balanced,2465,topic,choice,2,2,"[""business"", ""scitech"", ""sports"", ""world""]","[0.002205749922048767, 0.00015855445082995617, 0.9928777437568023, 0.00475795187031903]",
d1-omni,ood_agnews_balanced,2467,topic,choice,2,2,"[""business"", ""scitech"", ""sports"", ""world""]","[0.002088602833802243, 5.309641994677678e-05, 0.9899532050491064, 0.0079050956971445]",
d1-omni,ood_agnews_balanced,2469,topic,choice,0,0,"[""business"", ""scitech"", ""sports"", ""world""]","[0.9432079271380379, 0.0006777593999227827, 0.0008285688826197143, 0.055285744579419586]",
d1-omni,ood_agnews_balanced,2470,topic,choice,0,0,"[""business"", ""scitech"", ""sports"", ""world""]","[0.9758150207316254, 6.0680047198430794e-05, 0.0004375558471537445, 0.023686743374022455]",
d1-omni,ood_agnews_balanced,2472,topic,choice,2,2,"[""business"", ""scitech"", ""sports"", ""world""]","[0.0009975934504101874, 2.365191492778241e-05, 0.9960374207782162, 0.0029413338564458105]",
d1-omni,ood_agnews_balanced,2494,topic,choice,2,2,"[""business"", ""scitech"", ""sports"", ""world""]","[0.0013142549855475012, 0.00017212701467216106, 0.994083257696533, 0.004430360303247235]",
d1-omni,ood_agnews_balanced,2520,topic,choice,1,1,"[""business"", ""scitech"", ""sports"", ""world""]","[0.05103665215975013, 0.93232356624633, 0.0015473511332144013, 0.015092430460705516]",
d1-omni,ood_agnews_balanced,2530,topic,choice,2,2,"[""business"", ""scitech"", ""sports"", ""world""]","[0.0058742989959890265, 0.00028891294619738634, 0.9846949421954883, 0.009141845862325285]",
d1-omni,ood_agnews_balanced,2531,topic,choice,3,3,"[""business"", ""scitech"", ""sports"", ""world""]","[0.031134007439266614, 2.7426341827430546e-05, 0.01480054661675059, 0.9540380196021554]",
d1-omni,ood_agnews_balanced,2550,topic,choice,0,0,"[""business"", ""scitech"", ""sports"", ""world""]","[0.9132177783395347, 0.00026386045973774943, 0.001809460449339068, 0.08470890075138848]",
d1-omni,ood_agnews_balanced,2563,topic,choice,3,3,"[""business"", ""scitech"", ""sports"", ""world""]","[0.005776117800561115, 0.002847297237768792, 0.002662861366905451, 0.9887137235947646]",
d1-omni,ood_agnews_balanced,2572,topic,choice,3,3,"[""business"", ""scitech"", ""sports"", ""world""]","[0.025665859150086928, 0.0012872103095759309, 0.02489003209970125, 0.9481568984406359]",
d1-omni,ood_agnews_balanced,2576,topic,choice,1,0,"[""business"", ""scitech"", ""sports"", ""world""]","[0.5977062509908392, 0.0009680698740240958, 0.05901433082803796, 0.34231134830709875]",
d1-omni,ood_agnews_balanced,2581,topic,choice,0,3,"[""business"", ""scitech"", ""sports"", ""world""]","[0.4122250568428676, 0.0007470158008390735, 0.0019399107387062943, 0.585088016617587]",
d1-omni,ood_agnews_balanced,2587,topic,choice,3,3,"[""business"", ""scitech"", ""sports"", ""world""]","[0.009696581171815582, 0.00078696608438609, 0.14583188040238187, 0.8436845723414165]",
d1-omni,ood_agnews_balanced,2590,topic,choice,0,0,"[""business"", ""scitech"", ""sports"", ""world""]","[0.7732187199886842, 0.20904943999915765, 0.0006587085981625415, 0.017073131413995614]",
d1-omni,ood_agnews_balanced,2597,topic,choice,0,0,"[""business"", ""scitech"", ""sports"", ""world""]","[0.9798880569106178, 0.0003984994154800808, 0.0020273788322329256, 0.017686064841669284]",
d1-omni,ood_agnews_balanced,2599,topic,choice,0,0,"[""business"", ""scitech"", ""sports"", ""world""]","[0.9763979188877767, 0.00318802939406751, 0.003811363547105899, 0.01660268817104985]",
d1-omni,ood_agnews_balanced,2600,topic,choice,0,0,"[""business"", ""scitech"", ""sports"", ""world""]","[0.9792626129873712, 0.00016908830516931198, 0.000514802239327779, 0.020053496468131787]",
d1-omni,ood_agnews_balanced,2603,topic,choice,3,3,"[""business"", ""scitech"", ""sports"", ""world""]","[0.024411088195123793, 0.0016525489178292664, 0.053062003520173734, 0.9208743593668732]",
d1-omni,ood_agnews_balanced,2606,topic,choice,2,2,"[""business"", ""scitech"", ""sports"", ""world""]","[0.005384005755504986, 8.066205415149853e-05, 0.986802426528381, 0.007732905661962551]",
d1-omni,ood_agnews_balanced,2608,topic,choice,1,1,"[""business"", ""scitech"", ""sports"", ""world""]","[0.038312976990829986, 0.9417609664134163, 0.0011973785526591663, 0.018728678043094475]",
d1-omni,ood_agnews_balanced,2609,topic,choice,0,0,"[""business"", ""scitech"", ""sports"", ""world""]","[0.9783594343299358, 0.00020594613676712856, 0.0011747529627623456, 0.020259866570534753]",
d1-omni,ood_agnews_balanced,2615,topic,choice,2,2,"[""business"", ""scitech"", ""sports"", ""world""]","[0.002623016958957345, 0.00010626456112402501, 0.9945164371913572, 0.0027542812885614893]",
d1-omni,ood_agnews_balanced,2628,topic,choice,0,0,"[""business"", ""scitech"", ""sports"", ""world""]","[0.9925768519599859, 0.00014782594746223158, 0.0004389053828983755, 0.006836416709653504]",
d1-omni,ood_agnews_balanced,2640,topic,choice,2,2,"[""business"", ""scitech"", ""sports"", ""world""]","[0.0013855976157024375, 5.740097132293059e-05, 0.9953162577910171, 0.003240743621957612]",
d1-omni,ood_agnews_balanced,2642,topic,choice,2,2,"[""business"", ""scitech"", ""sports"", ""world""]","[0.003344468545031566, 0.0010939114744908597, 0.9552906767202156, 0.04027094326026193]",
d1-omni,ood_agnews_balanced,2645,topic,choice,2,2,"[""business"", ""scitech"", ""sports"", ""world""]","[0.004608313159411102, 3.6238424033064955e-05, 0.9792525527887094, 0.016102895627846423]",
d1-omni,ood_agnews_balanced,2647,topic,choice,3,3,"[""business"", ""scitech"", ""sports"", ""world""]","[0.004233254532918191, 0.00022480751078959984, 0.0009303391887775061, 0.9946115987675147]",
d1-omni,ood_agnews_balanced,2651,topic,choice,2,2,"[""business"", ""scitech"", ""sports"", ""world""]","[0.0031353328351059837, 0.00026056855357406693, 0.9901901932115813, 0.006413905399738696]",
d1-omni,ood_agnews_balanced,2653,topic,choice,3,3,"[""business"", ""scitech"", ""sports"", ""world""]","[0.010583467860268456, 0.0042378158619896765, 0.004659560133654669, 0.9805191561440872]",
d1-omni,ood_agnews_balanced,2654,topic,choice,0,0,"[""business"", ""scitech"", ""sports"", ""world""]","[0.865347445968166, 0.0006287906442272374, 0.06417003281060785, 0.06985373057699884]",
d1-omni,ood_agnews_balanced,2656,topic,choice,3,2,"[""business"", ""scitech"", ""sports"", ""world""]","[0.0013493852825405598, 0.00014476321334333316, 0.9884231956425634, 0.010082655861552665]",
d1-omni,ood_agnews_balanced,2676,topic,choice,1,0,"[""business"", ""scitech"", ""sports"", ""world""]","[0.7166155763578006, 0.22135972063808904, 0.01515879894089547, 0.04686590406321484]",
d1-omni,ood_agnews_balanced,2692,topic,choice,1,1,"[""business"", ""scitech"", ""sports"", ""world""]","[0.14347808403772408, 0.6657353201659868, 0.0020528347718969794, 0.18873376102439213]",
d1-omni,ood_agnews_balanced,2693,topic,choice,1,1,"[""business"", ""scitech"", ""sports"", ""world""]","[0.10740147595736506, 0.8744065814244725, 0.00022314445366474397, 0.017968798164497746]",
d1-omni,ood_agnews_balanced,2701,topic,choice,0,0,"[""business"", ""scitech"", ""sports"", ""world""]","[0.9286270072143192, 0.0005322917673969937, 0.0002330467960595553, 0.07060765422222416]",
d1-omni,ood_agnews_balanced,2702,topic,choice,3,0,"[""business"", ""scitech"", ""sports"", ""world""]","[0.5915265517148338, 0.001873006483073589, 0.0069229272614983114, 0.3996775145405943]",
d1-omni,ood_agnews_balanced,2712,topic,choice,1,1,"[""business"", ""scitech"", ""sports"", ""world""]","[0.03700534686722597, 0.8578480620916096, 0.0012025857771699577, 0.10394400526399453]",
d1-omni,ood_agnews_balanced,2717,topic,choice,2,2,"[""business"", ""scitech"", ""sports"", ""world""]","[0.0028355764257723135, 0.00018460468002862428, 0.9144610177062339, 0.08251880118796523]",
d1-omni,ood_agnews_balanced,2718,topic,choice,0,0,"[""business"", ""scitech"", ""sports"", ""world""]","[0.9375025933693266, 0.04291195760826423, 0.0007584799759319633, 0.018826969046477134]",
d1-omni,ood_agnews_balanced,2719,topic,choice,1,1,"[""business"", ""scitech"", ""sports"", ""world""]","[0.10499825910422617, 0.8833333147301639, 0.0005756761266409694, 0.011092750038968983]",
d1-omni,ood_agnews_balanced,2722,topic,choice,1,1,"[""business"", ""scitech"", ""sports"", ""world""]","[0.054761326400622284, 0.8616374510386681, 0.0032435761865243825, 0.08035764637418531]",
d1-omni,ood_agnews_balanced,2750,topic,choice,0,0,"[""business"", ""scitech"", ""sports"", ""world""]","[0.8740867014072293, 0.004890311772358721, 0.009252167854717495, 0.11177081896569445]",
d1-omni,ood_agnews_balanced,2753,topic,choice,1,1,"[""business"", ""scitech"", ""sports"", ""world""]","[0.12312668758308937, 0.8390737905810948, 0.0011977952863203773, 0.03660172654949554]",
d1-omni,ood_agnews_balanced,2764,topic,choice,1,1,"[""business"", ""scitech"", ""sports"", ""world""]","[0.23530434148718155, 0.7333414578500158, 0.004068671273291437, 0.02728552938951119]",
d1-omni,ood_agnews_balanced,2772,topic,choice,0,0,"[""business"", ""scitech"", ""sports"", ""world""]","[0.868754229073704, 0.0005467672149481016, 0.00043011387917779267, 0.13026888983217005]",
d1-omni,ood_agnews_balanced,2778,topic,choice,1,0,"[""business"", ""scitech"", ""sports"", ""world""]","[0.9783612693943693, 0.010028871305993324, 0.0003103818620122782, 0.011299477437625145]",
d1-omni,ood_agnews_balanced,2781,topic,choice,3,3,"[""business"", ""scitech"", ""sports"", ""world""]","[0.1940605041464594, 0.00039059662989088923, 0.003292910304117219, 0.8022559889195325]",
d1-omni,ood_agnews_balanced,2787,topic,choice,1,1,"[""business"", ""scitech"", ""sports"", ""world""]","[0.022338441451188552, 0.9555974152152248, 0.0009786957646287296, 0.021085447568957895]",
d1-omni,ood_agnews_balanced,2795,topic,choice,0,0,"[""business"", ""scitech"", ""sports"", ""world""]","[0.9741028240098503, 0.011226775014991138, 0.0002988544597712372, 0.01437154651538739]",
d1-omni,ood_agnews_balanced,2808,topic,choice,3,3,"[""business"", ""scitech"", ""sports"", ""world""]","[0.009487081699299887, 0.0018312542333970938, 0.008688794875551405, 0.9799928691917517]",
d1-omni,ood_agnews_balanced,2821,topic,choice,2,2,"[""business"", ""scitech"", ""sports"", ""world""]","[0.029377751043418623, 0.00014373277911709583, 0.9650940876282124, 0.005384428549251924]",
d1-omni,ood_agnews_balanced,2828,topic,choice,0,1,"[""business"", ""scitech"", ""sports"", ""world""]","[0.15171583322710022, 0.8116169746200708, 0.0007030935526966071, 0.035964098600132416]",
d1-omni,ood_agnews_balanced,2837,topic,choice,2,2,"[""business"", ""scitech"", ""sports"", ""world""]","[0.0008369410076623108, 5.2619696458424466e-05, 0.992076756389021, 0.007033682906858216]",
d1-omni,ood_agnews_balanced,2851,topic,choice,0,0,"[""business"", ""scitech"", ""sports"", ""world""]","[0.9865842534230852, 0.00030226176245115425, 0.0005237413608849329, 0.012589743453578706]",
d1-omni,ood_agnews_balanced,2854,topic,choice,1,1,"[""business"", ""scitech"", ""sports"", ""world""]","[0.28086712714468975, 0.708317929364796, 0.0005381873296776481, 0.010276756160836672]",
d1-omni,ood_agnews_balanced,2855,topic,choice,3,3,"[""business"", ""scitech"", ""sports"", ""world""]","[0.013396537620985959, 0.0005925887855874303, 0.012389701567543234, 0.9736211720258834]",
d1-omni,ood_agnews_balanced,2856,topic,choice,1,0,"[""business"", ""scitech"", ""sports"", ""world""]","[0.7843799525318484, 0.19874563646622867, 0.0003110794324430498, 0.016563331569479794]",
d1-omni,ood_agnews_balanced,2861,topic,choice,1,1,"[""business"", ""scitech"", ""sports"", ""world""]","[0.14604953388768768, 0.8273003956470413, 0.0018200449982648838, 0.024830025467006123]",
d1-omni,ood_agnews_balanced,2869,topic,choice,0,0,"[""business"", ""scitech"", ""sports"", ""world""]","[0.9792698221602818, 0.006887405363670634, 0.0005644619001394456, 0.013278310575908165]",
d1-omni,ood_agnews_balanced,2873,topic,choice,0,1,"[""business"", ""scitech"", ""sports"", ""world""]","[0.37646899801850936, 0.5966010999633403, 0.0005487831977546824, 0.026381118820395674]",
d1-omni,ood_agnews_balanced,2883,topic,choice,3,3,"[""business"", ""scitech"", ""sports"", ""world""]","[0.047416258962133064, 0.001330934358587341, 0.016307812307496533, 0.934944994371783]",
d1-omni,ood_agnews_balanced,2885,topic,choice,1,1,"[""business"", ""scitech"", ""sports"", ""world""]","[0.007483996110700005, 0.5984622340391579, 0.00491071360967387, 0.3891430562404683]",
d1-omni,ood_agnews_balanced,2889,topic,choice,2,2,"[""business"", ""scitech"", ""sports"", ""world""]","[0.006281401648883445, 0.0003698552133992204, 0.986106704187091, 0.007242038950626368]",
d1-omni,ood_agnews_balanced,2895,topic,choice,2,2,"[""business"", ""scitech"", ""sports"", ""world""]","[0.0021519803831001674, 0.00013643551731270354, 0.9933093106008365, 0.004402273498750596]",
d1-omni,ood_agnews_balanced,2952,topic,choice,0,0,"[""business"", ""scitech"", ""sports"", ""world""]","[0.9396243471688097, 0.019295542342316657, 0.011611833702129171, 0.029468276786744504]",
d1-omni,ood_agnews_balanced,2957,topic,choice,0,0,"[""business"", ""scitech"", ""sports"", ""world""]","[0.7679021048396144, 0.00019351984559692415, 0.0002623110787014789, 0.23164206423608721]",
d1-omni,ood_agnews_balanced,2964,topic,choice,3,3,"[""business"", ""scitech"", ""sports"", ""world""]","[0.01751356927735986, 9.703207522973352e-05, 0.0004827555630407548, 0.9819066430843697]",
d1-omni,ood_agnews_balanced,2969,topic,choice,1,1,"[""business"", ""scitech"", ""sports"", ""world""]","[0.17607989585439865, 0.7920343135076823, 0.0011353880192320888, 0.030750402618686994]",
d1-omni,ood_agnews_balanced,2972,topic,choice,2,2,"[""business"", ""scitech"", ""sports"", ""world""]","[0.003593016623019144, 3.6320568792649446e-05, 0.9897229600834673, 0.0066477027247209015]",
d1-omni,ood_agnews_balanced,2986,topic,choice,0,0,"[""business"", ""scitech"", ""sports"", ""world""]","[0.9664552932951882, 0.0003481110584851341, 0.0018110039132709509, 0.03138559173305569]",
d1-omni,ood_agnews_balanced,2990,topic,choice,3,3,"[""business"", ""scitech"", ""sports"", ""world""]","[0.009644248134900828, 0.000720869091909919, 0.0017120990469884057, 0.9879227837262009]",
d1-omni,ood_agnews_balanced,3003,topic,choice,0,0,"[""business"", ""scitech"", ""sports"", ""world""]","[0.98501987435249, 0.00033089083290779436, 0.001302271901627061, 0.01334696291297514]",
d1-omni,ood_agnews_balanced,3004,topic,choice,1,1,"[""business"", ""scitech"", ""sports"", ""world""]","[0.0125815755579048, 0.9376460236295979, 0.000856497201508458, 0.04891590361098885]",
d1-omni,ood_agnews_balanced,3006,topic,choice,3,3,"[""business"", ""scitech"", ""sports"", ""world""]","[0.03296814679678942, 0.0018538481246508805, 0.06540380062726618, 0.8997742044512935]",
d1-omni,ood_agnews_balanced,3008,topic,choice,0,3,"[""business"", ""scitech"", ""sports"", ""world""]","[0.390677977476385, 0.00014190268801750883, 0.0011896469502747007, 0.6079904728853228]",
d1-omni,ood_agnews_balanced,3016,topic,choice,0,0,"[""business"", ""scitech"", ""sports"", ""world""]","[0.5214091691284726, 0.0002050632379619725, 0.0015162898203650872, 0.47686947781320044]",
d1-omni,ood_agnews_balanced,3019,topic,choice,3,3,"[""business"", ""scitech"", ""sports"", ""world""]","[0.04266923655568925, 0.0013261014796038936, 0.04024074961838129, 0.9157639123463256]",
d1-omni,ood_agnews_balanced,3026,topic,choice,2,2,"[""business"", ""scitech"", ""sports"", ""world""]","[0.001733201901339342, 2.5606708576686656e-05, 0.9945337226395466, 0.0037074687505372892]",
d1-omni,ood_agnews_balanced,3030,topic,choice,2,2,"[""business"", ""scitech"", ""sports"", ""world""]","[0.0012578550107128507, 0.0001613284293733521, 0.9934760255326194, 0.005104791027294451]",
d1-omni,ood_agnews_balanced,3031,topic,choice,2,2,"[""business"", ""scitech"", ""sports"", ""world""]","[0.002911166835913444, 2.7216292849143842e-05, 0.9913384401774799, 0.005723176693757583]",
d1-omni,ood_agnews_balanced,3038,topic,choice,1,1,"[""business"", ""scitech"", ""sports"", ""world""]","[0.12602673696914193, 0.820191219252237, 0.0020803593006421964, 0.051701684477978786]",
d1-omni,ood_agnews_balanced,3042,topic,choice,3,3,"[""business"", ""scitech"", ""sports"", ""world""]","[0.0037898757972068733, 0.00046745482861712437, 0.012581124596395009, 0.983161544777781]",
d1-omni,ood_agnews_balanced,3053,topic,choice,2,2,"[""business"", ""scitech"", ""sports"", ""world""]","[0.0020794497869584356, 5.438783214483034e-06, 0.9939005184234333, 0.00401459300639379]",
d1-omni,ood_agnews_balanced,3055,topic,choice,0,0,"[""business"", ""scitech"", ""sports"", ""world""]","[0.7871548457890694, 0.04497880413522487, 0.005740736990787393, 0.16212561308491838]",
d1-omni,ood_agnews_balanced,3083,topic,choice,0,0,"[""business"", ""scitech"", ""sports"", ""world""]","[0.9394701694402673, 0.0003523634213469611, 0.0055888886415461055, 0.0545885784968396]",
d1-omni,ood_agnews_balanced,3086,topic,choice,0,0,"[""business"", ""scitech"", ""sports"", ""world""]","[0.9120749857744522, 0.001109001462781457, 0.0012821775199908807, 0.08553383524277548]",
d1-omni,ood_agnews_balanced,3091,topic,choice,1,2,"[""business"", ""scitech"", ""sports"", ""world""]","[0.037137046387163836, 0.034804210001967456, 0.9020937664395314, 0.025964977171337274]",
d1-omni,ood_agnews_balanced,3095,topic,choice,2,2,"[""business"", ""scitech"", ""sports"", ""world""]","[0.010926976683888744, 0.00024775546362999757, 0.965443362470634, 0.023381905381847305]",
d1-omni,ood_agnews_balanced,3105,topic,choice,0,0,"[""business"", ""scitech"", ""sports"", ""world""]","[0.910263748938632, 0.00013406217216806673, 7.17550308337168e-05, 0.08953043385836616]",
d1-omni,ood_agnews_balanced,3111,topic,choice,3,3,"[""business"", ""scitech"", ""sports"", ""world""]","[0.010394978019934584, 0.0010414907856762193, 0.0023921368845342818, 0.9861713943098549]",
d1-omni,ood_agnews_balanced,3114,topic,choice,1,1,"[""business"", ""scitech"", ""sports"", ""world""]","[0.07698356690001122, 0.9039744525987886, 0.004171773038712852, 0.014870207462487317]",
d1-omni,ood_agnews_balanced,3118,topic,choice,3,3,"[""business"", ""scitech"", ""sports"", ""world""]","[0.0035155073827705455, 6.639499874832962e-05, 0.0034187667144697474, 0.9929993309040114]",
d1-omni,ood_agnews_balanced,3119,topic,choice,0,0,"[""business"", ""scitech"", ""sports"", ""world""]","[0.989457102501118, 0.00011920182114863605, 0.0006013875295155524, 0.009822308148217818]",
d1-omni,ood_agnews_balanced,3126,topic,choice,2,2,"[""business"", ""scitech"", ""sports"", ""world""]","[0.0033068006242026678, 4.633271813265261e-05, 0.9904167328101987, 0.0062301338474659365]",
d1-omni,ood_agnews_balanced,3127,topic,choice,1,0,"[""business"", ""scitech"", ""sports"", ""world""]","[0.5225314765602641, 0.40001668594863055, 0.010105559188691672, 0.0673462783024137]",
d1-omni,ood_agnews_balanced,3128,topic,choice,0,1,"[""business"", ""scitech"", ""sports"", ""world""]","[0.39006241260331465, 0.5598456731031697, 0.00045104757428994236, 0.049640866719225775]",
d1-omni,ood_agnews_balanced,3143,topic,choice,3,3,"[""business"", ""scitech"", ""sports"", ""world""]","[0.0008669479524183659, 3.5417344827074484e-05, 0.0011238147992193779, 0.9979738199035352]",
d1-omni,ood_agnews_balanced,3147,topic,choice,3,0,"[""business"", ""scitech"", ""sports"", ""world""]","[0.5628454695694995, 0.0070730503780265346, 0.04272108532995188, 0.38736039472252204]",
d1-omni,ood_agnews_balanced,3150,topic,choice,2,2,"[""business"", ""scitech"", ""sports"", ""world""]","[0.010402031164075598, 2.4218809069227244e-05, 0.9863239739093581, 0.003249776117497117]",
d1-omni,ood_agnews_balanced,3154,topic,choice,2,2,"[""business"", ""scitech"", ""sports"", ""world""]","[0.00312359940569979, 6.642104940773862e-05, 0.9906218722164168, 0.00618810732847562]",
d1-omni,ood_agnews_balanced,3190,topic,choice,0,0,"[""business"", ""scitech"", ""sports"", ""world""]","[0.933636258124751, 0.0005900663736229605, 0.00021191085625000853, 0.06556176464537596]",
d1-omni,ood_agnews_balanced,3208,topic,choice,2,2,"[""business"", ""scitech"", ""sports"", ""world""]","[0.002245521583531291, 0.00011388287105769539, 0.9912289138194482, 0.006411681725962754]",
d1-omni,ood_agnews_balanced,3231,topic,choice,2,2,"[""business"", ""scitech"", ""sports"", ""world""]","[0.0009221454257063109, 5.106384126367923e-05, 0.9955268365407377, 0.0034999541922922546]",
d1-omni,ood_agnews_balanced,3232,topic,choice,2,2,"[""business"", ""scitech"", ""sports"", ""world""]","[0.0033512507267402267, 4.630494133841678e-05, 0.9898229336812858, 0.006779510650635504]",
d1-omni,ood_agnews_balanced,3259,topic,choice,2,2,"[""business"", ""scitech"", ""sports"", ""world""]","[0.003623227904805121, 0.00010590031498131014, 0.9911067035503346, 0.005164168229878989]",
d1-omni,ood_agnews_balanced,3278,topic,choice,1,1,"[""business"", ""scitech"", ""sports"", ""world""]","[0.06895927432916078, 0.8807794570655582, 0.004487992790598325, 0.04577327581468271]",
d1-omni,ood_agnews_balanced,3283,topic,choice,2,2,"[""business"", ""scitech"", ""sports"", ""world""]","[0.011802364637594554, 4.026715248087088e-05, 0.9650877954928605, 0.023069572717064123]",
d1-omni,ood_agnews_balanced,3293,topic,choice,1,0,"[""business"", ""scitech"", ""sports"", ""world""]","[0.6179324420156223, 0.3482622224050036, 0.002466546849874787, 0.03133878872949941]",
d1-omni,ood_agnews_balanced,3294,topic,choice,0,0,"[""business"", ""scitech"", ""sports"", ""world""]","[0.8982386485009017, 0.0010606419865391438, 0.000497918478986665, 0.10020279103357245]",
d1-omni,ood_agnews_balanced,3304,topic,choice,0,0,"[""business"", ""scitech"", ""sports"", ""world""]","[0.5271262325233076, 0.012086071543834235, 0.17026152556694807, 0.29052617036591005]",
d1-omni,ood_agnews_balanced,3327,topic,choice,0,0,"[""business"", ""scitech"", ""sports"", ""world""]","[0.9120397859474483, 0.00965389886562407, 0.017589353151180376, 0.060716962035747266]",
d1-omni,ood_agnews_balanced,3329,topic,choice,0,0,"[""business"", ""scitech"", ""sports"", ""world""]","[0.6236739428316432, 0.0023120223731670927, 0.0007830605781653744, 0.3732309742170243]",
d1-omni,ood_agnews_balanced,3333,topic,choice,3,3,"[""business"", ""scitech"", ""sports"", ""world""]","[0.07767578510271313, 0.0004651642542949012, 0.003050643541453502, 0.9188084071015384]",
d1-omni,ood_agnews_balanced,3340,topic,choice,2,2,"[""business"", ""scitech"", ""sports"", ""world""]","[0.00385394886307064, 0.00023629401870309917, 0.9873074488387039, 0.00860230827952236]",
d1-omni,ood_agnews_balanced,3351,topic,choice,0,0,"[""business"", ""scitech"", ""sports"", ""world""]","[0.4965300279071562, 0.021314683095675895, 0.002645575058908495, 0.4795097139382594]",
d1-omni,ood_agnews_balanced,3358,topic,choice,3,3,"[""business"", ""scitech"", ""sports"", ""world""]","[0.007534274621757959, 7.733925566698835e-05, 0.0016558018377152226, 0.9907325842848599]",
d1-omni,ood_agnews_balanced,3361,topic,choice,2,2,"[""business"", ""scitech"", ""sports"", ""world""]","[0.005456336138274991, 0.00015040202820075876, 0.9793477349334935, 0.015045526900030774]",
d1-omni,ood_agnews_balanced,3376,topic,choice,2,2,"[""business"", ""scitech"", ""sports"", ""world""]","[0.01036943369351823, 0.00012645772549450867, 0.9520166215263872, 0.03748748705460007]",
d1-omni,ood_agnews_balanced,3391,topic,choice,2,2,"[""business"", ""scitech"", ""sports"", ""world""]","[0.0037211922092262807, 0.0001659887144349225, 0.9912756010811615, 0.004837217995177242]",
d1-omni,ood_agnews_balanced,3395,topic,choice,1,1,"[""business"", ""scitech"", ""sports"", ""world""]","[0.005749137804417973, 0.9543480428704972, 0.001091308840955196, 0.03881151048412963]",
d1-omni,ood_agnews_balanced,3406,topic,choice,0,0,"[""business"", ""scitech"", ""sports"", ""world""]","[0.6033475476631317, 0.38179007663715203, 0.000397065834127806, 0.014465309865588409]",
d1-omni,ood_agnews_balanced,3410,topic,choice,0,0,"[""business"", ""scitech"", ""sports"", ""world""]","[0.7842278493428574, 0.19270059472547107, 0.0005541654966804649, 0.022517390434991034]",
d1-omni,ood_agnews_balanced,3414,topic,choice,1,1,"[""business"", ""scitech"", ""sports"", ""world""]","[0.09005869172994502, 0.8620174041553694, 0.00746366070285639, 0.040460243411829154]",
d1-omni,ood_agnews_balanced,3416,topic,choice,2,2,"[""business"", ""scitech"", ""sports"", ""world""]","[0.0011547616646386686, 6.538850832110296e-05, 0.9944577386126423, 0.004322111214397968]",
d1-omni,ood_agnews_balanced,3427,topic,choice,0,0,"[""business"", ""scitech"", ""sports"", ""world""]","[0.7699185933387778, 0.02949819423171563, 0.11133575790491067, 0.08924745452459597]",
d1-omni,ood_agnews_balanced,3434,topic,choice,3,3,"[""business"", ""scitech"", ""sports"", ""world""]","[0.07321527956680307, 0.004014899741067285, 0.009887839142599301, 0.9128819815495304]",
d1-omni,ood_agnews_balanced,3456,topic,choice,1,1,"[""business"", ""scitech"", ""sports"", ""world""]","[0.052410260859160236, 0.9362805597823383, 0.002408177001724184, 0.00890100235677731]",
d1-omni,ood_agnews_balanced,3458,topic,choice,0,0,"[""business"", ""scitech"", ""sports"", ""world""]","[0.9694770082356274, 0.0011787966485658301, 0.0024900839465073917, 0.02685411116929937]",
d1-omni,ood_agnews_balanced,3462,topic,choice,2,2,"[""business"", ""scitech"", ""sports"", ""world""]","[0.006567994587270761, 3.929149976514811e-05, 0.9710580597871438, 0.02233465412582027]",
d1-omni,ood_agnews_balanced,3477,topic,choice,3,3,"[""business"", ""scitech"", ""sports"", ""world""]","[0.008959329935293706, 0.0010163297692647303, 0.0018260921857564175, 0.9881982481096852]",
d1-omni,ood_agnews_balanced,3483,topic,choice,3,3,"[""business"", ""scitech"", ""sports"", ""world""]","[0.009406811956815583, 0.0008851312531421672, 0.0029796232180557118, 0.9867284335719866]",
d1-omni,ood_agnews_balanced,3501,topic,choice,1,1,"[""business"", ""scitech"", ""sports"", ""world""]","[0.02418374346327606, 0.9002859377146808, 0.002412890811545569, 0.07311742801049759]",
d1-omni,ood_agnews_balanced,3502,topic,choice,1,1,"[""business"", ""scitech"", ""sports"", ""world""]","[0.022100779387374196, 0.969305243018133, 0.0020195217097810805, 0.006574455884711727]",
d1-omni,ood_agnews_balanced,3506,topic,choice,1,1,"[""business"", ""scitech"", ""sports"", ""world""]","[0.11848555554725229, 0.7923798496381838, 0.004186705035569857, 0.08494788977899409]",
d1-omni,ood_agnews_balanced,3508,topic,choice,0,0,"[""business"", ""scitech"", ""sports"", ""world""]","[0.9777525014969736, 0.002338855281985907, 0.001850155172275014, 0.018058488048765524]",
d1-omni,ood_agnews_balanced,3513,topic,choice,3,3,"[""business"", ""scitech"", ""sports"", ""world""]","[0.0024262810505773667, 0.00013854333932388258, 0.0013655285273423132, 0.9960696470827565]",
d1-omni,ood_agnews_balanced,3514,topic,choice,2,2,"[""business"", ""scitech"", ""sports"", ""world""]","[0.0055530146684448145, 0.00041855473048931055, 0.9815207655403062, 0.012507665060759707]",
d1-omni,ood_agnews_balanced,3517,topic,choice,3,3,"[""business"", ""scitech"", ""sports"", ""world""]","[0.01702371054685839, 0.0002761568759795068, 0.014848195027619748, 0.9678519375495424]",
d1-omni,ood_agnews_balanced,3525,topic,choice,2,2,"[""business"", ""scitech"", ""sports"", ""world""]","[0.004047412651564219, 0.0002526976018396699, 0.9847016885065224, 0.010998201240073674]",
d1-omni,ood_agnews_balanced,3534,topic,choice,2,2,"[""business"", ""scitech"", ""sports"", ""world""]","[0.05690701430201538, 2.596604531829531e-05, 0.9300963472980218, 0.012970672354644537]",
d1-omni,ood_agnews_balanced,3538,topic,choice,0,0,"[""business"", ""scitech"", ""sports"", ""world""]","[0.8918326046281121, 0.007201502232564682, 0.00216934591868345, 0.09879654722063974]",
d1-omni,ood_agnews_balanced,3543,topic,choice,2,2,"[""business"", ""scitech"", ""sports"", ""world""]","[0.0006267178367331811, 1.9917230853019144e-05, 0.9971778809887935, 0.002175483943620299]",
d1-omni,ood_agnews_balanced,3546,topic,choice,3,0,"[""business"", ""scitech"", ""sports"", ""world""]","[0.7479863571285971, 0.04441240316131982, 0.0025324629902441684, 0.20506877671983897]",
d1-omni,ood_agnews_balanced,3553,topic,choice,0,0,"[""business"", ""scitech"", ""sports"", ""world""]","[0.9595196098955012, 0.00021717861483300642, 0.0005687277792688084, 0.03969448371039693]",
d1-omni,ood_agnews_balanced,3559,topic,choice,2,2,"[""business"", ""scitech"", ""sports"", ""world""]","[0.0019878734480050612, 0.00014429534378054696, 0.9907424373470093, 0.007125393861205077]",
d1-omni,ood_agnews_balanced,3561,topic,choice,3,0,"[""business"", ""scitech"", ""sports"", ""world""]","[0.5542678838169834, 0.3312332633242321, 0.012307054374652966, 0.10219179848413151]",
d1-omni,ood_agnews_balanced,3568,topic,choice,2,2,"[""business"", ""scitech"", ""sports"", ""world""]","[0.004021336763372932, 5.5602431159555074e-05, 0.9804071718677517, 0.015515888937715832]",
d1-omni,ood_agnews_balanced,3580,topic,choice,0,0,"[""business"", ""scitech"", ""sports"", ""world""]","[0.7483422143160513, 0.09070697406204581, 0.0006788246667435066, 0.16027198695515937]",
d1-omni,ood_agnews_balanced,3588,topic,choice,1,1,"[""business"", ""scitech"", ""sports"", ""world""]","[0.05668014152680652, 0.93081156178187, 0.0006468264464522454, 0.011861470244871289]",
d1-omni,ood_agnews_balanced,3589,topic,choice,0,0,"[""business"", ""scitech"", ""sports"", ""world""]","[0.9550031554479643, 0.00011830663587090168, 0.002249645565740737, 0.04262889235042409]",
d1-omni,ood_agnews_balanced,3601,topic,choice,2,2,"[""business"", ""scitech"", ""sports"", ""world""]","[0.001910183352720893, 3.1598008937577435e-05, 0.9899492902468799, 0.008108928391461582]",
d1-omni,ood_agnews_balanced,3614,topic,choice,1,1,"[""business"", ""scitech"", ""sports"", ""world""]","[0.0421338392944722, 0.9419392413743011, 0.0019326165861620322, 0.013994302745064694]",
d1-omni,ood_agnews_balanced,3619,topic,choice,3,3,"[""business"", ""scitech"", ""sports"", ""world""]","[0.2177055273466379, 0.0005737933925635723, 0.06852699365143165, 0.7131936856093669]",
d1-omni,ood_agnews_balanced,3621,topic,choice,2,2,"[""business"", ""scitech"", ""sports"", ""world""]","[0.006178803771850609, 2.75180683697783e-05, 0.9912048030211502, 0.002588875138629347]",
d1-omni,ood_agnews_balanced,3622,topic,choice,3,3,"[""business"", ""scitech"", ""sports"", ""world""]","[0.28427154507487296, 0.002691215201559282, 0.1767115337311495, 0.5363257059924182]",
d1-omni,ood_agnews_balanced,3664,topic,choice,1,0,"[""business"", ""scitech"", ""sports"", ""world""]","[0.6835973269153361, 0.25563728833164767, 0.0040328046344526155, 0.056732580118563566]",
d1-omni,ood_agnews_balanced,3685,topic,choice,3,0,"[""business"", ""scitech"", ""sports"", ""world""]","[0.5645958681336404, 0.005390464232844468, 0.030662465298001804, 0.39935120233551336]",
d1-omni,ood_agnews_balanced,3691,topic,choice,1,0,"[""business"", ""scitech"", ""sports"", ""world""]","[0.7030800148630518, 0.2386255468853178, 0.0011035455647750191, 0.057190892686855344]",
d1-omni,ood_agnews_balanced,3697,topic,choice,3,3,"[""business"", ""scitech"", ""sports"", ""world""]","[0.010422597797681251, 0.0018425476535103686, 0.005817009636033893, 0.9819178449127745]",
d1-omni,ood_agnews_balanced,3699,topic,choice,0,0,"[""business"", ""scitech"", ""sports"", ""world""]","[0.9410809511706009, 0.0002184223466898148, 0.0003837870412621026, 0.058316839441447194]",
d1-omni,ood_agnews_balanced,3740,topic,choice,2,2,"[""business"", ""scitech"", ""sports"", ""world""]","[0.011827960338440937, 0.0003027950227491072, 0.9787192715684585, 0.009149973070351444]",
d1-omni,ood_agnews_balanced,3744,topic,choice,2,2,"[""business"", ""scitech"", ""sports"", ""world""]","[0.008880155108687717, 0.0001233856448384004, 0.9767360629691669, 0.014260396277307002]",
d1-omni,ood_agnews_balanced,3747,topic,choice,3,0,"[""business"", ""scitech"", ""sports"", ""world""]","[0.9302038652575563, 0.00017512958048934282, 0.0003944637762880324, 0.06922654138566633]",
d1-omni,ood_agnews_balanced,3749,topic,choice,3,3,"[""business"", ""scitech"", ""sports"", ""world""]","[0.001913346171427997, 7.289880933171946e-05, 0.00087594401522076, 0.9971378110040195]",
d1-omni,ood_agnews_balanced,3758,topic,choice,3,3,"[""business"", ""scitech"", ""sports"", ""world""]","[0.12247379827075434, 0.0003723580371090807, 0.010035673732355603, 0.867118169959781]",
d1-omni,ood_agnews_balanced,3762,topic,choice,3,1,"[""business"", ""scitech"", ""sports"", ""world""]","[0.0024864031608334584, 0.6984074882134294, 0.0009143751454029224, 0.2981917334803343]",
d1-omni,ood_agnews_balanced,3764,topic,choice,0,0,"[""business"", ""scitech"", ""sports"", ""world""]","[0.9541059377973482, 0.0006855903949024983, 0.0010925547962112665, 0.044115917011538046]",
d1-omni,ood_agnews_balanced,3779,topic,choice,0,0,"[""business"", ""scitech"", ""sports"", ""world""]","[0.9635331026528013, 0.0001125699199251677, 0.0005165244215465148, 0.035837803005727]",
d1-omni,ood_agnews_balanced,3782,topic,choice,3,3,"[""business"", ""scitech"", ""sports"", ""world""]","[0.021474403756463825, 0.00013659913063261196, 0.005842442487135708, 0.9725465546257679]",
d1-omni,ood_agnews_balanced,3787,topic,choice,1,0,"[""business"", ""scitech"", ""sports"", ""world""]","[0.7269042317372205, 0.20679498034110871, 0.01455704878272491, 0.05174373913894586]",
d1-omni,ood_agnews_balanced,3792,topic,choice,2,2,"[""business"", ""scitech"", ""sports"", ""world""]","[0.005827700451680067, 0.0001337121150301868, 0.9844085122195414, 0.00963007521374839]",
d1-omni,ood_agnews_balanced,3795,topic,choice,0,0,"[""business"", ""scitech"", ""sports"", ""world""]","[0.8540158251905445, 0.0018709708194458606, 0.001032627068849683, 0.1430805769211599]",
d1-omni,ood_agnews_balanced,3813,topic,choice,0,0,"[""business"", ""scitech"", ""sports"", ""world""]","[0.7800467891297028, 0.09917770670556181, 0.0011260316950812705, 0.11964947246965406]",
d1-omni,ood_agnews_balanced,3828,topic,choice,1,1,"[""business"", ""scitech"", ""sports"", ""world""]","[0.0188128943316776, 0.938109790712183, 0.00026841827668348735, 0.04280889667945583]",
d1-omni,ood_agnews_balanced,3829,topic,choice,0,0,"[""business"", ""scitech"", ""sports"", ""world""]","[0.8825331716603219, 0.08656108013202507, 0.0042232770458739445, 0.026682471161779152]",
d1-omni,ood_agnews_balanced,3838,topic,choice,3,3,"[""business"", ""scitech"", ""sports"", ""world""]","[0.045414979755469584, 0.0004236936732497057, 0.05177926559689496, 0.9023820609743858]",
d1-omni,ood_agnews_balanced,3843,topic,choice,3,3,"[""business"", ""scitech"", ""sports"", ""world""]","[0.008403514542699641, 0.000748850699000619, 0.0038958031361361264, 0.9869518316221636]",
d1-omni,ood_agnews_balanced,3851,topic,choice,2,2,"[""business"", ""scitech"", ""sports"", ""world""]","[0.0016444373281850188, 4.093902052717432e-05, 0.9949763372132443, 0.003338286438043478]",
d1-omni,ood_agnews_balanced,3874,topic,choice,3,3,"[""business"", ""scitech"", ""sports"", ""world""]","[0.0052681245114000064, 0.00012772135106753316, 0.008620788698386133, 0.9859833654391463]",
d1-omni,ood_agnews_balanced,3879,topic,choice,1,1,"[""business"", ""scitech"", ""sports"", ""world""]","[0.17088767886161804, 0.7551918625831604, 0.004864491522312164, 0.0690559670329094]",
d1-omni,ood_agnews_balanced,3882,topic,choice,3,0,"[""business"", ""scitech"", ""sports"", ""world""]","[0.8347832357106296, 0.005028861345683688, 0.015289407011228663, 0.14489849593245802]",
d1-omni,ood_agnews_balanced,3884,topic,choice,2,2,"[""business"", ""scitech"", ""sports"", ""world""]","[0.002716060684733905, 9.038395948935493e-05, 0.9617451872795482, 0.03544836807622857]",
d1-omni,ood_agnews_balanced,3889,topic,choice,0,0,"[""business"", ""scitech"", ""sports"", ""world""]","[0.9542420267996672, 0.00014451602142258714, 0.0018361536309835444, 0.043777303547926666]",
d1-omni,ood_agnews_balanced,3892,topic,choice,2,2,"[""business"", ""scitech"", ""sports"", ""world""]","[0.005642658090178491, 0.0001527423754506942, 0.9862956766487261, 0.007908922885644732]",
d1-omni,ood_agnews_balanced,3913,topic,choice,1,3,"[""business"", ""scitech"", ""sports"", ""world""]","[0.17213630789297707, 0.09634035977910829, 0.021143129201897346, 0.7103802031260172]",
d1-omni,ood_agnews_balanced,3931,topic,choice,3,3,"[""business"", ""scitech"", ""sports"", ""world""]","[0.022039182571331698, 0.0002256016996553661, 0.0030056370794888515, 0.974729578649524]",
d1-omni,ood_agnews_balanced,3933,topic,choice,2,2,"[""business"", ""scitech"", ""sports"", ""world""]","[0.001648131438276293, 0.00048012624889838535, 0.9930461227112802, 0.0048256196015450895]",
d1-omni,ood_agnews_balanced,3940,topic,choice,0,0,"[""business"", ""scitech"", ""sports"", ""world""]","[0.9684593944722876, 0.001331386542359671, 0.015557561498966775, 0.014651657486385994]",
d1-omni,ood_agnews_balanced,3943,topic,choice,3,3,"[""business"", ""scitech"", ""sports"", ""world""]","[0.03329821325388609, 0.0008465058109522306, 0.003572259354618454, 0.9622830215805432]",
d1-omni,ood_agnews_balanced,3951,topic,choice,2,2,"[""business"", ""scitech"", ""sports"", ""world""]","[0.003278285000147005, 0.00024130682891557444, 0.9915120613043222, 0.004968346866615179]",
d1-omni,ood_agnews_balanced,3960,topic,choice,3,3,"[""business"", ""scitech"", ""sports"", ""world""]","[0.006125620864565776, 0.00012233046829734494, 0.0007419721020644122, 0.9930100765650725]",
d1-omni,ood_agnews_balanced,3969,topic,choice,1,0,"[""business"", ""scitech"", ""sports"", ""world""]","[0.5209534933381645, 0.32965222279597484, 0.0017057134303238412, 0.14768857043553685]",
d1-omni,ood_agnews_balanced,3970,topic,choice,0,1,"[""business"", ""scitech"", ""sports"", ""world""]","[0.10656013991776732, 0.8585263415717664, 0.0011397985409147932, 0.033773719969551426]",
d1-omni,ood_agnews_balanced,3973,topic,choice,2,2,"[""business"", ""scitech"", ""sports"", ""world""]","[0.004523714139505787, 3.65797573897682e-05, 0.9912384298135093, 0.004201276289595107]",
d1-omni,ood_agnews_balanced,3977,topic,choice,0,0,"[""business"", ""scitech"", ""sports"", ""world""]","[0.800662635824803, 0.007422937537283942, 0.003831493430967101, 0.18808293320694597]",
d1-omni,ood_agnews_balanced,3982,topic,choice,2,2,"[""business"", ""scitech"", ""sports"", ""world""]","[0.0025708508923776062, 0.0001881810253283138, 0.9911944128003789, 0.0060465552819152]",
d1-omni,ood_agnews_balanced,3991,topic,choice,1,1,"[""business"", ""scitech"", ""sports"", ""world""]","[0.29046076400922255, 0.6537805765225525, 0.006720424598453452, 0.04903823486977148]",
d1-omni,ood_agnews_balanced,4002,topic,choice,0,0,"[""business"", ""scitech"", ""sports"", ""world""]","[0.9803335460064493, 0.0021961905003350705, 0.00026306310200252146, 0.017207200391213075]",
d1-omni,ood_agnews_balanced,4007,topic,choice,3,3,"[""business"", ""scitech"", ""sports"", ""world""]","[0.05445357371528764, 0.0015510227415634487, 0.009460085932462767, 0.9345353176106861]",
d1-omni,ood_agnews_balanced,4012,topic,choice,1,1,"[""business"", ""scitech"", ""sports"", ""world""]","[0.11361983550735558, 0.8331305481625086, 0.005168128353172545, 0.04808148797696326]",
d1-omni,ood_agnews_balanced,4021,topic,choice,1,1,"[""business"", ""scitech"", ""sports"", ""world""]","[0.4845022805649201, 0.48857518535891503, 0.0009947674622192723, 0.0259277666139456]",
d1-omni,ood_agnews_balanced,4023,topic,choice,1,1,"[""business"", ""scitech"", ""sports"", ""world""]","[0.28719033774618724, 0.5405112313670788, 0.018100207030952102, 0.15419822385578183]",
d1-omni,ood_agnews_balanced,4027,topic,choice,3,2,"[""business"", ""scitech"", ""sports"", ""world""]","[0.0092691532873433, 0.00039734477157630415, 0.9770482940380245, 0.013285207903055925]",
d1-omni,ood_agnews_balanced,4036,topic,choice,0,2,"[""business"", ""scitech"", ""sports"", ""world""]","[0.013356125125284715, 0.0009336504253903217, 0.9802108512003206, 0.005499373249004401]",
d1-omni,ood_agnews_balanced,4042,topic,choice,2,2,"[""business"", ""scitech"", ""sports"", ""world""]","[0.0015026962015955569, 3.3787746578939736e-05, 0.9955236976058752, 0.0029398184459502874]",
d1-omni,ood_agnews_balanced,4049,topic,choice,0,0,"[""business"", ""scitech"", ""sports"", ""world""]","[0.9638708000437908, 0.014023567210312237, 0.0006887530741211214, 0.021416879671775857]",
d1-omni,ood_agnews_balanced,4062,topic,choice,3,3,"[""business"", ""scitech"", ""sports"", ""world""]","[0.05470164801255851, 0.0006965850980478801, 0.011033240576642487, 0.9335685263127511]",
d1-omni,ood_agnews_balanced,4071,topic,choice,2,2,"[""business"", ""scitech"", ""sports"", ""world""]","[0.005863338081956187, 7.661760690378611e-05, 0.9883580532041856, 0.005701991106954473]",
d1-omni,ood_agnews_balanced,4072,topic,choice,1,1,"[""business"", ""scitech"", ""sports"", ""world""]","[0.07648716362327503, 0.8746497309947651, 0.000807920729059097, 0.04805518465290077]",
d1-omni,ood_agnews_balanced,4075,topic,choice,1,1,"[""business"", ""scitech"", ""sports"", ""world""]","[0.017852941492630635, 0.9788377265631871, 0.001377952398799221, 0.0019313795453829864]",
d1-omni,ood_agnews_balanced,4082,topic,choice,1,1,"[""business"", ""scitech"", ""sports"", ""world""]","[0.05955822539102057, 0.9093119155912431, 0.0011432905013374992, 0.02998656851639879]",
d1-omni,ood_agnews_balanced,4098,topic,choice,0,0,"[""business"", ""scitech"", ""sports"", ""world""]","[0.9931779941034239, 7.260931190397774e-05, 0.00016173069630542834, 0.006587665888366685]",
d1-omni,ood_agnews_balanced,4112,topic,choice,2,2,"[""business"", ""scitech"", ""sports"", ""world""]","[0.03753067885267023, 0.00032722905974522223, 0.9302861590614894, 0.03185593302609518]",
d1-omni,ood_agnews_balanced,4128,topic,choice,0,0,"[""business"", ""scitech"", ""sports"", ""world""]","[0.9325961238267401, 0.0020545583172147767, 0.0015960498315334944, 0.06375326802451171]",
d1-omni,ood_agnews_balanced,4136,topic,choice,0,0,"[""business"", ""scitech"", ""sports"", ""world""]","[0.8425675190482563, 0.13243371493380524, 0.001282507693851218, 0.023716258324087258]",
d1-omni,ood_agnews_balanced,4143,topic,choice,3,3,"[""business"", ""scitech"", ""sports"", ""world""]","[0.03860561700671531, 0.024057053970542055, 0.017068101760801185, 0.9202692272619415]",
d1-omni,ood_agnews_balanced,4159,topic,choice,1,0,"[""business"", ""scitech"", ""sports"", ""world""]","[0.446479845429011, 0.4140778374945186, 0.0018147935156146808, 0.13762752356085575]",
d1-omni,ood_agnews_balanced,4161,topic,choice,0,0,"[""business"", ""scitech"", ""sports"", ""world""]","[0.9377222497818176, 0.002025892353891039, 0.001048625262855797, 0.059203232601435514]",
d1-omni,ood_agnews_balanced,4162,topic,choice,3,3,"[""business"", ""scitech"", ""sports"", ""world""]","[0.00468466415185695, 7.610024949173202e-05, 0.00943739308047356, 0.9858018425181777]",
d1-omni,ood_agnews_balanced,4165,topic,choice,0,0,"[""business"", ""scitech"", ""sports"", ""world""]","[0.9003172097579945, 0.00036207561557760387, 0.0017179494389356375, 0.09760276518749235]",
d1-omni,ood_agnews_balanced,4173,topic,choice,1,1,"[""business"", ""scitech"", ""sports"", ""world""]","[0.041075339720291135, 0.7726628463741716, 0.0024628228430038273, 0.18379899106253347]",
d1-omni,ood_agnews_balanced,4175,topic,choice,2,2,"[""business"", ""scitech"", ""sports"", ""world""]","[0.000650464944134082, 5.535573612614452e-05, 0.9953101855394627, 0.0039839937802770755]",
d1-omni,ood_agnews_balanced,4176,topic,choice,3,3,"[""business"", ""scitech"", ""sports"", ""world""]","[0.0634730789423543, 0.0005659134771921899, 0.00616724355681901, 0.9297937640236346]",
d1-omni,ood_agnews_balanced,4180,topic,choice,2,2,"[""business"", ""scitech"", ""sports"", ""world""]","[0.007204666248579918, 8.467343263692952e-05, 0.9796500179477894, 0.013060642370993745]",
d1-omni,ood_agnews_balanced,4191,topic,choice,0,0,"[""business"", ""scitech"", ""sports"", ""world""]","[0.9401204256479773, 0.0007004962152069001, 0.0027492284622785087, 0.05642984967453736]",
d1-omni,ood_agnews_balanced,4198,topic,choice,0,0,"[""business"", ""scitech"", ""sports"", ""world""]","[0.8187686821926514, 0.0014288836428238358, 0.0016110400943368302, 0.1781913940701879]",
d1-omni,ood_agnews_balanced,4203,topic,choice,1,1,"[""business"", ""scitech"", ""sports"", ""world""]","[0.010054778302994194, 0.9186316724314207, 0.005262885705911142, 0.06605066355967398]",
d1-omni,ood_agnews_balanced,4211,topic,choice,3,3,"[""business"", ""scitech"", ""sports"", ""world""]","[0.01636723302148477, 0.00040576794727235097, 0.014275619347346159, 0.9689513796838968]",
d1-omni,ood_agnews_balanced,4224,topic,choice,2,2,"[""business"", ""scitech"", ""sports"", ""world""]","[0.0028160380819417315, 6.483761785427996e-05, 0.9833317182033456, 0.013787406096858303]",
d1-omni,ood_agnews_balanced,4225,topic,choice,1,1,"[""business"", ""scitech"", ""sports"", ""world""]","[0.1277442752363148, 0.748249845714363, 0.002307273266791717, 0.12169860578253044]",
d1-omni,ood_agnews_balanced,4232,topic,choice,1,1,"[""business"", ""scitech"", ""sports"", ""world""]","[0.23161283256748894, 0.7251172103721503, 0.0016041718274573485, 0.04166578523290348]",
d1-omni,ood_agnews_balanced,4253,topic,choice,0,0,"[""business"", ""scitech"", ""sports"", ""world""]","[0.9858980798537196, 9.720557845401518e-06, 0.00047933770238294324, 0.013612861886052052]",
d1-omni,ood_agnews_balanced,4264,topic,choice,1,0,"[""business"", ""scitech"", ""sports"", ""world""]","[0.7830758687187565, 0.18922284236679654, 0.0039513655919808125, 0.023749923322466237]",
d1-omni,ood_agnews_balanced,4265,topic,choice,2,2,"[""business"", ""scitech"", ""sports"", ""world""]","[0.005033279104421149, 9.237970878833063e-05, 0.9747867794797193, 0.020087561707071305]",
d1-omni,ood_agnews_balanced,4282,topic,choice,3,3,"[""business"", ""scitech"", ""sports"", ""world""]","[0.001569575994892483, 4.012500463792519e-05, 0.0011840924092287864, 0.9972062065912408]",
d1-omni,ood_agnews_balanced,4287,topic,choice,0,0,"[""business"", ""scitech"", ""sports"", ""world""]","[0.9366135240408154, 0.0003133161397962008, 0.0037126095016776282, 0.059360550317710724]",
d1-omni,ood_agnews_balanced,4295,topic,choice,3,3,"[""business"", ""scitech"", ""sports"", ""world""]","[0.04706322463090629, 0.0003335550206877231, 0.013548614492684949, 0.939054605855721]",
d1-omni,ood_agnews_balanced,4303,topic,choice,3,3,"[""business"", ""scitech"", ""sports"", ""world""]","[0.003641678346487765, 7.303036993414623e-05, 0.0015205245580940223, 0.9947647667254841]",
d1-omni,ood_agnews_balanced,4316,topic,choice,1,0,"[""business"", ""scitech"", ""sports"", ""world""]","[0.6608024684181235, 0.27939381095227117, 0.0006302928510482037, 0.05917342777855709]",
d1-omni,ood_agnews_balanced,4320,topic,choice,1,1,"[""business"", ""scitech"", ""sports"", ""world""]","[0.05990476730432645, 0.8971758183328878, 0.0010360002392148678, 0.04188341412357087]",
d1-omni,ood_agnews_balanced,4322,topic,choice,1,1,"[""business"", ""scitech"", ""sports"", ""world""]","[0.09218346797873175, 0.8503277644417356, 0.007280729494073108, 0.050208038085459525]",
d1-omni,ood_agnews_balanced,4330,topic,choice,2,2,"[""business"", ""scitech"", ""sports"", ""world""]","[0.000739238042345831, 0.00010337891556169204, 0.9948873600168198, 0.004270023025272713]",
d1-omni,ood_agnews_balanced,4335,topic,choice,0,0,"[""business"", ""scitech"", ""sports"", ""world""]","[0.957449700228608, 0.000169053809235483, 0.000488120260672486, 0.04189312570148407]",
d1-omni,ood_agnews_balanced,4345,topic,choice,2,2,"[""business"", ""scitech"", ""sports"", ""world""]","[0.00435407227101643, 0.00012959075690039483, 0.9893105034522687, 0.00620583351981449]",
d1-omni,ood_agnews_balanced,4355,topic,choice,2,2,"[""business"", ""scitech"", ""sports"", ""world""]","[0.0015555904376517238, 0.000391960845572451, 0.9938518340073224, 0.004200614709453523]",
d1-omni,ood_agnews_balanced,4375,topic,choice,3,0,"[""business"", ""scitech"", ""sports"", ""world""]","[0.6664428512121946, 0.004003565997097849, 0.016801049071612898, 0.3127525337190946]",
d1-omni,ood_agnews_balanced,4379,topic,choice,2,2,"[""business"", ""scitech"", ""sports"", ""world""]","[0.005902913486575924, 7.469884689163411e-05, 0.9636063554528639, 0.030416032213668603]",
d1-omni,ood_agnews_balanced,4380,topic,choice,3,3,"[""business"", ""scitech"", ""sports"", ""world""]","[0.00560399310553204, 0.00045228418977829476, 0.0047932945292579535, 0.9891504281754318]",
d1-omni,ood_agnews_balanced,4385,topic,choice,3,3,"[""business"", ""scitech"", ""sports"", ""world""]","[0.004085011898378705, 0.00017450420050212193, 0.00742213123518413, 0.988318352665935]",
d1-omni,ood_agnews_balanced,4386,topic,choice,3,3,"[""business"", ""scitech"", ""sports"", ""world""]","[0.010580736554091773, 0.000138068125035689, 0.0007744886347586039, 0.988506706686114]",
d1-omni,ood_agnews_balanced,4392,topic,choice,0,0,"[""business"", ""scitech"", ""sports"", ""world""]","[0.9933865184437214, 0.00022610240915927815, 0.00045295520234281655, 0.005934423944776507]",
d1-omni,ood_agnews_balanced,4405,topic,choice,2,2,"[""business"", ""scitech"", ""sports"", ""world""]","[0.0035766893636967885, 5.818282384519636e-05, 0.9893580575317541, 0.007007070280703898]",
d1-omni,ood_agnews_balanced,4419,topic,choice,3,3,"[""business"", ""scitech"", ""sports"", ""world""]","[0.0016724753721359814, 6.301432898429802e-05, 0.003124738604691572, 0.9951397716941881]",
d1-omni,ood_agnews_balanced,4421,topic,choice,2,2,"[""business"", ""scitech"", ""sports"", ""world""]","[0.0030032985272949258, 6.548711803407566e-05, 0.993182000022203, 0.0037492143324680213]",
d1-omni,ood_agnews_balanced,4424,topic,choice,2,2,"[""business"", ""scitech"", ""sports"", ""world""]","[0.005559909485735606, 0.0003292048559671116, 0.9786346908990279, 0.015476194759269438]",
d1-omni,ood_agnews_balanced,4427,topic,choice,2,2,"[""business"", ""scitech"", ""sports"", ""world""]","[0.002746429007643218, 0.00030809203722589786, 0.9902985497767448, 0.006646929178386046]",
d1-omni,ood_agnews_balanced,4433,topic,choice,2,2,"[""business"", ""scitech"", ""sports"", ""world""]","[0.002702707125501586, 0.00017817796759565555, 0.9923702234502226, 0.004748891456680174]",
d1-omni,ood_agnews_balanced,4445,topic,choice,2,2,"[""business"", ""scitech"", ""sports"", ""world""]","[0.0038714081972764432, 9.217209803166331e-05, 0.9725960257225775, 0.02344039398211438]",
d1-omni,ood_agnews_balanced,4451,topic,choice,1,0,"[""business"", ""scitech"", ""sports"", ""world""]","[0.9434340685161482, 0.010183180778384865, 0.001728839140855238, 0.044653911564611695]",
d1-omni,ood_agnews_balanced,4452,topic,choice,3,3,"[""business"", ""scitech"", ""sports"", ""world""]","[0.007858452830853596, 0.0008669173601613053, 0.0030345704257216605, 0.9882400593832634]",
d1-omni,ood_agnews_balanced,4455,topic,choice,3,3,"[""business"", ""scitech"", ""sports"", ""world""]","[0.02693774263452033, 0.0006631838250196568, 0.022034751945221843, 0.9503643215952382]",
d1-omni,ood_agnews_balanced,4460,topic,choice,2,2,"[""business"", ""scitech"", ""sports"", ""world""]","[0.026303707280707963, 7.02765916988045e-05, 0.9639561988579005, 0.009669817269692769]",
d1-omni,ood_agnews_balanced,4463,topic,choice,3,3,"[""business"", ""scitech"", ""sports"", ""world""]","[0.0006655288850826881, 4.4928555139009923e-05, 0.0006276507730029846, 0.9986618917867753]",
d1-omni,ood_agnews_balanced,4466,topic,choice,3,3,"[""business"", ""scitech"", ""sports"", ""world""]","[0.012557970852479223, 6.947906270478809e-05, 0.0005282833405594531, 0.9868442667442565]",
d1-omni,ood_agnews_balanced,4496,topic,choice,0,0,"[""business"", ""scitech"", ""sports"", ""world""]","[0.9706333164907578, 0.0007562526180778052, 0.0006361105013506597, 0.0279743203898138]",
d1-omni,ood_agnews_balanced,4511,topic,choice,2,2,"[""business"", ""scitech"", ""sports"", ""world""]","[0.017994569376764864, 0.000619206743980762, 0.9317499276071768, 0.04963629627207764]",
d1-omni,ood_agnews_balanced,4512,topic,choice,3,3,"[""business"", ""scitech"", ""sports"", ""world""]","[0.003333404277603369, 0.0014432244285609772, 0.01067156855491625, 0.9845518027389194]",
d1-omni,ood_agnews_balanced,4516,topic,choice,2,2,"[""business"", ""scitech"", ""sports"", ""world""]","[0.003038633658621689, 8.434525282803792e-05, 0.989563820805113, 0.007313200283437356]",
d1-omni,ood_agnews_balanced,4520,topic,choice,3,3,"[""business"", ""scitech"", ""sports"", ""world""]","[0.3488916762134224, 0.005683424448819736, 0.1319355484116278, 0.51348935092613]",
d1-omni,ood_agnews_balanced,4529,topic,choice,2,2,"[""business"", ""scitech"", ""sports"", ""world""]","[0.01295564141639844, 0.0001743279015942818, 0.9818251055358942, 0.005044925146113061]",
d1-omni,ood_agnews_balanced,4532,topic,choice,2,2,"[""business"", ""scitech"", ""sports"", ""world""]","[0.02468569509978458, 0.00011825471709342103, 0.9599254467754298, 0.015270603407692158]",
d1-omni,ood_agnews_balanced,4534,topic,choice,3,3,"[""business"", ""scitech"", ""sports"", ""world""]","[0.2314528095901402, 0.0012989958478938808, 0.0050415640638442555, 0.7622066304981217]",
d1-omni,ood_agnews_balanced,4547,topic,choice,1,1,"[""business"", ""scitech"", ""sports"", ""world""]","[0.1969141099549933, 0.7741755388928029, 0.00474910875857449, 0.02416124239362937]",
d1-omni,ood_agnews_balanced,4558,topic,choice,3,3,"[""business"", ""scitech"", ""sports"", ""world""]","[0.016126637541917933, 0.00017799602725721976, 0.001972525751133087, 0.9817228406796917]",
d1-omni,ood_agnews_balanced,4576,topic,choice,1,1,"[""business"", ""scitech"", ""sports"", ""world""]","[0.020640211841079184, 0.9578710832940948, 0.0033348391685379224, 0.01815386569628808]",
d1-omni,ood_agnews_balanced,4594,topic,choice,1,1,"[""business"", ""scitech"", ""sports"", ""world""]","[0.00489015863811627, 0.9556969141652258, 0.0008705532870429363, 0.03854237390961495]",
d1-omni,ood_agnews_balanced,4599,topic,choice,0,0,"[""business"", ""scitech"", ""sports"", ""world""]","[0.925060658328997, 0.000861668461923407, 0.0006835288578636692, 0.07339414435121594]",
d1-omni,ood_agnews_balanced,4601,topic,choice,2,2,"[""business"", ""scitech"", ""sports"", ""world""]","[0.001955360356958716, 3.959772483136624e-05, 0.9923749312061773, 0.0056301107120326965]",
d1-omni,ood_agnews_balanced,4609,topic,choice,1,1,"[""business"", ""scitech"", ""sports"", ""world""]","[0.07661211721964885, 0.8579348942532089, 0.002697676239318504, 0.06275531228782377]",
d1-omni,ood_agnews_balanced,4640,topic,choice,2,2,"[""business"", ""scitech"", ""sports"", ""world""]","[0.02204955103395497, 0.0005894161082432846, 0.9378263015851666, 0.0395347312726352]",
d1-omni,ood_agnews_balanced,4644,topic,choice,3,3,"[""business"", ""scitech"", ""sports"", ""world""]","[0.009425799755728999, 0.0001408218151147134, 0.0030916135856342082, 0.9873417648435221]",
d1-omni,ood_agnews_balanced,4645,topic,choice,0,0,"[""business"", ""scitech"", ""sports"", ""world""]","[0.9336582330825235, 0.00020781664277380024, 0.0005706488898797633, 0.06556330138482291]",
d1-omni,ood_agnews_balanced,4647,topic,choice,3,3,"[""business"", ""scitech"", ""sports"", ""world""]","[0.007946800509934552, 0.00031571637649074294, 0.002099622757811065, 0.9896378603557636]",
d1-omni,ood_agnews_balanced,4650,topic,choice,3,0,"[""business"", ""scitech"", ""sports"", ""world""]","[0.7965130058778892, 0.0020090574017404164, 0.00022039876366907282, 0.2012575379567013]",
d1-omni,ood_agnews_balanced,4667,topic,choice,0,0,"[""business"", ""scitech"", ""sports"", ""world""]","[0.89246378453801, 0.0002190270997194583, 0.08250993316841278, 0.02480725519385776]",
d1-omni,ood_agnews_balanced,4679,topic,choice,3,3,"[""business"", ""scitech"", ""sports"", ""world""]","[0.006418508296590145, 0.00015452982480456892, 0.0011426323004230104, 0.9922843295781822]",
d1-omni,ood_agnews_balanced,4681,topic,choice,0,0,"[""business"", ""scitech"", ""sports"", ""world""]","[0.6844573075118354, 0.28064748866996136, 0.0021582092329345444, 0.032736994585268624]",
d1-omni,ood_agnews_balanced,4690,topic,choice,2,2,"[""business"", ""scitech"", ""sports"", ""world""]","[0.0038498485854102245, 9.814417580102627e-05, 0.9903938035819265, 0.005658203656862248]",
d1-omni,ood_agnews_balanced,4692,topic,choice,3,3,"[""business"", ""scitech"", ""sports"", ""world""]","[0.0015800040380480138, 0.00021911393952777657, 0.0027377378265061644, 0.9954631441959181]",
d1-omni,ood_agnews_balanced,4701,topic,choice,1,1,"[""business"", ""scitech"", ""sports"", ""world""]","[0.38343790137820144, 0.5803023571331963, 0.00443775299523235, 0.0318219884933699]",
d1-omni,ood_agnews_balanced,4706,topic,choice,1,1,"[""business"", ""scitech"", ""sports"", ""world""]","[0.1467580052963607, 0.818795503710947, 0.007948720842504354, 0.02649777015018793]",
d1-omni,ood_agnews_balanced,4707,topic,choice,2,2,"[""business"", ""scitech"", ""sports"", ""world""]","[0.029374009179512793, 7.542630238430505e-05, 0.9621904551745502, 0.008360109343552705]",
d1-omni,ood_agnews_balanced,4713,topic,choice,0,0,"[""business"", ""scitech"", ""sports"", ""world""]","[0.9794294993765803, 0.0011373108903904824, 0.00343376613230529, 0.015999423600723886]",
d1-omni,ood_agnews_balanced,4720,topic,choice,3,1,"[""business"", ""scitech"", ""sports"", ""world""]","[0.04575028593719163, 0.9011521700638674, 0.01082994595899745, 0.04226759803994353]",
d1-omni,ood_agnews_balanced,4729,topic,choice,2,2,"[""business"", ""scitech"", ""sports"", ""world""]","[0.0005687952064733578, 7.761099674147268e-06, 0.9978637514966539, 0.0015596921971986848]",
d1-omni,ood_agnews_balanced,4737,topic,choice,1,1,"[""business"", ""scitech"", ""sports"", ""world""]","[0.04458812392875199, 0.6517896262564206, 0.016535128059046673, 0.28708712175578077]",
d1-omni,ood_agnews_balanced,4749,topic,choice,1,1,"[""business"", ""scitech"", ""sports"", ""world""]","[0.17378864300299338, 0.7749409878307173, 0.002642089832579814, 0.04862827933370953]",
d1-omni,ood_agnews_balanced,4750,topic,choice,0,0,"[""business"", ""scitech"", ""sports"", ""world""]","[0.9736303614776207, 7.505586512625458e-05, 0.0003405694334493442, 0.02595401322380363]",
d1-omni,ood_agnews_balanced,4756,topic,choice,0,0,"[""business"", ""scitech"", ""sports"", ""world""]","[0.9300938125894472, 7.031276248575494e-05, 0.00012081825731004131, 0.06971505639075698]",
d1-omni,ood_agnews_balanced,4765,topic,choice,0,0,"[""business"", ""scitech"", ""sports"", ""world""]","[0.8728420459961644, 0.02075201908219769, 0.0006082378901200476, 0.10579769703151788]",
d1-omni,ood_agnews_balanced,4792,topic,choice,1,1,"[""business"", ""scitech"", ""sports"", ""world""]","[0.17092017698093181, 0.7590990604250065, 0.0016723351890251363, 0.0683084274050365]",
d1-omni,ood_agnews_balanced,4805,topic,choice,2,2,"[""business"", ""scitech"", ""sports"", ""world""]","[0.0009193637503420842, 1.0246965085169454e-05, 0.9939096513748988, 0.005160737909673872]",
d1-omni,ood_agnews_balanced,4813,topic,choice,3,3,"[""business"", ""scitech"", ""sports"", ""world""]","[0.011180004055268975, 0.00021864389687589248, 0.0021792123415674968, 0.9864221397062877]",
d1-omni,ood_agnews_balanced,4823,topic,choice,2,2,"[""business"", ""scitech"", ""sports"", ""world""]","[0.033046942648585174, 6.921362457729104e-05, 0.9258301382573998, 0.041053705469437755]",
d1-omni,ood_agnews_balanced,4832,topic,choice,0,0,"[""business"", ""scitech"", ""sports"", ""world""]","[0.9830114780809255, 0.002186880433477384, 0.0015004636860074738, 0.01330117779958965]",
d1-omni,ood_agnews_balanced,4835,topic,choice,0,0,"[""business"", ""scitech"", ""sports"", ""world""]","[0.5562696783561043, 0.360951674385474, 0.004510689308349188, 0.07826795795007253]",
d1-omni,ood_agnews_balanced,4836,topic,choice,0,0,"[""business"", ""scitech"", ""sports"", ""world""]","[0.9905830943459509, 0.0003513676752373089, 0.0003073215293398484, 0.008758216449471935]",
d1-omni,ood_agnews_balanced,4837,topic,choice,0,0,"[""business"", ""scitech"", ""sports"", ""world""]","[0.9100307839178122, 0.005944227810845203, 0.0018056631121889932, 0.08221932515915358]",
d1-omni,ood_agnews_balanced,4844,topic,choice,1,0,"[""business"", ""scitech"", ""sports"", ""world""]","[0.3916525724037715, 0.07176470542655274, 0.2514691575923813, 0.2851135645772945]",
d1-omni,ood_agnews_balanced,4846,topic,choice,3,3,"[""business"", ""scitech"", ""sports"", ""world""]","[0.28441265967074264, 0.2800810708126705, 0.003566626552367158, 0.43193964296421966]",
d1-omni,ood_agnews_balanced,4853,topic,choice,1,1,"[""business"", ""scitech"", ""sports"", ""world""]","[0.2388290106799609, 0.6944143597509826, 0.004301628921046871, 0.06245500064800957]",
d1-omni,ood_agnews_balanced,4868,topic,choice,2,2,"[""business"", ""scitech"", ""sports"", ""world""]","[0.008998435656935417, 0.0008502570894645709, 0.9598281100815498, 0.030323197172050263]",
d1-omni,ood_agnews_balanced,4880,topic,choice,3,3,"[""business"", ""scitech"", ""sports"", ""world""]","[0.20202147509109658, 0.0003668614581183763, 0.00639793029655672, 0.7912137331542284]",
d1-omni,ood_agnews_balanced,4882,topic,choice,2,2,"[""business"", ""scitech"", ""sports"", ""world""]","[0.005476324854092424, 0.00024771050242987434, 0.9815654221440314, 0.012710542499446292]",
d1-omni,ood_agnews_balanced,4885,topic,choice,1,1,"[""business"", ""scitech"", ""sports"", ""world""]","[0.002953983001913066, 0.9646840553446656, 0.0006601549824182236, 0.031701806671003065]",
d1-omni,ood_agnews_balanced,4890,topic,choice,3,3,"[""business"", ""scitech"", ""sports"", ""world""]","[0.0036057369739338984, 0.00020134656447809947, 0.002965955684959399, 0.9932269607766286]",
d1-omni,ood_agnews_balanced,4893,topic,choice,3,3,"[""business"", ""scitech"", ""sports"", ""world""]","[0.016186683508000448, 0.0006403901311623816, 0.016855034156472323, 0.9663178922043648]",
d1-omni,ood_agnews_balanced,4896,topic,choice,2,2,"[""business"", ""scitech"", ""sports"", ""world""]","[0.0020354387421953834, 0.00011557902829695526, 0.9892893242031359, 0.008559658026371835]",
d1-omni,ood_agnews_balanced,4903,topic,choice,2,2,"[""business"", ""scitech"", ""sports"", ""world""]","[0.0320184028400145, 0.00020743358300314967, 0.9503200171179409, 0.017454146459041465]",
d1-omni,ood_agnews_balanced,4915,topic,choice,1,1,"[""business"", ""scitech"", ""sports"", ""world""]","[0.026422653447097738, 0.7934529774616239, 0.0021221175969009087, 0.17800225149437743]",
d1-omni,ood_agnews_balanced,4918,topic,choice,3,3,"[""business"", ""scitech"", ""sports"", ""world""]","[0.10054097861393506, 0.0004870386448813397, 0.02280840433930916, 0.8761635784018744]",
d1-omni,ood_agnews_balanced,4928,topic,choice,1,0,"[""business"", ""scitech"", ""sports"", ""world""]","[0.44180666207113006, 0.22146242258845805, 0.0038953394508316704, 0.33283557588958024]",
d1-omni,ood_agnews_balanced,4938,topic,choice,2,2,"[""business"", ""scitech"", ""sports"", ""world""]","[0.0032724382080628897, 0.00036505609963238296, 0.9787583408106487, 0.017604164881655976]",
d1-omni,ood_agnews_balanced,4944,topic,choice,1,1,"[""business"", ""scitech"", ""sports"", ""world""]","[0.16062237561676465, 0.39091498242191947, 0.26635039249584663, 0.18211224946546925]",
d1-omni,ood_agnews_balanced,4953,topic,choice,2,2,"[""business"", ""scitech"", ""sports"", ""world""]","[0.004019645062926973, 4.480183292586347e-05, 0.9711478401372963, 0.024787712966850884]",
d1-omni,ood_agnews_balanced,4981,topic,choice,0,0,"[""business"", ""scitech"", ""sports"", ""world""]","[0.9671532675657021, 0.004983423203673524, 0.0018924160717731398, 0.025970893158851295]",
d1-omni,ood_agnews_balanced,4983,topic,choice,1,1,"[""business"", ""scitech"", ""sports"", ""world""]","[0.04371615445566663, 0.9469451191948366, 0.000510472972661385, 0.008828253376835406]",
d1-omni,ood_agnews_balanced,4996,topic,choice,2,2,"[""business"", ""scitech"", ""sports"", ""world""]","[0.007551585146798744, 0.000546625370543115, 0.9833577650763731, 0.008544024406285025]",
d1-omni,ood_agnews_balanced,5007,topic,choice,0,0,"[""business"", ""scitech"", ""sports"", ""world""]","[0.9355071094448091, 0.048237364261856305, 0.0010374268647072274, 0.015218099428627355]",
d1-omni,ood_agnews_balanced,5010,topic,choice,3,3,"[""business"", ""scitech"", ""sports"", ""world""]","[0.3263506175663427, 0.00016000346809845955, 0.0002666230042752405, 0.6732227559612836]",
d1-omni,ood_agnews_balanced,5012,topic,choice,3,3,"[""business"", ""scitech"", ""sports"", ""world""]","[0.003996080253273249, 0.00019033066928386688, 0.0030399966053664684, 0.9927735924720764]",
d1-omni,ood_agnews_balanced,5013,topic,choice,1,1,"[""business"", ""scitech"", ""sports"", ""world""]","[0.18052321588376902, 0.5622200939700934, 0.008517612663481326, 0.24873907748265622]",
d1-omni,ood_agnews_balanced,5017,topic,choice,2,2,"[""business"", ""scitech"", ""sports"", ""world""]","[0.006954468657750363, 0.00014829498094881132, 0.9764662261688956, 0.01643101019240524]",
d1-omni,ood_agnews_balanced,5020,topic,choice,0,0,"[""business"", ""scitech"", ""sports"", ""world""]","[0.8876038299099998, 0.0681746163118876, 0.0012617812176120566, 0.04295977256050063]",
d1-omni,ood_agnews_balanced,5021,topic,choice,2,2,"[""business"", ""scitech"", ""sports"", ""world""]","[0.007263627553668309, 4.1934223387780864e-05, 0.9801172234998146, 0.01257721472312934]",
d1-omni,ood_agnews_balanced,5028,topic,choice,0,0,"[""business"", ""scitech"", ""sports"", ""world""]","[0.8970225269352287, 0.000663737126648003, 0.011335598250421242, 0.0909781376877021]",
d1-omni,ood_agnews_balanced,5029,topic,choice,2,2,"[""business"", ""scitech"", ""sports"", ""world""]","[0.0045325688337424196, 6.219208095307742e-05, 0.9862742466709408, 0.0091309924143637]",
d1-omni,ood_agnews_balanced,5042,topic,choice,3,3,"[""business"", ""scitech"", ""sports"", ""world""]","[0.030231322563490932, 0.0003525801375674509, 0.005461248680811119, 0.9639548486181305]",
d1-omni,ood_agnews_balanced,5050,topic,choice,0,0,"[""business"", ""scitech"", ""sports"", ""world""]","[0.9254785773983508, 0.015919039022196307, 0.002489077159555378, 0.05611330641989752]",
d1-omni,ood_agnews_balanced,5052,topic,choice,2,2,"[""business"", ""scitech"", ""sports"", ""world""]","[0.0037684123570998393, 2.6764126119473307e-05, 0.9885654331861654, 0.0076393903306152715]",
d1-omni,ood_agnews_balanced,5053,topic,choice,1,1,"[""business"", ""scitech"", ""sports"", ""world""]","[0.12347995156336707, 0.8382588994600735, 0.0018857838076653606, 0.03637536516889409]",
d1-omni,ood_agnews_balanced,5054,topic,choice,0,0,"[""business"", ""scitech"", ""sports"", ""world""]","[0.9765950271653867, 0.001124565771514569, 0.0008366218900463089, 0.021443785173052392]",
d1-omni,ood_agnews_balanced,5060,topic,choice,1,1,"[""business"", ""scitech"", ""sports"", ""world""]","[0.45975665263247156, 0.5169227497251129, 0.000645415946124298, 0.02267518169629131]",
d1-omni,ood_agnews_balanced,5072,topic,choice,1,1,"[""business"", ""scitech"", ""sports"", ""world""]","[0.12614214776794036, 0.848304653298803, 0.00030941485021152243, 0.025243784083045156]",
d1-omni,ood_agnews_balanced,5077,topic,choice,0,0,"[""business"", ""scitech"", ""sports"", ""world""]","[0.8021771358440646, 0.0002759376587246188, 0.000710603081280432, 0.19683632341593033]",
d1-omni,ood_agnews_balanced,5083,topic,choice,0,0,"[""business"", ""scitech"", ""sports"", ""world""]","[0.9392608023675078, 0.00027328507891458576, 0.0007504203306743282, 0.05971549222290331]",
d1-omni,ood_agnews_balanced,5090,topic,choice,0,0,"[""business"", ""scitech"", ""sports"", ""world""]","[0.9736310635357206, 0.00021075020169845533, 0.0012854203167689728, 0.024872765945811958]",
d1-omni,ood_agnews_balanced,5091,topic,choice,1,0,"[""business"", ""scitech"", ""sports"", ""world""]","[0.8331641509706664, 0.07100279353670622, 0.0046874446168621705, 0.09114561087576521]",
d1-omni,ood_agnews_balanced,5112,topic,choice,3,3,"[""business"", ""scitech"", ""sports"", ""world""]","[0.14949126912277905, 0.0003996104925114837, 0.0013910175889297314, 0.8487181027957797]",
d1-omni,ood_agnews_balanced,5115,topic,choice,1,1,"[""business"", ""scitech"", ""sports"", ""world""]","[0.45570029768659054, 0.4614584638683755, 0.005231947053053693, 0.07760929139198024]",
d1-omni,ood_agnews_balanced,5141,topic,choice,1,1,"[""business"", ""scitech"", ""sports"", ""world""]","[0.39654737629831677, 0.5753910366149585, 0.0047511382707994005, 0.023310448815925262]",
d1-omni,ood_agnews_balanced,5145,topic,choice,1,3,"[""business"", ""scitech"", ""sports"", ""world""]","[0.01366443483979053, 0.010749120204871015, 0.03901632073746985, 0.9365701242178686]",
d1-omni,ood_agnews_balanced,5152,topic,choice,1,3,"[""business"", ""scitech"", ""sports"", ""world""]","[0.03044176541968269, 0.053339785212625834, 0.005892476873992697, 0.9103259724936987]",
d1-omni,ood_agnews_balanced,5154,topic,choice,1,1,"[""business"", ""scitech"", ""sports"", ""world""]","[0.03040709955660554, 0.6196532568490539, 0.1010823204629576, 0.24885732313138292]",
d1-omni,ood_agnews_balanced,5157,topic,choice,2,2,"[""business"", ""scitech"", ""sports"", ""world""]","[0.003269415830082112, 3.0994982956287995e-05, 0.992977206692587, 0.0037223824943745255]",
d1-omni,ood_agnews_balanced,5160,topic,choice,0,0,"[""business"", ""scitech"", ""sports"", ""world""]","[0.8822479059065675, 0.005285216847844433, 0.002426371392042803, 0.11004050585354526]",
d1-omni,ood_agnews_balanced,5163,topic,choice,3,3,"[""business"", ""scitech"", ""sports"", ""world""]","[0.03294546178024352, 0.00025124213584846544, 0.02790556120696164, 0.9388977348769464]",
d1-omni,ood_agnews_balanced,5165,topic,choice,0,0,"[""business"", ""scitech"", ""sports"", ""world""]","[0.9603546476036878, 0.0010605331787173543, 0.00070960799437818, 0.03787521122321665]",
d1-omni,ood_agnews_balanced,5176,topic,choice,0,0,"[""business"", ""scitech"", ""sports"", ""world""]","[0.8896340098618194, 0.030485121419708723, 0.016453934772111718, 0.06342693394636015]",
d1-omni,ood_agnews_balanced,5182,topic,choice,1,1,"[""business"", ""scitech"", ""sports"", ""world""]","[0.2654528987576571, 0.524944915644268, 0.0105015964289627, 0.1991005891691121]",
d1-omni,ood_agnews_balanced,5184,topic,choice,3,0,"[""business"", ""scitech"", ""sports"", ""world""]","[0.5639760846040324, 0.002807349310683326, 0.030423831739734696, 0.4027927343455496]",
d1-omni,ood_agnews_balanced,5196,topic,choice,1,1,"[""business"", ""scitech"", ""sports"", ""world""]","[0.2636046275808921, 0.6867016801375508, 0.00676003669535555, 0.042933655586201484]",
d1-omni,ood_agnews_balanced,5202,topic,choice,2,2,"[""business"", ""scitech"", ""sports"", ""world""]","[0.0038442194396518374, 2.987343901345426e-05, 0.9624027490051078, 0.03372315811622696]",
d1-omni,ood_agnews_balanced,5211,topic,choice,2,2,"[""business"", ""scitech"", ""sports"", ""world""]","[0.0032520248222441487, 8.66889849310748e-05, 0.9946091838311701, 0.0020521023616546586]",
d1-omni,ood_agnews_balanced,5223,topic,choice,0,0,"[""business"", ""scitech"", ""sports"", ""world""]","[0.9463726569683822, 0.003830625783585103, 0.0005760041343419397, 0.049220713113690764]",
d1-omni,ood_agnews_balanced,5236,topic,choice,3,3,"[""business"", ""scitech"", ""sports"", ""world""]","[0.004580876312126924, 0.00014039488413702546, 0.004040316202162971, 0.9912384126015731]",
d1-omni,ood_agnews_balanced,5238,topic,choice,1,1,"[""business"", ""scitech"", ""sports"", ""world""]","[0.11421952928507371, 0.8416276966048263, 0.011726705903499663, 0.032426068206600295]",
d1-omni,ood_agnews_balanced,5244,topic,choice,0,0,"[""business"", ""scitech"", ""sports"", ""world""]","[0.8438413089374549, 0.0016534385402568236, 0.0022790330995370485, 0.15222621942275125]",
d1-omni,ood_agnews_balanced,5254,topic,choice,3,3,"[""business"", ""scitech"", ""sports"", ""world""]","[0.01094402867627371, 0.00010160362260665003, 0.0029321427938711745, 0.9860222249072484]",
d1-omni,ood_agnews_balanced,5262,topic,choice,2,2,"[""business"", ""scitech"", ""sports"", ""world""]","[0.010629182089166238, 0.0012476824156317141, 0.929355949005523, 0.058767186489679046]",
d1-omni,ood_agnews_balanced,5273,topic,choice,0,0,"[""business"", ""scitech"", ""sports"", ""world""]","[0.9727669365048177, 0.001071246807280402, 0.0004917948975868954, 0.025670021790314947]",
d1-omni,ood_agnews_balanced,5274,topic,choice,3,3,"[""business"", ""scitech"", ""sports"", ""world""]","[0.10062959407887145, 0.0001550538377364054, 0.008717463020565688, 0.8904978890628265]",
d1-omni,ood_agnews_balanced,5279,topic,choice,2,2,"[""business"", ""scitech"", ""sports"", ""world""]","[0.0015531402190679428, 0.00012482647335629364, 0.9936718861784196, 0.0046501471291560985]",
d1-omni,ood_agnews_balanced,5283,topic,choice,0,0,"[""business"", ""scitech"", ""sports"", ""world""]","[0.8344485546021394, 0.09845509127945172, 0.0005904766579735018, 0.06650587746043538]",
d1-omni,ood_agnews_balanced,5290,topic,choice,2,2,"[""business"", ""scitech"", ""sports"", ""world""]","[0.002100049518323801, 0.0001567514700787544, 0.9953787328116365, 0.002364466199961028]",
d1-omni,ood_agnews_balanced,5303,topic,choice,0,0,"[""business"", ""scitech"", ""sports"", ""world""]","[0.9531094099284911, 0.00017969254359337036, 0.0006449949353307914, 0.04606590259258469]",
d1-omni,ood_agnews_balanced,5307,topic,choice,1,0,"[""business"", ""scitech"", ""sports"", ""world""]","[0.45669710207900605, 0.34596370603686416, 0.05921903956042824, 0.13812015232370156]",
d1-omni,ood_agnews_balanced,5310,topic,choice,3,3,"[""business"", ""scitech"", ""sports"", ""world""]","[0.013305468575383644, 0.0004452521107554688, 0.004291667331789801, 0.9819576119820711]",
d1-omni,ood_agnews_balanced,5312,topic,choice,1,0,"[""business"", ""scitech"", ""sports"", ""world""]","[0.793153598476996, 0.1721356989562361, 0.0004483390739510243, 0.03426236349281686]",
d1-omni,ood_agnews_balanced,5313,topic,choice,0,0,"[""business"", ""scitech"", ""sports"", ""world""]","[0.9623770834209237, 3.3400083756943376e-05, 0.0004400420057692989, 0.037149474489550055]",
d1-omni,ood_agnews_balanced,5316,topic,choice,0,0,"[""business"", ""scitech"", ""sports"", ""world""]","[0.9094492108079559, 0.0255096833565313, 0.00053980278907665, 0.06450130304643616]",
d1-omni,ood_agnews_balanced,5318,topic,choice,1,1,"[""business"", ""scitech"", ""sports"", ""world""]","[0.0018657676348629777, 0.9805158956275491, 0.00034779676080143605, 0.017270539976786434]",
d1-omni,ood_agnews_balanced,5344,topic,choice,0,0,"[""business"", ""scitech"", ""sports"", ""world""]","[0.8442674135224456, 0.07587475200234317, 0.000862265282040245, 0.078995569193171]",
d1-omni,ood_agnews_balanced,5347,topic,choice,1,1,"[""business"", ""scitech"", ""sports"", ""world""]","[0.004278164198818019, 0.9572586063377551, 0.0007232871454158252, 0.03773994231801111]",
d1-omni,ood_agnews_balanced,5362,topic,choice,2,2,"[""business"", ""scitech"", ""sports"", ""world""]","[0.0033276015385022297, 0.0001779499095441375, 0.9938694782460405, 0.002624970305913133]",
d1-omni,ood_agnews_balanced,5363,topic,choice,0,0,"[""business"", ""scitech"", ""sports"", ""world""]","[0.744862511496617, 0.23791983777640435, 0.0005860429019826412, 0.016631607824996036]",
d1-omni,ood_agnews_balanced,5365,topic,choice,0,0,"[""business"", ""scitech"", ""sports"", ""world""]","[0.8582188925532178, 0.00015978366079799064, 0.0029588592353474055, 0.13866246455063683]",
d1-omni,ood_agnews_balanced,5381,topic,choice,0,0,"[""business"", ""scitech"", ""sports"", ""world""]","[0.8074142488528642, 0.0001984308364558758, 0.0003887448187708956, 0.1919985754919091]",
d1-omni,ood_agnews_balanced,5390,topic,choice,1,1,"[""business"", ""scitech"", ""sports"", ""world""]","[0.05251874302931574, 0.9268345719081179, 0.0015339555318558266, 0.019112729530710505]",
d1-omni,ood_agnews_balanced,5391,topic,choice,1,1,"[""business"", ""scitech"", ""sports"", ""world""]","[0.17775741942764936, 0.7893272959475743, 0.0006014149065821559, 0.03231386971819418]",
d1-omni,ood_agnews_balanced,5401,topic,choice,2,2,"[""business"", ""scitech"", ""sports"", ""world""]","[0.003551885212280553, 9.859190047308776e-05, 0.9838686570920938, 0.012480865795152512]",
d1-omni,ood_agnews_balanced,5404,topic,choice,0,0,"[""business"", ""scitech"", ""sports"", ""world""]","[0.9665773147952658, 0.0001496887016115096, 0.00048459238027818465, 0.032788404122844596]",
d1-omni,ood_agnews_balanced,5408,topic,choice,1,1,"[""business"", ""scitech"", ""sports"", ""world""]","[0.215387025380511, 0.7581631328099877, 0.0007940178397396454, 0.025655823969761668]",
d1-omni,ood_agnews_balanced,5412,topic,choice,3,3,"[""business"", ""scitech"", ""sports"", ""world""]","[0.009895378498001877, 0.0003011659351717838, 0.005423497795347637, 0.9843799577714787]",
d1-omni,ood_agnews_balanced,5420,topic,choice,3,3,"[""business"", ""scitech"", ""sports"", ""world""]","[0.3325309128337751, 0.0005584763081411687, 0.018737880349468786, 0.6481727305086149]",
d1-omni,ood_agnews_balanced,5421,topic,choice,1,0,"[""business"", ""scitech"", ""sports"", ""world""]","[0.7001215681306873, 0.033711794972679544, 0.15425476312960174, 0.11191187376703149]",
d1-omni,ood_agnews_balanced,5426,topic,choice,0,0,"[""business"", ""scitech"", ""sports"", ""world""]","[0.9767332946476442, 0.00015510824811505557, 0.0020208518750247637, 0.02109074522921595]",
d1-omni,ood_agnews_balanced,5429,topic,choice,3,3,"[""business"", ""scitech"", ""sports"", ""world""]","[0.0029865221248831777, 0.000509160215804756, 0.0005676967493413733, 0.9959366209099707]",
d1-omni,ood_agnews_balanced,5440,topic,choice,3,3,"[""business"", ""scitech"", ""sports"", ""world""]","[0.015869758870079385, 0.00017153318747693987, 0.009752210135546698, 0.9742064978068969]",
d1-omni,ood_agnews_balanced,5451,topic,choice,3,3,"[""business"", ""scitech"", ""sports"", ""world""]","[0.019327884975911317, 0.00024220886371656872, 0.009893294646966484, 0.9705366115134056]",
d1-omni,ood_agnews_balanced,5463,topic,choice,3,3,"[""business"", ""scitech"", ""sports"", ""world""]","[0.01725445987525976, 0.001040344777027471, 0.0021016615428308457, 0.979603533804882]",
d1-omni,ood_agnews_balanced,5481,topic,choice,0,0,"[""business"", ""scitech"", ""sports"", ""world""]","[0.9669273685909255, 6.357830841382198e-05, 0.0005926342681230967, 0.032416418832537576]",
d1-omni,ood_agnews_balanced,5489,topic,choice,0,0,"[""business"", ""scitech"", ""sports"", ""world""]","[0.9351728776260598, 0.0001365825740805124, 0.0009392512332846115, 0.063751288566575]",
d1-omni,ood_agnews_balanced,5497,topic,choice,3,3,"[""business"", ""scitech"", ""sports"", ""world""]","[0.14902366600635866, 0.0014068847430421102, 0.10917778241984129, 0.740391666830758]",
d1-omni,ood_agnews_balanced,5520,topic,choice,3,3,"[""business"", ""scitech"", ""sports"", ""world""]","[0.016233517638472788, 0.0001513430106663535, 0.0077171245579411045, 0.9758980147929197]",
d1-omni,ood_agnews_balanced,5523,topic,choice,0,0,"[""business"", ""scitech"", ""sports"", ""world""]","[0.9510364708662893, 0.0006044272940591952, 0.004660325503276782, 0.04369877633637475]",
d1-omni,ood_agnews_balanced,5524,topic,choice,0,0,"[""business"", ""scitech"", ""sports"", ""world""]","[0.9342828124333342, 0.001209612784584244, 0.009313492767928085, 0.05519408201415345]",
d1-omni,ood_agnews_balanced,5538,topic,choice,2,2,"[""business"", ""scitech"", ""sports"", ""world""]","[0.0009370810686482549, 0.00010930864054929369, 0.997634660070491, 0.0013189502203115188]",
d1-omni,ood_agnews_balanced,5539,topic,choice,3,3,"[""business"", ""scitech"", ""sports"", ""world""]","[0.022368474997632507, 0.00020680006846009394, 0.0018383453643457644, 0.9755863795695616]",
d1-omni,ood_agnews_balanced,5546,topic,choice,1,1,"[""business"", ""scitech"", ""sports"", ""world""]","[0.467259506411699, 0.4838448876620518, 0.0005365579147152412, 0.04835904801153393]",
d1-omni,ood_agnews_balanced,5548,topic,choice,0,0,"[""business"", ""scitech"", ""sports"", ""world""]","[0.9653878032719536, 0.0004280756031770656, 0.001195308962993815, 0.03298881216187548]",
d1-omni,ood_agnews_balanced,5554,topic,choice,0,0,"[""business"", ""scitech"", ""sports"", ""world""]","[0.9821657827120345, 0.0002279580288519387, 0.000899671021286274, 0.016706588237827356]",
d1-omni,ood_agnews_balanced,5556,topic,choice,1,1,"[""business"", ""scitech"", ""sports"", ""world""]","[0.08094035454339314, 0.9038782887785987, 0.0017056002179909396, 0.01347575646001731]",
d1-omni,ood_agnews_balanced,5558,topic,choice,1,0,"[""business"", ""scitech"", ""sports"", ""world""]","[0.7812074299151764, 0.18204641053938403, 0.005817850028254604, 0.03092830951718496]",
d1-omni,ood_agnews_balanced,5561,topic,choice,3,3,"[""business"", ""scitech"", ""sports"", ""world""]","[0.024518903867220436, 0.0010636010200994772, 0.001832690361815311, 0.9725848047508647]",
d1-omni,ood_agnews_balanced,5567,topic,choice,1,1,"[""business"", ""scitech"", ""sports"", ""world""]","[0.17348555251105396, 0.4006983413902107, 0.030669460221968953, 0.3951466458767664]",
d1-omni,ood_agnews_balanced,5568,topic,choice,3,3,"[""business"", ""scitech"", ""sports"", ""world""]","[0.008389670100137667, 0.00010735923911438033, 0.0020443260865936497, 0.9894586445741543]",
d1-omni,ood_agnews_balanced,5572,topic,choice,2,2,"[""business"", ""scitech"", ""sports"", ""world""]","[0.005027012454182913, 2.5366077833716696e-05, 0.9879408199582144, 0.0070068015097690525]",
d1-omni,ood_agnews_balanced,5581,topic,choice,1,1,"[""business"", ""scitech"", ""sports"", ""world""]","[0.31923503285385424, 0.34146514971068875, 0.1012241019886656, 0.2380757154467914]",
d1-omni,ood_agnews_balanced,5598,topic,choice,1,1,"[""business"", ""scitech"", ""sports"", ""world""]","[0.04202996241334784, 0.9175931317835279, 0.017548933821345872, 0.02282797198177843]",
d1-omni,ood_agnews_balanced,5601,topic,choice,0,0,"[""business"", ""scitech"", ""sports"", ""world""]","[0.7183672069286837, 0.2458635676414294, 0.004279518428229418, 0.03148970700165748]",
d1-omni,ood_agnews_balanced,5609,topic,choice,1,0,"[""business"", ""scitech"", ""sports"", ""world""]","[0.5921713665287351, 0.1885552283893552, 0.05475688118086021, 0.1645165239010494]",
d1-omni,ood_agnews_balanced,5612,topic,choice,3,3,"[""business"", ""scitech"", ""sports"", ""world""]","[0.005294550864194999, 7.184105548908993e-05, 0.003704354438586219, 0.9909292536417297]",
d1-omni,ood_agnews_balanced,5623,topic,choice,0,0,"[""business"", ""scitech"", ""sports"", ""world""]","[0.9424872226946237, 0.00262846087771635, 0.0014588194392345757, 0.05342549698842542]",
d1-omni,ood_agnews_balanced,5628,topic,choice,0,0,"[""business"", ""scitech"", ""sports"", ""world""]","[0.9139273696971564, 0.0019094632952839404, 0.00551332400305109, 0.0786498430045086]",
d1-omni,ood_agnews_balanced,5633,topic,choice,3,3,"[""business"", ""scitech"", ""sports"", ""world""]","[0.0013225289822206346, 0.00019501944705655752, 0.0009278993374236872, 0.9975545522332991]",
d1-omni,ood_agnews_balanced,5634,topic,choice,1,2,"[""business"", ""scitech"", ""sports"", ""world""]","[0.04258301313303726, 0.00043256433600843974, 0.8971737268624734, 0.05981069566848092]",
d1-omni,ood_agnews_balanced,5642,topic,choice,3,3,"[""business"", ""scitech"", ""sports"", ""world""]","[0.1169233803702085, 0.0012423861766177379, 0.01515925258195043, 0.8666749808712233]",
d1-omni,ood_agnews_balanced,5645,topic,choice,2,2,"[""business"", ""scitech"", ""sports"", ""world""]","[0.008323630450671492, 0.000263789672471043, 0.9803019417433679, 0.011110638133489587]",
d1-omni,ood_agnews_balanced,5658,topic,choice,2,2,"[""business"", ""scitech"", ""sports"", ""world""]","[0.0042767910849672575, 0.0005477627226460677, 0.9881573234307997, 0.007018122761587021]",
d1-omni,ood_agnews_balanced,5660,topic,choice,3,3,"[""business"", ""scitech"", ""sports"", ""world""]","[0.05275370330455522, 0.0043719910395757546, 0.054095295863139, 0.8887790097927301]",
d1-omni,ood_agnews_balanced,5661,topic,choice,2,2,"[""business"", ""scitech"", ""sports"", ""world""]","[0.007857937558904182, 0.00022118223385153096, 0.9826760533577159, 0.009244826849528364]",
d1-omni,ood_agnews_balanced,5671,topic,choice,2,2,"[""business"", ""scitech"", ""sports"", ""world""]","[0.0016524853474761078, 0.00010188451450372772, 0.9915111695224754, 0.006734460615544731]",
d1-omni,ood_agnews_balanced,5691,topic,choice,1,1,"[""business"", ""scitech"", ""sports"", ""world""]","[0.4267617964789752, 0.5493608378035973, 0.0005239965643024303, 0.02335336915312505]",
d1-omni,ood_agnews_balanced,5696,topic,choice,2,2,"[""business"", ""scitech"", ""sports"", ""world""]","[0.02573560793574128, 1.3305272042249237e-05, 0.9654793951283019, 0.008771691663914557]",
d1-omni,ood_agnews_balanced,5700,topic,choice,3,3,"[""business"", ""scitech"", ""sports"", ""world""]","[0.02208883905168941, 0.00021866421173369785, 0.011610267847070917, 0.966082228889506]",
d1-omni,ood_agnews_balanced,5702,topic,choice,2,2,"[""business"", ""scitech"", ""sports"", ""world""]","[0.09160698061262462, 0.001422763663335576, 0.8232633342104324, 0.08370692151360745]",
d1-omni,ood_agnews_balanced,5707,topic,choice,2,2,"[""business"", ""scitech"", ""sports"", ""world""]","[0.0059671118274958745, 0.00026358402256283363, 0.9795376716026399, 0.014231632547301408]",
d1-omni,ood_agnews_balanced,5719,topic,choice,1,1,"[""business"", ""scitech"", ""sports"", ""world""]","[0.054264826942984394, 0.9008246436087818, 0.0013982288412010787, 0.043512300607032775]",
d1-omni,ood_agnews_balanced,5721,topic,choice,2,2,"[""business"", ""scitech"", ""sports"", ""world""]","[0.0014395150839661838, 8.813676269619793e-05, 0.9944303161696461, 0.0040420319836915455]",
d1-omni,ood_agnews_balanced,5722,topic,choice,3,3,"[""business"", ""scitech"", ""sports"", ""world""]","[0.0163505345712882, 0.0001554407426044666, 0.011471684622647986, 0.9720223400634593]",
d1-omni,ood_agnews_balanced,5732,topic,choice,3,3,"[""business"", ""scitech"", ""sports"", ""world""]","[0.14600589280448822, 0.003447191536375825, 0.001276579182049072, 0.8492703364770868]",
d1-omni,ood_agnews_balanced,5733,topic,choice,1,0,"[""business"", ""scitech"", ""sports"", ""world""]","[0.7470849061292719, 0.07366034882473305, 0.04887562572867149, 0.13037911931732352]",
d1-omni,ood_agnews_balanced,5734,topic,choice,2,2,"[""business"", ""scitech"", ""sports"", ""world""]","[0.11297617707368181, 0.005243868845422309, 0.8524466013437662, 0.029333352737129764]",
d1-omni,ood_agnews_balanced,5738,topic,choice,1,0,"[""business"", ""scitech"", ""sports"", ""world""]","[0.5066725180796703, 0.045150411855675664, 0.008099661472708127, 0.44007740859194594]",
d1-omni,ood_agnews_balanced,5741,topic,choice,0,0,"[""business"", ""scitech"", ""sports"", ""world""]","[0.6582802860781642, 0.0023997953576585197, 0.0007188796586489538, 0.33860103890552823]",
d1-omni,ood_agnews_balanced,5742,topic,choice,1,0,"[""business"", ""scitech"", ""sports"", ""world""]","[0.5035133131452915, 0.41823766702234244, 0.0018202821124146146, 0.07642873771995144]",
d1-omni,ood_agnews_balanced,5745,topic,choice,2,2,"[""business"", ""scitech"", ""sports"", ""world""]","[0.1254890853575681, 0.0003479018326359487, 0.7175613609995539, 0.156601651810242]",
d1-omni,ood_agnews_balanced,5750,topic,choice,0,0,"[""business"", ""scitech"", ""sports"", ""world""]","[0.9940487864508061, 0.00010358041638719409, 0.0003555611149230849, 0.005492072017883642]",
d1-omni,ood_agnews_balanced,5751,topic,choice,0,0,"[""business"", ""scitech"", ""sports"", ""world""]","[0.9170749521799844, 8.764101856922721e-05, 0.00037087924452751256, 0.08246652755691894]",
d1-omni,ood_agnews_balanced,5755,topic,choice,0,0,"[""business"", ""scitech"", ""sports"", ""world""]","[0.9132453371326849, 0.0003532041280804363, 0.0005597325245276628, 0.08584172621470704]",
d1-omni,ood_agnews_balanced,5767,topic,choice,1,0,"[""business"", ""scitech"", ""sports"", ""world""]","[0.5271174171726719, 0.4234258718158702, 0.002944987654749166, 0.04651172335670878]",
d1-omni,ood_agnews_balanced,5779,topic,choice,1,0,"[""business"", ""scitech"", ""sports"", ""world""]","[0.41677999371439267, 0.34983516113198093, 0.06594453260715807, 0.16744031254646832]",
d1-omni,ood_agnews_balanced,5799,topic,choice,3,3,"[""business"", ""scitech"", ""sports"", ""world""]","[0.07951416340792358, 0.0012348412257097946, 0.04451760008696969, 0.874733395279397]",
d1-omni,ood_agnews_balanced,5804,topic,choice,0,0,"[""business"", ""scitech"", ""sports"", ""world""]","[0.9421810150203516, 0.0007069457519724598, 0.002537536804187461, 0.05457450242348856]",
d1-omni,ood_agnews_balanced,5814,topic,choice,0,0,"[""business"", ""scitech"", ""sports"", ""world""]","[0.93858967834824, 0.0013176116433438068, 0.0008915150407316518, 0.0592011949676845]",
d1-omni,ood_agnews_balanced,5815,topic,choice,3,3,"[""business"", ""scitech"", ""sports"", ""world""]","[0.024289316705187657, 0.010255448214547389, 0.39367862362627315, 0.5717766114539918]",
d1-omni,ood_agnews_balanced,5826,topic,choice,1,1,"[""business"", ""scitech"", ""sports"", ""world""]","[0.09900307937068423, 0.874577838976368, 0.001122873456753426, 0.025296208196194412]",
d1-omni,ood_agnews_balanced,5834,topic,choice,0,0,"[""business"", ""scitech"", ""sports"", ""world""]","[0.9836151349651361, 0.0012949842949264284, 0.0007390654905696606, 0.014350815249367873]",
d1-omni,ood_agnews_balanced,5841,topic,choice,2,2,"[""business"", ""scitech"", ""sports"", ""world""]","[0.30216921213369363, 3.9581432434973734e-05, 0.6806090662778315, 0.01718214015603999]",
d1-omni,ood_agnews_balanced,5854,topic,choice,1,1,"[""business"", ""scitech"", ""sports"", ""world""]","[0.031412285503278396, 0.9146149953100478, 0.00030681183063662685, 0.05366590735603726]",
d1-omni,ood_agnews_balanced,5855,topic,choice,3,3,"[""business"", ""scitech"", ""sports"", ""world""]","[0.13840944920407514, 0.0004096559380685654, 0.006765904300003323, 0.854414990557853]",
d1-omni,ood_agnews_balanced,5861,topic,choice,1,1,"[""business"", ""scitech"", ""sports"", ""world""]","[0.02717747562584472, 0.961501195662929, 0.00023205226505007817, 0.011089276446176168]",
d1-omni,ood_agnews_balanced,5877,topic,choice,2,2,"[""business"", ""scitech"", ""sports"", ""world""]","[0.01853259207616985, 0.0003197790230897336, 0.9747892831796794, 0.00635834572106105]",
d1-omni,ood_agnews_balanced,5884,topic,choice,3,0,"[""business"", ""scitech"", ""sports"", ""world""]","[0.5513612651090377, 0.005111664089376562, 0.019374009302987757, 0.424153061498598]",
d1-omni,ood_agnews_balanced,5886,topic,choice,3,0,"[""business"", ""scitech"", ""sports"", ""world""]","[0.955348543781742, 0.0012231574194344725, 0.0002132387266259525, 0.04321506007219756]",
d1-omni,ood_agnews_balanced,5890,topic,choice,1,3,"[""business"", ""scitech"", ""sports"", ""world""]","[0.028532105326575814, 0.2883733697538312, 0.0010542175325099121, 0.6820403073870831]",
d1-omni,ood_agnews_balanced,5891,topic,choice,3,3,"[""business"", ""scitech"", ""sports"", ""world""]","[0.45184568812087905, 0.0014158287474577763, 0.08015816878961957, 0.4665803143420436]",
d1-omni,ood_agnews_balanced,5894,topic,choice,3,3,"[""business"", ""scitech"", ""sports"", ""world""]","[0.008603081398296393, 8.831058291869462e-05, 0.0018438026101170596, 0.9894648054086679]",
d1-omni,ood_agnews_balanced,5904,topic,choice,2,2,"[""business"", ""scitech"", ""sports"", ""world""]","[0.0033986871380029815, 0.0006135398334186768, 0.9926918221800105, 0.0032959508485678702]",
d1-omni,ood_agnews_balanced,5906,topic,choice,1,1,"[""business"", ""scitech"", ""sports"", ""world""]","[0.1745236348092209, 0.7869531427059971, 0.0010803524520629111, 0.037442870032719]",
d1-omni,ood_agnews_balanced,5908,topic,choice,2,2,"[""business"", ""scitech"", ""sports"", ""world""]","[0.006488110668019522, 0.00010883332002861736, 0.9850160283629119, 0.008387027649039923]",
d1-omni,ood_agnews_balanced,5909,topic,choice,3,3,"[""business"", ""scitech"", ""sports"", ""world""]","[0.008350092253143454, 0.00023048877104093715, 0.0024978553751022112, 0.9889215636007134]",
d1-omni,ood_agnews_balanced,5918,topic,choice,1,1,"[""business"", ""scitech"", ""sports"", ""world""]","[0.06090337494232206, 0.9225303657421124, 0.0030502074351446327, 0.013516051880420899]",
d1-omni,ood_agnews_balanced,5921,topic,choice,0,0,"[""business"", ""scitech"", ""sports"", ""world""]","[0.9779266631586654, 9.745106861875608e-05, 0.0011483112950593265, 0.020827574477656565]",
d1-omni,ood_agnews_balanced,5924,topic,choice,1,1,"[""business"", ""scitech"", ""sports"", ""world""]","[0.1603067059415982, 0.8247189295511037, 0.0006292583375517552, 0.014345106169746323]",
d1-omni,ood_agnews_balanced,5940,topic,choice,0,0,"[""business"", ""scitech"", ""sports"", ""world""]","[0.9906332841650131, 4.168047381763356e-05, 0.0003436283562258863, 0.00898140700494346]",
d1-omni,ood_agnews_balanced,5944,topic,choice,1,0,"[""business"", ""scitech"", ""sports"", ""world""]","[0.6998198685047078, 0.2648259124724894, 0.000839128456814148, 0.03451509056598866]",
d1-omni,ood_agnews_balanced,5947,topic,choice,1,0,"[""business"", ""scitech"", ""sports"", ""world""]","[0.8716365950100711, 0.04383702777218524, 0.02032250645240278, 0.06420387076534091]",
d1-omni,ood_agnews_balanced,5961,topic,choice,3,3,"[""business"", ""scitech"", ""sports"", ""world""]","[0.007469420092780933, 7.41486216348856e-05, 0.0019956442542583062, 0.9904607870313259]",
d1-omni,ood_agnews_balanced,5973,topic,choice,3,0,"[""business"", ""scitech"", ""sports"", ""world""]","[0.4870601921047399, 0.0672162145744706, 0.1462088027289452, 0.29951479059184427]",
d1-omni,ood_agnews_balanced,5975,topic,choice,2,2,"[""business"", ""scitech"", ""sports"", ""world""]","[0.05368672696210253, 0.0003781169690319915, 0.83157426500755, 0.11436089106131538]",
d1-omni,ood_agnews_balanced,5976,topic,choice,2,2,"[""business"", ""scitech"", ""sports"", ""world""]","[0.004746371241530115, 6.622522459117156e-05, 0.9008126218278409, 0.09437478170603772]",
d1-omni,ood_agnews_balanced,5986,topic,choice,0,0,"[""business"", ""scitech"", ""sports"", ""world""]","[0.9635479427651267, 0.00017939387138347354, 0.0009000262340864832, 0.03537263712940338]",
d1-omni,ood_agnews_balanced,5989,topic,choice,3,3,"[""business"", ""scitech"", ""sports"", ""world""]","[0.002117733083748118, 0.00025050023023492896, 0.002239278354278334, 0.9953924883317387]",
d1-omni,ood_agnews_balanced,5993,topic,choice,3,3,"[""business"", ""scitech"", ""sports"", ""world""]","[0.01091507341731014, 0.00023767201895390927, 0.0026857975969819766, 0.986161456966754]",
d1-omni,ood_agnews_balanced,6018,topic,choice,1,0,"[""business"", ""scitech"", ""sports"", ""world""]","[0.6790243445736642, 0.26524321125291944, 0.0068544525814908846, 0.04887799159192547]",
d1-omni,ood_agnews_balanced,6021,topic,choice,0,0,"[""business"", ""scitech"", ""sports"", ""world""]","[0.8952546213489161, 0.019657740575400724, 0.000613498275076836, 0.08447413980060636]",
d1-omni,ood_agnews_balanced,6027,topic,choice,0,0,"[""business"", ""scitech"", ""sports"", ""world""]","[0.9461297521330323, 0.0008207645909378108, 0.0025767717634048765, 0.05047271151262498]",
d1-omni,ood_agnews_balanced,6030,topic,choice,1,0,"[""business"", ""scitech"", ""sports"", ""world""]","[0.8621584086685609, 0.11613165465511278, 0.000602471868714496, 0.02110746480761191]",
d1-omni,ood_agnews_balanced,6037,topic,choice,0,0,"[""business"", ""scitech"", ""sports"", ""world""]","[0.636212711306011, 0.11397287334481532, 0.06697992285326065, 0.182834492495913]",
d1-omni,ood_agnews_balanced,6047,topic,choice,3,3,"[""business"", ""scitech"", ""sports"", ""world""]","[0.0038374441370135817, 6.63767967818261e-05, 0.0005950150907964621, 0.9955011639754081]",
d1-omni,ood_agnews_balanced,6057,topic,choice,2,2,"[""business"", ""scitech"", ""sports"", ""world""]","[0.0005578438337278249, 2.6943028719694743e-05, 0.9677883889810079, 0.0316268241565445]",
d1-omni,ood_agnews_balanced,6061,topic,choice,3,3,"[""business"", ""scitech"", ""sports"", ""world""]","[0.03653394809359164, 0.0021783357987292928, 0.003732599324110941, 0.9575551167835681]",
d1-omni,ood_agnews_balanced,6064,topic,choice,0,0,"[""business"", ""scitech"", ""sports"", ""world""]","[0.7753789855078924, 0.00044259331988560474, 0.19026064465749154, 0.033917776514730484]",
d1-omni,ood_agnews_balanced,6065,topic,choice,3,3,"[""business"", ""scitech"", ""sports"", ""world""]","[0.016211796293382524, 0.0009505791670841461, 0.0027910102644972032, 0.9800466142750361]",
d1-omni,ood_agnews_balanced,6067,topic,choice,0,0,"[""business"", ""scitech"", ""sports"", ""world""]","[0.7433369506305461, 0.00035789360371851, 0.000650263078576148, 0.25565489268715924]",
d1-omni,ood_agnews_balanced,6074,topic,choice,0,0,"[""business"", ""scitech"", ""sports"", ""world""]","[0.8094879387102467, 6.363317983139436e-05, 0.00062369891597879, 0.18982472919394308]",
d1-omni,ood_agnews_balanced,6081,topic,choice,1,1,"[""business"", ""scitech"", ""sports"", ""world""]","[0.36583003401756287, 0.5374337434768677, 0.050121892243623734, 0.046614330261945724]",
d1-omni,ood_agnews_balanced,6084,topic,choice,0,1,"[""business"", ""scitech"", ""sports"", ""world""]","[0.21398978174466396, 0.7495756233063596, 0.01205817250972434, 0.02437642243925209]",
d1-omni,ood_agnews_balanced,6088,topic,choice,1,0,"[""business"", ""scitech"", ""sports"", ""world""]","[0.9821325131794003, 0.00790856931971927, 0.0006998466851428162, 0.009259070815737614]",
d1-omni,ood_agnews_balanced,6105,topic,choice,0,0,"[""business"", ""scitech"", ""sports"", ""world""]","[0.8928461123161652, 0.0769966323371445, 0.0009285697647345362, 0.02922868558195581]",
d1-omni,ood_agnews_balanced,6107,topic,choice,3,3,"[""business"", ""scitech"", ""sports"", ""world""]","[0.0016418804725169258, 6.916637292467966e-05, 0.0006932351323498064, 0.9975957180222086]",
d1-omni,ood_agnews_balanced,6112,topic,choice,1,1,"[""business"", ""scitech"", ""sports"", ""world""]","[0.3066213451819222, 0.6351765441535155, 0.008937001294918367, 0.049265109369643845]",
d1-omni,ood_agnews_balanced,6126,topic,choice,1,1,"[""business"", ""scitech"", ""sports"", ""world""]","[0.323709079086213, 0.6141491095716194, 0.0012921208152713885, 0.060849690526896275]",
d1-omni,ood_agnews_balanced,6127,topic,choice,2,2,"[""business"", ""scitech"", ""sports"", ""world""]","[0.0039994837763945934, 0.00021901351309438336, 0.9922342312254944, 0.003547271485016627]",
d1-omni,ood_agnews_balanced,6143,topic,choice,3,3,"[""business"", ""scitech"", ""sports"", ""world""]","[0.00227989322458978, 0.00010442956236167211, 0.0009953962707111269, 0.9966202809423375]",
d1-omni,ood_agnews_balanced,6144,topic,choice,1,1,"[""business"", ""scitech"", ""sports"", ""world""]","[0.1310574590651123, 0.6102284925482085, 0.008502535712030582, 0.2502115126746486]",
d1-omni,ood_agnews_balanced,6148,topic,choice,2,2,"[""business"", ""scitech"", ""sports"", ""world""]","[0.003592042849283135, 0.00031654005280165484, 0.9894547823864778, 0.00663663471143741]",
d1-omni,ood_agnews_balanced,6151,topic,choice,2,2,"[""business"", ""scitech"", ""sports"", ""world""]","[0.0010253103253812389, 5.178201179887202e-05, 0.9762832626385466, 0.022639645024273354]",
d1-omni,ood_agnews_balanced,6153,topic,choice,2,2,"[""business"", ""scitech"", ""sports"", ""world""]","[0.0034790863355881945, 0.000858467306878, 0.9909728786253268, 0.004689567732207037]",
d1-omni,ood_agnews_balanced,6155,topic,choice,2,2,"[""business"", ""scitech"", ""sports"", ""world""]","[0.02821398821146617, 0.00013438098737477395, 0.925247999851197, 0.046403630949962034]",
d1-omni,ood_agnews_balanced,6160,topic,choice,3,3,"[""business"", ""scitech"", ""sports"", ""world""]","[0.0043813154800139515, 0.00011200496327819477, 0.0027801837248621138, 0.9927264958318457]",
d1-omni,ood_agnews_balanced,6188,topic,choice,2,2,"[""business"", ""scitech"", ""sports"", ""world""]","[0.0027672864210072858, 0.00023781229073554242, 0.9908824056001263, 0.006112495688130846]",
d1-omni,ood_agnews_balanced,6191,topic,choice,3,3,"[""business"", ""scitech"", ""sports"", ""world""]","[0.010999897593232642, 0.000520275691705833, 0.0056857355289893505, 0.9827940911860722]",
d1-omni,ood_agnews_balanced,6199,topic,choice,2,2,"[""business"", ""scitech"", ""sports"", ""world""]","[0.0005764913821027118, 7.250871955707522e-05, 0.9973526534924227, 0.001998346405917494]",
d1-omni,ood_agnews_balanced,6209,topic,choice,2,2,"[""business"", ""scitech"", ""sports"", ""world""]","[0.00334578453558261, 0.00030360534991070315, 0.9868305940605158, 0.009520016053990919]",
d1-omni,ood_agnews_balanced,6211,topic,choice,3,3,"[""business"", ""scitech"", ""sports"", ""world""]","[0.008606838837984774, 0.0001194213306225658, 0.002756830953467298, 0.9885169088779253]",
d1-omni,ood_agnews_balanced,6215,topic,choice,3,3,"[""business"", ""scitech"", ""sports"", ""world""]","[0.026029778731352378, 0.0031462924271208046, 0.0018157876254930687, 0.9690081412160337]",
d1-omni,ood_agnews_balanced,6235,topic,choice,0,0,"[""business"", ""scitech"", ""sports"", ""world""]","[0.9134447909317385, 0.008515930115290568, 0.0003983179777127904, 0.0776409609752582]",
d1-omni,ood_agnews_balanced,6260,topic,choice,1,0,"[""business"", ""scitech"", ""sports"", ""world""]","[0.5274785711930977, 0.3223397406176698, 0.0009558733354489447, 0.14922581485378353]",
d1-omni,ood_agnews_balanced,6263,topic,choice,3,3,"[""business"", ""scitech"", ""sports"", ""world""]","[0.0004294496550964293, 4.0635113117064306e-05, 0.0008555366536694383, 0.998674378578117]",
d1-omni,ood_agnews_balanced,6277,topic,choice,2,2,"[""business"", ""scitech"", ""sports"", ""world""]","[0.0004540598573371985, 2.9232594822551647e-05, 0.9985917235583446, 0.0009249839894956535]",
d1-omni,ood_agnews_balanced,6281,topic,choice,3,3,"[""business"", ""scitech"", ""sports"", ""world""]","[0.2404050486621358, 0.001307085563661484, 0.0555938357931156, 0.7026940299810871]",
d1-omni,ood_agnews_balanced,6293,topic,choice,0,0,"[""business"", ""scitech"", ""sports"", ""world""]","[0.8329307191913157, 0.003488075833614386, 0.016049674457169854, 0.14753153051790013]",
d1-omni,ood_agnews_balanced,6309,topic,choice,1,3,"[""business"", ""scitech"", ""sports"", ""world""]","[0.0653411954937608, 0.15991422176552814, 0.08946874537761333, 0.6852758373630977]",
d1-omni,ood_agnews_balanced,6314,topic,choice,1,1,"[""business"", ""scitech"", ""sports"", ""world""]","[0.05630703873782513, 0.9290790305400152, 0.0008299369189090197, 0.013783993803250703]",
d1-omni,ood_agnews_balanced,6320,topic,choice,1,0,"[""business"", ""scitech"", ""sports"", ""world""]","[0.95923923896201, 0.01113286725123627, 0.0006970156209589788, 0.028930878165794774]",
d1-omni,ood_agnews_balanced,6325,topic,choice,1,3,"[""business"", ""scitech"", ""sports"", ""world""]","[0.16032487348115385, 0.002603496456374837, 0.048548840574114516, 0.7885227894883569]",
d1-omni,ood_agnews_balanced,6331,topic,choice,2,2,"[""business"", ""scitech"", ""sports"", ""world""]","[0.0045312964030709965, 0.00010535438474921928, 0.9832498178658705, 0.012113531346309226]",
d1-omni,ood_agnews_balanced,6335,topic,choice,0,0,"[""business"", ""scitech"", ""sports"", ""world""]","[0.7201710951934706, 0.008499367405246046, 0.15107223657585253, 0.12025730082543085]",
d1-omni,ood_agnews_balanced,6337,topic,choice,3,3,"[""business"", ""scitech"", ""sports"", ""world""]","[0.008981736769247418, 0.0002699481383080174, 0.004216477924752205, 0.9865318371676923]",
d1-omni,ood_agnews_balanced,6343,topic,choice,3,3,"[""business"", ""scitech"", ""sports"", ""world""]","[0.0056345368092543405, 0.004322477961262373, 0.0010357782886611776, 0.9890072069408221]",
d1-omni,ood_agnews_balanced,6353,topic,choice,3,3,"[""business"", ""scitech"", ""sports"", ""world""]","[0.11581262768678323, 0.0008168103340870178, 0.21580631598532887, 0.6675642459938009]",
d1-omni,ood_agnews_balanced,6356,topic,choice,2,2,"[""business"", ""scitech"", ""sports"", ""world""]","[0.0017659503965527738, 0.000287923969453063, 0.9868161341897732, 0.011129991444221008]",
d1-omni,ood_agnews_balanced,6357,topic,choice,0,0,"[""business"", ""scitech"", ""sports"", ""world""]","[0.9384114631282503, 0.005141457342869493, 0.0023179493179974957, 0.05412913021088273]",
d1-omni,ood_agnews_balanced,6367,topic,choice,2,2,"[""business"", ""scitech"", ""sports"", ""world""]","[0.002724535438548242, 0.00018163301350003695, 0.9920459306845919, 0.005047900863359793]",
d1-omni,ood_agnews_balanced,6368,topic,choice,1,1,"[""business"", ""scitech"", ""sports"", ""world""]","[0.08764521755403797, 0.5684154132091916, 0.011054460854158439, 0.3328849083826119]",
d1-omni,ood_agnews_balanced,6382,topic,choice,0,0,"[""business"", ""scitech"", ""sports"", ""world""]","[0.9191330335276815, 0.0026321875210410877, 0.0011524184700145489, 0.07708236048126287]",
d1-omni,ood_agnews_balanced,6391,topic,choice,1,3,"[""business"", ""scitech"", ""sports"", ""world""]","[0.22234469900665468, 0.29390806288169397, 0.05478723780945582, 0.42896000030219555]",
d1-omni,ood_agnews_balanced,6393,topic,choice,1,0,"[""business"", ""scitech"", ""sports"", ""world""]","[0.8742437091948434, 0.044554802140735865, 0.002955806582904822, 0.07824568208151597]",
d1-omni,ood_agnews_balanced,6414,topic,choice,3,3,"[""business"", ""scitech"", ""sports"", ""world""]","[0.01693621670936047, 0.0003834720616912935, 0.007635440861843621, 0.9750448703671046]",
d1-omni,ood_agnews_balanced,6425,topic,choice,2,2,"[""business"", ""scitech"", ""sports"", ""world""]","[0.0022763774078515403, 3.899210596093149e-05, 0.993695985176819, 0.003988645309368472]",
d1-omni,ood_agnews_balanced,6433,topic,choice,2,2,"[""business"", ""scitech"", ""sports"", ""world""]","[0.0016108969402002181, 4.2881730401131414e-05, 0.9966851129462224, 0.0016611083831761905]",
d1-omni,ood_agnews_balanced,6438,topic,choice,0,0,"[""business"", ""scitech"", ""sports"", ""world""]","[0.9168804709529255, 0.0013782071816259805, 0.005409032355128762, 0.07633228951031976]",
d1-omni,ood_agnews_balanced,6441,topic,choice,3,3,"[""business"", ""scitech"", ""sports"", ""world""]","[0.028517686434630422, 0.004103774559812678, 0.0018423975409126577, 0.9655361414646443]",
d1-omni,ood_agnews_balanced,6443,topic,choice,3,3,"[""business"", ""scitech"", ""sports"", ""world""]","[0.003080177622619236, 2.8357799245430648e-05, 0.0007717905771630207, 0.9961196740009723]",
d1-omni,ood_agnews_balanced,6450,topic,choice,1,1,"[""business"", ""scitech"", ""sports"", ""world""]","[0.19927359433079717, 0.7355196819433121, 0.0009536043180486567, 0.06425311940784215]",
d1-omni,ood_agnews_balanced,6459,topic,choice,2,2,"[""business"", ""scitech"", ""sports"", ""world""]","[0.012751457354335038, 6.884789075494658e-05, 0.9792447146150978, 0.00793498013981221]",
d1-omni,ood_agnews_balanced,6463,topic,choice,1,1,"[""business"", ""scitech"", ""sports"", ""world""]","[0.056416918411910016, 0.9293509278342642, 0.001391117107431991, 0.012841036646393751]",
d1-omni,ood_agnews_balanced,6475,topic,choice,0,0,"[""business"", ""scitech"", ""sports"", ""world""]","[0.8272806646892449, 0.0006988889779120825, 0.0012733724557981668, 0.17074707387704485]",
d1-omni,ood_agnews_balanced,6485,topic,choice,1,1,"[""business"", ""scitech"", ""sports"", ""world""]","[0.0805451110411518, 0.8615416334227944, 0.01727739477734229, 0.04063586075871146]",
d1-omni,ood_agnews_balanced,6500,topic,choice,1,3,"[""business"", ""scitech"", ""sports"", ""world""]","[0.024297416112570518, 0.09877904477041727, 0.010088537621224239, 0.866835001495788]",
d1-omni,ood_agnews_balanced,6506,topic,choice,1,1,"[""business"", ""scitech"", ""sports"", ""world""]","[0.045650496154186974, 0.9386030245436209, 0.0025033314670925406, 0.013243147835099636]",
d1-omni,ood_agnews_balanced,6510,topic,choice,0,0,"[""business"", ""scitech"", ""sports"", ""world""]","[0.8164263462580221, 0.0009982559976321774, 0.092219010349738, 0.09035638739460772]",
d1-omni,ood_agnews_balanced,6516,topic,choice,3,1,"[""business"", ""scitech"", ""sports"", ""world""]","[0.2942483358000552, 0.47933127382433394, 0.0038182813734301425, 0.2226021090021807]",
d1-omni,ood_agnews_balanced,6517,topic,choice,3,3,"[""business"", ""scitech"", ""sports"", ""world""]","[0.004746630641208367, 0.0001719883968306914, 0.00041191467790493535, 0.9946694662840561]",
d1-omni,ood_agnews_balanced,6519,topic,choice,2,2,"[""business"", ""scitech"", ""sports"", ""world""]","[0.00045915326540958663, 1.912773716574172e-05, 0.9985850534780696, 0.0009366655193550782]",
d1-omni,ood_agnews_balanced,6522,topic,choice,2,2,"[""business"", ""scitech"", ""sports"", ""world""]","[0.008992198947721823, 0.00012226951493261187, 0.9787646633325737, 0.012120868204771793]",
d1-omni,ood_agnews_balanced,6527,topic,choice,2,2,"[""business"", ""scitech"", ""sports"", ""world""]","[0.00751125893992157, 0.00027102439425626693, 0.984953803944025, 0.00726391272179714]",
d1-omni,ood_agnews_balanced,6545,topic,choice,3,3,"[""business"", ""scitech"", ""sports"", ""world""]","[0.017079321135075976, 0.0012466877040027261, 0.00249751280886541, 0.9791764783520559]",
d1-omni,ood_agnews_balanced,6546,topic,choice,2,2,"[""business"", ""scitech"", ""sports"", ""world""]","[0.002996429796103619, 0.0005562298456454629, 0.9922940714876032, 0.004153268870647792]",
d1-omni,ood_agnews_balanced,6548,topic,choice,2,2,"[""business"", ""scitech"", ""sports"", ""world""]","[0.0030979437897715, 4.84642196570988e-05, 0.9935132310016715, 0.0033403609888998315]",
d1-omni,ood_agnews_balanced,6557,topic,choice,1,1,"[""business"", ""scitech"", ""sports"", ""world""]","[0.014580277985219136, 0.9765998270905656, 0.0031621063533013084, 0.00565778857091392]",
d1-omni,ood_agnews_balanced,6568,topic,choice,1,0,"[""business"", ""scitech"", ""sports"", ""world""]","[0.5386235361203938, 0.3314545006263473, 0.0023085322342476, 0.12761343101901132]",
d1-omni,ood_agnews_balanced,6570,topic,choice,2,2,"[""business"", ""scitech"", ""sports"", ""world""]","[0.003561024009392095, 0.0002019249482664696, 0.9754513243931278, 0.020785726649213715]",
d1-omni,ood_agnews_balanced,6576,topic,choice,3,1,"[""business"", ""scitech"", ""sports"", ""world""]","[0.1134352860236155, 0.7528068603805981, 0.0018751232868846736, 0.1318827303089018]",
d1-omni,ood_agnews_balanced,6586,topic,choice,0,0,"[""business"", ""scitech"", ""sports"", ""world""]","[0.977274814641864, 0.003746219827874985, 0.001813480935971886, 0.01716548459428906]",
d1-omni,ood_agnews_balanced,6588,topic,choice,3,3,"[""business"", ""scitech"", ""sports"", ""world""]","[0.028650693428476, 0.00024191596927052977, 0.0017444254991734731, 0.96936296510308]",
d1-omni,ood_agnews_balanced,6594,topic,choice,1,0,"[""business"", ""scitech"", ""sports"", ""world""]","[0.39862843456949815, 0.27938895793134816, 0.07590608874173264, 0.2460765187574211]",
d1-omni,ood_agnews_balanced,6622,topic,choice,2,2,"[""business"", ""scitech"", ""sports"", ""world""]","[0.0013356765371752295, 0.0006183457536281251, 0.9921273398633675, 0.005918637845829086]",
d1-omni,ood_agnews_balanced,6623,topic,choice,0,1,"[""business"", ""scitech"", ""sports"", ""world""]","[0.11282773399969737, 0.6910517863262577, 0.023929394959877393, 0.17219108471416744]",
d1-omni,ood_agnews_balanced,6624,topic,choice,2,2,"[""business"", ""scitech"", ""sports"", ""world""]","[0.0022369658432368896, 0.00012773342498937599, 0.9536040563235646, 0.04403124440820912]",
d1-omni,ood_agnews_balanced,6633,topic,choice,3,3,"[""business"", ""scitech"", ""sports"", ""world""]","[0.08312757895342525, 0.0005805891530150985, 0.008481139911036665, 0.907810691982523]",
d1-omni,ood_agnews_balanced,6645,topic,choice,2,2,"[""business"", ""scitech"", ""sports"", ""world""]","[0.0019144117878398558, 1.1325419357334612e-05, 0.990757347901711, 0.0073169148910918426]",
d1-omni,ood_agnews_balanced,6652,topic,choice,2,2,"[""business"", ""scitech"", ""sports"", ""world""]","[0.06639747203438152, 0.00013824096576618174, 0.8976521332249313, 0.03581215377492097]",
d1-omni,ood_agnews_balanced,6654,topic,choice,2,2,"[""business"", ""scitech"", ""sports"", ""world""]","[0.03901638916991855, 7.2199045530449e-05, 0.9470839389600803, 0.013827472824470778]",
d1-omni,ood_agnews_balanced,6670,topic,choice,1,3,"[""business"", ""scitech"", ""sports"", ""world""]","[0.05573923161528718, 0.25011214707088525, 0.06069071986038506, 0.6334579014534425]",
d1-omni,ood_agnews_balanced,6693,topic,choice,0,0,"[""business"", ""scitech"", ""sports"", ""world""]","[0.7943347485350697, 0.1570074368303565, 0.0011135488458169924, 0.04754426578875683]",
d1-omni,ood_agnews_balanced,6694,topic,choice,0,0,"[""business"", ""scitech"", ""sports"", ""world""]","[0.7564369492474942, 0.0005382693526366524, 0.0030875636944209736, 0.2399372177054482]",
d1-omni,ood_agnews_balanced,6695,topic,choice,0,0,"[""business"", ""scitech"", ""sports"", ""world""]","[0.9744373715356904, 0.00012172894089202333, 0.0002681306383861235, 0.02517276888503141]",
d1-omni,ood_agnews_balanced,6698,topic,choice,3,3,"[""business"", ""scitech"", ""sports"", ""world""]","[0.05106445580639264, 0.001757167911525264, 0.010107446078324292, 0.9370709302037578]",
d1-omni,ood_agnews_balanced,6701,topic,choice,1,1,"[""business"", ""scitech"", ""sports"", ""world""]","[0.11224089246682172, 0.8733632318496353, 0.0023620586642508633, 0.012033817019292186]",
d1-omni,ood_agnews_balanced,6705,topic,choice,0,3,"[""business"", ""scitech"", ""sports"", ""world""]","[0.2950460556314565, 0.00012983024977836208, 0.0016267079315858291, 0.7031974061871793]",
d1-omni,ood_agnews_balanced,6708,topic,choice,1,1,"[""business"", ""scitech"", ""sports"", ""world""]","[0.03827581952133285, 0.9169940412221088, 0.005387106014145298, 0.03934303324241306]",
d1-omni,ood_agnews_balanced,6711,topic,choice,0,3,"[""business"", ""scitech"", ""sports"", ""world""]","[0.33396741996681256, 0.13812366230877982, 0.10767396619673048, 0.4202349515276771]",
d1-omni,ood_agnews_balanced,6732,topic,choice,2,2,"[""business"", ""scitech"", ""sports"", ""world""]","[0.002335331529545616, 0.00013866247198149133, 0.9927619638763666, 0.00476404212210626]",
d1-omni,ood_agnews_balanced,6743,topic,choice,3,3,"[""business"", ""scitech"", ""sports"", ""world""]","[0.003955425501359228, 0.00014432328339181167, 0.0008095767884842749, 0.9950906744267647]",
d1-omni,ood_agnews_balanced,6755,topic,choice,1,1,"[""business"", ""scitech"", ""sports"", ""world""]","[0.04145116832137208, 0.8012373045852847, 0.00047890278509017437, 0.15683262430825295]",
d1-omni,ood_agnews_balanced,6763,topic,choice,1,3,"[""business"", ""scitech"", ""sports"", ""world""]","[0.019645149139799922, 0.43964452114432323, 0.002864711256129462, 0.5378456184597474]",
d1-omni,ood_agnews_balanced,6780,topic,choice,1,0,"[""business"", ""scitech"", ""sports"", ""world""]","[0.8751095542468916, 0.06740276981578736, 0.0023145321028810073, 0.05517314383443997]",
d1-omni,ood_agnews_balanced,6781,topic,choice,1,1,"[""business"", ""scitech"", ""sports"", ""world""]","[0.2636268297114851, 0.6865200632356703, 0.0005431630709894492, 0.04930994398185524]",
d1-omni,ood_agnews_balanced,6785,topic,choice,1,0,"[""business"", ""scitech"", ""sports"", ""world""]","[0.6068443836821432, 0.0947529850826557, 0.1211254930831639, 0.17727713815203722]",
d1-omni,ood_agnews_balanced,6792,topic,choice,3,3,"[""business"", ""scitech"", ""sports"", ""world""]","[0.012271995075446787, 0.00038353148196992144, 0.016221837304279108, 0.9711226361383042]",
d1-omni,ood_agnews_balanced,6807,topic,choice,1,1,"[""business"", ""scitech"", ""sports"", ""world""]","[0.10927911469158542, 0.8114269647853176, 0.02059930632037579, 0.05869461420272115]",
d1-omni,ood_agnews_balanced,6808,topic,choice,1,1,"[""business"", ""scitech"", ""sports"", ""world""]","[0.26437201791293574, 0.6923134247144883, 0.0007486980089311136, 0.04256585936364484]",
d1-omni,ood_agnews_balanced,6833,topic,choice,3,3,"[""business"", ""scitech"", ""sports"", ""world""]","[0.00146621903031792, 1.886762123425081e-05, 0.0010637417915355153, 0.9974511715569123]",
d1-omni,ood_agnews_balanced,6847,topic,choice,0,0,"[""business"", ""scitech"", ""sports"", ""world""]","[0.6669161683472601, 0.24338367418680007, 0.0007831132815788235, 0.08891704418436103]",
d1-omni,ood_agnews_balanced,6862,topic,choice,0,0,"[""business"", ""scitech"", ""sports"", ""world""]","[0.7816433499096409, 4.128515237899821e-05, 0.005063053808328452, 0.21325231112965168]",
d1-omni,ood_agnews_balanced,6865,topic,choice,1,1,"[""business"", ""scitech"", ""sports"", ""world""]","[0.14527724669754763, 0.4247690733291497, 0.012528316106155221, 0.4174253638671475]",
d1-omni,ood_agnews_balanced,6881,topic,choice,2,2,"[""business"", ""scitech"", ""sports"", ""world""]","[0.04767194951450309, 0.00014345363335020983, 0.9498740664258927, 0.002310530426254028]",
d1-omni,ood_agnews_balanced,6883,topic,choice,2,2,"[""business"", ""scitech"", ""sports"", ""world""]","[0.01771580313765553, 8.772525682432943e-05, 0.9598675165061904, 0.02232895509932977]",
d1-omni,ood_agnews_balanced,6898,topic,choice,1,3,"[""business"", ""scitech"", ""sports"", ""world""]","[0.285523921251297, 0.2811754047870636, 0.07655146718025208, 0.35674920678138733]",
d1-omni,ood_agnews_balanced,6900,topic,choice,0,0,"[""business"", ""scitech"", ""sports"", ""world""]","[0.9622508055170705, 0.0002903166860668389, 0.002010425861562346, 0.035448451935300225]",
d1-omni,ood_agnews_balanced,6904,topic,choice,1,1,"[""business"", ""scitech"", ""sports"", ""world""]","[0.0674848241054417, 0.8379173658301989, 0.0011241396132904344, 0.09347367045106891]",
d1-omni,ood_agnews_balanced,6905,topic,choice,0,0,"[""business"", ""scitech"", ""sports"", ""world""]","[0.532102398715438, 0.2678433321875621, 0.0007920551470640922, 0.19926221394993582]",
d1-omni,ood_agnews_balanced,6912,topic,choice,1,1,"[""business"", ""scitech"", ""sports"", ""world""]","[0.054669687914786574, 0.4914398097863529, 0.0031744054429861165, 0.45071609685587444]",
d1-omni,ood_agnews_balanced,6914,topic,choice,3,0,"[""business"", ""scitech"", ""sports"", ""world""]","[0.7629312122298835, 0.0026897170501748602, 0.04012181528597187, 0.19425725543396985]",
d1-omni,ood_agnews_balanced,6928,topic,choice,2,2,"[""business"", ""scitech"", ""sports"", ""world""]","[0.002821101270047453, 0.00036283642649345406, 0.991995547955037, 0.00482051434842209]",
d1-omni,ood_agnews_balanced,6934,topic,choice,0,0,"[""business"", ""scitech"", ""sports"", ""world""]","[0.8050216865821553, 4.9228287825609263e-05, 0.0009452809849692002, 0.19398380414504987]",
d1-omni,ood_agnews_balanced,6968,topic,choice,1,1,"[""business"", ""scitech"", ""sports"", ""world""]","[0.006284111938084194, 0.7969016213821267, 0.001136008153192475, 0.1956782585265966]",
d1-omni,ood_agnews_balanced,6976,topic,choice,3,3,"[""business"", ""scitech"", ""sports"", ""world""]","[0.04971973188657366, 0.0010796134157776578, 0.00507976661276359, 0.9441208880848851]",
d1-omni,ood_agnews_balanced,6991,topic,choice,1,0,"[""business"", ""scitech"", ""sports"", ""world""]","[0.9243173120133249, 0.0609123787003061, 0.00037069212237248806, 0.014399617163996499]",
d1-omni,ood_agnews_balanced,6998,topic,choice,3,3,"[""business"", ""scitech"", ""sports"", ""world""]","[0.010463858136574133, 0.0006415620515664657, 0.0017132036340571867, 0.9871813761778022]",
d1-omni,ood_agnews_balanced,7000,topic,choice,1,1,"[""business"", ""scitech"", ""sports"", ""world""]","[0.46521772058964883, 0.48849887815930076, 0.0044786023108329244, 0.04180479894021747]",
d1-omni,ood_agnews_balanced,7007,topic,choice,2,2,"[""business"", ""scitech"", ""sports"", ""world""]","[0.0013532250744212803, 8.615426395589475e-05, 0.9940052523792866, 0.004555368282336179]",
d1-omni,ood_agnews_balanced,7042,topic,choice,0,0,"[""business"", ""scitech"", ""sports"", ""world""]","[0.9702590148580871, 7.584685258689414e-05, 0.000554605913344516, 0.02911053237598147]",
d1-omni,ood_agnews_balanced,7043,topic,choice,0,0,"[""business"", ""scitech"", ""sports"", ""world""]","[0.9498466200718673, 0.0018899313789910255, 0.00015860825986088717, 0.048104840289280866]",
d1-omni,ood_agnews_balanced,7050,topic,choice,0,0,"[""business"", ""scitech"", ""sports"", ""world""]","[0.9784099657267948, 0.0008405188151903002, 0.0010048599418186583, 0.019744655516196245]",
d1-omni,ood_agnews_balanced,7076,topic,choice,3,3,"[""business"", ""scitech"", ""sports"", ""world""]","[0.017681536619687657, 0.007982582524986575, 0.020991745651968662, 0.9533441352033571]",
d1-omni,ood_agnews_balanced,7099,topic,choice,3,3,"[""business"", ""scitech"", ""sports"", ""world""]","[0.03708080984100324, 0.000717128473315131, 0.002441170661969784, 0.9597608910237119]",
d1-omni,ood_agnews_balanced,7106,topic,choice,0,0,"[""business"", ""scitech"", ""sports"", ""world""]","[0.9728387415050391, 0.0008207109568434942, 0.0008025930671283329, 0.02553795447098908]",
d1-omni,ood_agnews_balanced,7113,topic,choice,2,2,"[""business"", ""scitech"", ""sports"", ""world""]","[0.001129896636936979, 6.392457316823781e-06, 0.9292597372842193, 0.06960397362152689]",
d1-omni,ood_agnews_balanced,7119,topic,choice,0,0,"[""business"", ""scitech"", ""sports"", ""world""]","[0.9678589819678138, 0.001086866030684814, 0.00036504251047016624, 0.030689109491031177]",
d1-omni,ood_agnews_balanced,7124,topic,choice,0,0,"[""business"", ""scitech"", ""sports"", ""world""]","[0.9110275651211558, 0.04020053956975152, 0.0014101257770994103, 0.047361769531993274]",
d1-omni,ood_agnews_balanced,7125,topic,choice,1,1,"[""business"", ""scitech"", ""sports"", ""world""]","[0.10313275314154671, 0.8346889499911758, 0.00048112385475389, 0.06169717301252356]",
d1-omni,ood_agnews_balanced,7126,topic,choice,1,1,"[""business"", ""scitech"", ""sports"", ""world""]","[0.23027242537837883, 0.7506876528441486, 0.005669109012757031, 0.013370812764715488]",
d1-omni,ood_agnews_balanced,7131,topic,choice,0,0,"[""business"", ""scitech"", ""sports"", ""world""]","[0.8953311872757563, 0.0008293348762306815, 0.007666060137378142, 0.0961734177106349]",
d1-omni,ood_agnews_balanced,7135,topic,choice,0,0,"[""business"", ""scitech"", ""sports"", ""world""]","[0.8623373638959435, 0.000616200044763508, 0.10087108019660698, 0.03617535586268598]",
d1-omni,ood_agnews_balanced,7151,topic,choice,2,2,"[""business"", ""scitech"", ""sports"", ""world""]","[0.0050689736396663425, 0.00021714220936060863, 0.9865053299103836, 0.008208554240589432]",
d1-omni,ood_agnews_balanced,7152,topic,choice,2,2,"[""business"", ""scitech"", ""sports"", ""world""]","[0.0012971518274883728, 0.00041317425135514035, 0.9907760641762894, 0.007513609744867118]",
d1-omni,ood_agnews_balanced,7172,topic,choice,3,2,"[""business"", ""scitech"", ""sports"", ""world""]","[0.01402101180066975, 0.02576095558946348, 0.6296990842215239, 0.33051894838834284]",
d1-omni,ood_agnews_balanced,7178,topic,choice,3,3,"[""business"", ""scitech"", ""sports"", ""world""]","[0.043769133884724976, 0.0027904904962899315, 0.033204351787887776, 0.9202360238310973]",
d1-omni,ood_agnews_balanced,7183,topic,choice,2,2,"[""business"", ""scitech"", ""sports"", ""world""]","[0.005139121373101491, 0.00013490692444005387, 0.9794435906723122, 0.015282381030146229]",
d1-omni,ood_agnews_balanced,7208,topic,choice,3,3,"[""business"", ""scitech"", ""sports"", ""world""]","[0.002649211141708174, 8.977305927148405e-05, 0.0011860542100470544, 0.9960749615889732]",
d1-omni,ood_agnews_balanced,7211,topic,choice,2,2,"[""business"", ""scitech"", ""sports"", ""world""]","[0.001628754833502216, 4.800567113022259e-05, 0.9951589568577998, 0.003164282637567844]",
d1-omni,ood_agnews_balanced,7237,topic,choice,3,3,"[""business"", ""scitech"", ""sports"", ""world""]","[0.03810155335582717, 0.0005162738303993084, 0.001000202246181948, 0.9603819705675916]",
d1-omni,ood_agnews_balanced,7240,topic,choice,0,0,"[""business"", ""scitech"", ""sports"", ""world""]","[0.7396879938171612, 0.23560864198203954, 0.0008157089629981981, 0.02388765523780109]",
d1-omni,ood_agnews_balanced,7244,topic,choice,3,3,"[""business"", ""scitech"", ""sports"", ""world""]","[0.006792888846034395, 0.0002195242366845167, 0.0012109691844006576, 0.9917766177328804]",
d1-omni,ood_agnews_balanced,7247,topic,choice,1,1,"[""business"", ""scitech"", ""sports"", ""world""]","[0.2715141958721152, 0.6258032062572961, 0.005479250341815278, 0.0972033475287734]",
d1-omni,ood_agnews_balanced,7269,topic,choice,2,2,"[""business"", ""scitech"", ""sports"", ""world""]","[0.0008790555830572113, 8.364294029680375e-05, 0.997891414486213, 0.0011458869904329642]",
d1-omni,ood_agnews_balanced,7274,topic,choice,1,1,"[""business"", ""scitech"", ""sports"", ""world""]","[0.02223227858231723, 0.7931591058596581, 0.0008698077055904451, 0.18373880785243424]",
d1-omni,ood_agnews_balanced,7276,topic,choice,2,2,"[""business"", ""scitech"", ""sports"", ""world""]","[0.007423692087304931, 0.003196259600445537, 0.9802854862928349, 0.00909456201941471]",
d1-omni,ood_agnews_balanced,7277,topic,choice,3,3,"[""business"", ""scitech"", ""sports"", ""world""]","[0.005511840751938138, 0.0001355076339150216, 0.014657139011586513, 0.9796955126025604]",
d1-omni,ood_agnews_balanced,7283,topic,choice,2,2,"[""business"", ""scitech"", ""sports"", ""world""]","[0.0010231874572047682, 8.448702239261982e-06, 0.9962550778856111, 0.002713285954944914]",
d1-omni,ood_agnews_balanced,7290,topic,choice,0,1,"[""business"", ""scitech"", ""sports"", ""world""]","[0.288576243590021, 0.578917201705153, 0.0004863489644698664, 0.1320202057403561]",
d1-omni,ood_agnews_balanced,7293,topic,choice,1,1,"[""business"", ""scitech"", ""sports"", ""world""]","[0.3931302554644824, 0.5556553359643147, 0.0004929107165847069, 0.05072149785461816]",
d1-omni,ood_agnews_balanced,7295,topic,choice,3,3,"[""business"", ""scitech"", ""sports"", ""world""]","[0.009832244497466832, 0.0001334123680456211, 0.0037129403121224217, 0.9863214028223651]",
d1-omni,ood_agnews_balanced,7303,topic,choice,0,0,"[""business"", ""scitech"", ""sports"", ""world""]","[0.8475945090667798, 0.06036650777489576, 0.007567531447356337, 0.0844714517109681]",
d1-omni,ood_agnews_balanced,7320,topic,choice,3,3,"[""business"", ""scitech"", ""sports"", ""world""]","[0.004923554446998753, 8.167235242084212e-05, 0.0027787540158789943, 0.9922160191847014]",
d1-omni,ood_agnews_balanced,7324,topic,choice,1,0,"[""business"", ""scitech"", ""sports"", ""world""]","[0.7660921569474662, 0.08282010740052569, 0.022737750063572544, 0.12834998558843555]",
d1-omni,ood_agnews_balanced,7333,topic,choice,0,0,"[""business"", ""scitech"", ""sports"", ""world""]","[0.9825893299832847, 0.00011352205439422793, 0.00034853222423895393, 0.016948615738082044]",
d1-omni,ood_agnews_balanced,7336,topic,choice,3,3,"[""business"", ""scitech"", ""sports"", ""world""]","[0.013144777337747639, 0.0007138133031067993, 0.00788832932416897, 0.9782530800349766]",
d1-omni,ood_agnews_balanced,7337,topic,choice,0,0,"[""business"", ""scitech"", ""sports"", ""world""]","[0.9497015909543025, 6.49334022242826e-05, 0.0004721625510723766, 0.04976131309240087]",
d1-omni,ood_agnews_balanced,7353,topic,choice,3,3,"[""business"", ""scitech"", ""sports"", ""world""]","[0.0065227700488494295, 0.002511772796295266, 0.017128974223223944, 0.9738364829316314]",
d1-omni,ood_agnews_balanced,7354,topic,choice,2,2,"[""business"", ""scitech"", ""sports"", ""world""]","[0.003368678188925604, 0.0008429023816646843, 0.9894328475559732, 0.006355571873436497]",
d1-omni,ood_agnews_balanced,7368,topic,choice,3,3,"[""business"", ""scitech"", ""sports"", ""world""]","[0.01141780667311409, 0.0006629770851145745, 0.00823752087067331, 0.9796816953710981]",
d1-omni,ood_agnews_balanced,7370,topic,choice,0,0,"[""business"", ""scitech"", ""sports"", ""world""]","[0.8540363088314584, 0.0002880937751907534, 0.00037869973048652004, 0.14529689766286433]",
d1-omni,ood_agnews_balanced,7371,topic,choice,3,3,"[""business"", ""scitech"", ""sports"", ""world""]","[0.009614217759347315, 0.00018960291199960377, 0.002597513089611197, 0.9875986662390419]",
d1-omni,ood_agnews_balanced,7379,topic,choice,2,2,"[""business"", ""scitech"", ""sports"", ""world""]","[0.18126719042084277, 0.0011295582383778317, 0.7957006188969667, 0.02190263244381267]",
d1-omni,ood_agnews_balanced,7381,topic,choice,2,2,"[""business"", ""scitech"", ""sports"", ""world""]","[0.0010382482859823687, 0.0002453442684531442, 0.994134947716048, 0.004581459729516389]",
d1-omni,ood_agnews_balanced,7387,topic,choice,0,0,"[""business"", ""scitech"", ""sports"", ""world""]","[0.9030280893237698, 0.04595759604621903, 0.001873577168196906, 0.04914073746181431]",
d1-omni,ood_agnews_balanced,7389,topic,choice,1,3,"[""business"", ""scitech"", ""sports"", ""world""]","[0.19945206323919254, 0.283485808212366, 0.008773551575820986, 0.5082885769726204]",
d1-omni,ood_agnews_balanced,7401,topic,choice,1,1,"[""business"", ""scitech"", ""sports"", ""world""]","[0.18978791796110014, 0.7777810448057769, 0.002443935366841839, 0.02998710186628107]",
d1-omni,ood_agnews_balanced,7404,topic,choice,0,0,"[""business"", ""scitech"", ""sports"", ""world""]","[0.9270675625135664, 0.032169285629871466, 0.0026512087350162167, 0.038111943121545956]",
d1-omni,ood_agnews_balanced,7446,topic,choice,0,0,"[""business"", ""scitech"", ""sports"", ""world""]","[0.6803387714407921, 0.0004216629136588135, 0.0016319675385593072, 0.31760759810698974]",
d1-omni,ood_agnews_balanced,7460,topic,choice,3,3,"[""business"", ""scitech"", ""sports"", ""world""]","[0.03522892432922512, 0.00012576908078642285, 0.0018269868973905439, 0.9628183196925979]",
d1-omni,ood_agnews_balanced,7471,topic,choice,3,3,"[""business"", ""scitech"", ""sports"", ""world""]","[0.024363051022934394, 0.0015073599547076398, 0.1786449013143589, 0.7954846877079991]",
d1-omni,ood_agnews_balanced,7472,topic,choice,1,1,"[""business"", ""scitech"", ""sports"", ""world""]","[0.010167974704065112, 0.9539283852428914, 0.000963450383450779, 0.034940189669592774]",
d1-omni,ood_agnews_balanced,7479,topic,choice,2,2,"[""business"", ""scitech"", ""sports"", ""world""]","[0.0029600700557041683, 0.00037438902865000965, 0.9816218502685967, 0.015043690647049067]",
d1-omni,ood_agnews_balanced,7480,topic,choice,0,0,"[""business"", ""scitech"", ""sports"", ""world""]","[0.9913398988694068, 3.2948916973232125e-05, 0.0004414271842336642, 0.008185725029386366]",
d1-omni,ood_agnews_balanced,7482,topic,choice,3,3,"[""business"", ""scitech"", ""sports"", ""world""]","[0.020554405418943787, 0.0001333258476752783, 0.0032093751312112927, 0.9761028936021696]",
d1-omni,ood_agnews_balanced,7499,topic,choice,1,1,"[""business"", ""scitech"", ""sports"", ""world""]","[0.012756490427793492, 0.8188443363111857, 0.0026624347665973164, 0.16573673849442355]",
d1-omni,ood_agnews_balanced,7503,topic,choice,0,0,"[""business"", ""scitech"", ""sports"", ""world""]","[0.9466607857734355, 0.0005182120524107292, 0.001026620653857789, 0.05179438152029603]",
d1-omni,ood_agnews_balanced,7511,topic,choice,0,0,"[""business"", ""scitech"", ""sports"", ""world""]","[0.9705612374407915, 0.00048591128244845666, 0.0003466758464256449, 0.02860617543033438]",
d1-omni,ood_agnews_balanced,7515,topic,choice,0,0,"[""business"", ""scitech"", ""sports"", ""world""]","[0.7613085000041804, 0.0015598311035920959, 0.002458151225391423, 0.23467351766683606]",
d1-omni,ood_agnews_balanced,7516,topic,choice,3,3,"[""business"", ""scitech"", ""sports"", ""world""]","[0.0063805113901746905, 9.466248508050816e-05, 0.0015942907049719742, 0.9919305354197728]",
d1-omni,ood_agnews_balanced,7517,topic,choice,2,2,"[""business"", ""scitech"", ""sports"", ""world""]","[0.001114581364197379, 4.855202504473082e-05, 0.9953131692267857, 0.0035236973839722113]",
d1-omni,ood_agnews_balanced,7518,topic,choice,1,1,"[""business"", ""scitech"", ""sports"", ""world""]","[0.0054684147211391115, 0.9425961531056852, 0.0009803108567376785, 0.050955121316437986]",
d1-omni,ood_agnews_balanced,7522,topic,choice,1,1,"[""business"", ""scitech"", ""sports"", ""world""]","[0.3968038029432934, 0.5438943000418109, 0.005007388154168601, 0.05429450886072699]",
d1-omni,ood_agnews_balanced,7525,topic,choice,2,2,"[""business"", ""scitech"", ""sports"", ""world""]","[0.0006217886084101988, 3.140264002172909e-05, 0.981087143835152, 0.018259664916415962]",
d1-omni,ood_agnews_balanced,7526,topic,choice,3,3,"[""business"", ""scitech"", ""sports"", ""world""]","[0.007149370962443345, 6.087414056802433e-05, 0.00562404560473448, 0.9871657092922541]",
d1-omni,ood_agnews_balanced,7527,topic,choice,1,0,"[""business"", ""scitech"", ""sports"", ""world""]","[0.7231355932471737, 0.09300620888548422, 0.01628221204982032, 0.16757598581752176]",
d1-omni,ood_agnews_balanced,7529,topic,choice,3,3,"[""business"", ""scitech"", ""sports"", ""world""]","[0.004985116564723344, 0.00022267811346046064, 0.002705706826479784, 0.9920864984953364]",
d1-omni,ood_agnews_balanced,7533,topic,choice,3,3,"[""business"", ""scitech"", ""sports"", ""world""]","[0.008117660130269138, 0.0001072658875609928, 0.0017964999825973388, 0.9899785739995726]",
d1-omni,ood_agnews_balanced,7542,topic,choice,1,0,"[""business"", ""scitech"", ""sports"", ""world""]","[0.7761202931348375, 0.19177570644365702, 0.005968450011238991, 0.026135550410266425]",
d1-omni,ood_agnews_balanced,7550,topic,choice,2,2,"[""business"", ""scitech"", ""sports"", ""world""]","[0.0015432198592129358, 1.6108584108819942e-05, 0.9832010010843891, 0.015239670472289071]",
d1-omni,ood_agnews_balanced,7554,topic,choice,0,0,"[""business"", ""scitech"", ""sports"", ""world""]","[0.9612628664186078, 6.56322393970226e-05, 0.0014288830621045634, 0.03724261827989063]",
d1-omni,ood_agnews_balanced,7558,topic,choice,0,0,"[""business"", ""scitech"", ""sports"", ""world""]","[0.9872379719885734, 0.0011592448480096725, 0.0003744354920725425, 0.011228347671344308]",
d1-omni,ood_agnews_balanced,7585,topic,choice,3,0,"[""business"", ""scitech"", ""sports"", ""world""]","[0.7917625587007123, 0.047044454121113265, 0.0048030864386514605, 0.1563899007395229]",
d1-omni,ood_rotten_balanced_v2,0,positive,noul,1,1,"[""false"", ""true""]","[0.004475593566894531, 0.9955244064331055]",
d1-omni,ood_rotten_balanced_v2,2,positive,noul,1,0,"[""false"", ""true""]","[0.9793148655444384, 0.020685134455561638]",
d1-omni,ood_rotten_balanced_v2,5,positive,noul,1,1,"[""false"", ""true""]","[0.25521570444107056, 0.7447842955589294]",
d1-omni,ood_rotten_balanced_v2,6,positive,noul,1,1,"[""false"", ""true""]","[0.010644733905792236, 0.9893552660942078]",
d1-omni,ood_rotten_balanced_v2,7,positive,noul,1,1,"[""false"", ""true""]","[0.001800835132598877, 0.9981991648674011]",
d1-omni,ood_rotten_balanced_v2,8,positive,noul,1,1,"[""false"", ""true""]","[0.0020722150802612305, 0.9979277849197388]",
d1-omni,ood_rotten_balanced_v2,9,positive,noul,1,1,"[""false"", ""true""]","[0.0027354955673217773, 0.9972645044326782]",
d1-omni,ood_rotten_balanced_v2,13,positive,noul,1,1,"[""false"", ""true""]","[0.003678560256958008, 0.996321439743042]",
d1-omni,ood_rotten_balanced_v2,16,positive,noul,1,1,"[""false"", ""true""]","[0.011408030986785889, 0.9885919690132141]",
d1-omni,ood_rotten_balanced_v2,17,positive,noul,1,1,"[""false"", ""true""]","[0.014341175556182861, 0.9856588244438171]",
d1-omni,ood_rotten_balanced_v2,20,positive,noul,1,1,"[""false"", ""true""]","[0.009511590003967285, 0.9904884099960327]",
d1-omni,ood_rotten_balanced_v2,21,positive,noul,1,1,"[""false"", ""true""]","[0.18246668577194214, 0.8175333142280579]",
d1-omni,ood_rotten_balanced_v2,24,positive,noul,1,1,"[""false"", ""true""]","[0.0018219947814941406, 0.9981780052185059]",
d1-omni,ood_rotten_balanced_v2,27,positive,noul,1,1,"[""false"", ""true""]","[0.001918196678161621, 0.9980818033218384]",
d1-omni,ood_rotten_balanced_v2,33,positive,noul,1,1,"[""false"", ""true""]","[0.002970576286315918, 0.9970294237136841]",
d1-omni,ood_rotten_balanced_v2,34,positive,noul,1,1,"[""false"", ""true""]","[0.007815659046173096, 0.9921843409538269]",
d1-omni,ood_rotten_balanced_v2,35,positive,noul,1,1,"[""false"", ""true""]","[0.018019914627075195, 0.9819800853729248]",
d1-omni,ood_rotten_balanced_v2,36,positive,noul,1,1,"[""false"", ""true""]","[0.46030497550964355, 0.5396950244903564]",
d1-omni,ood_rotten_balanced_v2,37,positive,noul,1,1,"[""false"", ""true""]","[0.0018241405487060547, 0.998175859451294]",
d1-omni,ood_rotten_balanced_v2,39,positive,noul,1,1,"[""false"", ""true""]","[0.0044547319412231445, 0.9955452680587769]",
d1-omni,ood_rotten_balanced_v2,40,positive,noul,1,1,"[""false"", ""true""]","[0.017957866191864014, 0.982042133808136]",
d1-omni,ood_rotten_balanced_v2,41,positive,noul,1,1,"[""false"", ""true""]","[0.08111929893493652, 0.9188807010650635]",
d1-omni,ood_rotten_balanced_v2,42,positive,noul,1,1,"[""false"", ""true""]","[0.013852536678314209, 0.9861474633216858]",
d1-omni,ood_rotten_balanced_v2,43,positive,noul,1,1,"[""false"", ""true""]","[0.03791618347167969, 0.9620838165283203]",
d1-omni,ood_rotten_balanced_v2,46,positive,noul,1,1,"[""false"", ""true""]","[0.28389137983322144, 0.7161086201667786]",
d1-omni,ood_rotten_balanced_v2,47,positive,noul,1,1,"[""false"", ""true""]","[0.0016113519668579102, 0.9983886480331421]",
d1-omni,ood_rotten_balanced_v2,48,positive,noul,1,1,"[""false"", ""true""]","[0.0038905739784240723, 0.9961094260215759]",
d1-omni,ood_rotten_balanced_v2,50,positive,noul,1,0,"[""false"", ""true""]","[0.7059036791324615, 0.29409632086753845]",
d1-omni,ood_rotten_balanced_v2,52,positive,noul,1,1,"[""false"", ""true""]","[0.01130610704421997, 0.98869389295578]",
d1-omni,ood_rotten_balanced_v2,53,positive,noul,1,1,"[""false"", ""true""]","[0.04790318012237549, 0.9520968198776245]",
d1-omni,ood_rotten_balanced_v2,55,positive,noul,1,1,"[""false"", ""true""]","[0.016875028610229492, 0.9831249713897705]",
d1-omni,ood_rotten_balanced_v2,57,positive,noul,1,0,"[""false"", ""true""]","[0.9215005040168762, 0.07849949598312378]",
d1-omni,ood_rotten_balanced_v2,58,positive,noul,1,1,"[""false"", ""true""]","[0.002081930637359619, 0.9979180693626404]",
d1-omni,ood_rotten_balanced_v2,60,positive,noul,1,1,"[""false"", ""true""]","[0.004148602485656738, 0.9958513975143433]",
d1-omni,ood_rotten_balanced_v2,61,positive,noul,1,1,"[""false"", ""true""]","[0.0039640069007873535, 0.9960359930992126]",
d1-omni,ood_rotten_balanced_v2,62,positive,noul,1,1,"[""false"", ""true""]","[0.0045201778411865234, 0.9954798221588135]",
d1-omni,ood_rotten_balanced_v2,64,positive,noul,1,1,"[""false"", ""true""]","[0.4883542060852051, 0.5116457939147949]",
d1-omni,ood_rotten_balanced_v2,65,positive,noul,1,1,"[""false"", ""true""]","[0.0013113617897033691, 0.9986886382102966]",
d1-omni,ood_rotten_balanced_v2,66,positive,noul,1,1,"[""false"", ""true""]","[0.03083282709121704, 0.969167172908783]",
d1-omni,ood_rotten_balanced_v2,67,positive,noul,1,0,"[""false"", ""true""]","[0.8485917299985886, 0.15140827000141144]",
d1-omni,ood_rotten_balanced_v2,68,positive,noul,1,1,"[""false"", ""true""]","[0.016830086708068848, 0.9831699132919312]",
d1-omni,ood_rotten_balanced_v2,72,positive,noul,1,1,"[""false"", ""true""]","[0.0027757883071899414, 0.9972242116928101]",
d1-omni,ood_rotten_balanced_v2,74,positive,noul,1,1,"[""false"", ""true""]","[0.010607719421386719, 0.9893922805786133]",
d1-omni,ood_rotten_balanced_v2,75,positive,noul,1,1,"[""false"", ""true""]","[0.002795398235321045, 0.997204601764679]",
d1-omni,ood_rotten_balanced_v2,77,positive,noul,1,1,"[""false"", ""true""]","[0.006636857986450195, 0.9933631420135498]",
d1-omni,ood_rotten_balanced_v2,78,positive,noul,1,1,"[""false"", ""true""]","[0.002705395221710205, 0.9972946047782898]",
d1-omni,ood_rotten_balanced_v2,79,positive,noul,1,1,"[""false"", ""true""]","[0.27419471740722656, 0.7258052825927734]",
d1-omni,ood_rotten_balanced_v2,80,positive,noul,1,1,"[""false"", ""true""]","[0.000859379768371582, 0.9991406202316284]",
d1-omni,ood_rotten_balanced_v2,81,positive,noul,1,1,"[""false"", ""true""]","[0.0068209171295166016, 0.9931790828704834]",
d1-omni,ood_rotten_balanced_v2,84,positive,noul,1,1,"[""false"", ""true""]","[0.011058270931243896, 0.9889417290687561]",
d1-omni,ood_rotten_balanced_v2,86,positive,noul,1,1,"[""false"", ""true""]","[0.0030336976051330566, 0.9969663023948669]",
d1-omni,ood_rotten_balanced_v2,90,positive,noul,1,1,"[""false"", ""true""]","[0.0041100382804870605, 0.9958899617195129]",
d1-omni,ood_rotten_balanced_v2,92,positive,noul,1,1,"[""false"", ""true""]","[0.08119034767150879, 0.9188096523284912]",
d1-omni,ood_rotten_balanced_v2,95,positive,noul,1,1,"[""false"", ""true""]","[0.1435261368751526, 0.8564738631248474]",
d1-omni,ood_rotten_balanced_v2,97,positive,noul,1,1,"[""false"", ""true""]","[0.02299940586090088, 0.9770005941390991]",
d1-omni,ood_rotten_balanced_v2,101,positive,noul,1,1,"[""false"", ""true""]","[0.01871466636657715, 0.9812853336334229]",
d1-omni,ood_rotten_balanced_v2,102,positive,noul,1,1,"[""false"", ""true""]","[0.0006234049797058105, 0.9993765950202942]",
d1-omni,ood_rotten_balanced_v2,103,positive,noul,1,1,"[""false"", ""true""]","[0.010250866413116455, 0.9897491335868835]",
d1-omni,ood_rotten_balanced_v2,105,positive,noul,1,1,"[""false"", ""true""]","[0.0023292899131774902, 0.9976707100868225]",
d1-omni,ood_rotten_balanced_v2,106,positive,noul,1,1,"[""false"", ""true""]","[0.0035147666931152344, 0.9964852333068848]",
d1-omni,ood_rotten_balanced_v2,110,positive,noul,1,1,"[""false"", ""true""]","[0.002446591854095459, 0.9975534081459045]",
d1-omni,ood_rotten_balanced_v2,111,positive,noul,1,1,"[""false"", ""true""]","[0.024039030075073242, 0.9759609699249268]",
d1-omni,ood_rotten_balanced_v2,112,positive,noul,1,1,"[""false"", ""true""]","[0.04316943883895874, 0.9568305611610413]",
d1-omni,ood_rotten_balanced_v2,114,positive,noul,1,1,"[""false"", ""true""]","[0.0011692643165588379, 0.9988307356834412]",
d1-omni,ood_rotten_balanced_v2,122,positive,noul,1,1,"[""false"", ""true""]","[0.00235670804977417, 0.9976432919502258]",
d1-omni,ood_rotten_balanced_v2,124,positive,noul,1,1,"[""false"", ""true""]","[0.1704617142677307, 0.8295382857322693]",
d1-omni,ood_rotten_balanced_v2,125,positive,noul,1,1,"[""false"", ""true""]","[0.0073441267013549805, 0.992655873298645]",
d1-omni,ood_rotten_balanced_v2,127,positive,noul,1,1,"[""false"", ""true""]","[0.017009258270263672, 0.9829907417297363]",
d1-omni,ood_rotten_balanced_v2,129,positive,noul,1,0,"[""false"", ""true""]","[0.9812611527740955, 0.018738847225904465]",
d1-omni,ood_rotten_balanced_v2,131,positive,noul,1,1,"[""false"", ""true""]","[0.0015612244606018066, 0.9984387755393982]",
d1-omni,ood_rotten_balanced_v2,134,positive,noul,1,1,"[""false"", ""true""]","[0.147497296333313, 0.852502703666687]",
d1-omni,ood_rotten_balanced_v2,135,positive,noul,1,1,"[""false"", ""true""]","[0.0007917284965515137, 0.9992082715034485]",
d1-omni,ood_rotten_balanced_v2,137,positive,noul,1,1,"[""false"", ""true""]","[0.009820103645324707, 0.9901798963546753]",
d1-omni,ood_rotten_balanced_v2,140,positive,noul,1,1,"[""false"", ""true""]","[0.028644025325775146, 0.9713559746742249]",
d1-omni,ood_rotten_balanced_v2,141,positive,noul,1,1,"[""false"", ""true""]","[0.02713686227798462, 0.9728631377220154]",
d1-omni,ood_rotten_balanced_v2,146,positive,noul,1,1,"[""false"", ""true""]","[0.0017944574356079102, 0.9982055425643921]",
d1-omni,ood_rotten_balanced_v2,150,positive,noul,1,1,"[""false"", ""true""]","[0.0819200873374939, 0.9180799126625061]",
d1-omni,ood_rotten_balanced_v2,152,positive,noul,1,1,"[""false"", ""true""]","[0.028392314910888672, 0.9716076850891113]",
d1-omni,ood_rotten_balanced_v2,154,positive,noul,1,1,"[""false"", ""true""]","[0.007250785827636719, 0.9927492141723633]",
d1-omni,ood_rotten_balanced_v2,155,positive,noul,1,1,"[""false"", ""true""]","[0.0025757551193237305, 0.9974242448806763]",
d1-omni,ood_rotten_balanced_v2,156,positive,noul,1,1,"[""false"", ""true""]","[0.0013113617897033691, 0.9986886382102966]",
d1-omni,ood_rotten_balanced_v2,157,positive,noul,1,0,"[""false"", ""true""]","[0.9795274771749973, 0.02047252282500267]",
d1-omni,ood_rotten_balanced_v2,159,positive,noul,1,1,"[""false"", ""true""]","[0.007327139377593994, 0.992672860622406]",
d1-omni,ood_rotten_balanced_v2,161,positive,noul,1,1,"[""false"", ""true""]","[0.0026274919509887695, 0.9973725080490112]",
d1-omni,ood_rotten_balanced_v2,164,positive,noul,1,1,"[""false"", ""true""]","[0.01268690824508667, 0.9873130917549133]",
d1-omni,ood_rotten_balanced_v2,165,positive,noul,1,1,"[""false"", ""true""]","[0.005223631858825684, 0.9947763681411743]",
d1-omni,ood_rotten_balanced_v2,166,positive,noul,1,1,"[""false"", ""true""]","[0.002545773983001709, 0.9974542260169983]",
d1-omni,ood_rotten_balanced_v2,167,positive,noul,1,1,"[""false"", ""true""]","[0.17376548051834106, 0.8262345194816589]",
d1-omni,ood_rotten_balanced_v2,170,positive,noul,1,1,"[""false"", ""true""]","[0.0030693411827087402, 0.9969306588172913]",
d1-omni,ood_rotten_balanced_v2,171,positive,noul,1,1,"[""false"", ""true""]","[0.0011249184608459473, 0.998875081539154]",
d1-omni,ood_rotten_balanced_v2,173,positive,noul,1,1,"[""false"", ""true""]","[0.0032048821449279785, 0.996795117855072]",
d1-omni,ood_rotten_balanced_v2,176,positive,noul,1,1,"[""false"", ""true""]","[0.02532517910003662, 0.9746748208999634]",
d1-omni,ood_rotten_balanced_v2,180,positive,noul,1,1,"[""false"", ""true""]","[0.000935971736907959, 0.999064028263092]",
d1-omni,ood_rotten_balanced_v2,181,positive,noul,1,1,"[""false"", ""true""]","[0.0021562576293945312, 0.9978437423706055]",
d1-omni,ood_rotten_balanced_v2,183,positive,noul,1,1,"[""false"", ""true""]","[0.008637487888336182, 0.9913625121116638]",
d1-omni,ood_rotten_balanced_v2,184,positive,noul,1,1,"[""false"", ""true""]","[0.04130864143371582, 0.9586913585662842]",
d1-omni,ood_rotten_balanced_v2,185,positive,noul,1,1,"[""false"", ""true""]","[0.004221916198730469, 0.9957780838012695]",
d1-omni,ood_rotten_balanced_v2,186,positive,noul,1,0,"[""false"", ""true""]","[0.6142779290676117, 0.3857220709323883]",
d1-omni,ood_rotten_balanced_v2,188,positive,noul,1,1,"[""false"", ""true""]","[0.009578108787536621, 0.9904218912124634]",
d1-omni,ood_rotten_balanced_v2,189,positive,noul,1,1,"[""false"", ""true""]","[0.002460956573486328, 0.9975390434265137]",
d1-omni,ood_rotten_balanced_v2,192,positive,noul,1,1,"[""false"", ""true""]","[0.045091331005096436, 0.9549086689949036]",
d1-omni,ood_rotten_balanced_v2,193,positive,noul,1,1,"[""false"", ""true""]","[0.018000483512878418, 0.9819995164871216]",
d1-omni,ood_rotten_balanced_v2,195,positive,noul,1,1,"[""false"", ""true""]","[0.0013710260391235352, 0.9986289739608765]",
d1-omni,ood_rotten_balanced_v2,196,positive,noul,1,1,"[""false"", ""true""]","[0.00240403413772583, 0.9975959658622742]",
d1-omni,ood_rotten_balanced_v2,198,positive,noul,1,1,"[""false"", ""true""]","[0.005220532417297363, 0.9947794675827026]",
d1-omni,ood_rotten_balanced_v2,199,positive,noul,1,0,"[""false"", ""true""]","[0.5128904581069946, 0.48710954189300537]",
d1-omni,ood_rotten_balanced_v2,203,positive,noul,1,1,"[""false"", ""true""]","[0.0025577545166015625, 0.9974422454833984]",
d1-omni,ood_rotten_balanced_v2,204,positive,noul,1,1,"[""false"", ""true""]","[0.0011650919914245605, 0.9988349080085754]",
d1-omni,ood_rotten_balanced_v2,205,positive,noul,1,1,"[""false"", ""true""]","[0.02411818504333496, 0.975881814956665]",
d1-omni,ood_rotten_balanced_v2,210,positive,noul,1,1,"[""false"", ""true""]","[0.004808545112609863, 0.9951914548873901]",
d1-omni,ood_rotten_balanced_v2,211,positive,noul,1,1,"[""false"", ""true""]","[0.008064985275268555, 0.9919350147247314]",
d1-omni,ood_rotten_balanced_v2,214,positive,noul,1,1,"[""false"", ""true""]","[0.0042465925216674805, 0.9957534074783325]",
d1-omni,ood_rotten_balanced_v2,215,positive,noul,1,1,"[""false"", ""true""]","[0.0205078125, 0.9794921875]",
d1-omni,ood_rotten_balanced_v2,216,positive,noul,1,0,"[""false"", ""true""]","[0.8222924917936325, 0.1777075082063675]",
d1-omni,ood_rotten_balanced_v2,218,positive,noul,1,1,"[""false"", ""true""]","[0.16979974508285522, 0.8302002549171448]",
d1-omni,ood_rotten_balanced_v2,220,positive,noul,1,1,"[""false"", ""true""]","[0.008505463600158691, 0.9914945363998413]",
d1-omni,ood_rotten_balanced_v2,222,positive,noul,1,1,"[""false"", ""true""]","[0.01772165298461914, 0.9822783470153809]",
d1-omni,ood_rotten_balanced_v2,224,positive,noul,1,1,"[""false"", ""true""]","[0.11853557825088501, 0.881464421749115]",
d1-omni,ood_rotten_balanced_v2,225,positive,noul,1,1,"[""false"", ""true""]","[0.08883267641067505, 0.911167323589325]",
d1-omni,ood_rotten_balanced_v2,226,positive,noul,1,1,"[""false"", ""true""]","[0.001893758773803711, 0.9981062412261963]",
d1-omni,ood_rotten_balanced_v2,228,positive,noul,1,1,"[""false"", ""true""]","[0.020625829696655273, 0.9793741703033447]",
d1-omni,ood_rotten_balanced_v2,229,positive,noul,1,1,"[""false"", ""true""]","[0.003606259822845459, 0.9963937401771545]",
d1-omni,ood_rotten_balanced_v2,231,positive,noul,1,1,"[""false"", ""true""]","[0.0008394718170166016, 0.9991605281829834]",
d1-omni,ood_rotten_balanced_v2,234,positive,noul,1,1,"[""false"", ""true""]","[0.0029462575912475586, 0.9970537424087524]",
d1-omni,ood_rotten_balanced_v2,238,positive,noul,1,1,"[""false"", ""true""]","[0.018030285835266113, 0.9819697141647339]",
d1-omni,ood_rotten_balanced_v2,239,positive,noul,1,1,"[""false"", ""true""]","[0.05014318227767944, 0.9498568177223206]",
d1-omni,ood_rotten_balanced_v2,242,positive,noul,1,1,"[""false"", ""true""]","[0.07495051622390747, 0.9250494837760925]",
d1-omni,ood_rotten_balanced_v2,244,positive,noul,1,1,"[""false"", ""true""]","[0.024035632610321045, 0.975964367389679]",
d1-omni,ood_rotten_balanced_v2,245,positive,noul,1,1,"[""false"", ""true""]","[0.00248110294342041, 0.9975188970565796]",
d1-omni,ood_rotten_balanced_v2,246,positive,noul,1,1,"[""false"", ""true""]","[0.0010797977447509766, 0.998920202255249]",
d1-omni,ood_rotten_balanced_v2,249,positive,noul,1,1,"[""false"", ""true""]","[0.002569735050201416, 0.9974302649497986]",
d1-omni,ood_rotten_balanced_v2,252,positive,noul,1,1,"[""false"", ""true""]","[0.17591625452041626, 0.8240837454795837]",
d1-omni,ood_rotten_balanced_v2,254,positive,noul,1,1,"[""false"", ""true""]","[0.010750174522399902, 0.9892498254776001]",
d1-omni,ood_rotten_balanced_v2,258,positive,noul,1,1,"[""false"", ""true""]","[0.16277271509170532, 0.8372272849082947]",
d1-omni,ood_rotten_balanced_v2,261,positive,noul,1,1,"[""false"", ""true""]","[0.0026739835739135742, 0.9973260164260864]",
d1-omni,ood_rotten_balanced_v2,262,positive,noul,1,1,"[""false"", ""true""]","[0.008975028991699219, 0.9910249710083008]",
d1-omni,ood_rotten_balanced_v2,264,positive,noul,1,1,"[""false"", ""true""]","[0.0018981099128723145, 0.9981018900871277]",
d1-omni,ood_rotten_balanced_v2,265,positive,noul,1,1,"[""false"", ""true""]","[0.003991842269897461, 0.9960081577301025]",
d1-omni,ood_rotten_balanced_v2,269,positive,noul,1,1,"[""false"", ""true""]","[0.20329773426055908, 0.7967022657394409]",
d1-omni,ood_rotten_balanced_v2,272,positive,noul,1,1,"[""false"", ""true""]","[0.004281461238861084, 0.9957185387611389]",
d1-omni,ood_rotten_balanced_v2,273,positive,noul,1,1,"[""false"", ""true""]","[0.01096409559249878, 0.9890359044075012]",
d1-omni,ood_rotten_balanced_v2,278,positive,noul,1,1,"[""false"", ""true""]","[0.0036914944648742676, 0.9963085055351257]",
d1-omni,ood_rotten_balanced_v2,279,positive,noul,1,0,"[""false"", ""true""]","[0.6744696199893951, 0.32553038001060486]",
d1-omni,ood_rotten_balanced_v2,280,positive,noul,1,1,"[""false"", ""true""]","[0.014250397682189941, 0.9857496023178101]",
d1-omni,ood_rotten_balanced_v2,281,positive,noul,1,0,"[""false"", ""true""]","[0.9945110352709889, 0.005488964729011059]",
d1-omni,ood_rotten_balanced_v2,285,positive,noul,1,0,"[""false"", ""true""]","[0.9271748289465904, 0.07282517105340958]",
d1-omni,ood_rotten_balanced_v2,287,positive,noul,1,1,"[""false"", ""true""]","[0.009363710880279541, 0.9906362891197205]",
d1-omni,ood_rotten_balanced_v2,288,positive,noul,1,1,"[""false"", ""true""]","[0.048861026763916016, 0.951138973236084]",
d1-omni,ood_rotten_balanced_v2,290,positive,noul,1,1,"[""false"", ""true""]","[0.01750868558883667, 0.9824913144111633]",
d1-omni,ood_rotten_balanced_v2,295,positive,noul,1,0,"[""false"", ""true""]","[0.9827515166252851, 0.01724848337471485]",
d1-omni,ood_rotten_balanced_v2,296,positive,noul,1,1,"[""false"", ""true""]","[0.002275526523590088, 0.9977244734764099]",
d1-omni,ood_rotten_balanced_v2,299,positive,noul,1,1,"[""false"", ""true""]","[0.0011678338050842285, 0.9988321661949158]",
d1-omni,ood_rotten_balanced_v2,300,positive,noul,1,1,"[""false"", ""true""]","[0.010509788990020752, 0.9894902110099792]",
d1-omni,ood_rotten_balanced_v2,303,positive,noul,1,1,"[""false"", ""true""]","[0.40759772062301636, 0.5924022793769836]",
d1-omni,ood_rotten_balanced_v2,305,positive,noul,1,0,"[""false"", ""true""]","[0.6357015371322632, 0.3642984628677368]",
d1-omni,ood_rotten_balanced_v2,306,positive,noul,1,1,"[""false"", ""true""]","[0.0036528706550598145, 0.9963471293449402]",
d1-omni,ood_rotten_balanced_v2,307,positive,noul,1,1,"[""false"", ""true""]","[0.0025339126586914062, 0.9974660873413086]",
d1-omni,ood_rotten_balanced_v2,310,positive,noul,1,0,"[""false"", ""true""]","[0.7062077820301056, 0.2937922179698944]",
d1-omni,ood_rotten_balanced_v2,314,positive,noul,1,1,"[""false"", ""true""]","[0.0088997483253479, 0.9911002516746521]",
d1-omni,ood_rotten_balanced_v2,315,positive,noul,1,1,"[""false"", ""true""]","[0.0012325048446655273, 0.9987674951553345]",
d1-omni,ood_rotten_balanced_v2,318,positive,noul,1,1,"[""false"", ""true""]","[0.009371817111968994, 0.990628182888031]",
d1-omni,ood_rotten_balanced_v2,319,positive,noul,1,1,"[""false"", ""true""]","[0.002348482608795166, 0.9976515173912048]",
d1-omni,ood_rotten_balanced_v2,324,positive,noul,1,1,"[""false"", ""true""]","[0.36620068550109863, 0.6337993144989014]",
d1-omni,ood_rotten_balanced_v2,325,positive,noul,1,1,"[""false"", ""true""]","[0.002074718475341797, 0.9979252815246582]",
d1-omni,ood_rotten_balanced_v2,328,positive,noul,1,1,"[""false"", ""true""]","[0.08743160963058472, 0.9125683903694153]",
d1-omni,ood_rotten_balanced_v2,329,positive,noul,1,1,"[""false"", ""true""]","[0.0012367963790893555, 0.9987632036209106]",
d1-omni,ood_rotten_balanced_v2,332,positive,noul,1,0,"[""false"", ""true""]","[0.8689603060483932, 0.13103969395160675]",
d1-omni,ood_rotten_balanced_v2,336,positive,noul,1,0,"[""false"", ""true""]","[0.8848807290196419, 0.11511927098035812]",
d1-omni,ood_rotten_balanced_v2,340,positive,noul,1,1,"[""false"", ""true""]","[0.4994139075279236, 0.5005860924720764]",
d1-omni,ood_rotten_balanced_v2,343,positive,noul,1,1,"[""false"", ""true""]","[0.0005341172218322754, 0.9994658827781677]",
d1-omni,ood_rotten_balanced_v2,347,positive,noul,1,1,"[""false"", ""true""]","[0.0025908350944519043, 0.9974091649055481]",
d1-omni,ood_rotten_balanced_v2,348,positive,noul,1,1,"[""false"", ""true""]","[0.003927111625671387, 0.9960728883743286]",
d1-omni,ood_rotten_balanced_v2,350,positive,noul,1,1,"[""false"", ""true""]","[0.12923192977905273, 0.8707680702209473]",
d1-omni,ood_rotten_balanced_v2,351,positive,noul,1,0,"[""false"", ""true""]","[0.9198527708649635, 0.08014722913503647]",
d1-omni,ood_rotten_balanced_v2,352,positive,noul,1,1,"[""false"", ""true""]","[0.020378708839416504, 0.9796212911605835]",
d1-omni,ood_rotten_balanced_v2,357,positive,noul,1,1,"[""false"", ""true""]","[0.010577023029327393, 0.9894229769706726]",
d1-omni,ood_rotten_balanced_v2,360,positive,noul,1,1,"[""false"", ""true""]","[0.0018369555473327637, 0.9981630444526672]",
d1-omni,ood_rotten_balanced_v2,364,positive,noul,1,1,"[""false"", ""true""]","[0.00883018970489502, 0.991169810295105]",
d1-omni,ood_rotten_balanced_v2,365,positive,noul,1,1,"[""false"", ""true""]","[0.0017902851104736328, 0.9982097148895264]",
d1-omni,ood_rotten_balanced_v2,372,positive,noul,1,1,"[""false"", ""true""]","[0.10101491212844849, 0.8989850878715515]",
d1-omni,ood_rotten_balanced_v2,373,positive,noul,1,1,"[""false"", ""true""]","[0.041140735149383545, 0.9588592648506165]",
d1-omni,ood_rotten_balanced_v2,374,positive,noul,1,1,"[""false"", ""true""]","[0.02378600835800171, 0.9762139916419983]",
d1-omni,ood_rotten_balanced_v2,378,positive,noul,1,1,"[""false"", ""true""]","[0.022022724151611328, 0.9779772758483887]",
d1-omni,ood_rotten_balanced_v2,379,positive,noul,1,1,"[""false"", ""true""]","[0.004744470119476318, 0.9952555298805237]",
d1-omni,ood_rotten_balanced_v2,380,positive,noul,1,0,"[""false"", ""true""]","[0.7003606259822845, 0.29963937401771545]",
d1-omni,ood_rotten_balanced_v2,386,positive,noul,1,0,"[""false"", ""true""]","[0.5808916389942169, 0.4191083610057831]",
d1-omni,ood_rotten_balanced_v2,388,positive,noul,1,1,"[""false"", ""true""]","[0.02888023853302002, 0.97111976146698]",
d1-omni,ood_rotten_balanced_v2,393,positive,noul,1,1,"[""false"", ""true""]","[0.005687594413757324, 0.9943124055862427]",
d1-omni,ood_rotten_balanced_v2,396,positive,noul,1,1,"[""false"", ""true""]","[0.009723663330078125, 0.9902763366699219]",
d1-omni,ood_rotten_balanced_v2,397,positive,noul,1,1,"[""false"", ""true""]","[0.011645197868347168, 0.9883548021316528]",
d1-omni,ood_rotten_balanced_v2,400,positive,noul,1,1,"[""false"", ""true""]","[0.44505995512008667, 0.5549400448799133]",
d1-omni,ood_rotten_balanced_v2,401,positive,noul,1,1,"[""false"", ""true""]","[0.006738126277923584, 0.9932618737220764]",
d1-omni,ood_rotten_balanced_v2,402,positive,noul,1,1,"[""false"", ""true""]","[0.328690767288208, 0.671309232711792]",
d1-omni,ood_rotten_balanced_v2,403,positive,noul,1,0,"[""false"", ""true""]","[0.8305716514587402, 0.16942834854125977]",
d1-omni,ood_rotten_balanced_v2,406,positive,noul,1,1,"[""false"", ""true""]","[0.0017285346984863281, 0.9982714653015137]",
d1-omni,ood_rotten_balanced_v2,407,positive,noul,1,1,"[""false"", ""true""]","[0.034390926361083984, 0.965609073638916]",
d1-omni,ood_rotten_balanced_v2,408,positive,noul,1,1,"[""false"", ""true""]","[0.01307058334350586, 0.9869294166564941]",
d1-omni,ood_rotten_balanced_v2,409,positive,noul,1,1,"[""false"", ""true""]","[0.023451507091522217, 0.9765484929084778]",
d1-omni,ood_rotten_balanced_v2,410,positive,noul,1,1,"[""false"", ""true""]","[0.03013676404953003, 0.96986323595047]",
d1-omni,ood_rotten_balanced_v2,414,positive,noul,1,1,"[""false"", ""true""]","[0.0038052797317504883, 0.9961947202682495]",
d1-omni,ood_rotten_balanced_v2,424,positive,noul,1,1,"[""false"", ""true""]","[0.005934715270996094, 0.9940652847290039]",
d1-omni,ood_rotten_balanced_v2,425,positive,noul,1,1,"[""false"", ""true""]","[0.009969472885131836, 0.9900305271148682]",
d1-omni,ood_rotten_balanced_v2,429,positive,noul,1,1,"[""false"", ""true""]","[0.005412697792053223, 0.9945873022079468]",
d1-omni,ood_rotten_balanced_v2,432,positive,noul,1,0,"[""false"", ""true""]","[0.8171450346708298, 0.18285496532917023]",
d1-omni,ood_rotten_balanced_v2,433,positive,noul,1,1,"[""false"", ""true""]","[0.007246553897857666, 0.9927534461021423]",
d1-omni,ood_rotten_balanced_v2,437,positive,noul,1,1,"[""false"", ""true""]","[0.03486233949661255, 0.9651376605033875]",
d1-omni,ood_rotten_balanced_v2,443,positive,noul,1,1,"[""false"", ""true""]","[0.008356034755706787, 0.9916439652442932]",
d1-omni,ood_rotten_balanced_v2,446,positive,noul,1,1,"[""false"", ""true""]","[0.004787564277648926, 0.9952124357223511]",
d1-omni,ood_rotten_balanced_v2,449,positive,noul,1,1,"[""false"", ""true""]","[0.03584027290344238, 0.9641597270965576]",
d1-omni,ood_rotten_balanced_v2,450,positive,noul,1,1,"[""false"", ""true""]","[0.049470603466033936, 0.9505293965339661]",
d1-omni,ood_rotten_balanced_v2,451,positive,noul,1,1,"[""false"", ""true""]","[0.05178713798522949, 0.9482128620147705]",
d1-omni,ood_rotten_balanced_v2,452,positive,noul,1,0,"[""false"", ""true""]","[0.7821920812129974, 0.21780791878700256]",
d1-omni,ood_rotten_balanced_v2,453,positive,noul,1,0,"[""false"", ""true""]","[0.9622385539114475, 0.037761446088552475]",
d1-omni,ood_rotten_balanced_v2,457,positive,noul,1,1,"[""false"", ""true""]","[0.052351176738739014, 0.947648823261261]",
d1-omni,ood_rotten_balanced_v2,459,positive,noul,1,1,"[""false"", ""true""]","[0.0024181604385375977, 0.9975818395614624]",
d1-omni,ood_rotten_balanced_v2,460,positive,noul,1,1,"[""false"", ""true""]","[0.005862593650817871, 0.9941374063491821]",
d1-omni,ood_rotten_balanced_v2,462,positive,noul,1,1,"[""false"", ""true""]","[0.03685122728347778, 0.9631487727165222]",
d1-omni,ood_rotten_balanced_v2,463,positive,noul,1,1,"[""false"", ""true""]","[0.0012946128845214844, 0.9987053871154785]",
d1-omni,ood_rotten_balanced_v2,466,positive,noul,1,1,"[""false"", ""true""]","[0.0759316086769104, 0.9240683913230896]",
d1-omni,ood_rotten_balanced_v2,468,positive,noul,1,1,"[""false"", ""true""]","[0.004321634769439697, 0.9956783652305603]",
d1-omni,ood_rotten_balanced_v2,469,positive,noul,1,1,"[""false"", ""true""]","[0.18422162532806396, 0.815778374671936]",
d1-omni,ood_rotten_balanced_v2,470,positive,noul,1,1,"[""false"", ""true""]","[0.4349519610404968, 0.5650480389595032]",
d1-omni,ood_rotten_balanced_v2,471,positive,noul,1,1,"[""false"", ""true""]","[0.0016245841979980469, 0.998375415802002]",
d1-omni,ood_rotten_balanced_v2,472,positive,noul,1,1,"[""false"", ""true""]","[0.003195524215698242, 0.9968044757843018]",
d1-omni,ood_rotten_balanced_v2,473,positive,noul,1,1,"[""false"", ""true""]","[0.0524822473526001, 0.9475177526473999]",
d1-omni,ood_rotten_balanced_v2,475,positive,noul,1,1,"[""false"", ""true""]","[0.0015358924865722656, 0.9984641075134277]",
d1-omni,ood_rotten_balanced_v2,476,positive,noul,1,1,"[""false"", ""true""]","[0.038676917552948, 0.961323082447052]",
d1-omni,ood_rotten_balanced_v2,477,positive,noul,1,1,"[""false"", ""true""]","[0.003614664077758789, 0.9963853359222412]",
d1-omni,ood_rotten_balanced_v2,480,positive,noul,1,1,"[""false"", ""true""]","[0.036273181438446045, 0.963726818561554]",
d1-omni,ood_rotten_balanced_v2,483,positive,noul,1,1,"[""false"", ""true""]","[0.0025103092193603516, 0.9974896907806396]",
d1-omni,ood_rotten_balanced_v2,485,positive,noul,1,1,"[""false"", ""true""]","[0.0047113895416259766, 0.995288610458374]",
d1-omni,ood_rotten_balanced_v2,486,positive,noul,1,1,"[""false"", ""true""]","[0.00453871488571167, 0.9954612851142883]",
d1-omni,ood_rotten_balanced_v2,487,positive,noul,1,1,"[""false"", ""true""]","[0.0011761784553527832, 0.9988238215446472]",
d1-omni,ood_rotten_balanced_v2,490,positive,noul,1,1,"[""false"", ""true""]","[0.03674215078353882, 0.9632578492164612]",
d1-omni,ood_rotten_balanced_v2,492,positive,noul,1,1,"[""false"", ""true""]","[0.0043877363204956055, 0.9956122636795044]",
d1-omni,ood_rotten_balanced_v2,493,positive,noul,1,1,"[""false"", ""true""]","[0.002495706081390381, 0.9975042939186096]",
d1-omni,ood_rotten_balanced_v2,496,positive,noul,1,1,"[""false"", ""true""]","[0.056122541427612305, 0.9438774585723877]",
d1-omni,ood_rotten_balanced_v2,497,positive,noul,1,1,"[""false"", ""true""]","[0.20032405853271484, 0.7996759414672852]",
d1-omni,ood_rotten_balanced_v2,498,positive,noul,1,1,"[""false"", ""true""]","[0.12393563985824585, 0.8760643601417542]",
d1-omni,ood_rotten_balanced_v2,499,positive,noul,1,1,"[""false"", ""true""]","[0.03288614749908447, 0.9671138525009155]",
d1-omni,ood_rotten_balanced_v2,505,positive,noul,1,1,"[""false"", ""true""]","[0.005312681198120117, 0.9946873188018799]",
d1-omni,ood_rotten_balanced_v2,507,positive,noul,1,1,"[""false"", ""true""]","[0.0046187639236450195, 0.995381236076355]",
d1-omni,ood_rotten_balanced_v2,508,positive,noul,1,1,"[""false"", ""true""]","[0.0022622346878051758, 0.9977377653121948]",
d1-omni,ood_rotten_balanced_v2,510,positive,noul,1,1,"[""false"", ""true""]","[0.004694819450378418, 0.9953051805496216]",
d1-omni,ood_rotten_balanced_v2,513,positive,noul,1,1,"[""false"", ""true""]","[0.0006862878799438477, 0.9993137121200562]",
d1-omni,ood_rotten_balanced_v2,516,positive,noul,1,0,"[""false"", ""true""]","[0.9104889705777168, 0.08951102942228317]",
d1-omni,ood_rotten_balanced_v2,517,positive,noul,1,1,"[""false"", ""true""]","[0.004076600074768066, 0.9959233999252319]",
d1-omni,ood_rotten_balanced_v2,518,positive,noul,1,1,"[""false"", ""true""]","[0.017999231815338135, 0.9820007681846619]",
d1-omni,ood_rotten_balanced_v2,522,positive,noul,1,1,"[""false"", ""true""]","[0.002843141555786133, 0.9971568584442139]",
d1-omni,ood_rotten_balanced_v2,531,positive,noul,1,1,"[""false"", ""true""]","[0.0033582448959350586, 0.9966417551040649]",
d1-omni,ood_rotten_balanced_v2,535,positive,noul,0,1,"[""false"", ""true""]","[0.4831571578979492, 0.5168428421020508]",
d1-omni,ood_rotten_balanced_v2,536,positive,noul,0,1,"[""false"", ""true""]","[0.007456064224243164, 0.9925439357757568]",
d1-omni,ood_rotten_balanced_v2,537,positive,noul,0,0,"[""false"", ""true""]","[0.9985031677642837, 0.0014968322357162833]",
d1-omni,ood_rotten_balanced_v2,539,positive,noul,0,0,"[""false"", ""true""]","[0.9977823223453015, 0.002217677654698491]",
d1-omni,ood_rotten_balanced_v2,540,positive,noul,0,1,"[""false"", ""true""]","[0.04286789894104004, 0.95713210105896]",
d1-omni,ood_rotten_balanced_v2,542,positive,noul,0,0,"[""false"", ""true""]","[0.9955244152806699, 0.004475584719330072]",
d1-omni,ood_rotten_balanced_v2,551,positive,noul,0,0,"[""false"", ""true""]","[0.8693934679031372, 0.1306065320968628]",
d1-omni,ood_rotten_balanced_v2,553,positive,noul,0,0,"[""false"", ""true""]","[0.9796913713216782, 0.02030862867832184]",
d1-omni,ood_rotten_balanced_v2,555,positive,noul,0,0,"[""false"", ""true""]","[0.979480417445302, 0.02051958255469799]",
d1-omni,ood_rotten_balanced_v2,556,positive,noul,0,0,"[""false"", ""true""]","[0.9277661666274071, 0.07223383337259293]",
d1-omni,ood_rotten_balanced_v2,560,positive,noul,0,0,"[""false"", ""true""]","[0.8844621554017067, 0.1155378445982933]",
d1-omni,ood_rotten_balanced_v2,562,positive,noul,0,0,"[""false"", ""true""]","[0.9855256015434861, 0.014474398456513882]",
d1-omni,ood_rotten_balanced_v2,563,positive,noul,0,0,"[""false"", ""true""]","[0.9894597101956606, 0.010540289804339409]",
d1-omni,ood_rotten_balanced_v2,564,positive,noul,0,0,"[""false"", ""true""]","[0.9993137183482759, 0.0006862816517241299]",
d1-omni,ood_rotten_balanced_v2,565,positive,noul,0,1,"[""false"", ""true""]","[0.054878413677215576, 0.9451215863227844]",
d1-omni,ood_rotten_balanced_v2,566,positive,noul,0,0,"[""false"", ""true""]","[0.9831638410687447, 0.01683615893125534]",
d1-omni,ood_rotten_balanced_v2,567,positive,noul,0,0,"[""false"", ""true""]","[0.9903044607490301, 0.009695539250969887]",
d1-omni,ood_rotten_balanced_v2,570,positive,noul,0,0,"[""false"", ""true""]","[0.9456511177122593, 0.05434888228774071]",
d1-omni,ood_rotten_balanced_v2,573,positive,noul,0,0,"[""false"", ""true""]","[0.9818969015032053, 0.0181030984967947]",
d1-omni,ood_rotten_balanced_v2,576,positive,noul,0,0,"[""false"", ""true""]","[0.9911337662488222, 0.008866233751177788]",
d1-omni,ood_rotten_balanced_v2,578,positive,noul,0,0,"[""false"", ""true""]","[0.7164956331253052, 0.2835043668746948]",
d1-omni,ood_rotten_balanced_v2,580,positive,noul,0,0,"[""false"", ""true""]","[0.9660250619053841, 0.033974938094615936]",
d1-omni,ood_rotten_balanced_v2,581,positive,noul,0,0,"[""false"", ""true""]","[0.9631436392664909, 0.036856360733509064]",
d1-omni,ood_rotten_balanced_v2,585,positive,noul,0,0,"[""false"", ""true""]","[0.995668288320303, 0.004331711679697037]",
d1-omni,ood_rotten_balanced_v2,586,positive,noul,0,0,"[""false"", ""true""]","[0.9714435636997223, 0.02855643630027771]",
d1-omni,ood_rotten_balanced_v2,587,positive,noul,0,0,"[""false"", ""true""]","[0.7701807469129562, 0.22981925308704376]",
d1-omni,ood_rotten_balanced_v2,588,positive,noul,0,0,"[""false"", ""true""]","[0.9991161679499783, 0.0008838320500217378]",
d1-omni,ood_rotten_balanced_v2,590,positive,noul,0,0,"[""false"", ""true""]","[0.9388331919908524, 0.061166808009147644]",
d1-omni,ood_rotten_balanced_v2,591,positive,noul,0,0,"[""false"", ""true""]","[0.6463882625102997, 0.3536117374897003]",
d1-omni,ood_rotten_balanced_v2,592,positive,noul,0,0,"[""false"", ""true""]","[0.9998203711875249, 0.00017962881247512996]",
d1-omni,ood_rotten_balanced_v2,593,positive,noul,0,0,"[""false"", ""true""]","[0.722850501537323, 0.277149498462677]",
d1-omni,ood_rotten_balanced_v2,597,positive,noul,0,0,"[""false"", ""true""]","[0.9627673253417015, 0.03723267465829849]",
d1-omni,ood_rotten_balanced_v2,600,positive,noul,0,0,"[""false"", ""true""]","[0.9998152473272057, 0.00018475267279427499]",
d1-omni,ood_rotten_balanced_v2,601,positive,noul,0,0,"[""false"", ""true""]","[0.9962389084976166, 0.0037610915023833513]",
d1-omni,ood_rotten_balanced_v2,606,positive,noul,0,0,"[""false"", ""true""]","[0.989593330770731, 0.010406669229269028]",
d1-omni,ood_rotten_balanced_v2,611,positive,noul,0,1,"[""false"", ""true""]","[0.02695941925048828, 0.9730405807495117]",
d1-omni,ood_rotten_balanced_v2,616,positive,noul,0,0,"[""false"", ""true""]","[0.9101061224937439, 0.0898938775062561]",
d1-omni,ood_rotten_balanced_v2,617,positive,noul,0,0,"[""false"", ""true""]","[0.998325195745565, 0.0016748042544350028]",
d1-omni,ood_rotten_balanced_v2,620,positive,noul,0,1,"[""false"", ""true""]","[0.1570650339126587, 0.8429349660873413]",
d1-omni,ood_rotten_balanced_v2,622,positive,noul,0,0,"[""false"", ""true""]","[0.9997878486174159, 0.0002121513825841248]",
d1-omni,ood_rotten_balanced_v2,628,positive,noul,0,0,"[""false"", ""true""]","[0.5677107870578766, 0.4322892129421234]",
d1-omni,ood_rotten_balanced_v2,629,positive,noul,0,0,"[""false"", ""true""]","[0.8287079334259033, 0.17129206657409668]",
d1-omni,ood_rotten_balanced_v2,630,positive,noul,0,0,"[""false"", ""true""]","[0.9969521276652813, 0.0030478723347187042]",
d1-omni,ood_rotten_balanced_v2,632,positive,noul,0,0,"[""false"", ""true""]","[0.5017581582069397, 0.4982418417930603]",
d1-omni,ood_rotten_balanced_v2,637,positive,noul,0,0,"[""false"", ""true""]","[0.6891525685787201, 0.3108474314212799]",
d1-omni,ood_rotten_balanced_v2,638,positive,noul,0,0,"[""false"", ""true""]","[0.9980085708666593, 0.0019914291333407164]",
d1-omni,ood_rotten_balanced_v2,639,positive,noul,0,0,"[""false"", ""true""]","[0.9451063945889473, 0.054893605411052704]",
d1-omni,ood_rotten_balanced_v2,641,positive,noul,0,0,"[""false"", ""true""]","[0.9351314976811409, 0.0648685023188591]",
d1-omni,ood_rotten_balanced_v2,645,positive,noul,0,0,"[""false"", ""true""]","[0.9636191464960575, 0.03638085350394249]",
d1-omni,ood_rotten_balanced_v2,646,positive,noul,0,0,"[""false"", ""true""]","[0.996813747799024, 0.003186252200976014]",
d1-omni,ood_rotten_balanced_v2,649,positive,noul,0,0,"[""false"", ""true""]","[0.8033123463392258, 0.19668765366077423]",
d1-omni,ood_rotten_balanced_v2,651,positive,noul,0,0,"[""false"", ""true""]","[0.9941884442232549, 0.005811555776745081]",
d1-omni,ood_rotten_balanced_v2,652,positive,noul,0,0,"[""false"", ""true""]","[0.9958026637323201, 0.00419733626767993]",
d1-omni,ood_rotten_balanced_v2,655,positive,noul,0,0,"[""false"", ""true""]","[0.5933925211429596, 0.4066074788570404]",
d1-omni,ood_rotten_balanced_v2,659,positive,noul,0,1,"[""false"", ""true""]","[0.10080224275588989, 0.8991977572441101]",
d1-omni,ood_rotten_balanced_v2,660,positive,noul,0,0,"[""false"", ""true""]","[0.9863066328689456, 0.013693367131054401]",
d1-omni,ood_rotten_balanced_v2,661,positive,noul,0,0,"[""false"", ""true""]","[0.9996116381662432, 0.00038836183375678957]",
d1-omni,ood_rotten_balanced_v2,664,positive,noul,0,1,"[""false"", ""true""]","[0.03489565849304199, 0.965104341506958]",
d1-omni,ood_rotten_balanced_v2,665,positive,noul,0,0,"[""false"", ""true""]","[0.9980591690400615, 0.0019408309599384665]",
d1-omni,ood_rotten_balanced_v2,667,positive,noul,0,0,"[""false"", ""true""]","[0.9886347707360983, 0.01136522926390171]",
d1-omni,ood_rotten_balanced_v2,668,positive,noul,0,0,"[""false"", ""true""]","[0.9926984696649015, 0.007301530335098505]",
d1-omni,ood_rotten_balanced_v2,670,positive,noul,0,0,"[""false"", ""true""]","[0.988137012347579, 0.011862987652420998]",
d1-omni,ood_rotten_balanced_v2,674,positive,noul,0,0,"[""false"", ""true""]","[0.9992409885744564, 0.0007590114255435765]",
d1-omni,ood_rotten_balanced_v2,676,positive,noul,0,0,"[""false"", ""true""]","[0.9852896491065621, 0.014710350893437862]",
d1-omni,ood_rotten_balanced_v2,677,positive,noul,0,0,"[""false"", ""true""]","[0.9985915502766147, 0.0014084497233852744]",
d1-omni,ood_rotten_balanced_v2,680,positive,noul,0,0,"[""false"", ""true""]","[0.9872394539415836, 0.012760546058416367]",
d1-omni,ood_rotten_balanced_v2,681,positive,noul,0,0,"[""false"", ""true""]","[0.9976099773775786, 0.002390022622421384]",
d1-omni,ood_rotten_balanced_v2,682,positive,noul,0,0,"[""false"", ""true""]","[0.9878168031573296, 0.01218319684267044]",
d1-omni,ood_rotten_balanced_v2,683,positive,noul,0,0,"[""false"", ""true""]","[0.9847183777019382, 0.015281622298061848]",
d1-omni,ood_rotten_balanced_v2,686,positive,noul,0,0,"[""false"", ""true""]","[0.9982490467373282, 0.0017509532626718283]",
d1-omni,ood_rotten_balanced_v2,687,positive,noul,0,0,"[""false"", ""true""]","[0.9585867822170258, 0.04141321778297424]",
d1-omni,ood_rotten_balanced_v2,688,positive,noul,0,0,"[""false"", ""true""]","[0.9317458271980286, 0.06825417280197144]",
d1-omni,ood_rotten_balanced_v2,691,positive,noul,0,1,"[""false"", ""true""]","[0.05796658992767334, 0.9420334100723267]",
d1-omni,ood_rotten_balanced_v2,693,positive,noul,0,0,"[""false"", ""true""]","[0.9996765154064633, 0.0003234845935367048]",
d1-omni,ood_rotten_balanced_v2,703,positive,noul,0,0,"[""false"", ""true""]","[0.7076647877693176, 0.2923352122306824]",
d1-omni,ood_rotten_balanced_v2,706,positive,noul,0,0,"[""false"", ""true""]","[0.9955504504032433, 0.004449549596756697]",
d1-omni,ood_rotten_balanced_v2,707,positive,noul,0,0,"[""false"", ""true""]","[0.9996337364136707, 0.00036626358632929623]",
d1-omni,ood_rotten_balanced_v2,710,positive,noul,0,0,"[""false"", ""true""]","[0.946990717202425, 0.053009282797575]",
d1-omni,ood_rotten_balanced_v2,711,positive,noul,0,0,"[""false"", ""true""]","[0.9661594554781914, 0.033840544521808624]",
d1-omni,ood_rotten_balanced_v2,714,positive,noul,0,0,"[""false"", ""true""]","[0.9993572902749293, 0.0006427097250707448]",
d1-omni,ood_rotten_balanced_v2,715,positive,noul,0,0,"[""false"", ""true""]","[0.999518207507208, 0.0004817924927920103]",
d1-omni,ood_rotten_balanced_v2,716,positive,noul,0,0,"[""false"", ""true""]","[0.994881889782846, 0.005118110217154026]",
d1-omni,ood_rotten_balanced_v2,721,positive,noul,0,0,"[""false"", ""true""]","[0.9672719351947308, 0.03272806480526924]",
d1-omni,ood_rotten_balanced_v2,722,positive,noul,0,1,"[""false"", ""true""]","[0.09180581569671631, 0.9081941843032837]",
d1-omni,ood_rotten_balanced_v2,723,positive,noul,0,0,"[""false"", ""true""]","[0.991575681604445, 0.00842431839555502]",
d1-omni,ood_rotten_balanced_v2,725,positive,noul,0,1,"[""false"", ""true""]","[0.00931483507156372, 0.9906851649284363]",
d1-omni,ood_rotten_balanced_v2,726,positive,noul,0,0,"[""false"", ""true""]","[0.6709575355052948, 0.3290424644947052]",
d1-omni,ood_rotten_balanced_v2,727,positive,noul,0,0,"[""false"", ""true""]","[0.9340928569436073, 0.06590714305639267]",
d1-omni,ood_rotten_balanced_v2,728,positive,noul,0,1,"[""false"", ""true""]","[0.1142268180847168, 0.8857731819152832]",
d1-omni,ood_rotten_balanced_v2,733,positive,noul,0,0,"[""false"", ""true""]","[0.9998608695022995, 0.00013913049770053476]",
d1-omni,ood_rotten_balanced_v2,736,positive,noul,0,1,"[""false"", ""true""]","[0.04136669635772705, 0.958633303642273]",
d1-omni,ood_rotten_balanced_v2,740,positive,noul,0,1,"[""false"", ""true""]","[0.3931072950363159, 0.6068927049636841]",
d1-omni,ood_rotten_balanced_v2,741,positive,noul,0,0,"[""false"", ""true""]","[0.9922881359234452, 0.007711864076554775]",
d1-omni,ood_rotten_balanced_v2,743,positive,noul,0,0,"[""false"", ""true""]","[0.9882600363343954, 0.011739963665604591]",
d1-omni,ood_rotten_balanced_v2,745,positive,noul,0,0,"[""false"", ""true""]","[0.9539077877998352, 0.046092212200164795]",
d1-omni,ood_rotten_balanced_v2,748,positive,noul,0,0,"[""false"", ""true""]","[0.9513156861066818, 0.048684313893318176]",
d1-omni,ood_rotten_balanced_v2,750,positive,noul,0,0,"[""false"", ""true""]","[0.8353013694286346, 0.16469863057136536]",
d1-omni,ood_rotten_balanced_v2,751,positive,noul,0,0,"[""false"", ""true""]","[0.988739650696516, 0.011260349303483963]",
d1-omni,ood_rotten_balanced_v2,753,positive,noul,0,0,"[""false"", ""true""]","[0.9928248100914061, 0.007175189908593893]",
d1-omni,ood_rotten_balanced_v2,754,positive,noul,0,0,"[""false"", ""true""]","[0.9989946621935815, 0.001005337806418538]",
d1-omni,ood_rotten_balanced_v2,755,positive,noul,0,0,"[""false"", ""true""]","[0.961702574044466, 0.03829742595553398]",
d1-omni,ood_rotten_balanced_v2,757,positive,noul,0,0,"[""false"", ""true""]","[0.9981715818867087, 0.0018284181132912636]",
d1-omni,ood_rotten_balanced_v2,765,positive,noul,0,0,"[""false"", ""true""]","[0.9953865599818528, 0.00461344001814723]",
d1-omni,ood_rotten_balanced_v2,768,positive,noul,0,0,"[""false"", ""true""]","[0.9967460301704705, 0.003253969829529524]",
d1-omni,ood_rotten_balanced_v2,769,positive,noul,0,0,"[""false"", ""true""]","[0.9771449659019709, 0.022855034098029137]",
d1-omni,ood_rotten_balanced_v2,770,positive,noul,0,0,"[""false"", ""true""]","[0.9914573738351464, 0.008542626164853573]",
d1-omni,ood_rotten_balanced_v2,773,positive,noul,0,1,"[""false"", ""true""]","[0.17710888385772705, 0.822891116142273]",
d1-omni,ood_rotten_balanced_v2,778,positive,noul,0,0,"[""false"", ""true""]","[0.9560245387256145, 0.04397546127438545]",
d1-omni,ood_rotten_balanced_v2,779,positive,noul,0,0,"[""false"", ""true""]","[0.86014424264431, 0.13985575735569]",
d1-omni,ood_rotten_balanced_v2,784,positive,noul,0,0,"[""false"", ""true""]","[0.9507150463759899, 0.049284953624010086]",
d1-omni,ood_rotten_balanced_v2,786,positive,noul,0,0,"[""false"", ""true""]","[0.9741404298692942, 0.025859570130705833]",
d1-omni,ood_rotten_balanced_v2,787,positive,noul,0,0,"[""false"", ""true""]","[0.9989899427164346, 0.001010057283565402]",
d1-omni,ood_rotten_balanced_v2,788,positive,noul,0,0,"[""false"", ""true""]","[0.9892373867332935, 0.010762613266706467]",
d1-omni,ood_rotten_balanced_v2,791,positive,noul,0,0,"[""false"", ""true""]","[0.9979374469257891, 0.002062553074210882]",
d1-omni,ood_rotten_balanced_v2,795,positive,noul,0,0,"[""false"", ""true""]","[0.695053368806839, 0.304946631193161]",
d1-omni,ood_rotten_balanced_v2,800,positive,noul,0,0,"[""false"", ""true""]","[0.9995391865668353, 0.00046081343316473067]",
d1-omni,ood_rotten_balanced_v2,801,positive,noul,0,0,"[""false"", ""true""]","[0.9979277732782066, 0.002072226721793413]",
d1-omni,ood_rotten_balanced_v2,805,positive,noul,0,1,"[""false"", ""true""]","[0.4266888499259949, 0.5733111500740051]",
d1-omni,ood_rotten_balanced_v2,807,positive,noul,0,1,"[""false"", ""true""]","[0.03128701448440552, 0.9687129855155945]",
d1-omni,ood_rotten_balanced_v2,810,positive,noul,0,1,"[""false"", ""true""]","[0.3265606164932251, 0.6734393835067749]",
d1-omni,ood_rotten_balanced_v2,811,positive,noul,0,0,"[""false"", ""true""]","[0.969199949875474, 0.030800050124526024]",
d1-omni,ood_rotten_balanced_v2,815,positive,noul,0,0,"[""false"", ""true""]","[0.9834905080497265, 0.016509491950273514]",
d1-omni,ood_rotten_balanced_v2,816,positive,noul,0,0,"[""false"", ""true""]","[0.9807146713137627, 0.019285328686237335]",
d1-omni,ood_rotten_balanced_v2,818,positive,noul,0,0,"[""false"", ""true""]","[0.9983524099225178, 0.001647590077482164]",
d1-omni,ood_rotten_balanced_v2,819,positive,noul,0,1,"[""false"", ""true""]","[0.05869090557098389, 0.9413090944290161]",
d1-omni,ood_rotten_balanced_v2,821,positive,noul,0,0,"[""false"", ""true""]","[0.9948878572322428, 0.005112142767757177]",
d1-omni,ood_rotten_balanced_v2,823,positive,noul,0,0,"[""false"", ""true""]","[0.9997575266315835, 0.00024247336841654032]",
d1-omni,ood_rotten_balanced_v2,825,positive,noul,0,0,"[""false"", ""true""]","[0.9957632874138653, 0.004236712586134672]",
d1-omni,ood_rotten_balanced_v2,826,positive,noul,0,0,"[""false"", ""true""]","[0.9993327424745075, 0.0006672575254924595]",
d1-omni,ood_rotten_balanced_v2,829,positive,noul,0,0,"[""false"", ""true""]","[0.9935909854248166, 0.006409014575183392]",
d1-omni,ood_rotten_balanced_v2,830,positive,noul,0,0,"[""false"", ""true""]","[0.9444336332380772, 0.055566366761922836]",
d1-omni,ood_rotten_balanced_v2,832,positive,noul,0,0,"[""false"", ""true""]","[0.9996345936087891, 0.00036540639121085405]",
d1-omni,ood_rotten_balanced_v2,833,positive,noul,0,0,"[""false"", ""true""]","[0.9783434569835663, 0.021656543016433716]",
d1-omni,ood_rotten_balanced_v2,834,positive,noul,0,0,"[""false"", ""true""]","[0.9197230339050293, 0.0802769660949707]",
d1-omni,ood_rotten_balanced_v2,837,positive,noul,0,1,"[""false"", ""true""]","[0.029565095901489258, 0.9704349040985107]",
d1-omni,ood_rotten_balanced_v2,839,positive,noul,0,0,"[""false"", ""true""]","[0.9987412532791495, 0.0012587467208504677]",
d1-omni,ood_rotten_balanced_v2,840,positive,noul,0,0,"[""false"", ""true""]","[0.9992824828950688, 0.0007175171049311757]",
d1-omni,ood_rotten_balanced_v2,841,positive,noul,0,0,"[""false"", ""true""]","[0.8930344358086586, 0.1069655641913414]",
d1-omni,ood_rotten_balanced_v2,842,positive,noul,0,0,"[""false"", ""true""]","[0.984945984557271, 0.015054015442728996]",
d1-omni,ood_rotten_balanced_v2,843,positive,noul,0,0,"[""false"", ""true""]","[0.9888435723260045, 0.011156427673995495]",
d1-omni,ood_rotten_balanced_v2,844,positive,noul,0,0,"[""false"", ""true""]","[0.9995774552517105, 0.0004225447482895106]",
d1-omni,ood_rotten_balanced_v2,846,positive,noul,0,0,"[""false"", ""true""]","[0.9987529873615131, 0.0012470126384869218]",
d1-omni,ood_rotten_balanced_v2,847,positive,noul,0,0,"[""false"", ""true""]","[0.9946061824448407, 0.00539381755515933]",
d1-omni,ood_rotten_balanced_v2,848,positive,noul,0,0,"[""false"", ""true""]","[0.9712150655686855, 0.02878493443131447]",
d1-omni,ood_rotten_balanced_v2,849,positive,noul,0,0,"[""false"", ""true""]","[0.9479532092809677, 0.05204679071903229]",
d1-omni,ood_rotten_balanced_v2,853,positive,noul,0,0,"[""false"", ""true""]","[0.9994389505591244, 0.0005610494408756495]",
d1-omni,ood_rotten_balanced_v2,854,positive,noul,0,0,"[""false"", ""true""]","[0.9750971496105194, 0.02490285038948059]",
d1-omni,ood_rotten_balanced_v2,855,positive,noul,0,0,"[""false"", ""true""]","[0.8452295511960983, 0.15477044880390167]",
d1-omni,ood_rotten_balanced_v2,856,positive,noul,0,0,"[""false"", ""true""]","[0.8774575218558311, 0.12254247814416885]",
d1-omni,ood_rotten_balanced_v2,857,positive,noul,0,0,"[""false"", ""true""]","[0.9991386481560767, 0.0008613518439233303]",
d1-omni,ood_rotten_balanced_v2,863,positive,noul,0,0,"[""false"", ""true""]","[0.5724507570266724, 0.42754924297332764]",
d1-omni,ood_rotten_balanced_v2,865,positive,noul,0,1,"[""false"", ""true""]","[0.34932035207748413, 0.6506796479225159]",
d1-omni,ood_rotten_balanced_v2,867,positive,noul,0,0,"[""false"", ""true""]","[0.9971585241146386, 0.002841475885361433]",
d1-omni,ood_rotten_balanced_v2,868,positive,noul,0,0,"[""false"", ""true""]","[0.9489275962114334, 0.05107240378856659]",
d1-omni,ood_rotten_balanced_v2,869,positive,noul,0,1,"[""false"", ""true""]","[0.14395898580551147, 0.8560410141944885]",
d1-omni,ood_rotten_balanced_v2,871,positive,noul,0,0,"[""false"", ""true""]","[0.999272326589562, 0.0007276734104380012]",
d1-omni,ood_rotten_balanced_v2,874,positive,noul,0,0,"[""false"", ""true""]","[0.9960128040984273, 0.003987195901572704]",
d1-omni,ood_rotten_balanced_v2,876,positive,noul,0,0,"[""false"", ""true""]","[0.8758654147386551, 0.12413458526134491]",
d1-omni,ood_rotten_balanced_v2,877,positive,noul,0,0,"[""false"", ""true""]","[0.9601178094744682, 0.03988219052553177]",
d1-omni,ood_rotten_balanced_v2,880,positive,noul,0,0,"[""false"", ""true""]","[0.9463992416858673, 0.05360075831413269]",
d1-omni,ood_rotten_balanced_v2,881,positive,noul,0,0,"[""false"", ""true""]","[0.9556286334991455, 0.04437136650085449]",
d1-omni,ood_rotten_balanced_v2,882,positive,noul,0,0,"[""false"", ""true""]","[0.9942423696629703, 0.0057576303370296955]",
d1-omni,ood_rotten_balanced_v2,883,positive,noul,0,0,"[""false"", ""true""]","[0.925292931497097, 0.07470706850290298]",
d1-omni,ood_rotten_balanced_v2,885,positive,noul,0,0,"[""false"", ""true""]","[0.9995519631484058, 0.00044803685159422457]",
d1-omni,ood_rotten_balanced_v2,886,positive,noul,0,0,"[""false"", ""true""]","[0.9782937280833721, 0.021706271916627884]",
d1-omni,ood_rotten_balanced_v2,888,positive,noul,0,1,"[""false"", ""true""]","[0.0994294285774231, 0.9005705714225769]",
d1-omni,ood_rotten_balanced_v2,891,positive,noul,0,0,"[""false"", ""true""]","[0.9998611953633372, 0.00013880463666282594]",
d1-omni,ood_rotten_balanced_v2,893,positive,noul,0,0,"[""false"", ""true""]","[0.9941884442232549, 0.005811555776745081]",
d1-omni,ood_rotten_balanced_v2,897,positive,noul,0,1,"[""false"", ""true""]","[0.3408932685852051, 0.6591067314147949]",
d1-omni,ood_rotten_balanced_v2,898,positive,noul,0,0,"[""false"", ""true""]","[0.9789315201342106, 0.021068479865789413]",
d1-omni,ood_rotten_balanced_v2,899,positive,noul,0,0,"[""false"", ""true""]","[0.9990248083486222, 0.0009751916513778269]",
d1-omni,ood_rotten_balanced_v2,901,positive,noul,0,1,"[""false"", ""true""]","[0.10603147745132446, 0.8939685225486755]",
d1-omni,ood_rotten_balanced_v2,902,positive,noul,0,1,"[""false"", ""true""]","[0.018191874027252197, 0.9818081259727478]",
d1-omni,ood_rotten_balanced_v2,903,positive,noul,0,0,"[""false"", ""true""]","[0.5573270320892334, 0.4426729679107666]",
d1-omni,ood_rotten_balanced_v2,906,positive,noul,0,0,"[""false"", ""true""]","[0.9977404347155243, 0.002259565284475684]",
d1-omni,ood_rotten_balanced_v2,908,positive,noul,0,0,"[""false"", ""true""]","[0.9693918116390705, 0.03060818836092949]",
d1-omni,ood_rotten_balanced_v2,910,positive,noul,0,0,"[""false"", ""true""]","[0.8607775419950485, 0.13922245800495148]",
d1-omni,ood_rotten_balanced_v2,911,positive,noul,0,0,"[""false"", ""true""]","[0.8838919922709465, 0.1161080077290535]",
d1-omni,ood_rotten_balanced_v2,913,positive,noul,0,0,"[""false"", ""true""]","[0.9918927224352956, 0.008107277564704418]",
d1-omni,ood_rotten_balanced_v2,918,positive,noul,0,0,"[""false"", ""true""]","[0.9998207916942192, 0.00017920830578077585]",
d1-omni,ood_rotten_balanced_v2,919,positive,noul,0,0,"[""false"", ""true""]","[0.9996561926382128, 0.0003438073617871851]",
d1-omni,ood_rotten_balanced_v2,920,positive,noul,0,0,"[""false"", ""true""]","[0.9946935065090656, 0.005306493490934372]",
d1-omni,ood_rotten_balanced_v2,921,positive,noul,0,0,"[""false"", ""true""]","[0.6579536199569702, 0.3420463800430298]",
d1-omni,ood_rotten_balanced_v2,922,positive,noul,0,1,"[""false"", ""true""]","[0.0209389328956604, 0.9790610671043396]",
d1-omni,ood_rotten_balanced_v2,924,positive,noul,0,0,"[""false"", ""true""]","[0.9967612023465335, 0.003238797653466463]",
d1-omni,ood_rotten_balanced_v2,925,positive,noul,0,0,"[""false"", ""true""]","[0.9995843297510874, 0.00041567024891264737]",
d1-omni,ood_rotten_balanced_v2,927,positive,noul,0,0,"[""false"", ""true""]","[0.995359567925334, 0.004640432074666023]",
d1-omni,ood_rotten_balanced_v2,928,positive,noul,0,0,"[""false"", ""true""]","[0.9928248100914061, 0.007175189908593893]",
d1-omni,ood_rotten_balanced_v2,931,positive,noul,0,0,"[""false"", ""true""]","[0.995596936903894, 0.004403063096106052]",
d1-omni,ood_rotten_balanced_v2,932,positive,noul,0,0,"[""false"", ""true""]","[0.9871058817952871, 0.012894118204712868]",
d1-omni,ood_rotten_balanced_v2,936,positive,noul,0,0,"[""false"", ""true""]","[0.992060630582273, 0.007939369417726994]",
d1-omni,ood_rotten_balanced_v2,938,positive,noul,0,0,"[""false"", ""true""]","[0.9962912444025278, 0.003708755597472191]",
d1-omni,ood_rotten_balanced_v2,940,positive,noul,0,0,"[""false"", ""true""]","[0.8369075655937195, 0.16309243440628052]",
d1-omni,ood_rotten_balanced_v2,941,positive,noul,0,0,"[""false"", ""true""]","[0.9842529445886612, 0.015747055411338806]",
d1-omni,ood_rotten_balanced_v2,942,positive,noul,0,0,"[""false"", ""true""]","[0.9850843921303749, 0.014915607869625092]",
d1-omni,ood_rotten_balanced_v2,944,positive,noul,0,0,"[""false"", ""true""]","[0.9997966123773949, 0.00020338762260507792]",
d1-omni,ood_rotten_balanced_v2,945,positive,noul,0,0,"[""false"", ""true""]","[0.9988829380599782, 0.001117061940021813]",
d1-omni,ood_rotten_balanced_v2,946,positive,noul,0,0,"[""false"", ""true""]","[0.999328036326915, 0.0006719636730849743]",
d1-omni,ood_rotten_balanced_v2,947,positive,noul,0,0,"[""false"", ""true""]","[0.9569513648748398, 0.04304863512516022]",
d1-omni,ood_rotten_balanced_v2,948,positive,noul,0,0,"[""false"", ""true""]","[0.8194054067134857, 0.18059459328651428]",
d1-omni,ood_rotten_balanced_v2,949,positive,noul,0,1,"[""false"", ""true""]","[0.06783610582351685, 0.9321638941764832]",
d1-omni,ood_rotten_balanced_v2,953,positive,noul,0,0,"[""false"", ""true""]","[0.9679332934319973, 0.0320667065680027]",
d1-omni,ood_rotten_balanced_v2,956,positive,noul,0,0,"[""false"", ""true""]","[0.9309966191649437, 0.0690033808350563]",
d1-omni,ood_rotten_balanced_v2,957,positive,noul,0,0,"[""false"", ""true""]","[0.9998289986251621, 0.00017100137483794242]",
d1-omni,ood_rotten_balanced_v2,958,positive,noul,0,0,"[""false"", ""true""]","[0.9975246514659375, 0.0024753485340625048]",
d1-omni,ood_rotten_balanced_v2,960,positive,noul,0,1,"[""false"", ""true""]","[0.22785431146621704, 0.772145688533783]",
d1-omni,ood_rotten_balanced_v2,966,positive,noul,0,0,"[""false"", ""true""]","[0.9990994511754252, 0.0009005488245747983]",
d1-omni,ood_rotten_balanced_v2,969,positive,noul,0,0,"[""false"", ""true""]","[0.9911851165816188, 0.008814883418381214]",
d1-omni,ood_rotten_balanced_v2,970,positive,noul,0,0,"[""false"", ""true""]","[0.9683310724794865, 0.031668927520513535]",
d1-omni,ood_rotten_balanced_v2,976,positive,noul,0,0,"[""false"", ""true""]","[0.991826475597918, 0.008173524402081966]",
d1-omni,ood_rotten_balanced_v2,980,positive,noul,0,0,"[""false"", ""true""]","[0.9832991119474173, 0.01670088805258274]",
d1-omni,ood_rotten_balanced_v2,983,positive,noul,0,0,"[""false"", ""true""]","[0.9920698581263423, 0.007930141873657703]",
d1-omni,ood_rotten_balanced_v2,984,positive,noul,0,0,"[""false"", ""true""]","[0.9712478164583445, 0.02875218354165554]",
d1-omni,ood_rotten_balanced_v2,985,positive,noul,0,0,"[""false"", ""true""]","[0.9986144423019141, 0.0013855576980859041]",
d1-omni,ood_rotten_balanced_v2,987,positive,noul,0,1,"[""false"", ""true""]","[0.2466719150543213, 0.7533280849456787]",
d1-omni,ood_rotten_balanced_v2,989,positive,noul,0,1,"[""false"", ""true""]","[0.12893539667129517, 0.8710646033287048]",
d1-omni,ood_rotten_balanced_v2,991,positive,noul,0,0,"[""false"", ""true""]","[0.9999163393804338, 8.366061956621706e-05]",
d1-omni,ood_rotten_balanced_v2,992,positive,noul,0,0,"[""false"", ""true""]","[0.5707286298274994, 0.4292713701725006]",
d1-omni,ood_rotten_balanced_v2,998,positive,noul,0,1,"[""false"", ""true""]","[0.19146299362182617, 0.8085370063781738]",
d1-omni,ood_rotten_balanced_v2,999,positive,noul,0,0,"[""false"", ""true""]","[0.9990650641266257, 0.0009349358733743429]",
d1-omni,ood_rotten_balanced_v2,1000,positive,noul,0,1,"[""false"", ""true""]","[0.45368796586990356, 0.5463120341300964]",
d1-omni,ood_rotten_balanced_v2,1004,positive,noul,0,0,"[""false"", ""true""]","[0.9664836935698986, 0.033516306430101395]",
d1-omni,ood_rotten_balanced_v2,1005,positive,noul,0,0,"[""false"", ""true""]","[0.8380442559719086, 0.16195574402809143]",
d1-omni,ood_rotten_balanced_v2,1007,positive,noul,0,0,"[""false"", ""true""]","[0.9956632303074002, 0.004336769692599773]",
d1-omni,ood_rotten_balanced_v2,1010,positive,noul,0,0,"[""false"", ""true""]","[0.9650500789284706, 0.03494992107152939]",
d1-omni,ood_rotten_balanced_v2,1013,positive,noul,0,0,"[""false"", ""true""]","[0.9771449659019709, 0.022855034098029137]",
d1-omni,ood_rotten_balanced_v2,1014,positive,noul,0,1,"[""false"", ""true""]","[0.05193126201629639, 0.9480687379837036]",
d1-omni,ood_rotten_balanced_v2,1017,positive,noul,0,0,"[""false"", ""true""]","[0.9993980975123122, 0.0006019024876877666]",
d1-omni,ood_rotten_balanced_v2,1020,positive,noul,0,0,"[""false"", ""true""]","[0.9820214863866568, 0.01797851361334324]",
d1-omni,ood_rotten_balanced_v2,1021,positive,noul,0,0,"[""false"", ""true""]","[0.9719911627471447, 0.0280088372528553]",
d1-omni,ood_rotten_balanced_v2,1022,positive,noul,0,0,"[""false"", ""true""]","[0.9528923593461514, 0.04710764065384865]",
d1-omni,ood_rotten_balanced_v2,1028,positive,noul,0,1,"[""false"", ""true""]","[0.011117756366729736, 0.9888822436332703]",
d1-omni,ood_rotten_balanced_v2,1029,positive,noul,0,1,"[""false"", ""true""]","[0.09533464908599854, 0.9046653509140015]",
d1-omni,ood_rotten_balanced_v2,1030,positive,noul,0,0,"[""false"", ""true""]","[0.9986747213406488, 0.00132527865935117]",
d1-omni,ood_rotten_balanced_v2,1031,positive,noul,0,0,"[""false"", ""true""]","[0.9991406631306745, 0.0008593368693254888]",
d1-omni,ood_rotten_balanced_v2,1036,positive,noul,0,0,"[""false"", ""true""]","[0.9820214863866568, 0.01797851361334324]",
d1-omni,ood_rotten_balanced_v2,1039,positive,noul,0,0,"[""false"", ""true""]","[0.9795744325965643, 0.020425567403435707]",
d1-omni,ood_rotten_balanced_v2,1041,positive,noul,0,1,"[""false"", ""true""]","[0.07346087694168091, 0.9265391230583191]",
d1-omni,ood_rotten_balanced_v2,1042,positive,noul,0,0,"[""false"", ""true""]","[0.8958288356661797, 0.10417116433382034]",
d1-omni,ood_rotten_balanced_v2,1043,positive,noul,0,0,"[""false"", ""true""]","[0.9986591178458184, 0.0013408821541815996]",
d1-omni,ood_rotten_balanced_v2,1044,positive,noul,0,0,"[""false"", ""true""]","[0.9964687728788704, 0.003531227121129632]",
d1-omni,ood_rotten_balanced_v2,1045,positive,noul,0,0,"[""false"", ""true""]","[0.994249074254185, 0.005750925745815039]",
d1-omni,ood_rotten_balanced_v2,1054,positive,noul,0,0,"[""false"", ""true""]","[0.9687595702707767, 0.03124042972922325]",
d1-omni,ood_rotten_balanced_v2,1055,positive,noul,0,0,"[""false"", ""true""]","[0.7853455245494843, 0.21465447545051575]",
d1-omni,ood_rotten_balanced_v2,1056,positive,noul,0,0,"[""false"", ""true""]","[0.9316339269280434, 0.06836607307195663]",
d1-omni,ood_rotten_balanced_v2,1057,positive,noul,0,0,"[""false"", ""true""]","[0.9120056554675102, 0.08799434453248978]",
d1-omni,ood_rotten_balanced_v2,1062,positive,noul,0,0,"[""false"", ""true""]","[0.9646925255656242, 0.03530747443437576]",
d1-omni,ood_rotten_balanced_v2,1063,positive,noul,0,0,"[""false"", ""true""]","[0.9984569208463654, 0.0015430791536346078]",
d1-omni,ood_rotten_balanced_v2,1064,positive,noul,0,0,"[""false"", ""true""]","[0.9984478647820652, 0.0015521352179348469]",
d1-omni,ood_rotten_balanced_v2,1065,positive,noul,0,0,"[""false"", ""true""]","[0.9101061224937439, 0.0898938775062561]",
d1-omni,ood_sst2_balanced_v2,0,positive,noul,1,1,"[""false"", ""true""]","[0.0022254586219787598, 0.9977745413780212]",
d1-omni,ood_sst2_balanced_v2,2,positive,noul,1,1,"[""false"", ""true""]","[0.04985445737838745, 0.9501455426216125]",
d1-omni,ood_sst2_balanced_v2,4,positive,noul,0,0,"[""false"", ""true""]","[0.9893120061606169, 0.010687993839383125]",
d1-omni,ood_sst2_balanced_v2,6,positive,noul,0,0,"[""false"", ""true""]","[0.9913172600790858, 0.008682739920914173]",
d1-omni,ood_sst2_balanced_v2,7,positive,noul,0,0,"[""false"", ""true""]","[0.9343269914388657, 0.06567300856113434]",
d1-omni,ood_sst2_balanced_v2,8,positive,noul,1,1,"[""false"", ""true""]","[0.009358227252960205, 0.9906417727470398]",
d1-omni,ood_sst2_balanced_v2,9,positive,noul,0,0,"[""false"", ""true""]","[0.9979374469257891, 0.002062553074210882]",
d1-omni,ood_sst2_balanced_v2,10,positive,noul,1,1,"[""false"", ""true""]","[0.0014691352844238281, 0.9985308647155762]",
d1-omni,ood_sst2_balanced_v2,11,positive,noul,0,0,"[""false"", ""true""]","[0.9354507103562355, 0.0645492896437645]",
d1-omni,ood_sst2_balanced_v2,12,positive,noul,0,0,"[""false"", ""true""]","[0.953701201826334, 0.046298798173666]",
d1-omni,ood_sst2_balanced_v2,13,positive,noul,1,1,"[""false"", ""true""]","[0.055566370487213135, 0.9444336295127869]",
d1-omni,ood_sst2_balanced_v2,15,positive,noul,1,1,"[""false"", ""true""]","[0.0020893216133117676, 0.9979106783866882]",
d1-omni,ood_sst2_balanced_v2,23,positive,noul,1,1,"[""false"", ""true""]","[0.0018543004989624023, 0.9981456995010376]",
d1-omni,ood_sst2_balanced_v2,25,positive,noul,0,0,"[""false"", ""true""]","[0.9720230512320995, 0.027976948767900467]",
d1-omni,ood_sst2_balanced_v2,26,positive,noul,0,0,"[""false"", ""true""]","[0.7260384857654572, 0.27396151423454285]",
d1-omni,ood_sst2_balanced_v2,28,positive,noul,0,0,"[""false"", ""true""]","[0.9983562611741945, 0.0016437388258054852]",
d1-omni,ood_sst2_balanced_v2,31,positive,noul,0,0,"[""false"", ""true""]","[0.9960544807836413, 0.003945519216358662]",
d1-omni,ood_sst2_balanced_v2,32,positive,noul,1,1,"[""false"", ""true""]","[0.0013267993927001953, 0.9986732006072998]",
d1-omni,ood_sst2_balanced_v2,34,positive,noul,0,0,"[""false"", ""true""]","[0.9992774225538597, 0.0007225774461403489]",
d1-omni,ood_sst2_balanced_v2,35,positive,noul,0,0,"[""false"", ""true""]","[0.9613992311060429, 0.03860076889395714]",
d1-omni,ood_sst2_balanced_v2,36,positive,noul,1,1,"[""false"", ""true""]","[0.0010352134704589844, 0.998964786529541]",
d1-omni,ood_sst2_balanced_v2,37,positive,noul,0,0,"[""false"", ""true""]","[0.6514285802841187, 0.34857141971588135]",
d1-omni,ood_sst2_balanced_v2,38,positive,noul,1,1,"[""false"", ""true""]","[0.005886495113372803, 0.9941135048866272]",
d1-omni,ood_sst2_balanced_v2,39,positive,noul,1,1,"[""false"", ""true""]","[0.0015759468078613281, 0.9984240531921387]",
d1-omni,ood_sst2_balanced_v2,43,positive,noul,1,1,"[""false"", ""true""]","[0.004525482654571533, 0.9954745173454285]",
d1-omni,ood_sst2_balanced_v2,44,positive,noul,0,0,"[""false"", ""true""]","[0.8853871747851372, 0.11461282521486282]",
d1-omni,ood_sst2_balanced_v2,45,positive,noul,0,0,"[""false"", ""true""]","[0.9969945682678372, 0.003005431732162833]",
d1-omni,ood_sst2_balanced_v2,46,positive,noul,0,0,"[""false"", ""true""]","[0.8632867634296417, 0.13671323657035828]",
d1-omni,ood_sst2_balanced_v2,48,positive,noul,1,1,"[""false"", ""true""]","[0.0050705671310424805, 0.9949294328689575]",
d1-omni,ood_sst2_balanced_v2,50,positive,noul,0,0,"[""false"", ""true""]","[0.9998733212123625, 0.00012667878763750196]",
d1-omni,ood_sst2_balanced_v2,51,positive,noul,1,1,"[""false"", ""true""]","[0.0016132593154907227, 0.9983867406845093]",
d1-omni,ood_sst2_balanced_v2,53,positive,noul,1,1,"[""false"", ""true""]","[0.0021287202835083008, 0.9978712797164917]",
d1-omni,ood_sst2_balanced_v2,55,positive,noul,1,1,"[""false"", ""true""]","[0.00373917818069458, 0.9962608218193054]",
d1-omni,ood_sst2_balanced_v2,57,positive,noul,0,0,"[""false"", ""true""]","[0.917930968105793, 0.082069031894207]",
d1-omni,ood_sst2_balanced_v2,59,positive,noul,0,0,"[""false"", ""true""]","[0.999124409223441, 0.0008755907765589654]",
d1-omni,ood_sst2_balanced_v2,61,positive,noul,0,0,"[""false"", ""true""]","[0.9985581908840686, 0.0014418091159313917]",
d1-omni,ood_sst2_balanced_v2,62,positive,noul,1,1,"[""false"", ""true""]","[0.26144033670425415, 0.7385596632957458]",
d1-omni,ood_sst2_balanced_v2,63,positive,noul,1,1,"[""false"", ""true""]","[0.007395625114440918, 0.9926043748855591]",
d1-omni,ood_sst2_balanced_v2,65,positive,noul,0,0,"[""false"", ""true""]","[0.6719070374965668, 0.3280929625034332]",
d1-omni,ood_sst2_balanced_v2,66,positive,noul,1,1,"[""false"", ""true""]","[0.038503050804138184, 0.9614969491958618]",
d1-omni,ood_sst2_balanced_v2,67,positive,noul,1,1,"[""false"", ""true""]","[0.0008807778358459473, 0.999119222164154]",
d1-omni,ood_sst2_balanced_v2,68,positive,noul,1,1,"[""false"", ""true""]","[0.013303220272064209, 0.9866967797279358]",
d1-omni,ood_sst2_balanced_v2,70,positive,noul,0,1,"[""false"", ""true""]","[0.19475030899047852, 0.8052496910095215]",
d1-omni,ood_sst2_balanced_v2,72,positive,noul,1,1,"[""false"", ""true""]","[0.006908893585205078, 0.9930911064147949]",
d1-omni,ood_sst2_balanced_v2,73,positive,noul,1,1,"[""false"", ""true""]","[0.070639967918396, 0.929360032081604]",
d1-omni,ood_sst2_balanced_v2,74,positive,noul,0,0,"[""false"", ""true""]","[0.997942266985774, 0.0020577330142259598]",
d1-omni,ood_sst2_balanced_v2,75,positive,noul,1,1,"[""false"", ""true""]","[0.004207134246826172, 0.9957928657531738]",
d1-omni,ood_sst2_balanced_v2,76,positive,noul,0,0,"[""false"", ""true""]","[0.9924829830415547, 0.007517016958445311]",
d1-omni,ood_sst2_balanced_v2,77,positive,noul,1,1,"[""false"", ""true""]","[0.005889952182769775, 0.9941100478172302]",
d1-omni,ood_sst2_balanced_v2,81,positive,noul,0,0,"[""false"", ""true""]","[0.8308600783348083, 0.16913992166519165]",
d1-omni,ood_sst2_balanced_v2,82,positive,noul,0,0,"[""false"", ""true""]","[0.9951094682328403, 0.0048905317671597]",
d1-omni,ood_sst2_balanced_v2,83,positive,noul,1,1,"[""false"", ""true""]","[0.07266700267791748, 0.9273329973220825]",
d1-omni,ood_sst2_balanced_v2,87,positive,noul,1,0,"[""false"", ""true""]","[0.6765811443328857, 0.32341885566711426]",
d1-omni,ood_sst2_balanced_v2,90,positive,noul,1,1,"[""false"", ""true""]","[0.004083812236785889, 0.9959161877632141]",
d1-omni,ood_sst2_balanced_v2,91,positive,noul,1,1,"[""false"", ""true""]","[0.036597251892089844, 0.9634027481079102]",
d1-omni,ood_sst2_balanced_v2,92,positive,noul,0,0,"[""false"", ""true""]","[0.5784640908241272, 0.4215359091758728]",
d1-omni,ood_sst2_balanced_v2,93,positive,noul,1,0,"[""false"", ""true""]","[0.9850886929780245, 0.014911307021975517]",
d1-omni,ood_sst2_balanced_v2,94,positive,noul,1,1,"[""false"", ""true""]","[0.0016322731971740723, 0.9983677268028259]",
d1-omni,ood_sst2_balanced_v2,95,positive,noul,0,1,"[""false"", ""true""]","[0.00453341007232666, 0.9954665899276733]",
d1-omni,ood_sst2_balanced_v2,97,positive,noul,1,1,"[""false"", ""true""]","[0.004509627819061279, 0.9954903721809387]",
d1-omni,ood_sst2_balanced_v2,98,positive,noul,0,0,"[""false"", ""true""]","[0.9601850733160973, 0.03981492668390274]",
d1-omni,ood_sst2_balanced_v2,100,positive,noul,1,1,"[""false"", ""true""]","[0.006773531436920166, 0.9932264685630798]",
d1-omni,ood_sst2_balanced_v2,101,positive,noul,0,0,"[""false"", ""true""]","[0.9736637827008963, 0.026336217299103737]",
d1-omni,ood_sst2_balanced_v2,103,positive,noul,1,1,"[""false"", ""true""]","[0.000980973243713379, 0.9990190267562866]",
d1-omni,ood_sst2_balanced_v2,105,positive,noul,0,0,"[""false"", ""true""]","[0.7859130799770355, 0.21408692002296448]",
d1-omni,ood_sst2_balanced_v2,106,positive,noul,1,1,"[""false"", ""true""]","[0.005707502365112305, 0.9942924976348877]",
d1-omni,ood_sst2_balanced_v2,107,positive,noul,0,0,"[""false"", ""true""]","[0.9953160570003092, 0.004683942999690771]",
d1-omni,ood_sst2_balanced_v2,109,positive,noul,1,1,"[""false"", ""true""]","[0.0020577311515808105, 0.9979422688484192]",
d1-omni,ood_sst2_balanced_v2,111,positive,noul,0,0,"[""false"", ""true""]","[0.9189843460917473, 0.08101565390825272]",
d1-omni,ood_sst2_balanced_v2,113,positive,noul,0,0,"[""false"", ""true""]","[0.9614861235022545, 0.038513876497745514]",
d1-omni,ood_sst2_balanced_v2,114,positive,noul,1,1,"[""false"", ""true""]","[0.036491453647613525, 0.9635085463523865]",
d1-omni,ood_sst2_balanced_v2,116,positive,noul,1,1,"[""false"", ""true""]","[0.014021694660186768, 0.9859783053398132]",
d1-omni,ood_sst2_balanced_v2,117,positive,noul,1,1,"[""false"", ""true""]","[0.003443598747253418, 0.9965564012527466]",
d1-omni,ood_sst2_balanced_v2,118,positive,noul,0,0,"[""false"", ""true""]","[0.9877460692077875, 0.012253930792212486]",
d1-omni,ood_sst2_balanced_v2,119,positive,noul,0,0,"[""false"", ""true""]","[0.9948459542356431, 0.005154045764356852]",
d1-omni,ood_sst2_balanced_v2,120,positive,noul,1,1,"[""false"", ""true""]","[0.0054094791412353516, 0.9945905208587646]",
d1-omni,ood_sst2_balanced_v2,122,positive,noul,1,1,"[""false"", ""true""]","[0.03266322612762451, 0.9673367738723755]",
d1-omni,ood_sst2_balanced_v2,124,positive,noul,1,1,"[""false"", ""true""]","[0.05127161741256714, 0.9487283825874329]",
d1-omni,ood_sst2_balanced_v2,127,positive,noul,0,0,"[""false"", ""true""]","[0.989471928216517, 0.010528071783483028]",
d1-omni,ood_sst2_balanced_v2,131,positive,noul,0,0,"[""false"", ""true""]","[0.9968433913309127, 0.0031566086690872908]",
d1-omni,ood_sst2_balanced_v2,135,positive,noul,0,1,"[""false"", ""true""]","[0.35137122869491577, 0.6486287713050842]",
d1-omni,ood_sst2_balanced_v2,136,positive,noul,0,0,"[""false"", ""true""]","[0.994388117454946, 0.005611882545053959]",
d1-omni,ood_sst2_balanced_v2,139,positive,noul,0,0,"[""false"", ""true""]","[0.5611551702022552, 0.43884482979774475]",
d1-omni,ood_sst2_balanced_v2,140,positive,noul,0,0,"[""false"", ""true""]","[0.9928581304848194, 0.007141869515180588]",
d1-omni,ood_sst2_balanced_v2,142,positive,noul,1,1,"[""false"", ""true""]","[0.018418312072753906, 0.9815816879272461]",
d1-omni,ood_sst2_balanced_v2,144,positive,noul,0,0,"[""false"", ""true""]","[0.99938527145423, 0.0006147285457700491]",
d1-omni,ood_sst2_balanced_v2,147,positive,noul,0,1,"[""false"", ""true""]","[0.035613179206848145, 0.9643868207931519]",
d1-omni,ood_sst2_balanced_v2,150,positive,noul,1,1,"[""false"", ""true""]","[0.0003495216369628906, 0.9996504783630371]",
d1-omni,ood_sst2_balanced_v2,151,positive,noul,1,1,"[""false"", ""true""]","[0.0025280117988586426, 0.9974719882011414]",
d1-omni,ood_sst2_balanced_v2,152,positive,noul,1,1,"[""false"", ""true""]","[0.004172980785369873, 0.9958270192146301]",
d1-omni,ood_sst2_balanced_v2,153,positive,noul,0,0,"[""false"", ""true""]","[0.9812826905399561, 0.018717309460043907]",
d1-omni,ood_sst2_balanced_v2,154,positive,noul,1,1,"[""false"", ""true""]","[0.007838428020477295, 0.9921615719795227]",
d1-omni,ood_sst2_balanced_v2,155,positive,noul,0,0,"[""false"", ""true""]","[0.9989340475294739, 0.0010659524705260992]",
d1-omni,ood_sst2_balanced_v2,157,positive,noul,0,0,"[""false"", ""true""]","[0.990526975132525, 0.009473024867475033]",
d1-omni,ood_sst2_balanced_v2,159,positive,noul,1,1,"[""false"", ""true""]","[0.05690377950668335, 0.9430962204933167]",
d1-omni,ood_sst2_balanced_v2,164,positive,noul,1,1,"[""false"", ""true""]","[0.1866115927696228, 0.8133884072303772]",
d1-omni,ood_sst2_balanced_v2,167,positive,noul,0,0,"[""false"", ""true""]","[0.9922970994375646, 0.0077029005624353886]",
d1-omni,ood_sst2_balanced_v2,169,positive,noul,1,1,"[""false"", ""true""]","[0.0017966032028198242, 0.9982033967971802]",
d1-omni,ood_sst2_balanced_v2,170,positive,noul,1,1,"[""false"", ""true""]","[0.0012325048446655273, 0.9987674951553345]",
d1-omni,ood_sst2_balanced_v2,171,positive,noul,0,1,"[""false"", ""true""]","[0.0358656644821167, 0.9641343355178833]",
d1-omni,ood_sst2_balanced_v2,173,positive,noul,0,1,"[""false"", ""true""]","[0.45615845918655396, 0.543841540813446]",
d1-omni,ood_sst2_balanced_v2,174,positive,noul,1,1,"[""false"", ""true""]","[0.008088409900665283, 0.9919115900993347]",
d1-omni,ood_sst2_balanced_v2,176,positive,noul,0,0,"[""false"", ""true""]","[0.9998143792763585, 0.00018562072364147753]",
d1-omni,ood_sst2_balanced_v2,177,positive,noul,0,0,"[""false"", ""true""]","[0.9875314319506288, 0.012468568049371243]",
d1-omni,ood_sst2_balanced_v2,180,positive,noul,0,0,"[""false"", ""true""]","[0.9499404653906822, 0.05005953460931778]",
d1-omni,ood_sst2_balanced_v2,181,positive,noul,0,0,"[""false"", ""true""]","[0.9555789120495319, 0.04442108795046806]",
d1-omni,ood_sst2_balanced_v2,182,positive,noul,0,0,"[""false"", ""true""]","[0.9207554161548615, 0.07924458384513855]",
d1-omni,ood_sst2_balanced_v2,189,positive,noul,0,0,"[""false"", ""true""]","[0.5881502032279968, 0.4118497967720032]",
d1-omni,ood_sst2_balanced_v2,190,positive,noul,0,0,"[""false"", ""true""]","[0.9822067879140377, 0.017793212085962296]",
d1-omni,ood_sst2_balanced_v2,193,positive,noul,1,1,"[""false"", ""true""]","[0.00892561674118042, 0.9910743832588196]",
d1-omni,ood_sst2_balanced_v2,194,positive,noul,1,1,"[""false"", ""true""]","[0.03965836763381958, 0.9603416323661804]",
d1-omni,ood_sst2_balanced_v2,197,positive,noul,0,0,"[""false"", ""true""]","[0.9885422103106976, 0.011457789689302444]",
d1-omni,ood_sst2_balanced_v2,200,positive,noul,1,1,"[""false"", ""true""]","[0.0827782154083252, 0.9172217845916748]",
d1-omni,ood_sst2_balanced_v2,201,positive,noul,1,1,"[""false"", ""true""]","[0.14738678932189941, 0.8526132106781006]",
d1-omni,ood_sst2_balanced_v2,203,positive,noul,0,0,"[""false"", ""true""]","[0.998017868725583, 0.0019821312744170427]",
d1-omni,ood_sst2_balanced_v2,206,positive,noul,1,1,"[""false"", ""true""]","[0.002977430820465088, 0.9970225691795349]",
d1-omni,ood_sst2_balanced_v2,207,positive,noul,1,1,"[""false"", ""true""]","[0.0026755332946777344, 0.9973244667053223]",
d1-omni,ood_sst2_balanced_v2,210,positive,noul,1,1,"[""false"", ""true""]","[0.004939258098602295, 0.9950607419013977]",
d1-omni,ood_sst2_balanced_v2,214,positive,noul,0,0,"[""false"", ""true""]","[0.7699212580919266, 0.23007874190807343]",
d1-omni,ood_sst2_balanced_v2,215,positive,noul,1,1,"[""false"", ""true""]","[0.01781630516052246, 0.9821836948394775]",
d1-omni,ood_sst2_balanced_v2,217,positive,noul,0,0,"[""false"", ""true""]","[0.8762233927845955, 0.12377660721540451]",
d1-omni,ood_sst2_balanced_v2,218,positive,noul,0,0,"[""false"", ""true""]","[0.983885457739234, 0.01611454226076603]",
d1-omni,ood_sst2_balanced_v2,219,positive,noul,1,1,"[""false"", ""true""]","[0.0046027302742004395, 0.9953972697257996]",
d1-omni,ood_sst2_balanced_v2,220,positive,noul,1,1,"[""false"", ""true""]","[0.011587917804718018, 0.988412082195282]",
d1-omni,ood_sst2_balanced_v2,221,positive,noul,0,0,"[""false"", ""true""]","[0.9856753218919039, 0.014324678108096123]",
d1-omni,ood_sst2_balanced_v2,223,positive,noul,1,1,"[""false"", ""true""]","[0.44701486825942993, 0.5529851317405701]",
d1-omni,ood_sst2_balanced_v2,227,positive,noul,1,1,"[""false"", ""true""]","[0.0021361708641052246, 0.9978638291358948]",
d1-omni,ood_sst2_balanced_v2,229,positive,noul,0,0,"[""false"", ""true""]","[0.9825114719569683, 0.017488528043031693]",
d1-omni,ood_sst2_balanced_v2,233,positive,noul,0,0,"[""false"", ""true""]","[0.9749544356018305, 0.025045564398169518]",
d1-omni,ood_sst2_balanced_v2,237,positive,noul,0,0,"[""false"", ""true""]","[0.9975130478851497, 0.0024869521148502827]",
d1-omni,ood_sst2_balanced_v2,238,positive,noul,0,0,"[""false"", ""true""]","[0.9931671265512705, 0.006832873448729515]",
d1-omni,ood_sst2_balanced_v2,239,positive,noul,1,1,"[""false"", ""true""]","[0.0012167096138000488, 0.9987832903862]",
d1-omni,ood_sst2_balanced_v2,240,positive,noul,1,1,"[""false"", ""true""]","[0.004919171333312988, 0.995080828666687]",
d1-omni,ood_sst2_balanced_v2,241,positive,noul,0,0,"[""false"", ""true""]","[0.8756182789802551, 0.12438172101974487]",
d1-omni,ood_sst2_balanced_v2,242,positive,noul,0,0,"[""false"", ""true""]","[0.9879151536151767, 0.012084846384823322]",
d1-omni,ood_sst2_balanced_v2,243,positive,noul,1,1,"[""false"", ""true""]","[0.017388105392456055, 0.982611894607544]",
d1-omni,ood_sst2_balanced_v2,244,positive,noul,1,1,"[""false"", ""true""]","[0.0017305612564086914, 0.9982694387435913]",
d1-omni,ood_sst2_balanced_v2,245,positive,noul,1,1,"[""false"", ""true""]","[0.0064089298248291016, 0.9935910701751709]",
d1-omni,ood_sst2_balanced_v2,246,positive,noul,1,1,"[""false"", ""true""]","[0.0025280117988586426, 0.9974719882011414]",
d1-omni,ood_sst2_balanced_v2,248,positive,noul,1,1,"[""false"", ""true""]","[0.00342559814453125, 0.9965744018554688]",
d1-omni,ood_sst2_balanced_v2,253,positive,noul,0,0,"[""false"", ""true""]","[0.5884341299533844, 0.4115658700466156]",
d1-omni,ood_sst2_balanced_v2,258,positive,noul,0,0,"[""false"", ""true""]","[0.994295799639076, 0.0057042003609240055]",
d1-omni,ood_sst2_balanced_v2,259,positive,noul,1,1,"[""false"", ""true""]","[0.007310092449188232, 0.9926899075508118]",
d1-omni,ood_sst2_balanced_v2,261,positive,noul,1,1,"[""false"", ""true""]","[0.026381313800811768, 0.9736186861991882]",
d1-omni,ood_sst2_balanced_v2,262,positive,noul,0,0,"[""false"", ""true""]","[0.9856255827471614, 0.014374417252838612]",
d1-omni,ood_sst2_balanced_v2,264,positive,noul,0,0,"[""false"", ""true""]","[0.5398695170879364, 0.4601304829120636]",
d1-omni,ood_sst2_balanced_v2,265,positive,noul,0,0,"[""false"", ""true""]","[0.9994202426751144, 0.000579757324885577]",
d1-omni,ood_sst2_balanced_v2,266,positive,noul,1,1,"[""false"", ""true""]","[0.47182583808898926, 0.5281741619110107]",
d1-omni,ood_sst2_balanced_v2,270,positive,noul,1,1,"[""false"", ""true""]","[0.002489924430847168, 0.9975100755691528]",
d1-omni,ood_sst2_balanced_v2,273,positive,noul,1,0,"[""false"", ""true""]","[0.8989851325750351, 0.1010148674249649]",
d1-omni,ood_sst2_balanced_v2,275,positive,noul,1,1,"[""false"", ""true""]","[0.0016360878944396973, 0.9983639121055603]",
d1-omni,ood_sst2_balanced_v2,276,positive,noul,1,1,"[""false"", ""true""]","[0.1441757082939148, 0.8558242917060852]",
d1-omni,ood_sst2_balanced_v2,277,positive,noul,1,1,"[""false"", ""true""]","[0.0064539313316345215, 0.9935460686683655]",
d1-omni,ood_sst2_balanced_v2,278,positive,noul,0,0,"[""false"", ""true""]","[0.992757701780647, 0.007242298219352961]",
d1-omni,ood_sst2_balanced_v2,280,positive,noul,1,1,"[""false"", ""true""]","[0.0025353431701660156, 0.997464656829834]",
d1-omni,ood_sst2_balanced_v2,281,positive,noul,0,0,"[""false"", ""true""]","[0.998152227490209, 0.001847772509790957]",
d1-omni,ood_sst2_balanced_v2,282,positive,noul,1,0,"[""false"", ""true""]","[0.9955452550202608, 0.004454744979739189]",
d1-omni,ood_sst2_balanced_v2,284,positive,noul,0,0,"[""false"", ""true""]","[0.7204666435718536, 0.27953335642814636]",
d1-omni,ood_sst2_balanced_v2,285,positive,noul,0,0,"[""false"", ""true""]","[0.9765887521207333, 0.02341124787926674]",
d1-omni,ood_sst2_balanced_v2,287,positive,noul,1,1,"[""false"", ""true""]","[0.009650588035583496, 0.9903494119644165]",
d1-omni,ood_sst2_balanced_v2,288,positive,noul,1,1,"[""false"", ""true""]","[0.006279706954956055, 0.993720293045044]",
d1-omni,ood_sst2_balanced_v2,291,positive,noul,0,0,"[""false"", ""true""]","[0.9072861522436142, 0.0927138477563858]",
d1-omni,ood_sst2_balanced_v2,293,positive,noul,1,1,"[""false"", ""true""]","[0.037316739559173584, 0.9626832604408264]",
d1-omni,ood_sst2_balanced_v2,294,positive,noul,1,1,"[""false"", ""true""]","[0.01444101333618164, 0.9855589866638184]",
d1-omni,ood_sst2_balanced_v2,295,positive,noul,1,1,"[""false"", ""true""]","[0.05933254957199097, 0.940667450428009]",
d1-omni,ood_sst2_balanced_v2,299,positive,noul,1,1,"[""false"", ""true""]","[0.1570650339126587, 0.8429349660873413]",
d1-omni,ood_sst2_balanced_v2,300,positive,noul,1,1,"[""false"", ""true""]","[0.036206603050231934, 0.9637933969497681]",
d1-omni,ood_sst2_balanced_v2,302,positive,noul,1,1,"[""false"", ""true""]","[0.006110191345214844, 0.9938898086547852]",
d1-omni,ood_sst2_balanced_v2,304,positive,noul,1,1,"[""false"", ""true""]","[0.003721773624420166, 0.9962782263755798]",
d1-omni,ood_sst2_balanced_v2,308,positive,noul,1,1,"[""false"", ""true""]","[0.010479331016540527, 0.9895206689834595]",
d1-omni,ood_sst2_balanced_v2,309,positive,noul,1,1,"[""false"", ""true""]","[0.004226863384246826, 0.9957731366157532]",
d1-omni,ood_sst2_balanced_v2,310,positive,noul,1,1,"[""false"", ""true""]","[0.27332085371017456, 0.7266791462898254]",
d1-omni,ood_sst2_balanced_v2,312,positive,noul,0,0,"[""false"", ""true""]","[0.7226449847221375, 0.27735501527786255]",
d1-omni,ood_sst2_balanced_v2,314,positive,noul,1,1,"[""false"", ""true""]","[0.0022464394569396973, 0.9977535605430603]",
d1-omni,ood_sst2_balanced_v2,315,positive,noul,0,0,"[""false"", ""true""]","[0.9979614324402064, 0.0020385675597935915]",
d1-omni,ood_sst2_balanced_v2,316,positive,noul,1,1,"[""false"", ""true""]","[0.0032425522804260254, 0.996757447719574]",
d1-omni,ood_sst2_balanced_v2,317,positive,noul,1,1,"[""false"", ""true""]","[0.002351224422454834, 0.9976487755775452]",
d1-omni,ood_sst2_balanced_v2,318,positive,noul,0,0,"[""false"", ""true""]","[0.9264193624258041, 0.07358063757419586]",
d1-omni,ood_sst2_balanced_v2,319,positive,noul,0,0,"[""false"", ""true""]","[0.9837735705077648, 0.016226429492235184]",
d1-omni,ood_sst2_balanced_v2,320,positive,noul,1,1,"[""false"", ""true""]","[0.0022228360176086426, 0.9977771639823914]",
d1-omni,ood_sst2_balanced_v2,321,positive,noul,0,0,"[""false"", ""true""]","[0.8530912548303604, 0.1469087451696396]",
d1-omni,ood_sst2_balanced_v2,322,positive,noul,0,0,"[""false"", ""true""]","[0.8323782831430435, 0.16762171685695648]",
d1-omni,ood_sst2_balanced_v2,323,positive,noul,1,1,"[""false"", ""true""]","[0.18634486198425293, 0.8136551380157471]",
d1-omni,ood_sst2_balanced_v2,324,positive,noul,1,1,"[""false"", ""true""]","[0.04700249433517456, 0.9529975056648254]",
d1-omni,ood_sst2_balanced_v2,326,positive,noul,1,1,"[""false"", ""true""]","[0.0019890666007995605, 0.9980109333992004]",
d1-omni,ood_sst2_balanced_v2,329,positive,noul,0,0,"[""false"", ""true""]","[0.9995551014435478, 0.0004448985564522445]",
d1-omni,ood_sst2_balanced_v2,330,positive,noul,0,0,"[""false"", ""true""]","[0.9830665532499552, 0.016933446750044823]",
d1-omni,ood_sst2_balanced_v2,331,positive,noul,1,1,"[""false"", ""true""]","[0.01938951015472412, 0.9806104898452759]",
d1-omni,ood_sst2_balanced_v2,332,positive,noul,1,1,"[""false"", ""true""]","[0.35270804166793823, 0.6472919583320618]",
d1-omni,ood_sst2_balanced_v2,334,positive,noul,1,1,"[""false"", ""true""]","[0.0034942626953125, 0.9965057373046875]",
d1-omni,ood_sst2_balanced_v2,339,positive,noul,1,1,"[""false"", ""true""]","[0.02155125141143799, 0.978448748588562]",
d1-omni,ood_sst2_balanced_v2,342,positive,noul,0,0,"[""false"", ""true""]","[0.9647124893963337, 0.035287510603666306]",
d1-omni,ood_sst2_balanced_v2,344,positive,noul,1,1,"[""false"", ""true""]","[0.003080129623413086, 0.9969198703765869]",
d1-omni,ood_sst2_balanced_v2,345,positive,noul,1,1,"[""false"", ""true""]","[0.01396709680557251, 0.9860329031944275]",
d1-omni,ood_sst2_balanced_v2,346,positive,noul,0,0,"[""false"", ""true""]","[0.9993966858019121, 0.0006033141980879009]",
d1-omni,ood_sst2_balanced_v2,348,positive,noul,0,0,"[""false"", ""true""]","[0.9990406653960235, 0.0009593346039764583]",
d1-omni,ood_sst2_balanced_v2,349,positive,noul,0,0,"[""false"", ""true""]","[0.9961410399992019, 0.003858960000798106]",
d1-omni,ood_sst2_balanced_v2,350,positive,noul,0,0,"[""false"", ""true""]","[0.9886610861867666, 0.011338913813233376]",
d1-omni,ood_sst2_balanced_v2,351,positive,noul,1,1,"[""false"", ""true""]","[0.003259718418121338, 0.9967402815818787]",
d1-omni,ood_sst2_balanced_v2,352,positive,noul,1,1,"[""false"", ""true""]","[0.005955517292022705, 0.9940444827079773]",
d1-omni,ood_sst2_balanced_v2,355,positive,noul,0,0,"[""false"", ""true""]","[0.9659865722060204, 0.034013427793979645]",
d1-omni,ood_sst2_balanced_v2,357,positive,noul,0,0,"[""false"", ""true""]","[0.9522302895784378, 0.047769710421562195]",
d1-omni,ood_sst2_balanced_v2,360,positive,noul,1,1,"[""false"", ""true""]","[0.0015667080879211426, 0.9984332919120789]",
d1-omni,ood_sst2_balanced_v2,362,positive,noul,1,1,"[""false"", ""true""]","[0.034861087799072266, 0.9651389122009277]",
d1-omni,ood_sst2_balanced_v2,363,positive,noul,0,0,"[""false"", ""true""]","[0.988232808187604, 0.01176719181239605]",
d1-omni,ood_sst2_balanced_v2,364,positive,noul,0,0,"[""false"", ""true""]","[0.9183274507522583, 0.0816725492477417]",
d1-omni,ood_sst2_balanced_v2,366,positive,noul,1,1,"[""false"", ""true""]","[0.0004108548164367676, 0.9995891451835632]",
d1-omni,ood_sst2_balanced_v2,370,positive,noul,0,0,"[""false"", ""true""]","[0.9995370219112374, 0.00046297808876261115]",
d1-omni,ood_sst2_balanced_v2,372,positive,noul,1,1,"[""false"", ""true""]","[0.008140265941619873, 0.9918597340583801]",
d1-omni,ood_sst2_balanced_v2,373,positive,noul,0,0,"[""false"", ""true""]","[0.9765485227108002, 0.02345147728919983]",
d1-omni,ood_sst2_balanced_v2,377,positive,noul,0,0,"[""false"", ""true""]","[0.7939835488796234, 0.2060164511203766]",
d1-omni,ood_sst2_balanced_v2,378,positive,noul,0,0,"[""false"", ""true""]","[0.9955139560624957, 0.0044860439375042915]",
d1-omni,ood_sst2_balanced_v2,382,positive,noul,0,0,"[""false"", ""true""]","[0.6444078385829926, 0.35559216141700745]",
d1-omni,ood_sst2_balanced_v2,384,positive,noul,0,0,"[""false"", ""true""]","[0.6585797965526581, 0.3414202034473419]",
d1-omni,ood_sst2_balanced_v2,391,positive,noul,0,0,"[""false"", ""true""]","[0.995227808598429, 0.004772191401571035]",
d1-omni,ood_sst2_balanced_v2,392,positive,noul,0,0,"[""false"", ""true""]","[0.9986209140624851, 0.0013790859375149012]",
d1-omni,ood_sst2_balanced_v2,393,positive,noul,1,1,"[""false"", ""true""]","[0.0013855695724487305, 0.9986144304275513]",
d1-omni,ood_sst2_balanced_v2,398,positive,noul,1,1,"[""false"", ""true""]","[0.05401855707168579, 0.9459814429283142]",
d1-omni,ood_sst2_balanced_v2,399,positive,noul,0,0,"[""false"", ""true""]","[0.9601402431726456, 0.03985975682735443]",
d1-omni,ood_sst2_balanced_v2,400,positive,noul,1,1,"[""false"", ""true""]","[0.012158572673797607, 0.9878414273262024]",
d1-omni,ood_sst2_balanced_v2,403,positive,noul,0,0,"[""false"", ""true""]","[0.9759918861091137, 0.024008113890886307]",
d1-omni,ood_sst2_balanced_v2,404,positive,noul,1,1,"[""false"", ""true""]","[0.00121384859085083, 0.9987861514091492]",
d1-omni,ood_sst2_balanced_v2,406,positive,noul,1,1,"[""false"", ""true""]","[0.020760953426361084, 0.9792390465736389]",
d1-omni,ood_sst2_balanced_v2,411,positive,noul,0,0,"[""false"", ""true""]","[0.7634745836257935, 0.23652541637420654]",
d1-omni,ood_sst2_balanced_v2,413,positive,noul,0,0,"[""false"", ""true""]","[0.9945998913608491, 0.005400108639150858]",
d1-omni,ood_sst2_balanced_v2,415,positive,noul,1,1,"[""false"", ""true""]","[0.004814088344573975, 0.995185911655426]",
d1-omni,ood_sst2_balanced_v2,417,positive,noul,1,1,"[""false"", ""true""]","[0.030703961849212646, 0.9692960381507874]",
d1-omni,ood_sst2_balanced_v2,420,positive,noul,0,0,"[""false"", ""true""]","[0.9854585723951459, 0.014541427604854107]",
d1-omni,ood_sst2_balanced_v2,423,positive,noul,0,0,"[""false"", ""true""]","[0.5410778224468231, 0.4589221775531769]",
d1-omni,ood_sst2_balanced_v2,425,positive,noul,1,1,"[""false"", ""true""]","[0.015312492847442627, 0.9846875071525574]",
d1-omni,ood_sst2_balanced_v2,426,positive,noul,1,1,"[""false"", ""true""]","[0.003734767436981201, 0.9962652325630188]",
d1-omni,ood_sst2_balanced_v2,428,positive,noul,1,1,"[""false"", ""true""]","[0.0013839006423950195, 0.998616099357605]",
d1-omni,ood_sst2_balanced_v2,430,positive,noul,1,1,"[""false"", ""true""]","[0.0018498897552490234, 0.998150110244751]",
d1-omni,ood_sst2_balanced_v2,432,positive,noul,0,0,"[""false"", ""true""]","[0.9963343029376119, 0.0036656970623880625]",
d1-omni,ood_sst2_balanced_v2,433,positive,noul,1,1,"[""false"", ""true""]","[0.1472395658493042, 0.8527604341506958]",
d1-omni,ood_sst2_balanced_v2,434,positive,noul,0,0,"[""false"", ""true""]","[0.9254952371120453, 0.07450476288795471]",
d1-omni,ood_sst2_balanced_v2,435,positive,noul,1,1,"[""false"", ""true""]","[0.0024579763412475586, 0.9975420236587524]",
d1-omni,ood_sst2_balanced_v2,436,positive,noul,0,0,"[""false"", ""true""]","[0.9906363282352686, 0.009363671764731407]",
d1-omni,ood_sst2_balanced_v2,437,positive,noul,1,1,"[""false"", ""true""]","[0.003625214099884033, 0.996374785900116]",
d1-omni,ood_sst2_balanced_v2,439,positive,noul,1,1,"[""false"", ""true""]","[0.001746833324432373, 0.9982531666755676]",
d1-omni,ood_sst2_balanced_v2,441,positive,noul,0,0,"[""false"", ""true""]","[0.9288969039916992, 0.07110309600830078]",
d1-omni,ood_sst2_balanced_v2,442,positive,noul,0,0,"[""false"", ""true""]","[0.9981522284215316, 0.0018477715784683824]",
d1-omni,ood_sst2_balanced_v2,444,positive,noul,0,0,"[""false"", ""true""]","[0.9846299309283495, 0.015370069071650505]",
d1-omni,ood_sst2_balanced_v2,445,positive,noul,1,1,"[""false"", ""true""]","[0.0008296966552734375, 0.9991703033447266]",
d1-omni,ood_sst2_balanced_v2,446,positive,noul,0,0,"[""false"", ""true""]","[0.9938684697262943, 0.006131530273705721]",
d1-omni,ood_sst2_balanced_v2,447,positive,noul,1,1,"[""false"", ""true""]","[0.1892051100730896, 0.8107948899269104]",
d1-omni,ood_sst2_balanced_v2,450,positive,noul,1,1,"[""false"", ""true""]","[0.004491329193115234, 0.9955086708068848]",
d1-omni,ood_sst2_balanced_v2,451,positive,noul,1,1,"[""false"", ""true""]","[0.002446591854095459, 0.9975534081459045]",
d1-omni,ood_sst2_balanced_v2,452,positive,noul,0,0,"[""false"", ""true""]","[0.9984605282079428, 0.0015394717920571566]",
d1-omni,ood_sst2_balanced_v2,453,positive,noul,1,1,"[""false"", ""true""]","[0.00450444221496582, 0.9954955577850342]",
d1-omni,ood_sst2_balanced_v2,456,positive,noul,0,0,"[""false"", ""true""]","[0.999122356181033, 0.0008776438189670444]",
d1-omni,ood_sst2_balanced_v2,457,positive,noul,1,1,"[""false"", ""true""]","[0.002989649772644043, 0.997010350227356]",
d1-omni,ood_sst2_balanced_v2,459,positive,noul,1,1,"[""false"", ""true""]","[0.00712740421295166, 0.9928725957870483]",
d1-omni,ood_sst2_balanced_v2,460,positive,noul,1,1,"[""false"", ""true""]","[0.005251109600067139, 0.9947488903999329]",
d1-omni,ood_sst2_balanced_v2,461,positive,noul,0,0,"[""false"", ""true""]","[0.9809570200741291, 0.019042979925870895]",
d1-omni,ood_sst2_balanced_v2,464,positive,noul,1,1,"[""false"", ""true""]","[0.4985348582267761, 0.5014651417732239]",
d1-omni,ood_sst2_balanced_v2,465,positive,noul,0,0,"[""false"", ""true""]","[0.9652275443077087, 0.03477245569229126]",
d1-omni,ood_sst2_balanced_v2,466,positive,noul,1,1,"[""false"", ""true""]","[0.07780283689498901, 0.922197163105011]",
d1-omni,ood_sst2_balanced_v2,471,positive,noul,0,0,"[""false"", ""true""]","[0.9868953414261341, 0.01310465857386589]",
d1-omni,ood_sst2_balanced_v2,472,positive,noul,1,1,"[""false"", ""true""]","[0.24634534120559692, 0.7536546587944031]",
d1-omni,ood_sst2_balanced_v2,473,positive,noul,1,1,"[""false"", ""true""]","[0.011621534824371338, 0.9883784651756287]",
d1-omni,ood_sst2_balanced_v2,474,positive,noul,0,0,"[""false"", ""true""]","[0.9779172223061323, 0.022082777693867683]",
d1-omni,ood_sst2_balanced_v2,475,positive,noul,1,1,"[""false"", ""true""]","[0.00241243839263916, 0.9975875616073608]",
d1-omni,ood_sst2_balanced_v2,476,positive,noul,0,0,"[""false"", ""true""]","[0.989484129473567, 0.010515870526432991]",
d1-omni,ood_sst2_balanced_v2,477,positive,noul,0,0,"[""false"", ""true""]","[0.7653216123580933, 0.23467838764190674]",
d1-omni,ood_sst2_balanced_v2,479,positive,noul,1,1,"[""false"", ""true""]","[0.0018456578254699707, 0.99815434217453]",
d1-omni,ood_sst2_balanced_v2,480,positive,noul,1,1,"[""false"", ""true""]","[0.003697991371154785, 0.9963020086288452]",
d1-omni,ood_sst2_balanced_v2,481,positive,noul,1,1,"[""false"", ""true""]","[0.08105587959289551, 0.9189441204071045]",
d1-omni,ood_sst2_balanced_v2,482,positive,noul,1,1,"[""false"", ""true""]","[0.00444948673248291, 0.9955505132675171]",
d1-omni,ood_sst2_balanced_v2,483,positive,noul,1,1,"[""false"", ""true""]","[0.030706167221069336, 0.9692938327789307]",
d1-omni,ood_sst2_balanced_v2,486,positive,noul,0,0,"[""false"", ""true""]","[0.9977351434063166, 0.002264856593683362]",
d1-omni,ood_sst2_balanced_v2,487,positive,noul,0,0,"[""false"", ""true""]","[0.8960747122764587, 0.10392528772354126]",
d1-omni,ood_sst2_balanced_v2,489,positive,noul,0,0,"[""false"", ""true""]","[0.9941544830799103, 0.005845516920089722]",
d1-omni,ood_sst2_balanced_v2,490,positive,noul,0,0,"[""false"", ""true""]","[0.9919957481324673, 0.00800425186753273]",
d1-omni,ood_sst2_balanced_v2,491,positive,noul,0,0,"[""false"", ""true""]","[0.9953919393010437, 0.004608060698956251]",
d1-omni,ood_sst2_balanced_v2,492,positive,noul,1,1,"[""false"", ""true""]","[0.0012646317481994629, 0.9987353682518005]",
d1-omni,ood_sst2_balanced_v2,493,positive,noul,0,0,"[""false"", ""true""]","[0.9989439859054983, 0.0010560140945017338]",
d1-omni,ood_sst2_balanced_v2,494,positive,noul,0,1,"[""false"", ""true""]","[0.23902148008346558, 0.7609785199165344]",
d1-omni,ood_sst2_balanced_v2,496,positive,noul,1,1,"[""false"", ""true""]","[0.005514562129974365, 0.9944854378700256]",
d1-omni,ood_sst2_balanced_v2,497,positive,noul,0,0,"[""false"", ""true""]","[0.9967460301704705, 0.003253969829529524]",
d1-omni,ood_sst2_balanced_v2,500,positive,noul,0,0,"[""false"", ""true""]","[0.9979709489271045, 0.002029051072895527]",
d1-omni,ood_sst2_balanced_v2,501,positive,noul,1,0,"[""false"", ""true""]","[0.9346677958965302, 0.06533220410346985]",
d1-omni,ood_sst2_balanced_v2,503,positive,noul,0,0,"[""false"", ""true""]","[0.999909822778136, 9.017722186399624e-05]",
d1-omni,ood_sst2_balanced_v2,504,positive,noul,1,1,"[""false"", ""true""]","[0.0018960237503051758, 0.9981039762496948]",
d1-omni,ood_sst2_balanced_v2,505,positive,noul,1,1,"[""false"", ""true""]","[0.03221261501312256, 0.9677873849868774]",
d1-omni,ood_sst2_balanced_v2,506,positive,noul,1,1,"[""false"", ""true""]","[0.00908517837524414, 0.9909148216247559]",
d1-omni,ood_sst2_balanced_v2,508,positive,noul,1,1,"[""false"", ""true""]","[0.003164052963256836, 0.9968359470367432]",
d1-omni,ood_sst2_balanced_v2,511,positive,noul,1,1,"[""false"", ""true""]","[0.004573225975036621, 0.9954267740249634]",
d1-omni,ood_sst2_balanced_v2,512,positive,noul,0,0,"[""false"", ""true""]","[0.9989684281172231, 0.001031571882776916]",
d1-omni,ood_sst2_balanced_v2,513,positive,noul,0,1,"[""false"", ""true""]","[0.05065512657165527, 0.9493448734283447]",
d1-omni,ood_sst2_balanced_v2,514,positive,noul,1,1,"[""false"", ""true""]","[0.0184553861618042, 0.9815446138381958]",
d1-omni,ood_sst2_balanced_v2,515,positive,noul,0,1,"[""false"", ""true""]","[0.2937314510345459, 0.7062685489654541]",
d1-omni,ood_sst2_balanced_v2,518,positive,noul,1,1,"[""false"", ""true""]","[0.0018092989921569824, 0.998190701007843]",
d1-omni,ood_sst2_balanced_v2,519,positive,noul,0,1,"[""false"", ""true""]","[0.007811188697814941, 0.9921888113021851]",
d1-omni,ood_sst2_balanced_v2,523,positive,noul,1,1,"[""false"", ""true""]","[0.008980214595794678, 0.9910197854042053]",
d1-omni,ood_sst2_balanced_v2,524,positive,noul,1,1,"[""false"", ""true""]","[0.007923245429992676, 0.9920767545700073]",
d1-omni,ood_sst2_balanced_v2,527,positive,noul,0,1,"[""false"", ""true""]","[0.06157189607620239, 0.9384281039237976]",
d1-omni,ood_sst2_balanced_v2,528,positive,noul,1,1,"[""false"", ""true""]","[0.012620985507965088, 0.9873790144920349]",
d1-omni,ood_sst2_balanced_v2,530,positive,noul,1,1,"[""false"", ""true""]","[0.0022568702697753906, 0.9977431297302246]",
d1-omni,ood_sst2_balanced_v2,531,positive,noul,0,0,"[""false"", ""true""]","[0.9967154751066118, 0.003284524893388152]",
d1-omni,ood_sst2_balanced_v2,532,positive,noul,1,1,"[""false"", ""true""]","[0.045426905155181885, 0.9545730948448181]",
d1-omni,ood_sst2_balanced_v2,533,positive,noul,1,1,"[""false"", ""true""]","[0.01080012321472168, 0.9891998767852783]",
d1-omni,ood_sst2_balanced_v2,536,positive,noul,0,0,"[""false"", ""true""]","[0.9988697821972892, 0.0011302178027108312]",
d1-omni,ood_sst2_balanced_v2,537,positive,noul,1,1,"[""false"", ""true""]","[0.006018340587615967, 0.993981659412384]",
d1-omni,ood_sst2_balanced_v2,538,positive,noul,0,0,"[""false"", ""true""]","[0.9988155947066844, 0.001184405293315649]",
d1-omni,ood_sst2_balanced_v2,539,positive,noul,0,0,"[""false"", ""true""]","[0.9544204026460648, 0.04557959735393524]",
d1-omni,ood_sst2_balanced_v2,540,positive,noul,1,1,"[""false"", ""true""]","[0.003080129623413086, 0.9969198703765869]",
d1-omni,ood_sst2_balanced_v2,541,positive,noul,1,1,"[""false"", ""true""]","[0.003171384334564209, 0.9968286156654358]",
d1-omni,ood_sst2_balanced_v2,542,positive,noul,0,0,"[""false"", ""true""]","[0.9771187696605921, 0.02288123033940792]",
d1-omni,ood_sst2_balanced_v2,543,positive,noul,0,0,"[""false"", ""true""]","[0.997477910015732, 0.00252208998426795]",
d1-omni,ood_sst2_balanced_v2,544,positive,noul,0,1,"[""false"", ""true""]","[0.14152073860168457, 0.8584792613983154]",
d1-omni,ood_sst2_balanced_v2,549,positive,noul,0,0,"[""false"", ""true""]","[0.9804917257279158, 0.019508274272084236]",
d1-omni,ood_sst2_balanced_v2,554,positive,noul,0,0,"[""false"", ""true""]","[0.9969734225887805, 0.0030265774112194777]",
d1-omni,ood_sst2_balanced_v2,555,positive,noul,0,0,"[""false"", ""true""]","[0.9979921982157975, 0.0020078017842024565]",
d1-omni,ood_sst2_balanced_v2,556,positive,noul,0,0,"[""false"", ""true""]","[0.9806035105139017, 0.01939648948609829]",
d1-omni,ood_sst2_balanced_v2,558,positive,noul,1,1,"[""false"", ""true""]","[0.052628159523010254, 0.9473718404769897]",
d1-omni,ood_sst2_balanced_v2,559,positive,noul,0,0,"[""false"", ""true""]","[0.966369591653347, 0.033630408346652985]",
d1-omni,ood_sst2_balanced_v2,561,positive,noul,1,0,"[""false"", ""true""]","[0.9851187942549586, 0.01488120574504137]",
d1-omni,ood_sst2_balanced_v2,562,positive,noul,0,0,"[""false"", ""true""]","[0.9949882058426738, 0.0050117941573262215]",
d1-omni,ood_sst2_balanced_v2,564,positive,noul,0,0,"[""false"", ""true""]","[0.9984387562144548, 0.00156124378554523]",
d1-omni,ood_sst2_balanced_v2,568,positive,noul,0,0,"[""false"", ""true""]","[0.9887135233730078, 0.011286476626992226]",
d1-omni,ood_sst2_balanced_v2,570,positive,noul,1,1,"[""false"", ""true""]","[0.002460956573486328, 0.9975390434265137]",
d1-omni,ood_sst2_balanced_v2,571,positive,noul,0,0,"[""false"", ""true""]","[0.9354507103562355, 0.0645492896437645]",
d1-omni,ood_sst2_balanced_v2,572,positive,noul,0,0,"[""false"", ""true""]","[0.9962912444025278, 0.003708755597472191]",
d1-omni,ood_sst2_balanced_v2,576,positive,noul,0,0,"[""false"", ""true""]","[0.9979470754042268, 0.00205292459577322]",
d1-omni,ood_sst2_balanced_v2,577,positive,noul,1,1,"[""false"", ""true""]","[0.005349934101104736, 0.9946500658988953]",
d1-omni,ood_sst2_balanced_v2,578,positive,noul,0,1,"[""false"", ""true""]","[0.4838523864746094, 0.5161476135253906]",
d1-omni,ood_sst2_balanced_v2,580,positive,noul,0,0,"[""false"", ""true""]","[0.9298776537179947, 0.07012234628200531]",
d1-omni,ood_sst2_balanced_v2,581,positive,noul,0,0,"[""false"", ""true""]","[0.9991895380080678, 0.0008104619919322431]",
d1-omni,ood_sst2_balanced_v2,582,positive,noul,0,0,"[""false"", ""true""]","[0.998584940796718, 0.0014150592032819986]",
d1-omni,ood_sst2_balanced_v2,583,positive,noul,0,0,"[""false"", ""true""]","[0.9938254659064114, 0.006174534093588591]",
d1-omni,ood_sst2_balanced_v2,590,positive,noul,0,0,"[""false"", ""true""]","[0.999645557749318, 0.00035444225068204105]",
d1-omni,ood_sst2_balanced_v2,592,positive,noul,0,0,"[""false"", ""true""]","[0.9825114719569683, 0.017488528043031693]",
d1-omni,ood_sst2_balanced_v2,594,positive,noul,1,1,"[""false"", ""true""]","[0.0030550360679626465, 0.9969449639320374]",
d1-omni,ood_sst2_balanced_v2,595,positive,noul,0,0,"[""false"", ""true""]","[0.9006492495536804, 0.09935075044631958]",
d1-omni,ood_sst2_balanced_v2,602,positive,noul,1,1,"[""false"", ""true""]","[0.1970583200454712, 0.8029416799545288]",
d1-omni,ood_sst2_balanced_v2,603,positive,noul,1,1,"[""false"", ""true""]","[0.0023844242095947266, 0.9976155757904053]",
d1-omni,ood_sst2_balanced_v2,604,positive,noul,0,1,"[""false"", ""true""]","[0.15862303972244263, 0.8413769602775574]",
d1-omni,ood_sst2_balanced_v2,605,positive,noul,1,1,"[""false"", ""true""]","[0.02298635244369507, 0.9770136475563049]",
d1-omni,ood_sst2_balanced_v2,606,positive,noul,0,0,"[""false"", ""true""]","[0.9984677176689729, 0.0015322823310270905]",
d1-omni,ood_sst2_balanced_v2,609,positive,noul,1,1,"[""false"", ""true""]","[0.005057275295257568, 0.9949427247047424]",
d1-omni,ood_sst2_balanced_v2,610,positive,noul,0,0,"[""false"", ""true""]","[0.9966220844071358, 0.0033779155928641558]",
d1-omni,ood_sst2_balanced_v2,611,positive,noul,1,1,"[""false"", ""true""]","[0.002064943313598633, 0.9979350566864014]",
d1-omni,ood_sst2_balanced_v2,614,positive,noul,1,1,"[""false"", ""true""]","[0.031160712242126465, 0.9688392877578735]",
d1-omni,ood_sst2_balanced_v2,615,positive,noul,0,0,"[""false"", ""true""]","[0.9395694099366665, 0.06043059006333351]",
d1-omni,ood_sst2_balanced_v2,616,positive,noul,1,1,"[""false"", ""true""]","[0.013936936855316162, 0.9860630631446838]",
d1-omni,ood_sst2_balanced_v2,617,positive,noul,0,0,"[""false"", ""true""]","[0.9364693984389305, 0.06353060156106949]",
d1-omni,ood_sst2_balanced_v2,623,positive,noul,1,1,"[""false"", ""true""]","[0.032895445823669434, 0.9671045541763306]",
d1-omni,ood_sst2_balanced_v2,625,positive,noul,1,1,"[""false"", ""true""]","[0.006167292594909668, 0.9938327074050903]",
d1-omni,ood_sst2_balanced_v2,626,positive,noul,1,0,"[""false"", ""true""]","[0.9936133371666074, 0.00638666283339262]",
d1-omni,ood_sst2_balanced_v2,627,positive,noul,0,0,"[""false"", ""true""]","[0.9709847941994667, 0.029015205800533295]",
d1-omni,ood_sst2_balanced_v2,629,positive,noul,0,0,"[""false"", ""true""]","[0.9912565210834146, 0.008743478916585445]",
d1-omni,ood_sst2_balanced_v2,630,positive,noul,1,1,"[""false"", ""true""]","[0.0033386945724487305, 0.9966613054275513]",
d1-omni,ood_sst2_balanced_v2,631,positive,noul,0,0,"[""false"", ""true""]","[0.8253968060016632, 0.1746031939983368]",
d1-omni,ood_sst2_balanced_v2,632,positive,noul,0,0,"[""false"", ""true""]","[0.9528265371918678, 0.04717346280813217]",
d1-omni,ood_sst2_balanced_v2,633,positive,noul,1,1,"[""false"", ""true""]","[0.004005908966064453, 0.9959940910339355]",
d1-omni,ood_sst2_balanced_v2,634,positive,noul,1,1,"[""false"", ""true""]","[0.003327012062072754, 0.9966729879379272]",
d1-omni,ood_sst2_balanced_v2,635,positive,noul,0,0,"[""false"", ""true""]","[0.9341108947992325, 0.06588910520076752]",
d1-omni,ood_sst2_balanced_v2,637,positive,noul,0,0,"[""false"", ""true""]","[0.6769096553325653, 0.3230903446674347]",
d1-omni,ood_sst2_balanced_v2,639,positive,noul,0,0,"[""false"", ""true""]","[0.9970120787620544, 0.0029879212379455566]",
d1-omni,ood_sst2_balanced_v2,641,positive,noul,1,1,"[""false"", ""true""]","[0.0021588802337646484, 0.9978411197662354]",
d1-omni,ood_sst2_balanced_v2,643,positive,noul,1,0,"[""false"", ""true""]","[0.9931988716125488, 0.006801128387451172]",
d1-omni,ood_sst2_balanced_v2,644,positive,noul,1,1,"[""false"", ""true""]","[0.028899848461151123, 0.9711001515388489]",
d1-omni,ood_sst2_balanced_v2,645,positive,noul,0,0,"[""false"", ""true""]","[0.6732621192932129, 0.3267378807067871]",
d1-omni,ood_sst2_balanced_v2,648,positive,noul,1,1,"[""false"", ""true""]","[0.05340784788131714, 0.9465921521186829]",
d1-omni,ood_sst2_balanced_v2,650,positive,noul,0,0,"[""false"", ""true""]","[0.9915167298167944, 0.008483270183205605]",
d1-omni,ood_sst2_balanced_v2,653,positive,noul,0,0,"[""false"", ""true""]","[0.9983369135297835, 0.0016630864702165127]",
d1-omni,ood_sst2_balanced_v2,654,positive,noul,0,0,"[""false"", ""true""]","[0.9994532252894714, 0.0005467747105285525]",
d1-omni,ood_sst2_balanced_v2,657,positive,noul,0,0,"[""false"", ""true""]","[0.9988855505362153, 0.0011144494637846947]",
d1-omni,ood_sst2_balanced_v2,658,positive,noul,1,1,"[""false"", ""true""]","[0.0016846656799316406, 0.9983153343200684]",
d1-omni,ood_sst2_balanced_v2,659,positive,noul,0,0,"[""false"", ""true""]","[0.8360659033060074, 0.16393409669399261]",
d1-omni,ood_sst2_balanced_v2,660,positive,noul,1,1,"[""false"", ""true""]","[0.014098823070526123, 0.9859011769294739]",
d1-omni,ood_sst2_balanced_v2,661,positive,noul,0,0,"[""false"", ""true""]","[0.9208835959434509, 0.07911640405654907]",
d1-omni,ood_sst2_balanced_v2,662,positive,noul,0,0,"[""false"", ""true""]","[0.9845766192302108, 0.015423380769789219]",
d1-omni,ood_sst2_balanced_v2,664,positive,noul,1,1,"[""false"", ""true""]","[0.0019890666007995605, 0.9980109333992004]",
d1-omni,ood_sst2_balanced_v2,666,positive,noul,1,1,"[""false"", ""true""]","[0.0013936161994934082, 0.9986063838005066]",
d1-omni,ood_sst2_balanced_v2,668,positive,noul,0,0,"[""false"", ""true""]","[0.9980996100930497, 0.001900389906950295]",
d1-omni,ood_sst2_balanced_v2,669,positive,noul,1,1,"[""false"", ""true""]","[0.01748603582382202, 0.982513964176178]",
d1-omni,ood_sst2_balanced_v2,670,positive,noul,0,0,"[""false"", ""true""]","[0.7935998439788818, 0.20640015602111816]",
d1-omni,ood_sst2_balanced_v2,673,positive,noul,1,1,"[""false"", ""true""]","[0.025520384311676025, 0.974479615688324]",
d1-omni,ood_sst2_balanced_v2,678,positive,noul,1,1,"[""false"", ""true""]","[0.0030124783515930176, 0.996987521648407]",
d1-omni,ood_sst2_balanced_v2,680,positive,noul,1,1,"[""false"", ""true""]","[0.001082301139831543, 0.9989176988601685]",
d1-omni,ood_sst2_balanced_v2,681,positive,noul,0,0,"[""false"", ""true""]","[0.9975072259549052, 0.0024927740450948477]",
d1-omni,ood_sst2_balanced_v2,682,positive,noul,0,0,"[""false"", ""true""]","[0.9620892107486725, 0.037910789251327515]",
d1-omni,ood_sst2_balanced_v2,684,positive,noul,1,1,"[""false"", ""true""]","[0.019927382469177246, 0.9800726175308228]",
d1-omni,ood_sst2_balanced_v2,685,positive,noul,1,0,"[""false"", ""true""]","[0.9750116132199764, 0.024988386780023575]",
d1-omni,ood_sst2_balanced_v2,690,positive,noul,0,0,"[""false"", ""true""]","[0.9991703305859119, 0.00082966941408813]",
d1-omni,ood_sst2_balanced_v2,692,positive,noul,0,0,"[""false"", ""true""]","[0.9926473209634423, 0.007352679036557674]",
d1-omni,ood_sst2_balanced_v2,694,positive,noul,0,1,"[""false"", ""true""]","[0.4797919988632202, 0.5202080011367798]",
d1-omni,ood_sst2_balanced_v2,696,positive,noul,1,1,"[""false"", ""true""]","[0.004311501979827881, 0.9956884980201721]",
d1-omni,ood_sst2_balanced_v2,697,positive,noul,1,1,"[""false"", ""true""]","[0.19328409433364868, 0.8067159056663513]",
d1-omni,ood_sst2_balanced_v2,698,positive,noul,1,1,"[""false"", ""true""]","[0.0016341805458068848, 0.9983658194541931]",
d1-omni,ood_sst2_balanced_v2,699,positive,noul,1,0,"[""false"", ""true""]","[0.9691123589873314, 0.03088764101266861]",
d1-omni,ood_sst2_balanced_v2,702,positive,noul,0,0,"[""false"", ""true""]","[0.7059037089347839, 0.29409629106521606]",
d1-omni,ood_sst2_balanced_v2,704,positive,noul,0,0,"[""false"", ""true""]","[0.9990451482008211, 0.0009548517991788685]",
d1-omni,ood_sst2_balanced_v2,705,positive,noul,0,0,"[""false"", ""true""]","[0.9820421673357487, 0.017957832664251328]",
d1-omni,ood_sst2_balanced_v2,706,positive,noul,0,0,"[""false"", ""true""]","[0.9286643043160439, 0.07133569568395615]",
d1-omni,ood_sst2_balanced_v2,707,positive,noul,0,1,"[""false"", ""true""]","[0.0709676742553711, 0.9290323257446289]",
d1-omni,ood_sst2_balanced_v2,708,positive,noul,1,1,"[""false"", ""true""]","[0.0017104744911193848, 0.9982895255088806]",
d1-omni,ood_sst2_balanced_v2,713,positive,noul,0,0,"[""false"", ""true""]","[0.9768021814525127, 0.02319781854748726]",
d1-omni,ood_sst2_balanced_v2,715,positive,noul,0,0,"[""false"", ""true""]","[0.9995260454306845, 0.0004739545693155378]",
d1-omni,ood_sst2_balanced_v2,716,positive,noul,0,0,"[""false"", ""true""]","[0.9912157896906137, 0.008784210309386253]",
d1-omni,ood_sst2_balanced_v2,717,positive,noul,1,1,"[""false"", ""true""]","[0.0020172595977783203, 0.9979827404022217]",
d1-omni,ood_sst2_balanced_v2,718,positive,noul,1,1,"[""false"", ""true""]","[0.009407222270965576, 0.9905927777290344]",
d1-omni,ood_sst2_balanced_v2,719,positive,noul,0,1,"[""false"", ""true""]","[0.11453849077224731, 0.8854615092277527]",
d1-omni,ood_sst2_balanced_v2,720,positive,noul,1,1,"[""false"", ""true""]","[0.006571471691131592, 0.9934285283088684]",
d1-omni,ood_sst2_balanced_v2,721,positive,noul,1,1,"[""false"", ""true""]","[0.007477819919586182, 0.9925221800804138]",
d1-omni,ood_sst2_balanced_v2,722,positive,noul,0,0,"[""false"", ""true""]","[0.9985446279169992, 0.0014553720830008388]",
d1-omni,ood_sst2_balanced_v2,724,positive,noul,0,1,"[""false"", ""true""]","[0.09928524494171143, 0.9007147550582886]",
d1-omni,ood_sst2_balanced_v2,725,positive,noul,1,1,"[""false"", ""true""]","[0.007208704948425293, 0.9927912950515747]",
d1-omni,ood_sst2_balanced_v2,732,positive,noul,0,0,"[""false"", ""true""]","[0.9969769574236125, 0.0030230425763875246]",
d1-omni,ood_sst2_balanced_v2,733,positive,noul,0,0,"[""false"", ""true""]","[0.9957583379000425, 0.004241662099957466]",
d1-omni,ood_sst2_balanced_v2,736,positive,noul,0,0,"[""false"", ""true""]","[0.5785355865955353, 0.4214644134044647]",
d1-omni,ood_sst2_balanced_v2,737,positive,noul,1,1,"[""false"", ""true""]","[0.008832752704620361, 0.9911672472953796]",
d1-omni,ood_sst2_balanced_v2,738,positive,noul,1,1,"[""false"", ""true""]","[0.0008623600006103516, 0.9991376399993896]",
d1-omni,ood_sst2_balanced_v2,739,positive,noul,1,1,"[""false"", ""true""]","[0.0033426284790039062, 0.9966573715209961]",
d1-omni,ood_sst2_balanced_v2,741,positive,noul,1,0,"[""false"", ""true""]","[0.7493315935134888, 0.25066840648651123]",
d1-omni,ood_sst2_balanced_v2,742,positive,noul,1,1,"[""false"", ""true""]","[0.12891894578933716, 0.8710810542106628]",
d1-omni,ood_sst2_balanced_v2,744,positive,noul,1,1,"[""false"", ""true""]","[0.014659464359283447, 0.9853405356407166]",
d1-omni,ood_sst2_balanced_v2,745,positive,noul,0,0,"[""false"", ""true""]","[0.9994867432978936, 0.000513256702106446]",
d1-omni,ood_sst2_balanced_v2,746,positive,noul,1,1,"[""false"", ""true""]","[0.0043367743492126465, 0.9956632256507874]",
d1-omni,ood_sst2_balanced_v2,747,positive,noul,1,1,"[""false"", ""true""]","[0.004605352878570557, 0.9953946471214294]",
d1-omni,ood_sst2_balanced_v2,750,positive,noul,0,1,"[""false"", ""true""]","[0.23880839347839355, 0.7611916065216064]",
d1-omni,ood_sst2_balanced_v2,751,positive,noul,0,0,"[""false"", ""true""]","[0.9754925239831209, 0.02450747601687908]",
d1-omni,ood_sst2_balanced_v2,753,positive,noul,1,1,"[""false"", ""true""]","[0.07549583911895752, 0.9245041608810425]",
d1-omni,ood_sst2_balanced_v2,754,positive,noul,1,1,"[""false"", ""true""]","[0.006864786148071289, 0.9931352138519287]",
d1-omni,ood_sst2_balanced_v2,755,positive,noul,1,1,"[""false"", ""true""]","[0.007412850856781006, 0.992587149143219]",
d1-omni,ood_sst2_balanced_v2,757,positive,noul,0,0,"[""false"", ""true""]","[0.93973558396101, 0.06026441603899002]",
d1-omni,ood_sst2_balanced_v2,758,positive,noul,1,1,"[""false"", ""true""]","[0.0025368928909301758, 0.9974631071090698]",
d1-omni,ood_sst2_balanced_v2,759,positive,noul,0,0,"[""false"", ""true""]","[0.9850326320156455, 0.014967367984354496]",
d1-omni,ood_sst2_balanced_v2,760,positive,noul,1,0,"[""false"", ""true""]","[0.9650500789284706, 0.03494992107152939]",
d1-omni,ood_sst2_balanced_v2,761,positive,noul,0,0,"[""false"", ""true""]","[0.9997075247229077, 0.0002924752770923078]",
d1-omni,ood_sst2_balanced_v2,762,positive,noul,1,1,"[""false"", ""true""]","[0.0008276700973510742, 0.9991723299026489]",
d1-omni,ood_sst2_balanced_v2,765,positive,noul,0,0,"[""false"", ""true""]","[0.9935007942840457, 0.006499205715954304]",
d1-omni,ood_sst2_balanced_v2,768,positive,noul,1,1,"[""false"", ""true""]","[0.000982046127319336, 0.9990179538726807]",
d1-omni,ood_sst2_balanced_v2,769,positive,noul,1,1,"[""false"", ""true""]","[0.0013037323951721191, 0.9986962676048279]",
d1-omni,ood_sst2_balanced_v2,771,positive,noul,0,0,"[""false"", ""true""]","[0.8814070075750351, 0.1185929924249649]",
d1-omni,ood_sst2_balanced_v2,772,positive,noul,1,1,"[""false"", ""true""]","[0.05286240577697754, 0.9471375942230225]",
d1-omni,ood_sst2_balanced_v2,773,positive,noul,1,1,"[""false"", ""true""]","[0.004134178161621094, 0.9958658218383789]",
d1-omni,ood_sst2_balanced_v2,775,positive,noul,0,0,"[""false"", ""true""]","[0.9305055737495422, 0.06949442625045776]",
d1-omni,ood_sst2_balanced_v2,776,positive,noul,0,0,"[""false"", ""true""]","[0.999896932291449, 0.00010306770855095237]",
d1-omni,ood_sst2_balanced_v2,777,positive,noul,1,1,"[""false"", ""true""]","[0.006235897541046143, 0.9937641024589539]",
d1-omni,ood_sst2_balanced_v2,781,positive,noul,0,0,"[""false"", ""true""]","[0.9415353685617447, 0.05846463143825531]",
d1-omni,ood_sst2_balanced_v2,782,positive,noul,1,0,"[""false"", ""true""]","[0.7740988582372665, 0.22590114176273346]",
d1-omni,ood_sst2_balanced_v2,783,positive,noul,1,1,"[""false"", ""true""]","[0.010793805122375488, 0.9892061948776245]",
d1-omni,ood_sst2_balanced_v2,785,positive,noul,1,1,"[""false"", ""true""]","[0.026509582996368408, 0.9734904170036316]",
d1-omni,ood_sst2_balanced_v2,786,positive,noul,0,0,"[""false"", ""true""]","[0.9987023535650223, 0.0012976464349776506]",
d1-omni,ood_sst2_balanced_v2,787,positive,noul,0,0,"[""false"", ""true""]","[0.9971116466913372, 0.002888353308662772]",
d1-omni,ood_sst2_balanced_v2,788,positive,noul,1,1,"[""false"", ""true""]","[0.00192946195602417, 0.9980705380439758]",
d1-omni,ood_sst2_balanced_v2,789,positive,noul,0,0,"[""false"", ""true""]","[0.9878871301189065, 0.012112869881093502]",
d1-omni,ood_sst2_balanced_v2,790,positive,noul,0,0,"[""false"", ""true""]","[0.9992602963466197, 0.0007397036533802748]",
d1-omni,ood_sst2_balanced_v2,795,positive,noul,0,0,"[""false"", ""true""]","[0.9984748745337129, 0.001525125466287136]",
d1-omni,ood_sst2_balanced_v2,798,positive,noul,0,0,"[""false"", ""true""]","[0.981781953945756, 0.01821804605424404]",
d1-omni,ood_sst2_balanced_v2,800,positive,noul,0,0,"[""false"", ""true""]","[0.9979661954566836, 0.0020338045433163643]",
d1-omni,ood_sst2_balanced_v2,802,positive,noul,0,0,"[""false"", ""true""]","[0.9835854005068541, 0.016414599493145943]",
d1-omni,ood_sst2_balanced_v2,803,positive,noul,1,1,"[""false"", ""true""]","[0.010601520538330078, 0.9893984794616699]",
d1-omni,ood_sst2_balanced_v2,804,positive,noul,0,0,"[""false"", ""true""]","[0.9569996222853661, 0.04300037771463394]",
d1-omni,ood_sst2_balanced_v2,805,positive,noul,0,0,"[""false"", ""true""]","[0.8198819011449814, 0.18011809885501862]",
d1-omni,ood_sst2_balanced_v2,809,positive,noul,1,1,"[""false"", ""true""]","[0.00321805477142334, 0.9967819452285767]",
d1-omni,ood_sst2_balanced_v2,811,positive,noul,0,0,"[""false"", ""true""]","[0.998325195745565, 0.0016748042544350028]",
d1-omni,ood_sst2_balanced_v2,815,positive,noul,1,1,"[""false"", ""true""]","[0.0012781023979187012, 0.9987218976020813]",
d1-omni,ood_sst2_balanced_v2,818,positive,noul,0,0,"[""false"", ""true""]","[0.894464023411274, 0.10553597658872604]",
d1-omni,ood_sst2_balanced_v2,822,positive,noul,0,0,"[""false"", ""true""]","[0.9962738791946322, 0.0037261208053678274]",
d1-omni,ood_sst2_balanced_v2,823,positive,noul,1,0,"[""false"", ""true""]","[0.5232789814472198, 0.47672101855278015]",
d1-omni,ood_sst2_balanced_v2,824,positive,noul,0,0,"[""false"", ""true""]","[0.7928067594766617, 0.20719324052333832]",
d1-omni,ood_sst2_balanced_v2,825,positive,noul,1,1,"[""false"", ""true""]","[0.006941080093383789, 0.9930589199066162]",
d1-omni,ood_sst2_balanced_v2,826,positive,noul,1,1,"[""false"", ""true""]","[0.003062129020690918, 0.9969378709793091]",
d1-omni,ood_sst2_balanced_v2,827,positive,noul,0,1,"[""false"", ""true""]","[0.21055853366851807, 0.7894414663314819]",
d1-omni,ood_sst2_balanced_v2,828,positive,noul,0,0,"[""false"", ""true""]","[0.9931352376006544, 0.006864762399345636]",
d1-omni,ood_sst2_balanced_v2,829,positive,noul,0,0,"[""false"", ""true""]","[0.9878449821844697, 0.0121550178155303]",
d1-omni,ood_sst2_balanced_v2,830,positive,noul,1,1,"[""false"", ""true""]","[0.024291276931762695, 0.9757087230682373]",
d1-omni,ood_sst2_balanced_v2,832,positive,noul,0,1,"[""false"", ""true""]","[0.11345821619033813, 0.8865417838096619]",
d1-omni,ood_sst2_balanced_v2,833,positive,noul,0,0,"[""false"", ""true""]","[0.9993185250787064, 0.0006814749212935567]",
d1-omni,ood_sst2_balanced_v2,834,positive,noul,1,1,"[""false"", ""true""]","[0.015893101692199707, 0.9841068983078003]",
d1-omni,ood_sst2_balanced_v2,835,positive,noul,1,1,"[""false"", ""true""]","[0.001572251319885254, 0.9984277486801147]",
d1-omni,ood_sst2_balanced_v2,837,positive,noul,1,1,"[""false"", ""true""]","[0.005845487117767334, 0.9941545128822327]",
d1-omni,ood_sst2_balanced_v2,840,positive,noul,0,0,"[""false"", ""true""]","[0.998906233580783, 0.0010937664192169905]",
d1-omni,ood_sst2_balanced_v2,841,positive,noul,1,1,"[""false"", ""true""]","[0.0340229868888855, 0.9659770131111145]",
d1-omni,ood_sst2_balanced_v2,842,positive,noul,0,0,"[""false"", ""true""]","[0.9865731596946716, 0.01342684030532837]",
d1-omni,ood_sst2_balanced_v2,844,positive,noul,0,0,"[""false"", ""true""]","[0.9808031432330608, 0.019196856766939163]",
d1-omni,ood_sst2_balanced_v2,845,positive,noul,0,0,"[""false"", ""true""]","[0.9413900189101696, 0.0586099810898304]",
d1-omni,ood_sst2_balanced_v2,846,positive,noul,0,1,"[""false"", ""true""]","[0.08626961708068848, 0.9137303829193115]",
d1-omni,ood_sst2_balanced_v2,851,positive,noul,0,0,"[""false"", ""true""]","[0.8037749379873276, 0.19622506201267242]",
d1-omni,ood_sst2_balanced_v2,852,positive,noul,0,0,"[""false"", ""true""]","[0.6536874175071716, 0.34631258249282837]",
d1-omni,ood_sst2_balanced_v2,853,positive,noul,1,1,"[""false"", ""true""]","[0.04700911045074463, 0.9529908895492554]",
d1-omni,ood_sst2_balanced_v2,854,positive,noul,0,0,"[""false"", ""true""]","[0.9667107462882996, 0.03328925371170044]",
d1-omni,ood_sst2_balanced_v2,857,positive,noul,1,1,"[""false"", ""true""]","[0.0016708970069885254, 0.9983291029930115]",
d1-omni,ood_sst2_balanced_v2,858,positive,noul,1,1,"[""false"", ""true""]","[0.01218324899673462, 0.9878167510032654]",
d1-omni,ood_sst2_balanced_v2,859,positive,noul,1,1,"[""false"", ""true""]","[0.003940939903259277, 0.9960590600967407]",
d1-omni,ood_sst2_balanced_v2,860,positive,noul,1,1,"[""false"", ""true""]","[0.01503664255142212, 0.9849633574485779]",
d1-omni,ood_sst2_balanced_v2,861,positive,noul,1,1,"[""false"", ""true""]","[0.025933504104614258, 0.9740664958953857]",
d1-omni,ood_sst2_balanced_v2,862,positive,noul,0,1,"[""false"", ""true""]","[0.27128851413726807, 0.7287114858627319]",
d1-omni,ood_sst2_balanced_v2,863,positive,noul,0,0,"[""false"", ""true""]","[0.9568062722682953, 0.04319372773170471]",
d1-omni,ood_sst2_balanced_v2,864,positive,noul,0,0,"[""false"", ""true""]","[0.9998383521888172, 0.0001616478111827746]",
d1-omni,ood_sst2_balanced_v2,865,positive,noul,1,1,"[""false"", ""true""]","[0.23478364944458008, 0.7652163505554199]",
d1-omni,ood_sst2_balanced_v2,866,positive,noul,1,1,"[""false"", ""true""]","[0.06285405158996582, 0.9371459484100342]",
d1-omni,ood_sst2_balanced_v2,867,positive,noul,0,0,"[""false"", ""true""]","[0.9575270898640156, 0.04247291013598442]",
d1-omni,ood_sst2_balanced_v2,868,positive,noul,1,1,"[""false"", ""true""]","[0.005431652069091797, 0.9945683479309082]",
d1-omni,ood_sst2_balanced_v2,870,positive,noul,0,0,"[""false"", ""true""]","[0.9682230576872826, 0.03177694231271744]",
d1-omni,ood_sst2_balanced_v2,871,positive,noul,1,1,"[""false"", ""true""]","[0.0027196407318115234, 0.9972803592681885]",
d1-omni,ood_yelp_rating,74,rating,score,4,4,"[""0"", ""1"", ""2"", ""3"", ""4""]","[0.00011966547010772446, 0.00033961198597193455, 0.05701301239373166, 0.4054613704110051, 0.5370663397391835]",
d1-omni,ood_yelp_rating,120,rating,score,2,1,"[""0"", ""1"", ""2"", ""3"", ""4""]","[0.050116006284952164, 0.4860210120677948, 0.3489468991756439, 0.09966760128736496, 0.015248481184244156]",
d1-omni,ood_yelp_rating,176,rating,score,1,1,"[""0"", ""1"", ""2"", ""3"", ""4""]","[0.039018624483554955, 0.7205306467507087, 0.23786192223055075, 0.00257157517356655, 1.723136161908145e-05]",
d1-omni,ood_yelp_rating,219,rating,score,3,2,"[""0"", ""1"", ""2"", ""3"", ""4""]","[0.002255481797193663, 0.07072272572378233, 0.4521953852189493, 0.4139635373021437, 0.06086286995793102]",
d1-omni,ood_yelp_rating,221,rating,score,2,2,"[""0"", ""1"", ""2"", ""3"", ""4""]","[0.0008075430020966315, 0.061443161823780644, 0.8457850897066341, 0.09160272122132941, 0.00036148424615913753]",
d1-omni,ood_yelp_rating,263,rating,score,1,1,"[""0"", ""1"", ""2"", ""3"", ""4""]","[0.2776932492659818, 0.6563793596445123, 0.06429374390043369, 0.0015375493505788219, 9.6097838493354e-05]",
d1-omni,ood_yelp_rating,276,rating,score,4,4,"[""0"", ""1"", ""2"", ""3"", ""4""]","[0.16291120162870878, 0.19156194652432362, 0.22335035433321135, 0.15019481926575842, 0.2719816782479978]",
d1-omni,ood_yelp_rating,428,rating,score,0,0,"[""0"", ""1"", ""2"", ""3"", ""4""]","[0.8489279539053082, 0.1330712852066954, 0.01795110248759102, 3.610589831398441e-05, 1.3552502091421874e-05]",
d1-omni,ood_yelp_rating,447,rating,score,4,4,"[""0"", ""1"", ""2"", ""3"", ""4""]","[4.647781898414939e-05, 0.00012954351728626374, 0.019267461593255045, 0.1785035673755353, 0.8020529496949392]",
d1-omni,ood_yelp_rating,493,rating,score,3,3,"[""0"", ""1"", ""2"", ""3"", ""4""]","[0.0006339627432654487, 0.031614504745342276, 0.4035961030739138, 0.4477672277577899, 0.1163882016796886]",
d1-omni,ood_yelp_rating,500,rating,score,3,3,"[""0"", ""1"", ""2"", ""3"", ""4""]","[2.9661724713585793e-05, 0.00039437295368196547, 0.14836180766231657, 0.6090546478640847, 0.24215950979520315]",
d1-omni,ood_yelp_rating,506,rating,score,0,0,"[""0"", ""1"", ""2"", ""3"", ""4""]","[0.8337928066634834, 0.1573699602127463, 0.00843585036998434, 0.0003535540933381499, 4.782866044772816e-05]",
d1-omni,ood_yelp_rating,512,rating,score,0,0,"[""0"", ""1"", ""2"", ""3"", ""4""]","[0.9548152436701356, 0.032037756778044026, 0.013029051369608904, 0.0001085565780122883, 9.391604199226902e-06]",
d1-omni,ood_yelp_rating,556,rating,score,3,1,"[""0"", ""1"", ""2"", ""3"", ""4""]","[0.06055191408044804, 0.4795149171749943, 0.33285832657336, 0.09554302654435268, 0.031531815626844976]",
d1-omni,ood_yelp_rating,575,rating,score,2,2,"[""0"", ""1"", ""2"", ""3"", ""4""]","[0.0007745060361044757, 0.31746861656903524, 0.6531103931950668, 0.028187775187845033, 0.00045870901194841054]",
d1-omni,ood_yelp_rating,626,rating,score,3,4,"[""0"", ""1"", ""2"", ""3"", ""4""]","[0.01631061922071617, 0.03938902549331826, 0.09773421305741037, 0.2409344916063072, 0.605631650622248]",
d1-omni,ood_yelp_rating,651,rating,score,4,4,"[""0"", ""1"", ""2"", ""3"", ""4""]","[0.0004495476632584443, 0.0011949607941948298, 0.05662281100456442, 0.3921439969436601, 0.5495886835943222]",
d1-omni,ood_yelp_rating,712,rating,score,2,3,"[""0"", ""1"", ""2"", ""3"", ""4""]","[0.014341953340436146, 0.06100790606767464, 0.22679698690043837, 0.5457704358303676, 0.15208271786108327]",
d1-omni,ood_yelp_rating,741,rating,score,0,1,"[""0"", ""1"", ""2"", ""3"", ""4""]","[0.08708725259393883, 0.7701107916004765, 0.13480035016064232, 0.00797847136825543, 2.3134276687005924e-05]",
d1-omni,ood_yelp_rating,770,rating,score,2,2,"[""0"", ""1"", ""2"", ""3"", ""4""]","[9.739749131615577e-05, 0.042576433110044345, 0.5392596833354933, 0.38826469391198465, 0.029801792151161514]",
d1-omni,ood_yelp_rating,813,rating,score,0,0,"[""0"", ""1"", ""2"", ""3"", ""4""]","[0.9361828011919403, 0.0523839297281142, 0.010894957047833765, 0.0004728801744504851, 6.543185766130494e-05]",
d1-omni,ood_yelp_rating,821,rating,score,0,1,"[""0"", ""1"", ""2"", ""3"", ""4""]","[0.2866173640563461, 0.639028777795398, 0.07232517637956619, 0.002012086768456202, 1.65950002334987e-05]",
d1-omni,ood_yelp_rating,827,rating,score,1,1,"[""0"", ""1"", ""2"", ""3"", ""4""]","[0.22532628484495987, 0.631230312785532, 0.13158175973781405, 0.011749168085049106, 0.00011247454664493579]",
d1-omni,ood_yelp_rating,836,rating,score,1,1,"[""0"", ""1"", ""2"", ""3"", ""4""]","[0.3617675300438212, 0.5256669515556444, 0.10568898904632779, 0.006775562178350011, 0.00010096717585659613]",
d1-omni,ood_yelp_rating,883,rating,score,3,3,"[""0"", ""1"", ""2"", ""3"", ""4""]","[0.003452635666532027, 0.012170200459995735, 0.20177019013553973, 0.42051450191546363, 0.36209247182246884]",
d1-omni,ood_yelp_rating,1045,rating,score,1,0,"[""0"", ""1"", ""2"", ""3"", ""4""]","[0.6076400242079957, 0.2672829277448158, 0.10092211696640009, 0.022442056064817847, 0.0017128750159705974]",
d1-omni,ood_yelp_rating,1063,rating,score,0,1,"[""0"", ""1"", ""2"", ""3"", ""4""]","[0.2621219612400535, 0.5600327546387884, 0.17289233762401693, 0.004810544401907768, 0.00014240209523339595]",
d1-omni,ood_yelp_rating,1084,rating,score,4,3,"[""0"", ""1"", ""2"", ""3"", ""4""]","[0.0002266245463679791, 0.03284273509257839, 0.12996893488531222, 0.5610362614291619, 0.2759254440465795]",
d1-omni,ood_yelp_rating,1099,rating,score,1,2,"[""0"", ""1"", ""2"", ""3"", ""4""]","[0.002246596305024359, 0.27517341590394595, 0.6585505370914571, 0.06384534162087026, 0.00018410907870236912]",
d1-omni,ood_yelp_rating,1123,rating,score,1,1,"[""0"", ""1"", ""2"", ""3"", ""4""]","[0.10227190233571005, 0.7382396658428715, 0.1519032459643918, 0.00755389381057841, 3.129204644823881e-05]",
d1-omni,ood_yelp_rating,1142,rating,score,3,3,"[""0"", ""1"", ""2"", ""3"", ""4""]","[0.00018707085705679647, 0.03919346382891661, 0.3686844525953386, 0.4563697125849038, 0.1355653001337842]",
d1-omni,ood_yelp_rating,1155,rating,score,4,4,"[""0"", ""1"", ""2"", ""3"", ""4""]","[0.0001909238084047129, 0.000663932365282753, 0.047088214018688235, 0.4502590072702865, 0.5017979225373378]",
d1-omni,ood_yelp_rating,1163,rating,score,1,0,"[""0"", ""1"", ""2"", ""3"", ""4""]","[0.7121762727476328, 0.21716574121521373, 0.06999584379942424, 0.0006297298324659576, 3.241240526326394e-05]",
d1-omni,ood_yelp_rating,1221,rating,score,1,1,"[""0"", ""1"", ""2"", ""3"", ""4""]","[0.2043909608459106, 0.7131751952838514, 0.08179487552558293, 0.0006228307245431674, 1.613762011190476e-05]",
d1-omni,ood_yelp_rating,1225,rating,score,3,1,"[""0"", ""1"", ""2"", ""3"", ""4""]","[0.11620594422103174, 0.2884994001649007, 0.2578836813955439, 0.15857612423623257, 0.1788348499822911]",
d1-omni,ood_yelp_rating,1275,rating,score,2,3,"[""0"", ""1"", ""2"", ""3"", ""4""]","[0.0002486895035267036, 0.008670875151428377, 0.14828756930653478, 0.5911418986555511, 0.251650967382959]",
d1-omni,ood_yelp_rating,1280,rating,score,4,4,"[""0"", ""1"", ""2"", ""3"", ""4""]","[0.0001076044076373167, 1.5024154961872958e-05, 0.004190657519623412, 0.08796482787356784, 0.9077218860442096]",
d1-omni,ood_yelp_rating,1302,rating,score,3,4,"[""0"", ""1"", ""2"", ""3"", ""4""]","[0.0007139950018020403, 0.0004219170328449278, 0.011553500534275316, 0.21024252233663662, 0.777068065094441]",
d1-omni,ood_yelp_rating,1334,rating,score,2,1,"[""0"", ""1"", ""2"", ""3"", ""4""]","[0.18958224349181024, 0.4312388638258582, 0.33488544461352504, 0.03668152827885782, 0.007611919789948745]",
d1-omni,ood_yelp_rating,1355,rating,score,1,0,"[""0"", ""1"", ""2"", ""3"", ""4""]","[0.8774137100755652, 0.07577966556499738, 0.04490659183145684, 0.001704091362076062, 0.00019594116590443536]",
d1-omni,ood_yelp_rating,1429,rating,score,1,0,"[""0"", ""1"", ""2"", ""3"", ""4""]","[0.5634052737707125, 0.3825221051018999, 0.05215801284045536, 0.0017265552839453651, 0.00018805300298690888]",
d1-omni,ood_yelp_rating,1551,rating,score,0,1,"[""0"", ""1"", ""2"", ""3"", ""4""]","[0.3318145267625699, 0.5618348705006846, 0.10516145801647259, 0.0011689715293856466, 2.017319088729904e-05]",
d1-omni,ood_yelp_rating,1594,rating,score,3,4,"[""0"", ""1"", ""2"", ""3"", ""4""]","[0.0007019835463083814, 0.001832569908115651, 0.05781981958792154, 0.4359372437079296, 0.5037083832497249]",
d1-omni,ood_yelp_rating,1708,rating,score,4,4,"[""0"", ""1"", ""2"", ""3"", ""4""]","[0.018313294532428886, 0.006585327069070102, 0.01784391539884613, 0.11435043971543815, 0.8429070232842167]",
d1-omni,ood_yelp_rating,1744,rating,score,3,3,"[""0"", ""1"", ""2"", ""3"", ""4""]","[0.0005785786843585055, 0.017938211758636184, 0.20940420263137194, 0.6677600815237044, 0.10431892540192905]",
d1-omni,ood_yelp_rating,1761,rating,score,2,3,"[""0"", ""1"", ""2"", ""3"", ""4""]","[0.008653655196908219, 0.06594843073458213, 0.3880935108910905, 0.45608491307054166, 0.08121949010687746]",
d1-omni,ood_yelp_rating,1809,rating,score,2,1,"[""0"", ""1"", ""2"", ""3"", ""4""]","[0.15479467668640604, 0.70620524242008, 0.11816904586539771, 0.02025468256558929, 0.0005763524625269356]",
d1-omni,ood_yelp_rating,1948,rating,score,4,4,"[""0"", ""1"", ""2"", ""3"", ""4""]","[4.266410664289481e-05, 5.7218211110004695e-05, 0.0077929464410708095, 0.2296445388637048, 0.7624626323774715]",
d1-omni,ood_yelp_rating,1971,rating,score,1,1,"[""0"", ""1"", ""2"", ""3"", ""4""]","[0.15319232444178427, 0.730352571085066, 0.11581470667280837, 0.0006313841940990935, 9.013606242298173e-06]",
d1-omni,ood_yelp_rating,2114,rating,score,1,1,"[""0"", ""1"", ""2"", ""3"", ""4""]","[0.305777868456308, 0.4466999934107067, 0.1726406463193701, 0.06357858885590467, 0.011302902957710536]",
d1-omni,ood_yelp_rating,2128,rating,score,4,4,"[""0"", ""1"", ""2"", ""3"", ""4""]","[0.0024224216769180543, 0.000919588772638342, 0.014498922805925503, 0.14860647744658118, 0.833552589297937]",
d1-omni,ood_yelp_rating,2201,rating,score,1,2,"[""0"", ""1"", ""2"", ""3"", ""4""]","[0.003233468069691172, 0.15034684118777025, 0.41446121369131245, 0.3395864272605695, 0.09237204979065666]",
d1-omni,ood_yelp_rating,2215,rating,score,4,4,"[""0"", ""1"", ""2"", ""3"", ""4""]","[0.0036524865967826974, 0.0005683495359114496, 0.007029886125473688, 0.08486728090095867, 0.9038819968408734]",
d1-omni,ood_yelp_rating,2224,rating,score,0,0,"[""0"", ""1"", ""2"", ""3"", ""4""]","[0.4975445131220851, 0.46759168805090273, 0.026791679596169876, 0.006991537045184657, 0.0010805821856576389]",
d1-omni,ood_yelp_rating,2254,rating,score,1,1,"[""0"", ""1"", ""2"", ""3"", ""4""]","[0.4444423947520577, 0.479903763574353, 0.06876868522634394, 0.006774168966966161, 0.00011098748027918644]",
d1-omni,ood_yelp_rating,2275,rating,score,3,3,"[""0"", ""1"", ""2"", ""3"", ""4""]","[1.3245597049026464e-05, 7.883270680977104e-05, 0.06226108266312233, 0.6531075079135409, 0.28453933111947793]",
d1-omni,ood_yelp_rating,2580,rating,score,1,2,"[""0"", ""1"", ""2"", ""3"", ""4""]","[0.005203497564433754, 0.37705003985892227, 0.605779465328439, 0.011916732343070993, 5.026490513394339e-05]",
d1-omni,ood_yelp_rating,2593,rating,score,2,4,"[""0"", ""1"", ""2"", ""3"", ""4""]","[0.00047434952394669446, 7.381166022049641e-05, 0.01294535906859676, 0.20613228464797365, 0.7803741950992624]",
d1-omni,ood_yelp_rating,2685,rating,score,0,0,"[""0"", ""1"", ""2"", ""3"", ""4""]","[0.9586797719734426, 0.03120175129919722, 0.009954526153776453, 0.00014502741392259462, 1.892315966115252e-05]",
d1-omni,ood_yelp_rating,2731,rating,score,0,1,"[""0"", ""1"", ""2"", ""3"", ""4""]","[0.40321433476095464, 0.4470912210546873, 0.14540268456233446, 0.003679141861695382, 0.0006126177603282317]",
d1-omni,ood_yelp_rating,2746,rating,score,4,3,"[""0"", ""1"", ""2"", ""3"", ""4""]","[0.0010054330875255968, 0.00689862658569749, 0.07630861210598693, 0.5615190565647429, 0.3542682716560471]",
d1-omni,ood_yelp_rating,2901,rating,score,0,0,"[""0"", ""1"", ""2"", ""3"", ""4""]","[0.9530565346987896, 0.04039694215690267, 0.006201428804229169, 0.00022392502075964924, 0.00012116931931892578]",
d1-omni,ood_yelp_rating,2927,rating,score,4,4,"[""0"", ""1"", ""2"", ""3"", ""4""]","[0.0014986915525607154, 0.00018523498737310564, 0.006429351605385465, 0.1072865907750434, 0.8846001310796373]",
d1-omni,ood_yelp_rating,2993,rating,score,0,0,"[""0"", ""1"", ""2"", ""3"", ""4""]","[0.7572585567596778, 0.21015361407048275, 0.03249877531292103, 4.8138180677205224e-05, 4.091567624116573e-05]",
d1-omni,ood_yelp_rating,3146,rating,score,1,1,"[""0"", ""1"", ""2"", ""3"", ""4""]","[0.009333883685285739, 0.5813921860098781, 0.40329245912864436, 0.005969163205039831, 1.2307971152003793e-05]",
d1-omni,ood_yelp_rating,3195,rating,score,4,3,"[""0"", ""1"", ""2"", ""3"", ""4""]","[0.0038747463651537723, 0.04315073022009681, 0.17713916215116102, 0.533117708937388, 0.24271765232620046]",
d1-omni,ood_yelp_rating,3229,rating,score,0,1,"[""0"", ""1"", ""2"", ""3"", ""4""]","[0.1203813616010721, 0.6601596412396837, 0.2126463482593705, 0.006037259417467516, 0.0007753894824061371]",
d1-omni,ood_yelp_rating,3282,rating,score,4,3,"[""0"", ""1"", ""2"", ""3"", ""4""]","[0.002209240632389876, 0.031538479911307246, 0.19905341227688117, 0.5870204135874402, 0.18017845359198154]",
d1-omni,ood_yelp_rating,3395,rating,score,4,4,"[""0"", ""1"", ""2"", ""3"", ""4""]","[0.002512671366973931, 0.001912006471272766, 0.05712000836677876, 0.3194453222871419, 0.6190099915078326]",
d1-omni,ood_yelp_rating,3437,rating,score,0,0,"[""0"", ""1"", ""2"", ""3"", ""4""]","[0.9175986631644314, 0.07696344435240154, 0.005381715241100947, 4.728318631852959e-05, 8.8940557475698e-06]",
d1-omni,ood_yelp_rating,3482,rating,score,4,3,"[""0"", ""1"", ""2"", ""3"", ""4""]","[6.0286102077578654e-05, 7.386971067556306e-05, 0.0324010356047525, 0.6295087765215085, 0.3379560320609859]",
d1-omni,ood_yelp_rating,3539,rating,score,0,0,"[""0"", ""1"", ""2"", ""3"", ""4""]","[0.5656074928962322, 0.2184418309163083, 0.13531209641863487, 0.06750363168076862, 0.013134948088055973]",
d1-omni,ood_yelp_rating,3552,rating,score,3,4,"[""0"", ""1"", ""2"", ""3"", ""4""]","[0.0012461257505883478, 0.0006562747104610167, 0.12379338979945044, 0.39777900620256623, 0.47652520353693395]",
d1-omni,ood_yelp_rating,3597,rating,score,0,0,"[""0"", ""1"", ""2"", ""3"", ""4""]","[0.8676499169527834, 0.10081562395231528, 0.02574230547065113, 0.005613921622475935, 0.00017823200177425916]",
d1-omni,ood_yelp_rating,3601,rating,score,0,1,"[""0"", ""1"", ""2"", ""3"", ""4""]","[0.17419440013531498, 0.7142956445212434, 0.10676740391445544, 0.004175178351076075, 0.0005673730779101609]",
d1-omni,ood_yelp_rating,3605,rating,score,2,1,"[""0"", ""1"", ""2"", ""3"", ""4""]","[0.15214996494638075, 0.6944088547361867, 0.15229496815029217, 0.0009688425050990555, 0.00017736966204127074]",
d1-omni,ood_yelp_rating,3618,rating,score,4,4,"[""0"", ""1"", ""2"", ""3"", ""4""]","[0.00022357854086266728, 4.111664206955335e-05, 0.015529177413309881, 0.331534937629172, 0.6526711897745859]",
d1-omni,ood_yelp_rating,3791,rating,score,4,3,"[""0"", ""1"", ""2"", ""3"", ""4""]","[0.0007018335938083254, 0.0021507354111524983, 0.11159136452243737, 0.45289827634784674, 0.4326577901247551]",
d1-omni,ood_yelp_rating,3869,rating,score,3,4,"[""0"", ""1"", ""2"", ""3"", ""4""]","[0.0009258560916640452, 0.0015881626871127414, 0.03346861801687393, 0.4375162593600914, 0.5265011038442579]",
d1-omni,ood_yelp_rating,3876,rating,score,1,0,"[""0"", ""1"", ""2"", ""3"", ""4""]","[0.5571978646725575, 0.35343214606171736, 0.06798009523764181, 0.01762027839109094, 0.003769615636992338]",
d1-omni,ood_yelp_rating,3935,rating,score,0,0,"[""0"", ""1"", ""2"", ""3"", ""4""]","[0.9199673724777438, 0.07065323142132737, 0.009286724224119833, 5.061303923632202e-05, 4.205883757258698e-05]",
d1-omni,ood_yelp_rating,4017,rating,score,1,1,"[""0"", ""1"", ""2"", ""3"", ""4""]","[0.10720553283149538, 0.7011158379809421, 0.18740482500142674, 0.004227360086390927, 4.644409974486675e-05]",
d1-omni,ood_yelp_rating,4078,rating,score,1,1,"[""0"", ""1"", ""2"", ""3"", ""4""]","[0.19518696121128107, 0.4805644171727661, 0.2731296856525468, 0.048997082678073144, 0.0021218532853328684]",
d1-omni,ood_yelp_rating,4119,rating,score,2,2,"[""0"", ""1"", ""2"", ""3"", ""4""]","[3.038707028941245e-05, 0.02080628220899371, 0.6542441076037072, 0.32090484248120843, 0.00401438063580121]",
d1-omni,ood_yelp_rating,4147,rating,score,0,0,"[""0"", ""1"", ""2"", ""3"", ""4""]","[0.507980424640735, 0.44212301183000047, 0.04950563415964812, 0.0003620521878338491, 2.887718178258018e-05]",
d1-omni,ood_yelp_rating,4244,rating,score,0,0,"[""0"", ""1"", ""2"", ""3"", ""4""]","[0.8247074939738958, 0.14269619935933253, 0.026360943462343574, 0.005820667737205728, 0.00041469546722245476]",
d1-omni,ood_yelp_rating,4385,rating,score,3,3,"[""0"", ""1"", ""2"", ""3"", ""4""]","[0.006440908455347023, 0.008677201713260894, 0.13005307867882315, 0.43320413279420517, 0.4216246783583638]",
d1-omni,ood_yelp_rating,4394,rating,score,4,3,"[""0"", ""1"", ""2"", ""3"", ""4""]","[0.04231802589006625, 0.04681716312404114, 0.1400682426963656, 0.5207773849078497, 0.2500191833816773]",
d1-omni,ood_yelp_rating,4464,rating,score,2,3,"[""0"", ""1"", ""2"", ""3"", ""4""]","[0.002050309451531197, 0.023846920690717737, 0.1808135517910754, 0.5956092504580005, 0.1976799676086752]",
d1-omni,ood_yelp_rating,4624,rating,score,0,1,"[""0"", ""1"", ""2"", ""3"", ""4""]","[0.40859506827987013, 0.4538252795395064, 0.09670680322500999, 0.04036305600064239, 0.0005097929549710457]",
d1-omni,ood_yelp_rating,4672,rating,score,0,0,"[""0"", ""1"", ""2"", ""3"", ""4""]","[0.7554996471603582, 0.2127651086305126, 0.029589980299860832, 0.001361960869535355, 0.0007833030397330204]",
d1-omni,ood_yelp_rating,4684,rating,score,4,4,"[""0"", ""1"", ""2"", ""3"", ""4""]","[0.0003534673152105329, 0.00033786099798667506, 0.00744889877034567, 0.09682710793093802, 0.8950326649855191]",
d1-omni,ood_yelp_rating,4812,rating,score,1,1,"[""0"", ""1"", ""2"", ""3"", ""4""]","[0.16555781513841508, 0.761945905436082, 0.07125850599237567, 0.0012159197179505278, 2.1853715176795226e-05]",
d1-omni,ood_yelp_rating,4823,rating,score,2,2,"[""0"", ""1"", ""2"", ""3"", ""4""]","[0.013664615531423346, 0.19421039793002975, 0.6745398138818305, 0.08546812206695027, 0.032117050589766126]",
d1-omni,ood_yelp_rating,4830,rating,score,3,4,"[""0"", ""1"", ""2"", ""3"", ""4""]","[0.0022496368903132846, 0.0039918319723721545, 0.03247977750111666, 0.4169893507453629, 0.5442894028908349]",
d1-omni,ood_yelp_rating,4839,rating,score,0,0,"[""0"", ""1"", ""2"", ""3"", ""4""]","[0.8930972446528374, 0.09303204828601098, 0.012437046721755236, 0.0014108052847668822, 2.2855054629591e-05]",
d1-omni,ood_yelp_rating,4874,rating,score,4,3,"[""0"", ""1"", ""2"", ""3"", ""4""]","[0.019398334263572507, 0.04208168924546889, 0.19939892773959317, 0.39008633828128336, 0.3490347104700821]",
d1-omni,ood_yelp_rating,4886,rating,score,0,0,"[""0"", ""1"", ""2"", ""3"", ""4""]","[0.5795379762480718, 0.3514714469543877, 0.05487663562849997, 0.014016674554315094, 9.726661472544467e-05]",
d1-omni,ood_yelp_rating,4930,rating,score,1,1,"[""0"", ""1"", ""2"", ""3"", ""4""]","[0.04888736584116355, 0.4852057225869598, 0.3924227459242911, 0.054544793001612836, 0.018939372645972702]",
d1-omni,ood_yelp_rating,4989,rating,score,1,1,"[""0"", ""1"", ""2"", ""3"", ""4""]","[0.43657560365951764, 0.5313336996418795, 0.03203044175435145, 5.151994043390043e-05, 8.735003817569747e-06]",
d1-omni,ood_yelp_rating,5097,rating,score,2,2,"[""0"", ""1"", ""2"", ""3"", ""4""]","[0.009600560229321046, 0.3563791233415185, 0.5094297553990637, 0.12444455984488395, 0.00014600118521284329]",
d1-omni,ood_yelp_rating,5099,rating,score,1,0,"[""0"", ""1"", ""2"", ""3"", ""4""]","[0.5483630147634077, 0.37632354051282135, 0.06936323450547063, 0.0053693399208245216, 0.0005808702974758192]",
d1-omni,ood_yelp_rating,5181,rating,score,0,0,"[""0"", ""1"", ""2"", ""3"", ""4""]","[0.721520577598775, 0.17202808854462404, 0.09977957259146267, 0.00645110733713085, 0.00022065392800747153]",
d1-omni,ood_yelp_rating,5220,rating,score,4,3,"[""0"", ""1"", ""2"", ""3"", ""4""]","[0.0018420339258141418, 0.013990456231578394, 0.20903761773304225, 0.453794895975634, 0.32133499613393124]",
d1-omni,ood_yelp_rating,5244,rating,score,2,1,"[""0"", ""1"", ""2"", ""3"", ""4""]","[0.20808494603964053, 0.6247074758025035, 0.16653412990997324, 0.0006595026515010435, 1.3945596381715858e-05]",
d1-omni,ood_yelp_rating,5256,rating,score,0,0,"[""0"", ""1"", ""2"", ""3"", ""4""]","[0.63517698353236, 0.2972091860179253, 0.05817511923921479, 0.009052401791623334, 0.00038630941887659415]",
d1-omni,ood_yelp_rating,5272,rating,score,1,1,"[""0"", ""1"", ""2"", ""3"", ""4""]","[0.297450798892316, 0.5609830361781258, 0.13420578160487456, 0.006845515636155718, 0.0005148676885278699]",
d1-omni,ood_yelp_rating,5288,rating,score,0,1,"[""0"", ""1"", ""2"", ""3"", ""4""]","[0.0819844398498157, 0.80251814743533, 0.11508759370542118, 0.0003900998359919631, 1.971917344111818e-05]",
d1-omni,ood_yelp_rating,5303,rating,score,2,2,"[""0"", ""1"", ""2"", ""3"", ""4""]","[0.0003973607430535865, 0.09841825910688257, 0.8156116707113552, 0.08474502693046435, 0.0008276825082442356]",
d1-omni,ood_yelp_rating,5397,rating,score,3,3,"[""0"", ""1"", ""2"", ""3"", ""4""]","[0.0004588575228766036, 0.024791910354734124, 0.17646282278063413, 0.6674864052617125, 0.13080000408004255]",
d1-omni,ood_yelp_rating,5409,rating,score,0,1,"[""0"", ""1"", ""2"", ""3"", ""4""]","[0.1937334947990097, 0.6399718402284854, 0.15444788045363855, 0.011764867009287262, 8.191750957912808e-05]",
d1-omni,ood_yelp_rating,5422,rating,score,1,2,"[""0"", ""1"", ""2"", ""3"", ""4""]","[0.026779294863428126, 0.3805711423412872, 0.5449332388696141, 0.04698465959285219, 0.0007316643328183671]",
d1-omni,ood_yelp_rating,5445,rating,score,0,2,"[""0"", ""1"", ""2"", ""3"", ""4""]","[0.23636683117250112, 0.14270314148953137, 0.3015527933373215, 0.1685578921867045, 0.15081934181394155]",
d1-omni,ood_yelp_rating,5517,rating,score,4,4,"[""0"", ""1"", ""2"", ""3"", ""4""]","[0.0002533755430319058, 4.986187406192621e-05, 0.02458127319247924, 0.2792039333400492, 0.6959115560503777]",
d1-omni,ood_yelp_rating,5563,rating,score,4,4,"[""0"", ""1"", ""2"", ""3"", ""4""]","[0.0004424391098682653, 0.00029870166442494726, 0.029440233597868095, 0.3189090204662323, 0.6509096051616063]",
d1-omni,ood_yelp_rating,5671,rating,score,4,4,"[""0"", ""1"", ""2"", ""3"", ""4""]","[0.0002134106638554323, 0.0003413269913282838, 0.01963419487296544, 0.1865807045711879, 0.793230362900663]",
d1-omni,ood_yelp_rating,5715,rating,score,0,0,"[""0"", ""1"", ""2"", ""3"", ""4""]","[0.8500880189961925, 0.1310156612604385, 0.01867899526018982, 0.0002080163876879636, 9.308095491284157e-06]",
d1-omni,ood_yelp_rating,5755,rating,score,1,0,"[""0"", ""1"", ""2"", ""3"", ""4""]","[0.8514750765709234, 0.11969439173424243, 0.02619168958419434, 0.002568429385979001, 7.041272466081764e-05]",
d1-omni,ood_yelp_rating,5775,rating,score,3,4,"[""0"", ""1"", ""2"", ""3"", ""4""]","[0.00034309157226555017, 0.00012533855262267222, 0.01850575341446636, 0.4114694178398602, 0.5695563986207852]",
d1-omni,ood_yelp_rating,5909,rating,score,4,4,"[""0"", ""1"", ""2"", ""3"", ""4""]","[0.004746348135868412, 0.0053617865828441335, 0.11407256882085705, 0.4019031230377994, 0.47391617342263104]",
d1-omni,ood_yelp_rating,5910,rating,score,2,3,"[""0"", ""1"", ""2"", ""3"", ""4""]","[0.0001402385293938162, 0.0009471365835486625, 0.0980243942810092, 0.8178435867997544, 0.08304464380629391]",
d1-omni,ood_yelp_rating,5980,rating,score,1,2,"[""0"", ""1"", ""2"", ""3"", ""4""]","[0.0036844261127037853, 0.20873413358610737, 0.7088614401195623, 0.07845986215972815, 0.0002601380218983794]",
d1-omni,ood_yelp_rating,6003,rating,score,1,0,"[""0"", ""1"", ""2"", ""3"", ""4""]","[0.5304229755955833, 0.38798610027190583, 0.06768356152083532, 0.012670460411702535, 0.001236902199973046]",
d1-omni,ood_yelp_rating,6097,rating,score,3,4,"[""0"", ""1"", ""2"", ""3"", ""4""]","[0.00022489387408656492, 0.0004212799053138962, 0.08467600685490666, 0.3872918573894289, 0.527385961976264]",
d1-omni,ood_yelp_rating,6101,rating,score,1,0,"[""0"", ""1"", ""2"", ""3"", ""4""]","[0.8280689720300546, 0.1463429183467964, 0.025299767044368926, 0.0002579996654601089, 3.034291332001919e-05]",
d1-omni,ood_yelp_rating,6257,rating,score,4,3,"[""0"", ""1"", ""2"", ""3"", ""4""]","[0.0014380685774021422, 0.036675732638312565, 0.137753844469646, 0.5521022089730633, 0.27203014534157605]",
d1-omni,ood_yelp_rating,6426,rating,score,3,3,"[""0"", ""1"", ""2"", ""3"", ""4""]","[0.0002408230258104588, 0.0015616848190000802, 0.10834813417628933, 0.5828763602967124, 0.3069729976821877]",
d1-omni,ood_yelp_rating,6470,rating,score,2,2,"[""0"", ""1"", ""2"", ""3"", ""4""]","[0.04705773990812968, 0.2978418376672044, 0.5709910190229633, 0.07214399924376602, 0.011965404157936487]",
d1-omni,ood_yelp_rating,6472,rating,score,4,2,"[""0"", ""1"", ""2"", ""3"", ""4""]","[0.0350283708444514, 0.1569460747350808, 0.34804829568030654, 0.2602701381050153, 0.19970712063514595]",
d1-omni,ood_yelp_rating,6482,rating,score,0,1,"[""0"", ""1"", ""2"", ""3"", ""4""]","[0.4014397044571326, 0.49105987919974065, 0.10058728058567626, 0.006846101623759002, 6.703413369149639e-05]",
d1-omni,ood_yelp_rating,6516,rating,score,1,0,"[""0"", ""1"", ""2"", ""3"", ""4""]","[0.5106153200419884, 0.42671721769957244, 0.06198120118898076, 0.0006421351378140276, 4.412593164436871e-05]",
d1-omni,ood_yelp_rating,6521,rating,score,1,1,"[""0"", ""1"", ""2"", ""3"", ""4""]","[0.046585174510518364, 0.7361569139732325, 0.2076105568823992, 0.009536991324910322, 0.00011036330893967781]",
d1-omni,ood_yelp_rating,6603,rating,score,3,3,"[""0"", ""1"", ""2"", ""3"", ""4""]","[0.00010411792408008496, 0.0030234753078221296, 0.1582298226091781, 0.6512167236802534, 0.18742586047866633]",
d1-omni,ood_yelp_rating,6727,rating,score,3,3,"[""0"", ""1"", ""2"", ""3"", ""4""]","[3.1377322440662516e-05, 2.1472538017462518e-05, 0.037376752763798995, 0.5216675826214218, 0.44090281475432114]",
d1-omni,ood_yelp_rating,6894,rating,score,0,0,"[""0"", ""1"", ""2"", ""3"", ""4""]","[0.8410625061462575, 0.13886550904649603, 0.01913887917221741, 0.0005158768956548099, 0.0004172287393741621]",
d1-omni,ood_yelp_rating,6899,rating,score,2,1,"[""0"", ""1"", ""2"", ""3"", ""4""]","[0.06351080330560052, 0.689141847161742, 0.2304400428788769, 0.01624035037459599, 0.0006669562791845759]",
d1-omni,ood_yelp_rating,6924,rating,score,1,1,"[""0"", ""1"", ""2"", ""3"", ""4""]","[0.11590444458273551, 0.4562170266380815, 0.3790307639526056, 0.03562564308992961, 0.013222121736647772]",
d1-omni,ood_yelp_rating,6971,rating,score,1,0,"[""0"", ""1"", ""2"", ""3"", ""4""]","[0.5428314300299554, 0.3756949070710589, 0.0765230966566116, 0.004705090620541665, 0.00024547562183244474]",
d1-omni,ood_yelp_rating,6979,rating,score,0,0,"[""0"", ""1"", ""2"", ""3"", ""4""]","[0.9664484117478728, 0.02709990512902283, 0.005504264879352514, 0.0009332261257499659, 1.4192118001938992e-05]",
d1-omni,ood_yelp_rating,7050,rating,score,4,4,"[""0"", ""1"", ""2"", ""3"", ""4""]","[0.0008302875973287976, 0.0005971290066918435, 0.02165873767888016, 0.19397576571040748, 0.7829380800066917]",
d1-omni,ood_yelp_rating,7054,rating,score,2,2,"[""0"", ""1"", ""2"", ""3"", ""4""]","[0.0036204778774759066, 0.06283205779788673, 0.6779394184506189, 0.23446995140014656, 0.021138094473871886]",
d1-omni,ood_yelp_rating,7087,rating,score,3,3,"[""0"", ""1"", ""2"", ""3"", ""4""]","[0.002476906107054889, 0.023980190357705315, 0.29744818037917187, 0.42184354764767135, 0.2542511755083966]",
d1-omni,ood_yelp_rating,7104,rating,score,2,2,"[""0"", ""1"", ""2"", ""3"", ""4""]","[0.003989198489921507, 0.18577417381247702, 0.8093198438452107, 0.0009050325580283032, 1.1751294362448187e-05]",
d1-omni,ood_yelp_rating,7117,rating,score,3,3,"[""0"", ""1"", ""2"", ""3"", ""4""]","[0.00039957656419673145, 0.019110961169545485, 0.231366324878671, 0.6212849709221434, 0.12783816646544335]",
d1-omni,ood_yelp_rating,7141,rating,score,0,1,"[""0"", ""1"", ""2"", ""3"", ""4""]","[0.16680563726333147, 0.5432984744275358, 0.27012091454090115, 0.01963991082398069, 0.000135062944250932]",
d1-omni,ood_yelp_rating,7148,rating,score,2,0,"[""0"", ""1"", ""2"", ""3"", ""4""]","[0.4613777833555362, 0.4343371221743945, 0.10036272852448443, 0.003894379011992891, 2.7986933591993016e-05]",
d1-omni,ood_yelp_rating,7237,rating,score,0,0,"[""0"", ""1"", ""2"", ""3"", ""4""]","[0.8118616003345794, 0.14623811230022837, 0.04145788228152724, 0.0004280582764621239, 1.4346807202797545e-05]",
d1-omni,ood_yelp_rating,7244,rating,score,3,3,"[""0"", ""1"", ""2"", ""3"", ""4""]","[0.00023652125036423226, 0.0017248617383050658, 0.05876367742344879, 0.5686003166337374, 0.3706746229541445]",
d1-omni,ood_yelp_rating,7291,rating,score,2,2,"[""0"", ""1"", ""2"", ""3"", ""4""]","[0.0004903507202976492, 0.26369012118918395, 0.658357518926086, 0.07523123379406671, 0.002230775370365713]",
d1-omni,ood_yelp_rating,7302,rating,score,1,2,"[""0"", ""1"", ""2"", ""3"", ""4""]","[0.0006619481440895202, 0.33397246940233016, 0.6634343571042207, 0.001921515883611021, 9.709465748597334e-06]",
d1-omni,ood_yelp_rating,7396,rating,score,0,1,"[""0"", ""1"", ""2"", ""3"", ""4""]","[0.1602464070164254, 0.7155629549966591, 0.10972383684858686, 0.014414063694768015, 5.273744356060414e-05]",
d1-omni,ood_yelp_rating,7484,rating,score,1,0,"[""0"", ""1"", ""2"", ""3"", ""4""]","[0.6405942529208374, 0.32393426120146906, 0.03540196362161129, 6.16253188478903e-05, 7.896937234340256e-06]",
d1-omni,ood_yelp_rating,7525,rating,score,0,0,"[""0"", ""1"", ""2"", ""3"", ""4""]","[0.6722209642498106, 0.194621163740328, 0.11876669551846882, 0.013952201318620619, 0.0004389751727719752]",
d1-omni,ood_yelp_rating,7557,rating,score,4,4,"[""0"", ""1"", ""2"", ""3"", ""4""]","[0.0013467777475738361, 0.0014908038703873422, 0.04857463289544568, 0.26909878295491396, 0.6794890025316792]",
d1-omni,ood_yelp_rating,7589,rating,score,2,1,"[""0"", ""1"", ""2"", ""3"", ""4""]","[0.01204983820802397, 0.5016026000238685, 0.48026860711988084, 0.006024933539512178, 5.402110871456163e-05]",
d1-omni,ood_yelp_rating,7664,rating,score,3,3,"[""0"", ""1"", ""2"", ""3"", ""4""]","[0.0006501228514251571, 0.005165833767557131, 0.11590266496482762, 0.5414570943528839, 0.3368242840633061]",
d1-omni,ood_yelp_rating,7836,rating,score,4,4,"[""0"", ""1"", ""2"", ""3"", ""4""]","[4.566535116041245e-05, 1.4437961168097042e-05, 0.010949190834097402, 0.33414504322879435, 0.6548456626247797]",
d1-omni,ood_yelp_rating,7974,rating,score,3,4,"[""0"", ""1"", ""2"", ""3"", ""4""]","[0.0023775146371836572, 0.0028035190289435906, 0.03125582889311479, 0.2563325367443721, 0.7072306006963859]",
d1-omni,ood_yelp_rating,8048,rating,score,4,4,"[""0"", ""1"", ""2"", ""3"", ""4""]","[0.0005728726157928058, 0.0018532931979769764, 0.05844064563472682, 0.40439091462886245, 0.534742273922641]",
d1-omni,ood_yelp_rating,8053,rating,score,0,1,"[""0"", ""1"", ""2"", ""3"", ""4""]","[0.3090221298939608, 0.594434502264285, 0.08999979534211802, 0.006508695454961153, 3.487704467516418e-05]",
d1-omni,ood_yelp_rating,8073,rating,score,0,0,"[""0"", ""1"", ""2"", ""3"", ""4""]","[0.9957598151157249, 0.0034902539222346554, 0.0006730322695606872, 4.6985876500323756e-05, 2.9912815979439708e-05]",
d1-omni,ood_yelp_rating,8076,rating,score,1,1,"[""0"", ""1"", ""2"", ""3"", ""4""]","[0.20949407171005485, 0.7174913968537271, 0.07196582194321771, 0.0010147007535744952, 3.400873942582464e-05]",
d1-omni,ood_yelp_rating,8080,rating,score,1,0,"[""0"", ""1"", ""2"", ""3"", ""4""]","[0.6454548371384049, 0.32565606277721854, 0.025308514055718937, 0.003317199175941165, 0.00026338685271643625]",
d1-omni,ood_yelp_rating,8094,rating,score,1,0,"[""0"", ""1"", ""2"", ""3"", ""4""]","[0.6099138749018675, 0.36163552961610257, 0.028279724966465965, 0.00014657423632791338, 2.4296279236035403e-05]",
d1-omni,ood_yelp_rating,8097,rating,score,4,3,"[""0"", ""1"", ""2"", ""3"", ""4""]","[0.00016806299126363456, 0.001225621070990799, 0.0758479896177352, 0.4889513475273793, 0.4338069787926311]",
d1-omni,ood_yelp_rating,8154,rating,score,1,1,"[""0"", ""1"", ""2"", ""3"", ""4""]","[0.12562877549857918, 0.8160562315509401, 0.05800905360355811, 0.0002951134663431581, 1.0825880579475683e-05]",
d1-omni,ood_yelp_rating,8182,rating,score,1,1,"[""0"", ""1"", ""2"", ""3"", ""4""]","[0.0719064868148378, 0.5857322391277627, 0.32327289356397626, 0.017635006985184363, 0.0014533735082388147]",
d1-omni,ood_yelp_rating,8250,rating,score,0,0,"[""0"", ""1"", ""2"", ""3"", ""4""]","[0.7798094869708163, 0.20144139540901987, 0.01830456061577218, 0.0003992659974482688, 4.529100694340224e-05]",
d1-omni,ood_yelp_rating,8297,rating,score,1,1,"[""0"", ""1"", ""2"", ""3"", ""4""]","[0.4530581504874463, 0.46550094864860686, 0.07773013129392255, 0.0035037984823502164, 0.0002069710876740579]",
d1-omni,ood_yelp_rating,8420,rating,score,3,4,"[""0"", ""1"", ""2"", ""3"", ""4""]","[0.0003562329997705334, 7.919312044343847e-05, 0.008142849876275761, 0.1893098159966493, 0.8021119080068609]",
d1-omni,ood_yelp_rating,8464,rating,score,1,0,"[""0"", ""1"", ""2"", ""3"", ""4""]","[0.7420018062031779, 0.22742689369644162, 0.030130359247002487, 0.00038902218639052014, 5.1918666987502176e-05]",
d1-omni,ood_yelp_rating,8477,rating,score,0,0,"[""0"", ""1"", ""2"", ""3"", ""4""]","[0.6644746348452563, 0.25939209375092226, 0.07051829549336407, 0.005486552371812264, 0.00012842353864516145]",
d1-omni,ood_yelp_rating,8503,rating,score,4,4,"[""0"", ""1"", ""2"", ""3"", ""4""]","[0.014010518841484632, 0.005360804518166201, 0.042524550268517994, 0.2732832739997032, 0.664820852372128]",
d1-omni,ood_yelp_rating,8537,rating,score,2,2,"[""0"", ""1"", ""2"", ""3"", ""4""]","[0.022732207326656484, 0.3773037753916787, 0.5501017516061374, 0.04794169914966397, 0.0019205665258634655]",
d1-omni,ood_yelp_rating,8623,rating,score,3,3,"[""0"", ""1"", ""2"", ""3"", ""4""]","[0.006412829191634551, 0.060562937016125085, 0.19090473515188017, 0.7071895592772918, 0.03492993936306848]",
d1-omni,ood_yelp_rating,8660,rating,score,4,4,"[""0"", ""1"", ""2"", ""3"", ""4""]","[5.8163243408282156e-05, 4.0164161801283015e-05, 0.019968777406792707, 0.24243474904083445, 0.7374981461471632]",
d1-omni,ood_yelp_rating,8727,rating,score,4,4,"[""0"", ""1"", ""2"", ""3"", ""4""]","[0.041055199829438324, 0.06053726532966218, 0.09927150120921623, 0.35766021349885124, 0.441475820132832]",
d1-omni,ood_yelp_rating,8752,rating,score,2,3,"[""0"", ""1"", ""2"", ""3"", ""4""]","[8.086434426768192e-05, 0.0009582071668036228, 0.09906914695918516, 0.614857486496625, 0.2850342950331186]",
d1-omni,ood_yelp_rating,8753,rating,score,1,1,"[""0"", ""1"", ""2"", ""3"", ""4""]","[0.05570864964189603, 0.7722773433041668, 0.16860967614936762, 0.00338875660112092, 1.5574303448700622e-05]",
d1-omni,ood_yelp_rating,8779,rating,score,1,2,"[""0"", ""1"", ""2"", ""3"", ""4""]","[0.001999590222694587, 0.07361069101022358, 0.7505428133686308, 0.15265811577285254, 0.021188789625598496]",
d1-omni,ood_yelp_rating,8902,rating,score,0,1,"[""0"", ""1"", ""2"", ""3"", ""4""]","[0.3478773043291074, 0.6186804428212658, 0.0334087442699762, 2.509470911659102e-05, 8.413870534055575e-06]",
d1-omni,ood_yelp_rating,8955,rating,score,2,1,"[""0"", ""1"", ""2"", ""3"", ""4""]","[0.31467314101973315, 0.44325961834276806, 0.2129239543328631, 0.02846486632128354, 0.0006784199833522008]",
d1-omni,ood_yelp_rating,8965,rating,score,4,3,"[""0"", ""1"", ""2"", ""3"", ""4""]","[0.0010358380525281393, 0.004050831364682597, 0.05486340149181094, 0.6813854070332974, 0.25866452205768087]",
d1-omni,ood_yelp_rating,9032,rating,score,0,0,"[""0"", ""1"", ""2"", ""3"", ""4""]","[0.9155880109326001, 0.07547871429493885, 0.008578911885230767, 0.0003402010080428685, 1.4161879187424166e-05]",
d1-omni,ood_yelp_rating,9165,rating,score,4,3,"[""0"", ""1"", ""2"", ""3"", ""4""]","[0.000142482160183003, 0.007350069840028171, 0.19238312019004536, 0.5224687719613528, 0.2776555558483907]",
d1-omni,ood_yelp_rating,9188,rating,score,1,0,"[""0"", ""1"", ""2"", ""3"", ""4""]","[0.6128571108212674, 0.35247186256123564, 0.03413780075217768, 0.0005191532026954575, 1.4072662623844973e-05]",
d1-omni,ood_yelp_rating,9285,rating,score,1,1,"[""0"", ""1"", ""2"", ""3"", ""4""]","[0.37521051351646834, 0.4634004478736798, 0.15060045616327183, 0.010676714221310637, 0.00011186822526943037]",
d1-omni,ood_yelp_rating,9367,rating,score,3,2,"[""0"", ""1"", ""2"", ""3"", ""4""]","[0.005821004878569703, 0.17350673284238002, 0.5334316233856141, 0.25037704503688873, 0.03686359385654738]",
d1-omni,ood_yelp_rating,9392,rating,score,3,2,"[""0"", ""1"", ""2"", ""3"", ""4""]","[0.00019915859340430725, 0.08266643631806979, 0.6068673278503219, 0.30309206969781094, 0.007175007540393015]",
d1-omni,ood_yelp_rating,9395,rating,score,0,0,"[""0"", ""1"", ""2"", ""3"", ""4""]","[0.48821874359432404, 0.4058758525535172, 0.10356705403805844, 0.0022963256992134945, 4.2024114886799085e-05]",
d1-omni,ood_yelp_rating,9440,rating,score,2,3,"[""0"", ""1"", ""2"", ""3"", ""4""]","[0.001981633433132717, 0.07833789093835411, 0.42681776413938477, 0.42874943141914224, 0.06411328006998614]",
d1-omni,ood_yelp_rating,9545,rating,score,0,0,"[""0"", ""1"", ""2"", ""3"", ""4""]","[0.9477187521708529, 0.04340033191575051, 0.00885994054881107, 1.3760841424041996e-05, 7.214523161446076e-06]",
d1-omni,ood_yelp_rating,9585,rating,score,4,4,"[""0"", ""1"", ""2"", ""3"", ""4""]","[0.0018380123137076631, 0.0005132601286705396, 0.013403941333879763, 0.2127728522638146, 0.7714719339599274]",
d1-omni,ood_yelp_rating,9687,rating,score,1,1,"[""0"", ""1"", ""2"", ""3"", ""4""]","[0.3511833880910888, 0.5225294283466032, 0.09962926157387648, 0.023996619742330635, 0.0026613022461008965]",
d1-omni,ood_yelp_rating,9803,rating,score,1,2,"[""0"", ""1"", ""2"", ""3"", ""4""]","[0.03285642750028254, 0.2594590812116014, 0.5445741475884708, 0.1369535342263453, 0.026156809473300086]",
d1-omni,ood_yelp_rating,9825,rating,score,0,1,"[""0"", ""1"", ""2"", ""3"", ""4""]","[0.28547714609513475, 0.517031874673662, 0.1817701551192193, 0.011535213914391731, 0.0041856101975922995]",
d1-omni,ood_yelp_rating,9826,rating,score,1,1,"[""0"", ""1"", ""2"", ""3"", ""4""]","[0.15533247034731076, 0.7502328608910902, 0.08108213286781626, 0.013242573342935968, 0.00010996255084683259]",
d1-omni,ood_yelp_rating,9833,rating,score,2,1,"[""0"", ""1"", ""2"", ""3"", ""4""]","[0.11852348189539215, 0.6177769479882252, 0.2501044344856216, 0.012735639131464926, 0.0008594964992960904]",
d1-omni,ood_yelp_rating,9911,rating,score,3,4,"[""0"", ""1"", ""2"", ""3"", ""4""]","[0.00044654470040305906, 0.002233558345396053, 0.05800171224989141, 0.2801396264503593, 0.6591785582539502]",
d1-omni,ood_yelp_rating,9962,rating,score,3,4,"[""0"", ""1"", ""2"", ""3"", ""4""]","[0.0005647109498764192, 0.0008991240402170781, 0.06944227394458076, 0.3868810930460037, 0.5422127980193221]",
d1-omni,ood_yelp_rating,9978,rating,score,3,4,"[""0"", ""1"", ""2"", ""3"", ""4""]","[0.007072542117965415, 0.003074345522682079, 0.06874399880303997, 0.27590746683200296, 0.6452016467243096]",
d1-omni,ood_yelp_rating,10069,rating,score,2,1,"[""0"", ""1"", ""2"", ""3"", ""4""]","[0.3248876779697513, 0.5372183075559045, 0.11904053586994624, 0.018583648913792203, 0.0002698296906056764]",
d1-omni,ood_yelp_rating,10078,rating,score,0,0,"[""0"", ""1"", ""2"", ""3"", ""4""]","[0.9247691810297403, 0.06691614667940994, 0.008161705145249549, 0.00011998656787301494, 3.298057772720012e-05]",
d1-omni,ood_yelp_rating,10257,rating,score,3,3,"[""0"", ""1"", ""2"", ""3"", ""4""]","[0.0001918532614811493, 0.0016276094507549882, 0.01899476684291028, 0.7805026615171865, 0.19868310892766708]",
d1-omni,ood_yelp_rating,10433,rating,score,0,1,"[""0"", ""1"", ""2"", ""3"", ""4""]","[0.30733856516256375, 0.5872050515629543, 0.10383412227562482, 0.001594740196717617, 2.7520802139509523e-05]",
d1-omni,ood_yelp_rating,10457,rating,score,4,3,"[""0"", ""1"", ""2"", ""3"", ""4""]","[0.004143887002637389, 0.017877810716844772, 0.10875468929625196, 0.5593108865200959, 0.30991272646417]",
d1-omni,ood_yelp_rating,10579,rating,score,1,2,"[""0"", ""1"", ""2"", ""3"", ""4""]","[0.015298130802474098, 0.36728891443295075, 0.552073772407841, 0.06525921770598216, 7.996465075206627e-05]",
d1-omni,ood_yelp_rating,10588,rating,score,2,2,"[""0"", ""1"", ""2"", ""3"", ""4""]","[0.05954006264837362, 0.28202380280223965, 0.613189909353753, 0.045115335498632135, 0.00013088969700166025]",
d1-omni,ood_yelp_rating,10592,rating,score,1,1,"[""0"", ""1"", ""2"", ""3"", ""4""]","[0.2014804782359679, 0.5215424900143804, 0.23677852771876243, 0.038307465648564944, 0.0018910383823244259]",
d1-omni,ood_yelp_rating,10604,rating,score,2,2,"[""0"", ""1"", ""2"", ""3"", ""4""]","[0.05052579633890893, 0.25186893678189476, 0.634190269780542, 0.06102553836034045, 0.0023894587383137896]",
d1-omni,ood_yelp_rating,10714,rating,score,3,4,"[""0"", ""1"", ""2"", ""3"", ""4""]","[0.03597289243401083, 0.0851006265334645, 0.17561707998177975, 0.3474865776117166, 0.3558228234390283]",
d1-omni,ood_yelp_rating,10736,rating,score,0,0,"[""0"", ""1"", ""2"", ""3"", ""4""]","[0.5790908709297161, 0.39051767716543395, 0.02989024675017781, 0.00045584308123000763, 4.536207344211914e-05]",
d1-omni,ood_yelp_rating,10739,rating,score,1,1,"[""0"", ""1"", ""2"", ""3"", ""4""]","[0.28578599030473234, 0.6739846171535109, 0.04000972035387342, 0.00021575917122936003, 3.913016654013037e-06]",
d1-omni,ood_yelp_rating,10774,rating,score,0,1,"[""0"", ""1"", ""2"", ""3"", ""4""]","[0.3682783607677331, 0.490160553251011, 0.1348058644559809, 0.006707451810676223, 4.776971459876612e-05]",
d1-omni,ood_yelp_rating,10794,rating,score,3,2,"[""0"", ""1"", ""2"", ""3"", ""4""]","[0.0002214894624857943, 0.05992493391985788, 0.5039517271706095, 0.3956272890893107, 0.04027456035773605]",
d1-omni,ood_yelp_rating,10807,rating,score,1,0,"[""0"", ""1"", ""2"", ""3"", ""4""]","[0.6287855534857406, 0.3243069365632399, 0.04660349733205956, 0.00022585506771240327, 7.815755124753612e-05]",
d1-omni,ood_yelp_rating,10841,rating,score,1,0,"[""0"", ""1"", ""2"", ""3"", ""4""]","[0.5304469696236188, 0.3274703167824416, 0.12899487279944472, 0.012901981920701017, 0.00018585887379390543]",
d1-omni,ood_yelp_rating,10893,rating,score,1,1,"[""0"", ""1"", ""2"", ""3"", ""4""]","[0.24192141142905613, 0.46984657929651696, 0.20795887834553858, 0.07478047952621535, 0.005492651402672971]",
d1-omni,ood_yelp_rating,10971,rating,score,0,0,"[""0"", ""1"", ""2"", ""3"", ""4""]","[0.5493135475391893, 0.32478597896907513, 0.1207660516219269, 0.005089201054536554, 4.5220815272188644e-05]",
d1-omni,ood_yelp_rating,11074,rating,score,3,2,"[""0"", ""1"", ""2"", ""3"", ""4""]","[0.03485634485527231, 0.2915643101266714, 0.4394903697168386, 0.14285008343215877, 0.09123889186905898]",
d1-omni,ood_yelp_rating,11076,rating,score,4,4,"[""0"", ""1"", ""2"", ""3"", ""4""]","[0.00035470970357766865, 0.0018814798457219514, 0.035477260045090116, 0.17966995544705433, 0.782616594958556]",
d1-omni,ood_yelp_rating,11141,rating,score,3,4,"[""0"", ""1"", ""2"", ""3"", ""4""]","[0.0019376587102034179, 0.0005242501685322699, 0.033627358510277844, 0.32082064081991585, 0.6430900917910706]",
d1-omni,ood_yelp_rating,11205,rating,score,3,3,"[""0"", ""1"", ""2"", ""3"", ""4""]","[0.0008377527368286331, 0.01434326773247836, 0.13072587937758062, 0.5997741400429986, 0.25431896011011385]",
d1-omni,ood_yelp_rating,11402,rating,score,4,3,"[""0"", ""1"", ""2"", ""3"", ""4""]","[0.00011611635075409214, 0.0030737744185021037, 0.20269247324828227, 0.6069317141118263, 0.1871859218706352]",
d1-omni,ood_yelp_rating,11414,rating,score,3,4,"[""0"", ""1"", ""2"", ""3"", ""4""]","[0.002566650697845313, 0.0026791509704346948, 0.02029109524520297, 0.18556232426381336, 0.7889007788227037]",
d1-omni,ood_yelp_rating,11664,rating,score,4,4,"[""0"", ""1"", ""2"", ""3"", ""4""]","[0.0007158659891340882, 2.5965908305965035e-05, 0.011570703282089699, 0.10756056796535388, 0.8801268968551164]",
d1-omni,ood_yelp_rating,11712,rating,score,2,2,"[""0"", ""1"", ""2"", ""3"", ""4""]","[0.016741035329021794, 0.2925090758849678, 0.6646137167237732, 0.025927692377453314, 0.00020847968478389186]",
d1-omni,ood_yelp_rating,11756,rating,score,2,1,"[""0"", ""1"", ""2"", ""3"", ""4""]","[0.37647933784607523, 0.46654487203200085, 0.10843053639669899, 0.040682615453166454, 0.007862638272058457]",
d1-omni,ood_yelp_rating,11804,rating,score,1,1,"[""0"", ""1"", ""2"", ""3"", ""4""]","[0.1456436538591645, 0.5463424414033002, 0.2636285169175817, 0.03963379999025864, 0.004751587829694885]",
d1-omni,ood_yelp_rating,11832,rating,score,3,3,"[""0"", ""1"", ""2"", ""3"", ""4""]","[2.4856456173035358e-05, 0.0023884247570618612, 0.3412838651595557, 0.5890656240265646, 0.06723722960064482]",
d1-omni,ood_yelp_rating,11860,rating,score,4,4,"[""0"", ""1"", ""2"", ""3"", ""4""]","[0.001896876747671579, 0.0019622179910289144, 0.02585446492434723, 0.2558816701457892, 0.714404770191163]",
d1-omni,ood_yelp_rating,11876,rating,score,3,4,"[""0"", ""1"", ""2"", ""3"", ""4""]","[0.006736247261069206, 0.0032157913790894312, 0.025166008223663563, 0.1379300436197107, 0.8269519095164671]",
d1-omni,ood_yelp_rating,11941,rating,score,4,4,"[""0"", ""1"", ""2"", ""3"", ""4""]","[0.0022829210733265907, 0.010074017928290354, 0.056466573998189024, 0.24282208950067397, 0.6883543974995201]",
d1-omni,ood_yelp_rating,11987,rating,score,1,2,"[""0"", ""1"", ""2"", ""3"", ""4""]","[0.0011672144917420258, 0.03907564709079475, 0.8693248153954806, 0.08981760715696673, 0.000614715865015889]",
d1-omni,ood_yelp_rating,12070,rating,score,3,3,"[""0"", ""1"", ""2"", ""3"", ""4""]","[0.00016460544143685778, 0.005363311999511292, 0.07818095941331213, 0.6606417767556925, 0.25564934639004727]",
d1-omni,ood_yelp_rating,12159,rating,score,1,0,"[""0"", ""1"", ""2"", ""3"", ""4""]","[0.47655684337696763, 0.35075592016127605, 0.14108329909152137, 0.031125756192903427, 0.0004781811773315245]",
d1-omni,ood_yelp_rating,12202,rating,score,3,2,"[""0"", ""1"", ""2"", ""3"", ""4""]","[0.000647499889421593, 0.030551943155491094, 0.48882617310448806, 0.39848746291087095, 0.0814869209397283]",
d1-omni,ood_yelp_rating,12351,rating,score,3,3,"[""0"", ""1"", ""2"", ""3"", ""4""]","[0.00016322809278125402, 0.002219784331008784, 0.08142891616633662, 0.6412118148472599, 0.2749762565626135]",
d1-omni,ood_yelp_rating,12512,rating,score,0,0,"[""0"", ""1"", ""2"", ""3"", ""4""]","[0.8167489893392635, 0.17078303064787673, 0.012295214649457308, 0.00016073086838626151, 1.2034495016129392e-05]",
d1-omni,ood_yelp_rating,12553,rating,score,4,4,"[""0"", ""1"", ""2"", ""3"", ""4""]","[0.0020606627292771274, 0.005379483264345125, 0.09807183245101855, 0.40096007484943547, 0.4935279467059237]",
d1-omni,ood_yelp_rating,12598,rating,score,3,3,"[""0"", ""1"", ""2"", ""3"", ""4""]","[0.00252640966590596, 0.011703002149418674, 0.18080659029663462, 0.5018171617812156, 0.3031468361068252]",
d1-omni,ood_yelp_rating,12608,rating,score,2,2,"[""0"", ""1"", ""2"", ""3"", ""4""]","[0.021520950541524607, 0.2660788674974104, 0.4339936206934935, 0.24594857531632708, 0.03245798595124441]",
d1-omni,ood_yelp_rating,12623,rating,score,2,2,"[""0"", ""1"", ""2"", ""3"", ""4""]","[0.0014132858722121315, 0.16877016706091047, 0.647803317363825, 0.17524099641706126, 0.006772233285991167]",
d1-omni,ood_yelp_rating,12689,rating,score,3,3,"[""0"", ""1"", ""2"", ""3"", ""4""]","[0.0008372174121848828, 0.01448047961026094, 0.0725521798630542, 0.5735738721907524, 0.3385562509237475]",
d1-omni,ood_yelp_rating,12729,rating,score,3,3,"[""0"", ""1"", ""2"", ""3"", ""4""]","[0.0005880613456249095, 0.0151507546975299, 0.14195787892599568, 0.5512487286834961, 0.29105457634735343]",
d1-omni,ood_yelp_rating,12737,rating,score,3,3,"[""0"", ""1"", ""2"", ""3"", ""4""]","[0.001760623173896031, 0.10222417796960734, 0.38114630936390015, 0.4001046095968167, 0.11476427989577978]",
d1-omni,ood_yelp_rating,12779,rating,score,0,0,"[""0"", ""1"", ""2"", ""3"", ""4""]","[0.9652753914779391, 0.029425283425725823, 0.005195870447183232, 9.880812856072442e-05, 4.646520591183434e-06]",
d1-omni,ood_yelp_rating,12843,rating,score,0,0,"[""0"", ""1"", ""2"", ""3"", ""4""]","[0.5946743342530207, 0.3466791425595242, 0.058480224069830035, 0.00014568109697694282, 2.0618020648054763e-05]",
d1-omni,ood_yelp_rating,12894,rating,score,3,4,"[""0"", ""1"", ""2"", ""3"", ""4""]","[8.076581067064123e-05, 4.490392689455505e-05, 0.038187673440365257, 0.425986538814906, 0.5357001180071636]",
d1-omni,ood_yelp_rating,12912,rating,score,2,2,"[""0"", ""1"", ""2"", ""3"", ""4""]","[0.0006286259438808048, 0.30418558448570193, 0.6083696192507141, 0.08668674857501779, 0.00012942174468535324]",
d1-omni,ood_yelp_rating,12983,rating,score,0,0,"[""0"", ""1"", ""2"", ""3"", ""4""]","[0.6633787395227541, 0.30718068620293665, 0.02902144224184204, 0.00036716741518568824, 5.19646172816352e-05]",
d1-omni,ood_yelp_rating,13020,rating,score,1,2,"[""0"", ""1"", ""2"", ""3"", ""4""]","[0.0010198814328731683, 0.2129541288868491, 0.734298570079926, 0.05166970447943071, 5.771512092098383e-05]",
d1-omni,ood_yelp_rating,13116,rating,score,2,2,"[""0"", ""1"", ""2"", ""3"", ""4""]","[0.037242161561464475, 0.4193265279183648, 0.5358763730121126, 0.00751319685420655, 4.174065385170015e-05]",
d1-omni,ood_yelp_rating,13147,rating,score,1,2,"[""0"", ""1"", ""2"", ""3"", ""4""]","[0.007223015113446085, 0.42282458718349747, 0.5600653234920938, 0.009841331182668918, 4.574302829374247e-05]",
d1-omni,ood_yelp_rating,13151,rating,score,0,1,"[""0"", ""1"", ""2"", ""3"", ""4""]","[0.1015723494088865, 0.7855140546822083, 0.11154968263113996, 0.0013181103825529962, 4.580289521232034e-05]",
d1-omni,ood_yelp_rating,13203,rating,score,1,1,"[""0"", ""1"", ""2"", ""3"", ""4""]","[0.3484856673083042, 0.5608359992260494, 0.08903583599975355, 0.0015934813491753, 4.901611671751947e-05]",
d1-omni,ood_yelp_rating,13263,rating,score,2,2,"[""0"", ""1"", ""2"", ""3"", ""4""]","[0.03071890321615116, 0.3506945879489613, 0.5521024326730839, 0.061022917136905004, 0.005461159024898621]",
d1-omni,ood_yelp_rating,13299,rating,score,1,1,"[""0"", ""1"", ""2"", ""3"", ""4""]","[0.021966830816192877, 0.645864334936515, 0.3271527725416096, 0.004994897846759154, 2.116385892332559e-05]",
d1-omni,ood_yelp_rating,13336,rating,score,2,2,"[""0"", ""1"", ""2"", ""3"", ""4""]","[0.010153776316041915, 0.07190591296106662, 0.6631716673535827, 0.2516792188281722, 0.0030894245411366037]",
d1-omni,ood_yelp_rating,13508,rating,score,4,4,"[""0"", ""1"", ""2"", ""3"", ""4""]","[0.00044112641496849616, 0.00015613843334124776, 0.016273538660355753, 0.19596156940892145, 0.7871676270824131]",
d1-omni,ood_yelp_rating,13513,rating,score,4,4,"[""0"", ""1"", ""2"", ""3"", ""4""]","[0.001775968200151551, 0.001201710987520474, 0.035173277556717335, 0.2071046487319928, 0.7547443945236179]",
d1-omni,ood_yelp_rating,13532,rating,score,1,1,"[""0"", ""1"", ""2"", ""3"", ""4""]","[0.07375880234572048, 0.7763141480510097, 0.14442761022750206, 0.005350749479043306, 0.00014868989672439675]",
d1-omni,ood_yelp_rating,13542,rating,score,1,1,"[""0"", ""1"", ""2"", ""3"", ""4""]","[0.28253552850255476, 0.5559737191108282, 0.15947310927145608, 0.0019443576823529346, 7.328543280806157e-05]",
d1-omni,ood_yelp_rating,13558,rating,score,4,3,"[""0"", ""1"", ""2"", ""3"", ""4""]","[0.0034726114398621884, 0.012421576876030977, 0.08786652726509704, 0.4660688801066461, 0.4301704043123637]",
d1-omni,ood_yelp_rating,13561,rating,score,0,0,"[""0"", ""1"", ""2"", ""3"", ""4""]","[0.6745748370740613, 0.2732530417267768, 0.04841425590574945, 0.0037014479872718507, 5.641730614064416e-05]",
d1-omni,ood_yelp_rating,13588,rating,score,0,1,"[""0"", ""1"", ""2"", ""3"", ""4""]","[0.3080525353163489, 0.6361583378181128, 0.055347784543512496, 0.000424671970145327, 1.66703518804819e-05]",
d1-omni,ood_yelp_rating,13734,rating,score,2,2,"[""0"", ""1"", ""2"", ""3"", ""4""]","[0.01712501012430904, 0.45589046695735186, 0.5057848583810675, 0.021173981497017293, 2.5683040254347776e-05]",
d1-omni,ood_yelp_rating,13790,rating,score,3,3,"[""0"", ""1"", ""2"", ""3"", ""4""]","[0.00035100233001999733, 0.011697804774547295, 0.14720206238556793, 0.5729048955530962, 0.26784423495676857]",
d1-omni,ood_yelp_rating,13828,rating,score,2,2,"[""0"", ""1"", ""2"", ""3"", ""4""]","[0.0062596777959873715, 0.20979634962726176, 0.7555447057037404, 0.02828522710288459, 0.00011403977012578634]",
d1-omni,ood_yelp_rating,13855,rating,score,1,2,"[""0"", ""1"", ""2"", ""3"", ""4""]","[0.07103425661293361, 0.3585273525786038, 0.36795835762983325, 0.15312241873456642, 0.04935761444406292]",
d1-omni,ood_yelp_rating,13884,rating,score,1,1,"[""0"", ""1"", ""2"", ""3"", ""4""]","[0.3224215042609825, 0.5714699858421443, 0.10479853728521428, 0.0012680446313534303, 4.192798030561516e-05]",
d1-omni,ood_yelp_rating,13919,rating,score,0,0,"[""0"", ""1"", ""2"", ""3"", ""4""]","[0.8602775529633703, 0.11549872365670447, 0.02329319792991923, 0.000740352983473091, 0.0001901724665329174]",
d1-omni,ood_yelp_rating,13949,rating,score,2,2,"[""0"", ""1"", ""2"", ""3"", ""4""]","[0.0014838653420481557, 0.3383548619218557, 0.6327468271749418, 0.027370619153449304, 4.3826407705001673e-05]",
d1-omni,ood_yelp_rating,14010,rating,score,3,2,"[""0"", ""1"", ""2"", ""3"", ""4""]","[0.022127354249455066, 0.4141839743102761, 0.5202700274585684, 0.04177863824425464, 0.0016400057374457307]",
d1-omni,ood_yelp_rating,14017,rating,score,3,2,"[""0"", ""1"", ""2"", ""3"", ""4""]","[0.17139912758620543, 0.2800577518331017, 0.3255193160730753, 0.11245602117949677, 0.11056778332812078]",
d1-omni,ood_yelp_rating,14191,rating,score,2,2,"[""0"", ""1"", ""2"", ""3"", ""4""]","[0.000245916944280306, 0.0392056995360672, 0.7681909081458511, 0.18877072332343042, 0.0035867520503709495]",
d1-omni,ood_yelp_rating,14255,rating,score,3,4,"[""0"", ""1"", ""2"", ""3"", ""4""]","[0.000379500074326979, 0.0012249473032363537, 0.069720984919565, 0.3196562891476914, 0.6090182785551803]",
d1-omni,ood_yelp_rating,14294,rating,score,3,3,"[""0"", ""1"", ""2"", ""3"", ""4""]","[0.0004721339359712435, 0.05259732323847369, 0.2921251449273087, 0.5282516051023922, 0.12655379279585421]",
d1-omni,ood_yelp_rating,14374,rating,score,4,3,"[""0"", ""1"", ""2"", ""3"", ""4""]","[0.000992592496081708, 0.04025994433322007, 0.33148346845745863, 0.49182770432046774, 0.13543629039277186]",
d1-omni,ood_yelp_rating,14404,rating,score,3,3,"[""0"", ""1"", ""2"", ""3"", ""4""]","[0.022655062847552684, 0.09601734733474913, 0.17817083396085068, 0.3777252203506748, 0.3254315355061727]",
d1-omni,ood_yelp_rating,14414,rating,score,3,2,"[""0"", ""1"", ""2"", ""3"", ""4""]","[0.0005977387329620399, 0.06504839064753078, 0.6676539933771095, 0.26070675859355813, 0.005993118648839552]",
d1-omni,ood_yelp_rating,14454,rating,score,1,1,"[""0"", ""1"", ""2"", ""3"", ""4""]","[0.15985020600628996, 0.548395143325933, 0.26120587538745654, 0.02969703377506566, 0.0008517415052548518]",
d1-omni,ood_yelp_rating,14562,rating,score,4,3,"[""0"", ""1"", ""2"", ""3"", ""4""]","[0.0012408546154747885, 0.0046593286031959644, 0.06236996492971206, 0.5541887871629715, 0.3775410646886457]",
d1-omni,ood_yelp_rating,14602,rating,score,1,1,"[""0"", ""1"", ""2"", ""3"", ""4""]","[0.10642853646899143, 0.7771302113025385, 0.11542412865962119, 0.0010075434823256255, 9.580086523329149e-06]",
d1-omni,ood_yelp_rating,14699,rating,score,2,1,"[""0"", ""1"", ""2"", ""3"", ""4""]","[0.014510050705844565, 0.5195122131513474, 0.4187485092529391, 0.046865993901463086, 0.0003632329884057716]",
d1-omni,ood_yelp_rating,14709,rating,score,3,4,"[""0"", ""1"", ""2"", ""3"", ""4""]","[0.001965262493255023, 0.0012971778842978791, 0.03868136245020542, 0.4166543253132784, 0.5414018718589633]",
d1-omni,ood_yelp_rating,14710,rating,score,0,0,"[""0"", ""1"", ""2"", ""3"", ""4""]","[0.8366933953206, 0.15018026337169912, 0.013014631178117858, 0.00010470723511033527, 7.002894472639109e-06]",
d1-omni,ood_yelp_rating,14790,rating,score,2,1,"[""0"", ""1"", ""2"", ""3"", ""4""]","[0.13344042177141263, 0.40880641874232315, 0.3210693341633032, 0.12337105882092829, 0.013312766502032737]",
d1-omni,ood_yelp_rating,14893,rating,score,1,1,"[""0"", ""1"", ""2"", ""3"", ""4""]","[0.1756456816080478, 0.4648532632199937, 0.32009581163771417, 0.0393626434457601, 4.260008848422923e-05]",
d1-omni,ood_yelp_rating,15036,rating,score,4,4,"[""0"", ""1"", ""2"", ""3"", ""4""]","[0.0013767526888487415, 0.0011728345958533853, 0.03248076290996546, 0.20384673226242334, 0.7611229175429091]",
d1-omni,ood_yelp_rating,15077,rating,score,3,3,"[""0"", ""1"", ""2"", ""3"", ""4""]","[0.00048736840983056284, 0.006221827698169499, 0.05638714187539438, 0.5714515123636361, 0.36545214965296946]",
d1-omni,ood_yelp_rating,15112,rating,score,3,4,"[""0"", ""1"", ""2"", ""3"", ""4""]","[0.0025524668934608775, 0.02283410506624474, 0.07889120159511936, 0.3749522211153883, 0.5207700053297867]",
d1-omni,ood_yelp_rating,15162,rating,score,3,3,"[""0"", ""1"", ""2"", ""3"", ""4""]","[0.0023511089428348633, 0.027330050295833592, 0.16368679732770994, 0.5418864498695106, 0.264745593564111]",
d1-omni,ood_yelp_rating,15164,rating,score,2,2,"[""0"", ""1"", ""2"", ""3"", ""4""]","[0.01149938566898703, 0.18944195395161248, 0.751057227231428, 0.047635522930715934, 0.0003659102172566381]",
d1-omni,ood_yelp_rating,15183,rating,score,1,0,"[""0"", ""1"", ""2"", ""3"", ""4""]","[0.5210412515062669, 0.35495932353138127, 0.09762228602595972, 0.022185181238119557, 0.004191957698272511]",
d1-omni,ood_yelp_rating,15186,rating,score,1,0,"[""0"", ""1"", ""2"", ""3"", ""4""]","[0.4951587489865414, 0.4570197024348562, 0.0472587288796794, 0.0005475019758954021, 1.5317723027599966e-05]",
d1-omni,ood_yelp_rating,15430,rating,score,1,1,"[""0"", ""1"", ""2"", ""3"", ""4""]","[0.020886749958774535, 0.9599998088573665, 0.018831642999470544, 0.0002726597086420751, 9.138475746345113e-06]",
d1-omni,ood_yelp_rating,15581,rating,score,1,2,"[""0"", ""1"", ""2"", ""3"", ""4""]","[4.131254610318201e-05, 0.08551801141204554, 0.8331003796750351, 0.08082466750586877, 0.0005156288609473583]",
d1-omni,ood_yelp_rating,15586,rating,score,0,1,"[""0"", ""1"", ""2"", ""3"", ""4""]","[0.2915441288386634, 0.6676766717343343, 0.0406147678199381, 0.00015233605068955876, 1.2095556374678657e-05]",
d1-omni,ood_yelp_rating,15671,rating,score,4,4,"[""0"", ""1"", ""2"", ""3"", ""4""]","[0.0017188311152577832, 0.0007941179714278587, 0.042833320375134286, 0.2977344960488187, 0.6569192344893614]",
d1-omni,ood_yelp_rating,15748,rating,score,0,1,"[""0"", ""1"", ""2"", ""3"", ""4""]","[0.45052375423033664, 0.4723992529930037, 0.07578326842900023, 0.001168198548365686, 0.00012552579929375044]",
d1-omni,ood_yelp_rating,15778,rating,score,2,2,"[""0"", ""1"", ""2"", ""3"", ""4""]","[2.6150613413009296e-05, 0.05322348240109314, 0.7466238689453685, 0.1999071366099114, 0.0002193614302139873]",
d1-omni,ood_yelp_rating,15786,rating,score,2,2,"[""0"", ""1"", ""2"", ""3"", ""4""]","[0.0012024191006620858, 0.04838670990165347, 0.6580245766787236, 0.23809450358659365, 0.054291790732367166]",
d1-omni,ood_yelp_rating,15843,rating,score,0,0,"[""0"", ""1"", ""2"", ""3"", ""4""]","[0.7949846208406777, 0.15773100796826556, 0.044033545012007236, 0.0031124920816717307, 0.0001383340973778175]",
d1-omni,ood_yelp_rating,15946,rating,score,1,1,"[""0"", ""1"", ""2"", ""3"", ""4""]","[0.1079527960911373, 0.48409665067256363, 0.3845173689901893, 0.02297149760723934, 0.00046168663887045404]",
d1-omni,ood_yelp_rating,16061,rating,score,0,1,"[""0"", ""1"", ""2"", ""3"", ""4""]","[0.34345709773263355, 0.5422364989773395, 0.10637618445131272, 0.00781116157476991, 0.00011905726394428668]",
d1-omni,ood_yelp_rating,16078,rating,score,1,4,"[""0"", ""1"", ""2"", ""3"", ""4""]","[0.27665624125546306, 0.05836981184173305, 0.04883428681207555, 0.07000393446536338, 0.5461357256253649]",
d1-omni,ood_yelp_rating,16133,rating,score,1,1,"[""0"", ""1"", ""2"", ""3"", ""4""]","[0.14051055733304793, 0.7973141570982611, 0.06161487770872444, 0.0005450211979594677, 1.5386662007056786e-05]",
d1-omni,ood_yelp_rating,16141,rating,score,4,3,"[""0"", ""1"", ""2"", ""3"", ""4""]","[0.0024287236240026046, 0.0049683537918712075, 0.1217841675363537, 0.5034170522930433, 0.36740170275472916]",
d1-omni,ood_yelp_rating,16175,rating,score,2,2,"[""0"", ""1"", ""2"", ""3"", ""4""]","[0.03789951860538832, 0.29609058934202864, 0.500498203122424, 0.15606879555439476, 0.00944289337576433]",
d1-omni,ood_yelp_rating,16262,rating,score,4,4,"[""0"", ""1"", ""2"", ""3"", ""4""]","[0.002319882102150524, 0.0009660789858944028, 0.02203304267350394, 0.18269532477607953, 0.7919856714623716]",
d1-omni,ood_yelp_rating,16308,rating,score,0,0,"[""0"", ""1"", ""2"", ""3"", ""4""]","[0.6190547327464186, 0.3210047771301664, 0.057666774656540194, 0.002257309148390095, 1.640631848465382e-05]",
d1-omni,ood_yelp_rating,16322,rating,score,2,1,"[""0"", ""1"", ""2"", ""3"", ""4""]","[0.0843646869794527, 0.5694570941199433, 0.32493333888935527, 0.020972564093782686, 0.0002723159174661255]",
d1-omni,ood_yelp_rating,16464,rating,score,4,4,"[""0"", ""1"", ""2"", ""3"", ""4""]","[0.005699863519336608, 0.016433972467404526, 0.14471135683125325, 0.41022919615175657, 0.422925611030249]",
d1-omni,ood_yelp_rating,16859,rating,score,1,1,"[""0"", ""1"", ""2"", ""3"", ""4""]","[0.1026955455892971, 0.8573264384117454, 0.03419016128712868, 0.0057317319878451055, 5.6122723983780725e-05]",
d1-omni,ood_yelp_rating,16877,rating,score,4,3,"[""0"", ""1"", ""2"", ""3"", ""4""]","[0.0035623068724587245, 0.014623973055542368, 0.06777082914094609, 0.4616646620476632, 0.4523782288833896]",
d1-omni,ood_yelp_rating,16907,rating,score,2,3,"[""0"", ""1"", ""2"", ""3"", ""4""]","[0.0002444093841711817, 0.027506089045925587, 0.32611919467778716, 0.5466096072387283, 0.09952069965338782]",
d1-omni,ood_yelp_rating,16953,rating,score,3,2,"[""0"", ""1"", ""2"", ""3"", ""4""]","[0.0605160694050524, 0.43403356428612355, 0.45293008405873625, 0.05057280040403306, 0.0019474818460547846]",
d1-omni,ood_yelp_rating,16977,rating,score,2,2,"[""0"", ""1"", ""2"", ""3"", ""4""]","[0.13516699764255444, 0.34357516677770145, 0.39929111304539766, 0.10962879249346284, 0.012337930040883644]",
d1-omni,ood_yelp_rating,17009,rating,score,3,3,"[""0"", ""1"", ""2"", ""3"", ""4""]","[0.0028509409843934653, 0.08989989971038648, 0.19700161090450463, 0.5317375190177064, 0.17851002938300906]",
d1-omni,ood_yelp_rating,17011,rating,score,0,0,"[""0"", ""1"", ""2"", ""3"", ""4""]","[0.9091652935390353, 0.07947365459974444, 0.010736957550999324, 0.0005526348434548267, 7.145946676609276e-05]",
d1-omni,ood_yelp_rating,17106,rating,score,2,2,"[""0"", ""1"", ""2"", ""3"", ""4""]","[0.034258430389122116, 0.23866866418705898, 0.5322746873611794, 0.17271560762494453, 0.022082610437694983]",
d1-omni,ood_yelp_rating,17227,rating,score,2,2,"[""0"", ""1"", ""2"", ""3"", ""4""]","[6.42104303697239e-05, 0.1343502753916852, 0.7642971582090614, 0.10040323091678519, 0.0008851250520984143]",
d1-omni,ood_yelp_rating,17362,rating,score,1,1,"[""0"", ""1"", ""2"", ""3"", ""4""]","[0.07660098927221114, 0.6600192620064899, 0.24984745055935323, 0.013325259687270639, 0.00020703847467511984]",
d1-omni,ood_yelp_rating,17424,rating,score,0,0,"[""0"", ""1"", ""2"", ""3"", ""4""]","[0.8740218620953427, 0.10708614109315005, 0.018150902126340313, 0.0007141178052487111, 2.6976879918181494e-05]",
d1-omni,ood_yelp_rating,17480,rating,score,2,3,"[""0"", ""1"", ""2"", ""3"", ""4""]","[9.103409303113908e-05, 0.01568009764064941, 0.4481937459920742, 0.4877939708029854, 0.04824115147125985]",
d1-omni,ood_yelp_rating,17501,rating,score,1,1,"[""0"", ""1"", ""2"", ""3"", ""4""]","[0.06324021974600955, 0.8012066117751945, 0.13028425873633068, 0.005195733853921162, 7.317588854417026e-05]",
d1-omni,ood_yelp_rating,17552,rating,score,3,3,"[""0"", ""1"", ""2"", ""3"", ""4""]","[0.00012257103892390682, 0.002814437016860516, 0.08035598577801394, 0.7495183934030533, 0.16718861276314834]",
d1-omni,ood_yelp_rating,17595,rating,score,2,2,"[""0"", ""1"", ""2"", ""3"", ""4""]","[0.008495459978995942, 0.18060477961369711, 0.789134535506061, 0.021682788820839516, 8.243608040642442e-05]",
d1-omni,ood_yelp_rating,17608,rating,score,3,3,"[""0"", ""1"", ""2"", ""3"", ""4""]","[0.002914520332133644, 0.030640813839189342, 0.23226102642847216, 0.4814724820334661, 0.25271115736673877]",
d1-omni,ood_yelp_rating,17685,rating,score,4,4,"[""0"", ""1"", ""2"", ""3"", ""4""]","[0.0005021295554220268, 0.0003420758032870018, 0.0213796162988078, 0.2897644664399298, 0.6880117119025534]",
d1-omni,ood_yelp_rating,17694,rating,score,1,1,"[""0"", ""1"", ""2"", ""3"", ""4""]","[0.11253158524296775, 0.6257055277333791, 0.25647949662223296, 0.005219196796902659, 6.419360451760211e-05]",
d1-omni,ood_yelp_rating,17763,rating,score,3,2,"[""0"", ""1"", ""2"", ""3"", ""4""]","[0.02001030281140047, 0.13392972347454474, 0.5522963753806185, 0.24383187694109038, 0.04993172139234596]",
d1-omni,ood_yelp_rating,17979,rating,score,3,3,"[""0"", ""1"", ""2"", ""3"", ""4""]","[0.0005639704546792626, 0.0049381585302976025, 0.08020046878988668, 0.5906781941363383, 0.32361920808879824]",
d1-omni,ood_yelp_rating,17990,rating,score,3,3,"[""0"", ""1"", ""2"", ""3"", ""4""]","[0.001887079970111764, 0.004805493489860403, 0.04797789310357808, 0.6979930191205117, 0.24733651431593803]",
d1-omni,ood_yelp_rating,18045,rating,score,3,3,"[""0"", ""1"", ""2"", ""3"", ""4""]","[0.00033786383966239147, 0.046224281728602025, 0.43543589620789636, 0.503697401173857, 0.0143045570499822]",
d1-omni,ood_yelp_rating,18054,rating,score,2,1,"[""0"", ""1"", ""2"", ""3"", ""4""]","[0.06958452193861507, 0.5463989048559761, 0.37434116735816697, 0.009514871412743613, 0.0001605344344982914]",
d1-omni,ood_yelp_rating,18094,rating,score,2,2,"[""0"", ""1"", ""2"", ""3"", ""4""]","[0.00029319038218214935, 0.16807324890361566, 0.6505445724185182, 0.174280416897308, 0.006808571398376039]",
d1-omni,ood_yelp_rating,18168,rating,score,2,1,"[""0"", ""1"", ""2"", ""3"", ""4""]","[0.0083938806980134, 0.6964654149575298, 0.2918384895123669, 0.003296211976671491, 6.002855418402098e-06]",
d1-omni,ood_yelp_rating,18173,rating,score,3,0,"[""0"", ""1"", ""2"", ""3"", ""4""]","[0.968047722604676, 0.02911272770712284, 0.002819642959574927, 1.609515302010511e-05, 3.8115756061466217e-06]",
d1-omni,ood_yelp_rating,18272,rating,score,1,2,"[""0"", ""1"", ""2"", ""3"", ""4""]","[0.025829461572253087, 0.44851394164163105, 0.5069565623400862, 0.01857612227217213, 0.0001239121738574775]",
d1-omni,ood_yelp_rating,18276,rating,score,2,3,"[""0"", ""1"", ""2"", ""3"", ""4""]","[0.02724646053669021, 0.08133249605937365, 0.23897597528624345, 0.4148142058539809, 0.23763086226371183]",
d1-omni,ood_yelp_rating,18281,rating,score,3,3,"[""0"", ""1"", ""2"", ""3"", ""4""]","[0.0005556688572235342, 0.038923454667900245, 0.15839665097193398, 0.6847154696581597, 0.1174087558447826]",
d1-omni,ood_yelp_rating,18289,rating,score,3,3,"[""0"", ""1"", ""2"", ""3"", ""4""]","[0.0005257690709022508, 0.007514205178373552, 0.11149944936147353, 0.709906805408244, 0.17055377098100663]",
d1-omni,ood_yelp_rating,18386,rating,score,0,0,"[""0"", ""1"", ""2"", ""3"", ""4""]","[0.6927746503297444, 0.16620312556638145, 0.11535465665613834, 0.024902423732129007, 0.0007651437156067657]",
d1-omni,ood_yelp_rating,18666,rating,score,3,4,"[""0"", ""1"", ""2"", ""3"", ""4""]","[0.004295974019536864, 0.0013551914538842073, 0.026418879511310087, 0.15803569485371044, 0.8098942601615584]",
d1-omni,ood_yelp_rating,18712,rating,score,2,3,"[""0"", ""1"", ""2"", ""3"", ""4""]","[0.0026693697471859546, 0.06346819419758369, 0.3970247127725336, 0.41583280903443526, 0.1210049142482615]",
d1-omni,ood_yelp_rating,18761,rating,score,2,1,"[""0"", ""1"", ""2"", ""3"", ""4""]","[0.03904775560329153, 0.5244680087637532, 0.3971812755815399, 0.03900369286930021, 0.0002992671821151473]",
d1-omni,ood_yelp_rating,18773,rating,score,0,0,"[""0"", ""1"", ""2"", ""3"", ""4""]","[0.8881536020424098, 0.100167080296055, 0.01103541726596367, 0.0006043813295889482, 3.95190659826236e-05]",
d1-omni,ood_yelp_rating,18833,rating,score,2,0,"[""0"", ""1"", ""2"", ""3"", ""4""]","[0.69555340238882, 0.24723842043886043, 0.05420802753516861, 0.0027853859735518655, 0.0002147636635990393]",
d1-omni,ood_yelp_rating,18852,rating,score,0,0,"[""0"", ""1"", ""2"", ""3"", ""4""]","[0.8094512605367967, 0.17180784855693051, 0.017291133174936215, 0.00032549579996418336, 0.001124261931372335]",
d1-omni,ood_yelp_rating,18853,rating,score,4,4,"[""0"", ""1"", ""2"", ""3"", ""4""]","[0.016912168679394234, 0.06286216074890275, 0.10500724357586556, 0.33466421136000246, 0.480554215635835]",
d1-omni,ood_yelp_rating,18907,rating,score,0,0,"[""0"", ""1"", ""2"", ""3"", ""4""]","[0.5243241386236303, 0.07324959610587344, 0.18801175758286406, 0.03500784318923366, 0.17940666449839862]",
d1-omni,ood_yelp_rating,19072,rating,score,0,0,"[""0"", ""1"", ""2"", ""3"", ""4""]","[0.5730539204936012, 0.37781916655347036, 0.04209099514227436, 0.006984920999944472, 5.099681070971995e-05]",
d1-omni,ood_yelp_rating,19090,rating,score,4,4,"[""0"", ""1"", ""2"", ""3"", ""4""]","[0.0009182138793059409, 0.0001247778590049162, 0.0037651973165783877, 0.09240970953553818, 0.9027821014095726]",
d1-omni,ood_yelp_rating,19194,rating,score,0,1,"[""0"", ""1"", ""2"", ""3"", ""4""]","[0.1135792392193221, 0.8402995156289905, 0.04484148157630309, 0.001207311010954607, 7.24525644296861e-05]",
d1-omni,ood_yelp_rating,19327,rating,score,1,1,"[""0"", ""1"", ""2"", ""3"", ""4""]","[0.04964019948171671, 0.6781262456449417, 0.2661446151512049, 0.006066542384576205, 2.239733756043692e-05]",
d1-omni,ood_yelp_rating,19360,rating,score,4,4,"[""0"", ""1"", ""2"", ""3"", ""4""]","[0.001129882847549765, 0.0004477215585927322, 0.006755060347223425, 0.06644102764725442, 0.9252263075993796]",
d1-omni,ood_yelp_rating,19451,rating,score,1,0,"[""0"", ""1"", ""2"", ""3"", ""4""]","[0.4637639851892124, 0.36034668399821246, 0.15073986974713677, 0.02134602021601354, 0.003803440849424831]",
d1-omni,ood_yelp_rating,19530,rating,score,0,0,"[""0"", ""1"", ""2"", ""3"", ""4""]","[0.6560100901443188, 0.32068306150929077, 0.023211125243373647, 8.293407139598751e-05, 1.2789031620855288e-05]",
d1-omni,ood_yelp_rating,19548,rating,score,4,4,"[""0"", ""1"", ""2"", ""3"", ""4""]","[5.150141646424878e-05, 0.0006256160807646738, 0.027710971591936317, 0.2213109968597374, 0.7503009140510973]",
d1-omni,ood_yelp_rating,19561,rating,score,4,4,"[""0"", ""1"", ""2"", ""3"", ""4""]","[0.0022708701397223933, 0.00043592324103444203, 0.003229669388116001, 0.07472587385346277, 0.9193376633776644]",
d1-omni,ood_yelp_rating,19579,rating,score,3,3,"[""0"", ""1"", ""2"", ""3"", ""4""]","[0.0006562922964051672, 0.004114191804952654, 0.09416928809392404, 0.4619712262774691, 0.43908900152724906]",
d1-omni,ood_yelp_rating,19590,rating,score,0,1,"[""0"", ""1"", ""2"", ""3"", ""4""]","[0.35671520141729757, 0.5901797994746387, 0.05284712450072839, 0.00023866597560066955, 1.9208631734609367e-05]",
d1-omni,ood_yelp_rating,19685,rating,score,1,0,"[""0"", ""1"", ""2"", ""3"", ""4""]","[0.5798165727987742, 0.25601780104615596, 0.1480558049634793, 0.015031610433560856, 0.0010782107580297256]",
d1-omni,ood_yelp_rating,19827,rating,score,3,3,"[""0"", ""1"", ""2"", ""3"", ""4""]","[6.34565440155289e-05, 0.01581033319315373, 0.3384913504296087, 0.5128244757913473, 0.13281038404187473]",
d1-omni,ood_yelp_rating,19880,rating,score,1,1,"[""0"", ""1"", ""2"", ""3"", ""4""]","[0.3061790640340103, 0.5374989219049281, 0.13580512282285503, 0.020190541848776868, 0.0003263493894296802]",
d1-omni,ood_yelp_rating,19932,rating,score,0,0,"[""0"", ""1"", ""2"", ""3"", ""4""]","[0.4532100891587819, 0.30605989932871375, 0.20031254149460015, 0.04022878812280253, 0.0001886818951016876]",
d1-omni,ood_yelp_rating,19972,rating,score,2,3,"[""0"", ""1"", ""2"", ""3"", ""4""]","[0.002242245443577309, 0.06462158906980267, 0.34732970053537515, 0.4743051156917487, 0.1115013492594961]",
d1-omni,ood_yelp_rating,20001,rating,score,1,0,"[""0"", ""1"", ""2"", ""3"", ""4""]","[0.46719623832754054, 0.3081132951571314, 0.21360734790773397, 0.010467579194081264, 0.0006155394135128008]",
d1-omni,ood_yelp_rating,20047,rating,score,2,2,"[""0"", ""1"", ""2"", ""3"", ""4""]","[0.0018643001847607262, 0.0957247817274322, 0.8242145595041066, 0.0780644325093073, 0.00013192607439315175]",
d1-omni,ood_yelp_rating,20113,rating,score,2,4,"[""0"", ""1"", ""2"", ""3"", ""4""]","[0.0010617643874268052, 0.00022358811225226186, 0.02521970672583332, 0.24444073664108398, 0.7290542041334036]",
d1-omni,ood_yelp_rating,20133,rating,score,2,2,"[""0"", ""1"", ""2"", ""3"", ""4""]","[0.004030992721980009, 0.08305183010475238, 0.5766421526935587, 0.1980892856703223, 0.13818573880938667]",
d1-omni,ood_yelp_rating,20187,rating,score,2,1,"[""0"", ""1"", ""2"", ""3"", ""4""]","[0.1031861848923985, 0.6577190423054519, 0.23744724976162893, 0.0016246418575592374, 2.2881182961476078e-05]",
d1-omni,ood_yelp_rating,20192,rating,score,2,3,"[""0"", ""1"", ""2"", ""3"", ""4""]","[0.00045206736485473167, 0.001115380858334352, 0.06031466780199028, 0.5118309651531573, 0.42628691882166336]",
d1-omni,ood_yelp_rating,20228,rating,score,4,4,"[""0"", ""1"", ""2"", ""3"", ""4""]","[0.05223422170816275, 0.028201025375433435, 0.04760252320563141, 0.22624413991067188, 0.6457180898001005]",
d1-omni,ood_yelp_rating,20254,rating,score,3,3,"[""0"", ""1"", ""2"", ""3"", ""4""]","[0.001066888230296775, 0.02349538385606155, 0.15931032798317207, 0.5055863324789475, 0.31054106745152216]",
d1-omni,ood_yelp_rating,20299,rating,score,3,3,"[""0"", ""1"", ""2"", ""3"", ""4""]","[3.0329835813331734e-05, 0.006880846682507534, 0.15264833156873805, 0.7443773705324139, 0.09606312138052717]",
d1-omni,ood_yelp_rating,20330,rating,score,3,2,"[""0"", ""1"", ""2"", ""3"", ""4""]","[3.780186650134259e-05, 0.03986673780063147, 0.7486591297658044, 0.20741554979872864, 0.004020780768334122]",
d1-omni,ood_yelp_rating,20403,rating,score,1,2,"[""0"", ""1"", ""2"", ""3"", ""4""]","[0.008220413439447008, 0.17897529333349319, 0.5973419357932863, 0.185454213707295, 0.030008143726478437]",
d1-omni,ood_yelp_rating,20549,rating,score,0,0,"[""0"", ""1"", ""2"", ""3"", ""4""]","[0.8572358235247346, 0.12276985769298332, 0.01992983732234995, 3.919089406564505e-05, 2.529056586652381e-05]",
d1-omni,ood_yelp_rating,20559,rating,score,0,0,"[""0"", ""1"", ""2"", ""3"", ""4""]","[0.84414119051659, 0.14159405319251625, 0.013659665445724641, 0.000465636231796249, 0.00013945461337291147]",
d1-omni,ood_yelp_rating,20628,rating,score,2,2,"[""0"", ""1"", ""2"", ""3"", ""4""]","[0.06719019576861503, 0.41064073567468373, 0.4891641963815408, 0.031751425552713944, 0.0012534466224464879]",
d1-omni,ood_yelp_rating,20630,rating,score,4,4,"[""0"", ""1"", ""2"", ""3"", ""4""]","[0.00018807843736997414, 0.00012812838925596473, 0.034025977774124, 0.38735412956090354, 0.5783036858383466]",
d1-omni,ood_yelp_rating,20643,rating,score,4,4,"[""0"", ""1"", ""2"", ""3"", ""4""]","[0.004037551459651047, 0.007788576415620061, 0.07074582362618366, 0.315551390633527, 0.6018766578650182]",
d1-omni,ood_yelp_rating,20647,rating,score,3,4,"[""0"", ""1"", ""2"", ""3"", ""4""]","[0.0006515323612973773, 0.0006456746911637253, 0.02063801275338945, 0.23454715364136988, 0.7435176265527795]",
d1-omni,ood_yelp_rating,20685,rating,score,4,4,"[""0"", ""1"", ""2"", ""3"", ""4""]","[5.280050424519316e-05, 0.00010441527477427576, 0.04403717843944155, 0.38418007141839, 0.571625534363149]",
d1-omni,ood_yelp_rating,20703,rating,score,3,2,"[""0"", ""1"", ""2"", ""3"", ""4""]","[0.0006231855749120501, 0.15676512782248808, 0.6490238705577249, 0.17934289180615662, 0.014244924238718258]",
d1-omni,ood_yelp_rating,20719,rating,score,1,0,"[""0"", ""1"", ""2"", ""3"", ""4""]","[0.6370850909174519, 0.317108159792155, 0.04402671789414691, 0.001757767731628824, 2.226366461729262e-05]",
d1-omni,ood_yelp_rating,20838,rating,score,0,0,"[""0"", ""1"", ""2"", ""3"", ""4""]","[0.8331003487166233, 0.1162223932007591, 0.04971419452681986, 0.000908772493631759, 5.429106216598519e-05]",
d1-omni,ood_yelp_rating,20907,rating,score,2,2,"[""0"", ""1"", ""2"", ""3"", ""4""]","[0.0003441145251762662, 0.09495929613656875, 0.8357037829064822, 0.06752652879519289, 0.0014662776365799509]",
d1-omni,ood_yelp_rating,20928,rating,score,3,3,"[""0"", ""1"", ""2"", ""3"", ""4""]","[1.9797858928910016e-05, 0.0004424410018844444, 0.021449701956528344, 0.9652255220688944, 0.01286253711376383]",
d1-omni,ood_yelp_rating,20960,rating,score,1,1,"[""0"", ""1"", ""2"", ""3"", ""4""]","[0.03859160816250988, 0.5852215849326498, 0.33733865406640257, 0.03872252603864572, 0.0001256267997920691]",
d1-omni,ood_yelp_rating,20981,rating,score,2,2,"[""0"", ""1"", ""2"", ""3"", ""4""]","[3.833866230988202e-05, 0.059510366544626984, 0.8433417282514647, 0.09630162498036562, 0.0008079415612328221]",
d1-omni,ood_yelp_rating,21015,rating,score,3,4,"[""0"", ""1"", ""2"", ""3"", ""4""]","[0.0017490017769540268, 0.0002932075850459533, 0.02715899398419511, 0.1673022046589444, 0.8034965919948605]",
d1-omni,ood_yelp_rating,21017,rating,score,4,4,"[""0"", ""1"", ""2"", ""3"", ""4""]","[0.0011063713350382834, 0.00024046322068531259, 0.014544824754199945, 0.2140640409041423, 0.7700442997859341]",
d1-omni,ood_yelp_rating,21046,rating,score,2,2,"[""0"", ""1"", ""2"", ""3"", ""4""]","[0.06863670850490408, 0.3543369500076995, 0.4819659628874722, 0.08948929678710087, 0.005571081812823373]",
d1-omni,ood_yelp_rating,21059,rating,score,4,4,"[""0"", ""1"", ""2"", ""3"", ""4""]","[0.0016887952753888585, 0.0027193991358866504, 0.030481013828829426, 0.38399825046981206, 0.581112541290083]",
d1-omni,ood_yelp_rating,21110,rating,score,0,0,"[""0"", ""1"", ""2"", ""3"", ""4""]","[0.7057711781556311, 0.24558135419176869, 0.04411113821900081, 0.004484781254413877, 5.154817918559096e-05]",
d1-omni,ood_yelp_rating,21125,rating,score,4,4,"[""0"", ""1"", ""2"", ""3"", ""4""]","[0.009566548066588907, 0.013979372255965197, 0.08263816499773789, 0.3913223059924922, 0.5024936086872158]",
d1-omni,ood_yelp_rating,21158,rating,score,4,4,"[""0"", ""1"", ""2"", ""3"", ""4""]","[0.005844294170041538, 0.0158897031693591, 0.08749181194634684, 0.30525020712484624, 0.5855239835894063]",
d1-omni,ood_yelp_rating,21185,rating,score,0,0,"[""0"", ""1"", ""2"", ""3"", ""4""]","[0.7535471196200467, 0.21571762288801383, 0.02905073298101906, 0.0015696248402505197, 0.00011489967066982008]",
d1-omni,ood_yelp_rating,21200,rating,score,4,4,"[""0"", ""1"", ""2"", ""3"", ""4""]","[0.0006505877507177692, 6.927877536064438e-05, 0.01383473593568072, 0.12077931801026531, 0.8646660795279756]",
d1-omni,ood_yelp_rating,21274,rating,score,1,1,"[""0"", ""1"", ""2"", ""3"", ""4""]","[0.3083772635697614, 0.595542485923865, 0.08005482642170916, 0.015836490196961768, 0.0001889338877025988]",
d1-omni,ood_yelp_rating,21366,rating,score,3,4,"[""0"", ""1"", ""2"", ""3"", ""4""]","[0.026628637041575684, 0.0760216247508654, 0.16714284909356938, 0.296876959764584, 0.43332992934940556]",
d1-omni,ood_yelp_rating,21611,rating,score,4,4,"[""0"", ""1"", ""2"", ""3"", ""4""]","[0.0005326673070686278, 0.00029084961343866166, 0.017973947590561645, 0.26602967567821767, 0.7151728598107134]",
d1-omni,ood_yelp_rating,21647,rating,score,2,1,"[""0"", ""1"", ""2"", ""3"", ""4""]","[0.11454386192078603, 0.6080017051622164, 0.2671403272047665, 0.010063185293295886, 0.00025092041893516403]",
d1-omni,ood_yelp_rating,21665,rating,score,3,3,"[""0"", ""1"", ""2"", ""3"", ""4""]","[0.003761969991671699, 0.016960645181390968, 0.056759245984420045, 0.6465162667965884, 0.2760018720459289]",
d1-omni,ood_yelp_rating,21736,rating,score,1,1,"[""0"", ""1"", ""2"", ""3"", ""4""]","[0.33082578527099393, 0.53271563376173, 0.13207538801567492, 0.0043101433027793986, 7.304964882169644e-05]",
d1-omni,ood_yelp_rating,21757,rating,score,3,2,"[""0"", ""1"", ""2"", ""3"", ""4""]","[0.005808844859436795, 0.12464557683081151, 0.41984633401837695, 0.3066483874131835, 0.14305085687819125]",
d1-omni,ood_yelp_rating,21774,rating,score,2,2,"[""0"", ""1"", ""2"", ""3"", ""4""]","[0.0004934532186244168, 0.12495194743823325, 0.6433597609132786, 0.2217580311192048, 0.009436807310658846]",
d1-omni,ood_yelp_rating,21834,rating,score,1,1,"[""0"", ""1"", ""2"", ""3"", ""4""]","[0.09283335798070645, 0.6460137647430202, 0.23480652614744135, 0.023287188985778556, 0.003059162143053475]",
d1-omni,ood_yelp_rating,21892,rating,score,1,1,"[""0"", ""1"", ""2"", ""3"", ""4""]","[0.10491491768828487, 0.7709580597138567, 0.12367869067890791, 0.0004354701633058393, 1.2861755644679518e-05]",
d1-omni,ood_yelp_rating,21961,rating,score,4,4,"[""0"", ""1"", ""2"", ""3"", ""4""]","[0.0023488972044607027, 9.283177197179793e-05, 0.005756288581321435, 0.07874671115970755, 0.9130552712825385]",
d1-omni,ood_yelp_rating,21997,rating,score,1,1,"[""0"", ""1"", ""2"", ""3"", ""4""]","[0.14764971023483334, 0.6397917430081969, 0.19155886952120332, 0.02096455773690054, 3.5119498865945644e-05]",
d1-omni,ood_yelp_rating,22146,rating,score,3,3,"[""0"", ""1"", ""2"", ""3"", ""4""]","[0.0007351512372696217, 0.02845329624586092, 0.1365745673023513, 0.548148755023812, 0.28608823019070617]",
d1-omni,ood_yelp_rating,22213,rating,score,1,1,"[""0"", ""1"", ""2"", ""3"", ""4""]","[0.0830659147843672, 0.6438912359193336, 0.25485704164276507, 0.01813688373462167, 4.8923918912402204e-05]",
d1-omni,ood_yelp_rating,22509,rating,score,0,1,"[""0"", ""1"", ""2"", ""3"", ""4""]","[0.12583396801489538, 0.517339327111589, 0.29425905901784294, 0.05003144754896393, 0.012536198306708667]",
d1-omni,ood_yelp_rating,22531,rating,score,3,3,"[""0"", ""1"", ""2"", ""3"", ""4""]","[0.00025837087756559507, 0.027730834836581737, 0.4167429093774327, 0.4892009063692979, 0.06606697853912205]",
d1-omni,ood_yelp_rating,22535,rating,score,1,1,"[""0"", ""1"", ""2"", ""3"", ""4""]","[0.18197479473825287, 0.6420319545763605, 0.17287587767752563, 0.0030626986949585486, 5.467431290237643e-05]",
d1-omni,ood_yelp_rating,22540,rating,score,4,4,"[""0"", ""1"", ""2"", ""3"", ""4""]","[0.0032536543336643274, 0.0012892756113183053, 0.013387084869375862, 0.08167829499143811, 0.9003916901942034]",
d1-omni,ood_yelp_rating,22551,rating,score,3,3,"[""0"", ""1"", ""2"", ""3"", ""4""]","[0.00013176766482071535, 0.0018082021224426138, 0.10662899884560005, 0.6299748404855833, 0.2614561908815533]",
d1-omni,ood_yelp_rating,22566,rating,score,1,0,"[""0"", ""1"", ""2"", ""3"", ""4""]","[0.6564928406290604, 0.2995634428594106, 0.043023516233636934, 0.0008453923655982633, 7.4807912293693e-05]",
d1-omni,ood_yelp_rating,22630,rating,score,3,3,"[""0"", ""1"", ""2"", ""3"", ""4""]","[0.017624656033929258, 0.059248332927441215, 0.15776852037742117, 0.5288341134032365, 0.23652437725797182]",
d1-omni,ood_yelp_rating,22648,rating,score,2,1,"[""0"", ""1"", ""2"", ""3"", ""4""]","[0.1567638815453045, 0.5065727237130224, 0.2990083994395735, 0.0366865694757756, 0.0009684258263239569]",
d1-omni,ood_yelp_rating,22752,rating,score,3,4,"[""0"", ""1"", ""2"", ""3"", ""4""]","[0.010435421622354668, 0.009175265737684887, 0.04195406157630665, 0.4438168960778486, 0.49461835498580525]",
d1-omni,ood_yelp_rating,22762,rating,score,0,0,"[""0"", ""1"", ""2"", ""3"", ""4""]","[0.8469323230198433, 0.13171349584695793, 0.020810171657885485, 0.0005177207683450466, 2.628870696819987e-05]",
d1-omni,ood_yelp_rating,22817,rating,score,1,1,"[""0"", ""1"", ""2"", ""3"", ""4""]","[0.12519509757187142, 0.712516314071179, 0.12837958032140923, 0.03382962882220538, 7.937921333501719e-05]",
d1-omni,ood_yelp_rating,22818,rating,score,1,1,"[""0"", ""1"", ""2"", ""3"", ""4""]","[0.08187757778941882, 0.7860154246115832, 0.12460839530629475, 0.006820630105130729, 0.0006779721875724953]",
d1-omni,ood_yelp_rating,22880,rating,score,0,1,"[""0"", ""1"", ""2"", ""3"", ""4""]","[0.1550576795735273, 0.6466827225189351, 0.19609678774130354, 0.002144717323027494, 1.809284320650266e-05]",
d1-omni,ood_yelp_rating,22994,rating,score,2,1,"[""0"", ""1"", ""2"", ""3"", ""4""]","[0.1125963374298708, 0.7132830426750812, 0.17083374693537526, 0.0032450227585542257, 4.185020111848463e-05]",
d1-omni,ood_yelp_rating,23283,rating,score,3,3,"[""0"", ""1"", ""2"", ""3"", ""4""]","[0.0008854688536214512, 0.01008593854593119, 0.10175471055799463, 0.6346519023300384, 0.25262197971241435]",
d1-omni,ood_yelp_rating,23411,rating,score,4,4,"[""0"", ""1"", ""2"", ""3"", ""4""]","[0.0014211644552481043, 0.0006551121325057486, 0.11994893568919952, 0.3019813824739229, 0.5759934052491237]",
d1-omni,ood_yelp_rating,23436,rating,score,0,0,"[""0"", ""1"", ""2"", ""3"", ""4""]","[0.9272256651159987, 0.06548504318580113, 0.007195179935489837, 8.593748469136262e-05, 8.174278018951285e-06]",
d1-omni,ood_yelp_rating,23472,rating,score,1,1,"[""0"", ""1"", ""2"", ""3"", ""4""]","[0.2559474239322924, 0.45867004317062193, 0.23878049561208745, 0.04591473422888261, 0.0006873030561156245]",
d1-omni,ood_yelp_rating,23484,rating,score,2,2,"[""0"", ""1"", ""2"", ""3"", ""4""]","[0.006598165782804205, 0.09800356713219908, 0.5958411150243977, 0.26506850357926526, 0.034488648481333775]",
d1-omni,ood_yelp_rating,23497,rating,score,1,0,"[""0"", ""1"", ""2"", ""3"", ""4""]","[0.44819279137202217, 0.4021596159165866, 0.13027430049315547, 0.018468762480985328, 0.0009045297372503776]",
d1-omni,ood_yelp_rating,23520,rating,score,0,0,"[""0"", ""1"", ""2"", ""3"", ""4""]","[0.7280902814076209, 0.23065487886888722, 0.040970764781463005, 0.00027206470077406847, 1.201024125483403e-05]",
d1-omni,ood_yelp_rating,23602,rating,score,1,1,"[""0"", ""1"", ""2"", ""3"", ""4""]","[0.22407396286213305, 0.6645478804380072, 0.11070925079528807, 0.0006402564084516054, 2.8649496120075465e-05]",
d1-omni,ood_yelp_rating,23605,rating,score,4,4,"[""0"", ""1"", ""2"", ""3"", ""4""]","[0.0001833496653681011, 0.0004906817556850577, 0.02086862021598536, 0.3159263197286085, 0.662531028634353]",
d1-omni,ood_yelp_rating,23607,rating,score,2,1,"[""0"", ""1"", ""2"", ""3"", ""4""]","[0.12854769371001762, 0.5367259193252912, 0.27083646292631924, 0.045448644340924466, 0.01844127969744743]",
d1-omni,ood_yelp_rating,23751,rating,score,4,4,"[""0"", ""1"", ""2"", ""3"", ""4""]","[0.004383324438283485, 0.001019455211481683, 0.020639832087353358, 0.1258582562326393, 0.8480991320302421]",
d1-omni,ood_yelp_rating,23775,rating,score,2,3,"[""0"", ""1"", ""2"", ""3"", ""4""]","[0.00016068899080340745, 0.015146906057327833, 0.23454248190850283, 0.6449231718712016, 0.1052267511721643]",
d1-omni,ood_yelp_rating,23818,rating,score,3,3,"[""0"", ""1"", ""2"", ""3"", ""4""]","[0.002729270895348528, 0.026423475309005556, 0.20236702673275286, 0.44858516171269797, 0.3198950653501951]",
d1-omni,ood_yelp_rating,23850,rating,score,3,4,"[""0"", ""1"", ""2"", ""3"", ""4""]","[0.0010034790186580571, 0.00035040625336603724, 0.0385112060664838, 0.3711668608976937, 0.5889680477637984]",
d1-omni,ood_yelp_rating,23902,rating,score,3,2,"[""0"", ""1"", ""2"", ""3"", ""4""]","[1.9702182095467423e-05, 0.0038902953351909807, 0.717850516463221, 0.263730291283642, 0.014509194735850588]",
d1-omni,ood_yelp_rating,23925,rating,score,2,2,"[""0"", ""1"", ""2"", ""3"", ""4""]","[0.008469295336973255, 0.32558287820924253, 0.6047522175018921, 0.060044699653993235, 0.0011509092978989111]",
d1-omni,ood_yelp_rating,23938,rating,score,2,2,"[""0"", ""1"", ""2"", ""3"", ""4""]","[0.008831601603605167, 0.17491100755619152, 0.7984305036520942, 0.017783207846425817, 4.367934168333668e-05]",
d1-omni,ood_yelp_rating,23950,rating,score,1,1,"[""0"", ""1"", ""2"", ""3"", ""4""]","[0.21207997138700188, 0.7685257769218103, 0.01931483106431147, 6.80839000537934e-05, 1.1336726822521732e-05]",
d1-omni,ood_yelp_rating,24110,rating,score,3,4,"[""0"", ""1"", ""2"", ""3"", ""4""]","[0.00013313968134789062, 2.5157144328239504e-05, 0.004989887250243897, 0.10275020714295974, 0.8921016087811202]",
d1-omni,ood_yelp_rating,24119,rating,score,1,1,"[""0"", ""1"", ""2"", ""3"", ""4""]","[0.08116266887620255, 0.551722765727577, 0.36540162613572397, 0.0016215869713522256, 9.135228914431051e-05]",
d1-omni,ood_yelp_rating,24263,rating,score,3,2,"[""0"", ""1"", ""2"", ""3"", ""4""]","[0.013839458611625393, 0.3398552360799411, 0.5117038671864186, 0.13006999064953498, 0.004531447472479872]",
d1-omni,ood_yelp_rating,24358,rating,score,0,0,"[""0"", ""1"", ""2"", ""3"", ""4""]","[0.5393510286349978, 0.4202625913545294, 0.03952616325286387, 0.0008443404530802879, 1.5876304528516213e-05]",
d1-omni,ood_yelp_rating,24399,rating,score,3,3,"[""0"", ""1"", ""2"", ""3"", ""4""]","[0.0005152461007231846, 0.01223845584558893, 0.22843617279750084, 0.5658494622739012, 0.19296066298228587]",
d1-omni,ood_yelp_rating,24416,rating,score,0,0,"[""0"", ""1"", ""2"", ""3"", ""4""]","[0.9211327981352149, 0.06796371156117414, 0.010445055497080052, 0.00044978430142500025, 8.650505105967694e-06]",
d1-omni,ood_yelp_rating,24483,rating,score,1,1,"[""0"", ""1"", ""2"", ""3"", ""4""]","[0.1755213804564752, 0.6794693152820018, 0.1418773912719198, 0.0031051799602423973, 2.6733029360821577e-05]",
d1-omni,ood_yelp_rating,24544,rating,score,1,2,"[""0"", ""1"", ""2"", ""3"", ""4""]","[0.03483392930283616, 0.21337284247374852, 0.3925988072603052, 0.343949641581598, 0.01524477938151206]",
d1-omni,ood_yelp_rating,24547,rating,score,1,1,"[""0"", ""1"", ""2"", ""3"", ""4""]","[0.32731575543798436, 0.5880573530254801, 0.0821069572810107, 0.0024972886900239875, 2.264556550085235e-05]",
d1-omni,ood_yelp_rating,24598,rating,score,4,4,"[""0"", ""1"", ""2"", ""3"", ""4""]","[0.00421747378072096, 0.0012155402192036546, 0.03243241824486573, 0.3043967776718155, 0.6577377900833942]",
d1-omni,ood_yelp_rating,24599,rating,score,1,2,"[""0"", ""1"", ""2"", ""3"", ""4""]","[0.04651598233813802, 0.28316682418901384, 0.5346471041367551, 0.11491829837718066, 0.020751790958912348]",
d1-omni,ood_yelp_rating,24633,rating,score,0,3,"[""0"", ""1"", ""2"", ""3"", ""4""]","[0.07398075665519205, 0.17791628970143414, 0.2107448742594188, 0.29753360373924376, 0.2398244756447112]",
d1-omni,ood_yelp_rating,24665,rating,score,4,4,"[""0"", ""1"", ""2"", ""3"", ""4""]","[4.4717186705976464e-05, 2.0107581107516228e-05, 0.012607365619091876, 0.30268706580893806, 0.6846407438041565]",
d1-omni,ood_yelp_rating,24666,rating,score,4,4,"[""0"", ""1"", ""2"", ""3"", ""4""]","[0.0002641572690087972, 0.00018489947122804577, 0.04440854063336309, 0.23370132036721783, 0.7214410822591822]",
d1-omni,ood_yelp_rating,24761,rating,score,3,3,"[""0"", ""1"", ""2"", ""3"", ""4""]","[0.00010261817687376229, 0.00443385815703173, 0.1596017014386139, 0.47374003577191326, 0.3621217864555673]",
d1-omni,ood_yelp_rating,24806,rating,score,3,4,"[""0"", ""1"", ""2"", ""3"", ""4""]","[0.002588220180121814, 0.012599893877887826, 0.05656598150316295, 0.34502732842119893, 0.5832185760176285]",
d1-omni,ood_yelp_rating,24897,rating,score,3,3,"[""0"", ""1"", ""2"", ""3"", ""4""]","[3.986249054503872e-05, 0.0015629988581720934, 0.24806086643411615, 0.6370640377650137, 0.11327223445215302]",
d1-omni,ood_yelp_rating,24991,rating,score,1,1,"[""0"", ""1"", ""2"", ""3"", ""4""]","[0.10161186285454828, 0.6682716895482705, 0.20891503024916386, 0.021120845296143633, 8.057205187367208e-05]",
d1-omni,ood_yelp_rating,24994,rating,score,0,0,"[""0"", ""1"", ""2"", ""3"", ""4""]","[0.8803724336459487, 0.10786418981881063, 0.011469875058329979, 0.0002808762557121214, 1.2625221198527636e-05]",
d1-omni,ood_yelp_rating,25055,rating,score,0,0,"[""0"", ""1"", ""2"", ""3"", ""4""]","[0.8242909664675978, 0.1658230076895193, 0.009723632309051796, 0.00014086624598568092, 2.1527287845355437e-05]",
d1-omni,ood_yelp_rating,25204,rating,score,0,0,"[""0"", ""1"", ""2"", ""3"", ""4""]","[0.9055837174540229, 0.07955672923809112, 0.014165940354144688, 0.0006345982811651575, 5.901467257616332e-05]",
d1-omni,ood_yelp_rating,25230,rating,score,1,1,"[""0"", ""1"", ""2"", ""3"", ""4""]","[0.10670097011089665, 0.6962422623371899, 0.1885073305504832, 0.008457765786746155, 9.167121468410593e-05]",
d1-omni,ood_yelp_rating,25334,rating,score,1,0,"[""0"", ""1"", ""2"", ""3"", ""4""]","[0.5195085010668413, 0.3530173139857492, 0.11782803095938449, 0.009553036089711512, 9.311789831343847e-05]",
d1-omni,ood_yelp_rating,25346,rating,score,3,4,"[""0"", ""1"", ""2"", ""3"", ""4""]","[0.00032582289323615575, 0.00020463881751666172, 0.018313589173082748, 0.18898057065162518, 0.7921753784645392]",
d1-omni,ood_yelp_rating,25452,rating,score,3,2,"[""0"", ""1"", ""2"", ""3"", ""4""]","[2.7038175418414486e-05, 0.02097291473000192, 0.7684865583724607, 0.2090091119603692, 0.0015043767617497624]",
d1-omni,ood_yelp_rating,25466,rating,score,0,1,"[""0"", ""1"", ""2"", ""3"", ""4""]","[0.12610542875244285, 0.615833108591223, 0.21167169680923292, 0.04637060724101052, 1.91586060907751e-05]",
d1-omni,ood_yelp_rating,25562,rating,score,1,2,"[""0"", ""1"", ""2"", ""3"", ""4""]","[0.0024401166959431694, 0.2597252231496648, 0.6624239344673224, 0.07392249543803202, 0.0014882302490376055]",
d1-omni,ood_yelp_rating,25627,rating,score,1,2,"[""0"", ""1"", ""2"", ""3"", ""4""]","[0.008709589739842961, 0.21521338299331447, 0.6587670285925802, 0.11591436433254418, 0.00139563434171817]",
d1-omni,ood_yelp_rating,25685,rating,score,4,4,"[""0"", ""1"", ""2"", ""3"", ""4""]","[0.011918260416208738, 0.023173141641845158, 0.06899788057157512, 0.366811445072378, 0.529099272297993]",
d1-omni,ood_yelp_rating,25781,rating,score,1,1,"[""0"", ""1"", ""2"", ""3"", ""4""]","[0.36407147296972614, 0.5859189381542335, 0.049698276204246696, 0.00029897868997544064, 1.233398181826865e-05]",
d1-omni,ood_yelp_rating,25786,rating,score,2,2,"[""0"", ""1"", ""2"", ""3"", ""4""]","[7.276776600363748e-05, 0.031773893773614975, 0.7994407696520478, 0.16468208379527785, 0.004030485013055689]",
d1-omni,ood_yelp_rating,25821,rating,score,1,1,"[""0"", ""1"", ""2"", ""3"", ""4""]","[0.03351003783347497, 0.4931854166656513, 0.45059694294331876, 0.02179616572815591, 0.0009114368293990815]",
d1-omni,ood_yelp_rating,25851,rating,score,2,2,"[""0"", ""1"", ""2"", ""3"", ""4""]","[0.000923095602969532, 0.09076292297571686, 0.8753807888888055, 0.03271606543388449, 0.00021712709862353388]",
d1-omni,ood_yelp_rating,25893,rating,score,0,1,"[""0"", ""1"", ""2"", ""3"", ""4""]","[0.14308859941481902, 0.6880800384569462, 0.16209903963883582, 0.006722195324634168, 1.0127164764729861e-05]",
d1-omni,ood_yelp_rating,26017,rating,score,2,2,"[""0"", ""1"", ""2"", ""3"", ""4""]","[0.008393061532279414, 0.38707182664395484, 0.6016813649220629, 0.0027887644860832925, 6.498241561953718e-05]",
d1-omni,ood_yelp_rating,26075,rating,score,3,3,"[""0"", ""1"", ""2"", ""3"", ""4""]","[0.0009187759970231069, 0.012133287602778186, 0.13318790865192612, 0.5429186375679094, 0.3108413901803633]",
d1-omni,ood_yelp_rating,26249,rating,score,2,2,"[""0"", ""1"", ""2"", ""3"", ""4""]","[0.0055954143163777685, 0.10497273284766219, 0.4772879977347516, 0.31574746304720835, 0.09639639205400011]",
d1-omni,ood_yelp_rating,26281,rating,score,4,4,"[""0"", ""1"", ""2"", ""3"", ""4""]","[0.0003078816170656001, 3.9631849485321835e-05, 0.009031857124704657, 0.2145304248227454, 0.776090204585999]",
d1-omni,ood_yelp_rating,26338,rating,score,4,4,"[""0"", ""1"", ""2"", ""3"", ""4""]","[0.0002208411013772636, 0.0001024927327932143, 0.014711540123003375, 0.17880998467539852, 0.8061551413674276]",
d1-omni,ood_yelp_rating,26390,rating,score,2,2,"[""0"", ""1"", ""2"", ""3"", ""4""]","[0.00258419059605009, 0.11546966829394001, 0.8518778927427905, 0.029921014955670275, 0.00014723341154916655]",
d1-omni,ood_yelp_rating,26495,rating,score,2,3,"[""0"", ""1"", ""2"", ""3"", ""4""]","[0.004001470858271597, 0.06038978861784448, 0.33276436647078844, 0.44326831128114386, 0.15957606277195163]",
d1-omni,ood_yelp_rating,26496,rating,score,0,0,"[""0"", ""1"", ""2"", ""3"", ""4""]","[0.7303151349283364, 0.25215708729442865, 0.017425693239856845, 7.847535594693073e-05, 2.3609181431183818e-05]",
d1-omni,ood_yelp_rating,26519,rating,score,2,2,"[""0"", ""1"", ""2"", ""3"", ""4""]","[0.07036219222714638, 0.2416970025734453, 0.2733836349822446, 0.270314770773883, 0.1442423994432807]",
d1-omni,ood_yelp_rating,26584,rating,score,0,0,"[""0"", ""1"", ""2"", ""3"", ""4""]","[0.4806266574131976, 0.4709587247295869, 0.04796354322017103, 0.0004346905779957558, 1.6384059048770005e-05]",
d1-omni,ood_yelp_rating,26612,rating,score,4,3,"[""0"", ""1"", ""2"", ""3"", ""4""]","[0.004569554452487328, 0.006100762768746706, 0.04820341726774358, 0.49100220508535486, 0.45012406042566755]",
d1-omni,ood_yelp_rating,26651,rating,score,4,4,"[""0"", ""1"", ""2"", ""3"", ""4""]","[0.0001956408573504612, 0.0001886996081601655, 0.020738924454842367, 0.27511615267692846, 0.7037605824027185]",
d1-omni,ood_yelp_rating,26793,rating,score,2,3,"[""0"", ""1"", ""2"", ""3"", ""4""]","[0.00011905642147513988, 0.00863667389745003, 0.18501129714399075, 0.6811155069000562, 0.12511746563702794]",
d1-omni,ood_yelp_rating,26815,rating,score,4,4,"[""0"", ""1"", ""2"", ""3"", ""4""]","[0.002789416186436572, 0.002392410126886208, 0.025180204461585188, 0.2158006631943561, 0.753837306030736]",
d1-omni,ood_yelp_rating,26932,rating,score,4,4,"[""0"", ""1"", ""2"", ""3"", ""4""]","[0.0006133389548851175, 0.00033489853141603637, 0.006939077563804944, 0.055527883023358926, 0.9365848019265349]",
d1-omni,ood_yelp_rating,26937,rating,score,1,1,"[""0"", ""1"", ""2"", ""3"", ""4""]","[0.14794043564171727, 0.4429850835127956, 0.35485430628962866, 0.0520106323414127, 0.0022095422144457724]",
d1-omni,ood_yelp_rating,27067,rating,score,4,4,"[""0"", ""1"", ""2"", ""3"", ""4""]","[0.0005603235986498468, 0.0013793624418890794, 0.08840249594080722, 0.40915737089533655, 0.5005004471233173]",
d1-omni,ood_yelp_rating,27140,rating,score,3,3,"[""0"", ""1"", ""2"", ""3"", ""4""]","[2.8043240872555106e-05, 0.007376083034085556, 0.22219822882799004, 0.7482236482994682, 0.02217399659758367]",
d1-omni,ood_yelp_rating,27145,rating,score,3,3,"[""0"", ""1"", ""2"", ""3"", ""4""]","[8.290066012094724e-05, 0.008314971789563646, 0.27931037469604447, 0.5964196308205421, 0.11587212203372889]",
d1-omni,ood_yelp_rating,27197,rating,score,4,4,"[""0"", ""1"", ""2"", ""3"", ""4""]","[0.0009137985872977038, 0.0002059147106996818, 0.052033194040176034, 0.35181653926066325, 0.5950305534011634]",
d1-omni,ood_yelp_rating,27241,rating,score,4,4,"[""0"", ""1"", ""2"", ""3"", ""4""]","[0.00040851051295449193, 2.1701406592652445e-05, 0.004857094266348659, 0.4183042152437663, 0.576408478570338]",
d1-omni,ood_yelp_rating,27255,rating,score,2,1,"[""0"", ""1"", ""2"", ""3"", ""4""]","[0.1366231082538459, 0.5836338140530622, 0.26526706227678304, 0.014356800646003191, 0.00011921477030565044]",
d1-omni,ood_yelp_rating,27369,rating,score,1,1,"[""0"", ""1"", ""2"", ""3"", ""4""]","[0.21886637732882702, 0.6253668644739137, 0.15311121888838214, 0.0026467514600511804, 8.787848826001918e-06]",
d1-omni,ood_yelp_rating,27444,rating,score,2,2,"[""0"", ""1"", ""2"", ""3"", ""4""]","[0.17761805653572083, 0.3037104308605194, 0.3636290431022644, 0.1140955314040184, 0.04094693809747696]",
d1-omni,ood_yelp_rating,27493,rating,score,1,0,"[""0"", ""1"", ""2"", ""3"", ""4""]","[0.5020935678929057, 0.3639622136662625, 0.12320755774242052, 0.010545408654596869, 0.00019125204381444222]",
d1-omni,ood_yelp_rating,27496,rating,score,0,0,"[""0"", ""1"", ""2"", ""3"", ""4""]","[0.5933707501774621, 0.32601321541995626, 0.06757588105000042, 0.012804758117278221, 0.0002353952353030062]",
d1-omni,ood_yelp_rating,27500,rating,score,1,2,"[""0"", ""1"", ""2"", ""3"", ""4""]","[0.13651291822622838, 0.22115336029003024, 0.37494706548829276, 0.23482027299969982, 0.03256638299574877]",
d1-omni,ood_yelp_rating,27547,rating,score,4,3,"[""0"", ""1"", ""2"", ""3"", ""4""]","[0.002593270161704545, 0.02871664564954792, 0.22773028512309276, 0.4844982558411175, 0.25646154322453724]",
d1-omni,ood_yelp_rating,27601,rating,score,0,0,"[""0"", ""1"", ""2"", ""3"", ""4""]","[0.7307440976694667, 0.23208435953752288, 0.03609336334596294, 0.000822717711216571, 0.00025546173583087975]",
d1-omni,ood_yelp_rating,27801,rating,score,2,2,"[""0"", ""1"", ""2"", ""3"", ""4""]","[0.0015831948085901983, 0.07274650168358189, 0.5450832383724223, 0.3489829305311869, 0.031604134604218695]",
d1-omni,ood_yelp_rating,27803,rating,score,1,1,"[""0"", ""1"", ""2"", ""3"", ""4""]","[0.0019361312259603802, 0.7424795742510646, 0.25390898632445325, 0.0016493613781234338, 2.5946820398335185e-05]",
d1-omni,ood_yelp_rating,27810,rating,score,4,3,"[""0"", ""1"", ""2"", ""3"", ""4""]","[0.00014917816366846528, 0.003783144883615179, 0.1791113228756657, 0.6034745778699179, 0.2134817762071328]",
d1-omni,ood_yelp_rating,27845,rating,score,2,1,"[""0"", ""1"", ""2"", ""3"", ""4""]","[0.09143220771176105, 0.6701771718018956, 0.2302206193362315, 0.008131946559715471, 3.8054590396402386e-05]",
d1-omni,ood_yelp_rating,28063,rating,score,4,4,"[""0"", ""1"", ""2"", ""3"", ""4""]","[0.0011334763672919059, 0.0008489888152809482, 0.06250730064846884, 0.42353149624812253, 0.5119787379208358]",
d1-omni,ood_yelp_rating,28103,rating,score,4,4,"[""0"", ""1"", ""2"", ""3"", ""4""]","[0.0006316897584670233, 0.00040948506032794404, 0.02429758664078913, 0.361252530333792, 0.6134087082066239]",
d1-omni,ood_yelp_rating,28147,rating,score,0,0,"[""0"", ""1"", ""2"", ""3"", ""4""]","[0.6304937568931874, 0.27702277396139063, 0.08109118024565969, 0.011007200979660516, 0.0003850879201018012]",
d1-omni,ood_yelp_rating,28174,rating,score,4,3,"[""0"", ""1"", ""2"", ""3"", ""4""]","[3.984530193409009e-05, 0.00011937795567355898, 0.04727666910174679, 0.5579988460869073, 0.3945652615537382]",
d1-omni,ood_yelp_rating,28195,rating,score,0,0,"[""0"", ""1"", ""2"", ""3"", ""4""]","[0.738819135836817, 0.22664320883720204, 0.033700451871652964, 0.0008095751548279535, 2.7628299500058255e-05]",
d1-omni,ood_yelp_rating,28203,rating,score,0,0,"[""0"", ""1"", ""2"", ""3"", ""4""]","[0.8085315506822818, 0.13787871059074694, 0.03702632565291615, 0.015941170351090397, 0.0006222427229647669]",
d1-omni,ood_yelp_rating,28254,rating,score,2,2,"[""0"", ""1"", ""2"", ""3"", ""4""]","[0.0021842495679134403, 0.13812554578366462, 0.7055536102802162, 0.15303455903205646, 0.0011020353361492212]",
d1-omni,ood_yelp_rating,28259,rating,score,2,2,"[""0"", ""1"", ""2"", ""3"", ""4""]","[0.00011738260018030116, 0.05008196683161063, 0.9274498044771291, 0.02224213729860431, 0.00010870879247565882]",
d1-omni,ood_yelp_rating,28299,rating,score,2,2,"[""0"", ""1"", ""2"", ""3"", ""4""]","[0.0009845041265560978, 0.17770865670258798, 0.7705858993840341, 0.04999016256472954, 0.0007307772220923311]",
d1-omni,ood_yelp_rating,28349,rating,score,0,0,"[""0"", ""1"", ""2"", ""3"", ""4""]","[0.5985452234951495, 0.3220593791736074, 0.07381198923004924, 0.0054768778318659995, 0.00010653026932791752]",
d1-omni,ood_yelp_rating,28384,rating,score,1,1,"[""0"", ""1"", ""2"", ""3"", ""4""]","[0.455346203197981, 0.4678518538915518, 0.06406360208331242, 0.012122111562934154, 0.000616229264220605]",
d1-omni,ood_yelp_rating,28397,rating,score,0,0,"[""0"", ""1"", ""2"", ""3"", ""4""]","[0.9857487812667408, 0.012727298785267715, 0.0014951489809147064, 2.4057928348529462e-05, 4.713038728237548e-06]",
d1-omni,ood_yelp_rating,28437,rating,score,4,4,"[""0"", ""1"", ""2"", ""3"", ""4""]","[0.00014076306975268477, 1.5681728551657653e-05, 0.0073438248646194035, 0.11307553038013632, 0.87942419995694]",
d1-omni,ood_yelp_rating,28484,rating,score,3,3,"[""0"", ""1"", ""2"", ""3"", ""4""]","[0.03544165180831532, 0.033648159229575994, 0.1219692151175096, 0.4129164799566698, 0.39602449388792926]",
d1-omni,ood_yelp_rating,28491,rating,score,1,0,"[""0"", ""1"", ""2"", ""3"", ""4""]","[0.7737308408473066, 0.21207502920442275, 0.014159728936942586, 2.7191967468175696e-05, 7.20904385991481e-06]",
d1-omni,ood_yelp_rating,28656,rating,score,0,1,"[""0"", ""1"", ""2"", ""3"", ""4""]","[0.17605298197897973, 0.7166389605665684, 0.10222220961093964, 0.005080829643020071, 5.0182004921317816e-06]",
d1-omni,ood_yelp_rating,28745,rating,score,2,1,"[""0"", ""1"", ""2"", ""3"", ""4""]","[0.2109715929120555, 0.5780671621308039, 0.20699056862182805, 0.0036940870456356745, 0.0002765892896768479]",
d1-omni,ood_yelp_rating,28770,rating,score,3,4,"[""0"", ""1"", ""2"", ""3"", ""4""]","[0.00039156888240284737, 0.010459441965605882, 0.03999035537683288, 0.46828458939725914, 0.48087404437789927]",
d1-omni,ood_yelp_rating,28781,rating,score,0,0,"[""0"", ""1"", ""2"", ""3"", ""4""]","[0.9456694042553552, 0.05201157836841765, 0.002294098384201387, 1.7404529932747676e-05, 7.514462093005668e-06]",
d1-omni,ood_yelp_rating,28810,rating,score,1,1,"[""0"", ""1"", ""2"", ""3"", ""4""]","[0.3635139855874289, 0.46271912441146196, 0.16308945832488045, 0.010595029489642279, 8.240218658642588e-05]",
d1-omni,ood_yelp_rating,28840,rating,score,3,3,"[""0"", ""1"", ""2"", ""3"", ""4""]","[9.776352140760487e-05, 0.0007594801757934897, 0.1386077858277944, 0.5624660878873381, 0.29806888258766645]",
d1-omni,ood_yelp_rating,28870,rating,score,3,3,"[""0"", ""1"", ""2"", ""3"", ""4""]","[6.034299677856984e-06, 2.0984126260500496e-05, 0.03696212356342498, 0.6211542766086398, 0.3418565814019969]",
d1-omni,ood_yelp_rating,28979,rating,score,3,4,"[""0"", ""1"", ""2"", ""3"", ""4""]","[0.003470780618315513, 0.0026173304482940874, 0.02937837530950095, 0.2024875045157527, 0.7620460091081367]",
d1-omni,ood_yelp_rating,29053,rating,score,0,1,"[""0"", ""1"", ""2"", ""3"", ""4""]","[0.32695738293342763, 0.608334496828364, 0.06045153514712477, 0.004226213426077078, 3.037166500650679e-05]",
d1-omni,ood_yelp_rating,29066,rating,score,2,2,"[""0"", ""1"", ""2"", ""3"", ""4""]","[0.0017295154419627115, 0.10754637798282855, 0.6830008270063262, 0.20710972679629194, 0.0006135527725905339]",
d1-omni,ood_yelp_rating,29164,rating,score,0,0,"[""0"", ""1"", ""2"", ""3"", ""4""]","[0.5450795423039938, 0.41948462534480857, 0.03540084223063224, 2.869651030194719e-05, 6.29361026337697e-06]",
d1-omni,ood_yelp_rating,29272,rating,score,1,2,"[""0"", ""1"", ""2"", ""3"", ""4""]","[0.06209657997147405, 0.41974042781375437, 0.48226379568774813, 0.033554067503799974, 0.002345129023223484]",
d1-omni,ood_yelp_rating,29386,rating,score,2,2,"[""0"", ""1"", ""2"", ""3"", ""4""]","[0.002655753391519993, 0.2879516472967055, 0.6246666291855898, 0.0794622299465185, 0.0052637401796662335]",
d1-omni,ood_yelp_rating,29409,rating,score,4,4,"[""0"", ""1"", ""2"", ""3"", ""4""]","[6.623327671586738e-05, 0.00019754341851814581, 0.04159835834256759, 0.36629943012584965, 0.5918384348363488]",
d1-omni,ood_yelp_rating,29414,rating,score,3,3,"[""0"", ""1"", ""2"", ""3"", ""4""]","[0.0001026391285008716, 0.0007553000150954177, 0.07509701383033802, 0.49404809780331455, 0.42999694922275117]",
d1-omni,ood_yelp_rating,29424,rating,score,1,1,"[""0"", ""1"", ""2"", ""3"", ""4""]","[0.4502015576291292, 0.48066546288421247, 0.0652448633302208, 0.0037131098989616417, 0.00017500625747584426]",
d1-omni,ood_yelp_rating,29436,rating,score,2,2,"[""0"", ""1"", ""2"", ""3"", ""4""]","[0.0006893130767436469, 0.04955508017951951, 0.8082365724839355, 0.1396491286759839, 0.001869905583817368]",
d1-omni,ood_yelp_rating,29474,rating,score,1,2,"[""0"", ""1"", ""2"", ""3"", ""4""]","[0.010607264706195827, 0.3145244627596357, 0.6636993131907858, 0.011122309407086814, 4.664993629592879e-05]",
d1-omni,ood_yelp_rating,29614,rating,score,3,4,"[""0"", ""1"", ""2"", ""3"", ""4""]","[0.001922123740155627, 0.0014396961957737213, 0.022055197781872257, 0.27792871344582787, 0.6966542688363705]",
d1-omni,ood_yelp_rating,29631,rating,score,2,1,"[""0"", ""1"", ""2"", ""3"", ""4""]","[0.011756343616424992, 0.5368505476782436, 0.45118120328606487, 0.0002006043493084931, 1.130106995801509e-05]",
d1-omni,ood_yelp_rating,29651,rating,score,3,2,"[""0"", ""1"", ""2"", ""3"", ""4""]","[0.006393060348405892, 0.2553112126810133, 0.589170675420772, 0.1440355731460943, 0.005089478403714481]",
d1-omni,ood_yelp_rating,29759,rating,score,2,1,"[""0"", ""1"", ""2"", ""3"", ""4""]","[0.17182947187164266, 0.7232855344523529, 0.09957300577178324, 0.005002160408703058, 0.0003098274955181191]",
d1-omni,ood_yelp_rating,29775,rating,score,1,1,"[""0"", ""1"", ""2"", ""3"", ""4""]","[0.07714095788265889, 0.6438090269086789, 0.2751565900930552, 0.003857804733430717, 3.5620382176320716e-05]",
d1-omni,ood_yelp_rating,29780,rating,score,4,4,"[""0"", ""1"", ""2"", ""3"", ""4""]","[0.0005304567313268168, 0.0014986589499669499, 0.004224501666999322, 0.19642694837546446, 0.7973194342762424]",
d1-omni,ood_yelp_rating,29782,rating,score,0,0,"[""0"", ""1"", ""2"", ""3"", ""4""]","[0.952508891745495, 0.04044214995130462, 0.006938563810127533, 9.009301065301691e-05, 2.0301482419844348e-05]",
d1-omni,ood_yelp_rating,29908,rating,score,2,2,"[""0"", ""1"", ""2"", ""3"", ""4""]","[0.00016933804784328716, 0.15502682380561925, 0.719101550622604, 0.12555238646932634, 0.00014990105460713742]",
d1-omni,ood_yelp_rating,29946,rating,score,3,3,"[""0"", ""1"", ""2"", ""3"", ""4""]","[5.797060138136994e-05, 0.007108528422176641, 0.36566619397500594, 0.5474672514023382, 0.07970005559909786]",
d1-omni,ood_yelp_rating,29950,rating,score,1,2,"[""0"", ""1"", ""2"", ""3"", ""4""]","[0.0054385080271300325, 0.1967066963764675, 0.7340488437684429, 0.06228038911238433, 0.0015255627155752198]",
d1-omni,ood_yelp_rating,30071,rating,score,1,1,"[""0"", ""1"", ""2"", ""3"", ""4""]","[0.2988839988155993, 0.6296282889986232, 0.07098021971770054, 0.0004665767978558789, 4.0915670221058736e-05]",
d1-omni,ood_yelp_rating,30088,rating,score,0,0,"[""0"", ""1"", ""2"", ""3"", ""4""]","[0.7710073682486485, 0.2166427697818509, 0.012322265802169234, 2.054905077803573e-05, 7.047116553318173e-06]",
d1-omni,ood_yelp_rating,30094,rating,score,1,1,"[""0"", ""1"", ""2"", ""3"", ""4""]","[0.07689779331962993, 0.8203905906354304, 0.10254960614039964, 0.000152759415641979, 9.25048889804257e-06]",
d1-omni,ood_yelp_rating,30201,rating,score,2,2,"[""0"", ""1"", ""2"", ""3"", ""4""]","[0.0002605136045335619, 0.03739345941190962, 0.786688711174787, 0.1684912945362945, 0.007166021272475305]",
d1-omni,ood_yelp_rating,30203,rating,score,0,0,"[""0"", ""1"", ""2"", ""3"", ""4""]","[0.7360035943315245, 0.24126157709452625, 0.019682374296055714, 0.002735751975646229, 0.00031670230224731456]",
d1-omni,ood_yelp_rating,30301,rating,score,4,4,"[""0"", ""1"", ""2"", ""3"", ""4""]","[0.0017923077505323654, 0.002020140791154538, 0.04529910714666195, 0.3136325643309525, 0.6372558799806987]",
d1-omni,ood_yelp_rating,30381,rating,score,2,2,"[""0"", ""1"", ""2"", ""3"", ""4""]","[0.004011230251657087, 0.44434951683870544, 0.5395752425685841, 0.01201780099417494, 4.6209346878404504e-05]",
d1-omni,ood_yelp_rating,30399,rating,score,1,2,"[""0"", ""1"", ""2"", ""3"", ""4""]","[0.02041137321097737, 0.43014506723137297, 0.49715606321127453, 0.04890408911576502, 0.003383407230610104]",
d1-omni,ood_yelp_rating,30407,rating,score,2,2,"[""0"", ""1"", ""2"", ""3"", ""4""]","[2.7800299956421272e-05, 0.022560150211910327, 0.8436152630910088, 0.13212658922125453, 0.001670197175869964]",
d1-omni,ood_yelp_rating,30416,rating,score,4,3,"[""0"", ""1"", ""2"", ""3"", ""4""]","[0.00043526152990577745, 0.0032174925653332214, 0.14103481993341524, 0.4928033713732175, 0.36250905459812827]",
d1-omni,ood_yelp_rating,30428,rating,score,0,0,"[""0"", ""1"", ""2"", ""3"", ""4""]","[0.6377606538392614, 0.32323033400644635, 0.03868564296163086, 0.0003003661754074306, 2.3003017254003e-05]",
d1-omni,ood_yelp_rating,30461,rating,score,0,0,"[""0"", ""1"", ""2"", ""3"", ""4""]","[0.8261127898417421, 0.1363202552839384, 0.035714855398799095, 0.0018084107201981406, 4.3688755322317325e-05]",
d1-omni,ood_yelp_rating,30514,rating,score,0,0,"[""0"", ""1"", ""2"", ""3"", ""4""]","[0.6958124861615673, 0.2823335023222547, 0.020620763965720292, 0.0012030463354544137, 3.0201215003273873e-05]",
d1-omni,ood_yelp_rating,30564,rating,score,1,1,"[""0"", ""1"", ""2"", ""3"", ""4""]","[0.18985723430968676, 0.755150515730421, 0.05482794480710722, 0.00015902324625693365, 5.281906527995622e-06]",
d1-omni,ood_yelp_rating,30582,rating,score,2,1,"[""0"", ""1"", ""2"", ""3"", ""4""]","[0.1138852681318888, 0.5798579811520027, 0.27201460486926676, 0.033487813746912114, 0.0007543320999296476]",
d1-omni,ood_yelp_rating,30713,rating,score,3,2,"[""0"", ""1"", ""2"", ""3"", ""4""]","[0.0033293737968989076, 0.08231504761233784, 0.44684453466997937, 0.3931064786581254, 0.07440456526265844]",
d1-omni,ood_yelp_rating,30731,rating,score,3,4,"[""0"", ""1"", ""2"", ""3"", ""4""]","[0.004424567031460254, 0.004172308523958723, 0.07135398948423805, 0.30714533862866544, 0.6129037963316776]",
d1-omni,ood_yelp_rating,30741,rating,score,4,3,"[""0"", ""1"", ""2"", ""3"", ""4""]","[0.000998734799853963, 0.023803063505071904, 0.08193776379742, 0.4546965449576807, 0.43856389293997344]",
d1-omni,ood_yelp_rating,30743,rating,score,4,4,"[""0"", ""1"", ""2"", ""3"", ""4""]","[0.00470890911168547, 0.0009672854515588178, 0.007556933215422731, 0.04641374718729696, 0.940353125034036]",
d1-omni,ood_yelp_rating,30789,rating,score,3,1,"[""0"", ""1"", ""2"", ""3"", ""4""]","[0.3602209156290974, 0.518713781671868, 0.10452673773138971, 0.016394039912286062, 0.00014452505535882836]",
d1-omni,ood_yelp_rating,30796,rating,score,2,2,"[""0"", ""1"", ""2"", ""3"", ""4""]","[0.021500721954287698, 0.3413003147437293, 0.4605796120604618, 0.17086744610823829, 0.00575190513328295]",
d1-omni,ood_yelp_rating,30820,rating,score,0,0,"[""0"", ""1"", ""2"", ""3"", ""4""]","[0.8328855091926564, 0.16060690686385484, 0.006448530168355752, 4.2724612563604956e-05, 1.6329162569415353e-05]",
d1-omni,ood_yelp_rating,30829,rating,score,3,4,"[""0"", ""1"", ""2"", ""3"", ""4""]","[0.07143037500119302, 0.09013212881490108, 0.09397661335853437, 0.3406202070183975, 0.403840675806974]",
d1-omni,ood_yelp_rating,30843,rating,score,1,1,"[""0"", ""1"", ""2"", ""3"", ""4""]","[0.17314169895880963, 0.7709666906227111, 0.05561410133066862, 0.00025559545013044286, 2.1913637680239466e-05]",
d1-omni,ood_yelp_rating,30905,rating,score,0,1,"[""0"", ""1"", ""2"", ""3"", ""4""]","[0.06837032837227476, 0.32248211387518216, 0.2643730679806034, 0.16824957979097335, 0.1765249099809663]",
d1-omni,ood_yelp_rating,30916,rating,score,1,0,"[""0"", ""1"", ""2"", ""3"", ""4""]","[0.4657012376925056, 0.4135289957251201, 0.11460030466400999, 0.005955389980687234, 0.00021407193767706873]",
d1-omni,ood_yelp_rating,30917,rating,score,1,1,"[""0"", ""1"", ""2"", ""3"", ""4""]","[0.17605620426645333, 0.6136144331334066, 0.20771920449762268, 0.002591154509249708, 1.9003593267731065e-05]",
d1-omni,ood_yelp_rating,30958,rating,score,3,3,"[""0"", ""1"", ""2"", ""3"", ""4""]","[0.00010000489613167188, 0.002429621108403885, 0.13037623717771418, 0.836974339019068, 0.030119797798682277]",
d1-omni,ood_yelp_rating,30970,rating,score,0,0,"[""0"", ""1"", ""2"", ""3"", ""4""]","[0.6966711308733814, 0.17779417402349945, 0.12346921162199365, 0.0019621830506846884, 0.00010330043044081773]",
d1-omni,ood_yelp_rating,31003,rating,score,3,3,"[""0"", ""1"", ""2"", ""3"", ""4""]","[4.277435765435151e-05, 0.0026225673283871297, 0.34315415933466303, 0.5417582347953023, 0.11242226418399318]",
d1-omni,ood_yelp_rating,31034,rating,score,3,3,"[""0"", ""1"", ""2"", ""3"", ""4""]","[0.0006351237595544325, 0.00240648423770151, 0.0828462325542716, 0.5125064303029538, 0.40160572914551856]",
d1-omni,ood_yelp_rating,31053,rating,score,0,0,"[""0"", ""1"", ""2"", ""3"", ""4""]","[0.558830074285503, 0.3766418938671295, 0.06232686622651708, 0.002173139216423914, 2.8026404426449136e-05]",
d1-omni,ood_yelp_rating,31080,rating,score,1,2,"[""0"", ""1"", ""2"", ""3"", ""4""]","[0.0327666810424377, 0.3698733435203383, 0.4062055632240863, 0.18078289858705215, 0.010371513626085543]",
d1-omni,ood_yelp_rating,31097,rating,score,4,4,"[""0"", ""1"", ""2"", ""3"", ""4""]","[0.0017981214428827894, 0.0027365374105427554, 0.02301999864393849, 0.13132714870526704, 0.841118193797369]",
d1-omni,ood_yelp_rating,31145,rating,score,2,1,"[""0"", ""1"", ""2"", ""3"", ""4""]","[0.039961466458197564, 0.614260047192321, 0.33578018678784033, 0.009962259300633238, 3.604026100795593e-05]",
d1-omni,ood_yelp_rating,31152,rating,score,1,1,"[""0"", ""1"", ""2"", ""3"", ""4""]","[0.31324651531484543, 0.5347917623753125, 0.14575819528830836, 0.006098520882484335, 0.00010500613904937754]",
d1-omni,ood_yelp_rating,31157,rating,score,1,2,"[""0"", ""1"", ""2"", ""3"", ""4""]","[0.008103624647286667, 0.24260384525335374, 0.695543504404694, 0.05344769925428952, 0.00030132644037599384]",
d1-omni,ood_yelp_rating,31167,rating,score,4,4,"[""0"", ""1"", ""2"", ""3"", ""4""]","[0.1378914713859558, 0.06867402791976929, 0.03362742066383362, 0.1049945056438446, 0.6548125743865967]",
d1-omni,ood_yelp_rating,31181,rating,score,2,2,"[""0"", ""1"", ""2"", ""3"", ""4""]","[0.008423556113069287, 0.06170789869732589, 0.7156950039246122, 0.16630735432583957, 0.047866186939153094]",
d1-omni,ood_yelp_rating,31380,rating,score,3,3,"[""0"", ""1"", ""2"", ""3"", ""4""]","[0.0006573194901179621, 0.0008935756306057417, 0.08271103256769345, 0.4967998953412393, 0.4189381769703435]",
d1-omni,ood_yelp_rating,31398,rating,score,3,3,"[""0"", ""1"", ""2"", ""3"", ""4""]","[0.00017366267721860806, 0.006082370568090572, 0.1435578353384372, 0.5884193333378844, 0.26176679807836917]",
d1-omni,ood_yelp_rating,31429,rating,score,3,3,"[""0"", ""1"", ""2"", ""3"", ""4""]","[3.058409820643501e-05, 0.0017964218065412252, 0.04678187464084774, 0.6811695614509691, 0.2702215580034355]",
d1-omni,ood_yelp_rating,31431,rating,score,1,0,"[""0"", ""1"", ""2"", ""3"", ""4""]","[0.6744244062166898, 0.30463486745013374, 0.02074555110135768, 0.0001769962536371825, 1.8178978181672463e-05]",
d1-omni,ood_yelp_rating,31440,rating,score,2,2,"[""0"", ""1"", ""2"", ""3"", ""4""]","[1.3970392441723837e-05, 0.011941354670685474, 0.46139624517411965, 0.43804767540403705, 0.08860075435871609]",
d1-omni,ood_yelp_rating,31526,rating,score,0,0,"[""0"", ""1"", ""2"", ""3"", ""4""]","[0.8319557147941223, 0.1422541215861746, 0.02524692697160426, 0.0004983357181466609, 4.4900929952170046e-05]",
d1-omni,ood_yelp_rating,31561,rating,score,4,4,"[""0"", ""1"", ""2"", ""3"", ""4""]","[0.0004665538542121552, 0.00047505755710794086, 0.051741511808754984, 0.3566230914798763, 0.5906937853000486]",
d1-omni,ood_yelp_rating,31639,rating,score,2,3,"[""0"", ""1"", ""2"", ""3"", ""4""]","[3.7849135914013174e-05, 0.004725766486166263, 0.32109258380302425, 0.6207989013175439, 0.05334489925735162]",
d1-omni,ood_yelp_rating,31653,rating,score,2,2,"[""0"", ""1"", ""2"", ""3"", ""4""]","[0.04865661246755974, 0.3615060436231517, 0.5520377140160286, 0.036920670293136525, 0.0008789596001234245]",
d1-omni,ood_yelp_rating,31752,rating,score,0,0,"[""0"", ""1"", ""2"", ""3"", ""4""]","[0.46312768195987647, 0.4416814846848365, 0.06972472805876063, 0.0253643028378583, 0.0001018024586681468]",
d1-omni,ood_yelp_rating,31779,rating,score,4,4,"[""0"", ""1"", ""2"", ""3"", ""4""]","[0.0022681644251399615, 0.00022167053311814518, 0.006628816035021398, 0.07883729808281274, 0.9120440509239077]",
d1-omni,ood_yelp_rating,31780,rating,score,1,1,"[""0"", ""1"", ""2"", ""3"", ""4""]","[0.33916823412785546, 0.5109578123485838, 0.1468663144479594, 0.002887179935163795, 0.00012045914043747023]",
d1-omni,ood_yelp_rating,31792,rating,score,2,2,"[""0"", ""1"", ""2"", ""3"", ""4""]","[0.027311315957322342, 0.46892178179551414, 0.49643146944913363, 0.0072898874270838744, 4.554537094596176e-05]",
d1-omni,ood_yelp_rating,31817,rating,score,4,3,"[""0"", ""1"", ""2"", ""3"", ""4""]","[0.005813611045944015, 0.09416581431600124, 0.3412818814927568, 0.3602852424342049, 0.1984534507110931]",
d1-omni,ood_yelp_rating,31829,rating,score,3,3,"[""0"", ""1"", ""2"", ""3"", ""4""]","[0.011636336453258712, 0.07219366803218644, 0.34757936356903335, 0.38911813896177294, 0.1794724929837486]",
d1-omni,ood_yelp_rating,31854,rating,score,3,3,"[""0"", ""1"", ""2"", ""3"", ""4""]","[0.004449353607223925, 0.028304653584920333, 0.08153952756897906, 0.5104374947358737, 0.37526897050300295]",
d1-omni,ood_yelp_rating,31899,rating,score,1,1,"[""0"", ""1"", ""2"", ""3"", ""4""]","[0.031946550519867646, 0.5478876141373664, 0.4157375325695316, 0.004360927195852175, 6.737557738210886e-05]",
d1-omni,ood_yelp_rating,31951,rating,score,1,1,"[""0"", ""1"", ""2"", ""3"", ""4""]","[0.3387297542748625, 0.5843273661497209, 0.07538712360433844, 0.0015271696709373323, 2.858630014071782e-05]",
d1-omni,ood_yelp_rating,32136,rating,score,0,1,"[""0"", ""1"", ""2"", ""3"", ""4""]","[0.28932101538144783, 0.515777188551333, 0.15719821104373163, 0.03670524188063132, 0.000998343142856175]",
d1-omni,ood_yelp_rating,32215,rating,score,0,0,"[""0"", ""1"", ""2"", ""3"", ""4""]","[0.6697507647592061, 0.26772398941579534, 0.047770504430424125, 0.013613625448028526, 0.0011411159465458728]",
d1-omni,ood_yelp_rating,32231,rating,score,0,0,"[""0"", ""1"", ""2"", ""3"", ""4""]","[0.6906446840975684, 0.2678637283657566, 0.04132982002568429, 0.00013776797596340147, 2.3999535027245806e-05]",
d1-omni,ood_yelp_rating,32284,rating,score,3,3,"[""0"", ""1"", ""2"", ""3"", ""4""]","[0.0005618670723835344, 0.0018054198344552147, 0.0517804740196162, 0.5197541549690611, 0.42609808410448397]",
d1-omni,ood_yelp_rating,32332,rating,score,3,3,"[""0"", ""1"", ""2"", ""3"", ""4""]","[0.00040696987140770665, 0.03242269601664221, 0.2443156146687895, 0.5205177182328273, 0.2023370012103333]",
d1-omni,ood_yelp_rating,32358,rating,score,4,3,"[""0"", ""1"", ""2"", ""3"", ""4""]","[4.294157625701317e-05, 0.005361595941783828, 0.27301519189551016, 0.6995698573980287, 0.022010413188420296]",
d1-omni,ood_yelp_rating,32384,rating,score,0,1,"[""0"", ""1"", ""2"", ""3"", ""4""]","[0.45507756042468167, 0.46863269977759686, 0.07341773089867301, 0.0028303987450382624, 4.1610154010206446e-05]",
d1-omni,ood_yelp_rating,32394,rating,score,3,2,"[""0"", ""1"", ""2"", ""3"", ""4""]","[0.012861317739352845, 0.3400740566464765, 0.46387305078123237, 0.17504051034270862, 0.008151064490229672]",
d1-omni,ood_yelp_rating,32436,rating,score,1,1,"[""0"", ""1"", ""2"", ""3"", ""4""]","[0.38638447057983516, 0.5526330660264008, 0.05793538515458875, 0.002914867929338423, 0.00013221030983682225]",
d1-omni,ood_yelp_rating,32587,rating,score,4,3,"[""0"", ""1"", ""2"", ""3"", ""4""]","[0.001075216700317197, 0.03132907344589007, 0.1913092162885932, 0.5327678396598637, 0.24351865390533578]",
d1-omni,ood_yelp_rating,32628,rating,score,2,2,"[""0"", ""1"", ""2"", ""3"", ""4""]","[0.0004802972480242739, 0.014874304447361418, 0.4907027715886808, 0.42998799111011543, 0.06395463560581807]",
d1-omni,ood_yelp_rating,32645,rating,score,0,0,"[""0"", ""1"", ""2"", ""3"", ""4""]","[0.49529417206310256, 0.45099364403925096, 0.052445242264213134, 0.0012401197332833575, 2.6821900149987432e-05]",
d1-omni,ood_yelp_rating,32690,rating,score,2,0,"[""0"", ""1"", ""2"", ""3"", ""4""]","[0.5466567185233714, 0.3815593058750297, 0.06513152161091824, 0.006492386927658943, 0.00016006706302173365]",
d1-omni,ood_yelp_rating,32700,rating,score,4,4,"[""0"", ""1"", ""2"", ""3"", ""4""]","[0.0003432555800911599, 3.1208545526214164e-05, 0.01894807777940622, 0.19191959515863735, 0.7887578629363391]",
d1-omni,ood_yelp_rating,32704,rating,score,2,3,"[""0"", ""1"", ""2"", ""3"", ""4""]","[0.00044997335085858394, 0.04569648462924995, 0.4599816384537842, 0.46520378006411217, 0.028668123501995126]",
d1-omni,ood_yelp_rating,32727,rating,score,3,3,"[""0"", ""1"", ""2"", ""3"", ""4""]","[3.9041469554176494e-05, 0.0006162524480999384, 0.08076550386367001, 0.5406046225160066, 0.37797457970266923]",
d1-omni,ood_yelp_rating,32758,rating,score,2,3,"[""0"", ""1"", ""2"", ""3"", ""4""]","[0.00018671064701306946, 0.034413609556559234, 0.3037182382115667, 0.48851364713087025, 0.17316779445399075]",
d1-omni,ood_yelp_rating,32769,rating,score,1,0,"[""0"", ""1"", ""2"", ""3"", ""4""]","[0.6518712535462927, 0.25296833706284566, 0.06256779183132209, 0.03167487257680681, 0.0009177449827327003]",
d1-omni,ood_yelp_rating,32846,rating,score,4,3,"[""0"", ""1"", ""2"", ""3"", ""4""]","[0.002243891818812369, 0.01435536329086087, 0.08753658810738338, 0.45678016437035945, 0.43908399241258395]",
d1-omni,ood_yelp_rating,32866,rating,score,3,3,"[""0"", ""1"", ""2"", ""3"", ""4""]","[0.001639387565741164, 0.041574727627705615, 0.34541436933330905, 0.4832782135812243, 0.1280933018920199]",
d1-omni,ood_yelp_rating,32933,rating,score,3,3,"[""0"", ""1"", ""2"", ""3"", ""4""]","[0.0002753132640961989, 0.018309220136653835, 0.26840408852214154, 0.5852265783012994, 0.12778479977580895]",
d1-omni,ood_yelp_rating,33049,rating,score,1,1,"[""0"", ""1"", ""2"", ""3"", ""4""]","[0.35136759251374805, 0.5813322658379533, 0.058152671854078755, 0.009093712076287066, 5.3757717932874405e-05]",
d1-omni,ood_yelp_rating,33194,rating,score,1,0,"[""0"", ""1"", ""2"", ""3"", ""4""]","[0.6407824404698399, 0.2922296636250098, 0.06533250463515015, 0.0016062063548884975, 4.9184915111609715e-05]",
d1-omni,ood_yelp_rating,33208,rating,score,0,0,"[""0"", ""1"", ""2"", ""3"", ""4""]","[0.7877713606864517, 0.14730554013121827, 0.05778047871347226, 0.005934532407062334, 0.0012080880617954082]",
d1-omni,ood_yelp_rating,33236,rating,score,0,0,"[""0"", ""1"", ""2"", ""3"", ""4""]","[0.5234485434342646, 0.25690398433686745, 0.13130672691802375, 0.08012935772947796, 0.00821138758136628]",
d1-omni,ood_yelp_rating,33339,rating,score,0,0,"[""0"", ""1"", ""2"", ""3"", ""4""]","[0.8395829405646541, 0.13691047686270189, 0.019062123304649316, 0.00436387330452358, 8.05859634711529e-05]",
d1-omni,ood_yelp_rating,33367,rating,score,2,2,"[""0"", ""1"", ""2"", ""3"", ""4""]","[0.08046608863524762, 0.39931283893760894, 0.4158753299759578, 0.08131074602489374, 0.023034996426291896]",
d1-omni,ood_yelp_rating,33388,rating,score,3,3,"[""0"", ""1"", ""2"", ""3"", ""4""]","[8.884559380991439e-05, 0.0017339630901329057, 0.06876011437092994, 0.6732595802133913, 0.256157496731736]",
d1-omni,ood_yelp_rating,33419,rating,score,4,4,"[""0"", ""1"", ""2"", ""3"", ""4""]","[0.02264653997442823, 0.042088451237081416, 0.09757903617992683, 0.33556662802441806, 0.5021193445841455]",
d1-omni,ood_yelp_rating,33436,rating,score,1,1,"[""0"", ""1"", ""2"", ""3"", ""4""]","[0.27954094293813, 0.5992751437112913, 0.08918402671674514, 0.03077533510843237, 0.0012245515254012177]",
d1-omni,ood_yelp_rating,33452,rating,score,4,4,"[""0"", ""1"", ""2"", ""3"", ""4""]","[0.0016681528750236464, 0.0007400103539822778, 0.06315843053775132, 0.2918245809884935, 0.6426088252447493]",
d1-omni,ood_yelp_rating,33497,rating,score,0,0,"[""0"", ""1"", ""2"", ""3"", ""4""]","[0.956935608895798, 0.03496562996308469, 0.007928203555626376, 0.00014476357133796515, 2.579401415295595e-05]",
d1-omni,ood_yelp_rating,33505,rating,score,0,0,"[""0"", ""1"", ""2"", ""3"", ""4""]","[0.8615721272821949, 0.12162759726363415, 0.016218607144454493, 0.00013452285834122138, 0.00044714545137518894]",
d1-omni,ood_yelp_rating,33551,rating,score,0,0,"[""0"", ""1"", ""2"", ""3"", ""4""]","[0.8037682551367478, 0.1688711126113389, 0.026248657440308756, 0.0011001048192549093, 1.186999234968777e-05]",
d1-omni,ood_yelp_rating,33571,rating,score,0,0,"[""0"", ""1"", ""2"", ""3"", ""4""]","[0.8964632314261226, 0.08729467697512687, 0.016166797197679054, 4.931993405297528e-05, 2.597446701848875e-05]",
d1-omni,ood_yelp_rating,33582,rating,score,4,4,"[""0"", ""1"", ""2"", ""3"", ""4""]","[0.0007677605155223887, 0.00013194614205819819, 0.008017101136106278, 0.10097053091850086, 0.8901126612878123]",
d1-omni,ood_yelp_rating,33683,rating,score,0,0,"[""0"", ""1"", ""2"", ""3"", ""4""]","[0.520203786405953, 0.25359699968499455, 0.19149503744959256, 0.028059312138804776, 0.006644864320655058]",
d1-omni,ood_yelp_rating,33745,rating,score,2,2,"[""0"", ""1"", ""2"", ""3"", ""4""]","[0.0022187390944747583, 0.049780494676652916, 0.5218753732071432, 0.324276829592226, 0.10184856342950316]",
d1-omni,ood_yelp_rating,33829,rating,score,0,0,"[""0"", ""1"", ""2"", ""3"", ""4""]","[0.6559431601334395, 0.20471397563565935, 0.11355961484884784, 0.019210159803435076, 0.0065730895786182495]",
d1-omni,ood_yelp_rating,33847,rating,score,0,2,"[""0"", ""1"", ""2"", ""3"", ""4""]","[0.01409276934254198, 0.2254820147018692, 0.6186112703884833, 0.12610804917190177, 0.01570589639520369]",
d1-omni,ood_yelp_rating,33860,rating,score,3,3,"[""0"", ""1"", ""2"", ""3"", ""4""]","[2.4689130843744212e-05, 0.003898517059363829, 0.21906283854802308, 0.6204758983637358, 0.1565380568980335]",
d1-omni,ood_yelp_rating,33958,rating,score,0,0,"[""0"", ""1"", ""2"", ""3"", ""4""]","[0.8919399295569638, 0.08398272200805768, 0.02385245826477038, 0.00018635061892610904, 3.853955128207504e-05]",
d1-omni,ood_yelp_rating,33982,rating,score,0,0,"[""0"", ""1"", ""2"", ""3"", ""4""]","[0.8198833207233073, 0.15111932780918516, 0.028186151056156093, 0.0007757743325176016, 3.5426078833894514e-05]",
d1-omni,ood_yelp_rating,33990,rating,score,4,4,"[""0"", ""1"", ""2"", ""3"", ""4""]","[0.00021486428075622046, 0.0009556699106685056, 0.020845094164080702, 0.33787622225064645, 0.6401081493938482]",
d1-omni,ood_yelp_rating,34025,rating,score,2,2,"[""0"", ""1"", ""2"", ""3"", ""4""]","[0.00019144983445482526, 0.04505684379127495, 0.5264228760411317, 0.37731463993083486, 0.05101419040230363]",
d1-omni,ood_yelp_rating,34224,rating,score,1,0,"[""0"", ""1"", ""2"", ""3"", ""4""]","[0.5865400135028442, 0.38323395408121885, 0.030189416971383918, 3.0053850128982495e-05, 6.561594424031617e-06]",
d1-omni,ood_yelp_rating,34382,rating,score,2,2,"[""0"", ""1"", ""2"", ""3"", ""4""]","[0.002721895309131952, 0.05097772636484233, 0.6387801403500246, 0.2736244344235486, 0.03389580355245246]",
d1-omni,ood_yelp_rating,34407,rating,score,1,0,"[""0"", ""1"", ""2"", ""3"", ""4""]","[0.758219398113141, 0.18902158164675342, 0.04066745389233439, 0.010241791171816518, 0.00184977517595471]",
d1-omni,ood_yelp_rating,34429,rating,score,2,3,"[""0"", ""1"", ""2"", ""3"", ""4""]","[0.0005109441079315237, 0.0008153560859869712, 0.07308649962330982, 0.5943790629924903, 0.3312081371902813]",
d1-omni,ood_yelp_rating,34503,rating,score,2,2,"[""0"", ""1"", ""2"", ""3"", ""4""]","[8.704441871341882e-05, 0.08052031570351016, 0.7367749695391687, 0.1780610205794313, 0.00455664975917648]",
d1-omni,ood_yelp_rating,34545,rating,score,2,3,"[""0"", ""1"", ""2"", ""3"", ""4""]","[0.00047922312294013065, 0.0814327380238997, 0.38955194051650915, 0.5107771196720212, 0.017758978664629846]",
d1-omni,ood_yelp_rating,34584,rating,score,4,3,"[""0"", ""1"", ""2"", ""3"", ""4""]","[0.00016080023022403727, 0.004534405003883858, 0.1270025152639375, 0.5314728944736834, 0.3368293850282712]",
d1-omni,ood_yelp_rating,34638,rating,score,0,1,"[""0"", ""1"", ""2"", ""3"", ""4""]","[0.4328045432949289, 0.5523205850003785, 0.014820385333736807, 4.0431604091694534e-05, 1.4054766864091176e-05]",
d1-omni,ood_yelp_rating,34677,rating,score,2,2,"[""0"", ""1"", ""2"", ""3"", ""4""]","[0.10500451940144646, 0.3308054449063024, 0.46730113443870885, 0.07672052642721781, 0.020168374826324394]",
d1-omni,ood_yelp_rating,34685,rating,score,2,1,"[""0"", ""1"", ""2"", ""3"", ""4""]","[0.12198055947011652, 0.7293696053483107, 0.13158317354114546, 0.016747814236753523, 0.00031884740367369205]",
d1-omni,ood_yelp_rating,34745,rating,score,2,2,"[""0"", ""1"", ""2"", ""3"", ""4""]","[0.0001145215625131521, 0.052344969413342914, 0.7751874180787997, 0.17065998588515066, 0.001693105060193589]",
d1-omni,ood_yelp_rating,34779,rating,score,4,0,"[""0"", ""1"", ""2"", ""3"", ""4""]","[0.6420944536395478, 0.2762888757454434, 0.042653848836413454, 0.013700658889321985, 0.025262162889273406]",
d1-omni,ood_yelp_rating,34792,rating,score,3,4,"[""0"", ""1"", ""2"", ""3"", ""4""]","[9.299078144126792e-05, 0.00034603519324068, 0.026861534720743527, 0.33754175066393544, 0.635157688640639]",
d1-omni,ood_yelp_rating,34799,rating,score,2,2,"[""0"", ""1"", ""2"", ""3"", ""4""]","[0.042264385333050075, 0.1328491036856113, 0.623257905626121, 0.11516985854956567, 0.0864587468056519]",
d1-omni,ood_yelp_rating,34881,rating,score,3,4,"[""0"", ""1"", ""2"", ""3"", ""4""]","[0.000576634383875307, 0.00011712033634957883, 0.03749193357848304, 0.3461700776403984, 0.6156442340608936]",
d1-omni,ood_yelp_rating,34882,rating,score,2,3,"[""0"", ""1"", ""2"", ""3"", ""4""]","[0.0003135749903678221, 0.0015862681354948938, 0.09113126678354998, 0.4655121702071353, 0.441456719883452]",
d1-omni,ood_yelp_rating,34931,rating,score,3,3,"[""0"", ""1"", ""2"", ""3"", ""4""]","[0.0014446113405661683, 0.002948525111380175, 0.11463618210441837, 0.592812236604115, 0.2881584448395203]",
d1-omni,ood_yelp_rating,35078,rating,score,1,1,"[""0"", ""1"", ""2"", ""3"", ""4""]","[0.07658651547535637, 0.6913507649721716, 0.21214147123716218, 0.019895915140494616, 2.5333174815254333e-05]",
d1-omni,ood_yelp_rating,35083,rating,score,3,1,"[""0"", ""1"", ""2"", ""3"", ""4""]","[0.11595422288673124, 0.47972388147690626, 0.18695375741169803, 0.177292872457792, 0.040075265766872446]",
d1-omni,ood_yelp_rating,35166,rating,score,3,4,"[""0"", ""1"", ""2"", ""3"", ""4""]","[0.0004939424429440068, 0.0029265093200108653, 0.08132236236960688, 0.3641625582584174, 0.5510946276090208]",
d1-omni,ood_yelp_rating,35175,rating,score,3,3,"[""0"", ""1"", ""2"", ""3"", ""4""]","[0.00043011683344729466, 0.0301287970648294, 0.37551218367366085, 0.5252406193726349, 0.06868828305542762]",
d1-omni,ood_yelp_rating,35218,rating,score,0,1,"[""0"", ""1"", ""2"", ""3"", ""4""]","[0.2913614652129216, 0.34845022465091846, 0.2248292145877197, 0.10444668116242857, 0.030912414386011628]",
d1-omni,ood_yelp_rating,35242,rating,score,3,3,"[""0"", ""1"", ""2"", ""3"", ""4""]","[0.005508317936697283, 0.03539911939438825, 0.232620903852326, 0.513397978508431, 0.21307368030815738]",
d1-omni,ood_yelp_rating,35272,rating,score,2,3,"[""0"", ""1"", ""2"", ""3"", ""4""]","[0.012080219407989569, 0.05974539002653819, 0.3282858043196003, 0.3670005732737845, 0.2328880129720875]",
d1-omni,ood_yelp_rating,35370,rating,score,0,0,"[""0"", ""1"", ""2"", ""3"", ""4""]","[0.9209138394067605, 0.0700307312284715, 0.009007027954912223, 3.5105042574157955e-05, 1.3296367281620517e-05]",
d1-omni,ood_yelp_rating,35458,rating,score,4,4,"[""0"", ""1"", ""2"", ""3"", ""4""]","[0.00014083806519628176, 1.8047603859379782e-05, 0.0017108374996890024, 0.15327948561157204, 0.8448507912196833]",
d1-omni,ood_yelp_rating,35498,rating,score,1,0,"[""0"", ""1"", ""2"", ""3"", ""4""]","[0.7853372910921835, 0.19498242988999692, 0.01861205421167047, 0.001049696300852411, 1.852850529662892e-05]",
d1-omni,ood_yelp_rating,35518,rating,score,4,4,"[""0"", ""1"", ""2"", ""3"", ""4""]","[0.0022596451061659955, 0.0004747666359679126, 0.030247705786292378, 0.32016020776213994, 0.6468576747094338]",
d1-omni,ood_yelp_rating,35569,rating,score,3,3,"[""0"", ""1"", ""2"", ""3"", ""4""]","[0.000657063324733089, 0.00739191377074671, 0.11570253186812993, 0.6682739832853668, 0.20797450775102344]",
d1-omni,ood_yelp_rating,35587,rating,score,3,4,"[""0"", ""1"", ""2"", ""3"", ""4""]","[0.00039089957824018333, 0.0005609876342175272, 0.04183683990591928, 0.29795265722383507, 0.659258615657788]",
d1-omni,ood_yelp_rating,35642,rating,score,4,3,"[""0"", ""1"", ""2"", ""3"", ""4""]","[0.0005851108895549523, 0.007885551651115643, 0.09241751159146971, 0.4950747263714636, 0.4040370994963961]",
d1-omni,ood_yelp_rating,35661,rating,score,0,0,"[""0"", ""1"", ""2"", ""3"", ""4""]","[0.8031395314236423, 0.18605426501809796, 0.010775328931159778, 2.4099240163531746e-05, 6.775386936530769e-06]",
d1-omni,ood_yelp_rating,35712,rating,score,1,2,"[""0"", ""1"", ""2"", ""3"", ""4""]","[0.0012793398725601918, 0.40700071406525745, 0.5765606669810188, 0.015142516924908887, 1.6762156254638422e-05]",
d1-omni,ood_yelp_rating,35874,rating,score,4,4,"[""0"", ""1"", ""2"", ""3"", ""4""]","[0.00015806485411367158, 7.04366034040091e-05, 0.023298176144994787, 0.13427148839768369, 0.8422018339998039]",
d1-omni,ood_yelp_rating,35901,rating,score,4,2,"[""0"", ""1"", ""2"", ""3"", ""4""]","[0.11773333961665644, 0.21849810075383114, 0.38886100922959316, 0.19974264948984943, 0.07516490091006982]",
d1-omni,ood_yelp_rating,35940,rating,score,1,0,"[""0"", ""1"", ""2"", ""3"", ""4""]","[0.36839826767659417, 0.3615997019469588, 0.2044745041445114, 0.055541369131984125, 0.00998615709995151]",
d1-omni,ood_yelp_rating,35956,rating,score,4,3,"[""0"", ""1"", ""2"", ""3"", ""4""]","[0.042730409651994705, 0.04126087948679924, 0.26041585206985474, 0.33242174983024597, 0.32317110896110535]",
d1-omni,ood_yelp_rating,36078,rating,score,2,3,"[""0"", ""1"", ""2"", ""3"", ""4""]","[0.0006344176656869126, 0.04499494824901604, 0.27964367191297307, 0.5413583867018519, 0.13336857547047212]",
d1-omni,ood_yelp_rating,36086,rating,score,2,1,"[""0"", ""1"", ""2"", ""3"", ""4""]","[0.11804546553057046, 0.5896984407324497, 0.25924462381425045, 0.03292205968034578, 8.941024238358345e-05]",
d1-omni,ood_yelp_rating,36095,rating,score,0,0,"[""0"", ""1"", ""2"", ""3"", ""4""]","[0.9108300253447387, 0.06767939064117084, 0.020938135785607673, 0.0005209043763825753, 3.1543852100253434e-05]",
d1-omni,ood_yelp_rating,36235,rating,score,2,2,"[""0"", ""1"", ""2"", ""3"", ""4""]","[0.00044548599109635204, 0.04701099948213919, 0.5357811486199073, 0.40221435096174374, 0.014548014945113432]",
d1-omni,ood_yelp_rating,36240,rating,score,2,3,"[""0"", ""1"", ""2"", ""3"", ""4""]","[0.0033321507042026063, 0.02397316371965798, 0.2133446529510009, 0.643987251901732, 0.11536278072340653]",
d1-omni,ood_yelp_rating,36349,rating,score,3,4,"[""0"", ""1"", ""2"", ""3"", ""4""]","[0.0008065416242429194, 6.46207119494347e-05, 0.008556226322580643, 0.15153837459258263, 0.8390342367486444]",
d1-omni,ood_yelp_rating,36385,rating,score,1,1,"[""0"", ""1"", ""2"", ""3"", ""4""]","[0.04835351795659124, 0.5458190290537768, 0.3789372339602415, 0.025783677805362778, 0.0011065412240277195]",
d1-omni,ood_yelp_rating,36402,rating,score,2,2,"[""0"", ""1"", ""2"", ""3"", ""4""]","[0.0012881627169156666, 0.08510066915647255, 0.6247374123027036, 0.26791139183328727, 0.020962363990620906]",
d1-omni,ood_yelp_rating,36403,rating,score,1,1,"[""0"", ""1"", ""2"", ""3"", ""4""]","[0.06719603712552202, 0.7989450787420032, 0.12690860726134529, 0.00689380293258102, 5.6473938548480503e-05]",
d1-omni,ood_yelp_rating,36510,rating,score,1,1,"[""0"", ""1"", ""2"", ""3"", ""4""]","[0.07694523004680456, 0.7669188348546603, 0.15384662087755802, 0.002271960480062454, 1.7353740914718038e-05]",
d1-omni,ood_yelp_rating,36565,rating,score,1,0,"[""0"", ""1"", ""2"", ""3"", ""4""]","[0.8698921392479544, 0.11902311702699067, 0.010857434247726516, 0.00021023551109350784, 1.7073966234956717e-05]",
d1-omni,ood_yelp_rating,36661,rating,score,0,0,"[""0"", ""1"", ""2"", ""3"", ""4""]","[0.9447165246471051, 0.045543107837528546, 0.009699419870747805, 3.0027422767115304e-05, 1.0920221851468193e-05]",
d1-omni,ood_yelp_rating,36740,rating,score,4,4,"[""0"", ""1"", ""2"", ""3"", ""4""]","[0.00037117667873990225, 0.00019111696102468536, 0.0172976454473109, 0.4030548496189128, 0.5790852112940117]",
d1-omni,ood_yelp_rating,36766,rating,score,3,1,"[""0"", ""1"", ""2"", ""3"", ""4""]","[0.07866984925898607, 0.5958222425005492, 0.248541371509992, 0.06316112385751196, 0.01380541287296084]",
d1-omni,ood_yelp_rating,36815,rating,score,0,0,"[""0"", ""1"", ""2"", ""3"", ""4""]","[0.9811110441699282, 0.0133125270267231, 0.005556323662597986, 1.3771316840120102e-05, 6.33382391061003e-06]",
d1-omni,ood_yelp_rating,36831,rating,score,1,1,"[""0"", ""1"", ""2"", ""3"", ""4""]","[0.14113763296162354, 0.7942323269522399, 0.06385035213207886, 0.0007439064380627471, 3.578151599501249e-05]",
d1-omni,ood_yelp_rating,36834,rating,score,4,4,"[""0"", ""1"", ""2"", ""3"", ""4""]","[0.000584429323087071, 0.0002876332237194568, 0.01625856436117663, 0.2139834978388985, 0.7688858752531184]",
d1-omni,ood_yelp_rating,36867,rating,score,2,2,"[""0"", ""1"", ""2"", ""3"", ""4""]","[0.02116606943309307, 0.21823090314865112, 0.5515115857124329, 0.18669629096984863, 0.022395150735974312]",
d1-omni,ood_yelp_rating,37010,rating,score,3,3,"[""0"", ""1"", ""2"", ""3"", ""4""]","[0.00021662599507900462, 0.007518907558042738, 0.18891122974314226, 0.5969949972436636, 0.2063582394600724]",
d1-omni,ood_yelp_rating,37018,rating,score,4,4,"[""0"", ""1"", ""2"", ""3"", ""4""]","[0.00013669985721445139, 0.00015029729872302128, 0.056127988006217495, 0.32659428617982644, 0.6169907286580185]",
d1-omni,ood_yelp_rating,37021,rating,score,3,3,"[""0"", ""1"", ""2"", ""3"", ""4""]","[0.0002471181082478045, 0.024646550137402263, 0.15865905111889955, 0.5095234244514197, 0.3069238561840306]",
d1-omni,ood_yelp_rating,37040,rating,score,4,4,"[""0"", ""1"", ""2"", ""3"", ""4""]","[0.0013535442200559085, 0.00011923412565174033, 0.009018506169846592, 0.13072276472568034, 0.8587859507587654]",
d1-omni,ood_yelp_rating,37080,rating,score,0,1,"[""0"", ""1"", ""2"", ""3"", ""4""]","[0.16148899579143236, 0.6775684987787914, 0.15943136893733537, 0.0014950055706354686, 1.6130921805372674e-05]",
d1-omni,ood_yelp_rating,37096,rating,score,4,2,"[""0"", ""1"", ""2"", ""3"", ""4""]","[4.270941997090642e-05, 0.028063040151149292, 0.5205666408829737, 0.4056257892656028, 0.04570182028030341]",
d1-omni,ood_yelp_rating,37105,rating,score,3,3,"[""0"", ""1"", ""2"", ""3"", ""4""]","[0.002551193593179965, 0.02879811836107733, 0.19949901192227407, 0.5557318950441913, 0.21341978107927737]",
d1-omni,ood_yelp_rating,37122,rating,score,0,0,"[""0"", ""1"", ""2"", ""3"", ""4""]","[0.9126771960662262, 0.06718796253219701, 0.020009040122538235, 0.00011344506090068025, 1.2356218137878845e-05]",
d1-omni,ood_yelp_rating,37138,rating,score,2,3,"[""0"", ""1"", ""2"", ""3"", ""4""]","[0.011563437425677546, 0.020634692815672193, 0.13779730041055774, 0.43045548967596764, 0.3995490796721249]",
d1-omni,ood_yelp_rating,37143,rating,score,2,2,"[""0"", ""1"", ""2"", ""3"", ""4""]","[0.00010563082751681125, 0.04369068706718995, 0.5730810519983616, 0.3763470789168355, 0.0067755511900961796]",
d1-omni,ood_yelp_rating,37195,rating,score,4,4,"[""0"", ""1"", ""2"", ""3"", ""4""]","[0.004151821569269073, 0.014901503802591207, 0.041981450881024514, 0.30806198472294316, 0.630903239024172]",
d1-omni,ood_yelp_rating,37207,rating,score,4,4,"[""0"", ""1"", ""2"", ""3"", ""4""]","[5.7365353393095735e-05, 6.810381572968574e-05, 0.05804846908370981, 0.4573606331504368, 0.48446542859673064]",
d1-omni,ood_yelp_rating,37249,rating,score,2,1,"[""0"", ""1"", ""2"", ""3"", ""4""]","[0.1735537144892331, 0.6544474713028628, 0.1521227888092818, 0.01896190558368278, 0.0009141198149394471]",
d1-omni,ood_yelp_rating,37309,rating,score,1,1,"[""0"", ""1"", ""2"", ""3"", ""4""]","[0.22380658236053283, 0.700318909123306, 0.07350875191537792, 0.0023436724821846487, 2.208411859857761e-05]",
d1-omni,ood_yelp_rating,37358,rating,score,4,4,"[""0"", ""1"", ""2"", ""3"", ""4""]","[0.01576418505957129, 0.022623484187220388, 0.07125276672201591, 0.34443165539805415, 0.5459279086331383]",
d1-omni,ood_yelp_rating,37375,rating,score,0,0,"[""0"", ""1"", ""2"", ""3"", ""4""]","[0.6714111422724498, 0.2571178023575717, 0.050612590122884535, 0.014488844821934186, 0.006369620425159791]",
d1-omni,ood_yelp_rating,37397,rating,score,4,4,"[""0"", ""1"", ""2"", ""3"", ""4""]","[0.002036713226394201, 0.0001470853844053475, 0.015591785705972045, 0.1388541263198172, 0.8433702893634112]",
d1-omni,ood_yelp_rating,37408,rating,score,0,0,"[""0"", ""1"", ""2"", ""3"", ""4""]","[0.8760922291150878, 0.09683293561851722, 0.026888151786454473, 0.00017163245720390596, 1.5051022736652227e-05]",
d1-omni,ood_yelp_rating,37413,rating,score,0,0,"[""0"", ""1"", ""2"", ""3"", ""4""]","[0.8639916960611486, 0.1205659600078169, 0.014977577357711765, 0.00042571020605734587, 3.90563672654399e-05]",
d1-omni,ood_yelp_rating,37508,rating,score,3,3,"[""0"", ""1"", ""2"", ""3"", ""4""]","[5.2936815883322636e-05, 0.000691231754762728, 0.2482775624407077, 0.45986211774852037, 0.2911161512401259]",
d1-omni,ood_yelp_rating,37589,rating,score,2,3,"[""0"", ""1"", ""2"", ""3"", ""4""]","[0.0011225736085356457, 0.018516886733597485, 0.13068751817355198, 0.5383181500518381, 0.31135487143247675]",
d1-omni,ood_yelp_rating,37598,rating,score,4,3,"[""0"", ""1"", ""2"", ""3"", ""4""]","[0.00021919530946662202, 0.0015313876761812878, 0.09661696086652581, 0.48307782313862385, 0.4185546330092025]",
d1-omni,ood_yelp_rating,37600,rating,score,4,1,"[""0"", ""1"", ""2"", ""3"", ""4""]","[0.22328268083207284, 0.5918444024384617, 0.16890187993771263, 0.015579056881655402, 0.00039197991009741186]",
d1-omni,ood_yelp_rating,37624,rating,score,3,3,"[""0"", ""1"", ""2"", ""3"", ""4""]","[0.0018773229336811748, 0.009118514253310287, 0.1430407930022953, 0.5301809975470057, 0.3157823722637076]",
d1-omni,ood_yelp_rating,37625,rating,score,3,3,"[""0"", ""1"", ""2"", ""3"", ""4""]","[0.0005607145251569087, 0.024117824170290018, 0.26199290677914244, 0.4966270128408469, 0.21670154168456368]",
d1-omni,ood_yelp_rating,37646,rating,score,3,3,"[""0"", ""1"", ""2"", ""3"", ""4""]","[0.00010522842206044489, 0.0025507609619893857, 0.1574542504444563, 0.5925668375070885, 0.2473229226644054]",
d1-omni,ood_yelp_rating,37691,rating,score,3,3,"[""0"", ""1"", ""2"", ""3"", ""4""]","[0.012008955098238239, 0.07163419959298635, 0.24589285507964512, 0.5055761679065293, 0.16488782232260107]",
d1-omni,ood_yelp_rating,37750,rating,score,1,1,"[""0"", ""1"", ""2"", ""3"", ""4""]","[0.18921174224604304, 0.6427335272233793, 0.11843397353044717, 0.03994514502983418, 0.009675611970296377]",
d1-omni,ood_yelp_rating,37773,rating,score,3,4,"[""0"", ""1"", ""2"", ""3"", ""4""]","[0.003747436547643844, 0.007597075040283457, 0.04433034474977019, 0.3189348958902465, 0.625390247772056]",
d1-omni,ood_yelp_rating,37798,rating,score,3,4,"[""0"", ""1"", ""2"", ""3"", ""4""]","[0.0010253989802721923, 0.000785575612819652, 0.04363468746736096, 0.3347945278406476, 0.6197598100988996]",
d1-omni,ood_yelp_rating,37892,rating,score,3,4,"[""0"", ""1"", ""2"", ""3"", ""4""]","[0.0001453713369644228, 0.00011086957469666726, 0.011673399490993008, 0.2502039425168573, 0.7378664170804886]",
d1-omni,ood_yelp_rating,37926,rating,score,2,2,"[""0"", ""1"", ""2"", ""3"", ""4""]","[0.006371129308620791, 0.3568925263990363, 0.6094356183494224, 0.026903424430803926, 0.0003973015121165441]",
d1-omni,ood_yelp_rating,37955,rating,score,1,1,"[""0"", ""1"", ""2"", ""3"", ""4""]","[0.02296042048810131, 0.9569957764907544, 0.017577960926588865, 0.002295514082047407, 0.00017032801250802015]",
d1-omni,ood_yelp_rating,38036,rating,score,0,1,"[""0"", ""1"", ""2"", ""3"", ""4""]","[0.15310858277843772, 0.7946167633792939, 0.048010241515527526, 0.004097643797496445, 0.0001667685292443901]",
d1-omni,ood_yelp_rating,38040,rating,score,2,3,"[""0"", ""1"", ""2"", ""3"", ""4""]","[3.917020832068294e-05, 0.0029427162037455957, 0.3259833418073176, 0.6388506816807313, 0.032184090099884835]",
d1-omni,ood_yelp_rating,38051,rating,score,0,1,"[""0"", ""1"", ""2"", ""3"", ""4""]","[0.10083227132559659, 0.6331958474307708, 0.24809027046767845, 0.01783562368099723, 4.59870949569161e-05]",
d1-omni,ood_yelp_rating,38060,rating,score,2,2,"[""0"", ""1"", ""2"", ""3"", ""4""]","[0.03217752572932473, 0.31311374149095894, 0.6251664011211654, 0.029465322604873747, 7.700905367713168e-05]",
d1-omni,ood_yelp_rating,38140,rating,score,1,0,"[""0"", ""1"", ""2"", ""3"", ""4""]","[0.7502333705035794, 0.21868347165510735, 0.030706309531890838, 0.00035614078802761274, 2.0707521394756925e-05]",
d1-omni,ood_yelp_rating,38146,rating,score,0,1,"[""0"", ""1"", ""2"", ""3"", ""4""]","[0.3897791440765951, 0.5352860005096127, 0.07442308094908248, 0.00049629987099879, 1.5474593710877656e-05]",
d1-omni,ood_yelp_rating,38200,rating,score,2,2,"[""0"", ""1"", ""2"", ""3"", ""4""]","[0.00023318212694280283, 0.06188925630756166, 0.7586230516196499, 0.1724984171648497, 0.006756092780995934]",
d1-omni,ood_yelp_rating,38246,rating,score,4,4,"[""0"", ""1"", ""2"", ""3"", ""4""]","[0.002791963016576603, 0.0018806737841813078, 0.02993800453105447, 0.2285404772368595, 0.7368488814313281]",
d1-omni,ood_yelp_rating,38254,rating,score,2,2,"[""0"", ""1"", ""2"", ""3"", ""4""]","[0.022671709639509176, 0.14112607144079237, 0.6173328975761776, 0.17503594481513454, 0.043833376528386314]",
d1-omni,ood_yelp_rating,38510,rating,score,3,3,"[""0"", ""1"", ""2"", ""3"", ""4""]","[0.0026305243255615425, 0.027969092618870185, 0.36562401149195345, 0.45411677005145556, 0.14965960151215926]",
d1-omni,ood_yelp_rating,38563,rating,score,1,1,"[""0"", ""1"", ""2"", ""3"", ""4""]","[0.2799031492331721, 0.5903092144577826, 0.12402791777540997, 0.005741040336978403, 1.8678196656820663e-05]",
d1-omni,ood_yelp_rating,38599,rating,score,4,4,"[""0"", ""1"", ""2"", ""3"", ""4""]","[0.0008315411460015127, 0.0007966238275878062, 0.006423504622677955, 0.05788721900915194, 0.9340611113945808]",
d1-omni,ood_yelp_rating,38702,rating,score,3,3,"[""0"", ""1"", ""2"", ""3"", ""4""]","[0.0001348111505019376, 0.02343109179420248, 0.33791141683246745, 0.5289834578280901, 0.10953922239473804]",
d1-omni,ood_yelp_rating,38742,rating,score,1,0,"[""0"", ""1"", ""2"", ""3"", ""4""]","[0.7410806140865441, 0.24292582856906833, 0.015884337353908054, 0.00010219724554738554, 7.022744932146992e-06]",
d1-omni,ood_yelp_rating,38812,rating,score,4,4,"[""0"", ""1"", ""2"", ""3"", ""4""]","[0.00011616628889887227, 2.0698526735934598e-05, 0.014228576059021381, 0.17589328274193325, 0.8097412763834105]",
d1-omni,ood_yelp_rating,38838,rating,score,4,3,"[""0"", ""1"", ""2"", ""3"", ""4""]","[0.00026509153606948835, 0.0039280102755900334, 0.14372162241471106, 0.5750661380547046, 0.2770191377189248]",
d1-omni,ood_yelp_rating,38849,rating,score,2,3,"[""0"", ""1"", ""2"", ""3"", ""4""]","[0.004593188329624027, 0.06549706197185848, 0.24184184849814122, 0.4030135204496327, 0.28505438075074363]",
d1-omni,ood_yelp_rating,38964,rating,score,4,4,"[""0"", ""1"", ""2"", ""3"", ""4""]","[0.000316179076831363, 4.987045559002094e-05, 0.025983790790434565, 0.26333091529172864, 0.7103192443854154]",
d1-omni,ood_yelp_rating,39018,rating,score,4,4,"[""0"", ""1"", ""2"", ""3"", ""4""]","[0.0019629043899422297, 0.0003871537119972118, 0.04823021682229887, 0.2860770577833243, 0.6633426672924374]",
d1-omni,ood_yelp_rating,39074,rating,score,4,4,"[""0"", ""1"", ""2"", ""3"", ""4""]","[6.911263389490843e-05, 3.0383455178702097e-05, 0.007187022418053423, 0.07693549305702244, 0.9157779884358506]",
d1-omni,ood_yelp_rating,39122,rating,score,0,0,"[""0"", ""1"", ""2"", ""3"", ""4""]","[0.535974543255189, 0.4349539312135806, 0.028828496439462076, 0.0002252265865545401, 1.780250521376904e-05]",
d1-omni,ood_yelp_rating,39133,rating,score,0,0,"[""0"", ""1"", ""2"", ""3"", ""4""]","[0.8184189328334592, 0.1619686447552517, 0.01954994852256993, 5.655893804047271e-05, 5.9149506787046934e-06]",
d1-omni,ood_yelp_rating,39138,rating,score,0,0,"[""0"", ""1"", ""2"", ""3"", ""4""]","[0.8185031357485515, 0.15492080045007386, 0.02639997918546738, 0.00015518571201137942, 2.0898903895842454e-05]",
d1-omni,ood_yelp_rating,39146,rating,score,4,3,"[""0"", ""1"", ""2"", ""3"", ""4""]","[0.20250602066516876, 0.18748939037322998, 0.13587066531181335, 0.24517618119716644, 0.22895774245262146]",
d1-omni,ood_yelp_rating,39258,rating,score,0,0,"[""0"", ""1"", ""2"", ""3"", ""4""]","[0.6815494300620971, 0.2745243013584246, 0.041411869238130776, 0.0024823846767278233, 3.201466461969902e-05]",
d1-omni,ood_yelp_rating,39321,rating,score,4,4,"[""0"", ""1"", ""2"", ""3"", ""4""]","[0.0025518881353112657, 0.002068570598089795, 0.015587356061298109, 0.19542884976816177, 0.7843633354371391]",
d1-omni,ood_yelp_rating,39383,rating,score,2,3,"[""0"", ""1"", ""2"", ""3"", ""4""]","[2.527793605789814e-05, 0.017914334712888953, 0.36660323367181225, 0.5417906167131598, 0.07366653696608119]",
d1-omni,ood_yelp_rating,39477,rating,score,1,1,"[""0"", ""1"", ""2"", ""3"", ""4""]","[0.0026751154690116885, 0.6193543320401342, 0.34512521195441986, 0.03268002102314694, 0.0001653195132873167]",
d1-omni,ood_yelp_rating,39640,rating,score,4,4,"[""0"", ""1"", ""2"", ""3"", ""4""]","[0.0005194035211270795, 0.0002378122735708846, 0.02482801827901795, 0.26353766148522195, 0.7108771044410621]",
d1-omni,ood_yelp_rating,39668,rating,score,4,3,"[""0"", ""1"", ""2"", ""3"", ""4""]","[0.0036625773833815654, 0.05276023288191798, 0.23699562356669887, 0.494347096401937, 0.21223446976606455]",
d1-omni,ood_yelp_rating,39682,rating,score,0,1,"[""0"", ""1"", ""2"", ""3"", ""4""]","[0.4354107456975663, 0.4586187384236115, 0.10324279401639139, 0.0026928359187901032, 3.488594364069328e-05]",
d1-omni,ood_yelp_rating,39765,rating,score,2,2,"[""0"", ""1"", ""2"", ""3"", ""4""]","[0.0005092020972558138, 0.013787137073628476, 0.587690143128216, 0.3657908912891233, 0.03222262641177638]",
d1-omni,ood_yelp_rating,39770,rating,score,2,1,"[""0"", ""1"", ""2"", ""3"", ""4""]","[0.09901434405443627, 0.5555406337545602, 0.32661897677423374, 0.018724911335339687, 0.00010113408143006218]",
d1-omni,ood_yelp_rating,39823,rating,score,1,2,"[""0"", ""1"", ""2"", ""3"", ""4""]","[0.004318684892895239, 0.3069873183525963, 0.6735222346242121, 0.015154350154068935, 1.741197622736763e-05]",
d1-omni,ood_yelp_rating,39917,rating,score,1,2,"[""0"", ""1"", ""2"", ""3"", ""4""]","[0.013332354550512914, 0.3732104482193881, 0.4760012559146297, 0.11167922411795674, 0.02577671719751255]",
d1-omni,ood_yelp_rating,39921,rating,score,4,4,"[""0"", ""1"", ""2"", ""3"", ""4""]","[0.001098315870666578, 0.0008042875708558792, 0.010186851405690069, 0.16061349835658176, 0.8272970467962057]",
d1-omni,ood_yelp_rating,39923,rating,score,3,3,"[""0"", ""1"", ""2"", ""3"", ""4""]","[0.0003338645859712171, 0.00535385209422852, 0.1736577128980103, 0.646210895720133, 0.17444367470165695]",
d1-omni,ood_yelp_rating,39973,rating,score,0,0,"[""0"", ""1"", ""2"", ""3"", ""4""]","[0.60120399223448, 0.3225782865898648, 0.06592699387170609, 0.010154944077154147, 0.00013578322679499546]",
d1-omni,ood_yelp_rating,39997,rating,score,4,4,"[""0"", ""1"", ""2"", ""3"", ""4""]","[0.0026973690461704045, 0.00037492089708185145, 0.0005889109878516065, 0.009835484218226316, 0.9865033148506698]",
d1-omni,ood_yelp_rating,40007,rating,score,0,0,"[""0"", ""1"", ""2"", ""3"", ""4""]","[0.9605676330207187, 0.021154274170073938, 0.015773449740848086, 0.002158052842278632, 0.0003465902260806996]",
d1-omni,ood_yelp_rating,40030,rating,score,3,4,"[""0"", ""1"", ""2"", ""3"", ""4""]","[0.006867050397904229, 0.012690530536786631, 0.0782633000094682, 0.4134935561863648, 0.4886855628694762]",
d1-omni,ood_yelp_rating,40100,rating,score,2,2,"[""0"", ""1"", ""2"", ""3"", ""4""]","[1.2279024229652583e-05, 0.022563950953344115, 0.8083270739245184, 0.1667948355111366, 0.002301860586771192]",
d1-omni,ood_yelp_rating,40224,rating,score,2,2,"[""0"", ""1"", ""2"", ""3"", ""4""]","[0.0016218710076994786, 0.11990086509251253, 0.8009171433936089, 0.07678673540163074, 0.0007733851045483435]",
d1-omni,ood_yelp_rating,40272,rating,score,4,4,"[""0"", ""1"", ""2"", ""3"", ""4""]","[0.0002645365250325952, 0.0014515118336332251, 0.07412060178035637, 0.34509500059689713, 0.5790683492640807]",
d1-omni,ood_yelp_rating,40440,rating,score,0,0,"[""0"", ""1"", ""2"", ""3"", ""4""]","[0.9875980127117189, 0.010887090235297887, 0.0014844864070023486, 2.335311026365022e-05, 7.057535717197792e-06]",
d1-omni,ood_yelp_rating,40486,rating,score,4,2,"[""0"", ""1"", ""2"", ""3"", ""4""]","[6.272381734623712e-05, 0.010199364054484522, 0.4878153695620421, 0.4715711372582654, 0.03035140530786178]",
d1-omni,ood_yelp_rating,40494,rating,score,2,1,"[""0"", ""1"", ""2"", ""3"", ""4""]","[0.35016874604313875, 0.4094307801813114, 0.22872892300695413, 0.011095291347201266, 0.0005762594213944352]",
d1-omni,ood_yelp_rating,40581,rating,score,3,3,"[""0"", ""1"", ""2"", ""3"", ""4""]","[0.00010348099849523545, 0.002210480880861859, 0.16297775664450062, 0.5639584118975964, 0.2707498695785458]",
d1-omni,ood_yelp_rating,40661,rating,score,1,1,"[""0"", ""1"", ""2"", ""3"", ""4""]","[0.03129952788026784, 0.544419529588984, 0.35611501501926696, 0.06302433490298845, 0.005141592608492787]",
d1-omni,ood_yelp_rating,40721,rating,score,0,1,"[""0"", ""1"", ""2"", ""3"", ""4""]","[0.4510124642159075, 0.4623539772147855, 0.07970650308219848, 0.006874310334985059, 5.274515212345255e-05]",
d1-omni,ood_yelp_rating,40819,rating,score,3,4,"[""0"", ""1"", ""2"", ""3"", ""4""]","[0.00020047693053810593, 0.00019777938365492462, 0.030207274294663942, 0.48031994384625615, 0.4890745255448869]",
d1-omni,ood_yelp_rating,40899,rating,score,2,2,"[""0"", ""1"", ""2"", ""3"", ""4""]","[9.414635291697442e-05, 0.01731347188041848, 0.4893261196568097, 0.4619493801402161, 0.03131688196963874]",
d1-omni,ood_yelp_rating,40924,rating,score,3,4,"[""0"", ""1"", ""2"", ""3"", ""4""]","[0.0013792528199248477, 0.0019749281109456896, 0.06337552254999917, 0.46452803474711485, 0.46874226177201544]",
d1-omni,ood_yelp_rating,40926,rating,score,4,3,"[""0"", ""1"", ""2"", ""3"", ""4""]","[0.0032607618256178, 0.012024776423128205, 0.15243910689605636, 0.43468160682028106, 0.3975937480349166]",
d1-omni,ood_yelp_rating,40953,rating,score,4,3,"[""0"", ""1"", ""2"", ""3"", ""4""]","[0.005952004828333871, 0.035624541458381245, 0.23127846495199447, 0.4461441650628155, 0.2810008236984749]",
d1-omni,ood_yelp_rating,40981,rating,score,2,1,"[""0"", ""1"", ""2"", ""3"", ""4""]","[0.14119807864368605, 0.6213192714695616, 0.21622585467062586, 0.021203705272909087, 5.30899432174317e-05]",
d1-omni,ood_yelp_rating,40988,rating,score,0,0,"[""0"", ""1"", ""2"", ""3"", ""4""]","[0.5977693757187709, 0.3284299352215514, 0.06536561953131172, 0.007520168505011891, 0.0009149010233540952]",
d1-omni,ood_yelp_rating,40989,rating,score,3,3,"[""0"", ""1"", ""2"", ""3"", ""4""]","[0.0005605556696277288, 0.0011649761671981443, 0.0444825444088887, 0.4900826253684348, 0.4637092983858507]",
d1-omni,ood_yelp_rating,41057,rating,score,2,2,"[""0"", ""1"", ""2"", ""3"", ""4""]","[0.0009413863838202364, 0.14759325913270777, 0.7123004761366326, 0.13059951304939102, 0.008565365297448365]",
d1-omni,ood_yelp_rating,41135,rating,score,3,3,"[""0"", ""1"", ""2"", ""3"", ""4""]","[0.0006097703250045516, 0.006017887738079266, 0.055847270768592056, 0.5471331694364094, 0.3903919017319147]",
d1-omni,ood_yelp_rating,41167,rating,score,4,4,"[""0"", ""1"", ""2"", ""3"", ""4""]","[7.271964461517268e-05, 2.3837452532722428e-05, 0.015504517052741687, 0.33533379316486794, 0.6490651326852425]",
d1-omni,ood_yelp_rating,41171,rating,score,2,2,"[""0"", ""1"", ""2"", ""3"", ""4""]","[0.3145409851757901, 0.18819239910871163, 0.38194829581257234, 0.09866536500552078, 0.016652954897405158]",
d1-omni,ood_yelp_rating,41228,rating,score,1,0,"[""0"", ""1"", ""2"", ""3"", ""4""]","[0.7883948599070514, 0.1802827845524197, 0.029917586273525688, 0.0011971606744408988, 0.00020760859256238994]",
d1-omni,ood_yelp_rating,41334,rating,score,4,3,"[""0"", ""1"", ""2"", ""3"", ""4""]","[0.0003813470032676504, 0.002831711024290277, 0.10496673195978931, 0.5219272478551271, 0.3698929621575257]",
d1-omni,ood_yelp_rating,41343,rating,score,0,1,"[""0"", ""1"", ""2"", ""3"", ""4""]","[0.42360506273179765, 0.5393616064398643, 0.03698000382692937, 4.671543227592988e-05, 6.6115691327099565e-06]",
d1-omni,ood_yelp_rating,41365,rating,score,2,4,"[""0"", ""1"", ""2"", ""3"", ""4""]","[8.159389452744066e-05, 0.0005339194071359233, 0.05181289593531398, 0.4279320635176724, 0.5196395272453502]",
d1-omni,ood_yelp_rating,41399,rating,score,0,0,"[""0"", ""1"", ""2"", ""3"", ""4""]","[0.7976141955909022, 0.1710242455760916, 0.02952498643451719, 0.0017980332992780916, 3.8539099210935126e-05]",
d1-omni,ood_yelp_rating,41431,rating,score,1,1,"[""0"", ""1"", ""2"", ""3"", ""4""]","[0.05992199675527539, 0.7250346326593643, 0.20366756014602794, 0.011341637595737496, 3.4172843594920275e-05]",
d1-omni,ood_yelp_rating,41446,rating,score,1,1,"[""0"", ""1"", ""2"", ""3"", ""4""]","[0.22456161016108936, 0.5683118910626311, 0.19968565544991196, 0.007206302867678136, 0.00023454045868944468]",
d1-omni,ood_yelp_rating,41468,rating,score,0,0,"[""0"", ""1"", ""2"", ""3"", ""4""]","[0.7452832552599653, 0.22676262863439683, 0.02531962889302471, 0.002508267991906449, 0.00012621922070665714]",
d1-omni,ood_yelp_rating,41538,rating,score,2,2,"[""0"", ""1"", ""2"", ""3"", ""4""]","[0.0007036430027394246, 0.3439626321523593, 0.6096501814972497, 0.04564666649605555, 3.6876851596003775e-05]",
d1-omni,ood_yelp_rating,41600,rating,score,0,0,"[""0"", ""1"", ""2"", ""3"", ""4""]","[0.859328688091218, 0.12938263433196517, 0.009910641004573503, 0.0013316583127486047, 4.637825949468546e-05]",
d1-omni,ood_yelp_rating,41628,rating,score,0,0,"[""0"", ""1"", ""2"", ""3"", ""4""]","[0.888115744446429, 0.09478603734469458, 0.015154363345316748, 0.001818866784509136, 0.00012498807905049394]",
d1-omni,ood_yelp_rating,41633,rating,score,2,2,"[""0"", ""1"", ""2"", ""3"", ""4""]","[0.01887741753479399, 0.3615217340172712, 0.5368503527130594, 0.0781985624225288, 0.004551933312346599]",
d1-omni,ood_yelp_rating,41657,rating,score,3,3,"[""0"", ""1"", ""2"", ""3"", ""4""]","[1.3968873691357013e-05, 0.0004001832580334518, 0.15857762150536434, 0.7470923686789515, 0.09391585768395937]",
d1-omni,ood_yelp_rating,41665,rating,score,4,4,"[""0"", ""1"", ""2"", ""3"", ""4""]","[0.0017055249771973163, 0.0008077850215598135, 0.018360609187607152, 0.17408452927052948, 0.8050415515431062]",
d1-omni,ood_yelp_rating,41711,rating,score,2,3,"[""0"", ""1"", ""2"", ""3"", ""4""]","[0.0063710524136899056, 0.03452653407305286, 0.32588547179856153, 0.3654499319644884, 0.26776700975020734]",
d1-omni,ood_yelp_rating,41749,rating,score,2,3,"[""0"", ""1"", ""2"", ""3"", ""4""]","[0.03533933934363517, 0.11183665739333812, 0.2908051219779898, 0.41616386140552675, 0.14585501987951016]",
d1-omni,ood_yelp_rating,41756,rating,score,1,1,"[""0"", ""1"", ""2"", ""3"", ""4""]","[0.3806098394914002, 0.49289339694916295, 0.12360221871056469, 0.00283907236967965, 5.547247919249888e-05]",
d1-omni,ood_yelp_rating,41798,rating,score,4,4,"[""0"", ""1"", ""2"", ""3"", ""4""]","[0.004997250912843165, 0.0003267582112731705, 0.007477551199566127, 0.1370733757569607, 0.8501250639193568]",
d1-omni,ood_yelp_rating,41847,rating,score,1,0,"[""0"", ""1"", ""2"", ""3"", ""4""]","[0.5009793353625565, 0.42485395632461664, 0.07132426987842824, 0.0028116869068853323, 3.0751527513293935e-05]",
d1-omni,ood_yelp_rating,41848,rating,score,0,1,"[""0"", ""1"", ""2"", ""3"", ""4""]","[0.2248814557064201, 0.5035122308391266, 0.2248814557064201, 0.04627254306997397, 0.00045231467805927934]",
d1-omni,ood_yelp_rating,41876,rating,score,4,4,"[""0"", ""1"", ""2"", ""3"", ""4""]","[0.00305184572110685, 0.0033478435639643714, 0.034178366494131696, 0.38537328115060393, 0.5740486630701932]",
d1-omni,ood_yelp_rating,41897,rating,score,3,3,"[""0"", ""1"", ""2"", ""3"", ""4""]","[4.0974768264719865e-05, 5.801243882843613e-05, 0.030620961981713095, 0.7167325958320332, 0.25254745497916053]",
d1-omni,ood_yelp_rating,42037,rating,score,0,0,"[""0"", ""1"", ""2"", ""3"", ""4""]","[0.6083177930680048, 0.3418574597942281, 0.049739378340809964, 6.955346961040013e-05, 1.58153273467302e-05]",
d1-omni,ood_yelp_rating,42075,rating,score,0,0,"[""0"", ""1"", ""2"", ""3"", ""4""]","[0.722983345746847, 0.241858537100209, 0.035051024745136085, 8.350820840220462e-05, 2.358419940570882e-05]",
d1-omni,ood_yelp_rating,42129,rating,score,1,1,"[""0"", ""1"", ""2"", ""3"", ""4""]","[0.10155207716641701, 0.6525176914817294, 0.23932213940155778, 0.006374768478280522, 0.0002333234720152229]",
d1-omni,ood_yelp_rating,42161,rating,score,1,1,"[""0"", ""1"", ""2"", ""3"", ""4""]","[0.34417749564975425, 0.631401146979846, 0.02428686859625203, 0.0001259502391712568, 8.538534976535424e-06]",
d1-omni,ood_yelp_rating,42212,rating,score,0,0,"[""0"", ""1"", ""2"", ""3"", ""4""]","[0.8230580947784655, 0.13218583584588225, 0.04179307578038939, 0.002944136830011984, 1.8856765250904586e-05]",
d1-omni,ood_yelp_rating,42255,rating,score,0,0,"[""0"", ""1"", ""2"", ""3"", ""4""]","[0.4901680981976468, 0.40275150298723744, 0.10384859851568473, 0.003207520800112681, 2.4279499318369098e-05]",
d1-omni,ood_yelp_rating,42256,rating,score,0,0,"[""0"", ""1"", ""2"", ""3"", ""4""]","[0.5145027309251604, 0.3433575709164202, 0.0963428406049641, 0.03929125266945846, 0.0065056048839968305]",
d1-omni,ood_yelp_rating,42266,rating,score,3,3,"[""0"", ""1"", ""2"", ""3"", ""4""]","[0.0011142883657345244, 0.01235304237069641, 0.0999455098052604, 0.49263132536097104, 0.3939558340973376]",
d1-omni,ood_yelp_rating,42386,rating,score,2,1,"[""0"", ""1"", ""2"", ""3"", ""4""]","[0.1480500322679914, 0.5797529513587855, 0.2540823386419832, 0.01700760148973052, 0.0011070762415093798]",
d1-omni,ood_yelp_rating,42398,rating,score,1,1,"[""0"", ""1"", ""2"", ""3"", ""4""]","[0.20744737327414353, 0.6821863925791485, 0.10993303800931906, 0.0004231783557075017, 1.001778168141459e-05]",
d1-omni,ood_yelp_rating,42490,rating,score,4,3,"[""0"", ""1"", ""2"", ""3"", ""4""]","[0.0005370445941688097, 0.00020711816331180928, 0.05347199664882389, 0.4857011669001208, 0.4600826736935747]",
d1-omni,ood_yelp_rating,42570,rating,score,4,4,"[""0"", ""1"", ""2"", ""3"", ""4""]","[0.0013436971470163893, 0.000294029757175581, 0.03621798198309697, 0.2108620962634715, 0.7512821948492395]",
d1-omni,ood_yelp_rating,42575,rating,score,4,4,"[""0"", ""1"", ""2"", ""3"", ""4""]","[0.00020909264159865595, 0.0009071862440268083, 0.09181666217036129, 0.3590655556747289, 0.5480015032692843]",
d1-omni,ood_yelp_rating,42682,rating,score,1,1,"[""0"", ""1"", ""2"", ""3"", ""4""]","[0.14863873918857512, 0.7980481332851398, 0.05325365030939081, 4.6193555736472035e-05, 1.3283661157758304e-05]",
d1-omni,ood_yelp_rating,42707,rating,score,4,4,"[""0"", ""1"", ""2"", ""3"", ""4""]","[0.011113811858532475, 0.004612525311175619, 0.034658930082122716, 0.1728708688504575, 0.7767438638977117]",
d1-omni,ood_yelp_rating,42768,rating,score,2,1,"[""0"", ""1"", ""2"", ""3"", ""4""]","[0.11182741758934026, 0.741945501036756, 0.14576069930007352, 0.0004404246258859135, 2.5957447944233432e-05]",
d1-omni,ood_yelp_rating,42794,rating,score,2,3,"[""0"", ""1"", ""2"", ""3"", ""4""]","[2.2386174875153572e-05, 0.002897909329567259, 0.29999600782386443, 0.4997120819705032, 0.1973716147011899]",
d1-omni,ood_yelp_rating,42848,rating,score,0,0,"[""0"", ""1"", ""2"", ""3"", ""4""]","[0.9741826575369539, 0.022905856187264338, 0.0023314698878000506, 0.0005385832585051048, 4.1433129476650296e-05]",
d1-omni,ood_yelp_rating,42872,rating,score,1,0,"[""0"", ""1"", ""2"", ""3"", ""4""]","[0.4788078834630038, 0.4707682005762593, 0.049455898411482575, 0.0009436768923643219, 2.4340656889990754e-05]",
d1-omni,ood_yelp_rating,42879,rating,score,3,3,"[""0"", ""1"", ""2"", ""3"", ""4""]","[0.0011941120384368908, 0.019853182728683434, 0.12576288359650623, 0.5279216923690346, 0.3252681292673388]",
d1-omni,ood_yelp_rating,42888,rating,score,2,2,"[""0"", ""1"", ""2"", ""3"", ""4""]","[0.00015716614580973455, 0.046541006668600976, 0.9144953743879108, 0.03800419078764414, 0.0008022620100342788]",
d1-omni,ood_yelp_rating,42962,rating,score,4,4,"[""0"", ""1"", ""2"", ""3"", ""4""]","[0.017036564394286805, 0.021716564570120504, 0.10530302516664528, 0.3894256593372575, 0.46651818653168997]",
d1-omni,ood_yelp_rating,43063,rating,score,4,4,"[""0"", ""1"", ""2"", ""3"", ""4""]","[0.000502001103184906, 3.5125028504835455e-05, 0.018984972190833938, 0.23271299171976628, 0.7477649099577101]",
d1-omni,ood_yelp_rating,43088,rating,score,1,1,"[""0"", ""1"", ""2"", ""3"", ""4""]","[0.07323353307853944, 0.7525681411682886, 0.17218743744385076, 0.00197577627888942, 3.511203043178448e-05]",
d1-omni,ood_yelp_rating,43163,rating,score,0,0,"[""0"", ""1"", ""2"", ""3"", ""4""]","[0.7459996601900466, 0.2156161293810116, 0.03833190112402336, 3.707695342807102e-05, 1.5232351490351828e-05]",
d1-omni,ood_yelp_rating,43178,rating,score,0,0,"[""0"", ""1"", ""2"", ""3"", ""4""]","[0.7191347547342581, 0.2455095468329678, 0.032617939101518986, 0.002658003745829804, 7.975558542521926e-05]",
d1-omni,ood_yelp_rating,43350,rating,score,0,0,"[""0"", ""1"", ""2"", ""3"", ""4""]","[0.5806073080139006, 0.36906115045535154, 0.04844816509890925, 0.0016930507641595028, 0.00019032566767913852]",
d1-omni,ood_yelp_rating,43355,rating,score,2,1,"[""0"", ""1"", ""2"", ""3"", ""4""]","[0.16216677684042155, 0.46203691498807403, 0.3418009335274025, 0.03288082830512345, 0.0011145463389784914]",
d1-omni,ood_yelp_rating,43356,rating,score,4,4,"[""0"", ""1"", ""2"", ""3"", ""4""]","[4.8331312310225257e-05, 1.8893812362683318e-05, 0.008572753784008643, 0.15920330837098495, 0.8321567127203335]",
d1-omni,ood_yelp_rating,43398,rating,score,3,3,"[""0"", ""1"", ""2"", ""3"", ""4""]","[0.00017174394909367295, 0.000990348661614379, 0.2236654221969034, 0.6558899458072643, 0.11928253938512422]",
d1-omni,ood_yelp_rating,43406,rating,score,3,4,"[""0"", ""1"", ""2"", ""3"", ""4""]","[0.0028648425045382318, 0.002097900638721416, 0.03551519539337349, 0.17296719277186604, 0.7865548686915008]",
d1-omni,ood_yelp_rating,43482,rating,score,0,1,"[""0"", ""1"", ""2"", ""3"", ""4""]","[0.26140573003580203, 0.49775661557307604, 0.21563698810549933, 0.024682840700986072, 0.000517825584636485]",
d1-omni,ood_yelp_rating,43543,rating,score,2,2,"[""0"", ""1"", ""2"", ""3"", ""4""]","[0.00035199719660156895, 0.44465111843786576, 0.5436111353933112, 0.011200368942896879, 0.0001853800293246694]",
d1-omni,ood_yelp_rating,43557,rating,score,2,3,"[""0"", ""1"", ""2"", ""3"", ""4""]","[8.093448910078596e-05, 0.0030196410514757967, 0.12828906436119578, 0.6712777309302789, 0.19733262916794878]",
d1-omni,ood_yelp_rating,43629,rating,score,2,3,"[""0"", ""1"", ""2"", ""3"", ""4""]","[0.006031516328264429, 0.0434918612977826, 0.3178869058560148, 0.5055634647767222, 0.1270262517412159]",
d1-omni,ood_yelp_rating,43641,rating,score,0,0,"[""0"", ""1"", ""2"", ""3"", ""4""]","[0.4506798923874359, 0.2983554067460731, 0.19389714255811916, 0.05297384364271843, 0.0040937146656534204]",
d1-omni,ood_yelp_rating,43652,rating,score,1,1,"[""0"", ""1"", ""2"", ""3"", ""4""]","[0.19935903195331647, 0.7564380260807799, 0.04413173028794292, 6.143390130143654e-05, 9.777776659213272e-06]",
d1-omni,ood_yelp_rating,43661,rating,score,4,4,"[""0"", ""1"", ""2"", ""3"", ""4""]","[0.0010881962298185737, 0.0008585180104880348, 0.02919905084465755, 0.20631233106094002, 0.7625419038540958]",
d1-omni,ood_yelp_rating,43701,rating,score,0,0,"[""0"", ""1"", ""2"", ""3"", ""4""]","[0.7667019905542417, 0.1737827929682968, 0.045700337221265756, 0.013702375845080874, 0.00011250341111487008]",
d1-omni,ood_yelp_rating,43703,rating,score,0,0,"[""0"", ""1"", ""2"", ""3"", ""4""]","[0.8463503779083751, 0.1294859863870789, 0.02405595813523203, 0.000100783197004449, 6.894372309504515e-06]",
d1-omni,ood_yelp_rating,43773,rating,score,3,4,"[""0"", ""1"", ""2"", ""3"", ""4""]","[7.747523375988508e-05, 0.00023528446141893132, 0.03246377050596547, 0.40541446391545144, 0.5618090058834043]",
d1-omni,ood_yelp_rating,43829,rating,score,1,0,"[""0"", ""1"", ""2"", ""3"", ""4""]","[0.6766287856152967, 0.28448823816331725, 0.03883462497797385, 3.554179146860643e-05, 1.2809451943596412e-05]",
d1-omni,ood_yelp_rating,43868,rating,score,2,2,"[""0"", ""1"", ""2"", ""3"", ""4""]","[0.003801802598200059, 0.0933674042357829, 0.6224033169842901, 0.2716219694133358, 0.008805506768391163]",
d1-omni,ood_yelp_rating,43910,rating,score,2,2,"[""0"", ""1"", ""2"", ""3"", ""4""]","[0.0001036811181614097, 0.08361716043407542, 0.8313044528331149, 0.07652596585625646, 0.00844873975839177]",
d1-omni,ood_yelp_rating,43974,rating,score,1,2,"[""0"", ""1"", ""2"", ""3"", ""4""]","[0.053066440884284034, 0.154564774915923, 0.41236532564046025, 0.33530442158035223, 0.044699036978980464]",
d1-omni,ood_yelp_rating,43987,rating,score,3,4,"[""0"", ""1"", ""2"", ""3"", ""4""]","[0.0006835585228827686, 0.0004187900341159641, 0.027091154834975293, 0.24774894124077376, 0.7240575553672522]",
d1-omni,ood_yelp_rating,44001,rating,score,3,3,"[""0"", ""1"", ""2"", ""3"", ""4""]","[4.76936312971789e-05, 5.012245136598053e-05, 0.1299257829448369, 0.5728478829162942, 0.29712851805620577]",
d1-omni,ood_yelp_rating,44063,rating,score,4,4,"[""0"", ""1"", ""2"", ""3"", ""4""]","[0.0032390853997132105, 0.0029527034780554825, 0.03693647273157995, 0.3151286212842607, 0.6417431171063906]",
d1-omni,ood_yelp_rating,44104,rating,score,4,4,"[""0"", ""1"", ""2"", ""3"", ""4""]","[0.008139974612015688, 0.02063524953519063, 0.20136538579259428, 0.29066017892694485, 0.47919921113325453]",
d1-omni,ood_yelp_rating,44175,rating,score,4,3,"[""0"", ""1"", ""2"", ""3"", ""4""]","[0.0001638176356888344, 0.017209366610747023, 0.1997087903788462, 0.5582035981631129, 0.224714427211605]",
d1-omni,ood_yelp_rating,44200,rating,score,4,4,"[""0"", ""1"", ""2"", ""3"", ""4""]","[0.0014448234353836031, 0.00040896606263792444, 0.009670257265777174, 0.07796422153979281, 0.9105117316964085]",
d1-omni,ood_yelp_rating,44261,rating,score,2,1,"[""0"", ""1"", ""2"", ""3"", ""4""]","[0.012568715251887207, 0.678317022460493, 0.30847552967057185, 0.000631760351414192, 6.972265633769831e-06]",
d1-omni,ood_yelp_rating,44305,rating,score,4,3,"[""0"", ""1"", ""2"", ""3"", ""4""]","[0.005550505396985258, 0.04143713640550972, 0.12601820678571998, 0.5554625791426953, 0.27153157226908975]",
d1-omni,ood_yelp_rating,44339,rating,score,0,1,"[""0"", ""1"", ""2"", ""3"", ""4""]","[0.16851443697712964, 0.5387350527155018, 0.26320595557274756, 0.0284261733005069, 0.0011183814341141252]",
d1-omni,ood_yelp_rating,44419,rating,score,3,3,"[""0"", ""1"", ""2"", ""3"", ""4""]","[5.346324960573097e-05, 0.0006207733435201786, 0.07670873258787304, 0.6062202928020441, 0.31639673801695695]",
d1-omni,ood_yelp_rating,44462,rating,score,4,3,"[""0"", ""1"", ""2"", ""3"", ""4""]","[7.0002784361401e-05, 0.005551892465294039, 0.1308710496584341, 0.7122360040586639, 0.15127105103324656]",
d1-omni,ood_yelp_rating,44518,rating,score,3,3,"[""0"", ""1"", ""2"", ""3"", ""4""]","[8.17242182308429e-06, 0.0022795183597111423, 0.17261062219712792, 0.7694700803550948, 0.05563160666624311]",
d1-omni,ood_yelp_rating,44566,rating,score,0,0,"[""0"", ""1"", ""2"", ""3"", ""4""]","[0.6538334955434306, 0.286467993546872, 0.059111433795722076, 0.000571651198290844, 1.5425915684423772e-05]",
d1-omni,ood_yelp_rating,44685,rating,score,3,3,"[""0"", ""1"", ""2"", ""3"", ""4""]","[0.00011370719417941796, 0.0008481594182896944, 0.05852975235757715, 0.5504214330517585, 0.3900869479781952]",
d1-omni,ood_yelp_rating,44706,rating,score,2,2,"[""0"", ""1"", ""2"", ""3"", ""4""]","[0.00042342066417397426, 0.03702596890757818, 0.5021076034514489, 0.42870468576743526, 0.03173832120936367]",
d1-omni,ood_yelp_rating,44718,rating,score,4,3,"[""0"", ""1"", ""2"", ""3"", ""4""]","[0.0006261664873095134, 0.006151863567898402, 0.27683065214905733, 0.5624798117708448, 0.1539115060248899]",
d1-omni,ood_yelp_rating,44749,rating,score,2,3,"[""0"", ""1"", ""2"", ""3"", ""4""]","[0.010105850814579636, 0.058094019255680404, 0.17137112718773545, 0.4773778479558292, 0.2830511547861753]",
d1-omni,ood_yelp_rating,44968,rating,score,0,0,"[""0"", ""1"", ""2"", ""3"", ""4""]","[0.8760610763356286, 0.11002347545121695, 0.012464305390261771, 0.0014380435553952577, 1.3099267497473648e-05]",
d1-omni,ood_yelp_rating,44996,rating,score,2,3,"[""0"", ""1"", ""2"", ""3"", ""4""]","[6.824665378559964e-05, 0.0036873425007820644, 0.13090712867546445, 0.594199040758307, 0.27113824141166093]",
d1-omni,ood_yelp_rating,45042,rating,score,1,1,"[""0"", ""1"", ""2"", ""3"", ""4""]","[0.25130388096063583, 0.5626723756337593, 0.16747316688369426, 0.018271764707909383, 0.0002788118140013097]",
d1-omni,ood_yelp_rating,45073,rating,score,2,1,"[""0"", ""1"", ""2"", ""3"", ""4""]","[0.021050926508429244, 0.5219314746601944, 0.43519029456488395, 0.021776063585502558, 5.124068098979708e-05]",
d1-omni,ood_yelp_rating,45088,rating,score,2,1,"[""0"", ""1"", ""2"", ""3"", ""4""]","[0.19995954474466282, 0.6169310759344007, 0.1538857060409817, 0.024382000596032474, 0.004841672683922371]",
d1-omni,ood_yelp_rating,45141,rating,score,3,3,"[""0"", ""1"", ""2"", ""3"", ""4""]","[0.00014321367960064388, 0.016448274461361302, 0.43836945845851505, 0.48965162653722444, 0.055387426863298596]",
d1-omni,ood_yelp_rating,45175,rating,score,4,4,"[""0"", ""1"", ""2"", ""3"", ""4""]","[0.014155191350404092, 0.00036717712597193465, 0.008459604333936534, 0.06391254058864501, 0.9131054866010424]",
d1-omni,ood_yelp_rating,45184,rating,score,4,4,"[""0"", ""1"", ""2"", ""3"", ""4""]","[0.0011844119812727694, 0.00011920182240426552, 0.006211929297480492, 0.11234065641162133, 0.8801438004872212]",
d1-omni,ood_yelp_rating,45206,rating,score,2,2,"[""0"", ""1"", ""2"", ""3"", ""4""]","[0.0005694675214670512, 0.2026316780956993, 0.7072860976911571, 0.0852264733008999, 0.004286283390776629]",
d1-omni,ood_yelp_rating,45209,rating,score,2,2,"[""0"", ""1"", ""2"", ""3"", ""4""]","[0.00021036918930332664, 0.01281101599118015, 0.43082420856772335, 0.4060323742123748, 0.15012203203941835]",
d1-omni,ood_yelp_rating,45265,rating,score,2,1,"[""0"", ""1"", ""2"", ""3"", ""4""]","[0.14195225753261673, 0.4658857650443951, 0.32426577363007236, 0.06295376018445553, 0.004942443608460262]",
d1-omni,ood_yelp_rating,45286,rating,score,1,1,"[""0"", ""1"", ""2"", ""3"", ""4""]","[0.01647828390845368, 0.6556612483034834, 0.3172726444363041, 0.010526226271142938, 6.159708061586377e-05]",
d1-omni,ood_yelp_rating,45425,rating,score,0,1,"[""0"", ""1"", ""2"", ""3"", ""4""]","[0.0981363850995535, 0.7553093228201953, 0.1421953401085462, 0.004311476716998016, 4.747525470703212e-05]",
d1-omni,ood_yelp_rating,45459,rating,score,3,3,"[""0"", ""1"", ""2"", ""3"", ""4""]","[0.003456014405116288, 0.0388360391958566, 0.15732882752087962, 0.5245770161026237, 0.27580210277552375]",
d1-omni,ood_yelp_rating,45465,rating,score,1,1,"[""0"", ""1"", ""2"", ""3"", ""4""]","[0.026679933568088964, 0.7439020414632194, 0.22546570422995285, 0.003805925674846874, 0.00014639506389191494]",
d1-omni,ood_yelp_rating,45466,rating,score,0,0,"[""0"", ""1"", ""2"", ""3"", ""4""]","[0.666077042040092, 0.27757311878124497, 0.0559578372054164, 0.0003620617339920062, 2.9940239254580938e-05]",
d1-omni,ood_yelp_rating,45533,rating,score,2,3,"[""0"", ""1"", ""2"", ""3"", ""4""]","[0.04619939476472189, 0.20118113836405724, 0.15557044007784024, 0.38666420067338125, 0.21038482611999937]",
d1-omni,ood_yelp_rating,45563,rating,score,1,2,"[""0"", ""1"", ""2"", ""3"", ""4""]","[0.0027279867793167704, 0.2924633872054805, 0.689732312483295, 0.015036208908497073, 4.010462341065135e-05]",
d1-omni,ood_yelp_rating,45599,rating,score,3,3,"[""0"", ""1"", ""2"", ""3"", ""4""]","[0.00015288522574186168, 0.02592067163569419, 0.20512289739861173, 0.5301475976453155, 0.2386559480946367]",
d1-omni,ood_yelp_rating,45644,rating,score,3,3,"[""0"", ""1"", ""2"", ""3"", ""4""]","[7.256167937216616e-05, 0.001332405874936017, 0.019698491863360562, 0.7706309173478935, 0.20826562323443779]",
d1-omni,ood_yelp_rating,45775,rating,score,2,3,"[""0"", ""1"", ""2"", ""3"", ""4""]","[0.00014633081544527038, 0.0035470940877320328, 0.13651394936031952, 0.6047902147986732, 0.25500241093782994]",
d1-omni,ood_yelp_rating,45858,rating,score,3,3,"[""0"", ""1"", ""2"", ""3"", ""4""]","[0.0015159970186589685, 0.0037828679870323748, 0.06961950783754986, 0.6747834206607499, 0.25029820649600887]",
d1-omni,ood_yelp_rating,45922,rating,score,1,1,"[""0"", ""1"", ""2"", ""3"", ""4""]","[0.07244158896273173, 0.4788030131517938, 0.4209839477926525, 0.027527129677341472, 0.00024432041548049665]",
d1-omni,ood_yelp_rating,45952,rating,score,4,4,"[""0"", ""1"", ""2"", ""3"", ""4""]","[0.0006066113790733059, 0.002119022013437336, 0.02940874117252992, 0.326763245257865, 0.6411023801770944]",
d1-omni,ood_yelp_rating,45968,rating,score,4,4,"[""0"", ""1"", ""2"", ""3"", ""4""]","[0.00017408270005916815, 0.00043340895545007906, 0.15540902199410153, 0.363419445672763, 0.4805640406776262]",
d1-omni,ood_yelp_rating,45971,rating,score,2,1,"[""0"", ""1"", ""2"", ""3"", ""4""]","[0.226056464519479, 0.448553160948442, 0.23703280852913608, 0.08545203244321321, 0.0029055335597297106]",
d1-omni,ood_yelp_rating,45984,rating,score,1,1,"[""0"", ""1"", ""2"", ""3"", ""4""]","[0.23792939071662927, 0.5618348761041553, 0.19994710540081656, 0.0002668572726761496, 2.1770505722725802e-05]",
d1-omni,ood_yelp_rating,46017,rating,score,0,0,"[""0"", ""1"", ""2"", ""3"", ""4""]","[0.9346315235117071, 0.059061571727459815, 0.005879025512789415, 0.0004085786076108111, 1.9300640432877904e-05]",
d1-omni,ood_yelp_rating,46063,rating,score,4,4,"[""0"", ""1"", ""2"", ""3"", ""4""]","[0.011740351688162514, 0.003732947524896475, 0.024970655539920252, 0.25022258632173744, 0.7093334589252833]",
d1-omni,ood_yelp_rating,46067,rating,score,3,3,"[""0"", ""1"", ""2"", ""3"", ""4""]","[2.4627295827833906e-05, 0.0035529432514524576, 0.0840945992725337, 0.6600569516693989, 0.2522708785107871]",
d1-omni,ood_yelp_rating,46092,rating,score,0,1,"[""0"", ""1"", ""2"", ""3"", ""4""]","[0.3174366709759981, 0.5588367085305761, 0.10253963057872134, 0.021087076892240455, 9.991302246406939e-05]",
d1-omni,ood_yelp_rating,46095,rating,score,0,0,"[""0"", ""1"", ""2"", ""3"", ""4""]","[0.7370706102025374, 0.24831703491098142, 0.014515835840223116, 8.926918110284651e-05, 7.249865155253127e-06]",
d1-omni,ood_yelp_rating,46156,rating,score,2,2,"[""0"", ""1"", ""2"", ""3"", ""4""]","[3.493366338662036e-05, 0.028963540574631953, 0.8939377324179816, 0.07698919843452823, 7.459490947158822e-05]",
d1-omni,ood_yelp_rating,46161,rating,score,3,2,"[""0"", ""1"", ""2"", ""3"", ""4""]","[0.06728787820470152, 0.1736382122879954, 0.3467858485398568, 0.24035658300454293, 0.17193147796290334]",
d1-omni,ood_yelp_rating,46162,rating,score,4,4,"[""0"", ""1"", ""2"", ""3"", ""4""]","[0.0013584160769608245, 0.00019052603104873552, 0.012415722145631147, 0.10646592141177912, 0.8795694143345801]",
d1-omni,ood_yelp_rating,46179,rating,score,4,4,"[""0"", ""1"", ""2"", ""3"", ""4""]","[0.003962703195651791, 0.0004629011553445734, 0.03238869205622581, 0.30261672661649186, 0.6605689769762859]",
d1-omni,ood_yelp_rating,46329,rating,score,3,3,"[""0"", ""1"", ""2"", ""3"", ""4""]","[6.194692063227745e-05, 0.00024007656449400344, 0.06700184896051567, 0.6044882495118865, 0.3282078780424715]",
d1-omni,ood_yelp_rating,46455,rating,score,2,1,"[""0"", ""1"", ""2"", ""3"", ""4""]","[0.0071405512949934205, 0.4821623906975231, 0.4690094038093529, 0.04089752995551694, 0.0007901242426136743]",
d1-omni,ood_yelp_rating,46535,rating,score,3,3,"[""0"", ""1"", ""2"", ""3"", ""4""]","[0.004071726870618978, 0.028672411623948832, 0.24004043292195842, 0.4497798318307964, 0.27743559675267737]",
d1-omni,ood_yelp_rating,46556,rating,score,2,2,"[""0"", ""1"", ""2"", ""3"", ""4""]","[0.00015540912128442482, 0.053536506986808695, 0.7764467956648172, 0.16254492856941227, 0.007316359657677426]",
d1-omni,ood_yelp_rating,46577,rating,score,1,0,"[""0"", ""1"", ""2"", ""3"", ""4""]","[0.7540105142360416, 0.20342913693909248, 0.037495658582975495, 0.003999546253578595, 0.0010651439883118466]",
d1-omni,ood_yelp_rating,46780,rating,score,4,3,"[""0"", ""1"", ""2"", ""3"", ""4""]","[2.918856790586255e-05, 0.0005396143255651222, 0.06745124988823221, 0.5872829291750665, 0.34469701804323033]",
d1-omni,ood_yelp_rating,46854,rating,score,3,2,"[""0"", ""1"", ""2"", ""3"", ""4""]","[0.00458410924841077, 0.09608795153783434, 0.530667941863293, 0.2931302980157069, 0.07552969933475501]",
d1-omni,ood_yelp_rating,46899,rating,score,1,1,"[""0"", ""1"", ""2"", ""3"", ""4""]","[0.244935991079157, 0.5484145321745982, 0.2001778050243559, 0.0064183753429091365, 5.32963789797075e-05]",
d1-omni,ood_yelp_rating,46917,rating,score,4,4,"[""0"", ""1"", ""2"", ""3"", ""4""]","[0.10818153055555586, 0.03202400562041969, 0.04306980370366107, 0.2042970997834228, 0.6124275603369406]",
d1-omni,ood_yelp_rating,46933,rating,score,0,0,"[""0"", ""1"", ""2"", ""3"", ""4""]","[0.9563612216602717, 0.03810738722235265, 0.005361406528008649, 0.00015799369223206382, 1.1990897134906034e-05]",
d1-omni,ood_yelp_rating,46968,rating,score,1,1,"[""0"", ""1"", ""2"", ""3"", ""4""]","[0.22668314737478076, 0.6008578739648464, 0.16146989706226864, 0.00904522307635972, 0.0019438585217445385]",
d1-omni,ood_yelp_rating,47051,rating,score,4,4,"[""0"", ""1"", ""2"", ""3"", ""4""]","[0.010617536027893244, 0.02153679447972277, 0.03559208132994564, 0.3273324525126952, 0.6049211356497431]",
d1-omni,ood_yelp_rating,47062,rating,score,4,4,"[""0"", ""1"", ""2"", ""3"", ""4""]","[0.0002331139023944264, 1.3863740123557823e-05, 0.004627284595189212, 0.1148573715463337, 0.880268366215959]",
d1-omni,ood_yelp_rating,47063,rating,score,1,1,"[""0"", ""1"", ""2"", ""3"", ""4""]","[0.019903546430910316, 0.6125767898347321, 0.3499323170391414, 0.015561466286441616, 0.0020258804087746004]",
d1-omni,ood_yelp_rating,47093,rating,score,3,3,"[""0"", ""1"", ""2"", ""3"", ""4""]","[0.0002686272092880151, 0.0016954267622809954, 0.21652135239931666, 0.6980972170230199, 0.0834173766060945]",
d1-omni,ood_yelp_rating,47116,rating,score,0,0,"[""0"", ""1"", ""2"", ""3"", ""4""]","[0.7057532193842291, 0.2641608239516109, 0.02687240770178645, 0.003048289595215445, 0.00016525936715817432]",
d1-omni,ood_yelp_rating,47169,rating,score,2,3,"[""0"", ""1"", ""2"", ""3"", ""4""]","[3.692532590480834e-05, 0.02670599149219555, 0.43952250420755673, 0.5004523646381102, 0.03328221433623279]",
d1-omni,ood_yelp_rating,47234,rating,score,3,4,"[""0"", ""1"", ""2"", ""3"", ""4""]","[0.00036858262014344127, 0.000600252261020663, 0.04895464483646732, 0.45520777930455336, 0.4948687409778152]",
d1-omni,ood_yelp_rating,47252,rating,score,3,4,"[""0"", ""1"", ""2"", ""3"", ""4""]","[0.0007811759705419713, 0.0015980228762166528, 0.03744653980326971, 0.4304043645366042, 0.5297698968133675]",
d1-omni,ood_yelp_rating,47278,rating,score,4,2,"[""0"", ""1"", ""2"", ""3"", ""4""]","[0.07706651434700489, 0.12260023610143622, 0.45480293643757286, 0.2665258208984081, 0.07900449221557791]",
d1-omni,ood_yelp_rating,47283,rating,score,0,0,"[""0"", ""1"", ""2"", ""3"", ""4""]","[0.8117200277561993, 0.16744766191495805, 0.020795692456209224, 2.729833642549907e-05, 9.319536207874738e-06]",
d1-omni,ood_yelp_rating,47286,rating,score,0,0,"[""0"", ""1"", ""2"", ""3"", ""4""]","[0.9140819803684805, 0.07724948381270673, 0.00850697914226815, 0.0001432056923929975, 1.835098415161891e-05]",
d1-omni,ood_yelp_rating,47326,rating,score,0,0,"[""0"", ""1"", ""2"", ""3"", ""4""]","[0.8598142921548364, 0.11277582574090421, 0.027113301866262325, 0.0002808980954137243, 1.5682142583297308e-05]",
d1-omni,ood_yelp_rating,47327,rating,score,4,4,"[""0"", ""1"", ""2"", ""3"", ""4""]","[0.08116236741548016, 0.0506599561972189, 0.04571404865810821, 0.17791660891069958, 0.6445470188184932]",
d1-omni,ood_yelp_rating,47416,rating,score,3,3,"[""0"", ""1"", ""2"", ""3"", ""4""]","[0.00010514567926501809, 0.0036085506735848466, 0.21315555451910734, 0.6841490921700211, 0.09898165695802175]",
d1-omni,ood_yelp_rating,47423,rating,score,3,3,"[""0"", ""1"", ""2"", ""3"", ""4""]","[4.0204603665305795e-05, 0.009826653908220845, 0.34689984683038033, 0.5592300450184788, 0.0840032496392547]",
d1-omni,ood_yelp_rating,47431,rating,score,1,0,"[""0"", ""1"", ""2"", ""3"", ""4""]","[0.633893516733847, 0.35163546774339316, 0.014408349247384388, 4.9487073913406085e-05, 1.317920146201794e-05]",
d1-omni,ood_yelp_rating,47432,rating,score,4,4,"[""0"", ""1"", ""2"", ""3"", ""4""]","[5.079417417926378e-05, 0.00011450170999340252, 0.010635950987988935, 0.3085082611042051, 0.6806904920236333]",
d1-omni,ood_yelp_rating,47450,rating,score,3,4,"[""0"", ""1"", ""2"", ""3"", ""4""]","[0.0014030641871856386, 0.001129651730892014, 0.031882034329448895, 0.37534384796409115, 0.5902414017883822]",
d1-omni,ood_yelp_rating,47627,rating,score,0,0,"[""0"", ""1"", ""2"", ""3"", ""4""]","[0.7324892405918587, 0.24242468586784943, 0.023920899660157764, 0.0009834892282215954, 0.0001816846519125222]",
d1-omni,ood_yelp_rating,47685,rating,score,4,3,"[""0"", ""1"", ""2"", ""3"", ""4""]","[0.002823148431798396, 0.014873686475135225, 0.06853041903185836, 0.46848887925042443, 0.4452838668107836]",
d1-omni,ood_yelp_rating,47777,rating,score,4,3,"[""0"", ""1"", ""2"", ""3"", ""4""]","[2.6710941810807666e-05, 1.7315045100039066e-05, 0.030967674210816122, 0.5090855205728221, 0.45990277922945094]",
d1-omni,ood_yelp_rating,47790,rating,score,2,1,"[""0"", ""1"", ""2"", ""3"", ""4""]","[0.10304678774999218, 0.6022739292609016, 0.23214360617565388, 0.05787263324919595, 0.00466304356425636]",
d1-omni,ood_yelp_rating,47921,rating,score,1,1,"[""0"", ""1"", ""2"", ""3"", ""4""]","[0.28390415825411297, 0.49002673052536794, 0.20647535725410002, 0.01927930629436651, 0.0003144476720525682]",
d1-omni,ood_yelp_rating,47928,rating,score,3,3,"[""0"", ""1"", ""2"", ""3"", ""4""]","[4.562823057351724e-05, 0.0025158849186125683, 0.37020479180356475, 0.553636990984007, 0.07359670406324226]",
d1-omni,ood_yelp_rating,47980,rating,score,2,2,"[""0"", ""1"", ""2"", ""3"", ""4""]","[3.510912911073534e-05, 0.025536168167121325, 0.865574114711296, 0.1072853795250958, 0.0015692284673761506]",
d1-omni,ood_yelp_rating,47984,rating,score,2,2,"[""0"", ""1"", ""2"", ""3"", ""4""]","[0.010520337352040316, 0.3131818533633427, 0.6413887266616408, 0.03475248880535281, 0.00015659381762341394]",
d1-omni,ood_yelp_rating,48050,rating,score,3,3,"[""0"", ""1"", ""2"", ""3"", ""4""]","[0.00017671422599089453, 0.0032375771930641273, 0.07455559161998303, 0.8112154101750053, 0.11081470678595666]",
d1-omni,ood_yelp_rating,48072,rating,score,2,2,"[""0"", ""1"", ""2"", ""3"", ""4""]","[0.0023596716984110692, 0.1275282450554111, 0.612302707702687, 0.23428370357608766, 0.023525671967403128]",
d1-omni,ood_yelp_rating,48112,rating,score,2,1,"[""0"", ""1"", ""2"", ""3"", ""4""]","[0.06477837954922201, 0.5378929927249856, 0.39145648149068063, 0.005751618135604971, 0.00012052809950682716]",
d1-omni,ood_yelp_rating,48159,rating,score,4,4,"[""0"", ""1"", ""2"", ""3"", ""4""]","[0.0002811684594993955, 0.00010271673841108024, 0.01069358069335831, 0.1311902946701634, 0.8577322394385678]",
d1-omni,ood_yelp_rating,48217,rating,score,3,3,"[""0"", ""1"", ""2"", ""3"", ""4""]","[0.016810309454990728, 0.07780392612896722, 0.28927708210939695, 0.4191499132504671, 0.19695876905617804]",
d1-omni,ood_yelp_rating,48224,rating,score,4,4,"[""0"", ""1"", ""2"", ""3"", ""4""]","[0.004247831659457592, 0.0004840364578211408, 0.04149853450941285, 0.37588045116989316, 0.5778891462034152]",
d1-omni,ood_yelp_rating,48231,rating,score,1,1,"[""0"", ""1"", ""2"", ""3"", ""4""]","[0.044918505500920684, 0.6466959986798938, 0.2965959733261405, 0.011781595211380724, 7.927281664231696e-06]",
d1-omni,ood_yelp_rating,48391,rating,score,1,2,"[""0"", ""1"", ""2"", ""3"", ""4""]","[0.0750905029448717, 0.26171304995676725, 0.5680715868451719, 0.07891454312459996, 0.01621031712858924]",
d1-omni,ood_yelp_rating,48480,rating,score,0,1,"[""0"", ""1"", ""2"", ""3"", ""4""]","[0.3378956456883539, 0.6170841761055814, 0.04283752090766267, 0.0020885652810762345, 9.409201732573813e-05]",
d1-omni,ood_yelp_rating,48533,rating,score,1,1,"[""0"", ""1"", ""2"", ""3"", ""4""]","[0.2591647406045875, 0.5132334034862416, 0.20990220394769235, 0.01757448844048562, 0.00012516352099290308]",
d1-omni,ood_yelp_rating,48636,rating,score,1,1,"[""0"", ""1"", ""2"", ""3"", ""4""]","[0.05202150392612952, 0.9291811740086106, 0.012160565755263976, 0.005268171855261464, 0.0013685844547345317]",
d1-omni,ood_yelp_rating,48698,rating,score,4,3,"[""0"", ""1"", ""2"", ""3"", ""4""]","[0.0012501533470709156, 0.006439360147243558, 0.11522768209253642, 0.4541295374324396, 0.4229532669807095]",
d1-omni,ood_yelp_rating,48802,rating,score,0,0,"[""0"", ""1"", ""2"", ""3"", ""4""]","[0.761255565825398, 0.20411256050075122, 0.034025393583747336, 0.0005799371310316932, 2.6542959071725277e-05]",
d1-omni,ood_yelp_rating,48847,rating,score,0,1,"[""0"", ""1"", ""2"", ""3"", ""4""]","[0.22957571011205932, 0.38511860639638223, 0.34855109696661424, 0.035834457975587285, 0.0009201285493569114]",
d1-omni,ood_yelp_rating,48854,rating,score,0,0,"[""0"", ""1"", ""2"", ""3"", ""4""]","[0.4966914593181907, 0.47422602194158764, 0.028879755755594448, 0.00018372203115682412, 1.9040953470343675e-05]",
d1-omni,ood_yelp_rating,48857,rating,score,4,4,"[""0"", ""1"", ""2"", ""3"", ""4""]","[0.0015952298328430934, 4.3634099467056346e-05, 0.001142093206884822, 0.021001182379041645, 0.9762178604817634]",
d1-omni,ood_yelp_rating,48888,rating,score,4,4,"[""0"", ""1"", ""2"", ""3"", ""4""]","[0.00014613869134057886, 0.000901755764738323, 0.048942041452319764, 0.34737578938551644, 0.6026342747060849]",
d1-omni,ood_yelp_rating,48910,rating,score,4,4,"[""0"", ""1"", ""2"", ""3"", ""4""]","[0.0013400555485549514, 0.00016941004312753913, 0.01737990307586157, 0.18566771677018368, 0.7954429145622722]",
d1-omni,ood_yelp_rating,49008,rating,score,4,4,"[""0"", ""1"", ""2"", ""3"", ""4""]","[0.007463950305810719, 0.006146690979083455, 0.07141080901244966, 0.3149420169931707, 0.6000365327094854]",
d1-omni,ood_yelp_rating,49029,rating,score,3,3,"[""0"", ""1"", ""2"", ""3"", ""4""]","[5.674723058450586e-05, 0.0018954813725257764, 0.12752274470096547, 0.7114657605105875, 0.1590592661853367]",
d1-omni,ood_yelp_rating,49158,rating,score,4,4,"[""0"", ""1"", ""2"", ""3"", ""4""]","[0.0002318337438053495, 0.00026787483732535443, 0.057113452042642586, 0.3742562068883177, 0.568130632487909]",
d1-omni,ood_yelp_rating,49228,rating,score,3,3,"[""0"", ""1"", ""2"", ""3"", ""4""]","[0.0016494682130232204, 0.008419788816145175, 0.06360721166798572, 0.5897888150543631, 0.33653471624848275]",
d1-omni,ood_yelp_rating,49261,rating,score,2,2,"[""0"", ""1"", ""2"", ""3"", ""4""]","[0.00688348767071736, 0.06851148422980356, 0.88306201796516, 0.04089852758379551, 0.0006444825505235278]",
d1-omni,ood_yelp_rating,49281,rating,score,3,3,"[""0"", ""1"", ""2"", ""3"", ""4""]","[0.0012528982137820937, 0.03493386784399335, 0.17375112596692477, 0.5994589165466155, 0.19060319142868432]",
d1-omni,ood_yelp_rating,49332,rating,score,2,3,"[""0"", ""1"", ""2"", ""3"", ""4""]","[1.7667015435015623e-05, 0.004441705272251024, 0.3733572834648099, 0.5483568564490241, 0.07382648779847996]",
d1-omni,ood_yelp_rating,49341,rating,score,4,4,"[""0"", ""1"", ""2"", ""3"", ""4""]","[0.0025053631073958674, 8.246677095851783e-05, 0.007346879393750304, 0.07791214857601486, 0.9121531421518805]",
d1-omni,ood_yelp_rating,49455,rating,score,2,3,"[""0"", ""1"", ""2"", ""3"", ""4""]","[0.012426906624095612, 0.07387667362594687, 0.3670269952880562, 0.37838632960801594, 0.16828309485388543]",
d1-omni,ood_yelp_rating,49574,rating,score,4,3,"[""0"", ""1"", ""2"", ""3"", ""4""]","[0.00039295123099693973, 0.01363901936429614, 0.14658068650750772, 0.6538017628678234, 0.18558558002937572]",
d1-omni,ood_yelp_rating,49743,rating,score,4,4,"[""0"", ""1"", ""2"", ""3"", ""4""]","[0.005260456616996009, 0.002240657487486376, 0.008272249865131167, 0.07301470356820475, 0.9112119324621817]",
d1-omni,ood_yelp_rating,49818,rating,score,2,2,"[""0"", ""1"", ""2"", ""3"", ""4""]","[0.0006082673687256443, 0.09572318034713842, 0.5713174246669483, 0.21366102632823764, 0.11869010128895]",
d1-omni,ood_yelp_rating,49882,rating,score,1,0,"[""0"", ""1"", ""2"", ""3"", ""4""]","[0.4643136386865527, 0.45446060384433784, 0.07352540366407717, 0.007521887959208349, 0.00017846584582398617]",
d1-omni,ood_yelp_rating,49915,rating,score,0,0,"[""0"", ""1"", ""2"", ""3"", ""4""]","[0.8980273936400139, 0.09176749466254518, 0.009591655523691733, 0.0005801761701550866, 3.328000359408547e-05]",
