model,domain,row_id,question,qtype,gold_idx,pred_idx,labels_json,probs_json,gold_probs_json
d1-3b,typed_agent_trace_observability,agent_trace_observability_000000,action,choice,0,0,"[""continue"", ""human_review"", ""observe"", ""stop""]","[0.7895742431612763, 0.07007869798521106, 0.04152025446107213, 0.09882680439244058]","[0.583333, 0.29, 0.09, 0.036667]"
d1-3b,typed_agent_trace_observability,agent_trace_observability_000000,needs_review,noul,0,0,"[""false"", ""true""]","[0.9381240142763573, 0.061875985723642724]","[0.643333, 0.356667]"
d1-3b,typed_agent_trace_observability,agent_trace_observability_000000,outcome,choice,3,3,"[""failure"", ""harmful"", ""partial"", ""success""]","[0.24522325941127615, 0.010280964293525353, 0.3004538180587285, 0.44404195823647]","[0.073333, 0.003333, 0.316667, 0.606667]"
d1-3b,typed_agent_trace_observability,agent_trace_observability_000000,risk,score,1,1,"[""0"", ""1"", ""2"", ""3""]","[0.31056646509038666, 0.4589874817112756, 0.07670450459711917, 0.1537415486012185]","[0.3, 0.616667, 0.076667, 0.006667]"
d1-3b,typed_agent_trace_observability,agent_trace_observability_000000,urgency,score,0,1,"[""0"", ""1"", ""2"", ""3""]","[0.21272917480227235, 0.5873640863617753, 0.08867871345261771, 0.11122802538333477]","[0.533333, 0.383333, 0.076667, 0.006667]"
d1-3b,typed_agent_trace_observability,agent_trace_observability_000001,action,choice,2,0,"[""continue"", ""human_review"", ""observe"", ""stop""]","[0.6331952916908236, 0.13272494342885752, 0.16135249670782048, 0.07272726817249851]","[0.333333, 0.186667, 0.433333, 0.046667]"
d1-3b,typed_agent_trace_observability,agent_trace_observability_000001,needs_review,noul,0,1,"[""false"", ""true""]","[0.3486451353339458, 0.6513548646660542]","[0.75, 0.25]"
d1-3b,typed_agent_trace_observability,agent_trace_observability_000001,outcome,choice,3,0,"[""failure"", ""harmful"", ""partial"", ""success""]","[0.8721514936783625, 0.009101717573941272, 0.08771458052338527, 0.031032208224310985]","[0.123333, 0.01, 0.233333, 0.633333]"
d1-3b,typed_agent_trace_observability,agent_trace_observability_000001,risk,score,0,0,"[""0"", ""1"", ""2"", ""3""]","[0.8216598542358576, 0.11837132513798437, 0.035541517023760585, 0.02442730360239747]","[0.5, 0.45, 0.043333, 0.006667]"
d1-3b,typed_agent_trace_observability,agent_trace_observability_000001,urgency,score,1,3,"[""0"", ""1"", ""2"", ""3""]","[0.05994084805397245, 0.0227509797446756, 0.4193352461591563, 0.49797292604219573]","[0.433333, 0.433333, 0.113333, 0.02]"
d1-3b,typed_agent_trace_observability,agent_trace_observability_000002,action,choice,0,0,"[""continue"", ""human_review"", ""observe"", ""stop""]","[0.5515854341893058, 0.24861903354970125, 0.05813667704317209, 0.1416588552178209]","[0.383333, 0.27, 0.313333, 0.033333]"
d1-3b,typed_agent_trace_observability,agent_trace_observability_000002,needs_review,noul,0,1,"[""false"", ""true""]","[0.411110869232168, 0.588889130767832]","[0.593333, 0.406667]"
d1-3b,typed_agent_trace_observability,agent_trace_observability_000002,outcome,choice,2,2,"[""failure"", ""harmful"", ""partial"", ""success""]","[0.19084156655076093, 0.011460926899826258, 0.687246881460183, 0.1104506250892299]","[0.166667, 0.016667, 0.42, 0.396667]"
d1-3b,typed_agent_trace_observability,agent_trace_observability_000002,risk,score,1,0,"[""0"", ""1"", ""2"", ""3""]","[0.7673610162571438, 0.17391773094672738, 0.034246431748432386, 0.024474821047696476]","[0.383333, 0.533333, 0.083333, 0.0]"
d1-3b,typed_agent_trace_observability,agent_trace_observability_000002,urgency,score,1,1,"[""0"", ""1"", ""2"", ""3""]","[0.16031421738214674, 0.3556726367202003, 0.3447297401030494, 0.1392834057946035]","[0.066667, 0.6, 0.283333, 0.05]"
d1-3b,typed_agent_trace_observability,agent_trace_observability_000003,action,choice,1,0,"[""continue"", ""human_review"", ""observe"", ""stop""]","[0.70985664879689, 0.15472131742199857, 0.05388962894716888, 0.08153240483394247]","[0.333333, 0.333333, 0.283333, 0.05]"
d1-3b,typed_agent_trace_observability,agent_trace_observability_000003,needs_review,noul,0,0,"[""false"", ""true""]","[0.7772998611746912, 0.22270013882530884]","[0.6, 0.4]"
d1-3b,typed_agent_trace_observability,agent_trace_observability_000003,outcome,choice,2,2,"[""failure"", ""harmful"", ""partial"", ""success""]","[0.20075334512926624, 0.012634763411933153, 0.6135516905933186, 0.17306020086548202]","[0.183333, 0.0, 0.466667, 0.35]"
d1-3b,typed_agent_trace_observability,agent_trace_observability_000003,risk,score,1,0,"[""0"", ""1"", ""2"", ""3""]","[0.8221398230487821, 0.12220017534316155, 0.026634915866940057, 0.029025085741116338]","[0.35, 0.566667, 0.076667, 0.006667]"
d1-3b,typed_agent_trace_observability,agent_trace_observability_000003,urgency,score,1,1,"[""0"", ""1"", ""2"", ""3""]","[0.2790212214870025, 0.4389619967701321, 0.22072395350520058, 0.06129282823766485]","[0.2, 0.633333, 0.15, 0.016667]"
d1-3b,typed_agent_trace_observability,agent_trace_observability_000004,action,choice,0,0,"[""continue"", ""human_review"", ""observe"", ""stop""]","[0.46843608760406397, 0.28634923668672607, 0.07017289835499382, 0.1750417773542162]","[0.383333, 0.216667, 0.366667, 0.033333]"
d1-3b,typed_agent_trace_observability,agent_trace_observability_000004,needs_review,noul,0,1,"[""false"", ""true""]","[0.4301473485858429, 0.5698526514141571]","[0.7, 0.3]"
d1-3b,typed_agent_trace_observability,agent_trace_observability_000004,outcome,choice,3,0,"[""failure"", ""harmful"", ""partial"", ""success""]","[0.7926882353101924, 0.0121307372290719, 0.15010987087121103, 0.04507115658952482]","[0.35, 0.016667, 0.266667, 0.366667]"
d1-3b,typed_agent_trace_observability,agent_trace_observability_000004,risk,score,0,0,"[""0"", ""1"", ""2"", ""3""]","[0.8507884993378843, 0.12066746821077354, 0.018943787962220793, 0.009600244489121498]","[0.716667, 0.266667, 0.016667, 0.0]"
d1-3b,typed_agent_trace_observability,agent_trace_observability_000004,urgency,score,0,2,"[""0"", ""1"", ""2"", ""3""]","[0.05163799454655441, 0.05454059190046525, 0.5297380981365853, 0.364083315416395]","[0.733333, 0.233333, 0.033333, 0.0]"
d1-3b,typed_agent_trace_observability,agent_trace_observability_000005,action,choice,0,0,"[""continue"", ""human_review"", ""observe"", ""stop""]","[0.5385164358592304, 0.21088606634041013, 0.09141234341893702, 0.1591851543814226]","[0.6, 0.083333, 0.316667, 0.0]"
d1-3b,typed_agent_trace_observability,agent_trace_observability_000005,needs_review,noul,0,0,"[""false"", ""true""]","[0.6039318337259583, 0.3960681662740417]","[0.85, 0.15]"
d1-3b,typed_agent_trace_observability,agent_trace_observability_000005,outcome,choice,3,2,"[""failure"", ""harmful"", ""partial"", ""success""]","[0.2823493670580139, 0.019516693854335774, 0.6215446150295636, 0.07658932405808679]","[0.05, 0.0, 0.15, 0.8]"
d1-3b,typed_agent_trace_observability,agent_trace_observability_000005,risk,score,1,1,"[""0"", ""1"", ""2"", ""3""]","[0.3229591424081774, 0.46261761213340985, 0.07552024916294506, 0.13890299629546776]","[0.166667, 0.716667, 0.1, 0.016667]"
d1-3b,typed_agent_trace_observability,agent_trace_observability_000005,urgency,score,0,1,"[""0"", ""1"", ""2"", ""3""]","[0.22450648659013164, 0.4002260851307081, 0.19203057425507564, 0.1832368540240844]","[0.4, 0.316667, 0.25, 0.033333]"
d1-3b,typed_agent_trace_observability,agent_trace_observability_000006,action,choice,1,1,"[""continue"", ""human_review"", ""observe"", ""stop""]","[0.10580610812150976, 0.44199375387583567, 0.04342273928161272, 0.40877739872104196]","[0.01, 0.533333, 0.14, 0.316667]"
d1-3b,typed_agent_trace_observability,agent_trace_observability_000006,needs_review,noul,1,1,"[""false"", ""true""]","[0.2909808662149068, 0.7090191337850932]","[0.1, 0.9]"
d1-3b,typed_agent_trace_observability,agent_trace_observability_000006,outcome,choice,2,1,"[""failure"", ""harmful"", ""partial"", ""success""]","[0.2824272331669165, 0.5573026422330573, 0.12052514889726912, 0.03974497570275711]","[0.233333, 0.333333, 0.383333, 0.05]"
d1-3b,typed_agent_trace_observability,agent_trace_observability_000006,risk,score,2,2,"[""0"", ""1"", ""2"", ""3""]","[0.030708093108014235, 0.04132225591680907, 0.5073564120719752, 0.42061323890320146]","[0.006667, 0.06, 0.516667, 0.416667]"
d1-3b,typed_agent_trace_observability,agent_trace_observability_000006,urgency,score,3,2,"[""0"", ""1"", ""2"", ""3""]","[0.04494307634272255, 0.0525437795798812, 0.47942344172693224, 0.423089702350464]","[0.033333, 0.133333, 0.4, 0.433333]"
d1-3b,typed_agent_trace_observability,agent_trace_observability_000007,action,choice,2,0,"[""continue"", ""human_review"", ""observe"", ""stop""]","[0.6650593064644681, 0.18040218496465685, 0.04597056127480876, 0.10856794729606625]","[0.15, 0.35, 0.45, 0.05]"
d1-3b,typed_agent_trace_observability,agent_trace_observability_000007,needs_review,noul,1,1,"[""false"", ""true""]","[0.4610167793123159, 0.5389832206876841]","[0.483333, 0.516667]"
d1-3b,typed_agent_trace_observability,agent_trace_observability_000007,outcome,choice,2,2,"[""failure"", ""harmful"", ""partial"", ""success""]","[0.18656524008856973, 0.012597123455624151, 0.6022399721548437, 0.19859766430096254]","[0.156667, 0.01, 0.55, 0.283333]"
d1-3b,typed_agent_trace_observability,agent_trace_observability_000007,risk,score,1,0,"[""0"", ""1"", ""2"", ""3""]","[0.5332247125535243, 0.41527582368970956, 0.03462472197440871, 0.01687474178235754]","[0.366667, 0.5, 0.1, 0.033333]"
d1-3b,typed_agent_trace_observability,agent_trace_observability_000007,urgency,score,1,1,"[""0"", ""1"", ""2"", ""3""]","[0.18060005589927688, 0.42652029487584014, 0.29314282585492896, 0.0997368233699541]","[0.116667, 0.466667, 0.333333, 0.083333]"
d1-3b,typed_agent_trace_observability,agent_trace_observability_000008,action,choice,1,3,"[""continue"", ""human_review"", ""observe"", ""stop""]","[0.04181219607494447, 0.4125059249147829, 0.03230996088117429, 0.5133719181290983]","[0.05, 0.533333, 0.183333, 0.233333]"
d1-3b,typed_agent_trace_observability,agent_trace_observability_000008,needs_review,noul,1,1,"[""false"", ""true""]","[0.12252321251815934, 0.8774767874818407]","[0.266667, 0.733333]"
d1-3b,typed_agent_trace_observability,agent_trace_observability_000008,outcome,choice,1,1,"[""failure"", ""harmful"", ""partial"", ""success""]","[0.23619280067906037, 0.5984457774788517, 0.15369358669195354, 0.011667835150134327]","[0.25, 0.466667, 0.233333, 0.05]"
d1-3b,typed_agent_trace_observability,agent_trace_observability_000008,risk,score,3,2,"[""0"", ""1"", ""2"", ""3""]","[0.06212598751591827, 0.09473081847371778, 0.4380308667471743, 0.4051123272631897]","[0.01, 0.09, 0.35, 0.55]"
d1-3b,typed_agent_trace_observability,agent_trace_observability_000008,urgency,score,3,2,"[""0"", ""1"", ""2"", ""3""]","[0.044785078413012894, 0.09705836637992697, 0.45586080594812367, 0.40229574925893646]","[0.05, 0.133333, 0.383333, 0.433333]"
d1-3b,typed_agent_trace_observability,agent_trace_observability_000009,action,choice,1,3,"[""continue"", ""human_review"", ""observe"", ""stop""]","[0.04252993037741703, 0.28837755378746643, 0.06334814168504564, 0.6057443741500709]","[0.016667, 0.583333, 0.083333, 0.316667]"
d1-3b,typed_agent_trace_observability,agent_trace_observability_000009,needs_review,noul,1,1,"[""false"", ""true""]","[0.11596071825396681, 0.8840392817460332]","[0.106667, 0.893333]"
d1-3b,typed_agent_trace_observability,agent_trace_observability_000009,outcome,choice,1,1,"[""failure"", ""harmful"", ""partial"", ""success""]","[0.07275623502009382, 0.8261712753099869, 0.08707781177295916, 0.013994677896960187]","[0.15, 0.666667, 0.15, 0.033333]"
d1-3b,typed_agent_trace_observability,agent_trace_observability_000009,risk,score,3,2,"[""0"", ""1"", ""2"", ""3""]","[0.016863945824367187, 0.02673879373708959, 0.5005977877804867, 0.45579947265805654]","[0.0, 0.083333, 0.25, 0.666667]"
d1-3b,typed_agent_trace_observability,agent_trace_observability_000009,urgency,score,3,3,"[""0"", ""1"", ""2"", ""3""]","[0.025061339708542806, 0.056919552317704625, 0.43393246356102194, 0.4840866444127307]","[0.033333, 0.133333, 0.416667, 0.416667]"
d1-3b,typed_agent_trace_observability,agent_trace_observability_000010,action,choice,0,0,"[""continue"", ""human_review"", ""observe"", ""stop""]","[0.7179268991551917, 0.12475698837534771, 0.05939323031444443, 0.09792288215501618]","[0.833, 0.033333, 0.133667, 0.0]"
d1-3b,typed_agent_trace_observability,agent_trace_observability_000010,needs_review,noul,0,0,"[""false"", ""true""]","[0.8354835371034368, 0.1645164628965632]","[0.9, 0.1]"
d1-3b,typed_agent_trace_observability,agent_trace_observability_000010,outcome,choice,3,2,"[""failure"", ""harmful"", ""partial"", ""success""]","[0.2256069386632552, 0.010972111943077326, 0.562761984367281, 0.2006589650263865]","[0.033333, 0.0, 0.067, 0.899667]"
d1-3b,typed_agent_trace_observability,agent_trace_observability_000010,risk,score,1,0,"[""0"", ""1"", ""2"", ""3""]","[0.6235808572017586, 0.33903503138942914, 0.02201509687206324, 0.015369014536749014]","[0.366667, 0.583, 0.050333, 0.0]"
d1-3b,typed_agent_trace_observability,agent_trace_observability_000010,urgency,score,1,1,"[""0"", ""1"", ""2"", ""3""]","[0.2427078120951111, 0.48268212007388567, 0.18320546828149648, 0.0914045995495068]","[0.4, 0.566333, 0.033667, 0.0]"
d1-3b,typed_agent_trace_observability,agent_trace_observability_000011,action,choice,0,0,"[""continue"", ""human_review"", ""observe"", ""stop""]","[0.8046296700431411, 0.08749941733873316, 0.032441700066258246, 0.07542921255186733]","[0.78, 0.033333, 0.18, 0.006667]"
d1-3b,typed_agent_trace_observability,agent_trace_observability_000011,needs_review,noul,0,0,"[""false"", ""true""]","[0.9481545333502202, 0.05184546664977983]","[0.936667, 0.063333]"
d1-3b,typed_agent_trace_observability,agent_trace_observability_000011,outcome,choice,3,3,"[""failure"", ""harmful"", ""partial"", ""success""]","[0.1119636773095882, 0.006776677983623753, 0.16807738678353126, 0.7131822579232568]","[0.02, 0.006667, 0.116667, 0.856667]"
d1-3b,typed_agent_trace_observability,agent_trace_observability_000011,risk,score,0,0,"[""0"", ""1"", ""2"", ""3""]","[0.9398663612135114, 0.0467931907823926, 0.007881259264447934, 0.005459188739648012]","[0.643333, 0.3, 0.053333, 0.003333]"
d1-3b,typed_agent_trace_observability,agent_trace_observability_000011,urgency,score,0,1,"[""0"", ""1"", ""2"", ""3""]","[0.22395535021353252, 0.6686071731780474, 0.08048003993668015, 0.026957436671739964]","[0.61, 0.33, 0.053333, 0.006667]"
d1-3b,typed_agent_trace_observability,agent_trace_observability_000012,action,choice,2,0,"[""continue"", ""human_review"", ""observe"", ""stop""]","[0.40816977601672044, 0.1466788797117405, 0.05567302314923385, 0.3894783211223052]","[0.316667, 0.283333, 0.35, 0.05]"
d1-3b,typed_agent_trace_observability,agent_trace_observability_000012,needs_review,noul,0,0,"[""false"", ""true""]","[0.6001883592602049, 0.3998116407397951]","[0.616667, 0.383333]"
d1-3b,typed_agent_trace_observability,agent_trace_observability_000012,outcome,choice,3,1,"[""failure"", ""harmful"", ""partial"", ""success""]","[0.25715216007515, 0.36548691279581047, 0.2632503478141524, 0.11411057931488709]","[0.133333, 0.033333, 0.333333, 0.5]"
d1-3b,typed_agent_trace_observability,agent_trace_observability_000012,risk,score,2,2,"[""0"", ""1"", ""2"", ""3""]","[0.11642573132456567, 0.20755130670936595, 0.5217839275834221, 0.15423903438264647]","[0.1, 0.333333, 0.533333, 0.033333]"
d1-3b,typed_agent_trace_observability,agent_trace_observability_000012,urgency,score,2,1,"[""0"", ""1"", ""2"", ""3""]","[0.20539146440165443, 0.5943199083601258, 0.15263397586848015, 0.0476546513697396]","[0.333333, 0.233333, 0.35, 0.083333]"
d1-3b,typed_agent_trace_observability,agent_trace_observability_000013,action,choice,0,0,"[""continue"", ""human_review"", ""observe"", ""stop""]","[0.7091273119978636, 0.14864115953460152, 0.05136901018747707, 0.09086251828005781]","[0.4, 0.166667, 0.383333, 0.05]"
d1-3b,typed_agent_trace_observability,agent_trace_observability_000013,needs_review,noul,0,0,"[""false"", ""true""]","[0.672331699179286, 0.3276683008207139]","[0.766667, 0.233333]"
d1-3b,typed_agent_trace_observability,agent_trace_observability_000013,outcome,choice,2,2,"[""failure"", ""harmful"", ""partial"", ""success""]","[0.1936695185472311, 0.009794080707911509, 0.665493049525954, 0.1310433512189033]","[0.216667, 0.016667, 0.4, 0.366667]"
d1-3b,typed_agent_trace_observability,agent_trace_observability_000013,risk,score,0,0,"[""0"", ""1"", ""2"", ""3""]","[0.6468410652334451, 0.3202095468965362, 0.02128575597691378, 0.011663631893104938]","[0.516667, 0.416667, 0.063333, 0.003333]"
d1-3b,typed_agent_trace_observability,agent_trace_observability_000013,urgency,score,0,1,"[""0"", ""1"", ""2"", ""3""]","[0.15071259214317131, 0.4499446880777974, 0.29972777913299853, 0.09961494064603287]","[0.533333, 0.3, 0.143333, 0.023333]"
d1-3b,typed_agent_trace_observability,agent_trace_observability_000014,action,choice,0,0,"[""continue"", ""human_review"", ""observe"", ""stop""]","[0.5336490089482253, 0.20097405823834313, 0.07509851885250897, 0.19027841396092263]","[0.5, 0.113333, 0.383333, 0.003333]"
d1-3b,typed_agent_trace_observability,agent_trace_observability_000014,needs_review,noul,0,0,"[""false"", ""true""]","[0.8311430478583168, 0.16885695214168314]","[0.823333, 0.176667]"
d1-3b,typed_agent_trace_observability,agent_trace_observability_000014,outcome,choice,3,2,"[""failure"", ""harmful"", ""partial"", ""success""]","[0.26135872512549757, 0.02248321182128815, 0.5576359830811934, 0.15852207997202086]","[0.063333, 0.003333, 0.266667, 0.666667]"
d1-3b,typed_agent_trace_observability,agent_trace_observability_000014,risk,score,1,0,"[""0"", ""1"", ""2"", ""3""]","[0.7859009675935354, 0.08748945650898485, 0.03704536671747253, 0.08956420918000714]","[0.193333, 0.61, 0.18, 0.016667]"
d1-3b,typed_agent_trace_observability,agent_trace_observability_000014,urgency,score,1,1,"[""0"", ""1"", ""2"", ""3""]","[0.2040337210987607, 0.45979708826061483, 0.17726756887593703, 0.15890162176468747]","[0.313333, 0.543333, 0.12, 0.023333]"
d1-3b,typed_agent_trace_observability,agent_trace_observability_000015,action,choice,1,3,"[""continue"", ""human_review"", ""observe"", ""stop""]","[0.13236821399925916, 0.3982779144624171, 0.04538923848371952, 0.4239646330546042]","[0.133333, 0.433333, 0.133333, 0.3]"
d1-3b,typed_agent_trace_observability,agent_trace_observability_000015,needs_review,noul,1,1,"[""false"", ""true""]","[0.27202455109402246, 0.7279754489059775]","[0.123333, 0.876667]"
d1-3b,typed_agent_trace_observability,agent_trace_observability_000015,outcome,choice,1,1,"[""failure"", ""harmful"", ""partial"", ""success""]","[0.31571483072995815, 0.5628225386264161, 0.10658063893626224, 0.014881991707363651]","[0.116667, 0.566667, 0.216667, 0.1]"
d1-3b,typed_agent_trace_observability,agent_trace_observability_000015,risk,score,3,2,"[""0"", ""1"", ""2"", ""3""]","[0.03603350622209695, 0.055375471000892476, 0.4897153157442701, 0.41887570703274046]","[0.033333, 0.09, 0.343333, 0.533333]"
d1-3b,typed_agent_trace_observability,agent_trace_observability_000015,urgency,score,2,3,"[""0"", ""1"", ""2"", ""3""]","[0.038332856168722305, 0.031531747387046206, 0.42519904133555625, 0.5049363551086752]","[0.033333, 0.133333, 0.433333, 0.4]"
d1-3b,typed_agent_trace_observability,agent_trace_observability_000016,action,choice,1,3,"[""continue"", ""human_review"", ""observe"", ""stop""]","[0.04496316455630399, 0.35366268411997487, 0.040620834058819964, 0.5607533172649012]","[0.05, 0.666667, 0.083333, 0.2]"
d1-3b,typed_agent_trace_observability,agent_trace_observability_000016,needs_review,noul,1,1,"[""false"", ""true""]","[0.19682620364309844, 0.8031737963569016]","[0.183333, 0.816667]"
d1-3b,typed_agent_trace_observability,agent_trace_observability_000016,outcome,choice,1,1,"[""failure"", ""harmful"", ""partial"", ""success""]","[0.12106638343951961, 0.6966889341153953, 0.15913875882035874, 0.02310592362472627]","[0.2, 0.65, 0.133333, 0.016667]"
d1-3b,typed_agent_trace_observability,agent_trace_observability_000016,risk,score,3,2,"[""0"", ""1"", ""2"", ""3""]","[0.024742556999810945, 0.03329474965397937, 0.5331683438971961, 0.4087943494490136]","[0.016667, 0.066667, 0.283333, 0.633333]"
d1-3b,typed_agent_trace_observability,agent_trace_observability_000016,urgency,score,3,2,"[""0"", ""1"", ""2"", ""3""]","[0.054343037711775476, 0.12342442240164873, 0.41753943895082735, 0.4046931009357484]","[0.033333, 0.133333, 0.283333, 0.55]"
d1-3b,typed_agent_trace_observability,agent_trace_observability_000017,action,choice,1,0,"[""continue"", ""human_review"", ""observe"", ""stop""]","[0.3952603531712052, 0.30782907256681463, 0.06815143195459746, 0.2287591423073828]","[0.133333, 0.5, 0.316667, 0.05]"
d1-3b,typed_agent_trace_observability,agent_trace_observability_000017,needs_review,noul,1,0,"[""false"", ""true""]","[0.5506073655352404, 0.44939263446475963]","[0.306667, 0.693333]"
d1-3b,typed_agent_trace_observability,agent_trace_observability_000017,outcome,choice,3,2,"[""failure"", ""harmful"", ""partial"", ""success""]","[0.26655446423508805, 0.056752720375084054, 0.4641770679246119, 0.212515747465216]","[0.096667, 0.036667, 0.35, 0.516667]"
d1-3b,typed_agent_trace_observability,agent_trace_observability_000017,risk,score,2,2,"[""0"", ""1"", ""2"", ""3""]","[0.02613021755056025, 0.1744311146406626, 0.5719376061075722, 0.2275010617012051]","[0.033333, 0.216667, 0.583333, 0.166667]"
d1-3b,typed_agent_trace_observability,agent_trace_observability_000017,urgency,score,2,1,"[""0"", ""1"", ""2"", ""3""]","[0.14071359177359377, 0.35932474455921926, 0.2887255435383882, 0.21123612012879886]","[0.033333, 0.216667, 0.5, 0.25]"
d1-3b,typed_agent_trace_observability,agent_trace_observability_000018,action,choice,0,0,"[""continue"", ""human_review"", ""observe"", ""stop""]","[0.5723651427470136, 0.12091522124514363, 0.056671823612029784, 0.25004781239581303]","[0.743333, 0.063333, 0.183333, 0.01]"
d1-3b,typed_agent_trace_observability,agent_trace_observability_000018,needs_review,noul,0,0,"[""false"", ""true""]","[0.8128673178375734, 0.1871326821624266]","[0.893333, 0.106667]"
d1-3b,typed_agent_trace_observability,agent_trace_observability_000018,outcome,choice,3,3,"[""failure"", ""harmful"", ""partial"", ""success""]","[0.16412302306572318, 0.00985635364418597, 0.35847764005366295, 0.467542983236428]","[0.056667, 0.01, 0.14, 0.793333]"
d1-3b,typed_agent_trace_observability,agent_trace_observability_000018,risk,score,0,0,"[""0"", ""1"", ""2"", ""3""]","[0.7803412144496552, 0.15127604470007366, 0.04168093285076371, 0.026701807999507457]","[0.713333, 0.273333, 0.01, 0.003333]"
d1-3b,typed_agent_trace_observability,agent_trace_observability_000018,urgency,score,0,0,"[""0"", ""1"", ""2"", ""3""]","[0.5020463666428706, 0.350484849187637, 0.08656364980652216, 0.06090513436297022]","[0.593333, 0.326667, 0.063333, 0.016667]"
d1-3b,typed_agent_trace_observability,agent_trace_observability_000019,action,choice,0,0,"[""continue"", ""human_review"", ""observe"", ""stop""]","[0.6539742239872637, 0.131828974900115, 0.028288148550911156, 0.18590865256171019]","[0.5, 0.1, 0.4, 0.0]"
d1-3b,typed_agent_trace_observability,agent_trace_observability_000019,needs_review,noul,0,0,"[""false"", ""true""]","[0.8596637505099167, 0.14033624949008322]","[0.816667, 0.183333]"
d1-3b,typed_agent_trace_observability,agent_trace_observability_000019,outcome,choice,3,3,"[""failure"", ""harmful"", ""partial"", ""success""]","[0.14330071928381527, 0.0602051474364357, 0.341085389234196, 0.45540874404555304]","[0.066667, 0.016667, 0.3, 0.616667]"
d1-3b,typed_agent_trace_observability,agent_trace_observability_000019,risk,score,1,1,"[""0"", ""1"", ""2"", ""3""]","[0.26566957921526546, 0.4179569150758882, 0.26566957921526546, 0.05070392649358096]","[0.433333, 0.483333, 0.083333, 0.0]"
d1-3b,typed_agent_trace_observability,agent_trace_observability_000019,urgency,score,0,1,"[""0"", ""1"", ""2"", ""3""]","[0.20720301416643455, 0.4817614417563475, 0.2311516658995657, 0.07988387817765229]","[0.666667, 0.266667, 0.066667, 0.0]"
d1-3b,typed_agent_trace_observability,agent_trace_observability_000020,action,choice,2,0,"[""continue"", ""human_review"", ""observe"", ""stop""]","[0.6712972233510449, 0.10704769627386912, 0.07186842342157108, 0.14978665695351492]","[0.333333, 0.196667, 0.466667, 0.003333]"
d1-3b,typed_agent_trace_observability,agent_trace_observability_000020,needs_review,noul,0,0,"[""false"", ""true""]","[0.6442251064863697, 0.35577489351363034]","[0.716667, 0.283333]"
d1-3b,typed_agent_trace_observability,agent_trace_observability_000020,outcome,choice,3,2,"[""failure"", ""harmful"", ""partial"", ""success""]","[0.16978059990643024, 0.08671544532906657, 0.3978477978721569, 0.34565615689234624]","[0.046667, 0.003333, 0.1, 0.85]"
d1-3b,typed_agent_trace_observability,agent_trace_observability_000020,risk,score,2,2,"[""0"", ""1"", ""2"", ""3""]","[0.06124897488067064, 0.1317059929991161, 0.6793912065257612, 0.127653825594452]","[0.1, 0.3, 0.583333, 0.016667]"
d1-3b,typed_agent_trace_observability,agent_trace_observability_000020,urgency,score,1,1,"[""0"", ""1"", ""2"", ""3""]","[0.25507100720740056, 0.3950617042659473, 0.22160953147791776, 0.1282577570487345]","[0.366667, 0.5, 0.13, 0.003333]"
d1-3b,typed_agent_trace_observability,agent_trace_observability_000021,action,choice,0,0,"[""continue"", ""human_review"", ""observe"", ""stop""]","[0.8334354231432968, 0.05164049866294359, 0.07998236896574247, 0.03494170922801714]","[0.68, 0.053333, 0.253333, 0.013333]"
d1-3b,typed_agent_trace_observability,agent_trace_observability_000021,needs_review,noul,0,0,"[""false"", ""true""]","[0.9304582554941719, 0.06954174450582809]","[0.913333, 0.086667]"
d1-3b,typed_agent_trace_observability,agent_trace_observability_000021,outcome,choice,3,2,"[""failure"", ""harmful"", ""partial"", ""success""]","[0.29124773356235795, 0.00900348498633472, 0.5883365941152708, 0.11141218733603658]","[0.026667, 0.023333, 0.173333, 0.776667]"
d1-3b,typed_agent_trace_observability,agent_trace_observability_000021,risk,score,0,0,"[""0"", ""1"", ""2"", ""3""]","[0.535171046062069, 0.24887764945774246, 0.07414509435976363, 0.14180621012042496]","[0.9, 0.083333, 0.013333, 0.003333]"
d1-3b,typed_agent_trace_observability,agent_trace_observability_000021,urgency,score,0,1,"[""0"", ""1"", ""2"", ""3""]","[0.270300619691917, 0.5633548680847157, 0.13380850970889543, 0.03253600251447186]","[0.44, 0.41, 0.13, 0.02]"
d1-3b,typed_agent_trace_observability,agent_trace_observability_000022,action,choice,2,0,"[""continue"", ""human_review"", ""observe"", ""stop""]","[0.530393693805165, 0.24094219484200213, 0.08591058527618807, 0.14275352607664488]","[0.306667, 0.173333, 0.46, 0.06]"
d1-3b,typed_agent_trace_observability,agent_trace_observability_000022,needs_review,noul,0,1,"[""false"", ""true""]","[0.43782349911420193, 0.5621765008857981]","[0.766667, 0.233333]"
d1-3b,typed_agent_trace_observability,agent_trace_observability_000022,outcome,choice,2,0,"[""failure"", ""harmful"", ""partial"", ""success""]","[0.7745340403095995, 0.011398840164026624, 0.14898179395031108, 0.06508532557606284]","[0.25, 0.05, 0.566667, 0.133333]"
d1-3b,typed_agent_trace_observability,agent_trace_observability_000022,risk,score,0,0,"[""0"", ""1"", ""2"", ""3""]","[0.874531263275386, 0.09510086295599783, 0.020728313004406404, 0.009639560764209775]","[0.66, 0.273333, 0.06, 0.006667]"
d1-3b,typed_agent_trace_observability,agent_trace_observability_000022,urgency,score,0,2,"[""0"", ""1"", ""2"", ""3""]","[0.03981805423281361, 0.02715355381446293, 0.47015876398380285, 0.46286962796892067]","[0.533333, 0.333333, 0.11, 0.023333]"
d1-3b,typed_agent_trace_observability,agent_trace_observability_000023,action,choice,0,0,"[""continue"", ""human_review"", ""observe"", ""stop""]","[0.4594948437381566, 0.16772323668644043, 0.0940842088683456, 0.2786977107070575]","[0.65, 0.08, 0.246667, 0.023333]"
d1-3b,typed_agent_trace_observability,agent_trace_observability_000023,needs_review,noul,0,0,"[""false"", ""true""]","[0.5506073655352404, 0.44939263446475963]","[0.9, 0.1]"
d1-3b,typed_agent_trace_observability,agent_trace_observability_000023,outcome,choice,3,0,"[""failure"", ""harmful"", ""partial"", ""success""]","[0.9144918085550285, 0.007973958228613966, 0.05159209744650214, 0.02594213576985522]","[0.06, 0.023333, 0.203333, 0.713333]"
d1-3b,typed_agent_trace_observability,agent_trace_observability_000023,risk,score,0,0,"[""0"", ""1"", ""2"", ""3""]","[0.8766362062597587, 0.07195868178449216, 0.030949043383033746, 0.02045606857271541]","[0.483333, 0.416667, 0.083333, 0.016667]"
d1-3b,typed_agent_trace_observability,agent_trace_observability_000023,urgency,score,1,2,"[""0"", ""1"", ""2"", ""3""]","[0.12026268318093938, 0.046729042986398496, 0.41975800928605644, 0.41325026454660574]","[0.35, 0.466667, 0.146667, 0.036667]"
d1-3b,typed_agent_trace_observability,agent_trace_observability_000024,action,choice,1,3,"[""continue"", ""human_review"", ""observe"", ""stop""]","[0.15936168300541173, 0.35080792617364104, 0.12218684075485639, 0.36764355006609095]","[0.116667, 0.466667, 0.366667, 0.05]"
d1-3b,typed_agent_trace_observability,agent_trace_observability_000024,needs_review,noul,1,1,"[""false"", ""true""]","[0.2628418373713166, 0.7371581626286834]","[0.466667, 0.533333]"
d1-3b,typed_agent_trace_observability,agent_trace_observability_000024,outcome,choice,3,2,"[""failure"", ""harmful"", ""partial"", ""success""]","[0.20712000587529905, 0.35508630187721135, 0.37798740078592574, 0.059806291461563695]","[0.116667, 0.033333, 0.3, 0.55]"
d1-3b,typed_agent_trace_observability,agent_trace_observability_000024,risk,score,2,2,"[""0"", ""1"", ""2"", ""3""]","[0.02417982305644169, 0.10668638265061357, 0.5722529004920527, 0.29688089380089216]","[0.066667, 0.366667, 0.5, 0.066667]"
d1-3b,typed_agent_trace_observability,agent_trace_observability_000024,urgency,score,1,2,"[""0"", ""1"", ""2"", ""3""]","[0.14450027340193777, 0.25759958922503856, 0.3520968921835673, 0.24580324518945645]","[0.116667, 0.5, 0.316667, 0.066667]"
d1-3b,typed_agent_trace_observability,agent_trace_observability_000025,action,choice,1,3,"[""continue"", ""human_review"", ""observe"", ""stop""]","[0.058682424217567156, 0.30988546607076384, 0.0959980390716837, 0.5354340706399853]","[0.046667, 0.59, 0.14, 0.223333]"
d1-3b,typed_agent_trace_observability,agent_trace_observability_000025,needs_review,noul,1,1,"[""false"", ""true""]","[0.15203224162217432, 0.8479677583778257]","[0.206667, 0.793333]"
d1-3b,typed_agent_trace_observability,agent_trace_observability_000025,outcome,choice,1,1,"[""failure"", ""harmful"", ""partial"", ""success""]","[0.059858249490569414, 0.8263176457406785, 0.09868956916197692, 0.015134535606775244]","[0.216667, 0.483333, 0.243333, 0.056667]"
d1-3b,typed_agent_trace_observability,agent_trace_observability_000025,risk,score,3,2,"[""0"", ""1"", ""2"", ""3""]","[0.010698872695013083, 0.017096749886231975, 0.5979911056298345, 0.37421327178892044]","[0.016667, 0.1, 0.35, 0.533333]"
d1-3b,typed_agent_trace_observability,agent_trace_observability_000025,urgency,score,3,3,"[""0"", ""1"", ""2"", ""3""]","[0.0327099987312641, 0.09614003271616645, 0.40161475280013087, 0.4695352157524387]","[0.03, 0.12, 0.333333, 0.516667]"
d1-3b,typed_agent_trace_observability,agent_trace_observability_000026,action,choice,1,3,"[""continue"", ""human_review"", ""observe"", ""stop""]","[0.0578823534367945, 0.23072466231272992, 0.08421832730843234, 0.6271746569420432]","[0.05, 0.683333, 0.2, 0.066667]"
d1-3b,typed_agent_trace_observability,agent_trace_observability_000026,needs_review,noul,1,1,"[""false"", ""true""]","[0.11124120650754299, 0.888758793492457]","[0.183333, 0.816667]"
d1-3b,typed_agent_trace_observability,agent_trace_observability_000026,outcome,choice,1,1,"[""failure"", ""harmful"", ""partial"", ""success""]","[0.09286389886743286, 0.777539905564833, 0.11467160885103883, 0.014924586716695403]","[0.266667, 0.5, 0.196667, 0.036667]"
d1-3b,typed_agent_trace_observability,agent_trace_observability_000026,risk,score,2,2,"[""0"", ""1"", ""2"", ""3""]","[0.012576150403162584, 0.02405251813321215, 0.5782042587894723, 0.385167072674153]","[0.02, 0.13, 0.433333, 0.416667]"
d1-3b,typed_agent_trace_observability,agent_trace_observability_000026,urgency,score,3,3,"[""0"", ""1"", ""2"", ""3""]","[0.04968573356419986, 0.06330126675475897, 0.4192763884967534, 0.4677366111842877]","[0.04, 0.143333, 0.4, 0.416667]"
d1-3b,typed_agent_trace_observability,agent_trace_observability_000027,action,choice,2,0,"[""continue"", ""human_review"", ""observe"", ""stop""]","[0.4957847195559349, 0.26745579473467757, 0.07198475059930055, 0.16477473511008703]","[0.133333, 0.216667, 0.633333, 0.016667]"
d1-3b,typed_agent_trace_observability,agent_trace_observability_000027,needs_review,noul,0,0,"[""false"", ""true""]","[0.6959583250334526, 0.30404167496654744]","[0.733333, 0.266667]"
d1-3b,typed_agent_trace_observability,agent_trace_observability_000027,outcome,choice,3,2,"[""failure"", ""harmful"", ""partial"", ""success""]","[0.31644438505351685, 0.01625495048340775, 0.5056766874779461, 0.1616239769851293]","[0.066667, 0.0, 0.233333, 0.7]"
d1-3b,typed_agent_trace_observability,agent_trace_observability_000027,risk,score,1,0,"[""0"", ""1"", ""2"", ""3""]","[0.531336352041635, 0.30274632754850694, 0.06915378218927065, 0.09676353822058746]","[0.466667, 0.483333, 0.05, 0.0]"
d1-3b,typed_agent_trace_observability,agent_trace_observability_000027,urgency,score,1,1,"[""0"", ""1"", ""2"", ""3""]","[0.23295575528173035, 0.45610522708265816, 0.18428317037515643, 0.12665584726045512]","[0.233333, 0.566667, 0.2, 0.0]"
d1-3b,typed_agent_trace_observability,agent_trace_observability_000028,action,choice,0,0,"[""continue"", ""human_review"", ""observe"", ""stop""]","[0.774709959924199, 0.09180586771492799, 0.036517851165076574, 0.09696632119579657]","[0.633333, 0.083333, 0.283333, 0.0]"
d1-3b,typed_agent_trace_observability,agent_trace_observability_000028,needs_review,noul,0,0,"[""false"", ""true""]","[0.9496693674025232, 0.05033063259747688]","[0.876667, 0.123333]"
d1-3b,typed_agent_trace_observability,agent_trace_observability_000028,outcome,choice,3,3,"[""failure"", ""harmful"", ""partial"", ""success""]","[0.05993828236794732, 0.00688436504941848, 0.12492210781871597, 0.8082552447639183]","[0.083333, 0.0, 0.25, 0.666667]"
d1-3b,typed_agent_trace_observability,agent_trace_observability_000028,risk,score,0,0,"[""0"", ""1"", ""2"", ""3""]","[0.9588177928603543, 0.027627898013847404, 0.007671990196979557, 0.005882318928818836]","[0.733333, 0.2, 0.063333, 0.003333]"
d1-3b,typed_agent_trace_observability,agent_trace_observability_000028,urgency,score,0,1,"[""0"", ""1"", ""2"", ""3""]","[0.29748308616776103, 0.6297716983591399, 0.05169480899318041, 0.021050406479918786]","[0.633333, 0.283333, 0.08, 0.003333]"
d1-3b,typed_agent_trace_observability,agent_trace_observability_000029,action,choice,2,0,"[""continue"", ""human_review"", ""observe"", ""stop""]","[0.6843039991095134, 0.11984686010885308, 0.0557339659128773, 0.14011517486875627]","[0.133333, 0.366667, 0.466667, 0.033333]"
d1-3b,typed_agent_trace_observability,agent_trace_observability_000029,needs_review,noul,1,0,"[""false"", ""true""]","[0.7341195269001831, 0.2658804730998169]","[0.45, 0.55]"
d1-3b,typed_agent_trace_observability,agent_trace_observability_000029,outcome,choice,2,2,"[""failure"", ""harmful"", ""partial"", ""success""]","[0.20129477451043642, 0.013380960971290086, 0.5386927512510193, 0.24663151326725416]","[0.216667, 0.033333, 0.633333, 0.116667]"
d1-3b,typed_agent_trace_observability,agent_trace_observability_000029,risk,score,1,0,"[""0"", ""1"", ""2"", ""3""]","[0.5843585356519515, 0.3832316840037184, 0.02046983267250538, 0.011939947671824842]","[0.383333, 0.5, 0.083333, 0.033333]"
d1-3b,typed_agent_trace_observability,agent_trace_observability_000029,urgency,score,1,1,"[""0"", ""1"", ""2"", ""3""]","[0.2472856572651077, 0.4917862522934042, 0.16995678103708742, 0.09097130940440064]","[0.25, 0.5, 0.2, 0.05]"
d1-3b,typed_agent_trace_observability,agent_trace_observability_000030,action,choice,1,3,"[""continue"", ""human_review"", ""observe"", ""stop""]","[0.2237268115208342, 0.23446368538370538, 0.07915145873182085, 0.46265804436363966]","[0.1, 0.533333, 0.283333, 0.083333]"
d1-3b,typed_agent_trace_observability,agent_trace_observability_000030,needs_review,noul,1,1,"[""false"", ""true""]","[0.35936414516010196, 0.640635854839898]","[0.256667, 0.743333]"
d1-3b,typed_agent_trace_observability,agent_trace_observability_000030,outcome,choice,2,2,"[""failure"", ""harmful"", ""partial"", ""success""]","[0.20623679137795148, 0.27321935790665486, 0.44347879216435343, 0.07706505855104007]","[0.2, 0.006667, 0.583333, 0.21]"
d1-3b,typed_agent_trace_observability,agent_trace_observability_000030,risk,score,1,2,"[""0"", ""1"", ""2"", ""3""]","[0.10540340140463787, 0.1697552013111799, 0.5653711436919286, 0.15947025359225367]","[0.133333, 0.416667, 0.383333, 0.066667]"
d1-3b,typed_agent_trace_observability,agent_trace_observability_000030,urgency,score,1,1,"[""0"", ""1"", ""2"", ""3""]","[0.15370702626280677, 0.4049640766878641, 0.3056829224669132, 0.13564597458241603]","[0.083333, 0.433333, 0.4, 0.083333]"
d1-3b,typed_agent_trace_observability,agent_trace_observability_000031,action,choice,1,0,"[""continue"", ""human_review"", ""observe"", ""stop""]","[0.3649389874314332, 0.32712919410883473, 0.06292337283506956, 0.24500844562466256]","[0.1, 0.516667, 0.333333, 0.05]"
d1-3b,typed_agent_trace_observability,agent_trace_observability_000031,needs_review,noul,1,1,"[""false"", ""true""]","[0.36296920551961687, 0.6370307944803831]","[0.35, 0.65]"
d1-3b,typed_agent_trace_observability,agent_trace_observability_000031,outcome,choice,0,2,"[""failure"", ""harmful"", ""partial"", ""success""]","[0.3519354207403618, 0.015829656826223792, 0.5623912010195599, 0.06984372141385448]","[0.473333, 0.02, 0.443333, 0.063333]"
d1-3b,typed_agent_trace_observability,agent_trace_observability_000031,risk,score,1,0,"[""0"", ""1"", ""2"", ""3""]","[0.5933873474862181, 0.3226191048965906, 0.05025436383035418, 0.033739183786837046]","[0.233333, 0.633333, 0.116667, 0.016667]"
d1-3b,typed_agent_trace_observability,agent_trace_observability_000031,urgency,score,1,1,"[""0"", ""1"", ""2"", ""3""]","[0.26117550436909814, 0.3199989171479927, 0.2652884201018834, 0.15353715838102572]","[0.116667, 0.5, 0.35, 0.033333]"
d1-3b,typed_agent_trace_observability,agent_trace_observability_000032,action,choice,1,3,"[""continue"", ""human_review"", ""observe"", ""stop""]","[0.086449466139295, 0.2540891111372338, 0.0354787894181893, 0.6239826333052819]","[0.066667, 0.566667, 0.266667, 0.1]"
d1-3b,typed_agent_trace_observability,agent_trace_observability_000032,needs_review,noul,1,1,"[""false"", ""true""]","[0.17553807362342932, 0.8244619263765707]","[0.2, 0.8]"
d1-3b,typed_agent_trace_observability,agent_trace_observability_000032,outcome,choice,1,1,"[""failure"", ""harmful"", ""partial"", ""success""]","[0.09310741091584168, 0.7042907603753388, 0.16991805353257414, 0.03268377517624532]","[0.25, 0.383333, 0.316667, 0.05]"
d1-3b,typed_agent_trace_observability,agent_trace_observability_000032,risk,score,3,2,"[""0"", ""1"", ""2"", ""3""]","[0.09034903990826057, 0.16232782321763176, 0.46242893478177494, 0.28489420209233274]","[0.05, 0.133333, 0.383333, 0.433333]"
d1-3b,typed_agent_trace_observability,agent_trace_observability_000032,urgency,score,2,2,"[""0"", ""1"", ""2"", ""3""]","[0.11207262981821457, 0.24864399678659083, 0.41640033516108554, 0.222883038234109]","[0.066667, 0.183333, 0.383333, 0.366667]"
d1-3b,typed_agent_trace_observability,agent_trace_observability_000033,action,choice,1,3,"[""continue"", ""human_review"", ""observe"", ""stop""]","[0.09100979269854324, 0.33289998941977605, 0.0917235913494166, 0.48436662653226414]","[0.0, 0.583333, 0.05, 0.366667]"
d1-3b,typed_agent_trace_observability,agent_trace_observability_000033,needs_review,noul,1,1,"[""false"", ""true""]","[0.2173375210470624, 0.7826624789529376]","[0.066667, 0.933333]"
d1-3b,typed_agent_trace_observability,agent_trace_observability_000033,outcome,choice,1,1,"[""failure"", ""harmful"", ""partial"", ""success""]","[0.09098052855417908, 0.6882024213162898, 0.18961970461013322, 0.031197345519397887]","[0.15, 0.766667, 0.083333, 0.0]"
d1-3b,typed_agent_trace_observability,agent_trace_observability_000033,risk,score,3,2,"[""0"", ""1"", ""2"", ""3""]","[0.04709983205874469, 0.057707920553493885, 0.560501509356818, 0.33469073803094346]","[0.0, 0.033333, 0.233333, 0.733333]"
d1-3b,typed_agent_trace_observability,agent_trace_observability_000033,urgency,score,3,2,"[""0"", ""1"", ""2"", ""3""]","[0.0750048751593415, 0.16771072387226593, 0.44881717112019165, 0.3084672298482009]","[0.0, 0.083333, 0.316667, 0.6]"
d1-3b,typed_agent_trace_observability,agent_trace_observability_000034,action,choice,2,3,"[""continue"", ""human_review"", ""observe"", ""stop""]","[0.18924965595375445, 0.33737398889940967, 0.06001710316606866, 0.41335925198076723]","[0.316667, 0.183333, 0.466667, 0.033333]"
d1-3b,typed_agent_trace_observability,agent_trace_observability_000034,needs_review,noul,0,1,"[""false"", ""true""]","[0.35220178204788966, 0.6477982179521103]","[0.616667, 0.383333]"
d1-3b,typed_agent_trace_observability,agent_trace_observability_000034,outcome,choice,3,1,"[""failure"", ""harmful"", ""partial"", ""success""]","[0.2006316960481389, 0.36901816455608305, 0.3604698679811675, 0.06988027141461056]","[0.083333, 0.033333, 0.283333, 0.6]"
d1-3b,typed_agent_trace_observability,agent_trace_observability_000034,risk,score,2,2,"[""0"", ""1"", ""2"", ""3""]","[0.03037601545796993, 0.12590508530022348, 0.5555192888154448, 0.28819961042636183]","[0.073333, 0.226667, 0.633333, 0.066667]"
d1-3b,typed_agent_trace_observability,agent_trace_observability_000034,urgency,score,1,2,"[""0"", ""1"", ""2"", ""3""]","[0.13900069961061737, 0.26377697812466533, 0.333445344140052, 0.26377697812466533]","[0.2, 0.466667, 0.25, 0.083333]"
d1-3b,typed_agent_trace_observability,agent_trace_observability_000035,action,choice,0,0,"[""continue"", ""human_review"", ""observe"", ""stop""]","[0.5443788588020347, 0.28242003147295924, 0.07483385848311874, 0.09836725124188732]","[0.516667, 0.133333, 0.333333, 0.016667]"
d1-3b,typed_agent_trace_observability,agent_trace_observability_000035,needs_review,noul,0,1,"[""false"", ""true""]","[0.47268347662043286, 0.5273165233795671]","[0.766667, 0.233333]"
d1-3b,typed_agent_trace_observability,agent_trace_observability_000035,outcome,choice,3,2,"[""failure"", ""harmful"", ""partial"", ""success""]","[0.1835889761413073, 0.009579011793477192, 0.5312323167571329, 0.27559969530808265]","[0.08, 0.003333, 0.35, 0.566667]"
d1-3b,typed_agent_trace_observability,agent_trace_observability_000035,risk,score,0,0,"[""0"", ""1"", ""2"", ""3""]","[0.8788524364343663, 0.09119426460077723, 0.020994111779486593, 0.008959187185369965]","[0.5, 0.4, 0.096667, 0.003333]"
d1-3b,typed_agent_trace_observability,agent_trace_observability_000035,urgency,score,0,1,"[""0"", ""1"", ""2"", ""3""]","[0.22440499520526008, 0.5820622691493457, 0.15423114731171478, 0.039301588333679464]","[0.483333, 0.366667, 0.126667, 0.023333]"
d1-3b,typed_agent_trace_observability,agent_trace_observability_000036,action,choice,1,1,"[""continue"", ""human_review"", ""observe"", ""stop""]","[0.34296848157825616, 0.4473152272737611, 0.09749743329729625, 0.11221885785068657]","[0.15, 0.45, 0.316667, 0.083333]"
d1-3b,typed_agent_trace_observability,agent_trace_observability_000036,needs_review,noul,1,1,"[""false"", ""true""]","[0.35220178204788966, 0.6477982179521103]","[0.316667, 0.683333]"
d1-3b,typed_agent_trace_observability,agent_trace_observability_000036,outcome,choice,2,2,"[""failure"", ""harmful"", ""partial"", ""success""]","[0.3038122468802531, 0.0112406301005344, 0.5458517406826386, 0.1390953823365739]","[0.35, 0.0, 0.45, 0.2]"
d1-3b,typed_agent_trace_observability,agent_trace_observability_000036,risk,score,0,0,"[""0"", ""1"", ""2"", ""3""]","[0.8169968234733911, 0.11407831734940665, 0.03217726691583744, 0.036747592261364904]","[0.666667, 0.266667, 0.066667, 0.0]"
d1-3b,typed_agent_trace_observability,agent_trace_observability_000036,urgency,score,1,1,"[""0"", ""1"", ""2"", ""3""]","[0.2295792580444726, 0.44252560219275405, 0.22601996155512855, 0.10187517820764484]","[0.3, 0.45, 0.233333, 0.016667]"
d1-3b,typed_agent_trace_observability,agent_trace_observability_000037,action,choice,1,3,"[""continue"", ""human_review"", ""observe"", ""stop""]","[0.02591790845467947, 0.3868585707171986, 0.024347621763129722, 0.5628758990649922]","[0.066667, 0.593333, 0.216667, 0.123333]"
d1-3b,typed_agent_trace_observability,agent_trace_observability_000037,needs_review,noul,1,1,"[""false"", ""true""]","[0.13117322376181562, 0.8688267762381844]","[0.24, 0.76]"
d1-3b,typed_agent_trace_observability,agent_trace_observability_000037,outcome,choice,1,1,"[""failure"", ""harmful"", ""partial"", ""success""]","[0.0361973038282766, 0.8977773845486635, 0.05185024377337725, 0.014175067849682754]","[0.123333, 0.566667, 0.266667, 0.043333]"
d1-3b,typed_agent_trace_observability,agent_trace_observability_000037,risk,score,3,2,"[""0"", ""1"", ""2"", ""3""]","[0.010451345027408958, 0.012314693967587711, 0.511504140861665, 0.46572982014333847]","[0.016667, 0.106667, 0.366667, 0.51]"
d1-3b,typed_agent_trace_observability,agent_trace_observability_000037,urgency,score,3,3,"[""0"", ""1"", ""2"", ""3""]","[0.029238721558388473, 0.08329336645202971, 0.385144624411696, 0.5023232875778858]","[0.033333, 0.116667, 0.35, 0.5]"
d1-3b,typed_agent_trace_observability,agent_trace_observability_000038,action,choice,2,0,"[""continue"", ""human_review"", ""observe"", ""stop""]","[0.5485438171913144, 0.24152057400100635, 0.07964503203864907, 0.13029057676903025]","[0.2, 0.233333, 0.516667, 0.05]"
d1-3b,typed_agent_trace_observability,agent_trace_observability_000038,needs_review,noul,0,0,"[""false"", ""true""]","[0.5117166047041652, 0.4882833952958347]","[0.633333, 0.366667]"
d1-3b,typed_agent_trace_observability,agent_trace_observability_000038,outcome,choice,3,2,"[""failure"", ""harmful"", ""partial"", ""success""]","[0.2230220736291559, 0.010512691604110959, 0.5830122810797667, 0.18345295368696657]","[0.11, 0.006667, 0.366667, 0.516667]"
d1-3b,typed_agent_trace_observability,agent_trace_observability_000038,risk,score,0,0,"[""0"", ""1"", ""2"", ""3""]","[0.7875184069432819, 0.17848628157109875, 0.024535885110716513, 0.009459426374902902]","[0.6, 0.3, 0.09, 0.01]"
d1-3b,typed_agent_trace_observability,agent_trace_observability_000038,urgency,score,0,1,"[""0"", ""1"", ""2"", ""3""]","[0.2547107426793712, 0.4909678067141316, 0.1983689258553934, 0.0559525247511039]","[0.416667, 0.366667, 0.196667, 0.02]"
d1-3b,typed_agent_trace_observability,agent_trace_observability_000039,action,choice,1,3,"[""continue"", ""human_review"", ""observe"", ""stop""]","[0.10300744364875936, 0.17937682381159245, 0.040654671687529356, 0.6769610608521189]","[0.033333, 0.733333, 0.133333, 0.1]"
d1-3b,typed_agent_trace_observability,agent_trace_observability_000039,needs_review,noul,1,1,"[""false"", ""true""]","[0.1778108694780497, 0.8221891305219503]","[0.1, 0.9]"
d1-3b,typed_agent_trace_observability,agent_trace_observability_000039,outcome,choice,1,1,"[""failure"", ""harmful"", ""partial"", ""success""]","[0.0721898312453243, 0.8133603078855135, 0.08639991521504556, 0.02804994565411676]","[0.2, 0.533333, 0.233333, 0.033333]"
d1-3b,typed_agent_trace_observability,agent_trace_observability_000039,risk,score,3,2,"[""0"", ""1"", ""2"", ""3""]","[0.01877194654335304, 0.03851753338599859, 0.6774264935403235, 0.2652840265303249]","[0.0, 0.05, 0.433333, 0.516667]"
d1-3b,typed_agent_trace_observability,agent_trace_observability_000039,urgency,score,2,3,"[""0"", ""1"", ""2"", ""3""]","[0.08828823443455115, 0.11880480513443627, 0.37170735083676465, 0.4211996095942479]","[0.033333, 0.2, 0.433333, 0.333333]"
d1-3b,typed_agent_trace_observability,agent_trace_observability_000040,action,choice,1,0,"[""continue"", ""human_review"", ""observe"", ""stop""]","[0.4305614759506856, 0.25509923210017266, 0.07841106988893182, 0.23592822206020986]","[0.1, 0.366667, 0.283333, 0.25]"
d1-3b,typed_agent_trace_observability,agent_trace_observability_000040,needs_review,noul,1,1,"[""false"", ""true""]","[0.47268347662043286, 0.5273165233795671]","[0.233333, 0.766667]"
d1-3b,typed_agent_trace_observability,agent_trace_observability_000040,outcome,choice,0,2,"[""failure"", ""harmful"", ""partial"", ""success""]","[0.2764505529209176, 0.011958077277615676, 0.6377647422945983, 0.0738266275068684]","[0.696667, 0.003333, 0.256667, 0.043333]"
d1-3b,typed_agent_trace_observability,agent_trace_observability_000040,risk,score,0,0,"[""0"", ""1"", ""2"", ""3""]","[0.6042109025396784, 0.32341079082013663, 0.039852028741054084, 0.03252627789913096]","[0.65, 0.283333, 0.06, 0.006667]"
d1-3b,typed_agent_trace_observability,agent_trace_observability_000040,urgency,score,1,1,"[""0"", ""1"", ""2"", ""3""]","[0.2724782666269975, 0.2811276552791874, 0.2811276552791874, 0.1652664228146276]","[0.116667, 0.566667, 0.25, 0.066667]"
d1-3b,typed_agent_trace_observability,agent_trace_observability_000041,action,choice,0,0,"[""continue"", ""human_review"", ""observe"", ""stop""]","[0.6004470895283639, 0.19341962025026618, 0.047030650475830646, 0.15910263974553934]","[0.566667, 0.1, 0.333333, 0.0]"
d1-3b,typed_agent_trace_observability,agent_trace_observability_000041,needs_review,noul,0,0,"[""false"", ""true""]","[0.7718434978390747, 0.22815650216092537]","[0.816667, 0.183333]"
d1-3b,typed_agent_trace_observability,agent_trace_observability_000041,outcome,choice,3,2,"[""failure"", ""harmful"", ""partial"", ""success""]","[0.21702810494334204, 0.013659043927430815, 0.4703440090039364, 0.2989688421252908]","[0.083333, 0.0, 0.3, 0.616667]"
d1-3b,typed_agent_trace_observability,agent_trace_observability_000041,risk,score,0,0,"[""0"", ""1"", ""2"", ""3""]","[0.8570509346257478, 0.10236013707811932, 0.01792703395725902, 0.022661894338873955]","[0.7, 0.266667, 0.033333, 0.0]"
d1-3b,typed_agent_trace_observability,agent_trace_observability_000041,urgency,score,0,0,"[""0"", ""1"", ""2"", ""3""]","[0.42791953953149364, 0.3776376681919695, 0.14333509149096252, 0.05110770078557415]","[0.6, 0.366667, 0.033333, 0.0]"
d1-3b,typed_agent_trace_observability,agent_trace_observability_000042,action,choice,0,0,"[""continue"", ""human_review"", ""observe"", ""stop""]","[0.4352551075798664, 0.32854779216926894, 0.12086597818134182, 0.11533112206952284]","[0.383333, 0.316667, 0.283333, 0.016667]"
d1-3b,typed_agent_trace_observability,agent_trace_observability_000042,needs_review,noul,0,1,"[""false"", ""true""]","[0.32423539898095244, 0.6757646010190476]","[0.6, 0.4]"
d1-3b,typed_agent_trace_observability,agent_trace_observability_000042,outcome,choice,3,2,"[""failure"", ""harmful"", ""partial"", ""success""]","[0.24164280625925502, 0.00936950839093689, 0.6466696835047062, 0.10231800184510186]","[0.3, 0.0, 0.283333, 0.416667]"
d1-3b,typed_agent_trace_observability,agent_trace_observability_000042,risk,score,0,0,"[""0"", ""1"", ""2"", ""3""]","[0.8952736743429672, 0.06587470000991974, 0.02206526059361362, 0.01678636505349946]","[0.65, 0.306667, 0.04, 0.003333]"
d1-3b,typed_agent_trace_observability,agent_trace_observability_000042,urgency,score,0,1,"[""0"", ""1"", ""2"", ""3""]","[0.19556544436989498, 0.4840291233988718, 0.22509444669514386, 0.0953109855360894]","[0.6, 0.333333, 0.06, 0.006667]"
d1-3b,typed_agent_trace_observability,agent_trace_observability_000043,action,choice,1,3,"[""continue"", ""human_review"", ""observe"", ""stop""]","[0.2340837290488648, 0.32246395669528394, 0.06349691790584105, 0.3799553963500102]","[0.116667, 0.583333, 0.216667, 0.083333]"
d1-3b,typed_agent_trace_observability,agent_trace_observability_000043,needs_review,noul,1,1,"[""false"", ""true""]","[0.334589441253186, 0.665410558746814]","[0.3, 0.7]"
d1-3b,typed_agent_trace_observability,agent_trace_observability_000043,outcome,choice,2,2,"[""failure"", ""harmful"", ""partial"", ""success""]","[0.15357038724160904, 0.33542856433039087, 0.4207216750790032, 0.09027937334899687]","[0.233333, 0.083333, 0.416667, 0.266667]"
d1-3b,typed_agent_trace_observability,agent_trace_observability_000043,risk,score,2,2,"[""0"", ""1"", ""2"", ""3""]","[0.035265533421652055, 0.07292770417363555, 0.6654117996786665, 0.22639496272604598]","[0.1, 0.2, 0.6, 0.1]"
d1-3b,typed_agent_trace_observability,agent_trace_observability_000043,urgency,score,2,2,"[""0"", ""1"", ""2"", ""3""]","[0.11818850477519285, 0.2684308524260465, 0.36121319356757625, 0.25216744923118445]","[0.083333, 0.283333, 0.433333, 0.2]"
d1-3b,typed_agent_trace_observability,agent_trace_observability_000044,action,choice,1,3,"[""continue"", ""human_review"", ""observe"", ""stop""]","[0.09145883694461443, 0.3732091556894107, 0.033124195645186066, 0.5022078117207888]","[0.066667, 0.616667, 0.233333, 0.083333]"
d1-3b,typed_agent_trace_observability,agent_trace_observability_000044,needs_review,noul,1,1,"[""false"", ""true""]","[0.2337063569140403, 0.7662936430859597]","[0.283333, 0.716667]"
d1-3b,typed_agent_trace_observability,agent_trace_observability_000044,outcome,choice,2,2,"[""failure"", ""harmful"", ""partial"", ""success""]","[0.19720906452663137, 0.35709948315922707, 0.3921970559653838, 0.05349439634875789]","[0.3, 0.033333, 0.433333, 0.233333]"
d1-3b,typed_agent_trace_observability,agent_trace_observability_000044,risk,score,2,2,"[""0"", ""1"", ""2"", ""3""]","[0.019113627346569826, 0.06619394902397634, 0.5247392928966214, 0.3899531307328324]","[0.083333, 0.316667, 0.516667, 0.083333]"
d1-3b,typed_agent_trace_observability,agent_trace_observability_000044,urgency,score,1,2,"[""0"", ""1"", ""2"", ""3""]","[0.09976041540647865, 0.19839727609995864, 0.4470951633796005, 0.2547471451139623]","[0.133333, 0.5, 0.283333, 0.083333]"
d1-3b,typed_agent_trace_observability,agent_trace_observability_000045,action,choice,2,0,"[""continue"", ""human_review"", ""observe"", ""stop""]","[0.63554922788286, 0.16709325184593185, 0.05774588265596951, 0.1396116376152387]","[0.2, 0.133333, 0.633333, 0.033333]"
d1-3b,typed_agent_trace_observability,agent_trace_observability_000045,needs_review,noul,0,0,"[""false"", ""true""]","[0.815232489352, 0.184767510648]","[0.816667, 0.183333]"
d1-3b,typed_agent_trace_observability,agent_trace_observability_000045,outcome,choice,3,2,"[""failure"", ""harmful"", ""partial"", ""success""]","[0.2195455037262357, 0.018448757375558397, 0.4909032282849215, 0.27110251061328444]","[0.133333, 0.0, 0.216667, 0.65]"
d1-3b,typed_agent_trace_observability,agent_trace_observability_000045,risk,score,1,0,"[""0"", ""1"", ""2"", ""3""]","[0.9275017320404106, 0.036529482048515985, 0.02097711668472358, 0.014991669226349652]","[0.333333, 0.6, 0.066667, 0.0]"
d1-3b,typed_agent_trace_observability,agent_trace_observability_000045,urgency,score,0,1,"[""0"", ""1"", ""2"", ""3""]","[0.2811369421690752, 0.5335041712185962, 0.11537836859303047, 0.06998051801929815]","[0.833333, 0.15, 0.016667, 0.0]"
d1-3b,typed_agent_trace_observability,agent_trace_observability_000046,action,choice,0,0,"[""continue"", ""human_review"", ""observe"", ""stop""]","[0.6720994416461128, 0.165996849326477, 0.035619965461223514, 0.12628374356618674]","[0.793333, 0.036667, 0.166667, 0.003333]"
d1-3b,typed_agent_trace_observability,agent_trace_observability_000046,needs_review,noul,0,0,"[""false"", ""true""]","[0.8991213772699435, 0.10087862273005653]","[0.903333, 0.096667]"
d1-3b,typed_agent_trace_observability,agent_trace_observability_000046,outcome,choice,3,3,"[""failure"", ""harmful"", ""partial"", ""success""]","[0.20146451106811458, 0.00906164564556282, 0.2586855527720279, 0.5307882905142947]","[0.01, 0.006667, 0.07, 0.913333]"
d1-3b,typed_agent_trace_observability,agent_trace_observability_000046,risk,score,0,0,"[""0"", ""1"", ""2"", ""3""]","[0.7779421965712915, 0.1484728664370135, 0.029696441504054188, 0.04388849548764096]","[0.913333, 0.08, 0.006667, 0.0]"
d1-3b,typed_agent_trace_observability,agent_trace_observability_000046,urgency,score,0,1,"[""0"", ""1"", ""2"", ""3""]","[0.38341464686255533, 0.484681528237837, 0.10814706701669427, 0.0237567578829134]","[0.843333, 0.133333, 0.02, 0.003333]"
d1-3b,typed_agent_trace_observability,agent_trace_observability_000047,action,choice,2,0,"[""continue"", ""human_review"", ""observe"", ""stop""]","[0.4525731723414777, 0.22403996629479847, 0.08114189862685316, 0.24224496273687054]","[0.2, 0.2, 0.583333, 0.016667]"
d1-3b,typed_agent_trace_observability,agent_trace_observability_000047,needs_review,noul,0,0,"[""false"", ""true""]","[0.665410558746814, 0.33458944125318596]","[0.75, 0.25]"
d1-3b,typed_agent_trace_observability,agent_trace_observability_000047,outcome,choice,3,2,"[""failure"", ""harmful"", ""partial"", ""success""]","[0.3290672936771848, 0.014571604969448374, 0.5057031160400544, 0.1506579853133126]","[0.09, 0.006667, 0.226667, 0.676667]"
d1-3b,typed_agent_trace_observability,agent_trace_observability_000047,risk,score,0,0,"[""0"", ""1"", ""2"", ""3""]","[0.4188806318987058, 0.3639297997704894, 0.07688213165070341, 0.14030743668010137]","[0.516667, 0.416667, 0.06, 0.006667]"
d1-3b,typed_agent_trace_observability,agent_trace_observability_000047,urgency,score,0,1,"[""0"", ""1"", ""2"", ""3""]","[0.28066448893500434, 0.39580036937526214, 0.1756353492393704, 0.1478997924503631]","[0.433333, 0.4, 0.15, 0.016667]"
d1-3b,typed_agent_trace_observability,agent_trace_observability_000048,action,choice,2,0,"[""continue"", ""human_review"", ""observe"", ""stop""]","[0.6423131767939005, 0.16240220400063246, 0.05745565880339634, 0.13782896040207068]","[0.416667, 0.133333, 0.416667, 0.033333]"
d1-3b,typed_agent_trace_observability,agent_trace_observability_000048,needs_review,noul,0,0,"[""false"", ""true""]","[0.8080672135527631, 0.19193278644723683]","[0.816667, 0.183333]"
d1-3b,typed_agent_trace_observability,agent_trace_observability_000048,outcome,choice,3,2,"[""failure"", ""harmful"", ""partial"", ""success""]","[0.23532607173721798, 0.013591024229174742, 0.4536028755132344, 0.29748002852037286]","[0.1, 0.0, 0.4, 0.5]"
d1-3b,typed_agent_trace_observability,agent_trace_observability_000048,risk,score,1,0,"[""0"", ""1"", ""2"", ""3""]","[0.7012075329523731, 0.27033958634706745, 0.017970677394396378, 0.010482203306162952]","[0.25, 0.616667, 0.116667, 0.016667]"
d1-3b,typed_agent_trace_observability,agent_trace_observability_000048,urgency,score,1,1,"[""0"", ""1"", ""2"", ""3""]","[0.30284364880273357, 0.45462216245369735, 0.15711321526054484, 0.08542097348302424]","[0.283333, 0.466667, 0.2, 0.05]"
d1-3b,typed_agent_trace_observability,agent_trace_observability_000049,action,choice,2,0,"[""continue"", ""human_review"", ""observe"", ""stop""]","[0.5784082185850368, 0.21278449222203277, 0.04565975977487338, 0.16314752941805707]","[0.333333, 0.15, 0.483333, 0.033333]"
d1-3b,typed_agent_trace_observability,agent_trace_observability_000049,needs_review,noul,0,0,"[""false"", ""true""]","[0.7745833841649233, 0.2254166158350767]","[0.656667, 0.343333]"
d1-3b,typed_agent_trace_observability,agent_trace_observability_000049,outcome,choice,3,2,"[""failure"", ""harmful"", ""partial"", ""success""]","[0.22498576362336709, 0.19394985134351111, 0.3680521453376317, 0.2130122396954901]","[0.043333, 0.026667, 0.19, 0.74]"
d1-3b,typed_agent_trace_observability,agent_trace_observability_000049,risk,score,2,2,"[""0"", ""1"", ""2"", ""3""]","[0.0949855446446278, 0.2058529787063285, 0.5508911382435328, 0.1482703384055109]","[0.09, 0.293333, 0.55, 0.066667]"
d1-3b,typed_agent_trace_observability,agent_trace_observability_000049,urgency,score,0,1,"[""0"", ""1"", ""2"", ""3""]","[0.21647830133117196, 0.4728320812915335, 0.241498996455789, 0.06919062092150559]","[0.5, 0.35, 0.113333, 0.036667]"
d1-3b,typed_agent_trace_observability,agent_trace_observability_000050,action,choice,1,0,"[""continue"", ""human_review"", ""observe"", ""stop""]","[0.6262389545552729, 0.13864538895827774, 0.13756644198147186, 0.09754921450497736]","[0.1, 0.45, 0.4, 0.05]"
d1-3b,typed_agent_trace_observability,agent_trace_observability_000050,needs_review,noul,1,0,"[""false"", ""true""]","[0.6992544210587586, 0.3007455789412415]","[0.4, 0.6]"
d1-3b,typed_agent_trace_observability,agent_trace_observability_000050,outcome,choice,2,2,"[""failure"", ""harmful"", ""partial"", ""success""]","[0.17037760879024305, 0.08978269062069194, 0.6281033367822716, 0.11173636380679351]","[0.233333, 0.0, 0.566667, 0.2]"
d1-3b,typed_agent_trace_observability,agent_trace_observability_000050,risk,score,2,2,"[""0"", ""1"", ""2"", ""3""]","[0.15659437002186727, 0.2387779000977131, 0.5465680565839982, 0.05805967329642144]","[0.1, 0.433333, 0.433333, 0.033333]"
d1-3b,typed_agent_trace_observability,agent_trace_observability_000050,urgency,score,1,1,"[""0"", ""1"", ""2"", ""3""]","[0.14921121181589567, 0.6583507415415724, 0.1316784322584219, 0.06075961438411002]","[0.216667, 0.583333, 0.183333, 0.016667]"
d1-3b,typed_agent_trace_observability,agent_trace_observability_000051,action,choice,2,0,"[""continue"", ""human_review"", ""observe"", ""stop""]","[0.3950736556001781, 0.2890420610221732, 0.06865350708702599, 0.24723077629062276]","[0.183333, 0.25, 0.533333, 0.033333]"
d1-3b,typed_agent_trace_observability,agent_trace_observability_000051,needs_review,noul,0,0,"[""false"", ""true""]","[0.5544704649604273, 0.4455295350395727]","[0.683333, 0.316667]"
d1-3b,typed_agent_trace_observability,agent_trace_observability_000051,outcome,choice,2,2,"[""failure"", ""harmful"", ""partial"", ""success""]","[0.24016605125307883, 0.017949828567370728, 0.6528390129340078, 0.08904510724554265]","[0.443333, 0.016667, 0.46, 0.08]"
d1-3b,typed_agent_trace_observability,agent_trace_observability_000051,risk,score,0,0,"[""0"", ""1"", ""2"", ""3""]","[0.8413364946879995, 0.09739176828400753, 0.03813916445202037, 0.02313257257597253]","[0.793333, 0.14, 0.06, 0.006667]"
d1-3b,typed_agent_trace_observability,agent_trace_observability_000051,urgency,score,0,1,"[""0"", ""1"", ""2"", ""3""]","[0.2665561955608009, 0.40014824322836556, 0.23523501694714047, 0.09806054426369312]","[0.65, 0.233333, 0.1, 0.016667]"
d1-3b,typed_agent_trace_observability,agent_trace_observability_000052,action,choice,2,3,"[""continue"", ""human_review"", ""observe"", ""stop""]","[0.23268505219933355, 0.24963462077041954, 0.0476436011197966, 0.4700367259104503]","[0.25, 0.133333, 0.583333, 0.033333]"
d1-3b,typed_agent_trace_observability,agent_trace_observability_000052,needs_review,noul,0,1,"[""false"", ""true""]","[0.341582499438317, 0.658417500561683]","[0.81, 0.19]"
d1-3b,typed_agent_trace_observability,agent_trace_observability_000052,outcome,choice,3,1,"[""failure"", ""harmful"", ""partial"", ""success""]","[0.060563345527292034, 0.33516647570346386, 0.28445209344359884, 0.31981808532564526]","[0.056667, 0.01, 0.366667, 0.566667]"
d1-3b,typed_agent_trace_observability,agent_trace_observability_000052,risk,score,1,2,"[""0"", ""1"", ""2"", ""3""]","[0.03696183687555651, 0.0740839155436916, 0.730888519892213, 0.15806572768853885]","[0.316667, 0.333333, 0.313333, 0.036667]"
d1-3b,typed_agent_trace_observability,agent_trace_observability_000052,urgency,score,1,2,"[""0"", ""1"", ""2"", ""3""]","[0.10892806248279172, 0.2825378961140402, 0.37430189853519996, 0.23423214286796826]","[0.333333, 0.45, 0.183333, 0.033333]"
d1-3b,typed_agent_trace_observability,agent_trace_observability_000053,action,choice,2,0,"[""continue"", ""human_review"", ""observe"", ""stop""]","[0.5365865061833653, 0.2117783673501143, 0.058808728678094294, 0.1928263977884262]","[0.233333, 0.266667, 0.483333, 0.016667]"
d1-3b,typed_agent_trace_observability,agent_trace_observability_000053,needs_review,noul,0,0,"[""false"", ""true""]","[0.5583269943353745, 0.44167300566462553]","[0.6, 0.4]"
d1-3b,typed_agent_trace_observability,agent_trace_observability_000053,outcome,choice,3,2,"[""failure"", ""harmful"", ""partial"", ""success""]","[0.24300781704852037, 0.011277178837688051, 0.6061673552652128, 0.1395476488485788]","[0.116667, 0.016667, 0.383333, 0.483333]"
d1-3b,typed_agent_trace_observability,agent_trace_observability_000053,risk,score,1,0,"[""0"", ""1"", ""2"", ""3""]","[0.47808091917411666, 0.4633719156325527, 0.03601165028531069, 0.02253551490802004]","[0.2, 0.65, 0.133333, 0.016667]"
d1-3b,typed_agent_trace_observability,agent_trace_observability_000053,urgency,score,1,1,"[""0"", ""1"", ""2"", ""3""]","[0.3115333654832386, 0.3368478837096269, 0.23151193905705478, 0.12010681175007974]","[0.3, 0.466667, 0.2, 0.033333]"
d1-3b,typed_agent_trace_observability,agent_trace_observability_000054,action,choice,2,0,"[""continue"", ""human_review"", ""observe"", ""stop""]","[0.7186199112279984, 0.12783879839124535, 0.05628666115524561, 0.09725462922551065]","[0.4, 0.2, 0.4, 0.0]"
d1-3b,typed_agent_trace_observability,agent_trace_observability_000054,needs_review,noul,0,0,"[""false"", ""true""]","[0.8354835371034368, 0.1645164628965632]","[0.75, 0.25]"
d1-3b,typed_agent_trace_observability,agent_trace_observability_000054,outcome,choice,3,2,"[""failure"", ""harmful"", ""partial"", ""success""]","[0.258209871597368, 0.010249308194114385, 0.5773566636110328, 0.15418415659748486]","[0.2, 0.0, 0.333333, 0.466667]"
d1-3b,typed_agent_trace_observability,agent_trace_observability_000054,risk,score,0,0,"[""0"", ""1"", ""2"", ""3""]","[0.9284903709383698, 0.056638275949787674, 0.008159517278524254, 0.006711835833318265]","[0.8, 0.2, 0.0, 0.0]"
d1-3b,typed_agent_trace_observability,agent_trace_observability_000054,urgency,score,0,1,"[""0"", ""1"", ""2"", ""3""]","[0.1222881738215161, 0.6928096872562068, 0.1429693597631172, 0.04193277915915982]","[0.766667, 0.233333, 0.0, 0.0]"
d1-3b,typed_agent_trace_observability,agent_trace_observability_000055,action,choice,0,0,"[""continue"", ""human_review"", ""observe"", ""stop""]","[0.6770583128171653, 0.15345116964388758, 0.026458299858394842, 0.14303221768055227]","[0.466667, 0.296667, 0.216667, 0.02]"
d1-3b,typed_agent_trace_observability,agent_trace_observability_000055,needs_review,noul,0,0,"[""false"", ""true""]","[0.8633916099737806, 0.13660839002621938]","[0.66, 0.34]"
d1-3b,typed_agent_trace_observability,agent_trace_observability_000055,outcome,choice,3,3,"[""failure"", ""harmful"", ""partial"", ""success""]","[0.18486562789316835, 0.0083150466706565, 0.3347484068899967, 0.47207091854617844]","[0.05, 0.006667, 0.376667, 0.566667]"
d1-3b,typed_agent_trace_observability,agent_trace_observability_000055,risk,score,0,0,"[""0"", ""1"", ""2"", ""3""]","[0.5053224016653248, 0.4601012825537216, 0.024006428405504036, 0.010569887375449585]","[0.7, 0.266667, 0.03, 0.003333]"
d1-3b,typed_agent_trace_observability,agent_trace_observability_000055,urgency,score,0,1,"[""0"", ""1"", ""2"", ""3""]","[0.20173811711811487, 0.5837485974778249, 0.17255575581677712, 0.041957529587283215]","[0.533333, 0.383333, 0.066667, 0.016667]"
d1-3b,typed_agent_trace_observability,agent_trace_observability_000056,action,choice,0,0,"[""continue"", ""human_review"", ""observe"", ""stop""]","[0.7456559187093734, 0.08699292198303828, 0.10012823944054701, 0.06722291986704138]","[0.633333, 0.06, 0.3, 0.006667]"
d1-3b,typed_agent_trace_observability,agent_trace_observability_000056,needs_review,noul,0,0,"[""false"", ""true""]","[0.9099070060380482, 0.09009299396195182]","[0.866667, 0.133333]"
d1-3b,typed_agent_trace_observability,agent_trace_observability_000056,outcome,choice,3,2,"[""failure"", ""harmful"", ""partial"", ""success""]","[0.24342408022091042, 0.009512603545830835, 0.6167677953182931, 0.1302955209149658]","[0.03, 0.003333, 0.25, 0.716667]"
d1-3b,typed_agent_trace_observability,agent_trace_observability_000056,risk,score,1,0,"[""0"", ""1"", ""2"", ""3""]","[0.5268054284686992, 0.43673703981605366, 0.024068255532954313, 0.012389276182292852]","[0.35, 0.566667, 0.073333, 0.01]"
d1-3b,typed_agent_trace_observability,agent_trace_observability_000056,urgency,score,0,1,"[""0"", ""1"", ""2"", ""3""]","[0.34243633318744005, 0.4003486337680826, 0.1567787776159503, 0.1004362554285269]","[0.526667, 0.333333, 0.133333, 0.006667]"
d1-3b,typed_agent_trace_observability,agent_trace_observability_000057,action,choice,2,0,"[""continue"", ""human_review"", ""observe"", ""stop""]","[0.6148294775421241, 0.1460348011098379, 0.1371869997879496, 0.10194872156008845]","[0.316667, 0.116667, 0.55, 0.016667]"
d1-3b,typed_agent_trace_observability,agent_trace_observability_000057,needs_review,noul,0,0,"[""false"", ""true""]","[0.5621765008857982, 0.4378234991142019]","[0.666667, 0.333333]"
d1-3b,typed_agent_trace_observability,agent_trace_observability_000057,outcome,choice,3,2,"[""failure"", ""harmful"", ""partial"", ""success""]","[0.1988164508893372, 0.009976123038492449, 0.553255290655486, 0.23795213541668442]","[0.15, 0.016667, 0.416667, 0.416667]"
d1-3b,typed_agent_trace_observability,agent_trace_observability_000057,risk,score,1,0,"[""0"", ""1"", ""2"", ""3""]","[0.5488686080202431, 0.3031140335967456, 0.1097806279533203, 0.03823673042969109]","[0.216667, 0.6, 0.166667, 0.016667]"
d1-3b,typed_agent_trace_observability,agent_trace_observability_000057,urgency,score,1,1,"[""0"", ""1"", ""2"", ""3""]","[0.2680523507585563, 0.3780144037627547, 0.2292773256951014, 0.12465591978358735]","[0.133333, 0.566667, 0.25, 0.05]"
d1-3b,typed_agent_trace_observability,agent_trace_observability_000058,action,choice,2,0,"[""continue"", ""human_review"", ""observe"", ""stop""]","[0.6732964234890892, 0.11518743643889287, 0.06361254400137577, 0.14790359607064218]","[0.15, 0.39, 0.41, 0.05]"
d1-3b,typed_agent_trace_observability,agent_trace_observability_000058,needs_review,noul,1,0,"[""false"", ""true""]","[0.8056321889812553, 0.19436781101874467]","[0.426667, 0.573333]"
d1-3b,typed_agent_trace_observability,agent_trace_observability_000058,outcome,choice,2,3,"[""failure"", ""harmful"", ""partial"", ""success""]","[0.1405513083205207, 0.011996741915557087, 0.39727753056546117, 0.45017441919846113]","[0.333333, 0.05, 0.46, 0.156667]"
d1-3b,typed_agent_trace_observability,agent_trace_observability_000058,risk,score,1,0,"[""0"", ""1"", ""2"", ""3""]","[0.7867795909891636, 0.16751504144702759, 0.0273460787847661, 0.01835928877904266]","[0.4, 0.466667, 0.11, 0.023333]"
d1-3b,typed_agent_trace_observability,agent_trace_observability_000058,urgency,score,1,1,"[""0"", ""1"", ""2"", ""3""]","[0.3082192603600329, 0.4484563776438199, 0.13256345202289413, 0.11076090997325319]","[0.133333, 0.566667, 0.283333, 0.016667]"
d1-3b,typed_agent_trace_observability,agent_trace_observability_000059,action,choice,1,3,"[""continue"", ""human_review"", ""observe"", ""stop""]","[0.03237720957623262, 0.36765399582849845, 0.02156787129161514, 0.5784009233036538]","[0.05, 0.666667, 0.166667, 0.116667]"
d1-3b,typed_agent_trace_observability,agent_trace_observability_000059,needs_review,noul,1,1,"[""false"", ""true""]","[0.1242130083520534, 0.8757869916479466]","[0.196667, 0.803333]"
d1-3b,typed_agent_trace_observability,agent_trace_observability_000059,outcome,choice,1,1,"[""failure"", ""harmful"", ""partial"", ""success""]","[0.08456755592023452, 0.7899152753335384, 0.11116195514620722, 0.014355213600019845]","[0.133333, 0.5, 0.283333, 0.083333]"
d1-3b,typed_agent_trace_observability,agent_trace_observability_000059,risk,score,3,3,"[""0"", ""1"", ""2"", ""3""]","[0.011035076568702706, 0.01777230733961861, 0.44773609196248815, 0.5234565241291905]","[0.033333, 0.1, 0.266667, 0.6]"
d1-3b,typed_agent_trace_observability,agent_trace_observability_000059,urgency,score,3,2,"[""0"", ""1"", ""2"", ""3""]","[0.06047384467034226, 0.11933067871275348, 0.41650499405420083, 0.4036904825627035]","[0.033333, 0.133333, 0.3, 0.533333]"
d1-3b,typed_agent_trace_observability,agent_trace_observability_000060,action,choice,0,0,"[""continue"", ""human_review"", ""observe"", ""stop""]","[0.7882244515409689, 0.07989556835021225, 0.03773999420087388, 0.094139985907945]","[0.736667, 0.043333, 0.213333, 0.006667]"
d1-3b,typed_agent_trace_observability,agent_trace_observability_000060,needs_review,noul,0,0,"[""false"", ""true""]","[0.9032942067038785, 0.09670579329612154]","[0.903333, 0.096667]"
d1-3b,typed_agent_trace_observability,agent_trace_observability_000060,outcome,choice,3,2,"[""failure"", ""harmful"", ""partial"", ""success""]","[0.16060855955756254, 0.009570233434259907, 0.5104129466804138, 0.31940826032776376]","[0.053333, 0.01, 0.186667, 0.75]"
d1-3b,typed_agent_trace_observability,agent_trace_observability_000060,risk,score,1,0,"[""0"", ""1"", ""2"", ""3""]","[0.6212503520806115, 0.3430870291011568, 0.02316567469673778, 0.01249694412149384]","[0.443333, 0.496667, 0.05, 0.01]"
d1-3b,typed_agent_trace_observability,agent_trace_observability_000060,urgency,score,0,1,"[""0"", ""1"", ""2"", ""3""]","[0.1876498731882345, 0.4943915674117508, 0.24094720661192467, 0.07701135278809013]","[0.54, 0.346667, 0.103333, 0.01]"
d1-3b,typed_agent_trace_observability,agent_trace_observability_000061,action,choice,1,3,"[""continue"", ""human_review"", ""observe"", ""stop""]","[0.21892224884537123, 0.3015781355592273, 0.06729117768459526, 0.4122084379108063]","[0.083333, 0.433333, 0.433333, 0.05]"
d1-3b,typed_agent_trace_observability,agent_trace_observability_000061,needs_review,noul,0,1,"[""false"", ""true""]","[0.4301473485858429, 0.5698526514141571]","[0.53, 0.47]"
d1-3b,typed_agent_trace_observability,agent_trace_observability_000061,outcome,choice,3,2,"[""failure"", ""harmful"", ""partial"", ""success""]","[0.2530322547242842, 0.2672553235995608, 0.37984640347607157, 0.09986601820008344]","[0.063333, 0.003333, 0.25, 0.683333]"
d1-3b,typed_agent_trace_observability,agent_trace_observability_000061,risk,score,2,2,"[""0"", ""1"", ""2"", ""3""]","[0.05976503959892471, 0.19904797337489374, 0.4774912656432533, 0.2636957213829283]","[0.116667, 0.383333, 0.433333, 0.066667]"
d1-3b,typed_agent_trace_observability,agent_trace_observability_000061,urgency,score,1,1,"[""0"", ""1"", ""2"", ""3""]","[0.16343648251843526, 0.3353498880553259, 0.2913570318585261, 0.20985659756771263]","[0.15, 0.383333, 0.366667, 0.1]"
d1-3b,typed_agent_trace_observability,agent_trace_observability_000062,action,choice,0,0,"[""continue"", ""human_review"", ""observe"", ""stop""]","[0.7382434725060631, 0.10148374914701665, 0.10552640212725581, 0.05474637621966436]","[0.533333, 0.1, 0.366667, 0.0]"
d1-3b,typed_agent_trace_observability,agent_trace_observability_000062,needs_review,noul,0,1,"[""false"", ""true""]","[0.49218813572079556, 0.5078118642792044]","[0.85, 0.15]"
d1-3b,typed_agent_trace_observability,agent_trace_observability_000062,outcome,choice,3,2,"[""failure"", ""harmful"", ""partial"", ""success""]","[0.247669417852735, 0.010881834772743574, 0.6474440395353946, 0.09400470783912679]","[0.083333, 0.0, 0.283333, 0.633333]"
d1-3b,typed_agent_trace_observability,agent_trace_observability_000062,risk,score,1,0,"[""0"", ""1"", ""2"", ""3""]","[0.7900333995972233, 0.12696992184451, 0.059509604669348265, 0.023487073888918474]","[0.466667, 0.483333, 0.05, 0.0]"
d1-3b,typed_agent_trace_observability,agent_trace_observability_000062,urgency,score,0,1,"[""0"", ""1"", ""2"", ""3""]","[0.24671733695548143, 0.47556011391267605, 0.18334475663291153, 0.094377792498931]","[0.566667, 0.366667, 0.05, 0.016667]"
d1-3b,typed_agent_trace_observability,agent_trace_observability_000063,action,choice,1,1,"[""continue"", ""human_review"", ""observe"", ""stop""]","[0.11824359992273885, 0.46402313116499044, 0.044880208307320944, 0.3728530606049497]","[0.033333, 0.573333, 0.1, 0.293333]"
d1-3b,typed_agent_trace_observability,agent_trace_observability_000063,needs_review,noul,1,1,"[""false"", ""true""]","[0.18010666408646392, 0.8198933359135361]","[0.14, 0.86]"
d1-3b,typed_agent_trace_observability,agent_trace_observability_000063,outcome,choice,1,1,"[""failure"", ""harmful"", ""partial"", ""success""]","[0.14862586697005847, 0.7315621565905627, 0.10135403536787845, 0.018457941071500377]","[0.073333, 0.743333, 0.166667, 0.016667]"
d1-3b,typed_agent_trace_observability,agent_trace_observability_000063,risk,score,3,2,"[""0"", ""1"", ""2"", ""3""]","[0.01644676650727796, 0.02797689225900089, 0.5663381811555395, 0.3892381600781817]","[0.016667, 0.05, 0.366667, 0.566667]"
d1-3b,typed_agent_trace_observability,agent_trace_observability_000063,urgency,score,3,2,"[""0"", ""1"", ""2"", ""3""]","[0.04164858599110771, 0.048692130139080844, 0.45838292622106247, 0.451276357648749]","[0.016667, 0.1, 0.366667, 0.516667]"
d1-3b,typed_agent_trace_observability,agent_trace_observability_000064,action,choice,2,0,"[""continue"", ""human_review"", ""observe"", ""stop""]","[0.5522761059368012, 0.20002115043612892, 0.06699869309375175, 0.1807040505333182]","[0.316667, 0.216667, 0.416667, 0.05]"
d1-3b,typed_agent_trace_observability,agent_trace_observability_000064,needs_review,noul,0,0,"[""false"", ""true""]","[0.5964331462646255, 0.40356685373537454]","[0.666667, 0.333333]"
d1-3b,typed_agent_trace_observability,agent_trace_observability_000064,outcome,choice,2,2,"[""failure"", ""harmful"", ""partial"", ""success""]","[0.20920498065968732, 0.01316668189778453, 0.624570703938421, 0.15305763350410714]","[0.283333, 0.016667, 0.493333, 0.206667]"
d1-3b,typed_agent_trace_observability,agent_trace_observability_000064,risk,score,0,0,"[""0"", ""1"", ""2"", ""3""]","[0.7551432927819614, 0.1765814994410157, 0.04161538884434391, 0.026659818932679078]","[0.683333, 0.266667, 0.046667, 0.003333]"
d1-3b,typed_agent_trace_observability,agent_trace_observability_000064,urgency,score,0,0,"[""0"", ""1"", ""2"", ""3""]","[0.42946555487330657, 0.36734135560037223, 0.12498160169242904, 0.07821148783389222]","[0.4, 0.366667, 0.2, 0.033333]"
d1-3b,typed_agent_trace_observability,agent_trace_observability_000065,action,choice,1,3,"[""continue"", ""human_review"", ""observe"", ""stop""]","[0.11301415627581236, 0.23925097071336218, 0.16443462711162668, 0.48330024589919873]","[0.016667, 0.583333, 0.066667, 0.333333]"
d1-3b,typed_agent_trace_observability,agent_trace_observability_000065,needs_review,noul,1,1,"[""false"", ""true""]","[0.18010666408646392, 0.8198933359135361]","[0.073333, 0.926667]"
d1-3b,typed_agent_trace_observability,agent_trace_observability_000065,outcome,choice,1,1,"[""failure"", ""harmful"", ""partial"", ""success""]","[0.22208312505379968, 0.40529461576030507, 0.35212606439481686, 0.020496194791078358]","[0.116667, 0.8, 0.083333, 0.0]"
d1-3b,typed_agent_trace_observability,agent_trace_observability_000065,risk,score,3,2,"[""0"", ""1"", ""2"", ""3""]","[0.02755678433676985, 0.07789106599186686, 0.5666185129969169, 0.32793363667444636]","[0.0, 0.05, 0.25, 0.7]"
d1-3b,typed_agent_trace_observability,agent_trace_observability_000065,urgency,score,3,2,"[""0"", ""1"", ""2"", ""3""]","[0.0648427187990239, 0.13098589254162885, 0.4396711789145122, 0.3645002097448351]","[0.016667, 0.116667, 0.366667, 0.5]"
d1-3b,typed_agent_trace_observability,agent_trace_observability_000066,action,choice,2,0,"[""continue"", ""human_review"", ""observe"", ""stop""]","[0.5548881988473389, 0.18155872406387563, 0.1516979920485524, 0.11185508504023313]","[0.15, 0.35, 0.416667, 0.083333]"
d1-3b,typed_agent_trace_observability,agent_trace_observability_000066,needs_review,noul,1,1,"[""false"", ""true""]","[0.4035668537353746, 0.5964331462646254]","[0.483333, 0.516667]"
d1-3b,typed_agent_trace_observability,agent_trace_observability_000066,outcome,choice,2,2,"[""failure"", ""harmful"", ""partial"", ""success""]","[0.2665801910652272, 0.012084517682141058, 0.6102081343988986, 0.11112715685373326]","[0.366667, 0.0, 0.45, 0.183333]"
d1-3b,typed_agent_trace_observability,agent_trace_observability_000066,risk,score,1,0,"[""0"", ""1"", ""2"", ""3""]","[0.7153460076525795, 0.14761999233617812, 0.09165933760720064, 0.04537466240404181]","[0.4, 0.516667, 0.083333, 0.0]"
d1-3b,typed_agent_trace_observability,agent_trace_observability_000066,urgency,score,1,1,"[""0"", ""1"", ""2"", ""3""]","[0.24042337760057084, 0.37237501172771903, 0.2480552348480564, 0.1391463758236537]","[0.333333, 0.566667, 0.1, 0.0]"
d1-3b,typed_agent_trace_observability,agent_trace_observability_000067,action,choice,0,0,"[""continue"", ""human_review"", ""observe"", ""stop""]","[0.797122257190437, 0.07709747757464343, 0.025226198153200565, 0.10055406708171916]","[0.5, 0.07, 0.423333, 0.006667]"
d1-3b,typed_agent_trace_observability,agent_trace_observability_000067,needs_review,noul,0,0,"[""false"", ""true""]","[0.9173026573249612, 0.08269734267503885]","[0.9, 0.1]"
d1-3b,typed_agent_trace_observability,agent_trace_observability_000067,outcome,choice,3,3,"[""failure"", ""harmful"", ""partial"", ""success""]","[0.3725380256432385, 0.007731780055000791, 0.20413399467698048, 0.4155961996247803]","[0.04, 0.01, 0.1, 0.85]"
d1-3b,typed_agent_trace_observability,agent_trace_observability_000067,risk,score,0,0,"[""0"", ""1"", ""2"", ""3""]","[0.9380043475338402, 0.0449114190344064, 0.009637190111203687, 0.00744704332054973]","[0.92, 0.066667, 0.011667, 0.001667]"
d1-3b,typed_agent_trace_observability,agent_trace_observability_000067,urgency,score,0,1,"[""0"", ""1"", ""2"", ""3""]","[0.20934148157943258, 0.6652858525706796, 0.09659522426878743, 0.028777441581100422]","[0.8, 0.166667, 0.026667, 0.006667]"
d1-3b,typed_agent_trace_observability,agent_trace_observability_000068,action,choice,2,0,"[""continue"", ""human_review"", ""observe"", ""stop""]","[0.5476434275336729, 0.2300822596148935, 0.06290098953640862, 0.1593733233150251]","[0.083333, 0.416667, 0.433333, 0.066667]"
d1-3b,typed_agent_trace_observability,agent_trace_observability_000068,needs_review,noul,1,1,"[""false"", ""true""]","[0.47268347662043286, 0.5273165233795671]","[0.393333, 0.606667]"
d1-3b,typed_agent_trace_observability,agent_trace_observability_000068,outcome,choice,2,2,"[""failure"", ""harmful"", ""partial"", ""success""]","[0.2973106840400325, 0.012081225865101953, 0.5468380375005262, 0.14377005259433934]","[0.306667, 0.016667, 0.55, 0.126667]"
d1-3b,typed_agent_trace_observability,agent_trace_observability_000068,risk,score,0,0,"[""0"", ""1"", ""2"", ""3""]","[0.8616775506920537, 0.08077710969673604, 0.03528890574011262, 0.022256433871097835]","[0.65, 0.273333, 0.073333, 0.003333]"
d1-3b,typed_agent_trace_observability,agent_trace_observability_000068,urgency,score,1,1,"[""0"", ""1"", ""2"", ""3""]","[0.26739509606022327, 0.4206715341134171, 0.19871116240542902, 0.11322220742093053]","[0.183333, 0.483333, 0.3, 0.033333]"
d1-3b,typed_agent_trace_observability,agent_trace_observability_000069,action,choice,3,3,"[""continue"", ""human_review"", ""observe"", ""stop""]","[0.031072700571120507, 0.34198508963598734, 0.036044963259352726, 0.5908972465335395]","[0.02, 0.45, 0.063333, 0.466667]"
d1-3b,typed_agent_trace_observability,agent_trace_observability_000069,needs_review,noul,1,1,"[""false"", ""true""]","[0.2018132222603788, 0.7981867777396212]","[0.056667, 0.943333]"
d1-3b,typed_agent_trace_observability,agent_trace_observability_000069,outcome,choice,1,1,"[""failure"", ""harmful"", ""partial"", ""success""]","[0.08743466273148437, 0.7436100735788426, 0.14989788607816298, 0.019057377611510024]","[0.083333, 0.816667, 0.076667, 0.023333]"
d1-3b,typed_agent_trace_observability,agent_trace_observability_000069,risk,score,3,3,"[""0"", ""1"", ""2"", ""3""]","[0.01595320558681497, 0.01836202707563189, 0.371703794691366, 0.5939809726461872]","[0.003333, 0.03, 0.316667, 0.65]"
d1-3b,typed_agent_trace_observability,agent_trace_observability_000069,urgency,score,3,2,"[""0"", ""1"", ""2"", ""3""]","[0.06237505112070925, 0.14277791393768985, 0.40673642597948906, 0.3881106089621118]","[0.016667, 0.066667, 0.266667, 0.65]"
d1-3b,typed_agent_trace_observability,agent_trace_observability_000070,action,choice,2,0,"[""continue"", ""human_review"", ""observe"", ""stop""]","[0.5866433254766557, 0.1268705166538488, 0.05854112580465989, 0.22794503206483568]","[0.316667, 0.193333, 0.45, 0.04]"
d1-3b,typed_agent_trace_observability,agent_trace_observability_000070,needs_review,noul,0,0,"[""false"", ""true""]","[0.8596637505099167, 0.14033624949008322]","[0.676667, 0.323333]"
d1-3b,typed_agent_trace_observability,agent_trace_observability_000070,outcome,choice,3,3,"[""failure"", ""harmful"", ""partial"", ""success""]","[0.14755078558705623, 0.12719672778111557, 0.34846835602781817, 0.37678413060401]","[0.063333, 0.026667, 0.266667, 0.643333]"
d1-3b,typed_agent_trace_observability,agent_trace_observability_000070,risk,score,2,2,"[""0"", ""1"", ""2"", ""3""]","[0.13108883800255253, 0.32444799003314984, 0.47206903998836475, 0.07239413197593289]","[0.073333, 0.236667, 0.616667, 0.073333]"
d1-3b,typed_agent_trace_observability,agent_trace_observability_000070,urgency,score,1,1,"[""0"", ""1"", ""2"", ""3""]","[0.18087656842227212, 0.5316257988443257, 0.19865404732805317, 0.0888435854053489]","[0.116667, 0.416667, 0.383333, 0.083333]"
d1-3b,typed_agent_trace_observability,agent_trace_observability_000071,action,choice,0,0,"[""continue"", ""human_review"", ""observe"", ""stop""]","[0.7649214754722575, 0.08717330791086368, 0.11730450751002182, 0.030600709106857034]","[0.533333, 0.116667, 0.333333, 0.016667]"
d1-3b,typed_agent_trace_observability,agent_trace_observability_000071,needs_review,noul,0,0,"[""false"", ""true""]","[0.8354835371034368, 0.1645164628965632]","[0.833333, 0.166667]"
d1-3b,typed_agent_trace_observability,agent_trace_observability_000071,outcome,choice,3,2,"[""failure"", ""harmful"", ""partial"", ""success""]","[0.22040577297303224, 0.012337677233639252, 0.6788975755103362, 0.0883589742829922]","[0.1, 0.0, 0.316667, 0.583333]"
d1-3b,typed_agent_trace_observability,agent_trace_observability_000071,risk,score,0,0,"[""0"", ""1"", ""2"", ""3""]","[0.6286543639550224, 0.30163166021229365, 0.03254566255065308, 0.03716831328203085]","[0.566667, 0.383333, 0.05, 0.0]"
d1-3b,typed_agent_trace_observability,agent_trace_observability_000071,urgency,score,0,1,"[""0"", ""1"", ""2"", ""3""]","[0.2696032695555277, 0.46583267652507876, 0.20671199715587352, 0.05785205676352004]","[0.633333, 0.283333, 0.083333, 0.0]"
d1-3b,typed_agent_trace_observability,agent_trace_observability_000072,action,choice,2,3,"[""continue"", ""human_review"", ""observe"", ""stop""]","[0.23039163156404804, 0.24334205975192258, 0.04982568463640878, 0.47644062404762066]","[0.183333, 0.35, 0.4, 0.066667]"
d1-3b,typed_agent_trace_observability,agent_trace_observability_000072,needs_review,noul,1,0,"[""false"", ""true""]","[0.5039061705290805, 0.4960938294709195]","[0.416667, 0.583333]"
d1-3b,typed_agent_trace_observability,agent_trace_observability_000072,outcome,choice,2,2,"[""failure"", ""harmful"", ""partial"", ""success""]","[0.3165382825411431, 0.2996924224340113, 0.35589355743183976, 0.02787573759300594]","[0.123333, 0.026667, 0.533333, 0.316667]"
d1-3b,typed_agent_trace_observability,agent_trace_observability_000072,risk,score,2,2,"[""0"", ""1"", ""2"", ""3""]","[0.08376009745836252, 0.06176082291969111, 0.4671763129020167, 0.3873027667199297]","[0.066667, 0.3, 0.55, 0.083333]"
d1-3b,typed_agent_trace_observability,agent_trace_observability_000072,urgency,score,2,2,"[""0"", ""1"", ""2"", ""3""]","[0.17852488095385355, 0.2365070413415503, 0.3084633330232161, 0.27650474468138003]","[0.2, 0.333333, 0.366667, 0.1]"
d1-3b,typed_agent_trace_observability,agent_trace_observability_000073,action,choice,1,3,"[""continue"", ""human_review"", ""observe"", ""stop""]","[0.26551669771118325, 0.3008698352748394, 0.07910216384951504, 0.3545113031644624]","[0.09, 0.533333, 0.326667, 0.05]"
d1-3b,typed_agent_trace_observability,agent_trace_observability_000073,needs_review,noul,1,1,"[""false"", ""true""]","[0.32766830082071396, 0.672331699179286]","[0.373333, 0.626667]"
d1-3b,typed_agent_trace_observability,agent_trace_observability_000073,outcome,choice,3,0,"[""failure"", ""harmful"", ""partial"", ""success""]","[0.7430175617669843, 0.029724442309428, 0.17786630645143175, 0.04939168947215599]","[0.063333, 0.026667, 0.266667, 0.643333]"
d1-3b,typed_agent_trace_observability,agent_trace_observability_000073,risk,score,2,2,"[""0"", ""1"", ""2"", ""3""]","[0.27358633395704585, 0.17942229827410278, 0.4581708894141709, 0.0888204783546804]","[0.106667, 0.21, 0.583333, 0.1]"
d1-3b,typed_agent_trace_observability,agent_trace_observability_000073,urgency,score,2,3,"[""0"", ""1"", ""2"", ""3""]","[0.05914093958268287, 0.029276888071371538, 0.42025467717345233, 0.4913274951724933]","[0.093333, 0.306667, 0.476667, 0.123333]"
d1-3b,typed_agent_trace_observability,agent_trace_observability_000074,action,choice,0,0,"[""continue"", ""human_review"", ""observe"", ""stop""]","[0.5889955132206256, 0.1727518317389015, 0.14210178065168985, 0.09615087438878327]","[0.6, 0.05, 0.35, 0.0]"
d1-3b,typed_agent_trace_observability,agent_trace_observability_000074,needs_review,noul,0,1,"[""false"", ""true""]","[0.3486451353339458, 0.6513548646660542]","[0.916667, 0.083333]"
d1-3b,typed_agent_trace_observability,agent_trace_observability_000074,outcome,choice,3,0,"[""failure"", ""harmful"", ""partial"", ""success""]","[0.909428318990885, 0.008574165591540086, 0.05813780735389868, 0.023859708063676075]","[0.183333, 0.0, 0.166667, 0.65]"
d1-3b,typed_agent_trace_observability,agent_trace_observability_000074,risk,score,0,0,"[""0"", ""1"", ""2"", ""3""]","[0.778936548418993, 0.1582505584528636, 0.04463661962440938, 0.01817627350373404]","[0.783333, 0.216667, 0.0, 0.0]"
d1-3b,typed_agent_trace_observability,agent_trace_observability_000074,urgency,score,0,3,"[""0"", ""1"", ""2"", ""3""]","[0.07423272153183412, 0.026468491986744464, 0.40761782987856326, 0.4916809566028582]","[0.866667, 0.133333, 0.0, 0.0]"
d1-3b,typed_agent_trace_observability,agent_trace_observability_000075,action,choice,2,0,"[""continue"", ""human_review"", ""observe"", ""stop""]","[0.7475981791515074, 0.11921494687139254, 0.036643667854191576, 0.0965432061229085]","[0.383333, 0.15, 0.45, 0.016667]"
d1-3b,typed_agent_trace_observability,agent_trace_observability_000075,needs_review,noul,0,0,"[""false"", ""true""]","[0.888758793492457, 0.11124120650754304]","[0.766667, 0.233333]"
d1-3b,typed_agent_trace_observability,agent_trace_observability_000075,outcome,choice,3,2,"[""failure"", ""harmful"", ""partial"", ""success""]","[0.24123528408246214, 0.010766050811311108, 0.42338110875206575, 0.32461755635416106]","[0.1, 0.0, 0.433333, 0.466667]"
d1-3b,typed_agent_trace_observability,agent_trace_observability_000075,risk,score,1,0,"[""0"", ""1"", ""2"", ""3""]","[0.8918078137252059, 0.0911039036854035, 0.010063103880381364, 0.007025178709009332]","[0.383333, 0.55, 0.066667, 0.0]"
d1-3b,typed_agent_trace_observability,agent_trace_observability_000075,urgency,score,0,1,"[""0"", ""1"", ""2"", ""3""]","[0.1551264726195218, 0.7061768745184281, 0.11000114079420871, 0.02869551206784125]","[0.516667, 0.4, 0.083333, 0.0]"
d1-3b,typed_agent_trace_observability,agent_trace_observability_000076,action,choice,1,3,"[""continue"", ""human_review"", ""observe"", ""stop""]","[0.13765664432858712, 0.32510151914566887, 0.03763323238837442, 0.4996086041373695]","[0.183333, 0.433333, 0.333333, 0.05]"
d1-3b,typed_agent_trace_observability,agent_trace_observability_000076,needs_review,noul,1,1,"[""false"", ""true""]","[0.320821300824607, 0.679178699175393]","[0.383333, 0.616667]"
d1-3b,typed_agent_trace_observability,agent_trace_observability_000076,outcome,choice,2,1,"[""failure"", ""harmful"", ""partial"", ""success""]","[0.1872821653395976, 0.3842780523272019, 0.36668067911627267, 0.061759103216927895]","[0.193333, 0.056667, 0.583333, 0.166667]"
d1-3b,typed_agent_trace_observability,agent_trace_observability_000076,risk,score,2,2,"[""0"", ""1"", ""2"", ""3""]","[0.051948122043551856, 0.09935338775247438, 0.623046134109441, 0.22565235609453288]","[0.116667, 0.233333, 0.55, 0.1]"
d1-3b,typed_agent_trace_observability,agent_trace_observability_000076,urgency,score,2,2,"[""0"", ""1"", ""2"", ""3""]","[0.10648299406702795, 0.2574428599254377, 0.37457715094626803, 0.2614969950612664]","[0.083333, 0.266667, 0.483333, 0.166667]"
d1-3b,typed_agent_trace_observability,agent_trace_observability_000077,action,choice,1,3,"[""continue"", ""human_review"", ""observe"", ""stop""]","[0.03620882261729282, 0.34086629644104915, 0.03854409104004788, 0.5843807899016101]","[0.033333, 0.75, 0.116667, 0.1]"
d1-3b,typed_agent_trace_observability,agent_trace_observability_000077,needs_review,noul,1,1,"[""false"", ""true""]","[0.1602660323277607, 0.8397339676722393]","[0.106667, 0.893333]"
d1-3b,typed_agent_trace_observability,agent_trace_observability_000077,outcome,choice,1,1,"[""failure"", ""harmful"", ""partial"", ""success""]","[0.09733798763037706, 0.736292037843998, 0.14958680063184535, 0.016783173893779636]","[0.15, 0.633333, 0.193333, 0.023333]"
d1-3b,typed_agent_trace_observability,agent_trace_observability_000077,risk,score,3,3,"[""0"", ""1"", ""2"", ""3""]","[0.025200818026190442, 0.03498787088715935, 0.3617447871606197, 0.5780665239260305]","[0.0, 0.073333, 0.426667, 0.5]"
d1-3b,typed_agent_trace_observability,agent_trace_observability_000077,urgency,score,3,2,"[""0"", ""1"", ""2"", ""3""]","[0.05268573241254707, 0.14321466903608243, 0.45513527692381994, 0.34896432162755053]","[0.016667, 0.166667, 0.383333, 0.433333]"
d1-3b,typed_agent_trace_observability,agent_trace_observability_000078,action,choice,2,3,"[""continue"", ""human_review"", ""observe"", ""stop""]","[0.17834362400742437, 0.3081501491043673, 0.06163390723803076, 0.45187231965017766]","[0.183333, 0.383333, 0.383333, 0.05]"
d1-3b,typed_agent_trace_observability,agent_trace_observability_000078,needs_review,noul,1,1,"[""false"", ""true""]","[0.39606816627404173, 0.6039318337259583]","[0.366667, 0.633333]"
d1-3b,typed_agent_trace_observability,agent_trace_observability_000078,outcome,choice,3,1,"[""failure"", ""harmful"", ""partial"", ""success""]","[0.24388494185026915, 0.3576336234849738, 0.33075703224628905, 0.06772440241846799]","[0.086667, 0.02, 0.326667, 0.566667]"
d1-3b,typed_agent_trace_observability,agent_trace_observability_000078,risk,score,2,2,"[""0"", ""1"", ""2"", ""3""]","[0.07140261530254939, 0.19108330744002613, 0.48038338198131963, 0.25713069527610494]","[0.083333, 0.233333, 0.5, 0.183333]"
d1-3b,typed_agent_trace_observability,agent_trace_observability_000078,urgency,score,2,1,"[""0"", ""1"", ""2"", ""3""]","[0.18251803720385443, 0.30566019227023267, 0.29166299298567977, 0.22015877754023316]","[0.066667, 0.283333, 0.433333, 0.216667]"
d1-3b,typed_agent_trace_observability,agent_trace_observability_000079,action,choice,0,0,"[""continue"", ""human_review"", ""observe"", ""stop""]","[0.8319015058882359, 0.07441455477984518, 0.06266333773291578, 0.031020601599003265]","[0.74, 0.036667, 0.223333, 0.0]"
d1-3b,typed_agent_trace_observability,agent_trace_observability_000079,needs_review,noul,0,0,"[""false"", ""true""]","[0.9449947117065458, 0.05500528829345415]","[0.916667, 0.083333]"
d1-3b,typed_agent_trace_observability,agent_trace_observability_000079,outcome,choice,3,2,"[""failure"", ""harmful"", ""partial"", ""success""]","[0.34060362860437104, 0.007236639359266057, 0.4373437161440843, 0.21481601589227856]","[0.026667, 0.0, 0.183333, 0.79]"
d1-3b,typed_agent_trace_observability,agent_trace_observability_000079,risk,score,0,0,"[""0"", ""1"", ""2"", ""3""]","[0.9538495148575421, 0.03138855756572556, 0.00858115412422201, 0.006180773452510299]","[0.483333, 0.45, 0.063333, 0.003333]"
d1-3b,typed_agent_trace_observability,agent_trace_observability_000079,urgency,score,1,1,"[""0"", ""1"", ""2"", ""3""]","[0.15930485944685246, 0.7139548474347004, 0.09512527636431461, 0.031615016754132495]","[0.366667, 0.483333, 0.126667, 0.023333]"
d1-3b,typed_agent_trace_observability,agent_trace_observability_000080,action,choice,1,3,"[""continue"", ""human_review"", ""observe"", ""stop""]","[0.22583851775349315, 0.32603597259556694, 0.045524822227525956, 0.402600687423414]","[0.1, 0.6, 0.25, 0.05]"
d1-3b,typed_agent_trace_observability,agent_trace_observability_000080,needs_review,noul,1,1,"[""false"", ""true""]","[0.36658973632215985, 0.6334102636778401]","[0.216667, 0.783333]"
d1-3b,typed_agent_trace_observability,agent_trace_observability_000080,outcome,choice,0,0,"[""failure"", ""harmful"", ""partial"", ""success""]","[0.4884168295493089, 0.21504701963190515, 0.26143068989727924, 0.035105460921506806]","[0.5, 0.033333, 0.41, 0.056667]"
d1-3b,typed_agent_trace_observability,agent_trace_observability_000080,risk,score,2,2,"[""0"", ""1"", ""2"", ""3""]","[0.12512031371796925, 0.18491583657501964, 0.526776196690717, 0.1631876530162941]","[0.116667, 0.316667, 0.5, 0.066667]"
d1-3b,typed_agent_trace_observability,agent_trace_observability_000080,urgency,score,0,2,"[""0"", ""1"", ""2"", ""3""]","[0.029021909571808117, 0.07646254760905391, 0.5921003005953623, 0.3024152422237755]","[0.4, 0.333333, 0.216667, 0.05]"
d1-3b,typed_agent_trace_observability,agent_trace_observability_000081,action,choice,2,0,"[""continue"", ""human_review"", ""observe"", ""stop""]","[0.5797742099159315, 0.20834622402993574, 0.07200252835907642, 0.13987703769505633]","[0.2, 0.316667, 0.433333, 0.05]"
d1-3b,typed_agent_trace_observability,agent_trace_observability_000081,needs_review,noul,1,0,"[""false"", ""true""]","[0.6513548646660543, 0.34864513533394575]","[0.45, 0.55]"
d1-3b,typed_agent_trace_observability,agent_trace_observability_000081,outcome,choice,2,2,"[""failure"", ""harmful"", ""partial"", ""success""]","[0.17033534211207232, 0.011682378492061229, 0.5541617406044783, 0.2638205387913882]","[0.2, 0.033333, 0.526667, 0.24]"
d1-3b,typed_agent_trace_observability,agent_trace_observability_000081,risk,score,1,0,"[""0"", ""1"", ""2"", ""3""]","[0.6503859877514307, 0.2430314876989427, 0.07017579941751928, 0.03640672513210719]","[0.383333, 0.466667, 0.126667, 0.023333]"
d1-3b,typed_agent_trace_observability,agent_trace_observability_000081,urgency,score,1,1,"[""0"", ""1"", ""2"", ""3""]","[0.24809229466673216, 0.40269354275283353, 0.2122045849841655, 0.13700957759626883]","[0.183333, 0.483333, 0.266667, 0.066667]"
d1-3b,typed_agent_trace_observability,agent_trace_observability_000082,action,choice,1,1,"[""continue"", ""human_review"", ""observe"", ""stop""]","[0.30039555811320257, 0.32227738963853664, 0.06496509549030886, 0.3123619567579519]","[0.083333, 0.5, 0.316667, 0.1]"
d1-3b,typed_agent_trace_observability,agent_trace_observability_000082,needs_review,noul,1,1,"[""false"", ""true""]","[0.3775406687981454, 0.6224593312018546]","[0.316667, 0.683333]"
d1-3b,typed_agent_trace_observability,agent_trace_observability_000082,outcome,choice,0,2,"[""failure"", ""harmful"", ""partial"", ""success""]","[0.3729053232560984, 0.020074484130144604, 0.5341622129357174, 0.07285797967803956]","[0.71, 0.006667, 0.246667, 0.036667]"
d1-3b,typed_agent_trace_observability,agent_trace_observability_000082,risk,score,0,0,"[""0"", ""1"", ""2"", ""3""]","[0.8028478616767785, 0.10367803019954863, 0.047467261108118296, 0.046006847015554665]","[0.743333, 0.19, 0.056667, 0.01]"
d1-3b,typed_agent_trace_observability,agent_trace_observability_000082,urgency,score,1,1,"[""0"", ""1"", ""2"", ""3""]","[0.3092837141638457, 0.32412654951399444, 0.18759005519017088, 0.178999681131989]","[0.3, 0.416667, 0.25, 0.033333]"
d1-3b,typed_agent_trace_observability,agent_trace_observability_000083,action,choice,2,0,"[""continue"", ""human_review"", ""observe"", ""stop""]","[0.5507014838911954, 0.2106620921614236, 0.09720458594128877, 0.14143183800609227]","[0.35, 0.126667, 0.516667, 0.006667]"
d1-3b,typed_agent_trace_observability,agent_trace_observability_000083,needs_review,noul,0,0,"[""false"", ""true""]","[0.5621765008857982, 0.4378234991142019]","[0.833333, 0.166667]"
d1-3b,typed_agent_trace_observability,agent_trace_observability_000083,outcome,choice,3,2,"[""failure"", ""harmful"", ""partial"", ""success""]","[0.34563616568766575, 0.013719582304307918, 0.4836319470914608, 0.15701230491656562]","[0.063333, 0.003333, 0.366667, 0.566667]"
d1-3b,typed_agent_trace_observability,agent_trace_observability_000083,risk,score,1,1,"[""0"", ""1"", ""2"", ""3""]","[0.3017638540366189, 0.3997721545629947, 0.11543496193412917, 0.18302902946625724]","[0.166667, 0.7, 0.11, 0.023333]"
d1-3b,typed_agent_trace_observability,agent_trace_observability_000083,urgency,score,1,1,"[""0"", ""1"", ""2"", ""3""]","[0.24200007686065708, 0.32564669752527636, 0.24968198391525906, 0.18267124169880758]","[0.25, 0.566667, 0.15, 0.033333]"
d1-3b,typed_agent_trace_observability,agent_trace_observability_000084,action,choice,0,0,"[""continue"", ""human_review"", ""observe"", ""stop""]","[0.6504743674414794, 0.10454074427487278, 0.04030404728353543, 0.2046808410001124]","[0.493333, 0.086667, 0.416667, 0.003333]"
d1-3b,typed_agent_trace_observability,agent_trace_observability_000084,needs_review,noul,0,0,"[""false"", ""true""]","[0.907312221360624, 0.09268777863937604]","[0.876667, 0.123333]"
d1-3b,typed_agent_trace_observability,agent_trace_observability_000084,outcome,choice,2,3,"[""failure"", ""harmful"", ""partial"", ""success""]","[0.12956748189031025, 0.008154556421014527, 0.10492694447498119, 0.757351017213694]","[0.066667, 0.006667, 0.616667, 0.31]"
d1-3b,typed_agent_trace_observability,agent_trace_observability_000084,risk,score,0,0,"[""0"", ""1"", ""2"", ""3""]","[0.44034654862654127, 0.30741143436151075, 0.09523161980168403, 0.15701039721026397]","[0.913333, 0.066667, 0.016667, 0.003333]"
d1-3b,typed_agent_trace_observability,agent_trace_observability_000084,urgency,score,0,0,"[""0"", ""1"", ""2"", ""3""]","[0.43384975668905046, 0.43384975668905046, 0.07539178308487245, 0.05690870353702669]","[0.823333, 0.143333, 0.03, 0.003333]"
d1-3b,typed_agent_trace_observability,agent_trace_observability_000085,action,choice,0,0,"[""continue"", ""human_review"", ""observe"", ""stop""]","[0.5827191060083841, 0.21270213555312456, 0.0595285043396024, 0.145050254098889]","[0.45, 0.106667, 0.433333, 0.01]"
d1-3b,typed_agent_trace_observability,agent_trace_observability_000085,needs_review,noul,0,0,"[""false"", ""true""]","[0.7879311956428947, 0.21206880435710532]","[0.816667, 0.183333]"
d1-3b,typed_agent_trace_observability,agent_trace_observability_000085,outcome,choice,2,2,"[""failure"", ""harmful"", ""partial"", ""success""]","[0.25374495973234884, 0.015478541835241586, 0.5085899878228313, 0.22218651060957834]","[0.086667, 0.013333, 0.466667, 0.433333]"
d1-3b,typed_agent_trace_observability,agent_trace_observability_000085,risk,score,0,0,"[""0"", ""1"", ""2"", ""3""]","[0.7962085094301904, 0.15678275140373316, 0.024422042314861187, 0.022586696851215306]","[0.65, 0.266667, 0.076667, 0.006667]"
d1-3b,typed_agent_trace_observability,agent_trace_observability_000085,urgency,score,0,1,"[""0"", ""1"", ""2"", ""3""]","[0.31552753180012816, 0.45908984984485796, 0.17699490417714314, 0.04838771417787076]","[0.466667, 0.383333, 0.143333, 0.006667]"
d1-3b,typed_agent_trace_observability,agent_trace_observability_000086,action,choice,3,3,"[""continue"", ""human_review"", ""observe"", ""stop""]","[0.06328917694579483, 0.3642040670144711, 0.025771695967853142, 0.546735060071881]","[0.016667, 0.433333, 0.1, 0.45]"
d1-3b,typed_agent_trace_observability,agent_trace_observability_000086,needs_review,noul,1,1,"[""false"", ""true""]","[0.1871326821624265, 0.8128673178375735]","[0.083333, 0.916667]"
d1-3b,typed_agent_trace_observability,agent_trace_observability_000086,outcome,choice,1,1,"[""failure"", ""harmful"", ""partial"", ""success""]","[0.12843865302676585, 0.6943327982766243, 0.15133771791915737, 0.02589083077745255]","[0.073333, 0.766667, 0.14, 0.02]"
d1-3b,typed_agent_trace_observability,agent_trace_observability_000086,risk,score,3,2,"[""0"", ""1"", ""2"", ""3""]","[0.04641810571277539, 0.09903784922229497, 0.4836877686482028, 0.37085627641672686]","[0.01, 0.056667, 0.3, 0.633333]"
d1-3b,typed_agent_trace_observability,agent_trace_observability_000086,urgency,score,3,2,"[""0"", ""1"", ""2"", ""3""]","[0.05672784548251829, 0.15063017976983015, 0.478701721297514, 0.3139402534501376]","[0.016667, 0.1, 0.383333, 0.5]"
d1-3b,typed_agent_trace_observability,agent_trace_observability_000087,action,choice,2,0,"[""continue"", ""human_review"", ""observe"", ""stop""]","[0.7448759457559134, 0.12743324880888793, 0.030744702062254492, 0.09694610337294418]","[0.35, 0.183333, 0.416667, 0.05]"
d1-3b,typed_agent_trace_observability,agent_trace_observability_000087,needs_review,noul,0,0,"[""false"", ""true""]","[0.6442251064863697, 0.35577489351363034]","[0.666667, 0.333333]"
d1-3b,typed_agent_trace_observability,agent_trace_observability_000087,outcome,choice,2,2,"[""failure"", ""harmful"", ""partial"", ""success""]","[0.1835406981162462, 0.01137236660750634, 0.5522489444869578, 0.25283799078928954]","[0.256667, 0.033333, 0.6, 0.11]"
d1-3b,typed_agent_trace_observability,agent_trace_observability_000087,risk,score,0,1,"[""0"", ""1"", ""2"", ""3""]","[0.4669097463170828, 0.5048498085793962, 0.020514582532055663, 0.007725862571465313]","[0.766667, 0.2, 0.033333, 0.0]"
d1-3b,typed_agent_trace_observability,agent_trace_observability_000087,urgency,score,0,1,"[""0"", ""1"", ""2"", ""3""]","[0.235545893626789, 0.4833087927643417, 0.2247594618403514, 0.05638585176851794]","[0.366667, 0.266667, 0.333333, 0.033333]"
d1-3b,typed_agent_trace_observability,agent_trace_observability_000088,action,choice,1,3,"[""continue"", ""human_review"", ""observe"", ""stop""]","[0.048921664985585214, 0.29968153029249756, 0.026806860541318624, 0.6245899441805987]","[0.016667, 0.466667, 0.066667, 0.45]"
d1-3b,typed_agent_trace_observability,agent_trace_observability_000088,needs_review,noul,1,1,"[""false"", ""true""]","[0.07369626970604848, 0.9263037302939515]","[0.12, 0.88]"
d1-3b,typed_agent_trace_observability,agent_trace_observability_000088,outcome,choice,1,1,"[""failure"", ""harmful"", ""partial"", ""success""]","[0.08787203011394021, 0.7955284038902218, 0.10353855473395447, 0.01306101126188352]","[0.233333, 0.683333, 0.066667, 0.016667]"
d1-3b,typed_agent_trace_observability,agent_trace_observability_000088,risk,score,3,3,"[""0"", ""1"", ""2"", ""3""]","[0.008399930107896724, 0.013741368551980935, 0.4622176505929906, 0.5156410507471318]","[0.0, 0.05, 0.283333, 0.666667]"
d1-3b,typed_agent_trace_observability,agent_trace_observability_000088,urgency,score,3,3,"[""0"", ""1"", ""2"", ""3""]","[0.031623191081736925, 0.04936310320368793, 0.4165538506036566, 0.5024598551109186]","[0.016667, 0.1, 0.316667, 0.566667]"
d1-3b,typed_agent_trace_observability,agent_trace_observability_000089,action,choice,1,0,"[""continue"", ""human_review"", ""observe"", ""stop""]","[0.4263311030795339, 0.2647150016145907, 0.0563610761831885, 0.25259281912268694]","[0.166667, 0.416667, 0.383333, 0.033333]"
d1-3b,typed_agent_trace_observability,agent_trace_observability_000089,needs_review,noul,1,0,"[""false"", ""true""]","[0.519521321952093, 0.480478678047907]","[0.466667, 0.533333]"
d1-3b,typed_agent_trace_observability,agent_trace_observability_000089,outcome,choice,2,2,"[""failure"", ""harmful"", ""partial"", ""success""]","[0.37302553342241257, 0.013694021784674156, 0.4464531071033786, 0.1668273376895347]","[0.266667, 0.033333, 0.5, 0.2]"
d1-3b,typed_agent_trace_observability,agent_trace_observability_000089,risk,score,0,0,"[""0"", ""1"", ""2"", ""3""]","[0.6102284783431569, 0.21088931907451355, 0.06687973066968185, 0.1120024719126479]","[0.7, 0.233333, 0.066667, 0.0]"
d1-3b,typed_agent_trace_observability,agent_trace_observability_000089,urgency,score,0,1,"[""0"", ""1"", ""2"", ""3""]","[0.3641660841873496, 0.36990086555828644, 0.16159772028089647, 0.10433532997346748]","[0.6, 0.283333, 0.1, 0.016667]"
d1-3b,typed_agent_trace_observability,agent_trace_observability_000090,action,choice,0,0,"[""continue"", ""human_review"", ""observe"", ""stop""]","[0.6467174016116781, 0.15005050184695085, 0.09172403195513709, 0.11150806458623384]","[0.786667, 0.073333, 0.14, 0.0]"
d1-3b,typed_agent_trace_observability,agent_trace_observability_000090,needs_review,noul,0,0,"[""false"", ""true""]","[0.5428632831725051, 0.45713671682749485]","[0.893333, 0.106667]"
d1-3b,typed_agent_trace_observability,agent_trace_observability_000090,outcome,choice,3,0,"[""failure"", ""harmful"", ""partial"", ""success""]","[0.8781193961109394, 0.00975502533155985, 0.0641096610416813, 0.04801591751581952]","[0.05, 0.0, 0.193333, 0.756667]"
d1-3b,typed_agent_trace_observability,agent_trace_observability_000090,risk,score,0,0,"[""0"", ""1"", ""2"", ""3""]","[0.8510427287049472, 0.11698986853226268, 0.021981745024792356, 0.009985657737997705]","[0.793333, 0.19, 0.016667, 0.0]"
d1-3b,typed_agent_trace_observability,agent_trace_observability_000090,urgency,score,0,2,"[""0"", ""1"", ""2"", ""3""]","[0.05037309139330894, 0.03743410291438153, 0.4632223292406898, 0.44897047645161975]","[0.816667, 0.166667, 0.016667, 0.0]"
d1-3b,typed_agent_trace_observability,agent_trace_observability_000091,action,choice,1,3,"[""continue"", ""human_review"", ""observe"", ""stop""]","[0.07910547137439401, 0.19578792198575481, 0.03097814769113315, 0.694128458948718]","[0.016667, 0.716667, 0.083333, 0.183333]"
d1-3b,typed_agent_trace_observability,agent_trace_observability_000091,needs_review,noul,1,1,"[""false"", ""true""]","[0.18952109132967765, 0.8104789086703224]","[0.073333, 0.926667]"
d1-3b,typed_agent_trace_observability,agent_trace_observability_000091,outcome,choice,1,1,"[""failure"", ""harmful"", ""partial"", ""success""]","[0.15110289116886452, 0.6615089433305503, 0.1672556538529213, 0.020132511647663876]","[0.1, 0.75, 0.133333, 0.016667]"
d1-3b,typed_agent_trace_observability,agent_trace_observability_000091,risk,score,3,2,"[""0"", ""1"", ""2"", ""3""]","[0.024806667603415284, 0.08391987478510024, 0.634793641468826, 0.2564798161426584]","[0.0, 0.04, 0.276667, 0.683333]"
d1-3b,typed_agent_trace_observability,agent_trace_observability_000091,urgency,score,3,3,"[""0"", ""1"", ""2"", ""3""]","[0.07631996868049389, 0.12387953689580908, 0.3967760900913867, 0.4030244043323104]","[0.006667, 0.16, 0.4, 0.433333]"
d1-3b,typed_agent_trace_observability,agent_trace_observability_000092,action,choice,0,3,"[""continue"", ""human_review"", ""observe"", ""stop""]","[0.22955370232255698, 0.2259948020379575, 0.062268115133771465, 0.4821833805057141]","[0.5, 0.08, 0.416667, 0.003333]"
d1-3b,typed_agent_trace_observability,agent_trace_observability_000092,needs_review,noul,0,1,"[""false"", ""true""]","[0.35220178204788966, 0.6477982179521103]","[0.86, 0.14]"
d1-3b,typed_agent_trace_observability,agent_trace_observability_000092,outcome,choice,3,1,"[""failure"", ""harmful"", ""partial"", ""success""]","[0.10970136035157452, 0.535766947917328, 0.2736429810405348, 0.08088871069056265]","[0.046667, 0.02, 0.466667, 0.466667]"
d1-3b,typed_agent_trace_observability,agent_trace_observability_000092,risk,score,2,2,"[""0"", ""1"", ""2"", ""3""]","[0.043296033340170216, 0.15470166527108473, 0.5838379853770986, 0.2181643160116463]","[0.2, 0.383333, 0.383333, 0.033333]"
d1-3b,typed_agent_trace_observability,agent_trace_observability_000092,urgency,score,0,2,"[""0"", ""1"", ""2"", ""3""]","[0.14373256894801284, 0.23697494371696154, 0.3670339728459484, 0.25225851448907716]","[0.433333, 0.416667, 0.133333, 0.016667]"
d1-3b,typed_agent_trace_observability,agent_trace_observability_000093,action,choice,2,0,"[""continue"", ""human_review"", ""observe"", ""stop""]","[0.5698777463141489, 0.24896114937225108, 0.05300688748593463, 0.12815421682766534]","[0.2, 0.216667, 0.566667, 0.016667]"
d1-3b,typed_agent_trace_observability,agent_trace_observability_000093,needs_review,noul,0,0,"[""false"", ""true""]","[0.8080672135527631, 0.19193278644723683]","[0.683333, 0.316667]"
d1-3b,typed_agent_trace_observability,agent_trace_observability_000093,outcome,choice,3,2,"[""failure"", ""harmful"", ""partial"", ""success""]","[0.21380848587126705, 0.01345641156169852, 0.5589266166957675, 0.21380848587126705]","[0.08, 0.003333, 0.366667, 0.55]"
d1-3b,typed_agent_trace_observability,agent_trace_observability_000093,risk,score,1,0,"[""0"", ""1"", ""2"", ""3""]","[0.8164326417697253, 0.13537780329123292, 0.02484749425639834, 0.023342060682643412]","[0.433333, 0.466667, 0.083333, 0.016667]"
d1-3b,typed_agent_trace_observability,agent_trace_observability_000093,urgency,score,1,1,"[""0"", ""1"", ""2"", ""3""]","[0.3062001424701166, 0.4742520581038048, 0.1800057776639234, 0.03954202176215507]","[0.4, 0.466667, 0.116667, 0.016667]"
d1-3b,typed_agent_trace_observability,agent_trace_observability_000094,action,choice,0,0,"[""continue"", ""human_review"", ""observe"", ""stop""]","[0.4044518303424335, 0.2801555949181309, 0.10226143730627078, 0.21313113743316486]","[0.483333, 0.266667, 0.183333, 0.066667]"
d1-3b,typed_agent_trace_observability,agent_trace_observability_000094,needs_review,noul,0,0,"[""false"", ""true""]","[0.5736784074525096, 0.4263215925474903]","[0.616667, 0.383333]"
d1-3b,typed_agent_trace_observability,agent_trace_observability_000094,outcome,choice,3,2,"[""failure"", ""harmful"", ""partial"", ""success""]","[0.2137430002641966, 0.016741645537788806, 0.7063330440040528, 0.06318231019396171]","[0.383333, 0.0, 0.216667, 0.4]"
d1-3b,typed_agent_trace_observability,agent_trace_observability_000094,risk,score,0,0,"[""0"", ""1"", ""2"", ""3""]","[0.4445200654515746, 0.10313694781650323, 0.11151763006305829, 0.3408253566688639]","[0.733333, 0.233333, 0.033333, 0.0]"
d1-3b,typed_agent_trace_observability,agent_trace_observability_000094,urgency,score,0,1,"[""0"", ""1"", ""2"", ""3""]","[0.2605159360545266, 0.4501311722583603, 0.16820173022458804, 0.12115116146252497]","[0.566667, 0.366667, 0.066667, 0.0]"
d1-3b,typed_agent_trace_observability,agent_trace_observability_000095,action,choice,0,0,"[""continue"", ""human_review"", ""observe"", ""stop""]","[0.5812025409716401, 0.11444556597565989, 0.13913042515034407, 0.16522146790235587]","[0.516667, 0.063333, 0.416667, 0.003333]"
d1-3b,typed_agent_trace_observability,agent_trace_observability_000095,needs_review,noul,0,0,"[""false"", ""true""]","[0.8670357598021707, 0.13296424019782924]","[0.91, 0.09]"
d1-3b,typed_agent_trace_observability,agent_trace_observability_000095,outcome,choice,3,3,"[""failure"", ""harmful"", ""partial"", ""success""]","[0.28778205174504007, 0.009924594098603131, 0.32104407816880604, 0.3812492759875508]","[0.036667, 0.003333, 0.11, 0.85]"
d1-3b,typed_agent_trace_observability,agent_trace_observability_000095,risk,score,1,1,"[""0"", ""1"", ""2"", ""3""]","[0.2571207449437956, 0.4956132076638277, 0.08885855174827866, 0.1584074956440979]","[0.3, 0.616667, 0.08, 0.003333]"
d1-3b,typed_agent_trace_observability,agent_trace_observability_000095,urgency,score,1,1,"[""0"", ""1"", ""2"", ""3""]","[0.29407816584540425, 0.38355023466310173, 0.15740869914665562, 0.1649629003448383]","[0.233333, 0.533333, 0.216667, 0.016667]"
d1-3b,typed_agent_trace_observability,agent_trace_observability_000096,action,choice,1,3,"[""continue"", ""human_review"", ""observe"", ""stop""]","[0.034019708059468814, 0.3657463299338173, 0.03375496459098153, 0.5664789974157324]","[0.016667, 0.483333, 0.116667, 0.383333]"
d1-3b,typed_agent_trace_observability,agent_trace_observability_000096,needs_review,noul,1,1,"[""false"", ""true""]","[0.11436852618181237, 0.8856314738181876]","[0.106667, 0.893333]"
d1-3b,typed_agent_trace_observability,agent_trace_observability_000096,outcome,choice,1,1,"[""failure"", ""harmful"", ""partial"", ""success""]","[0.11182549312805153, 0.7641885555149622, 0.11182549312805153, 0.012160458228934563]","[0.183333, 0.583333, 0.216667, 0.016667]"
d1-3b,typed_agent_trace_observability,agent_trace_observability_000096,risk,score,3,2,"[""0"", ""1"", ""2"", ""3""]","[0.02429796675617424, 0.036761649707186386, 0.48047138508299586, 0.45846899845364353]","[0.0, 0.083333, 0.316667, 0.6]"
d1-3b,typed_agent_trace_observability,agent_trace_observability_000096,urgency,score,3,2,"[""0"", ""1"", ""2"", ""3""]","[0.03334564801322211, 0.08125174269147928, 0.44615983822644956, 0.439242771068849]","[0.05, 0.133333, 0.383333, 0.433333]"
d1-3b,typed_agent_trace_observability,agent_trace_observability_000097,action,choice,1,0,"[""continue"", ""human_review"", ""observe"", ""stop""]","[0.5246007054873386, 0.27644514543077514, 0.058858567920458016, 0.14009558116142823]","[0.083333, 0.483333, 0.283333, 0.15]"
d1-3b,typed_agent_trace_observability,agent_trace_observability_000097,needs_review,noul,1,0,"[""false"", ""true""]","[0.7025300573952054, 0.2974699426047947]","[0.333333, 0.666667]"
d1-3b,typed_agent_trace_observability,agent_trace_observability_000097,outcome,choice,0,2,"[""failure"", ""harmful"", ""partial"", ""success""]","[0.23087809624494773, 0.015228061076950333, 0.5849798190838513, 0.16891402359425073]","[0.626667, 0.006667, 0.276667, 0.09]"
d1-3b,typed_agent_trace_observability,agent_trace_observability_000097,risk,score,0,0,"[""0"", ""1"", ""2"", ""3""]","[0.7369834095214158, 0.17780552220355927, 0.036980024227500304, 0.04823104404752457]","[0.466667, 0.366667, 0.166667, 0.0]"
d1-3b,typed_agent_trace_observability,agent_trace_observability_000097,urgency,score,1,1,"[""0"", ""1"", ""2"", ""3""]","[0.3367868816390201, 0.40624252424114954, 0.19798679402102515, 0.058983800098805196]","[0.35, 0.416667, 0.216667, 0.016667]"
d1-3b,typed_agent_trace_observability,agent_trace_observability_000098,action,choice,2,0,"[""continue"", ""human_review"", ""observe"", ""stop""]","[0.5590560488352107, 0.1947199231132986, 0.13175409050046738, 0.11446993755102329]","[0.133333, 0.4, 0.4, 0.066667]"
d1-3b,typed_agent_trace_observability,agent_trace_observability_000098,needs_review,noul,1,0,"[""false"", ""true""]","[0.5389832206876841, 0.4610167793123159]","[0.41, 0.59]"
d1-3b,typed_agent_trace_observability,agent_trace_observability_000098,outcome,choice,2,2,"[""failure"", ""harmful"", ""partial"", ""success""]","[0.3117045243452508, 0.01515936058768387, 0.5961505296670941, 0.0769855853999712]","[0.36, 0.023333, 0.533333, 0.083333]"
d1-3b,typed_agent_trace_observability,agent_trace_observability_000098,risk,score,1,0,"[""0"", ""1"", ""2"", ""3""]","[0.5065431964233659, 0.11752747125880361, 0.10052657337147507, 0.2754027589463554]","[0.366667, 0.5, 0.116667, 0.016667]"
d1-3b,typed_agent_trace_observability,agent_trace_observability_000098,urgency,score,1,1,"[""0"", ""1"", ""2"", ""3""]","[0.2220273454499535, 0.4627447249278301, 0.1649967129173355, 0.1502312167048809]","[0.133333, 0.566667, 0.266667, 0.033333]"
d1-3b,typed_agent_trace_observability,agent_trace_observability_000099,action,choice,1,3,"[""continue"", ""human_review"", ""observe"", ""stop""]","[0.25716443826469804, 0.32255646877737265, 0.04610704313768125, 0.3741720498202481]","[0.166667, 0.433333, 0.3, 0.1]"
d1-3b,typed_agent_trace_observability,agent_trace_observability_000099,needs_review,noul,1,1,"[""false"", ""true""]","[0.4186969093556867, 0.5813030906443133]","[0.333333, 0.666667]"
d1-3b,typed_agent_trace_observability,agent_trace_observability_000099,outcome,choice,2,2,"[""failure"", ""harmful"", ""partial"", ""success""]","[0.2531715599950474, 0.19717020917555209, 0.4918283933605704, 0.057829837468830164]","[0.303333, 0.03, 0.4, 0.266667]"
d1-3b,typed_agent_trace_observability,agent_trace_observability_000099,risk,score,2,2,"[""0"", ""1"", ""2"", ""3""]","[0.07966484790595653, 0.20988891894606423, 0.5444104322156621, 0.1660358009323171]","[0.1, 0.216667, 0.583333, 0.1]"
d1-3b,typed_agent_trace_observability,agent_trace_observability_000099,urgency,score,1,2,"[""0"", ""1"", ""2"", ""3""]","[0.1437248469955995, 0.318867509868311, 0.3557224126484077, 0.18168523048768173]","[0.083333, 0.433333, 0.35, 0.133333]"
d1-3b,typed_customer_service,customer_service_000000,action,choice,0,4,"[""answer_directly"", ""close_no_action"", ""escalate_to_human"", ""execute_refund"", ""request_information""]","[0.08940382076892273, 0.03237991810862766, 0.3853303117960136, 0.049373479073573104, 0.4435124702528629]","[0.5, 0.023333, 0.336667, 0.04, 0.1]"
d1-3b,typed_customer_service,customer_service_000000,category,choice,2,2,"[""account"", ""billing"", ""delivery"", ""refund"", ""technical""]","[0.007972358293510248, 0.08774350524750646, 0.65855157847268, 0.016358217088794987, 0.22937434089750833]","[0.006667, 0.01, 0.923333, 0.046667, 0.013333]"
d1-3b,typed_customer_service,customer_service_000000,churn_risk,score,1,1,"[""0"", ""1"", ""2"", ""3""]","[0.22335156783658422, 0.6773052566761392, 0.07138744884533955, 0.02795572664193713]","[0.1, 0.733333, 0.166667, 0.0]"
d1-3b,typed_customer_service,customer_service_000000,needs_human,noul,0,1,"[""false"", ""true""]","[0.3486451353339458, 0.6513548646660542]","[0.533333, 0.466667]"
d1-3b,typed_customer_service,customer_service_000000,urgency,score,1,1,"[""0"", ""1"", ""2"", ""3""]","[0.2606086226711226, 0.6551700052163927, 0.07124643279830269, 0.012974939314182038]","[0.033333, 0.75, 0.2, 0.016667]"
d1-3b,typed_customer_service,customer_service_000001,action,choice,3,2,"[""answer_directly"", ""close_no_action"", ""escalate_to_human"", ""execute_refund"", ""request_information""]","[0.19597648482657162, 0.03275095679137283, 0.3748148522292566, 0.06825885550644115, 0.3281988506463579]","[0.293333, 0.036667, 0.266667, 0.296667, 0.106667]"
d1-3b,typed_customer_service,customer_service_000001,category,choice,1,1,"[""account"", ""billing"", ""delivery"", ""refund"", ""technical""]","[0.004722965127841311, 0.9808056319938327, 0.0036496245796366193, 0.006208220540196272, 0.004613557758493141]","[0.01, 0.88, 0.006667, 0.086667, 0.016667]"
d1-3b,typed_customer_service,customer_service_000001,churn_risk,score,1,0,"[""0"", ""1"", ""2"", ""3""]","[0.6622395606269694, 0.30796999658246255, 0.0211219939424429, 0.008668448848125102]","[0.066667, 0.5, 0.416667, 0.016667]"
d1-3b,typed_customer_service,customer_service_000001,needs_human,noul,1,1,"[""false"", ""true""]","[0.334589441253186, 0.665410558746814]","[0.443333, 0.556667]"
d1-3b,typed_customer_service,customer_service_000001,urgency,score,2,1,"[""0"", ""1"", ""2"", ""3""]","[0.22438962248337183, 0.5553696493793749, 0.19802314681370234, 0.022217581323550915]","[0.0, 0.233333, 0.433333, 0.333333]"
d1-3b,typed_customer_service,customer_service_000002,action,choice,4,4,"[""answer_directly"", ""close_no_action"", ""escalate_to_human"", ""execute_refund"", ""request_information""]","[0.10055629261147887, 0.009574996755110084, 0.2374822054329218, 0.00684294158979996, 0.6455435636106893]","[0.283333, 0.01, 0.273333, 0.016667, 0.416667]"
d1-3b,typed_customer_service,customer_service_000002,category,choice,1,1,"[""account"", ""billing"", ""delivery"", ""refund"", ""technical""]","[0.004136544692428193, 0.9810376362287926, 0.003483319867676393, 0.005229082455655166, 0.006113416755447784]","[0.026667, 0.966667, 0.001667, 0.001667, 0.003333]"
d1-3b,typed_customer_service,customer_service_000002,churn_risk,score,1,1,"[""0"", ""1"", ""2"", ""3""]","[0.2553509986634793, 0.6941159795458058, 0.03678679922267114, 0.01374622256804365]","[0.166667, 0.65, 0.183333, 0.0]"
d1-3b,typed_customer_service,customer_service_000002,needs_human,noul,1,1,"[""false"", ""true""]","[0.20689404881588813, 0.7931059511841119]","[0.416667, 0.583333]"
d1-3b,typed_customer_service,customer_service_000002,urgency,score,1,1,"[""0"", ""1"", ""2"", ""3""]","[0.2538532951331852, 0.5902265946755427, 0.14019110421925787, 0.015729005972014175]","[0.066667, 0.65, 0.25, 0.033333]"
d1-3b,typed_customer_service,customer_service_000003,action,choice,4,0,"[""answer_directly"", ""close_no_action"", ""escalate_to_human"", ""execute_refund"", ""request_information""]","[0.4371767966560977, 0.07081176663403359, 0.2935066164505224, 0.009002705851230123, 0.18950211440811626]","[0.3, 0.016667, 0.21, 0.006667, 0.466667]"
d1-3b,typed_customer_service,customer_service_000003,category,choice,1,1,"[""account"", ""billing"", ""delivery"", ""refund"", ""technical""]","[0.004917000093557568, 0.922487298685384, 0.0034595416439834213, 0.0038593975935762837, 0.06527676198349873]","[0.01, 0.966667, 0.0, 0.0, 0.023333]"
d1-3b,typed_customer_service,customer_service_000003,churn_risk,score,2,1,"[""0"", ""1"", ""2"", ""3""]","[0.14070438162465693, 0.6111919734039585, 0.138522962380524, 0.10958068259086062]","[0.033333, 0.25, 0.55, 0.166667]"
d1-3b,typed_customer_service,customer_service_000003,needs_human,noul,1,1,"[""false"", ""true""]","[0.29746994260479465, 0.7025300573952054]","[0.45, 0.55]"
d1-3b,typed_customer_service,customer_service_000003,urgency,score,3,2,"[""0"", ""1"", ""2"", ""3""]","[0.009317294138786765, 0.027385050384393216, 0.4854116326509659, 0.4778860228258541]","[0.016667, 0.116667, 0.416667, 0.45]"
d1-3b,typed_customer_service,customer_service_000004,action,choice,0,0,"[""answer_directly"", ""close_no_action"", ""escalate_to_human"", ""execute_refund"", ""request_information""]","[0.3784900577045417, 0.03180512069315386, 0.31377927877884504, 0.009624527662166945, 0.2663010151612924]","[0.853333, 0.0, 0.1, 0.0, 0.046667]"
d1-3b,typed_customer_service,customer_service_000004,category,choice,1,1,"[""account"", ""billing"", ""delivery"", ""refund"", ""technical""]","[0.004408788527098577, 0.9746100490559674, 0.003598348324063655, 0.005114284164448261, 0.012268529928422093]","[0.035, 0.96, 0.001667, 0.001667, 0.001667]"
d1-3b,typed_customer_service,customer_service_000004,churn_risk,score,2,2,"[""0"", ""1"", ""2"", ""3""]","[0.005843760497520735, 0.03551879561878934, 0.8948217267275979, 0.06381571715609205]","[0.016667, 0.166667, 0.616667, 0.2]"
d1-3b,typed_customer_service,customer_service_000004,needs_human,noul,0,1,"[""false"", ""true""]","[0.30735801686526387, 0.6926419831347361]","[0.85, 0.15]"
d1-3b,typed_customer_service,customer_service_000004,urgency,score,1,2,"[""0"", ""1"", ""2"", ""3""]","[0.13527162682142962, 0.24114774790824509, 0.5434348387693515, 0.0801457865009738]","[0.066667, 0.433333, 0.35, 0.15]"
d1-3b,typed_customer_service,customer_service_000005,action,choice,2,2,"[""answer_directly"", ""close_no_action"", ""escalate_to_human"", ""execute_refund"", ""request_information""]","[0.09631796943432817, 0.01387591911393125, 0.5854275294489107, 0.12860136163436608, 0.1757772203684638]","[0.066667, 0.0, 0.583333, 0.0, 0.35]"
d1-3b,typed_customer_service,customer_service_000005,category,choice,1,1,"[""account"", ""billing"", ""delivery"", ""refund"", ""technical""]","[0.005287723225525062, 0.9766591929798383, 0.003991382894983368, 0.00987876754010767, 0.004182933359545669]","[0.0, 0.93, 0.0, 0.066667, 0.003333]"
d1-3b,typed_customer_service,customer_service_000005,churn_risk,score,2,3,"[""0"", ""1"", ""2"", ""3""]","[0.18634944456565697, 0.16704256251833302, 0.14399968978794975, 0.5026083031280603]","[0.033333, 0.133333, 0.6, 0.233333]"
d1-3b,typed_customer_service,customer_service_000005,needs_human,noul,1,1,"[""false"", ""true""]","[0.2568319913875189, 0.7431680086124811]","[0.183333, 0.816667]"
d1-3b,typed_customer_service,customer_service_000005,urgency,score,3,3,"[""0"", ""1"", ""2"", ""3""]","[0.011700206454495331, 0.013572476934016224, 0.20417582039457152, 0.7705514962169169]","[0.0, 0.033333, 0.283333, 0.683333]"
d1-3b,typed_customer_service,customer_service_000006,action,choice,2,2,"[""answer_directly"", ""close_no_action"", ""escalate_to_human"", ""execute_refund"", ""request_information""]","[0.05592602388513173, 0.035272101136817516, 0.47193549607641416, 0.010508188552706943, 0.42635819034892963]","[0.106667, 0.02, 0.483333, 0.006667, 0.383333]"
d1-3b,typed_customer_service,customer_service_000006,category,choice,4,4,"[""account"", ""billing"", ""delivery"", ""refund"", ""technical""]","[0.004213479740201908, 0.012579126936031302, 0.0032054463514935537, 0.003866506352067642, 0.9761354406202056]","[0.013333, 0.013333, 0.01, 0.01, 0.953333]"
d1-3b,typed_customer_service,customer_service_000006,churn_risk,score,2,1,"[""0"", ""1"", ""2"", ""3""]","[0.09090921395673972, 0.7853357707004917, 0.10795736273752575, 0.015797652605242903]","[0.033333, 0.3, 0.566667, 0.1]"
d1-3b,typed_customer_service,customer_service_000006,needs_human,noul,1,1,"[""false"", ""true""]","[0.1666754046879767, 0.8333245953120233]","[0.256667, 0.743333]"
d1-3b,typed_customer_service,customer_service_000006,urgency,score,2,2,"[""0"", ""1"", ""2"", ""3""]","[0.12586084863039843, 0.3368210972609336, 0.439297526637282, 0.09802052747138586]","[0.0, 0.166667, 0.566667, 0.266667]"
d1-3b,typed_customer_service,customer_service_000007,action,choice,2,2,"[""answer_directly"", ""close_no_action"", ""escalate_to_human"", ""execute_refund"", ""request_information""]","[0.2089536244530369, 0.009472210817165861, 0.42874499921507125, 0.2833831403319, 0.06944602518282596]","[0.06, 0.006667, 0.533333, 0.35, 0.05]"
d1-3b,typed_customer_service,customer_service_000007,category,choice,3,3,"[""account"", ""billing"", ""delivery"", ""refund"", ""technical""]","[0.003949383628568257, 0.17326280109532813, 0.0037392012658469006, 0.8137754950353323, 0.005273118974924474]","[0.0, 0.133333, 0.0, 0.866667, 0.0]"
d1-3b,typed_customer_service,customer_service_000007,churn_risk,score,3,3,"[""0"", ""1"", ""2"", ""3""]","[0.0034826118581218106, 0.0045421821493722295, 0.026343459983714967, 0.9656317460087911]","[0.003333, 0.013333, 0.1, 0.883333]"
d1-3b,typed_customer_service,customer_service_000007,needs_human,noul,1,1,"[""false"", ""true""]","[0.2018132222603788, 0.7981867777396212]","[0.25, 0.75]"
d1-3b,typed_customer_service,customer_service_000007,urgency,score,3,2,"[""0"", ""1"", ""2"", ""3""]","[0.004138800089452553, 0.011250425074783544, 0.6852480656645882, 0.29936270917117574]","[0.016667, 0.05, 0.4, 0.533333]"
d1-3b,typed_customer_service,customer_service_000008,action,choice,4,2,"[""answer_directly"", ""close_no_action"", ""escalate_to_human"", ""execute_refund"", ""request_information""]","[0.09371102085779735, 0.009498684362652209, 0.49874293409430537, 0.006579546361071773, 0.3914678143241734]","[0.116667, 0.023333, 0.426667, 0.0, 0.433333]"
d1-3b,typed_customer_service,customer_service_000008,category,choice,0,4,"[""account"", ""billing"", ""delivery"", ""refund"", ""technical""]","[0.02797011226562702, 0.17268152827755143, 0.003393159594155916, 0.0036976556879577474, 0.792257544174708]","[0.8, 0.143333, 0.005, 0.008333, 0.043333]"
d1-3b,typed_customer_service,customer_service_000008,churn_risk,score,1,1,"[""0"", ""1"", ""2"", ""3""]","[0.16807980632463299, 0.7301053977902946, 0.06685752778108968, 0.03495726810398278]","[0.083333, 0.45, 0.4, 0.066667]"
d1-3b,typed_customer_service,customer_service_000008,needs_human,noul,1,1,"[""false"", ""true""]","[0.14608724704829568, 0.8539127529517043]","[0.266667, 0.733333]"
d1-3b,typed_customer_service,customer_service_000008,urgency,score,2,3,"[""0"", ""1"", ""2"", ""3""]","[0.0025624536978432057, 0.0063421338115915845, 0.411204342716808, 0.5798910697737572]","[0.006667, 0.083333, 0.743333, 0.166667]"
d1-3b,typed_customer_service,customer_service_000009,action,choice,2,4,"[""answer_directly"", ""close_no_action"", ""escalate_to_human"", ""execute_refund"", ""request_information""]","[0.03986582754409114, 0.0069819762313499695, 0.0994427403256571, 0.007973667135846995, 0.8457357887630548]","[0.05, 0.006667, 0.55, 0.026667, 0.366667]"
d1-3b,typed_customer_service,customer_service_000009,category,choice,1,1,"[""account"", ""billing"", ""delivery"", ""refund"", ""technical""]","[0.04615706849223949, 0.8054693191153541, 0.003939731653136399, 0.004464300828249922, 0.1399695799110201]","[0.083333, 0.466667, 0.003333, 0.013333, 0.433333]"
d1-3b,typed_customer_service,customer_service_000009,churn_risk,score,2,2,"[""0"", ""1"", ""2"", ""3""]","[0.011079776030295314, 0.04280624346256546, 0.7354142657036338, 0.21069971480350544]","[0.006667, 0.093333, 0.516667, 0.383333]"
d1-3b,typed_customer_service,customer_service_000009,needs_human,noul,1,1,"[""false"", ""true""]","[0.09807932347046, 0.90192067652954]","[0.166667, 0.833333]"
d1-3b,typed_customer_service,customer_service_000009,urgency,score,2,2,"[""0"", ""1"", ""2"", ""3""]","[0.11360237575874216, 0.1787216235207086, 0.576920467722081, 0.13075553299846815]","[0.0, 0.083333, 0.583333, 0.333333]"
d1-3b,typed_customer_service,customer_service_000010,action,choice,2,4,"[""answer_directly"", ""close_no_action"", ""escalate_to_human"", ""execute_refund"", ""request_information""]","[0.05795663091841422, 0.05277011296189459, 0.3441043615839022, 0.008029582130497823, 0.5371393124052912]","[0.083333, 0.033333, 0.616667, 0.0, 0.266667]"
d1-3b,typed_customer_service,customer_service_000010,category,choice,4,4,"[""account"", ""billing"", ""delivery"", ""refund"", ""technical""]","[0.0047670244824000495, 0.006266135469177416, 0.0032004288358118793, 0.0035149834329848612, 0.9822514277796258]","[0.01, 0.0, 0.01, 0.0, 0.98]"
d1-3b,typed_customer_service,customer_service_000010,churn_risk,score,2,2,"[""0"", ""1"", ""2"", ""3""]","[0.00862581064232873, 0.20735793322276813, 0.7351477107417461, 0.04886854539315696]","[0.0, 0.166667, 0.633333, 0.2]"
d1-3b,typed_customer_service,customer_service_000010,needs_human,noul,1,1,"[""false"", ""true""]","[0.18010666408646392, 0.8198933359135361]","[0.2, 0.8]"
d1-3b,typed_customer_service,customer_service_000010,urgency,score,2,1,"[""0"", ""1"", ""2"", ""3""]","[0.315233242669086, 0.4586616616857761, 0.1796144874570803, 0.04649060818805769]","[0.016667, 0.3, 0.466667, 0.216667]"
d1-3b,typed_customer_service,customer_service_000011,action,choice,4,4,"[""answer_directly"", ""close_no_action"", ""escalate_to_human"", ""execute_refund"", ""request_information""]","[0.14649962745552075, 0.013520545068074687, 0.29593738224878946, 0.16994254094705122, 0.37409990428056394]","[0.116667, 0.0, 0.4, 0.0, 0.483333]"
d1-3b,typed_customer_service,customer_service_000011,category,choice,1,1,"[""account"", ""billing"", ""delivery"", ""refund"", ""technical""]","[0.036171809712290566, 0.9475740417482834, 0.0034713031750627002, 0.005376459533281976, 0.007406385831081299]","[0.076667, 0.923333, 0.0, 0.0, 0.0]"
d1-3b,typed_customer_service,customer_service_000011,churn_risk,score,2,0,"[""0"", ""1"", ""2"", ""3""]","[0.45176937360694663, 0.3986850728907133, 0.06662696091913317, 0.08291859258320701]","[0.016667, 0.316667, 0.55, 0.116667]"
d1-3b,typed_customer_service,customer_service_000011,needs_human,noul,1,1,"[""false"", ""true""]","[0.30404167496654744, 0.6959583250334526]","[0.366667, 0.633333]"
d1-3b,typed_customer_service,customer_service_000011,urgency,score,3,3,"[""0"", ""1"", ""2"", ""3""]","[0.00696272987959564, 0.017232921955831003, 0.18966495513532114, 0.7861393930292523]","[0.0, 0.0, 0.133333, 0.866667]"
d1-3b,typed_customer_service,customer_service_000012,action,choice,2,2,"[""answer_directly"", ""close_no_action"", ""escalate_to_human"", ""execute_refund"", ""request_information""]","[0.16702955629903077, 0.018306080649474022, 0.42320567093467243, 0.012099580475840614, 0.37935911164098224]","[0.233333, 0.016667, 0.383333, 0.016667, 0.35]"
d1-3b,typed_customer_service,customer_service_000012,category,choice,1,1,"[""account"", ""billing"", ""delivery"", ""refund"", ""technical""]","[0.004507828068366283, 0.9810544437324055, 0.003429374751001537, 0.0047985580005303055, 0.006209795447696454]","[0.023333, 0.963, 0.0, 0.006667, 0.007]"
d1-3b,typed_customer_service,customer_service_000012,churn_risk,score,2,1,"[""0"", ""1"", ""2"", ""3""]","[0.17961461314439575, 0.677858468418901, 0.12344719792833124, 0.019079720508372006]","[0.033333, 0.25, 0.616667, 0.1]"
d1-3b,typed_customer_service,customer_service_000012,needs_human,noul,1,1,"[""false"", ""true""]","[0.20946968133032529, 0.7905303186696747]","[0.24, 0.76]"
d1-3b,typed_customer_service,customer_service_000012,urgency,score,2,1,"[""0"", ""1"", ""2"", ""3""]","[0.23757914925302684, 0.5108754526784741, 0.2266996079125269, 0.024845790155972162]","[0.05, 0.266667, 0.583333, 0.1]"
d1-3b,typed_customer_service,customer_service_000013,action,choice,0,2,"[""answer_directly"", ""close_no_action"", ""escalate_to_human"", ""execute_refund"", ""request_information""]","[0.07113832751956357, 0.019146621106591356, 0.5215544902605842, 0.009552603704410688, 0.3786079574088501]","[0.383333, 0.016667, 0.3, 0.0, 0.3]"
d1-3b,typed_customer_service,customer_service_000013,category,choice,0,0,"[""account"", ""billing"", ""delivery"", ""refund"", ""technical""]","[0.9560502040002082, 0.030973218951596132, 0.0030908169043727036, 0.004749896965402735, 0.0051358631784202075]","[0.88, 0.106667, 0.003333, 0.003333, 0.006667]"
d1-3b,typed_customer_service,customer_service_000013,churn_risk,score,2,0,"[""0"", ""1"", ""2"", ""3""]","[0.6830098866551058, 0.2983849211766356, 0.01241241069774144, 0.0061927814705171605]","[0.233333, 0.3, 0.366667, 0.1]"
d1-3b,typed_customer_service,customer_service_000013,needs_human,noul,0,1,"[""false"", ""true""]","[0.2628418373713166, 0.7371581626286834]","[0.55, 0.45]"
d1-3b,typed_customer_service,customer_service_000013,urgency,score,2,1,"[""0"", ""1"", ""2"", ""3""]","[0.22856802194388698, 0.5746199438621664, 0.17253219471153836, 0.024279839482408357]","[0.25, 0.233333, 0.4, 0.116667]"
d1-3b,typed_customer_service,customer_service_000014,action,choice,2,2,"[""answer_directly"", ""close_no_action"", ""escalate_to_human"", ""execute_refund"", ""request_information""]","[0.2689100673131811, 0.031128599710528827, 0.5265003526886908, 0.02725711264231663, 0.1462038676452827]","[0.15, 0.026667, 0.75, 0.006667, 0.066667]"
d1-3b,typed_customer_service,customer_service_000014,category,choice,0,4,"[""account"", ""billing"", ""delivery"", ""refund"", ""technical""]","[0.018065965573630362, 0.03073124265396576, 0.005216581556499308, 0.004787004321353862, 0.9411992058945507]","[0.55, 0.075, 0.003333, 0.005, 0.366667]"
d1-3b,typed_customer_service,customer_service_000014,churn_risk,score,1,1,"[""0"", ""1"", ""2"", ""3""]","[0.2511361000797503, 0.6119313013839297, 0.09989503888103726, 0.03703755965528281]","[0.1, 0.533333, 0.3, 0.066667]"
d1-3b,typed_customer_service,customer_service_000014,needs_human,noul,1,1,"[""false"", ""true""]","[0.2628418373713166, 0.7371581626286834]","[0.216667, 0.783333]"
d1-3b,typed_customer_service,customer_service_000014,urgency,score,3,2,"[""0"", ""1"", ""2"", ""3""]","[0.005632977596722008, 0.010689513164103357, 0.5110414399744782, 0.4726360692646965]","[0.003333, 0.046667, 0.233333, 0.716667]"
d1-3b,typed_customer_service,customer_service_000015,action,choice,2,2,"[""answer_directly"", ""close_no_action"", ""escalate_to_human"", ""execute_refund"", ""request_information""]","[0.03418610618689025, 0.02641697536284122, 0.5965686420962666, 0.008183597201872754, 0.33464467915212914]","[0.033333, 0.016667, 0.783333, 0.0, 0.166667]"
d1-3b,typed_customer_service,customer_service_000015,category,choice,4,4,"[""account"", ""billing"", ""delivery"", ""refund"", ""technical""]","[0.0036079941121428937, 0.005374091144437928, 0.0029218426749342287, 0.003209016392197533, 0.9848870556762874]","[0.005, 0.005, 0.004167, 0.004167, 0.981667]"
d1-3b,typed_customer_service,customer_service_000015,churn_risk,score,1,1,"[""0"", ""1"", ""2"", ""3""]","[0.31976584006998804, 0.4725832765887943, 0.10220330115249036, 0.10544758218872737]","[0.133333, 0.583333, 0.23, 0.053333]"
d1-3b,typed_customer_service,customer_service_000015,needs_human,noul,1,1,"[""false"", ""true""]","[0.214691419112242, 0.785308580887758]","[0.14, 0.86]"
d1-3b,typed_customer_service,customer_service_000015,urgency,score,3,3,"[""0"", ""1"", ""2"", ""3""]","[0.009678051899099455, 0.012821335650113912, 0.12649124938363196, 0.8510093630671547]","[0.033333, 0.066667, 0.333333, 0.566667]"
d1-3b,typed_customer_service,customer_service_000016,action,choice,0,4,"[""answer_directly"", ""close_no_action"", ""escalate_to_human"", ""execute_refund"", ""request_information""]","[0.35951004466485675, 0.014723275625101884, 0.15829013038770695, 0.005856514418113215, 0.46162003490422127]","[0.6, 0.01, 0.053333, 0.003333, 0.333333]"
d1-3b,typed_customer_service,customer_service_000016,category,choice,2,2,"[""account"", ""billing"", ""delivery"", ""refund"", ""technical""]","[0.003318878597581969, 0.007249097323837138, 0.9795829834965831, 0.004866813710412182, 0.004982226871585594]","[0.013333, 0.008333, 0.97, 0.003333, 0.005]"
d1-3b,typed_customer_service,customer_service_000016,churn_risk,score,0,0,"[""0"", ""1"", ""2"", ""3""]","[0.8029714101478143, 0.17916713934089232, 0.011634142680522956, 0.006227307830770472]","[0.593333, 0.35, 0.056667, 0.0]"
d1-3b,typed_customer_service,customer_service_000016,needs_human,noul,0,1,"[""false"", ""true""]","[0.44939263446475963, 0.5506073655352404]","[0.85, 0.15]"
d1-3b,typed_customer_service,customer_service_000016,urgency,score,2,2,"[""0"", ""1"", ""2"", ""3""]","[0.007106451891493527, 0.032604182853310355, 0.6151957984039257, 0.34509356685127046]","[0.006667, 0.083333, 0.693333, 0.216667]"
d1-3b,typed_customer_service,customer_service_000017,action,choice,2,2,"[""answer_directly"", ""close_no_action"", ""escalate_to_human"", ""execute_refund"", ""request_information""]","[0.031857961130226375, 0.021056826519687148, 0.730770756361216, 0.008574453916156693, 0.20774000207271368]","[0.03, 0.043333, 0.853333, 0.01, 0.063333]"
d1-3b,typed_customer_service,customer_service_000017,category,choice,4,4,"[""account"", ""billing"", ""delivery"", ""refund"", ""technical""]","[0.004111880402550842, 0.006269868883772285, 0.0030083159668656046, 0.0037732735590757654, 0.9828366611877355]","[0.013333, 0.016667, 0.013333, 0.013333, 0.943333]"
d1-3b,typed_customer_service,customer_service_000017,churn_risk,score,3,3,"[""0"", ""1"", ""2"", ""3""]","[0.0036886092413402093, 0.004886613303833953, 0.2372968734033772, 0.7541279040514486]","[0.006667, 0.04, 0.153333, 0.8]"
d1-3b,typed_customer_service,customer_service_000017,needs_human,noul,1,1,"[""false"", ""true""]","[0.06954174450582806, 0.9304582554941719]","[0.113333, 0.886667]"
d1-3b,typed_customer_service,customer_service_000017,urgency,score,3,2,"[""0"", ""1"", ""2"", ""3""]","[0.08631608591522137, 0.060258339397531197, 0.49284931391292325, 0.3605762607743242]","[0.01, 0.07, 0.22, 0.7]"
d1-3b,typed_customer_service,customer_service_000018,action,choice,2,3,"[""answer_directly"", ""close_no_action"", ""escalate_to_human"", ""execute_refund"", ""request_information""]","[0.20723186286929243, 0.010812612500661805, 0.3038854365391172, 0.3062688395575174, 0.17180124853341114]","[0.08, 0.01, 0.466667, 0.383333, 0.06]"
d1-3b,typed_customer_service,customer_service_000018,category,choice,1,1,"[""account"", ""billing"", ""delivery"", ""refund"", ""technical""]","[0.004257498692730049, 0.9786575900033834, 0.003786697724574667, 0.006441389814280462, 0.006856823765031491]","[0.018333, 0.883333, 0.001667, 0.093333, 0.003333]"
d1-3b,typed_customer_service,customer_service_000018,churn_risk,score,3,3,"[""0"", ""1"", ""2"", ""3""]","[0.003722115258347175, 0.0033890245089758255, 0.03092236240295583, 0.9619664978297212]","[0.003333, 0.026667, 0.1, 0.87]"
d1-3b,typed_customer_service,customer_service_000018,needs_human,noul,1,1,"[""false"", ""true""]","[0.19682620364309844, 0.8031737963569016]","[0.24, 0.76]"
d1-3b,typed_customer_service,customer_service_000018,urgency,score,3,3,"[""0"", ""1"", ""2"", ""3""]","[0.005247203417079957, 0.007516271863639723, 0.06244322551951694, 0.9247932991997634]","[0.003333, 0.036667, 0.15, 0.81]"
d1-3b,typed_customer_service,customer_service_000019,action,choice,2,4,"[""answer_directly"", ""close_no_action"", ""escalate_to_human"", ""execute_refund"", ""request_information""]","[0.22772967462034432, 0.018118061033356437, 0.22419905326412998, 0.016756467244478466, 0.5131967438376909]","[0.15, 0.033333, 0.6, 0.05, 0.166667]"
d1-3b,typed_customer_service,customer_service_000019,category,choice,1,1,"[""account"", ""billing"", ""delivery"", ""refund"", ""technical""]","[0.004207700567285745, 0.9824420059114827, 0.0034342251145392305, 0.004919300349171652, 0.00499676805752079]","[0.026667, 0.933333, 0.003333, 0.026667, 0.01]"
d1-3b,typed_customer_service,customer_service_000019,churn_risk,score,2,2,"[""0"", ""1"", ""2"", ""3""]","[0.007767455950792599, 0.11063015391507587, 0.6992041021935169, 0.18239828794061463]","[0.016667, 0.133333, 0.616667, 0.233333]"
d1-3b,typed_customer_service,customer_service_000019,needs_human,noul,1,1,"[""false"", ""true""]","[0.17106119167858436, 0.8289388083214156]","[0.25, 0.75]"
d1-3b,typed_customer_service,customer_service_000019,urgency,score,2,2,"[""0"", ""1"", ""2"", ""3""]","[0.14386021356090997, 0.3972107868163985, 0.40346594653467127, 0.05546305308802026]","[0.016667, 0.283333, 0.55, 0.15]"
d1-3b,typed_customer_service,customer_service_000020,action,choice,2,4,"[""answer_directly"", ""close_no_action"", ""escalate_to_human"", ""execute_refund"", ""request_information""]","[0.07903537845950637, 0.011565431210679048, 0.32251368866988783, 0.025261224227797432, 0.5616242774321293]","[0.11, 0.053333, 0.7, 0.02, 0.116667]"
d1-3b,typed_customer_service,customer_service_000020,category,choice,4,4,"[""account"", ""billing"", ""delivery"", ""refund"", ""technical""]","[0.005910379306399285, 0.0461269560845376, 0.0026640166690203603, 0.004223957605590615, 0.9410746903344521]","[0.021667, 0.025, 0.013333, 0.013333, 0.926667]"
d1-3b,typed_customer_service,customer_service_000020,churn_risk,score,3,3,"[""0"", ""1"", ""2"", ""3""]","[0.0035218119404551913, 0.0045220960443388405, 0.11662639412169286, 0.8753296978935132]","[0.023333, 0.076667, 0.223333, 0.676667]"
d1-3b,typed_customer_service,customer_service_000020,needs_human,noul,1,1,"[""false"", ""true""]","[0.0900929939619518, 0.9099070060380482]","[0.18, 0.82]"
d1-3b,typed_customer_service,customer_service_000020,urgency,score,2,2,"[""0"", ""1"", ""2"", ""3""]","[0.002035796713013537, 0.005621014971119648, 0.9090951347961418, 0.08324805351972496]","[0.033333, 0.08, 0.676667, 0.21]"
d1-3b,typed_customer_service,customer_service_000021,action,choice,4,4,"[""answer_directly"", ""close_no_action"", ""escalate_to_human"", ""execute_refund"", ""request_information""]","[0.030603247171553192, 0.029201822451398768, 0.3290159138781223, 0.006026136667238553, 0.6051528798316872]","[0.2, 0.033333, 0.25, 0.0, 0.516667]"
d1-3b,typed_customer_service,customer_service_000021,category,choice,4,4,"[""account"", ""billing"", ""delivery"", ""refund"", ""technical""]","[0.004116573175562281, 0.005244650285077251, 0.0031317237247781393, 0.003548707894165028, 0.9839583449204173]","[0.013333, 0.006667, 0.013333, 0.01, 0.956667]"
d1-3b,typed_customer_service,customer_service_000021,churn_risk,score,2,2,"[""0"", ""1"", ""2"", ""3""]","[0.03106573709822815, 0.3668142212813659, 0.42884927241734727, 0.17327076920305856]","[0.033333, 0.3, 0.55, 0.116667]"
d1-3b,typed_customer_service,customer_service_000021,needs_human,noul,0,1,"[""false"", ""true""]","[0.2628418373713166, 0.7371581626286834]","[0.616667, 0.383333]"
d1-3b,typed_customer_service,customer_service_000021,urgency,score,2,1,"[""0"", ""1"", ""2"", ""3""]","[0.2092440755112309, 0.49416842283729384, 0.23710460047894946, 0.059482901172525825]","[0.033333, 0.366667, 0.5, 0.1]"
d1-3b,typed_customer_service,customer_service_000022,action,choice,4,2,"[""answer_directly"", ""close_no_action"", ""escalate_to_human"", ""execute_refund"", ""request_information""]","[0.04384607400632688, 0.0229254508088432, 0.5057273461488364, 0.00823843321850951, 0.419262695817484]","[0.383333, 0.016667, 0.133333, 0.0, 0.466667]"
d1-3b,typed_customer_service,customer_service_000022,category,choice,0,0,"[""account"", ""billing"", ""delivery"", ""refund"", ""technical""]","[0.9471504506321194, 0.00711946762850585, 0.00331085992377757, 0.0039317434416986635, 0.038487478373898536]","[0.886667, 0.006667, 0.006667, 0.003333, 0.096667]"
d1-3b,typed_customer_service,customer_service_000022,churn_risk,score,1,1,"[""0"", ""1"", ""2"", ""3""]","[0.18942095337457046, 0.5312442012635608, 0.12229935942085786, 0.15703548594101088]","[0.033333, 0.583333, 0.333333, 0.05]"
d1-3b,typed_customer_service,customer_service_000022,needs_human,noul,0,1,"[""false"", ""true""]","[0.28457600421652673, 0.7154239957834733]","[0.7, 0.3]"
d1-3b,typed_customer_service,customer_service_000022,urgency,score,3,3,"[""0"", ""1"", ""2"", ""3""]","[0.00592596815452712, 0.010481969339152769, 0.11094466630702929, 0.8726473961992908]","[0.01, 0.073333, 0.266667, 0.65]"
d1-3b,typed_customer_service,customer_service_000023,action,choice,3,2,"[""answer_directly"", ""close_no_action"", ""escalate_to_human"", ""execute_refund"", ""request_information""]","[0.21146655369138465, 0.09757578395381794, 0.35413983434327173, 0.0953154433530496, 0.24150238465847615]","[0.216667, 0.0, 0.016667, 0.5, 0.266667]"
d1-3b,typed_customer_service,customer_service_000023,category,choice,1,1,"[""account"", ""billing"", ""delivery"", ""refund"", ""technical""]","[0.004790303311700191, 0.9793667910756038, 0.003789441820276652, 0.0064966147352806605, 0.00555684905713886]","[0.0, 0.816667, 0.0, 0.183333, 0.0]"
d1-3b,typed_customer_service,customer_service_000023,churn_risk,score,1,0,"[""0"", ""1"", ""2"", ""3""]","[0.675185920456893, 0.3091226397836411, 0.011800159999512843, 0.0038912797599531604]","[0.083333, 0.533333, 0.35, 0.033333]"
d1-3b,typed_customer_service,customer_service_000023,needs_human,noul,0,0,"[""false"", ""true""]","[0.5660185351961015, 0.43398146480389854]","[0.666667, 0.333333]"
d1-3b,typed_customer_service,customer_service_000023,urgency,score,1,1,"[""0"", ""1"", ""2"", ""3""]","[0.24730319488392036, 0.5401598387827516, 0.18667424519678838, 0.025862721136539684]","[0.033333, 0.5, 0.383333, 0.083333]"
d1-3b,typed_customer_service,customer_service_000024,action,choice,2,2,"[""answer_directly"", ""close_no_action"", ""escalate_to_human"", ""execute_refund"", ""request_information""]","[0.27690710566065313, 0.013467031551175738, 0.501413992059089, 0.00876316456404761, 0.19944870616503446]","[0.36, 0.016667, 0.516667, 0.0, 0.106667]"
d1-3b,typed_customer_service,customer_service_000024,category,choice,1,1,"[""account"", ""billing"", ""delivery"", ""refund"", ""technical""]","[0.003907378508624018, 0.9787773502611424, 0.0032647369438628224, 0.004750164224307271, 0.00930037006206346]","[0.006667, 0.973333, 0.006667, 0.003333, 0.01]"
d1-3b,typed_customer_service,customer_service_000024,churn_risk,score,2,2,"[""0"", ""1"", ""2"", ""3""]","[0.04409466086835004, 0.2421273206948251, 0.39301143430846436, 0.3207665841283605]","[0.0, 0.283333, 0.55, 0.166667]"
d1-3b,typed_customer_service,customer_service_000024,needs_human,noul,1,1,"[""false"", ""true""]","[0.10818895456207034, 0.8918110454379297]","[0.373333, 0.626667]"
d1-3b,typed_customer_service,customer_service_000024,urgency,score,3,3,"[""0"", ""1"", ""2"", ""3""]","[0.011110773255812688, 0.012492178159574601, 0.09375900384129668, 0.8826380447433161]","[0.0, 0.0, 0.066667, 0.933333]"
d1-3b,typed_customer_service,customer_service_000025,action,choice,2,4,"[""answer_directly"", ""close_no_action"", ""escalate_to_human"", ""execute_refund"", ""request_information""]","[0.3318845748732338, 0.010921406281933995, 0.20446815506880656, 0.006126353688764764, 0.4465995100872608]","[0.36, 0.016667, 0.533333, 0.0, 0.09]"
d1-3b,typed_customer_service,customer_service_000025,category,choice,0,0,"[""account"", ""billing"", ""delivery"", ""refund"", ""technical""]","[0.9331946041223843, 0.04945750213097462, 0.0029701538654071657, 0.0040915597650661726, 0.010286180116167831]","[0.78, 0.2, 0.006667, 0.006667, 0.006667]"
d1-3b,typed_customer_service,customer_service_000025,churn_risk,score,2,1,"[""0"", ""1"", ""2"", ""3""]","[0.22274483053152183, 0.6445335382112378, 0.11200313462103495, 0.020718496636205303]","[0.006667, 0.193333, 0.583333, 0.216667]"
d1-3b,typed_customer_service,customer_service_000025,needs_human,noul,1,1,"[""false"", ""true""]","[0.1602660323277607, 0.8397339676722393]","[0.366667, 0.633333]"
d1-3b,typed_customer_service,customer_service_000025,urgency,score,2,1,"[""0"", ""1"", ""2"", ""3""]","[0.22445015319705625, 0.5821794000677152, 0.17480195507036422, 0.018568491664864364]","[0.05, 0.383333, 0.5, 0.066667]"
d1-3b,typed_customer_service,customer_service_000026,action,choice,3,4,"[""answer_directly"", ""close_no_action"", ""escalate_to_human"", ""execute_refund"", ""request_information""]","[0.17674072461427573, 0.009589045239074702, 0.2694974224121326, 0.2165472624591647, 0.3276255452753522]","[0.1, 0.0, 0.333333, 0.416667, 0.15]"
d1-3b,typed_customer_service,customer_service_000026,category,choice,1,1,"[""account"", ""billing"", ""delivery"", ""refund"", ""technical""]","[0.004629687028201007, 0.9465291513835871, 0.003749234813067065, 0.0387638948892396, 0.006328031885905297]","[0.0, 0.88, 0.0, 0.116667, 0.003333]"
d1-3b,typed_customer_service,customer_service_000026,churn_risk,score,2,1,"[""0"", ""1"", ""2"", ""3""]","[0.04980301300931756, 0.5481302736834993, 0.32730353580447835, 0.07476317750270484]","[0.05, 0.233333, 0.616667, 0.1]"
d1-3b,typed_customer_service,customer_service_000026,needs_human,noul,0,1,"[""false"", ""true""]","[0.18010666408646392, 0.8198933359135361]","[0.516667, 0.483333]"
d1-3b,typed_customer_service,customer_service_000026,urgency,score,2,1,"[""0"", ""1"", ""2"", ""3""]","[0.1591026149151967, 0.41268078270907926, 0.3757501285990391, 0.05246647377668491]","[0.05, 0.216667, 0.6, 0.133333]"
d1-3b,typed_customer_service,customer_service_000027,action,choice,2,2,"[""answer_directly"", ""close_no_action"", ""escalate_to_human"", ""execute_refund"", ""request_information""]","[0.1549434836413364, 0.012136111490468051, 0.6128133655180747, 0.047255092634671494, 0.1728519467154492]","[0.16, 0.016667, 0.633333, 0.016667, 0.173333]"
d1-3b,typed_customer_service,customer_service_000027,category,choice,0,1,"[""account"", ""billing"", ""delivery"", ""refund"", ""technical""]","[0.2861316702624776, 0.6549619159834197, 0.003279536463836489, 0.0035184290254762205, 0.05210844826478999]","[0.493333, 0.34, 0.006667, 0.013333, 0.146667]"
d1-3b,typed_customer_service,customer_service_000027,churn_risk,score,2,1,"[""0"", ""1"", ""2"", ""3""]","[0.04930553425940258, 0.42593482070842104, 0.42593482070842104, 0.09882482432375535]","[0.016667, 0.116667, 0.6, 0.266667]"
d1-3b,typed_customer_service,customer_service_000027,needs_human,noul,1,1,"[""false"", ""true""]","[0.09807932347046, 0.90192067652954]","[0.26, 0.74]"
d1-3b,typed_customer_service,customer_service_000027,urgency,score,2,1,"[""0"", ""1"", ""2"", ""3""]","[0.25018635440542053, 0.4747702761062044, 0.24630757449950888, 0.028735794988866102]","[0.016667, 0.266667, 0.55, 0.166667]"
d1-3b,typed_customer_service,customer_service_000028,action,choice,4,4,"[""answer_directly"", ""close_no_action"", ""escalate_to_human"", ""execute_refund"", ""request_information""]","[0.021883646490788652, 0.050881002511962585, 0.35874600183328287, 0.017176670937200784, 0.5513126782267651]","[0.133333, 0.013333, 0.09, 0.02, 0.743333]"
d1-3b,typed_customer_service,customer_service_000028,category,choice,2,2,"[""account"", ""billing"", ""delivery"", ""refund"", ""technical""]","[0.005177492161500057, 0.03679118580551609, 0.9125070398507843, 0.006053101590907736, 0.03947118059129179]","[0.019869, 0.009935, 0.933856, 0.026471, 0.009869]"
d1-3b,typed_customer_service,customer_service_000028,churn_risk,score,1,1,"[""0"", ""1"", ""2"", ""3""]","[0.1954898731062788, 0.5070621490928874, 0.21137495157338598, 0.08607302622744784]","[0.133333, 0.683333, 0.176667, 0.006667]"
d1-3b,typed_customer_service,customer_service_000028,needs_human,noul,0,1,"[""false"", ""true""]","[0.29746994260479465, 0.7025300573952054]","[0.723333, 0.276667]"
d1-3b,typed_customer_service,customer_service_000028,urgency,score,1,0,"[""0"", ""1"", ""2"", ""3""]","[0.5470531682941399, 0.353204071986821, 0.07819717311746718, 0.021545586601571874]","[0.03, 0.67, 0.26, 0.04]"
d1-3b,typed_customer_service,customer_service_000029,action,choice,0,2,"[""answer_directly"", ""close_no_action"", ""escalate_to_human"", ""execute_refund"", ""request_information""]","[0.11979614637956892, 0.09701387582825122, 0.5896572984454409, 0.025907733582355076, 0.1676249457643839]","[0.643333, 0.03, 0.133333, 0.0, 0.193333]"
d1-3b,typed_customer_service,customer_service_000029,category,choice,0,1,"[""account"", ""billing"", ""delivery"", ""refund"", ""technical""]","[0.011413303883375477, 0.972716022850018, 0.0036765219474331253, 0.009838882940276341, 0.002355268378897039]","[0.706667, 0.273333, 0.006667, 0.006667, 0.006667]"
d1-3b,typed_customer_service,customer_service_000029,churn_risk,score,3,0,"[""0"", ""1"", ""2"", ""3""]","[0.506322470949232, 0.18626562766534732, 0.04059870869937292, 0.2668131926860477]","[0.006667, 0.033333, 0.083333, 0.876667]"
d1-3b,typed_customer_service,customer_service_000029,needs_human,noul,0,1,"[""false"", ""true""]","[0.4804786780479071, 0.5195213219520929]","[0.746667, 0.253333]"
d1-3b,typed_customer_service,customer_service_000029,urgency,score,2,2,"[""0"", ""1"", ""2"", ""3""]","[0.020742194635754798, 0.10209666022140618, 0.6303230802806751, 0.24683806486216403]","[0.016667, 0.266667, 0.55, 0.166667]"
d1-3b,typed_customer_service,customer_service_000030,action,choice,4,2,"[""answer_directly"", ""close_no_action"", ""escalate_to_human"", ""execute_refund"", ""request_information""]","[0.043658921384515055, 0.0875071186388484, 0.5075182373457449, 0.07662379329375671, 0.284691929337135]","[0.15, 0.0, 0.1, 0.033333, 0.716667]"
d1-3b,typed_customer_service,customer_service_000030,category,choice,2,2,"[""account"", ""billing"", ""delivery"", ""refund"", ""technical""]","[0.005746614380631332, 0.03927098213291541, 0.48976387050576303, 0.012260998587260291, 0.45295753439342995]","[0.0, 0.016667, 0.833333, 0.1, 0.05]"
d1-3b,typed_customer_service,customer_service_000030,churn_risk,score,1,1,"[""0"", ""1"", ""2"", ""3""]","[0.31812646060906524, 0.5851241100135698, 0.07043120928238446, 0.026318220094980554]","[0.366667, 0.483333, 0.15, 0.0]"
d1-3b,typed_customer_service,customer_service_000030,needs_human,noul,0,1,"[""false"", ""true""]","[0.39606816627404173, 0.6039318337259583]","[0.733333, 0.266667]"
d1-3b,typed_customer_service,customer_service_000030,urgency,score,1,1,"[""0"", ""1"", ""2"", ""3""]","[0.20631404344797752, 0.4506313009817211, 0.27762589075790034, 0.06542876481240117]","[0.05, 0.55, 0.3, 0.1]"
d1-3b,typed_customer_service,customer_service_000031,action,choice,4,4,"[""answer_directly"", ""close_no_action"", ""escalate_to_human"", ""execute_refund"", ""request_information""]","[0.025447393461324665, 0.026668639372245142, 0.0610451234702316, 0.0036947977609242547, 0.8831440459352744]","[0.333333, 0.016667, 0.266667, 0.0, 0.383333]"
d1-3b,typed_customer_service,customer_service_000031,category,choice,4,4,"[""account"", ""billing"", ""delivery"", ""refund"", ""technical""]","[0.008037914564250672, 0.010483416912158655, 0.003566802966547771, 0.004268904201358146, 0.9736429613556848]","[0.01, 0.003333, 0.013333, 0.003333, 0.97]"
d1-3b,typed_customer_service,customer_service_000031,churn_risk,score,1,1,"[""0"", ""1"", ""2"", ""3""]","[0.2759579701409669, 0.6218808855214129, 0.0868340279591703, 0.015327116378449966]","[0.05, 0.433333, 0.433333, 0.083333]"
d1-3b,typed_customer_service,customer_service_000031,needs_human,noul,0,1,"[""false"", ""true""]","[0.265880473099817, 0.734119526900183]","[0.566667, 0.433333]"
d1-3b,typed_customer_service,customer_service_000031,urgency,score,1,1,"[""0"", ""1"", ""2"", ""3""]","[0.4176812855953446, 0.4883188956093103, 0.06871937392000306, 0.025280444875342114]","[0.033333, 0.466667, 0.416667, 0.083333]"
d1-3b,typed_customer_service,customer_service_000032,action,choice,3,4,"[""answer_directly"", ""close_no_action"", ""escalate_to_human"", ""execute_refund"", ""request_information""]","[0.11727907379227563, 0.015027304414910193, 0.3612449791204685, 0.11278618303102061, 0.393662459641325]","[0.133333, 0.016667, 0.216667, 0.35, 0.283333]"
d1-3b,typed_customer_service,customer_service_000032,category,choice,3,1,"[""account"", ""billing"", ""delivery"", ""refund"", ""technical""]","[0.005137270637483559, 0.7565052204923358, 0.004902017887174594, 0.18394686413963884, 0.049508626843367036]","[0.0, 0.03, 0.0, 0.97, 0.0]"
d1-3b,typed_customer_service,customer_service_000032,churn_risk,score,2,1,"[""0"", ""1"", ""2"", ""3""]","[0.16920109633863095, 0.5905698550003631, 0.17186562589631943, 0.0683634227646867]","[0.033333, 0.233333, 0.6, 0.133333]"
d1-3b,typed_customer_service,customer_service_000032,needs_human,noul,1,1,"[""false"", ""true""]","[0.13846179056896435, 0.8615382094310357]","[0.433333, 0.566667]"
d1-3b,typed_customer_service,customer_service_000032,urgency,score,2,2,"[""0"", ""1"", ""2"", ""3""]","[0.003647186671887665, 0.019871143332936783, 0.7937500360065329, 0.1827316339886427]","[0.0, 0.116667, 0.7, 0.183333]"
d1-3b,typed_customer_service,customer_service_000033,action,choice,0,2,"[""answer_directly"", ""close_no_action"", ""escalate_to_human"", ""execute_refund"", ""request_information""]","[0.12267093518930446, 0.016995403865246738, 0.4889782190360515, 0.08835656004272094, 0.28299888186667643]","[0.466667, 0.01, 0.12, 0.036667, 0.366667]"
d1-3b,typed_customer_service,customer_service_000033,category,choice,2,4,"[""account"", ""billing"", ""delivery"", ""refund"", ""technical""]","[0.007471155773002249, 0.0953853219958681, 0.1838600203525118, 0.09613343834835004, 0.6171500635302678]","[0.023333, 0.013333, 0.866667, 0.086667, 0.01]"
d1-3b,typed_customer_service,customer_service_000033,churn_risk,score,1,1,"[""0"", ""1"", ""2"", ""3""]","[0.3181851723074459, 0.5944481618782609, 0.054862004108163366, 0.032504661706129825]","[0.2, 0.533333, 0.266667, 0.0]"
d1-3b,typed_customer_service,customer_service_000033,needs_human,noul,0,1,"[""false"", ""true""]","[0.2281565021609253, 0.7718434978390747]","[0.7, 0.3]"
d1-3b,typed_customer_service,customer_service_000033,urgency,score,2,2,"[""0"", ""1"", ""2"", ""3""]","[0.09196907798632022, 0.31850555363585215, 0.5010795704400672, 0.08844579793776057]","[0.016667, 0.183333, 0.583333, 0.216667]"
d1-3b,typed_customer_service,customer_service_000034,action,choice,2,4,"[""answer_directly"", ""close_no_action"", ""escalate_to_human"", ""execute_refund"", ""request_information""]","[0.05127722724137159, 0.013481376846205198, 0.28156736893115775, 0.028989515791636472, 0.624684511189629]","[0.116667, 0.006667, 0.616667, 0.043333, 0.216667]"
d1-3b,typed_customer_service,customer_service_000034,category,choice,2,2,"[""account"", ""billing"", ""delivery"", ""refund"", ""technical""]","[0.005013192047034748, 0.012120343809375636, 0.7982208769820105, 0.006538435046763, 0.1781071521148161]","[0.016667, 0.01, 0.733333, 0.073333, 0.166667]"
d1-3b,typed_customer_service,customer_service_000034,churn_risk,score,2,1,"[""0"", ""1"", ""2"", ""3""]","[0.06293871562639448, 0.4334814417811697, 0.18643804492700825, 0.31714179766542755]","[0.0, 0.1, 0.5, 0.4]"
d1-3b,typed_customer_service,customer_service_000034,needs_human,noul,1,1,"[""false"", ""true""]","[0.15203224162217432, 0.8479677583778257]","[0.2, 0.8]"
d1-3b,typed_customer_service,customer_service_000034,urgency,score,3,2,"[""0"", ""1"", ""2"", ""3""]","[0.004345312090167152, 0.011997791408583708, 0.5263532596255478, 0.45730363687570125]","[0.0, 0.033333, 0.233333, 0.733333]"
d1-3b,typed_customer_service,customer_service_000035,action,choice,4,4,"[""answer_directly"", ""close_no_action"", ""escalate_to_human"", ""execute_refund"", ""request_information""]","[0.02358799395527188, 0.00783950231309974, 0.20697807129387039, 0.027793449178712647, 0.7338009832590453]","[0.066667, 0.026667, 0.406667, 0.04, 0.46]"
d1-3b,typed_customer_service,customer_service_000035,category,choice,1,1,"[""account"", ""billing"", ""delivery"", ""refund"", ""technical""]","[0.00410132161110268, 0.9726840051154803, 0.0036764009317399836, 0.006402072499169724, 0.013136199842507489]","[0.016667, 0.846667, 0.01, 0.11, 0.016667]"
d1-3b,typed_customer_service,customer_service_000035,churn_risk,score,2,2,"[""0"", ""1"", ""2"", ""3""]","[0.024880399007289312, 0.33813840875208206, 0.5237190126071578, 0.11326217963347084]","[0.066667, 0.35, 0.533333, 0.05]"
d1-3b,typed_customer_service,customer_service_000035,needs_human,noul,1,1,"[""false"", ""true""]","[0.1347759174229567, 0.8652240825770433]","[0.256667, 0.743333]"
d1-3b,typed_customer_service,customer_service_000035,urgency,score,2,2,"[""0"", ""1"", ""2"", ""3""]","[0.1784276707141211, 0.34392833700735054, 0.40209296295569535, 0.07555102932283314]","[0.016667, 0.15, 0.45, 0.383333]"
d1-3b,typed_customer_service,customer_service_000036,action,choice,0,2,"[""answer_directly"", ""close_no_action"", ""escalate_to_human"", ""execute_refund"", ""request_information""]","[0.2330996627218931, 0.03835092314557584, 0.4782894528503065, 0.07567638064306174, 0.17458358063916296]","[0.783333, 0.033333, 0.066667, 0.0, 0.116667]"
d1-3b,typed_customer_service,customer_service_000036,category,choice,0,0,"[""account"", ""billing"", ""delivery"", ""refund"", ""technical""]","[0.8247155854780733, 0.12846591060521118, 0.003849145139750068, 0.03917988910136474, 0.0037894696756006264]","[0.9, 0.083333, 0.006667, 0.003333, 0.006667]"
d1-3b,typed_customer_service,customer_service_000036,churn_risk,score,3,0,"[""0"", ""1"", ""2"", ""3""]","[0.6351615019847724, 0.14736931755534374, 0.03262664547510708, 0.1848425349847769]","[0.0, 0.016667, 0.1, 0.883333]"
d1-3b,typed_customer_service,customer_service_000036,needs_human,noul,0,1,"[""false"", ""true""]","[0.4960938294709195, 0.5039061705290805]","[0.856667, 0.143333]"
d1-3b,typed_customer_service,customer_service_000036,urgency,score,2,1,"[""0"", ""1"", ""2"", ""3""]","[0.33881345811262414, 0.44885490535982536, 0.17577410650038972, 0.036557530027160834]","[0.0, 0.1, 0.466667, 0.433333]"
d1-3b,typed_customer_service,customer_service_000037,action,choice,2,2,"[""answer_directly"", ""close_no_action"", ""escalate_to_human"", ""execute_refund"", ""request_information""]","[0.19065319833409228, 0.04672157559263686, 0.47557212936880894, 0.01181306428820321, 0.27524003241625883]","[0.1, 0.1, 0.566667, 0.133333, 0.1]"
d1-3b,typed_customer_service,customer_service_000037,category,choice,2,2,"[""account"", ""billing"", ""delivery"", ""refund"", ""technical""]","[0.003594034427417744, 0.00556654941551878, 0.9734416332598707, 0.004950991539109778, 0.0124467913580831]","[0.0, 0.0, 1.0, 0.0, 0.0]"
d1-3b,typed_customer_service,customer_service_000037,churn_risk,score,2,2,"[""0"", ""1"", ""2"", ""3""]","[0.008357721733291888, 0.23124976727534494, 0.7235165133116455, 0.036875997679717665]","[0.016667, 0.216667, 0.666667, 0.1]"
d1-3b,typed_customer_service,customer_service_000037,needs_human,noul,1,1,"[""false"", ""true""]","[0.23091976292927174, 0.7690802370707283]","[0.266667, 0.733333]"
d1-3b,typed_customer_service,customer_service_000037,urgency,score,1,2,"[""0"", ""1"", ""2"", ""3""]","[0.1110287536274705, 0.41252186459786633, 0.425616714248086, 0.05083266752657713]","[0.05, 0.45, 0.416667, 0.083333]"
d1-3b,typed_customer_service,customer_service_000038,action,choice,4,4,"[""answer_directly"", ""close_no_action"", ""escalate_to_human"", ""execute_refund"", ""request_information""]","[0.07340409088907895, 0.14259980895474683, 0.1964395338641426, 0.005660315701167524, 0.581896250590864]","[0.183333, 0.016667, 0.133333, 0.0, 0.666667]"
d1-3b,typed_customer_service,customer_service_000038,category,choice,0,0,"[""account"", ""billing"", ""delivery"", ""refund"", ""technical""]","[0.920643234481797, 0.00514267099667138, 0.003046931728617903, 0.0034257574263827774, 0.06774140536653095]","[0.91633, 0.003333, 0.003333, 0.003333, 0.07367]"
d1-3b,typed_customer_service,customer_service_000038,churn_risk,score,1,0,"[""0"", ""1"", ""2"", ""3""]","[0.6832038180738506, 0.298469643538971, 0.014069097577002948, 0.00425744081017551]","[0.333333, 0.5, 0.166667, 0.0]"
d1-3b,typed_customer_service,customer_service_000038,needs_human,noul,0,1,"[""false"", ""true""]","[0.44167300566462553, 0.5583269943353745]","[0.783333, 0.216667]"
d1-3b,typed_customer_service,customer_service_000038,urgency,score,1,1,"[""0"", ""1"", ""2"", ""3""]","[0.34992661076472753, 0.541976937050763, 0.07869156330416187, 0.029404888880347677]","[0.133333, 0.416667, 0.383333, 0.066667]"
d1-3b,typed_customer_service,customer_service_000039,action,choice,4,4,"[""answer_directly"", ""close_no_action"", ""escalate_to_human"", ""execute_refund"", ""request_information""]","[0.05413988704241336, 0.3421746221324788, 0.14375834034504562, 0.006619426255145694, 0.45330772422491666]","[0.216667, 0.02, 0.04, 0.013333, 0.71]"
d1-3b,typed_customer_service,customer_service_000039,category,choice,4,4,"[""account"", ""billing"", ""delivery"", ""refund"", ""technical""]","[0.004920545802721183, 0.0055757088645979735, 0.003127689208542039, 0.0036853185238752612, 0.9826907376002636]","[0.003333, 0.005, 0.008333, 0.003333, 0.98]"
d1-3b,typed_customer_service,customer_service_000039,churn_risk,score,1,1,"[""0"", ""1"", ""2"", ""3""]","[0.19127598211500504, 0.7928169142985815, 0.012616018520486636, 0.003291085065926812]","[0.116667, 0.566667, 0.25, 0.066667]"
d1-3b,typed_customer_service,customer_service_000039,needs_human,noul,0,0,"[""false"", ""true""]","[0.6224593312018545, 0.37754066879814546]","[0.716667, 0.283333]"
d1-3b,typed_customer_service,customer_service_000039,urgency,score,1,1,"[""0"", ""1"", ""2"", ""3""]","[0.31924906765910466, 0.6349025829828738, 0.03753773052558719, 0.008310618832434353]","[0.133333, 0.566667, 0.25, 0.05]"
d1-3b,typed_customer_service,customer_service_000040,action,choice,2,2,"[""answer_directly"", ""close_no_action"", ""escalate_to_human"", ""execute_refund"", ""request_information""]","[0.13003183040714136, 0.04458808940987406, 0.6450589898661162, 0.008056903243870837, 0.17226418707299754]","[0.476667, 0.0, 0.476667, 0.0, 0.046667]"
d1-3b,typed_customer_service,customer_service_000040,category,choice,1,1,"[""account"", ""billing"", ""delivery"", ""refund"", ""technical""]","[0.003552876727505401, 0.9473751127171952, 0.003871705552164309, 0.004856206711467777, 0.04034409829166728]","[0.003333, 0.943333, 0.001667, 0.001667, 0.05]"
d1-3b,typed_customer_service,customer_service_000040,churn_risk,score,2,2,"[""0"", ""1"", ""2"", ""3""]","[0.017231341467933457, 0.04575460324489169, 0.6991427236676332, 0.23787133161954163]","[0.0, 0.133333, 0.566667, 0.3]"
d1-3b,typed_customer_service,customer_service_000040,needs_human,noul,1,1,"[""false"", ""true""]","[0.10818895456207034, 0.8918110454379297]","[0.3, 0.7]"
d1-3b,typed_customer_service,customer_service_000040,urgency,score,3,3,"[""0"", ""1"", ""2"", ""3""]","[0.002948608572865851, 0.003341211243042521, 0.015210080348469626, 0.9785000998356219]","[0.0, 0.033333, 0.066667, 0.9]"
d1-3b,typed_customer_service,customer_service_000041,action,choice,2,2,"[""answer_directly"", ""close_no_action"", ""escalate_to_human"", ""execute_refund"", ""request_information""]","[0.03038346188157294, 0.01857303770550314, 0.8879349122834223, 0.016779341268533393, 0.046329246860968266]","[0.123333, 0.0, 0.716667, 0.0, 0.16]"
d1-3b,typed_customer_service,customer_service_000041,category,choice,4,4,"[""account"", ""billing"", ""delivery"", ""refund"", ""technical""]","[0.004680499047220409, 0.03652848029078265, 0.0030219573127850097, 0.006298299890107688, 0.9494707634591043]","[0.04, 0.033333, 0.0, 0.01, 0.916667]"
d1-3b,typed_customer_service,customer_service_000041,churn_risk,score,3,3,"[""0"", ""1"", ""2"", ""3""]","[0.0033543130982785253, 0.0034607904258367583, 0.07754605436651514, 0.9156388421093696]","[0.033333, 0.066667, 0.25, 0.65]"
d1-3b,typed_customer_service,customer_service_000041,needs_human,noul,1,1,"[""false"", ""true""]","[0.06954174450582806, 0.9304582554941719]","[0.123333, 0.876667]"
d1-3b,typed_customer_service,customer_service_000041,urgency,score,3,2,"[""0"", ""1"", ""2"", ""3""]","[0.07180522948941606, 0.05171936662072593, 0.6012178256263335, 0.2752575782635244]","[0.033333, 0.09, 0.31, 0.566667]"
d1-3b,typed_customer_service,customer_service_000042,action,choice,2,4,"[""answer_directly"", ""close_no_action"", ""escalate_to_human"", ""execute_refund"", ""request_information""]","[0.0510156321607064, 0.012022977357358891, 0.34591552529880254, 0.0916584894219969, 0.4993873757611353]","[0.066667, 0.0, 0.683333, 0.116667, 0.133333]"
d1-3b,typed_customer_service,customer_service_000042,category,choice,1,1,"[""account"", ""billing"", ""delivery"", ""refund"", ""technical""]","[0.005547260221261361, 0.9776768068188905, 0.0037534640191720387, 0.006587534506580805, 0.006434934434095255]","[0.006667, 0.81, 0.0, 0.183333, 0.0]"
d1-3b,typed_customer_service,customer_service_000042,churn_risk,score,3,3,"[""0"", ""1"", ""2"", ""3""]","[0.03333526097799323, 0.044508412888934784, 0.43229824197527766, 0.48985808415779436]","[0.0, 0.116667, 0.4, 0.483333]"
d1-3b,typed_customer_service,customer_service_000042,needs_human,noul,1,1,"[""false"", ""true""]","[0.10818895456207034, 0.8918110454379297]","[0.183333, 0.816667]"
d1-3b,typed_customer_service,customer_service_000042,urgency,score,3,2,"[""0"", ""1"", ""2"", ""3""]","[0.17541790896170584, 0.170020867288031, 0.39531036014540377, 0.25925086360485944]","[0.0, 0.083333, 0.416667, 0.5]"
d1-3b,typed_customer_service,customer_service_000043,action,choice,4,4,"[""answer_directly"", ""close_no_action"", ""escalate_to_human"", ""execute_refund"", ""request_information""]","[0.019880866952843922, 0.005607656014951188, 0.07621115244852421, 0.019269196980898774, 0.879031127602782]","[0.116667, 0.016667, 0.233333, 0.266667, 0.366667]"
d1-3b,typed_customer_service,customer_service_000043,category,choice,1,1,"[""account"", ""billing"", ""delivery"", ""refund"", ""technical""]","[0.010828887645526815, 0.9596727541549712, 0.003983725135544741, 0.007799755174046245, 0.01771487788991096]","[0.216667, 0.766667, 0.0, 0.0, 0.016667]"
d1-3b,typed_customer_service,customer_service_000043,churn_risk,score,2,2,"[""0"", ""1"", ""2"", ""3""]","[0.005736821561076758, 0.03301312870713969, 0.8316966924063196, 0.12955335732546397]","[0.0, 0.15, 0.6, 0.25]"
d1-3b,typed_customer_service,customer_service_000043,needs_human,noul,1,1,"[""false"", ""true""]","[0.11920292202211769, 0.8807970779778823]","[0.266667, 0.733333]"
d1-3b,typed_customer_service,customer_service_000043,urgency,score,2,1,"[""0"", ""1"", ""2"", ""3""]","[0.19211271492487117, 0.4262206869770399, 0.33194100477895083, 0.04972559331913811]","[0.016667, 0.183333, 0.6, 0.2]"
d1-3b,typed_customer_service,customer_service_000044,action,choice,2,2,"[""answer_directly"", ""close_no_action"", ""escalate_to_human"", ""execute_refund"", ""request_information""]","[0.296277136148762, 0.033764848869616594, 0.5159360311044837, 0.020479416059985916, 0.13354256781715174]","[0.083333, 0.0, 0.566667, 0.0, 0.35]"
d1-3b,typed_customer_service,customer_service_000044,category,choice,4,4,"[""account"", ""billing"", ""delivery"", ""refund"", ""technical""]","[0.005760856905170384, 0.028135263879864012, 0.2507668773116531, 0.006527906090433165, 0.7088090958128793]","[0.0, 0.0, 0.083333, 0.016667, 0.9]"
d1-3b,typed_customer_service,customer_service_000044,churn_risk,score,2,1,"[""0"", ""1"", ""2"", ""3""]","[0.14368098599932708, 0.45661722916816133, 0.16281188702025381, 0.23688989781225786]","[0.083333, 0.366667, 0.433333, 0.116667]"
d1-3b,typed_customer_service,customer_service_000044,needs_human,noul,1,1,"[""false"", ""true""]","[0.2509127868852725, 0.7490872131147275]","[0.2, 0.8]"
d1-3b,typed_customer_service,customer_service_000044,urgency,score,2,2,"[""0"", ""1"", ""2"", ""3""]","[0.0029255818199092807, 0.006490686957273547, 0.6416983758184932, 0.34888535540432397]","[0.0, 0.066667, 0.633333, 0.3]"
d1-3b,typed_customer_service,customer_service_000045,action,choice,0,4,"[""answer_directly"", ""close_no_action"", ""escalate_to_human"", ""execute_refund"", ""request_information""]","[0.15691905768857217, 0.09517621958133446, 0.17781258747650963, 0.005004900919561419, 0.5650872343340223]","[0.896667, 0.013333, 0.016667, 0.003333, 0.07]"
d1-3b,typed_customer_service,customer_service_000045,category,choice,1,1,"[""account"", ""billing"", ""delivery"", ""refund"", ""technical""]","[0.0043889368370835105, 0.9855003871276445, 0.003186026469169922, 0.004090938964654082, 0.002833710601448062]","[0.005, 0.973333, 0.01, 0.006667, 0.005]"
d1-3b,typed_customer_service,customer_service_000045,churn_risk,score,0,0,"[""0"", ""1"", ""2"", ""3""]","[0.8634661574207176, 0.12246554247351672, 0.008204679846686304, 0.005863620259079427]","[0.896667, 0.09, 0.013333, 0.0]"
d1-3b,typed_customer_service,customer_service_000045,needs_human,noul,0,0,"[""false"", ""true""]","[0.640635854839898, 0.35936414516010196]","[0.92, 0.08]"
d1-3b,typed_customer_service,customer_service_000045,urgency,score,3,3,"[""0"", ""1"", ""2"", ""3""]","[0.005682310113145231, 0.011038844385125292, 0.07142213677148275, 0.9118567087302468]","[0.003333, 0.03, 0.116667, 0.85]"
d1-3b,typed_customer_service,customer_service_000046,action,choice,2,4,"[""answer_directly"", ""close_no_action"", ""escalate_to_human"", ""execute_refund"", ""request_information""]","[0.29904475474144904, 0.02252567441095358, 0.16386300503731638, 0.04410312949758556, 0.47046343631269544]","[0.016667, 0.0, 0.6, 0.3, 0.083333]"
d1-3b,typed_customer_service,customer_service_000046,category,choice,1,1,"[""account"", ""billing"", ""delivery"", ""refund"", ""technical""]","[0.004257134806326623, 0.9785739446011616, 0.003999208047221145, 0.007830069243503457, 0.005339643301787189]","[0.0, 0.916667, 0.0, 0.083333, 0.0]"
d1-3b,typed_customer_service,customer_service_000046,churn_risk,score,1,1,"[""0"", ""1"", ""2"", ""3""]","[0.2182675459462148, 0.6217863750567256, 0.06156518826855483, 0.09838089072850474]","[0.083333, 0.55, 0.266667, 0.1]"
d1-3b,typed_customer_service,customer_service_000046,needs_human,noul,1,1,"[""false"", ""true""]","[0.32766830082071396, 0.672331699179286]","[0.3, 0.7]"
d1-3b,typed_customer_service,customer_service_000046,urgency,score,2,3,"[""0"", ""1"", ""2"", ""3""]","[0.009697711208211356, 0.035196702518017334, 0.248160918273682, 0.7069446680000894]","[0.0, 0.083333, 0.583333, 0.333333]"
d1-3b,typed_customer_service,customer_service_000047,action,choice,4,2,"[""answer_directly"", ""close_no_action"", ""escalate_to_human"", ""execute_refund"", ""request_information""]","[0.018586806885537883, 0.016275151906969147, 0.6450494766333946, 0.010590443329969945, 0.3094981212441284]","[0.216667, 0.016667, 0.133333, 0.0, 0.633333]"
d1-3b,typed_customer_service,customer_service_000047,category,choice,1,1,"[""account"", ""billing"", ""delivery"", ""refund"", ""technical""]","[0.14043056786894684, 0.8337746714682733, 0.0035431837513884234, 0.0038310950944153094, 0.018420481816976194]","[0.333333, 0.583333, 0.0, 0.0, 0.083333]"
d1-3b,typed_customer_service,customer_service_000047,churn_risk,score,1,3,"[""0"", ""1"", ""2"", ""3""]","[0.17958847297202543, 0.2892323869653807, 0.17680421176820113, 0.3543749282943927]","[0.083333, 0.4, 0.383333, 0.133333]"
d1-3b,typed_customer_service,customer_service_000047,needs_human,noul,0,1,"[""false"", ""true""]","[0.13846179056896435, 0.8615382094310357]","[0.7, 0.3]"
d1-3b,typed_customer_service,customer_service_000047,urgency,score,3,3,"[""0"", ""1"", ""2"", ""3""]","[0.11112243759806636, 0.09212373645198152, 0.32154343474024444, 0.4752103912097077]","[0.0, 0.166667, 0.266667, 0.566667]"
d1-3b,typed_customer_service,customer_service_000048,action,choice,2,4,"[""answer_directly"", ""close_no_action"", ""escalate_to_human"", ""execute_refund"", ""request_information""]","[0.10922742076623447, 0.012843105593987169, 0.24233162460860927, 0.007037441196592272, 0.6285604078345768]","[0.133333, 0.016667, 0.766667, 0.0, 0.083333]"
d1-3b,typed_customer_service,customer_service_000048,category,choice,2,2,"[""account"", ""billing"", ""delivery"", ""refund"", ""technical""]","[0.003461959242935565, 0.006220014164450571, 0.97502165790921, 0.005278857459157621, 0.010017511224246291]","[0.003333, 0.003333, 0.986667, 0.003333, 0.003333]"
d1-3b,typed_customer_service,customer_service_000048,churn_risk,score,2,2,"[""0"", ""1"", ""2"", ""3""]","[0.03215475696182974, 0.345696216091712, 0.5699567046709536, 0.05219232227550469]","[0.0, 0.15, 0.666667, 0.183333]"
d1-3b,typed_customer_service,customer_service_000048,needs_human,noul,1,1,"[""false"", ""true""]","[0.1847675106479999, 0.8152324893520001]","[0.2, 0.8]"
d1-3b,typed_customer_service,customer_service_000048,urgency,score,2,2,"[""0"", ""1"", ""2"", ""3""]","[0.13710810225995762, 0.22254841696453473, 0.5174405722269418, 0.1229029085485658]","[0.0, 0.1, 0.633333, 0.266667]"
d1-3b,typed_customer_service,customer_service_000049,action,choice,4,4,"[""answer_directly"", ""close_no_action"", ""escalate_to_human"", ""execute_refund"", ""request_information""]","[0.02462766070599847, 0.010759028151864813, 0.21109488623654413, 0.005122065267083417, 0.7483963596385091]","[0.233333, 0.0, 0.266667, 0.0, 0.5]"
d1-3b,typed_customer_service,customer_service_000049,category,choice,1,1,"[""account"", ""billing"", ""delivery"", ""refund"", ""technical""]","[0.004580981355671026, 0.9439170060595669, 0.003223122934453529, 0.004474863036862676, 0.043804026613446026]","[0.0, 0.883333, 0.0, 0.0, 0.116667]"
d1-3b,typed_customer_service,customer_service_000049,churn_risk,score,2,3,"[""0"", ""1"", ""2"", ""3""]","[0.042593453245278134, 0.08339393307187266, 0.4301786389250215, 0.44383397475782776]","[0.033333, 0.15, 0.583333, 0.233333]"
d1-3b,typed_customer_service,customer_service_000049,needs_human,noul,0,1,"[""false"", ""true""]","[0.11124120650754299, 0.888758793492457]","[0.516667, 0.483333]"
d1-3b,typed_customer_service,customer_service_000049,urgency,score,3,3,"[""0"", ""1"", ""2"", ""3""]","[0.007023511871819836, 0.007896746660972436, 0.05069492766754049, 0.9343848137996673]","[0.0, 0.033333, 0.233333, 0.733333]"
d1-3b,typed_customer_service,customer_service_000050,action,choice,2,2,"[""answer_directly"", ""close_no_action"", ""escalate_to_human"", ""execute_refund"", ""request_information""]","[0.039315401756523254, 0.032339967341605075, 0.46422360538503543, 0.024602949750412505, 0.43951807576642377]","[0.05, 0.006667, 0.716667, 0.01, 0.216667]"
d1-3b,typed_customer_service,customer_service_000050,category,choice,0,0,"[""account"", ""billing"", ""delivery"", ""refund"", ""technical""]","[0.7771242475073964, 0.01664067907383217, 0.0030542612426655465, 0.0035987992360649286, 0.1995820129400412]","[0.733333, 0.0, 0.0, 0.0, 0.266667]"
d1-3b,typed_customer_service,customer_service_000050,churn_risk,score,2,2,"[""0"", ""1"", ""2"", ""3""]","[0.011031978599937969, 0.01876602775125978, 0.7379847796977678, 0.23221721395103445]","[0.0, 0.083333, 0.533333, 0.383333]"
d1-3b,typed_customer_service,customer_service_000050,needs_human,noul,1,1,"[""false"", ""true""]","[0.08632347658627026, 0.9136765234137297]","[0.183333, 0.816667]"
d1-3b,typed_customer_service,customer_service_000050,urgency,score,3,0,"[""0"", ""1"", ""2"", ""3""]","[0.42469215940533905, 0.21354862866567303, 0.29188636794587614, 0.06987284398311172]","[0.0, 0.116667, 0.366667, 0.516667]"
d1-3b,typed_customer_service,customer_service_000051,action,choice,2,2,"[""answer_directly"", ""close_no_action"", ""escalate_to_human"", ""execute_refund"", ""request_information""]","[0.05488749026504919, 0.012057181512155608, 0.45244239832869854, 0.045503327653569035, 0.4351096022405276]","[0.1, 0.025, 0.8, 0.008333, 0.066667]"
d1-3b,typed_customer_service,customer_service_000051,category,choice,2,4,"[""account"", ""billing"", ""delivery"", ""refund"", ""technical""]","[0.006078266363961961, 0.02660986516275616, 0.3045337802603116, 0.007927553830936277, 0.654850534382034]","[0.008333, 0.008333, 0.75, 0.033333, 0.2]"
d1-3b,typed_customer_service,customer_service_000051,churn_risk,score,3,3,"[""0"", ""1"", ""2"", ""3""]","[0.0038560682661499717, 0.0040096765630367355, 0.06321382836538628, 0.928920426805427]","[0.0, 0.033333, 0.15, 0.816667]"
d1-3b,typed_customer_service,customer_service_000051,needs_human,noul,1,1,"[""false"", ""true""]","[0.10087862273005643, 0.8991213772699436]","[0.116667, 0.883333]"
d1-3b,typed_customer_service,customer_service_000051,urgency,score,3,3,"[""0"", ""1"", ""2"", ""3""]","[0.004471983020670062, 0.007258744928548675, 0.40255508274536117, 0.5857141893054201]","[0.0, 0.033333, 0.183333, 0.783333]"
d1-3b,typed_customer_service,customer_service_000052,action,choice,2,2,"[""answer_directly"", ""close_no_action"", ""escalate_to_human"", ""execute_refund"", ""request_information""]","[0.32871454000049793, 0.0532435789679834, 0.5051610122305212, 0.041791363968380235, 0.07108950483261733]","[0.1, 0.016667, 0.5, 0.35, 0.033333]"
d1-3b,typed_customer_service,customer_service_000052,category,choice,1,1,"[""account"", ""billing"", ""delivery"", ""refund"", ""technical""]","[0.09698141741522952, 0.7870323768186551, 0.006151567252219407, 0.06877012267068124, 0.04106451584321473]","[0.383333, 0.58, 0.003333, 0.023333, 0.01]"
d1-3b,typed_customer_service,customer_service_000052,churn_risk,score,3,3,"[""0"", ""1"", ""2"", ""3""]","[0.012294069192306264, 0.013502393507826204, 0.1581912061075919, 0.8160123311922756]","[0.0, 0.033333, 0.15, 0.816667]"
d1-3b,typed_customer_service,customer_service_000052,needs_human,noul,1,1,"[""false"", ""true""]","[0.1778108694780497, 0.8221891305219503]","[0.15, 0.85]"
d1-3b,typed_customer_service,customer_service_000052,urgency,score,3,3,"[""0"", ""1"", ""2"", ""3""]","[0.0038217411195682555, 0.003973981978391308, 0.02737023500497087, 0.9648340418970697]","[0.0, 0.016667, 0.133333, 0.85]"
d1-3b,typed_customer_service,customer_service_000053,action,choice,4,2,"[""answer_directly"", ""close_no_action"", ""escalate_to_human"", ""execute_refund"", ""request_information""]","[0.06657353145579803, 0.01670143381567515, 0.602707541315409, 0.0133155439780919, 0.30070194943502593]","[0.133333, 0.013333, 0.266667, 0.02, 0.566667]"
d1-3b,typed_customer_service,customer_service_000053,category,choice,1,1,"[""account"", ""billing"", ""delivery"", ""refund"", ""technical""]","[0.004591797989883915, 0.9610454153665428, 0.0034123345175157715, 0.005538765634628433, 0.025411686491429126]","[0.02, 0.953333, 0.001667, 0.005, 0.02]"
d1-3b,typed_customer_service,customer_service_000053,churn_risk,score,2,2,"[""0"", ""1"", ""2"", ""3""]","[0.012401477682331661, 0.08278551723248213, 0.7672522556731897, 0.13756074941199664]","[0.016667, 0.216667, 0.583333, 0.183333]"
d1-3b,typed_customer_service,customer_service_000053,needs_human,noul,1,1,"[""false"", ""true""]","[0.23091976292927174, 0.7690802370707283]","[0.433333, 0.566667]"
d1-3b,typed_customer_service,customer_service_000053,urgency,score,3,2,"[""0"", ""1"", ""2"", ""3""]","[0.10831684977733239, 0.15156252198435363, 0.42175970236791493, 0.31836092587039916]","[0.016667, 0.133333, 0.366667, 0.483333]"
d1-3b,typed_customer_service,customer_service_000054,action,choice,2,2,"[""answer_directly"", ""close_no_action"", ""escalate_to_human"", ""execute_refund"", ""request_information""]","[0.12666534584333713, 0.05936685277064453, 0.4490676463629818, 0.006872212016588602, 0.3580279430064479]","[0.04, 0.0, 0.9, 0.0, 0.06]"
d1-3b,typed_customer_service,customer_service_000054,category,choice,0,4,"[""account"", ""billing"", ""delivery"", ""refund"", ""technical""]","[0.24462356581342168, 0.17897042395775672, 0.012863682912302759, 0.012274611983833235, 0.5512677153326856]","[0.833333, 0.016667, 0.016667, 0.0, 0.133333]"
d1-3b,typed_customer_service,customer_service_000054,churn_risk,score,3,3,"[""0"", ""1"", ""2"", ""3""]","[0.009816875680378886, 0.018922523136953143, 0.10804420110880157, 0.8632164000738664]","[0.0, 0.0, 0.066667, 0.933333]"
d1-3b,typed_customer_service,customer_service_000054,needs_human,noul,1,1,"[""false"", ""true""]","[0.27202455109402246, 0.7279754489059775]","[0.046667, 0.953333]"
d1-3b,typed_customer_service,customer_service_000054,urgency,score,3,3,"[""0"", ""1"", ""2"", ""3""]","[0.0057124928888327734, 0.007334986061909261, 0.19670753099667806, 0.7902449900525799]","[0.0, 0.0, 0.083333, 0.916667]"
d1-3b,typed_customer_service,customer_service_000055,action,choice,3,3,"[""answer_directly"", ""close_no_action"", ""escalate_to_human"", ""execute_refund"", ""request_information""]","[0.058624529514181116, 0.02057914535059471, 0.3619353849895703, 0.4298089043367896, 0.12905203580886437]","[0.15, 0.0, 0.133333, 0.65, 0.066667]"
d1-3b,typed_customer_service,customer_service_000055,category,choice,1,1,"[""account"", ""billing"", ""delivery"", ""refund"", ""technical""]","[0.004218702543785802, 0.9325895011474847, 0.003932263155586225, 0.051797408895660355, 0.007462124257482997]","[0.0, 0.533333, 0.0, 0.466667, 0.0]"
d1-3b,typed_customer_service,customer_service_000055,churn_risk,score,2,2,"[""0"", ""1"", ""2"", ""3""]","[0.020915719737662212, 0.11849562224502422, 0.6017704238316305, 0.25881823418568306]","[0.0, 0.1, 0.633333, 0.266667]"
d1-3b,typed_customer_service,customer_service_000055,needs_human,noul,1,1,"[""false"", ""true""]","[0.27512972382317524, 0.7248702761768248]","[0.466667, 0.533333]"
d1-3b,typed_customer_service,customer_service_000055,urgency,score,2,2,"[""0"", ""1"", ""2"", ""3""]","[0.0022856397773543136, 0.005272915710172776, 0.89372308176135, 0.09871836275112299]","[0.016667, 0.116667, 0.816667, 0.05]"
d1-3b,typed_customer_service,customer_service_000056,action,choice,0,1,"[""answer_directly"", ""close_no_action"", ""escalate_to_human"", ""execute_refund"", ""request_information""]","[0.242448680076001, 0.3527607479960964, 0.15900172630548334, 0.016243048935217264, 0.22954579668720201]","[0.573333, 0.043333, 0.043333, 0.016667, 0.323333]"
d1-3b,typed_customer_service,customer_service_000056,category,choice,0,0,"[""account"", ""billing"", ""delivery"", ""refund"", ""technical""]","[0.8521539641113088, 0.1009832558621151, 0.00476009306514968, 0.01754825859362502, 0.024554428367801414]","[0.93, 0.023333, 0.003333, 0.036667, 0.006667]"
d1-3b,typed_customer_service,customer_service_000056,churn_risk,score,3,3,"[""0"", ""1"", ""2"", ""3""]","[0.03612356707173098, 0.03238095624609594, 0.3619959340336502, 0.5694995426485229]","[0.0, 0.023333, 0.316667, 0.66]"
d1-3b,typed_customer_service,customer_service_000056,needs_human,noul,0,1,"[""false"", ""true""]","[0.2814056074291439, 0.7185943925708561]","[0.59, 0.41]"
d1-3b,typed_customer_service,customer_service_000056,urgency,score,3,3,"[""0"", ""1"", ""2"", ""3""]","[0.04696847674352046, 0.04446886000738815, 0.1564289118026751, 0.7521337514464164]","[0.02, 0.073333, 0.39, 0.516667]"
d1-3b,typed_customer_service,customer_service_000057,action,choice,0,0,"[""answer_directly"", ""close_no_action"", ""escalate_to_human"", ""execute_refund"", ""request_information""]","[0.6325988599222508, 0.06825659153441317, 0.14908610257297567, 0.005559240558083252, 0.1444992054122772]","[0.783333, 0.003333, 0.213333, 0.0, 0.0]"
d1-3b,typed_customer_service,customer_service_000057,category,choice,1,1,"[""account"", ""billing"", ""delivery"", ""refund"", ""technical""]","[0.0034550515091290156, 0.9807081038379827, 0.003401485900407675, 0.004649279985044924, 0.007786078767435731]","[0.001667, 0.996667, 0.0, 0.0, 0.001667]"
d1-3b,typed_customer_service,customer_service_000057,churn_risk,score,3,3,"[""0"", ""1"", ""2"", ""3""]","[0.006598354548906613, 0.009232757954418488, 0.09252189388660452, 0.8916469936100704]","[0.0, 0.016667, 0.116667, 0.866667]"
d1-3b,typed_customer_service,customer_service_000057,needs_human,noul,0,0,"[""false"", ""true""]","[0.588889130767832, 0.411110869232168]","[0.51, 0.49]"
d1-3b,typed_customer_service,customer_service_000057,urgency,score,3,3,"[""0"", ""1"", ""2"", ""3""]","[0.005449285220977683, 0.010101378987667265, 0.3191933231668436, 0.6652560126245114]","[0.0, 0.0, 0.116667, 0.883333]"
d1-3b,typed_customer_service,customer_service_000058,action,choice,2,4,"[""answer_directly"", ""close_no_action"", ""escalate_to_human"", ""execute_refund"", ""request_information""]","[0.04554492309604336, 0.015495879651771599, 0.1679030382762069, 0.006716966639321444, 0.7643391923366568]","[0.04, 0.006667, 0.65, 0.003333, 0.3]"
d1-3b,typed_customer_service,customer_service_000058,category,choice,4,4,"[""account"", ""billing"", ""delivery"", ""refund"", ""technical""]","[0.003746613177232331, 0.0060813534563451755, 0.0031060514184839873, 0.0035196173600011518, 0.9835463645879374]","[0.001667, 0.001667, 0.001667, 0.001667, 0.993333]"
d1-3b,typed_customer_service,customer_service_000058,churn_risk,score,3,3,"[""0"", ""1"", ""2"", ""3""]","[0.007818729857727398, 0.011922139324668787, 0.07653683430082295, 0.9037222965167809]","[0.0, 0.016667, 0.166667, 0.816667]"
d1-3b,typed_customer_service,customer_service_000058,needs_human,noul,1,1,"[""false"", ""true""]","[0.2018132222603788, 0.7981867777396212]","[0.166667, 0.833333]"
d1-3b,typed_customer_service,customer_service_000058,urgency,score,2,2,"[""0"", ""1"", ""2"", ""3""]","[0.0036310647801176725, 0.006626577343515232, 0.655133107876079, 0.33460925000028807]","[0.0, 0.05, 0.75, 0.2]"
d1-3b,typed_customer_service,customer_service_000059,action,choice,2,2,"[""answer_directly"", ""close_no_action"", ""escalate_to_human"", ""execute_refund"", ""request_information""]","[0.1279214073182427, 0.014924118118793734, 0.3559725318017375, 0.1507282535306211, 0.35045368923060505]","[0.15, 0.026667, 0.34, 0.2, 0.283333]"
d1-3b,typed_customer_service,customer_service_000059,category,choice,2,4,"[""account"", ""billing"", ""delivery"", ""refund"", ""technical""]","[0.008938402812269826, 0.23599117656230453, 0.05063950064359448, 0.273754554073925, 0.4306763659079062]","[0.0, 0.033333, 0.566667, 0.366667, 0.033333]"
d1-3b,typed_customer_service,customer_service_000059,churn_risk,score,2,3,"[""0"", ""1"", ""2"", ""3""]","[0.030559913680395435, 0.09123504966026791, 0.3811247082075803, 0.4970803284517563]","[0.0, 0.15, 0.466667, 0.383333]"
d1-3b,typed_customer_service,customer_service_000059,needs_human,noul,1,1,"[""false"", ""true""]","[0.17553807362342932, 0.8244619263765707]","[0.373333, 0.626667]"
d1-3b,typed_customer_service,customer_service_000059,urgency,score,3,3,"[""0"", ""1"", ""2"", ""3""]","[0.010696712382804988, 0.02127295271702916, 0.36547082005510134, 0.6025595148450645]","[0.0, 0.083333, 0.35, 0.566667]"
d1-3b,typed_customer_service,customer_service_000060,action,choice,4,2,"[""answer_directly"", ""close_no_action"", ""escalate_to_human"", ""execute_refund"", ""request_information""]","[0.17118992056338653, 0.008793594746659032, 0.5746212262398032, 0.07420533788676482, 0.17118992056338653]","[0.233333, 0.016667, 0.333333, 0.0, 0.416667]"
d1-3b,typed_customer_service,customer_service_000060,category,choice,1,1,"[""account"", ""billing"", ""delivery"", ""refund"", ""technical""]","[0.004571237982959657, 0.9794307755620179, 0.003789689394005796, 0.006199518090229235, 0.006008778970787489]","[0.01, 0.98, 0.001667, 0.001667, 0.006667]"
d1-3b,typed_customer_service,customer_service_000060,churn_risk,score,2,3,"[""0"", ""1"", ""2"", ""3""]","[0.044473962195036056, 0.26821231813569857, 0.25196215526415894, 0.43535156440510653]","[0.0, 0.133333, 0.666667, 0.2]"
d1-3b,typed_customer_service,customer_service_000060,needs_human,noul,1,1,"[""false"", ""true""]","[0.20689404881588813, 0.7931059511841119]","[0.5, 0.5]"
d1-3b,typed_customer_service,customer_service_000060,urgency,score,3,3,"[""0"", ""1"", ""2"", ""3""]","[0.0062160664391887116, 0.008044187664791567, 0.12583226644766174, 0.859907479448358]","[0.0, 0.016667, 0.066667, 0.916667]"
d1-3b,typed_customer_service,customer_service_000061,action,choice,0,4,"[""answer_directly"", ""close_no_action"", ""escalate_to_human"", ""execute_refund"", ""request_information""]","[0.36778735264839035, 0.022611133666631932, 0.18065107803096156, 0.008924095027872623, 0.4200263406261435]","[0.61, 0.01, 0.296667, 0.0, 0.083333]"
d1-3b,typed_customer_service,customer_service_000061,category,choice,1,1,"[""account"", ""billing"", ""delivery"", ""refund"", ""technical""]","[0.005197940121837305, 0.9751949665416313, 0.003408892357531444, 0.00527979576812704, 0.010918405210872997]","[0.023333, 0.956667, 0.006667, 0.003333, 0.01]"
d1-3b,typed_customer_service,customer_service_000061,churn_risk,score,3,3,"[""0"", ""1"", ""2"", ""3""]","[0.005835293891212272, 0.034108602712460155, 0.2855878339746884, 0.6744682694216392]","[0.006667, 0.093333, 0.25, 0.65]"
d1-3b,typed_customer_service,customer_service_000061,needs_human,noul,0,1,"[""false"", ""true""]","[0.28457600421652673, 0.7154239957834733]","[0.516667, 0.483333]"
d1-3b,typed_customer_service,customer_service_000061,urgency,score,2,2,"[""0"", ""1"", ""2"", ""3""]","[0.0017848515514806815, 0.008448785872659511, 0.9614069142952146, 0.02835944828064528]","[0.016667, 0.116667, 0.7, 0.166667]"
d1-3b,typed_customer_service,customer_service_000062,action,choice,2,2,"[""answer_directly"", ""close_no_action"", ""escalate_to_human"", ""execute_refund"", ""request_information""]","[0.20420445495771766, 0.024198949475854818, 0.5014777412809587, 0.04052561414117172, 0.2295932401442971]","[0.366667, 0.0, 0.533333, 0.0, 0.1]"
d1-3b,typed_customer_service,customer_service_000062,category,choice,2,2,"[""account"", ""billing"", ""delivery"", ""refund"", ""technical""]","[0.003930097179206357, 0.008719301688401682, 0.8963685469354644, 0.0056296042865967766, 0.08535244991033077]","[0.0, 0.0, 0.976667, 0.023333, 0.0]"
d1-3b,typed_customer_service,customer_service_000062,churn_risk,score,1,1,"[""0"", ""1"", ""2"", ""3""]","[0.45483289140067457, 0.5153931872945862, 0.02194808912325259, 0.007825832181486652]","[0.133333, 0.7, 0.166667, 0.0]"
d1-3b,typed_customer_service,customer_service_000062,needs_human,noul,1,1,"[""false"", ""true""]","[0.2598256379609837, 0.7401743620390163]","[0.416667, 0.583333]"
d1-3b,typed_customer_service,customer_service_000062,urgency,score,1,1,"[""0"", ""1"", ""2"", ""3""]","[0.20932680738611084, 0.5870715494340588, 0.184730259146165, 0.01887138403366534]","[0.0, 0.616667, 0.366667, 0.016667]"
d1-3b,typed_customer_service,customer_service_000063,action,choice,0,4,"[""answer_directly"", ""close_no_action"", ""escalate_to_human"", ""execute_refund"", ""request_information""]","[0.18230087803584122, 0.08411803559146604, 0.15715317994089625, 0.0321780163746725, 0.544249890057124]","[0.6, 0.02, 0.023333, 0.03, 0.326667]"
d1-3b,typed_customer_service,customer_service_000063,category,choice,1,1,"[""account"", ""billing"", ""delivery"", ""refund"", ""technical""]","[0.005335438488689479, 0.9778033462097001, 0.003783392418344159, 0.0063856837605188255, 0.006692139122747463]","[0.026667, 0.923333, 0.01, 0.026667, 0.013333]"
d1-3b,typed_customer_service,customer_service_000063,churn_risk,score,1,1,"[""0"", ""1"", ""2"", ""3""]","[0.32771904977637484, 0.6416427507309109, 0.02449347329089732, 0.0061447262018169725]","[0.156667, 0.51, 0.266667, 0.066667]"
d1-3b,typed_customer_service,customer_service_000063,needs_human,noul,0,1,"[""false"", ""true""]","[0.4225046348141882, 0.5774953651858118]","[0.866667, 0.133333]"
d1-3b,typed_customer_service,customer_service_000063,urgency,score,1,1,"[""0"", ""1"", ""2"", ""3""]","[0.20893553677863638, 0.5952019548803309, 0.17871203509207478, 0.017150473248957923]","[0.123333, 0.653333, 0.186667, 0.036667]"
d1-3b,typed_customer_service,customer_service_000064,action,choice,2,2,"[""answer_directly"", ""close_no_action"", ""escalate_to_human"", ""execute_refund"", ""request_information""]","[0.10235093892034955, 0.22008910469374557, 0.4998684609387479, 0.008943325373047095, 0.16874817007410992]","[0.066667, 0.0, 0.866667, 0.0, 0.066667]"
d1-3b,typed_customer_service,customer_service_000064,category,choice,4,4,"[""account"", ""billing"", ""delivery"", ""refund"", ""technical""]","[0.004088604311861339, 0.004632995651188033, 0.0027881858957508185, 0.003552240985246313, 0.9849379731559534]","[0.016667, 0.0, 0.0, 0.0, 0.983333]"
d1-3b,typed_customer_service,customer_service_000064,churn_risk,score,1,0,"[""0"", ""1"", ""2"", ""3""]","[0.584861111628617, 0.38356128137609596, 0.02432943424233744, 0.007248172752949692]","[0.066667, 0.633333, 0.3, 0.0]"
d1-3b,typed_customer_service,customer_service_000064,needs_human,noul,1,1,"[""false"", ""true""]","[0.265880473099817, 0.734119526900183]","[0.083333, 0.916667]"
d1-3b,typed_customer_service,customer_service_000064,urgency,score,2,2,"[""0"", ""1"", ""2"", ""3""]","[0.0042296228091351215, 0.01986556475802858, 0.7338926897421895, 0.24201212269064692]","[0.0, 0.083333, 0.666667, 0.25]"
d1-3b,typed_customer_service,customer_service_000065,action,choice,2,2,"[""answer_directly"", ""close_no_action"", ""escalate_to_human"", ""execute_refund"", ""request_information""]","[0.04795752424052158, 0.01569164189914046, 0.48435383684905503, 0.007528932063268329, 0.4444680649480147]","[0.1, 0.0, 0.6, 0.0, 0.3]"
d1-3b,typed_customer_service,customer_service_000065,category,choice,4,0,"[""account"", ""billing"", ""delivery"", ""refund"", ""technical""]","[0.5127854247106017, 0.02067489127752181, 0.0031459234827079323, 0.0037358765716400946, 0.4596578839575285]","[0.433333, 0.033333, 0.0, 0.0, 0.533333]"
d1-3b,typed_customer_service,customer_service_000065,churn_risk,score,3,3,"[""0"", ""1"", ""2"", ""3""]","[0.004412615574539946, 0.005491588810356804, 0.037236151893119976, 0.9528596437219832]","[0.0, 0.05, 0.133333, 0.816667]"
d1-3b,typed_customer_service,customer_service_000065,needs_human,noul,1,1,"[""false"", ""true""]","[0.15203224162217432, 0.8479677583778257]","[0.233333, 0.766667]"
d1-3b,typed_customer_service,customer_service_000065,urgency,score,3,2,"[""0"", ""1"", ""2"", ""3""]","[0.004042413026821215, 0.006510422130654096, 0.5294516231162908, 0.45999554172623386]","[0.0, 0.066667, 0.466667, 0.466667]"
d1-3b,typed_customer_service,customer_service_000066,action,choice,2,2,"[""answer_directly"", ""close_no_action"", ""escalate_to_human"", ""execute_refund"", ""request_information""]","[0.11434450580589106, 0.012146345858231706, 0.6949941109965048, 0.01726343830119077, 0.16125159903818165]","[0.316667, 0.05, 0.4, 0.016667, 0.216667]"
d1-3b,typed_customer_service,customer_service_000066,category,choice,1,1,"[""account"", ""billing"", ""delivery"", ""refund"", ""technical""]","[0.29816944165159753, 0.6411650557617572, 0.0035536470745103476, 0.002811166216920358, 0.054300689295214595]","[0.216667, 0.65, 0.006667, 0.01, 0.116667]"
d1-3b,typed_customer_service,customer_service_000066,churn_risk,score,2,2,"[""0"", ""1"", ""2"", ""3""]","[0.034835792351347795, 0.15490822953527783, 0.4771509386506246, 0.33310503946274983]","[0.05, 0.316667, 0.516667, 0.116667]"
d1-3b,typed_customer_service,customer_service_000066,needs_human,noul,0,1,"[""false"", ""true""]","[0.10521053670308644, 0.8947894632969136]","[0.5, 0.5]"
d1-3b,typed_customer_service,customer_service_000066,urgency,score,3,3,"[""0"", ""1"", ""2"", ""3""]","[0.07532461895711362, 0.05096718663561847, 0.38252997888014145, 0.49117821552712654]","[0.0, 0.133333, 0.366667, 0.5]"
d1-3b,typed_customer_service,customer_service_000067,action,choice,4,2,"[""answer_directly"", ""close_no_action"", ""escalate_to_human"", ""execute_refund"", ""request_information""]","[0.11262775298992658, 0.02235166152570983, 0.5457784692790532, 0.05532089357429985, 0.2639212226310106]","[0.35, 0.02, 0.15, 0.03, 0.45]"
d1-3b,typed_customer_service,customer_service_000067,category,choice,2,2,"[""account"", ""billing"", ""delivery"", ""refund"", ""technical""]","[0.006445530641914389, 0.04170305831033485, 0.8182246784260216, 0.008147914190004222, 0.12547881843172481]","[0.026667, 0.023333, 0.906667, 0.03, 0.013333]"
d1-3b,typed_customer_service,customer_service_000067,churn_risk,score,1,1,"[""0"", ""1"", ""2"", ""3""]","[0.17061699555870077, 0.7527974887320069, 0.059426113582405786, 0.01715940212688649]","[0.083333, 0.616667, 0.266667, 0.033333]"
d1-3b,typed_customer_service,customer_service_000067,needs_human,noul,1,1,"[""false"", ""true""]","[0.15002882434242504, 0.849971175657575]","[0.5, 0.5]"
d1-3b,typed_customer_service,customer_service_000067,urgency,score,2,1,"[""0"", ""1"", ""2"", ""3""]","[0.16157395195975674, 0.4461199868843291, 0.34743859512932035, 0.0448674660265939]","[0.016667, 0.4, 0.516667, 0.066667]"
d1-3b,typed_customer_service,customer_service_000068,action,choice,0,2,"[""answer_directly"", ""close_no_action"", ""escalate_to_human"", ""execute_refund"", ""request_information""]","[0.20173924802781895, 0.020289449303390363, 0.5273758658149227, 0.009145171290606156, 0.24145026556326182]","[0.766667, 0.006667, 0.16, 0.0, 0.066667]"
d1-3b,typed_customer_service,customer_service_000068,category,choice,2,2,"[""account"", ""billing"", ""delivery"", ""refund"", ""technical""]","[0.0032069507582323776, 0.00637778313600207, 0.9765935686229376, 0.004967022500578013, 0.008854674982249976]","[0.01, 0.006667, 0.97, 0.003333, 0.01]"
d1-3b,typed_customer_service,customer_service_000068,churn_risk,score,2,1,"[""0"", ""1"", ""2"", ""3""]","[0.08569608913965843, 0.8130618559661119, 0.08436749442329161, 0.016874560470938084]","[0.033333, 0.35, 0.55, 0.066667]"
d1-3b,typed_customer_service,customer_service_000068,needs_human,noul,0,1,"[""false"", ""true""]","[0.23934934732271163, 0.7606506526772884]","[0.733333, 0.266667]"
d1-3b,typed_customer_service,customer_service_000068,urgency,score,2,2,"[""0"", ""1"", ""2"", ""3""]","[0.04764882261302002, 0.34392390301244447, 0.5495888321431491, 0.05883844223138648]","[0.006667, 0.45, 0.51, 0.033333]"
d1-3b,typed_customer_service,customer_service_000069,action,choice,2,2,"[""answer_directly"", ""close_no_action"", ""escalate_to_human"", ""execute_refund"", ""request_information""]","[0.072032236996646, 0.016325670640109164, 0.6996297418400684, 0.07316657967371627, 0.1388457708494603]","[0.166667, 0.016667, 0.626667, 0.09, 0.1]"
d1-3b,typed_customer_service,customer_service_000069,category,choice,1,1,"[""account"", ""billing"", ""delivery"", ""refund"", ""technical""]","[0.00490218824375279, 0.9790245176550668, 0.0035309137346303454, 0.006148721572301126, 0.006393658794248988]","[0.003333, 0.883333, 0.003333, 0.106667, 0.003333]"
d1-3b,typed_customer_service,customer_service_000069,churn_risk,score,2,2,"[""0"", ""1"", ""2"", ""3""]","[0.005409597565438817, 0.058614798740057796, 0.8479843690744535, 0.08799123462004994]","[0.0, 0.2, 0.633333, 0.166667]"
d1-3b,typed_customer_service,customer_service_000069,needs_human,noul,1,1,"[""false"", ""true""]","[0.1347759174229567, 0.8652240825770433]","[0.216667, 0.783333]"
d1-3b,typed_customer_service,customer_service_000069,urgency,score,2,2,"[""0"", ""1"", ""2"", ""3""]","[0.11170550371279947, 0.1526833207125847, 0.5852949903429222, 0.15031618523169368]","[0.016667, 0.1, 0.5, 0.383333]"
d1-3b,typed_customer_service,customer_service_000070,action,choice,4,4,"[""answer_directly"", ""close_no_action"", ""escalate_to_human"", ""execute_refund"", ""request_information""]","[0.03360387753064867, 0.03928691308390229, 0.16283972958386686, 0.005400634588251833, 0.7588688452133304]","[0.333333, 0.003333, 0.08, 0.0, 0.583333]"
d1-3b,typed_customer_service,customer_service_000070,category,choice,4,4,"[""account"", ""billing"", ""delivery"", ""refund"", ""technical""]","[0.004988920827190523, 0.00743097532988565, 0.003002385439715055, 0.003678599537466397, 0.9808991188657424]","[0.003333, 0.003333, 0.003333, 0.003333, 0.986667]"
d1-3b,typed_customer_service,customer_service_000070,churn_risk,score,1,1,"[""0"", ""1"", ""2"", ""3""]","[0.4759425498219027, 0.4987835096902069, 0.02026807834979881, 0.005005862138091603]","[0.083333, 0.6, 0.283333, 0.033333]"
d1-3b,typed_customer_service,customer_service_000070,needs_human,noul,0,1,"[""false"", ""true""]","[0.34510527095787247, 0.6548947290421275]","[0.75, 0.25]"
d1-3b,typed_customer_service,customer_service_000070,urgency,score,1,1,"[""0"", ""1"", ""2"", ""3""]","[0.24061517326490742, 0.6540598531375225, 0.08446386973526615, 0.020861103862304102]","[0.083333, 0.55, 0.333333, 0.033333]"
d1-3b,typed_customer_service,customer_service_000071,action,choice,4,4,"[""answer_directly"", ""close_no_action"", ""escalate_to_human"", ""execute_refund"", ""request_information""]","[0.13100704175992017, 0.02946088866294616, 0.24095882677764122, 0.00683547576996634, 0.5917377670295261]","[0.273333, 0.013333, 0.083333, 0.003333, 0.626667]"
d1-3b,typed_customer_service,customer_service_000071,category,choice,0,0,"[""account"", ""billing"", ""delivery"", ""refund"", ""technical""]","[0.9360514343077615, 0.009922405939871448, 0.0033496569116229138, 0.0037077322121543198, 0.04696877062858977]","[0.896667, 0.01, 0.006667, 0.01, 0.076667]"
d1-3b,typed_customer_service,customer_service_000071,churn_risk,score,1,0,"[""0"", ""1"", ""2"", ""3""]","[0.4976490722239798, 0.4748600620295036, 0.021027532582589884, 0.006463333163926565]","[0.083333, 0.6, 0.283333, 0.033333]"
d1-3b,typed_customer_service,customer_service_000071,needs_human,noul,0,1,"[""false"", ""true""]","[0.2509127868852725, 0.7490872131147275]","[0.816667, 0.183333]"
d1-3b,typed_customer_service,customer_service_000071,urgency,score,2,1,"[""0"", ""1"", ""2"", ""3""]","[0.20688796352551933, 0.5893689614996637, 0.17151614596370013, 0.032226929011116866]","[0.026667, 0.256667, 0.4, 0.316667]"
d1-3b,typed_customer_service,customer_service_000072,action,choice,2,4,"[""answer_directly"", ""close_no_action"", ""escalate_to_human"", ""execute_refund"", ""request_information""]","[0.13477537589528113, 0.010891520060914274, 0.41839334650591836, 0.004265180538917262, 0.431674576998969]","[0.216667, 0.033333, 0.466667, 0.0, 0.283333]"
d1-3b,typed_customer_service,customer_service_000072,category,choice,1,1,"[""account"", ""billing"", ""delivery"", ""refund"", ""technical""]","[0.004266872798316473, 0.9808123856342812, 0.003349106832740372, 0.004911140486756958, 0.0066604942479048515]","[0.01, 0.976667, 0.003333, 0.003333, 0.006667]"
d1-3b,typed_customer_service,customer_service_000072,churn_risk,score,3,3,"[""0"", ""1"", ""2"", ""3""]","[0.0036289887145110524, 0.0036861369712515436, 0.04743054917284715, 0.9452543251413903]","[0.0, 0.056667, 0.343333, 0.6]"
d1-3b,typed_customer_service,customer_service_000072,needs_human,noul,1,1,"[""false"", ""true""]","[0.09534946489910945, 0.9046505351008906]","[0.223333, 0.776667]"
d1-3b,typed_customer_service,customer_service_000072,urgency,score,3,3,"[""0"", ""1"", ""2"", ""3""]","[0.008476110326205344, 0.007657527543326902, 0.2327003691366279, 0.7511659929938399]","[0.0, 0.05, 0.333333, 0.616667]"
d1-3b,typed_customer_service,customer_service_000073,action,choice,0,2,"[""answer_directly"", ""close_no_action"", ""escalate_to_human"", ""execute_refund"", ""request_information""]","[0.07832733198006216, 0.019345485978971306, 0.5436994483452767, 0.046407408364741165, 0.3122203253309486]","[0.466667, 0.026667, 0.106667, 0.0, 0.4]"
d1-3b,typed_customer_service,customer_service_000073,category,choice,4,4,"[""account"", ""billing"", ""delivery"", ""refund"", ""technical""]","[0.004310355625154284, 0.018433053010332583, 0.003178256933361173, 0.0062227249915530105, 0.9678556094395989]","[0.008333, 0.008333, 0.015, 0.008333, 0.96]"
d1-3b,typed_customer_service,customer_service_000073,churn_risk,score,2,3,"[""0"", ""1"", ""2"", ""3""]","[0.04112437597280483, 0.07989102631850238, 0.13275111177725052, 0.7462334859314422]","[0.083333, 0.283333, 0.433333, 0.2]"
d1-3b,typed_customer_service,customer_service_000073,needs_human,noul,0,1,"[""false"", ""true""]","[0.1242130083520534, 0.8757869916479466]","[0.516667, 0.483333]"
d1-3b,typed_customer_service,customer_service_000073,urgency,score,2,3,"[""0"", ""1"", ""2"", ""3""]","[0.005524437905044971, 0.007610234648160167, 0.15405451073355966, 0.8328108167132353]","[0.016667, 0.1, 0.5, 0.383333]"
d1-3b,typed_customer_service,customer_service_000074,action,choice,2,2,"[""answer_directly"", ""close_no_action"", ""escalate_to_human"", ""execute_refund"", ""request_information""]","[0.27532381864614325, 0.10368790016503418, 0.41655163490346536, 0.009202824311104014, 0.19523382197425324]","[0.216667, 0.02, 0.726667, 0.006667, 0.03]"
d1-3b,typed_customer_service,customer_service_000074,category,choice,2,2,"[""account"", ""billing"", ""delivery"", ""refund"", ""technical""]","[0.0035684964635216737, 0.006614947416482535, 0.9367878555144495, 0.006022978162691436, 0.0470057224428547]","[0.003333, 0.003333, 0.96, 0.013333, 0.02]"
d1-3b,typed_customer_service,customer_service_000074,churn_risk,score,2,1,"[""0"", ""1"", ""2"", ""3""]","[0.1634364451976144, 0.36259960188712254, 0.16862447487772705, 0.3053394780375361]","[0.05, 0.366667, 0.516667, 0.066667]"
d1-3b,typed_customer_service,customer_service_000074,needs_human,noul,1,1,"[""false"", ""true""]","[0.310694383214554, 0.689305616785446]","[0.203333, 0.796667]"
d1-3b,typed_customer_service,customer_service_000074,urgency,score,2,2,"[""0"", ""1"", ""2"", ""3""]","[0.002761930978034798, 0.004772188786866658, 0.7194090167020915, 0.2730568635330071]","[0.016667, 0.066667, 0.533333, 0.383333]"
d1-3b,typed_customer_service,customer_service_000075,action,choice,2,2,"[""answer_directly"", ""close_no_action"", ""escalate_to_human"", ""execute_refund"", ""request_information""]","[0.03242464995674141, 0.030939817130440212, 0.7041869921017203, 0.027518443006606674, 0.2049300978044914]","[0.046667, 0.016667, 0.816667, 0.01, 0.11]"
d1-3b,typed_customer_service,customer_service_000075,category,choice,2,4,"[""account"", ""billing"", ""delivery"", ""refund"", ""technical""]","[0.006242839682755896, 0.026489479554646474, 0.4176150838429833, 0.013424214873041632, 0.5362283820465727]","[0.003333, 0.006667, 0.9, 0.023333, 0.066667]"
d1-3b,typed_customer_service,customer_service_000075,churn_risk,score,3,3,"[""0"", ""1"", ""2"", ""3""]","[0.005034183442454466, 0.005794309624546229, 0.05204916937619521, 0.9371223375568041]","[0.003333, 0.013333, 0.1, 0.883333]"
d1-3b,typed_customer_service,customer_service_000075,needs_human,noul,1,1,"[""false"", ""true""]","[0.12592276483513232, 0.8740772351648677]","[0.08, 0.92]"
d1-3b,typed_customer_service,customer_service_000075,urgency,score,3,3,"[""0"", ""1"", ""2"", ""3""]","[0.011055735962689984, 0.013440356834498473, 0.3718811763850354, 0.6036227308177762]","[0.006667, 0.033333, 0.11, 0.85]"
d1-3b,typed_customer_service,customer_service_000076,action,choice,2,2,"[""answer_directly"", ""close_no_action"", ""escalate_to_human"", ""execute_refund"", ""request_information""]","[0.26865965216461185, 0.0246018180561549, 0.46058980129706034, 0.018140243082023107, 0.22800848540014984]","[0.433333, 0.033333, 0.466667, 0.033333, 0.033333]"
d1-3b,typed_customer_service,customer_service_000076,category,choice,2,2,"[""account"", ""billing"", ""delivery"", ""refund"", ""technical""]","[0.003662151961376752, 0.006631300522606491, 0.9613739336820072, 0.00500556824715378, 0.02332704558685562]","[0.003333, 0.003333, 0.986667, 0.003333, 0.003333]"
d1-3b,typed_customer_service,customer_service_000076,churn_risk,score,2,2,"[""0"", ""1"", ""2"", ""3""]","[0.00716189116557357, 0.019929709844070397, 0.8086260520237999, 0.16428234696655614]","[0.013333, 0.066667, 0.586667, 0.333333]"
d1-3b,typed_customer_service,customer_service_000076,needs_human,noul,1,1,"[""false"", ""true""]","[0.1732882059293266, 0.8267117940706734]","[0.36, 0.64]"
d1-3b,typed_customer_service,customer_service_000076,urgency,score,3,2,"[""0"", ""1"", ""2"", ""3""]","[0.057078100186593435, 0.08909765440491701, 0.4930795444066758, 0.3607447010018137]","[0.006667, 0.076667, 0.45, 0.466667]"
d1-3b,typed_customer_service,customer_service_000077,action,choice,2,2,"[""answer_directly"", ""close_no_action"", ""escalate_to_human"", ""execute_refund"", ""request_information""]","[0.08224355029295903, 0.01078800609956104, 0.5620326648309913, 0.017105028261762183, 0.32783075051472643]","[0.066667, 0.03, 0.743333, 0.016667, 0.143333]"
d1-3b,typed_customer_service,customer_service_000077,category,choice,0,0,"[""account"", ""billing"", ""delivery"", ""refund"", ""technical""]","[0.7071231768971139, 0.17878873823083452, 0.0034317827401492153, 0.00472748039944328, 0.10592882173245911]","[0.726667, 0.24, 0.003333, 0.01, 0.02]"
d1-3b,typed_customer_service,customer_service_000077,churn_risk,score,3,3,"[""0"", ""1"", ""2"", ""3""]","[0.0037261908985988146, 0.004124517342487274, 0.10150154347929828, 0.8906477482796156]","[0.003333, 0.05, 0.206667, 0.74]"
d1-3b,typed_customer_service,customer_service_000077,needs_human,noul,1,1,"[""false"", ""true""]","[0.07921032410902429, 0.9207896758909757]","[0.17, 0.83]"
d1-3b,typed_customer_service,customer_service_000077,urgency,score,3,3,"[""0"", ""1"", ""2"", ""3""]","[0.013034508135242399, 0.014770032729936888, 0.36348037717893844, 0.6087150819558823]","[0.003333, 0.08, 0.223333, 0.693333]"
d1-3b,typed_customer_service,customer_service_000078,action,choice,2,2,"[""answer_directly"", ""close_no_action"", ""escalate_to_human"", ""execute_refund"", ""request_information""]","[0.06868962159050368, 0.026689910744738966, 0.7799935257000832, 0.024684132277118267, 0.0999428096875559]","[0.096667, 0.03, 0.8, 0.013333, 0.06]"
d1-3b,typed_customer_service,customer_service_000078,category,choice,4,4,"[""account"", ""billing"", ""delivery"", ""refund"", ""technical""]","[0.0054117176750142935, 0.05174765113752757, 0.0038076189355219676, 0.007339377593231838, 0.9316936346587044]","[0.033333, 0.036667, 0.01, 0.043333, 0.876667]"
d1-3b,typed_customer_service,customer_service_000078,churn_risk,score,2,2,"[""0"", ""1"", ""2"", ""3""]","[0.013167657880619186, 0.0769679162141273, 0.7417510409035682, 0.16811338500168535]","[0.006667, 0.15, 0.516667, 0.326667]"
d1-3b,typed_customer_service,customer_service_000078,needs_human,noul,1,1,"[""false"", ""true""]","[0.12592276483513232, 0.8740772351648677]","[0.16, 0.84]"
d1-3b,typed_customer_service,customer_service_000078,urgency,score,3,2,"[""0"", ""1"", ""2"", ""3""]","[0.0360158064938582, 0.04344335525018435, 0.5210431768578284, 0.39949766139812903]","[0.006667, 0.066667, 0.223333, 0.703333]"
d1-3b,typed_customer_service,customer_service_000079,action,choice,2,2,"[""answer_directly"", ""close_no_action"", ""escalate_to_human"", ""execute_refund"", ""request_information""]","[0.1483246092644879, 0.018420527685189387, 0.44978881734456694, 0.010578019095184426, 0.37288802661057147]","[0.083333, 0.016667, 0.7, 0.016667, 0.183333]"
d1-3b,typed_customer_service,customer_service_000079,category,choice,1,1,"[""account"", ""billing"", ""delivery"", ""refund"", ""technical""]","[0.004052020634796585, 0.968528761025423, 0.0035204565357989962, 0.005162408214575728, 0.018736353589405716]","[0.006667, 0.946667, 0.003333, 0.003333, 0.04]"
d1-3b,typed_customer_service,customer_service_000079,churn_risk,score,2,2,"[""0"", ""1"", ""2"", ""3""]","[0.012853458041676874, 0.0913364903903068, 0.789026875844325, 0.10678317572369136]","[0.0, 0.083333, 0.683333, 0.233333]"
d1-3b,typed_customer_service,customer_service_000079,needs_human,noul,1,1,"[""false"", ""true""]","[0.14608724704829568, 0.8539127529517043]","[0.14, 0.86]"
d1-3b,typed_customer_service,customer_service_000079,urgency,score,2,1,"[""0"", ""1"", ""2"", ""3""]","[0.22328728451341207, 0.3798244657314409, 0.2735772997923678, 0.12331094996277925]","[0.0, 0.166667, 0.466667, 0.366667]"
d1-3b,typed_customer_service,customer_service_000080,action,choice,2,4,"[""answer_directly"", ""close_no_action"", ""escalate_to_human"", ""execute_refund"", ""request_information""]","[0.0533928355552333, 0.012881621058460413, 0.2775813577595502, 0.04030302673957682, 0.6158411588871793]","[0.066667, 0.016667, 0.453846, 0.135897, 0.326923]"
d1-3b,typed_customer_service,customer_service_000080,category,choice,2,2,"[""account"", ""billing"", ""delivery"", ""refund"", ""technical""]","[0.004315339837051289, 0.009649089693025923, 0.7314205327759029, 0.0057617346193972975, 0.24885330307462258]","[0.0, 0.016667, 0.633333, 0.033333, 0.316667]"
d1-3b,typed_customer_service,customer_service_000080,churn_risk,score,2,3,"[""0"", ""1"", ""2"", ""3""]","[0.14026905019226577, 0.3136412652463461, 0.21222029561866615, 0.333869388942722]","[0.05, 0.233333, 0.566667, 0.15]"
d1-3b,typed_customer_service,customer_service_000080,needs_human,noul,1,1,"[""false"", ""true""]","[0.1441488530327406, 0.8558511469672594]","[0.2, 0.8]"
d1-3b,typed_customer_service,customer_service_000080,urgency,score,3,3,"[""0"", ""1"", ""2"", ""3""]","[0.0037728923206259593, 0.004410958007455077, 0.039314440774588795, 0.9525017088973302]","[0.033333, 0.083333, 0.233333, 0.65]"
d1-3b,typed_customer_service,customer_service_000081,action,choice,4,4,"[""answer_directly"", ""close_no_action"", ""escalate_to_human"", ""execute_refund"", ""request_information""]","[0.047860294470980974, 0.018308194293354552, 0.16574885734879408, 0.007631990849794319, 0.7604506630370761]","[0.4, 0.003333, 0.18, 0.0, 0.416667]"
d1-3b,typed_customer_service,customer_service_000081,category,choice,4,4,"[""account"", ""billing"", ""delivery"", ""refund"", ""technical""]","[0.030863980863736953, 0.022757672382957353, 0.0037735920118873523, 0.004696311137299324, 0.9379084436041191]","[0.316667, 0.016667, 0.0, 0.0, 0.666667]"
d1-3b,typed_customer_service,customer_service_000081,churn_risk,score,1,0,"[""0"", ""1"", ""2"", ""3""]","[0.548324763620382, 0.4270357552849965, 0.01951006030781272, 0.005129420786808869]","[0.133333, 0.6, 0.23, 0.036667]"
d1-3b,typed_customer_service,customer_service_000081,needs_human,noul,0,1,"[""false"", ""true""]","[0.27202455109402246, 0.7279754489059775]","[0.733333, 0.266667]"
d1-3b,typed_customer_service,customer_service_000081,urgency,score,1,1,"[""0"", ""1"", ""2"", ""3""]","[0.1748976176375697, 0.6397489032191032, 0.16430110666368955, 0.021052372479637618]","[0.116667, 0.733333, 0.146667, 0.003333]"
d1-3b,typed_customer_service,customer_service_000082,action,choice,2,2,"[""answer_directly"", ""close_no_action"", ""escalate_to_human"", ""execute_refund"", ""request_information""]","[0.11949012505404458, 0.02838139237665539, 0.4837998230502439, 0.040973324476205844, 0.3273553350428504]","[0.216667, 0.016667, 0.533333, 0.15, 0.083333]"
d1-3b,typed_customer_service,customer_service_000082,category,choice,1,1,"[""account"", ""billing"", ""delivery"", ""refund"", ""technical""]","[0.08363711116951296, 0.8447048995847825, 0.0032683976028671175, 0.004262794090639874, 0.06412679755219744]","[0.466667, 0.466667, 0.0, 0.033333, 0.033333]"
d1-3b,typed_customer_service,customer_service_000082,churn_risk,score,2,2,"[""0"", ""1"", ""2"", ""3""]","[0.012822858437308987, 0.13785872014269934, 0.7452571999767625, 0.10406122144322914]","[0.033333, 0.166667, 0.516667, 0.283333]"
d1-3b,typed_customer_service,customer_service_000082,needs_human,noul,1,1,"[""false"", ""true""]","[0.19682620364309844, 0.8031737963569016]","[0.283333, 0.716667]"
d1-3b,typed_customer_service,customer_service_000082,urgency,score,2,1,"[""0"", ""1"", ""2"", ""3""]","[0.26668455586203443, 0.4680459717050524, 0.23534829451539385, 0.02992117791751917]","[0.05, 0.233333, 0.45, 0.266667]"
d1-3b,typed_customer_service,customer_service_000083,action,choice,4,4,"[""answer_directly"", ""close_no_action"", ""escalate_to_human"", ""execute_refund"", ""request_information""]","[0.017144799021614705, 0.012641782047758612, 0.4387291988257052, 0.010480405423282138, 0.5210038146816394]","[0.25, 0.006667, 0.29, 0.003333, 0.45]"
d1-3b,typed_customer_service,customer_service_000083,category,choice,0,0,"[""account"", ""billing"", ""delivery"", ""refund"", ""technical""]","[0.9202728867288776, 0.015958358599196334, 0.0033712892638258648, 0.003820171214145078, 0.05657729419395507]","[0.883333, 0.006667, 0.006667, 0.003333, 0.1]"
d1-3b,typed_customer_service,customer_service_000083,churn_risk,score,1,1,"[""0"", ""1"", ""2"", ""3""]","[0.04120816735184066, 0.43276678208825553, 0.394038639152452, 0.13198641140745182]","[0.1, 0.633333, 0.25, 0.016667]"
d1-3b,typed_customer_service,customer_service_000083,needs_human,noul,0,1,"[""false"", ""true""]","[0.14033624949008328, 0.8596637505099167]","[0.533333, 0.466667]"
d1-3b,typed_customer_service,customer_service_000083,urgency,score,2,1,"[""0"", ""1"", ""2"", ""3""]","[0.3058719480551677, 0.3412248158132769, 0.2496454082334326, 0.1032578278981228]","[0.016667, 0.15, 0.516667, 0.316667]"
d1-3b,typed_customer_service,customer_service_000084,action,choice,2,2,"[""answer_directly"", ""close_no_action"", ""escalate_to_human"", ""execute_refund"", ""request_information""]","[0.06761720860212715, 0.03269754556045913, 0.6723220829287805, 0.11412564787323623, 0.113237515035397]","[0.12, 0.003333, 0.46, 0.25, 0.166667]"
d1-3b,typed_customer_service,customer_service_000084,category,choice,3,1,"[""account"", ""billing"", ""delivery"", ""refund"", ""technical""]","[0.003933068741782066, 0.9327805568319048, 0.0035255800344312443, 0.025249212610747866, 0.03451158178113407]","[0.006667, 0.043333, 0.003333, 0.946667, 0.0]"
d1-3b,typed_customer_service,customer_service_000084,churn_risk,score,2,2,"[""0"", ""1"", ""2"", ""3""]","[0.13714224216296048, 0.32388666368908914, 0.33943030921935263, 0.19954078492859784]","[0.043333, 0.173333, 0.516667, 0.266667]"
d1-3b,typed_customer_service,customer_service_000084,needs_human,noul,1,1,"[""false"", ""true""]","[0.15002882434242504, 0.849971175657575]","[0.39, 0.61]"
d1-3b,typed_customer_service,customer_service_000084,urgency,score,3,2,"[""0"", ""1"", ""2"", ""3""]","[0.018996487512656795, 0.03131991303070663, 0.6049776978668512, 0.34470590158978537]","[0.036667, 0.113333, 0.416667, 0.433333]"
d1-3b,typed_customer_service,customer_service_000085,action,choice,2,2,"[""answer_directly"", ""close_no_action"", ""escalate_to_human"", ""execute_refund"", ""request_information""]","[0.05487912247752659, 0.2221983593353125, 0.632984220332513, 0.022698991437830725, 0.06723930641681722]","[0.123333, 0.02, 0.776667, 0.006667, 0.073333]"
d1-3b,typed_customer_service,customer_service_000085,category,choice,2,2,"[""account"", ""billing"", ""delivery"", ""refund"", ""technical""]","[0.0037458293572094742, 0.005939236261779051, 0.9237630040782688, 0.005623155873631593, 0.060928774429110995]","[0.0, 0.0, 0.933333, 0.003333, 0.063333]"
d1-3b,typed_customer_service,customer_service_000085,churn_risk,score,3,3,"[""0"", ""1"", ""2"", ""3""]","[0.00537643843815572, 0.004598711495632512, 0.04982857699105464, 0.9401962730751572]","[0.003333, 0.033333, 0.173333, 0.79]"
d1-3b,typed_customer_service,customer_service_000085,needs_human,noul,1,1,"[""false"", ""true""]","[0.1847675106479999, 0.8152324893520001]","[0.12, 0.88]"
d1-3b,typed_customer_service,customer_service_000085,urgency,score,3,2,"[""0"", ""1"", ""2"", ""3""]","[0.06256350919107576, 0.11153151401498951, 0.6673867332572344, 0.15851824353670035]","[0.006667, 0.066667, 0.3, 0.626667]"
d1-3b,typed_customer_service,customer_service_000086,action,choice,2,3,"[""answer_directly"", ""close_no_action"", ""escalate_to_human"", ""execute_refund"", ""request_information""]","[0.21457243667790254, 0.06647143998424208, 0.11666101029920106, 0.5107268368853068, 0.09156827615334745]","[0.05, 0.05, 0.6, 0.233333, 0.066667]"
d1-3b,typed_customer_service,customer_service_000086,category,choice,1,1,"[""account"", ""billing"", ""delivery"", ""refund"", ""technical""]","[0.0042942647852810744, 0.9718051890359617, 0.003760183884170978, 0.0074198241806665835, 0.012720538113919667]","[0.016667, 0.86, 0.0, 0.123333, 0.0]"
d1-3b,typed_customer_service,customer_service_000086,churn_risk,score,2,2,"[""0"", ""1"", ""2"", ""3""]","[0.04995027618540926, 0.16250609915333003, 0.6949504404496729, 0.09259318421158784]","[0.0, 0.183333, 0.6, 0.216667]"
d1-3b,typed_customer_service,customer_service_000086,needs_human,noul,1,1,"[""false"", ""true""]","[0.30404167496654744, 0.6959583250334526]","[0.243333, 0.756667]"
d1-3b,typed_customer_service,customer_service_000086,urgency,score,2,1,"[""0"", ""1"", ""2"", ""3""]","[0.2511325372818526, 0.5234051537634292, 0.18956478448832317, 0.03589752446639504]","[0.0, 0.15, 0.616667, 0.233333]"
d1-3b,typed_customer_service,customer_service_000087,action,choice,2,2,"[""answer_directly"", ""close_no_action"", ""escalate_to_human"", ""execute_refund"", ""request_information""]","[0.1365795120056307, 0.054327576393130794, 0.7156254750518352, 0.008663289068881018, 0.08480414748052229]","[0.076667, 0.066667, 0.85, 0.0, 0.006667]"
d1-3b,typed_customer_service,customer_service_000087,category,choice,4,4,"[""account"", ""billing"", ""delivery"", ""refund"", ""technical""]","[0.25799051248758875, 0.01216101460467271, 0.0034301716749855836, 0.002866015710123982, 0.723552285522629]","[0.433333, 0.0, 0.0, 0.0, 0.566667]"
d1-3b,typed_customer_service,customer_service_000087,churn_risk,score,2,1,"[""0"", ""1"", ""2"", ""3""]","[0.08942034466703595, 0.7724739026872207, 0.11846270973517123, 0.019643042910572076]","[0.0, 0.233333, 0.6, 0.166667]"
d1-3b,typed_customer_service,customer_service_000087,needs_human,noul,1,1,"[""false"", ""true""]","[0.19436781101874467, 0.8056321889812553]","[0.133333, 0.866667]"
d1-3b,typed_customer_service,customer_service_000087,urgency,score,2,1,"[""0"", ""1"", ""2"", ""3""]","[0.26537800897480135, 0.4174982107011071, 0.273802011254989, 0.043321769069102616]","[0.033333, 0.366667, 0.5, 0.1]"
d1-3b,typed_customer_service,customer_service_000088,action,choice,0,2,"[""answer_directly"", ""close_no_action"", ""escalate_to_human"", ""execute_refund"", ""request_information""]","[0.050578376154324936, 0.014950939433522723, 0.7260265876235081, 0.009959472777655985, 0.19848462401098826]","[0.483333, 0.016667, 0.316667, 0.0, 0.183333]"
d1-3b,typed_customer_service,customer_service_000088,category,choice,1,1,"[""account"", ""billing"", ""delivery"", ""refund"", ""technical""]","[0.004403589889707765, 0.973460834433551, 0.00353838388164911, 0.005654321343053938, 0.012942870452038171]","[0.05, 0.95, 0.0, 0.0, 0.0]"
d1-3b,typed_customer_service,customer_service_000088,churn_risk,score,2,2,"[""0"", ""1"", ""2"", ""3""]","[0.019856174365367067, 0.3575016615869095, 0.5624290596338745, 0.06021310441384895]","[0.033333, 0.3, 0.583333, 0.083333]"
d1-3b,typed_customer_service,customer_service_000088,needs_human,noul,0,1,"[""false"", ""true""]","[0.12085323249047064, 0.8791467675095294]","[0.6, 0.4]"
d1-3b,typed_customer_service,customer_service_000088,urgency,score,2,1,"[""0"", ""1"", ""2"", ""3""]","[0.270182538622925, 0.42505679680664427, 0.25780997938247274, 0.04695068518795787]","[0.0, 0.216667, 0.666667, 0.116667]"
d1-3b,typed_customer_service,customer_service_000089,action,choice,0,0,"[""answer_directly"", ""close_no_action"", ""escalate_to_human"", ""execute_refund"", ""request_information""]","[0.3042199321121631, 0.18165801858264854, 0.2813574431706485, 0.022037617967181566, 0.21072698816735846]","[0.94, 0.006667, 0.025, 0.001667, 0.026667]"
d1-3b,typed_customer_service,customer_service_000089,category,choice,0,1,"[""account"", ""billing"", ""delivery"", ""refund"", ""technical""]","[0.3890479740057633, 0.5401396204392286, 0.00452934647239172, 0.06060198586012014, 0.005681073222496471]","[0.943333, 0.041667, 0.005, 0.005, 0.005]"
d1-3b,typed_customer_service,customer_service_000089,churn_risk,score,3,0,"[""0"", ""1"", ""2"", ""3""]","[0.7363817741586465, 0.13944722288909994, 0.028330421703400107, 0.09584058124885347]","[0.006667, 0.01, 0.05, 0.933333]"
d1-3b,typed_customer_service,customer_service_000089,needs_human,noul,0,0,"[""false"", ""true""]","[0.7606506526772883, 0.23934934732271168]","[0.95, 0.05]"
d1-3b,typed_customer_service,customer_service_000089,urgency,score,1,0,"[""0"", ""1"", ""2"", ""3""]","[0.49968347134985475, 0.4621316654616666, 0.031695107792355064, 0.00648975539612358]","[0.15, 0.76, 0.08, 0.01]"
d1-3b,typed_customer_service,customer_service_000090,action,choice,2,4,"[""answer_directly"", ""close_no_action"", ""escalate_to_human"", ""execute_refund"", ""request_information""]","[0.09537993841468428, 0.04909738462979323, 0.21160964223962206, 0.02195770860551863, 0.6219553261103818]","[0.023333, 0.023333, 0.733333, 0.013333, 0.206667]"
d1-3b,typed_customer_service,customer_service_000090,category,choice,0,1,"[""account"", ""billing"", ""delivery"", ""refund"", ""technical""]","[0.00787043497989937, 0.8154485513007573, 0.0038058936719815323, 0.01602341085920543, 0.15685170918815639]","[0.733333, 0.096667, 0.02, 0.023333, 0.126667]"
d1-3b,typed_customer_service,customer_service_000090,churn_risk,score,3,3,"[""0"", ""1"", ""2"", ""3""]","[0.010079579277981745, 0.004950922998178069, 0.1458219742846951, 0.8391475234391451]","[0.0, 0.023333, 0.11, 0.866667]"
d1-3b,typed_customer_service,customer_service_000090,needs_human,noul,1,1,"[""false"", ""true""]","[0.18242552380635635, 0.8175744761936437]","[0.17, 0.83]"
d1-3b,typed_customer_service,customer_service_000090,urgency,score,3,3,"[""0"", ""1"", ""2"", ""3""]","[0.09457335355747136, 0.14995170288937798, 0.293591181789338, 0.4618837617638127]","[0.0, 0.066667, 0.233333, 0.7]"
d1-3b,typed_customer_service,customer_service_000091,action,choice,2,4,"[""answer_directly"", ""close_no_action"", ""escalate_to_human"", ""execute_refund"", ""request_information""]","[0.13932989702385284, 0.058081342274961895, 0.24074047379910285, 0.006465833837192669, 0.5553824530648898]","[0.083333, 0.016667, 0.7, 0.016667, 0.183333]"
d1-3b,typed_customer_service,customer_service_000091,category,choice,1,1,"[""account"", ""billing"", ""delivery"", ""refund"", ""technical""]","[0.004133167107374205, 0.9726083344461063, 0.0034533903794631365, 0.005265791502661965, 0.014539316564394467]","[0.015, 0.97, 0.001667, 0.001667, 0.011667]"
d1-3b,typed_customer_service,customer_service_000091,churn_risk,score,2,2,"[""0"", ""1"", ""2"", ""3""]","[0.03605573703906091, 0.3213612861447638, 0.4977340967890435, 0.14484888002713178]","[0.016667, 0.1, 0.5, 0.383333]"
d1-3b,typed_customer_service,customer_service_000091,needs_human,noul,1,1,"[""false"", ""true""]","[0.11124120650754299, 0.888758793492457]","[0.123333, 0.876667]"
d1-3b,typed_customer_service,customer_service_000091,urgency,score,2,1,"[""0"", ""1"", ""2"", ""3""]","[0.2433642058593591, 0.3486031296525688, 0.2433642058593591, 0.16466845862871293]","[0.016667, 0.183333, 0.533333, 0.266667]"
d1-3b,typed_customer_service,customer_service_000092,action,choice,2,4,"[""answer_directly"", ""close_no_action"", ""escalate_to_human"", ""execute_refund"", ""request_information""]","[0.00857947355030882, 0.00775090843445244, 0.08597530070034184, 0.0087829299023624, 0.8889113874125345]","[0.073333, 0.023333, 0.483333, 0.02, 0.4]"
d1-3b,typed_customer_service,customer_service_000092,category,choice,2,2,"[""account"", ""billing"", ""delivery"", ""refund"", ""technical""]","[0.004467868989061857, 0.01767076463969724, 0.9278304939518701, 0.004906994119528786, 0.04512387829984201]","[0.006667, 0.006667, 0.886667, 0.056667, 0.043333]"
d1-3b,typed_customer_service,customer_service_000092,churn_risk,score,2,1,"[""0"", ""1"", ""2"", ""3""]","[0.07534479116580911, 0.556726888686378, 0.327282854070482, 0.040645466077330945]","[0.016667, 0.233333, 0.55, 0.2]"
d1-3b,typed_customer_service,customer_service_000092,needs_human,noul,1,1,"[""false"", ""true""]","[0.12765262532179067, 0.8723473746782093]","[0.256667, 0.743333]"
d1-3b,typed_customer_service,customer_service_000092,urgency,score,2,2,"[""0"", ""1"", ""2"", ""3""]","[0.1213908065367105, 0.33517076461386414, 0.4371450870903472, 0.10629334175907823]","[0.013333, 0.116667, 0.516667, 0.353333]"
d1-3b,typed_customer_service,customer_service_000093,action,choice,2,4,"[""answer_directly"", ""close_no_action"", ""escalate_to_human"", ""execute_refund"", ""request_information""]","[0.03297787098602732, 0.023568221555052556, 0.4276635380403538, 0.01969198618513669, 0.4960983832334297]","[0.066667, 0.006667, 0.783333, 0.01, 0.133333]"
d1-3b,typed_customer_service,customer_service_000093,category,choice,4,4,"[""account"", ""billing"", ""delivery"", ""refund"", ""technical""]","[0.012297267060914475, 0.07711629040272275, 0.004023650388835559, 0.01011545596313242, 0.8964473361843948]","[0.05, 0.073333, 0.013333, 0.046667, 0.816667]"
d1-3b,typed_customer_service,customer_service_000093,churn_risk,score,3,3,"[""0"", ""1"", ""2"", ""3""]","[0.004170176864448426, 0.0035116409959856398, 0.06322554727114314, 0.9290926348684228]","[0.0, 0.016667, 0.133333, 0.85]"
d1-3b,typed_customer_service,customer_service_000093,needs_human,noul,1,1,"[""false"", ""true""]","[0.08269734267503881, 0.9173026573249612]","[0.133333, 0.866667]"
d1-3b,typed_customer_service,customer_service_000093,urgency,score,3,3,"[""0"", ""1"", ""2"", ""3""]","[0.014924283159642594, 0.01369529206138987, 0.3318065534014538, 0.6395738713775138]","[0.006667, 0.043333, 0.15, 0.8]"
d1-3b,typed_customer_service,customer_service_000094,action,choice,4,4,"[""answer_directly"", ""close_no_action"", ""escalate_to_human"", ""execute_refund"", ""request_information""]","[0.019338601485595887, 0.008124755824489932, 0.07073766502548227, 0.012682564489852628, 0.8891164131745793]","[0.11, 0.006667, 0.106667, 0.056667, 0.72]"
d1-3b,typed_customer_service,customer_service_000094,category,choice,1,1,"[""account"", ""billing"", ""delivery"", ""refund"", ""technical""]","[0.004516451489745405, 0.9676922535819359, 0.003923961055171556, 0.007217268930535916, 0.016650064942611193]","[0.016667, 0.883333, 0.003333, 0.08, 0.016667]"
d1-3b,typed_customer_service,customer_service_000094,churn_risk,score,2,2,"[""0"", ""1"", ""2"", ""3""]","[0.07692396386770958, 0.35848253849780515, 0.37568647472578093, 0.18890702290870443]","[0.03, 0.203333, 0.65, 0.116667]"
d1-3b,typed_customer_service,customer_service_000094,needs_human,noul,1,1,"[""false"", ""true""]","[0.22000709974589328, 0.7799929002541067]","[0.44, 0.56]"
d1-3b,typed_customer_service,customer_service_000094,urgency,score,3,3,"[""0"", ""1"", ""2"", ""3""]","[0.005415341519973216, 0.01003845730634836, 0.12229344550936856, 0.8622527556643099]","[0.0, 0.023333, 0.126667, 0.85]"
d1-3b,typed_customer_service,customer_service_000095,action,choice,4,4,"[""answer_directly"", ""close_no_action"", ""escalate_to_human"", ""execute_refund"", ""request_information""]","[0.07717455628007454, 0.011205248906034677, 0.25904643227957497, 0.09987129637967036, 0.5527024661546455]","[0.116667, 0.026667, 0.14, 0.116667, 0.6]"
d1-3b,typed_customer_service,customer_service_000095,category,choice,2,2,"[""account"", ""billing"", ""delivery"", ""refund"", ""technical""]","[0.0052580330505113335, 0.04542247433859636, 0.8637812138659909, 0.008272047103210462, 0.07726623164169093]","[0.016667, 0.036667, 0.84, 0.076667, 0.03]"
d1-3b,typed_customer_service,customer_service_000095,churn_risk,score,1,1,"[""0"", ""1"", ""2"", ""3""]","[0.08941612543367396, 0.6870200934432312, 0.1606516794969942, 0.06291210162610067]","[0.1, 0.5, 0.333333, 0.066667]"
d1-3b,typed_customer_service,customer_service_000095,needs_human,noul,1,1,"[""false"", ""true""]","[0.12940273159163895, 0.870597268408361]","[0.356667, 0.643333]"
d1-3b,typed_customer_service,customer_service_000095,urgency,score,1,1,"[""0"", ""1"", ""2"", ""3""]","[0.18887386489391603, 0.5134123948119608, 0.26222539252492977, 0.0354883477691933]","[0.05, 0.6, 0.283333, 0.066667]"
d1-3b,typed_customer_service,customer_service_000096,action,choice,3,2,"[""answer_directly"", ""close_no_action"", ""escalate_to_human"", ""execute_refund"", ""request_information""]","[0.20798618890387643, 0.012296893604429053, 0.3855454858979965, 0.2162714167702885, 0.1779000148234096]","[0.046667, 0.0, 0.416667, 0.45, 0.086667]"
d1-3b,typed_customer_service,customer_service_000096,category,choice,3,1,"[""account"", ""billing"", ""delivery"", ""refund"", ""technical""]","[0.004083484146576891, 0.6351273827281508, 0.0036604115318780066, 0.34531276842876973, 0.011815953164624578]","[0.01, 0.06, 0.003333, 0.926667, 0.0]"
d1-3b,typed_customer_service,customer_service_000096,churn_risk,score,3,3,"[""0"", ""1"", ""2"", ""3""]","[0.004263602094364884, 0.0052648458402487, 0.055291233240766666, 0.9351803188246197]","[0.0, 0.0, 0.133333, 0.866667]"
d1-3b,typed_customer_service,customer_service_000096,needs_human,noul,1,1,"[""false"", ""true""]","[0.1871326821624265, 0.8128673178375735]","[0.316667, 0.683333]"
d1-3b,typed_customer_service,customer_service_000096,urgency,score,3,3,"[""0"", ""1"", ""2"", ""3""]","[0.007976050159940145, 0.011787837994190007, 0.19782460830760007, 0.7824115035382697]","[0.0, 0.016667, 0.45, 0.533333]"
d1-3b,typed_customer_service,customer_service_000097,action,choice,2,2,"[""answer_directly"", ""close_no_action"", ""escalate_to_human"", ""execute_refund"", ""request_information""]","[0.06545361014550564, 0.018034365815974823, 0.6982164462912295, 0.008652983282778123, 0.20964259446451194]","[0.023333, 0.01, 0.866667, 0.0, 0.1]"
d1-3b,typed_customer_service,customer_service_000097,category,choice,4,4,"[""account"", ""billing"", ""delivery"", ""refund"", ""technical""]","[0.004664305048307963, 0.012004137136880614, 0.0033334284928656895, 0.003777269340099638, 0.9762208599818462]","[0.026667, 0.03, 0.01, 0.0, 0.933333]"
d1-3b,typed_customer_service,customer_service_000097,churn_risk,score,3,3,"[""0"", ""1"", ""2"", ""3""]","[0.017966321468496284, 0.03924205391886363, 0.13590233133678623, 0.8068892932758539]","[0.0, 0.05, 0.183333, 0.766667]"
d1-3b,typed_customer_service,customer_service_000097,needs_human,noul,1,1,"[""false"", ""true""]","[0.13660839002621938, 0.8633916099737806]","[0.123333, 0.876667]"
d1-3b,typed_customer_service,customer_service_000097,urgency,score,2,3,"[""0"", ""1"", ""2"", ""3""]","[0.004244489589503399, 0.006889486641536724, 0.3589279150127619, 0.629938108756198]","[0.006667, 0.06, 0.533333, 0.4]"
d1-3b,typed_customer_service,customer_service_000098,action,choice,3,2,"[""answer_directly"", ""close_no_action"", ""escalate_to_human"", ""execute_refund"", ""request_information""]","[0.16152760149557865, 0.01599339836891113, 0.5771565432398554, 0.07337722014131912, 0.17194523675433565]","[0.116667, 0.0, 0.316667, 0.466667, 0.1]"
d1-3b,typed_customer_service,customer_service_000098,category,choice,1,1,"[""account"", ""billing"", ""delivery"", ""refund"", ""technical""]","[0.004391097001241657, 0.9783124350496949, 0.0037853622243025514, 0.007071987672969887, 0.006439118051790958]","[0.033333, 0.866667, 0.0, 0.1, 0.0]"
d1-3b,typed_customer_service,customer_service_000098,churn_risk,score,2,2,"[""0"", ""1"", ""2"", ""3""]","[0.029321806533070347, 0.17545699839308593, 0.5663821287205495, 0.22883906635329435]","[0.0, 0.2, 0.616667, 0.183333]"
d1-3b,typed_customer_service,customer_service_000098,needs_human,noul,1,1,"[""false"", ""true""]","[0.2628418373713166, 0.7371581626286834]","[0.466667, 0.533333]"
d1-3b,typed_customer_service,customer_service_000098,urgency,score,3,3,"[""0"", ""1"", ""2"", ""3""]","[0.004983038413293058, 0.008215641424712082, 0.051924452629066364, 0.9348768675329285]","[0.0, 0.016667, 0.15, 0.833333]"
d1-3b,typed_customer_service,customer_service_000099,action,choice,0,4,"[""answer_directly"", ""close_no_action"", ""escalate_to_human"", ""execute_refund"", ""request_information""]","[0.03531555137397306, 0.018321466694116044, 0.10060464361185109, 0.009961208661237422, 0.8357971296588224]","[0.586667, 0.04, 0.083333, 0.0, 0.29]"
d1-3b,typed_customer_service,customer_service_000099,category,choice,0,0,"[""account"", ""billing"", ""delivery"", ""refund"", ""technical""]","[0.6169472199817693, 0.13873920908851253, 0.010208502763165256, 0.01922157752172877, 0.21488349064482432]","[0.92, 0.046667, 0.01, 0.01, 0.013333]"
d1-3b,typed_customer_service,customer_service_000099,churn_risk,score,0,0,"[""0"", ""1"", ""2"", ""3""]","[0.6347436257559448, 0.2524835702801988, 0.03871960954920905, 0.0740531944146474]","[0.533333, 0.333333, 0.116667, 0.016667]"
d1-3b,typed_customer_service,customer_service_000099,needs_human,noul,0,1,"[""false"", ""true""]","[0.25386100696924896, 0.746138993030751]","[0.6, 0.4]"
d1-3b,typed_customer_service,customer_service_000099,urgency,score,3,3,"[""0"", ""1"", ""2"", ""3""]","[0.004303889967025264, 0.004510437959112139, 0.03230248806862848, 0.9588831840052341]","[0.006667, 0.043333, 0.116667, 0.833333]"
d1-3b,typed_invoice_processing,invoice_processing_000000,discrepancy_severity,score,2,2,"[""0"", ""1"", ""2"", ""3""]","[0.2788128699214707, 0.052798265493073836, 0.35245249233881865, 0.3159363722466368]","[0.38, 0.053333, 0.45, 0.116667]"
d1-3b,typed_invoice_processing,invoice_processing_000000,disposition,choice,0,2,"[""approve"", ""hold"", ""manual_review"", ""reject""]","[0.35262711691033566, 0.08117937176534433, 0.509076689703228, 0.057116821621092065]","[0.44, 0.186667, 0.353333, 0.02]"
d1-3b,typed_invoice_processing,invoice_processing_000000,duplicate,noul,0,0,"[""false"", ""true""]","[0.888758793492457, 0.11124120650754304]","[0.963333, 0.036667]"
d1-3b,typed_invoice_processing,invoice_processing_000000,matches_order,noul,0,0,"[""false"", ""true""]","[0.6859494550081926, 0.31405054499180746]","[0.52, 0.48]"
d1-3b,typed_invoice_processing,invoice_processing_000000,urgency,score,2,3,"[""0"", ""1"", ""2"", ""3""]","[0.06269726670873622, 0.0392349469522414, 0.4455258872493972, 0.4525418990896253]","[0.016667, 0.2, 0.566667, 0.216667]"
d1-3b,typed_invoice_processing,invoice_processing_000001,discrepancy_severity,score,3,3,"[""0"", ""1"", ""2"", ""3""]","[0.07948999284834789, 0.0718132240177658, 0.3912634575731073, 0.45743332556077904]","[0.016667, 0.026667, 0.106667, 0.85]"
d1-3b,typed_invoice_processing,invoice_processing_000001,disposition,choice,2,2,"[""approve"", ""hold"", ""manual_review"", ""reject""]","[0.13310474264918914, 0.047832190630652714, 0.7719724454701171, 0.04709062125004107]","[0.033333, 0.416667, 0.483333, 0.066667]"
d1-3b,typed_invoice_processing,invoice_processing_000001,duplicate,noul,0,0,"[""false"", ""true""]","[0.8918110454379297, 0.10818895456207035]","[0.97, 0.03]"
d1-3b,typed_invoice_processing,invoice_processing_000001,matches_order,noul,0,0,"[""false"", ""true""]","[0.7981867777396212, 0.20181322226037882]","[0.95, 0.05]"
d1-3b,typed_invoice_processing,invoice_processing_000001,urgency,score,2,2,"[""0"", ""1"", ""2"", ""3""]","[0.020451921118872507, 0.32243105173841946, 0.6215021189263854, 0.03561490821632253]","[0.033333, 0.283333, 0.583333, 0.1]"
d1-3b,typed_invoice_processing,invoice_processing_000002,discrepancy_severity,score,0,0,"[""0"", ""1"", ""2"", ""3""]","[0.9811299071745075, 0.00797414851756864, 0.0064576622662661405, 0.004438282041657731]","[0.976667, 0.02, 0.003333, 0.0]"
d1-3b,typed_invoice_processing,invoice_processing_000002,disposition,choice,0,0,"[""approve"", ""hold"", ""manual_review"", ""reject""]","[0.93696661305413, 0.030354966648231264, 0.020220767085836727, 0.012457653211802002]","[0.963333, 0.016667, 0.016667, 0.003333]"
d1-3b,typed_invoice_processing,invoice_processing_000002,duplicate,noul,0,0,"[""false"", ""true""]","[0.8856314738181875, 0.1143685261818125]","[0.983333, 0.016667]"
d1-3b,typed_invoice_processing,invoice_processing_000002,matches_order,noul,1,1,"[""false"", ""true""]","[0.035144846400793295, 0.9648551535992067]","[0.013333, 0.986667]"
d1-3b,typed_invoice_processing,invoice_processing_000002,urgency,score,2,2,"[""0"", ""1"", ""2"", ""3""]","[0.005042908515787245, 0.014143186689684662, 0.8818707489243673, 0.09894315587016078]","[0.0, 0.133333, 0.733333, 0.133333]"
d1-3b,typed_invoice_processing,invoice_processing_000003,discrepancy_severity,score,2,1,"[""0"", ""1"", ""2"", ""3""]","[0.25445237774697066, 0.4195210475716545, 0.16173977194297004, 0.16428680273840496]","[0.0, 0.2, 0.6, 0.2]"
d1-3b,typed_invoice_processing,invoice_processing_000003,disposition,choice,1,2,"[""approve"", ""hold"", ""manual_review"", ""reject""]","[0.17967114614126203, 0.23617326610764405, 0.5239732922694721, 0.060182295481621795]","[0.033333, 0.566667, 0.333333, 0.066667]"
d1-3b,typed_invoice_processing,invoice_processing_000003,duplicate,noul,0,0,"[""false"", ""true""]","[0.8031737963569014, 0.1968262036430985]","[0.96, 0.04]"
d1-3b,typed_invoice_processing,invoice_processing_000003,matches_order,noul,0,1,"[""false"", ""true""]","[0.4960938294709195, 0.5039061705290805]","[0.916667, 0.083333]"
d1-3b,typed_invoice_processing,invoice_processing_000003,urgency,score,2,3,"[""0"", ""1"", ""2"", ""3""]","[0.0470047001416432, 0.026782470822335477, 0.36684341677578947, 0.559369412260232]","[0.0, 0.083333, 0.6, 0.316667]"
d1-3b,typed_invoice_processing,invoice_processing_000004,discrepancy_severity,score,3,3,"[""0"", ""1"", ""2"", ""3""]","[0.07481944978254966, 0.01568300865480214, 0.3981993960827229, 0.5112981454799252]","[0.0, 0.016667, 0.166667, 0.816667]"
d1-3b,typed_invoice_processing,invoice_processing_000004,disposition,choice,2,2,"[""approve"", ""hold"", ""manual_review"", ""reject""]","[0.08735671657270089, 0.03066509160240598, 0.855126940443, 0.026851251381893204]","[0.02, 0.476667, 0.483333, 0.02]"
d1-3b,typed_invoice_processing,invoice_processing_000004,duplicate,noul,0,0,"[""false"", ""true""]","[0.9324533088603709, 0.0675466911396291]","[0.983333, 0.016667]"
d1-3b,typed_invoice_processing,invoice_processing_000004,matches_order,noul,0,0,"[""false"", ""true""]","[0.7577943712746406, 0.24220562872535945]","[0.943333, 0.056667]"
d1-3b,typed_invoice_processing,invoice_processing_000004,urgency,score,2,1,"[""0"", ""1"", ""2"", ""3""]","[0.04619700717160856, 0.4557650867575138, 0.43489408390004514, 0.06314382217083256]","[0.0, 0.216667, 0.583333, 0.2]"
d1-3b,typed_invoice_processing,invoice_processing_000005,discrepancy_severity,score,2,0,"[""0"", ""1"", ""2"", ""3""]","[0.4481182923194668, 0.06306208661426115, 0.2804252617448382, 0.20839435932143385]","[0.133333, 0.1, 0.566667, 0.2]"
d1-3b,typed_invoice_processing,invoice_processing_000005,disposition,choice,2,0,"[""approve"", ""hold"", ""manual_review"", ""reject""]","[0.6061175392079462, 0.0680045031889741, 0.2753413020077158, 0.05053665559536389]","[0.216667, 0.166667, 0.6, 0.016667]"
d1-3b,typed_invoice_processing,invoice_processing_000005,duplicate,noul,0,0,"[""false"", ""true""]","[0.8872045937171068, 0.11279540628289324]","[0.95, 0.05]"
d1-3b,typed_invoice_processing,invoice_processing_000005,matches_order,noul,0,0,"[""false"", ""true""]","[0.658417500561683, 0.341582499438317]","[0.733333, 0.266667]"
d1-3b,typed_invoice_processing,invoice_processing_000005,urgency,score,2,2,"[""0"", ""1"", ""2"", ""3""]","[0.0072887291281881214, 0.035045306646230526, 0.8828931629170778, 0.07477280130850364]","[0.0, 0.233333, 0.666667, 0.1]"
d1-3b,typed_invoice_processing,invoice_processing_000006,discrepancy_severity,score,2,2,"[""0"", ""1"", ""2"", ""3""]","[0.1517680518470701, 0.09798881903389273, 0.453095708709161, 0.29714742040987613]","[0.3, 0.1, 0.45, 0.15]"
d1-3b,typed_invoice_processing,invoice_processing_000006,disposition,choice,2,2,"[""approve"", ""hold"", ""manual_review"", ""reject""]","[0.09158322794590426, 0.23570019891808863, 0.6357136040908765, 0.0370029690451306]","[0.383333, 0.166667, 0.433333, 0.016667]"
d1-3b,typed_invoice_processing,invoice_processing_000006,duplicate,noul,0,0,"[""false"", ""true""]","[0.8397339676722393, 0.16026603232776068]","[0.973333, 0.026667]"
d1-3b,typed_invoice_processing,invoice_processing_000006,matches_order,noul,0,0,"[""false"", ""true""]","[0.8333245953120233, 0.16667540468797667]","[0.616667, 0.383333]"
d1-3b,typed_invoice_processing,invoice_processing_000006,urgency,score,1,2,"[""0"", ""1"", ""2"", ""3""]","[0.0057881204050211485, 0.039554624332349325, 0.9216081295960427, 0.033049125666586916]","[0.033333, 0.483333, 0.4, 0.083333]"
d1-3b,typed_invoice_processing,invoice_processing_000007,discrepancy_severity,score,3,0,"[""0"", ""1"", ""2"", ""3""]","[0.8471010712362002, 0.0638082515118325, 0.04454533862598367, 0.04454533862598367]","[0.0, 0.013333, 0.07, 0.916667]"
d1-3b,typed_invoice_processing,invoice_processing_000007,disposition,choice,2,0,"[""approve"", ""hold"", ""manual_review"", ""reject""]","[0.6915478305600141, 0.07288860508846502, 0.18467911729784808, 0.05088444705367269]","[0.013333, 0.176667, 0.756667, 0.053333]"
d1-3b,typed_invoice_processing,invoice_processing_000007,duplicate,noul,0,0,"[""false"", ""true""]","[0.9149009549929797, 0.08509904500702024]","[0.99, 0.01]"
d1-3b,typed_invoice_processing,invoice_processing_000007,matches_order,noul,0,1,"[""false"", ""true""]","[0.19193278644723677, 0.8080672135527632]","[0.983333, 0.016667]"
d1-3b,typed_invoice_processing,invoice_processing_000007,urgency,score,2,3,"[""0"", ""1"", ""2"", ""3""]","[0.029215206648752, 0.023659195356238172, 0.4001649549040513, 0.5469606430909585]","[0.016667, 0.126667, 0.59, 0.266667]"
d1-3b,typed_invoice_processing,invoice_processing_000008,discrepancy_severity,score,3,0,"[""0"", ""1"", ""2"", ""3""]","[0.6774831360353607, 0.029766531578963543, 0.12929991921409956, 0.16345041317157613]","[0.006667, 0.026667, 0.133333, 0.833333]"
d1-3b,typed_invoice_processing,invoice_processing_000008,disposition,choice,2,1,"[""approve"", ""hold"", ""manual_review"", ""reject""]","[0.02737848490395793, 0.5085850623698741, 0.4216318257762207, 0.04240462694994726]","[0.016667, 0.343333, 0.566667, 0.073333]"
d1-3b,typed_invoice_processing,invoice_processing_000008,duplicate,noul,0,0,"[""false"", ""true""]","[0.8652240825770432, 0.1347759174229568]","[0.963333, 0.036667]"
d1-3b,typed_invoice_processing,invoice_processing_000008,matches_order,noul,0,0,"[""false"", ""true""]","[0.8757869916479466, 0.1242130083520534]","[0.916667, 0.083333]"
d1-3b,typed_invoice_processing,invoice_processing_000008,urgency,score,2,2,"[""0"", ""1"", ""2"", ""3""]","[0.005153012627953355, 0.01467956689881047, 0.9370217739843574, 0.04314564648887872]","[0.033333, 0.366667, 0.5, 0.1]"
d1-3b,typed_invoice_processing,invoice_processing_000009,discrepancy_severity,score,2,0,"[""0"", ""1"", ""2"", ""3""]","[0.8670301796646895, 0.017577791971473647, 0.04853383994545388, 0.06685818841838287]","[0.283333, 0.166667, 0.483333, 0.066667]"
d1-3b,typed_invoice_processing,invoice_processing_000009,disposition,choice,1,1,"[""approve"", ""hold"", ""manual_review"", ""reject""]","[0.19025294471847443, 0.6189608198335552, 0.15772523099118133, 0.03306100445678884]","[0.256667, 0.376667, 0.366667, 0.0]"
d1-3b,typed_invoice_processing,invoice_processing_000009,duplicate,noul,0,0,"[""false"", ""true""]","[0.9099070060380482, 0.09009299396195182]","[0.976667, 0.023333]"
d1-3b,typed_invoice_processing,invoice_processing_000009,matches_order,noul,1,1,"[""false"", ""true""]","[0.1242130083520534, 0.8757869916479466]","[0.366667, 0.633333]"
d1-3b,typed_invoice_processing,invoice_processing_000009,urgency,score,1,2,"[""0"", ""1"", ""2"", ""3""]","[0.01638067036670634, 0.12585928579901517, 0.7954551794022721, 0.06230486443200623]","[0.066667, 0.75, 0.166667, 0.016667]"
d1-3b,typed_invoice_processing,invoice_processing_000010,discrepancy_severity,score,0,0,"[""0"", ""1"", ""2"", ""3""]","[0.9705374962073602, 0.013843973863356264, 0.009079099719213224, 0.0065394302100703055]","[0.97, 0.021667, 0.006333, 0.002]"
d1-3b,typed_invoice_processing,invoice_processing_000010,disposition,choice,0,0,"[""approve"", ""hold"", ""manual_review"", ""reject""]","[0.8467070253328576, 0.06580311896714462, 0.06328224106702668, 0.0242076146329711]","[0.9, 0.043333, 0.046667, 0.01]"
d1-3b,typed_invoice_processing,invoice_processing_000010,duplicate,noul,0,0,"[""false"", ""true""]","[0.9124361604769413, 0.08756383952305867]","[0.986667, 0.013333]"
d1-3b,typed_invoice_processing,invoice_processing_000010,matches_order,noul,1,1,"[""false"", ""true""]","[0.05921025074128594, 0.9407897492587141]","[0.023333, 0.976667]"
d1-3b,typed_invoice_processing,invoice_processing_000010,urgency,score,2,2,"[""0"", ""1"", ""2"", ""3""]","[0.022178911383510663, 0.17858762903496594, 0.7287490249747602, 0.07048443460676321]","[0.02, 0.2, 0.666667, 0.113333]"
d1-3b,typed_invoice_processing,invoice_processing_000011,discrepancy_severity,score,0,0,"[""0"", ""1"", ""2"", ""3""]","[0.9736761816174598, 0.017284822182963608, 0.005271572926038577, 0.0037674232735380297]","[0.993333, 0.005, 0.001333, 0.000333]"
d1-3b,typed_invoice_processing,invoice_processing_000011,disposition,choice,0,0,"[""approve"", ""hold"", ""manual_review"", ""reject""]","[0.9440926861867105, 0.02636663396516595, 0.017840556950188716, 0.01170012289793483]","[0.983333, 0.008, 0.008, 0.000667]"
d1-3b,typed_invoice_processing,invoice_processing_000011,duplicate,noul,0,0,"[""false"", ""true""]","[0.8902942261220292, 0.10970577387797074]","[0.996667, 0.003333]"
d1-3b,typed_invoice_processing,invoice_processing_000011,matches_order,noul,1,1,"[""false"", ""true""]","[0.030675801710674078, 0.9693241982893259]","[0.003333, 0.996667]"
d1-3b,typed_invoice_processing,invoice_processing_000011,urgency,score,1,0,"[""0"", ""1"", ""2"", ""3""]","[0.537625026903677, 0.21385246067334293, 0.12280513627053245, 0.12571737615244757]","[0.033333, 0.8, 0.15, 0.016667]"
d1-3b,typed_invoice_processing,invoice_processing_000012,discrepancy_severity,score,0,0,"[""0"", ""1"", ""2"", ""3""]","[0.9742590674102811, 0.010655244915365058, 0.008043000831009556, 0.0070426868433443365]","[0.606667, 0.056667, 0.016667, 0.32]"
d1-3b,typed_invoice_processing,invoice_processing_000012,disposition,choice,3,0,"[""approve"", ""hold"", ""manual_review"", ""reject""]","[0.5910401221790422, 0.10270737276848506, 0.2561969292735968, 0.05005557577887592]","[0.256667, 0.15, 0.093333, 0.5]"
d1-3b,typed_invoice_processing,invoice_processing_000012,duplicate,noul,1,0,"[""false"", ""true""]","[0.5506073655352404, 0.44939263446475963]","[0.27, 0.73]"
d1-3b,typed_invoice_processing,invoice_processing_000012,matches_order,noul,1,1,"[""false"", ""true""]","[0.05419872982318552, 0.9458012701768145]","[0.023333, 0.976667]"
d1-3b,typed_invoice_processing,invoice_processing_000012,urgency,score,2,3,"[""0"", ""1"", ""2"", ""3""]","[0.05230986788854272, 0.05070046244864251, 0.4379851614482484, 0.45900450821456645]","[0.016667, 0.116667, 0.533333, 0.333333]"
d1-3b,typed_invoice_processing,invoice_processing_000013,discrepancy_severity,score,3,3,"[""0"", ""1"", ""2"", ""3""]","[0.13942768142729944, 0.10280752534958776, 0.2860870268251424, 0.47167776639797043]","[0.0, 0.0, 0.133333, 0.866667]"
d1-3b,typed_invoice_processing,invoice_processing_000013,disposition,choice,2,0,"[""approve"", ""hold"", ""manual_review"", ""reject""]","[0.4414775405948981, 0.081665133486878, 0.4147297685736138, 0.06212755734461016]","[0.016667, 0.1, 0.85, 0.033333]"
d1-3b,typed_invoice_processing,invoice_processing_000013,duplicate,noul,0,0,"[""false"", ""true""]","[0.8688267762381843, 0.13117322376181567]","[0.96, 0.04]"
d1-3b,typed_invoice_processing,invoice_processing_000013,matches_order,noul,0,1,"[""false"", ""true""]","[0.49218813572079556, 0.5078118642792044]","[0.983333, 0.016667]"
d1-3b,typed_invoice_processing,invoice_processing_000013,urgency,score,1,2,"[""0"", ""1"", ""2"", ""3""]","[0.03962861454422881, 0.3504573258387673, 0.5513467639237335, 0.05856729569327039]","[0.083333, 0.666667, 0.183333, 0.066667]"
d1-3b,typed_invoice_processing,invoice_processing_000014,discrepancy_severity,score,1,0,"[""0"", ""1"", ""2"", ""3""]","[0.9763322559498898, 0.009277136706770522, 0.007812132349251701, 0.006578474994087904]","[0.216667, 0.4, 0.333333, 0.05]"
d1-3b,typed_invoice_processing,invoice_processing_000014,disposition,choice,0,0,"[""approve"", ""hold"", ""manual_review"", ""reject""]","[0.8958840774282485, 0.04674400567857821, 0.037267570568768234, 0.020104346324405126]","[0.483333, 0.4, 0.116667, 0.0]"
d1-3b,typed_invoice_processing,invoice_processing_000014,duplicate,noul,0,0,"[""false"", ""true""]","[0.8824278664544911, 0.11757213354550883]","[0.95, 0.05]"
d1-3b,typed_invoice_processing,invoice_processing_000014,matches_order,noul,1,1,"[""false"", ""true""]","[0.044018649862946346, 0.9559813501370537]","[0.4, 0.6]"
d1-3b,typed_invoice_processing,invoice_processing_000014,urgency,score,2,2,"[""0"", ""1"", ""2"", ""3""]","[0.005248167948374294, 0.015791022044300714, 0.8487940297212496, 0.13016678028607545]","[0.0, 0.133333, 0.6, 0.266667]"
d1-3b,typed_invoice_processing,invoice_processing_000015,discrepancy_severity,score,0,0,"[""0"", ""1"", ""2"", ""3""]","[0.9761864090560531, 0.0100294780432316, 0.007933970160039614, 0.005850142740675597]","[0.986667, 0.006667, 0.003333, 0.003333]"
d1-3b,typed_invoice_processing,invoice_processing_000015,disposition,choice,0,0,"[""approve"", ""hold"", ""manual_review"", ""reject""]","[0.8201723915102364, 0.08120806392933905, 0.07055478863176527, 0.02806475592865934]","[0.946667, 0.026667, 0.023333, 0.003333]"
d1-3b,typed_invoice_processing,invoice_processing_000015,duplicate,noul,0,0,"[""false"", ""true""]","[0.8615382094310357, 0.13846179056896438]","[0.98, 0.02]"
d1-3b,typed_invoice_processing,invoice_processing_000015,matches_order,noul,1,1,"[""false"", ""true""]","[0.04023794262361591, 0.9597620573763841]","[0.006667, 0.993333]"
d1-3b,typed_invoice_processing,invoice_processing_000015,urgency,score,2,2,"[""0"", ""1"", ""2"", ""3""]","[0.03153128542476854, 0.3443316325316081, 0.5417096956341543, 0.0824273864094691]","[0.0, 0.25, 0.666667, 0.083333]"
d1-3b,typed_invoice_processing,invoice_processing_000016,discrepancy_severity,score,3,3,"[""0"", ""1"", ""2"", ""3""]","[0.17840135665631918, 0.041717087818695896, 0.26366011346952, 0.5162214420554649]","[0.0, 0.006667, 0.093333, 0.9]"
d1-3b,typed_invoice_processing,invoice_processing_000016,disposition,choice,2,0,"[""approve"", ""hold"", ""manual_review"", ""reject""]","[0.7301262321451476, 0.04631217752180555, 0.17615115117094465, 0.04741043916210226]","[0.016667, 0.2, 0.733333, 0.05]"
d1-3b,typed_invoice_processing,invoice_processing_000016,duplicate,noul,0,0,"[""false"", ""true""]","[0.8757869916479466, 0.1242130083520534]","[0.973333, 0.026667]"
d1-3b,typed_invoice_processing,invoice_processing_000016,matches_order,noul,0,1,"[""false"", ""true""]","[0.43398146480389854, 0.5660185351961015]","[0.98, 0.02]"
d1-3b,typed_invoice_processing,invoice_processing_000016,urgency,score,2,0,"[""0"", ""1"", ""2"", ""3""]","[0.6088158651921496, 0.13906665714425412, 0.0856764820381688, 0.16644099562542744]","[0.033333, 0.266667, 0.366667, 0.333333]"
d1-3b,typed_invoice_processing,invoice_processing_000017,discrepancy_severity,score,2,3,"[""0"", ""1"", ""2"", ""3""]","[0.18841107643572455, 0.20372094740600494, 0.2272671397227395, 0.3806008364355311]","[0.02, 0.063333, 0.683333, 0.233333]"
d1-3b,typed_invoice_processing,invoice_processing_000017,disposition,choice,2,0,"[""approve"", ""hold"", ""manual_review"", ""reject""]","[0.5996661907765054, 0.06271249133818675, 0.2724106448959952, 0.06521067298931266]","[0.05, 0.35, 0.566667, 0.033333]"
d1-3b,typed_invoice_processing,invoice_processing_000017,duplicate,noul,0,0,"[""false"", ""true""]","[0.8333245953120233, 0.16667540468797667]","[0.973333, 0.026667]"
d1-3b,typed_invoice_processing,invoice_processing_000017,matches_order,noul,0,1,"[""false"", ""true""]","[0.42632159254749036, 0.5736784074525096]","[0.91, 0.09]"
d1-3b,typed_invoice_processing,invoice_processing_000017,urgency,score,1,1,"[""0"", ""1"", ""2"", ""3""]","[0.025392834970663875, 0.5100287243876803, 0.43625068619756757, 0.028327754444088284]","[0.083333, 0.75, 0.146667, 0.02]"
d1-3b,typed_invoice_processing,invoice_processing_000018,discrepancy_severity,score,3,0,"[""0"", ""1"", ""2"", ""3""]","[0.7003735431004059, 0.03920488379771435, 0.10656992321417535, 0.15385164988770442]","[0.006667, 0.036667, 0.09, 0.866667]"
d1-3b,typed_invoice_processing,invoice_processing_000018,disposition,choice,2,2,"[""approve"", ""hold"", ""manual_review"", ""reject""]","[0.03768351737856423, 0.20212984623583571, 0.6945646830783722, 0.0656219533072279]","[0.04, 0.433333, 0.483333, 0.043333]"
d1-3b,typed_invoice_processing,invoice_processing_000018,duplicate,noul,0,0,"[""false"", ""true""]","[0.7520125737597972, 0.24798742624020276]","[0.973333, 0.026667]"
d1-3b,typed_invoice_processing,invoice_processing_000018,matches_order,noul,0,0,"[""false"", ""true""]","[0.8311430478583168, 0.16885695214168314]","[0.943333, 0.056667]"
d1-3b,typed_invoice_processing,invoice_processing_000018,urgency,score,3,3,"[""0"", ""1"", ""2"", ""3""]","[0.034903180265613766, 0.016105171798794216, 0.3723243750061107, 0.5766672729294814]","[0.023333, 0.093333, 0.416667, 0.466667]"
d1-3b,typed_invoice_processing,invoice_processing_000019,discrepancy_severity,score,3,3,"[""0"", ""1"", ""2"", ""3""]","[0.039415892214368364, 0.0649858198974527, 0.43380997416559897, 0.46178831372257984]","[0.006667, 0.043333, 0.283333, 0.666667]"
d1-3b,typed_invoice_processing,invoice_processing_000019,disposition,choice,2,2,"[""approve"", ""hold"", ""manual_review"", ""reject""]","[0.07418304333062892, 0.20805149007750026, 0.6929172595796009, 0.024848207012269818]","[0.03, 0.216667, 0.733333, 0.02]"
d1-3b,typed_invoice_processing,invoice_processing_000019,duplicate,noul,0,0,"[""false"", ""true""]","[0.888758793492457, 0.11124120650754304]","[0.963333, 0.036667]"
d1-3b,typed_invoice_processing,invoice_processing_000019,matches_order,noul,0,0,"[""false"", ""true""]","[0.7853085808877581, 0.2146914191122419]","[0.95, 0.05]"
d1-3b,typed_invoice_processing,invoice_processing_000019,urgency,score,2,2,"[""0"", ""1"", ""2"", ""3""]","[0.0072855604920995, 0.030434653425626724, 0.8290408038730022, 0.13323898220927163]","[0.02, 0.133333, 0.633333, 0.213333]"
d1-3b,typed_invoice_processing,invoice_processing_000020,discrepancy_severity,score,0,0,"[""0"", ""1"", ""2"", ""3""]","[0.9740335973070017, 0.009111804741570561, 0.008493135909511281, 0.008361462041916545]","[0.986667, 0.013333, 0.0, 0.0]"
d1-3b,typed_invoice_processing,invoice_processing_000020,disposition,choice,0,0,"[""approve"", ""hold"", ""manual_review"", ""reject""]","[0.9133952908822085, 0.03514056795085459, 0.03379435393341367, 0.017669787233523287]","[0.97, 0.015, 0.015, 0.0]"
d1-3b,typed_invoice_processing,invoice_processing_000020,duplicate,noul,0,0,"[""false"", ""true""]","[0.8947894632969137, 0.10521053670308635]","[0.993333, 0.006667]"
d1-3b,typed_invoice_processing,invoice_processing_000020,matches_order,noul,1,1,"[""false"", ""true""]","[0.03963883910096999, 0.96036116089903]","[0.006667, 0.993333]"
d1-3b,typed_invoice_processing,invoice_processing_000020,urgency,score,2,2,"[""0"", ""1"", ""2"", ""3""]","[0.004864136370469508, 0.01821420312032997, 0.9415375033898534, 0.035384157119347136]","[0.0, 0.406667, 0.576667, 0.016667]"
d1-3b,typed_invoice_processing,invoice_processing_000021,discrepancy_severity,score,0,0,"[""0"", ""1"", ""2"", ""3""]","[0.9708325369816989, 0.012707806490681366, 0.00887147868666959, 0.007588177840950223]","[0.859667, 0.063667, 0.06, 0.016667]"
d1-3b,typed_invoice_processing,invoice_processing_000021,disposition,choice,0,0,"[""approve"", ""hold"", ""manual_review"", ""reject""]","[0.9018853242258563, 0.04251257340394739, 0.035520584623224216, 0.020081517746971974]","[0.766333, 0.100333, 0.1, 0.033333]"
d1-3b,typed_invoice_processing,invoice_processing_000021,duplicate,noul,0,0,"[""false"", ""true""]","[0.5926665999540698, 0.4073334000459302]","[0.773333, 0.226667]"
d1-3b,typed_invoice_processing,invoice_processing_000021,matches_order,noul,1,1,"[""false"", ""true""]","[0.045352580554306354, 0.9546474194456936]","[0.033667, 0.966333]"
d1-3b,typed_invoice_processing,invoice_processing_000021,urgency,score,1,2,"[""0"", ""1"", ""2"", ""3""]","[0.031145080721526594, 0.46126319892461476, 0.468527037363042, 0.03906468299081656]","[0.399667, 0.433667, 0.133333, 0.033333]"
d1-3b,typed_invoice_processing,invoice_processing_000022,discrepancy_severity,score,0,0,"[""0"", ""1"", ""2"", ""3""]","[0.9239777561426512, 0.012284956903559508, 0.032366550512102354, 0.03137073644168694]","[0.616667, 0.316667, 0.06, 0.006667]"
d1-3b,typed_invoice_processing,invoice_processing_000022,disposition,choice,0,1,"[""approve"", ""hold"", ""manual_review"", ""reject""]","[0.2018193748945085, 0.5616116594864642, 0.21150488892206637, 0.025064076696961077]","[0.776667, 0.123333, 0.096667, 0.003333]"
d1-3b,typed_invoice_processing,invoice_processing_000022,duplicate,noul,0,0,"[""false"", ""true""]","[0.9086178969328287, 0.09138210306717136]","[0.97, 0.03]"
d1-3b,typed_invoice_processing,invoice_processing_000022,matches_order,noul,1,1,"[""false"", ""true""]","[0.15002882434242504, 0.849971175657575]","[0.103333, 0.896667]"
d1-3b,typed_invoice_processing,invoice_processing_000022,urgency,score,2,2,"[""0"", ""1"", ""2"", ""3""]","[0.012812441553568294, 0.09844314714685075, 0.8114754997735405, 0.07726891152604033]","[0.006667, 0.26, 0.583333, 0.15]"
d1-3b,typed_invoice_processing,invoice_processing_000023,discrepancy_severity,score,0,0,"[""0"", ""1"", ""2"", ""3""]","[0.9817612230587313, 0.00761388173356632, 0.005747259457356575, 0.004877635750345732]","[0.903333, 0.053333, 0.04, 0.003333]"
d1-3b,typed_invoice_processing,invoice_processing_000023,disposition,choice,0,0,"[""approve"", ""hold"", ""manual_review"", ""reject""]","[0.9396088244701007, 0.02665465066709851, 0.01890097757874868, 0.01483554728405211]","[0.593333, 0.196667, 0.183333, 0.026667]"
d1-3b,typed_invoice_processing,invoice_processing_000023,duplicate,noul,1,0,"[""false"", ""true""]","[0.5428632831725051, 0.45713671682749485]","[0.416667, 0.583333]"
d1-3b,typed_invoice_processing,invoice_processing_000023,matches_order,noul,1,1,"[""false"", ""true""]","[0.036220055864974676, 0.9637799441350253]","[0.036667, 0.963333]"
d1-3b,typed_invoice_processing,invoice_processing_000023,urgency,score,1,1,"[""0"", ""1"", ""2"", ""3""]","[0.02880970056011971, 0.6256788094196215, 0.32459789022136193, 0.020913599798896905]","[0.116667, 0.8, 0.073333, 0.01]"
d1-3b,typed_invoice_processing,invoice_processing_000024,discrepancy_severity,score,0,0,"[""0"", ""1"", ""2"", ""3""]","[0.9750933445952005, 0.011621370695137025, 0.00762148097479228, 0.00566380373487008]","[0.963333, 0.023333, 0.01, 0.003333]"
d1-3b,typed_invoice_processing,invoice_processing_000024,disposition,choice,0,0,"[""approve"", ""hold"", ""manual_review"", ""reject""]","[0.7796123151366448, 0.10306493889227508, 0.09166785423874024, 0.02565489173233987]","[0.956667, 0.023333, 0.013333, 0.006667]"
d1-3b,typed_invoice_processing,invoice_processing_000024,duplicate,noul,0,0,"[""false"", ""true""]","[0.8902942261220292, 0.10970577387797074]","[0.983333, 0.016667]"
d1-3b,typed_invoice_processing,invoice_processing_000024,matches_order,noul,1,1,"[""false"", ""true""]","[0.04208772791561888, 0.9579122720843811]","[0.017, 0.983]"
d1-3b,typed_invoice_processing,invoice_processing_000024,urgency,score,2,2,"[""0"", ""1"", ""2"", ""3""]","[0.008323689725973587, 0.08084575930094864, 0.8556985331448348, 0.05513201782824301]","[0.016667, 0.433333, 0.466667, 0.083333]"
d1-3b,typed_invoice_processing,invoice_processing_000025,discrepancy_severity,score,3,2,"[""0"", ""1"", ""2"", ""3""]","[0.05183085452592658, 0.09239848839540238, 0.4512620077009726, 0.4045086493776984]","[0.003333, 0.046667, 0.216667, 0.733333]"
d1-3b,typed_invoice_processing,invoice_processing_000025,disposition,choice,2,2,"[""approve"", ""hold"", ""manual_review"", ""reject""]","[0.05227944129524898, 0.17548274200573938, 0.75044450321301, 0.021793313486001505]","[0.026667, 0.263333, 0.676667, 0.033333]"
d1-3b,typed_invoice_processing,invoice_processing_000025,duplicate,noul,0,0,"[""false"", ""true""]","[0.8740772351648677, 0.12592276483513232]","[0.99, 0.01]"
d1-3b,typed_invoice_processing,invoice_processing_000025,matches_order,noul,0,0,"[""false"", ""true""]","[0.7745833841649233, 0.2254166158350767]","[0.976667, 0.023333]"
d1-3b,typed_invoice_processing,invoice_processing_000025,urgency,score,2,2,"[""0"", ""1"", ""2"", ""3""]","[0.024974005814137192, 0.24446826781402398, 0.6542310107283971, 0.07632671564344182]","[0.033333, 0.216667, 0.6, 0.15]"
d1-3b,typed_invoice_processing,invoice_processing_000026,discrepancy_severity,score,0,0,"[""0"", ""1"", ""2"", ""3""]","[0.9841395393628218, 0.006735504372266866, 0.004776187792208563, 0.004348768472702727]","[0.65, 0.023333, 0.023333, 0.303333]"
d1-3b,typed_invoice_processing,invoice_processing_000026,disposition,choice,0,0,"[""approve"", ""hold"", ""manual_review"", ""reject""]","[0.9343550455729058, 0.02843637115976282, 0.021132116673059864, 0.01607646659427153]","[0.416667, 0.143333, 0.14, 0.3]"
d1-3b,typed_invoice_processing,invoice_processing_000026,duplicate,noul,1,0,"[""false"", ""true""]","[0.5813030906443133, 0.41869690935568665]","[0.456667, 0.543333]"
d1-3b,typed_invoice_processing,invoice_processing_000026,matches_order,noul,1,1,"[""false"", ""true""]","[0.033085978388704196, 0.9669140216112958]","[0.033333, 0.966667]"
d1-3b,typed_invoice_processing,invoice_processing_000026,urgency,score,1,2,"[""0"", ""1"", ""2"", ""3""]","[0.004735322677933148, 0.017456941647844625, 0.9456995060547875, 0.03210822961943467]","[0.033333, 0.5, 0.45, 0.016667]"
d1-3b,typed_invoice_processing,invoice_processing_000027,discrepancy_severity,score,0,0,"[""0"", ""1"", ""2"", ""3""]","[0.9234144166393172, 0.016912924999816864, 0.03285620521456074, 0.026816453146305035]","[0.533333, 0.333333, 0.116667, 0.016667]"
d1-3b,typed_invoice_processing,invoice_processing_000027,disposition,choice,0,1,"[""approve"", ""hold"", ""manual_review"", ""reject""]","[0.18202546829919453, 0.620613877380763, 0.17233824958338304, 0.025022404736659527]","[0.566667, 0.233333, 0.15, 0.05]"
d1-3b,typed_invoice_processing,invoice_processing_000027,duplicate,noul,0,0,"[""false"", ""true""]","[0.7057850278370112, 0.29421497216298875]","[0.55, 0.45]"
d1-3b,typed_invoice_processing,invoice_processing_000027,matches_order,noul,1,1,"[""false"", ""true""]","[0.11436852618181237, 0.8856314738181876]","[0.15, 0.85]"
d1-3b,typed_invoice_processing,invoice_processing_000027,urgency,score,1,2,"[""0"", ""1"", ""2"", ""3""]","[0.005768259703632941, 0.046446816361583, 0.8971700530625935, 0.050614870872190604]","[0.083333, 0.666667, 0.2, 0.05]"
d1-3b,typed_invoice_processing,invoice_processing_000028,discrepancy_severity,score,3,0,"[""0"", ""1"", ""2"", ""3""]","[0.8911580461936516, 0.019082502055928607, 0.05268847771348322, 0.037070974036936634]","[0.006667, 0.043333, 0.2, 0.75]"
d1-3b,typed_invoice_processing,invoice_processing_000028,disposition,choice,1,1,"[""approve"", ""hold"", ""manual_review"", ""reject""]","[0.051771493640406833, 0.8487075661842246, 0.07956125132777606, 0.019959688847592624]","[0.033333, 0.64, 0.293333, 0.033333]"
d1-3b,typed_invoice_processing,invoice_processing_000028,duplicate,noul,0,0,"[""false"", ""true""]","[0.8577681049901037, 0.1422318950098963]","[0.973333, 0.026667]"
d1-3b,typed_invoice_processing,invoice_processing_000028,matches_order,noul,0,0,"[""false"", ""true""]","[0.8479677583778258, 0.15203224162217424]","[0.943333, 0.056667]"
d1-3b,typed_invoice_processing,invoice_processing_000028,urgency,score,2,2,"[""0"", ""1"", ""2"", ""3""]","[0.018418465987673438, 0.09802560770464681, 0.8207583645223859, 0.06279756178529386]","[0.033333, 0.233333, 0.666667, 0.066667]"
d1-3b,typed_invoice_processing,invoice_processing_000029,discrepancy_severity,score,3,3,"[""0"", ""1"", ""2"", ""3""]","[0.18543901898618373, 0.14442005319843298, 0.24566678602652894, 0.42447414178885434]","[0.016667, 0.05, 0.233333, 0.7]"
d1-3b,typed_invoice_processing,invoice_processing_000029,disposition,choice,2,0,"[""approve"", ""hold"", ""manual_review"", ""reject""]","[0.7058586460228425, 0.06827048252852015, 0.17708015786423872, 0.04879071358439859]","[0.013333, 0.226667, 0.736667, 0.023333]"
d1-3b,typed_invoice_processing,invoice_processing_000029,duplicate,noul,0,0,"[""false"", ""true""]","[0.8688267762381843, 0.13117322376181567]","[0.97, 0.03]"
d1-3b,typed_invoice_processing,invoice_processing_000029,matches_order,noul,0,1,"[""false"", ""true""]","[0.4035668537353746, 0.5964331462646254]","[0.966667, 0.033333]"
d1-3b,typed_invoice_processing,invoice_processing_000029,urgency,score,2,2,"[""0"", ""1"", ""2"", ""3""]","[0.01617137548590325, 0.2529628737869692, 0.6984528914918966, 0.03241285923523094]","[0.033333, 0.4, 0.5, 0.066667]"
d1-3b,typed_invoice_processing,invoice_processing_000030,discrepancy_severity,score,0,0,"[""0"", ""1"", ""2"", ""3""]","[0.9768022943498387, 0.010435586788105196, 0.007755069601501164, 0.005007049260554967]","[0.923333, 0.05, 0.023333, 0.003333]"
d1-3b,typed_invoice_processing,invoice_processing_000030,disposition,choice,3,0,"[""approve"", ""hold"", ""manual_review"", ""reject""]","[0.921807756517159, 0.0349143945263131, 0.0239962890334132, 0.019281559923114755]","[0.216667, 0.15, 0.05, 0.583333]"
d1-3b,typed_invoice_processing,invoice_processing_000030,duplicate,noul,1,0,"[""false"", ""true""]","[0.7931059511841119, 0.2068940488158881]","[0.25, 0.75]"
d1-3b,typed_invoice_processing,invoice_processing_000030,matches_order,noul,1,1,"[""false"", ""true""]","[0.04272219754649054, 0.9572778024535095]","[0.05, 0.95]"
d1-3b,typed_invoice_processing,invoice_processing_000030,urgency,score,1,2,"[""0"", ""1"", ""2"", ""3""]","[0.007013982738738087, 0.08346840614552596, 0.8834575037731853, 0.026060107342550595]","[0.1, 0.65, 0.226667, 0.023333]"
d1-3b,typed_invoice_processing,invoice_processing_000031,discrepancy_severity,score,0,0,"[""0"", ""1"", ""2"", ""3""]","[0.9741063609741031, 0.009852946010822044, 0.008832123722389796, 0.007208569292684875]","[0.996667, 0.003333, 0.0, 0.0]"
d1-3b,typed_invoice_processing,invoice_processing_000031,disposition,choice,0,0,"[""approve"", ""hold"", ""manual_review"", ""reject""]","[0.6896484190587016, 0.08767895722244765, 0.1600112987834064, 0.06266132493544438]","[0.96, 0.023333, 0.016667, 0.0]"
d1-3b,typed_invoice_processing,invoice_processing_000031,duplicate,noul,0,0,"[""false"", ""true""]","[0.8311430478583168, 0.16885695214168314]","[0.98, 0.02]"
d1-3b,typed_invoice_processing,invoice_processing_000031,matches_order,noul,1,1,"[""false"", ""true""]","[0.041462272711409565, 0.9585377272885904]","[0.003333, 0.996667]"
d1-3b,typed_invoice_processing,invoice_processing_000031,urgency,score,3,2,"[""0"", ""1"", ""2"", ""3""]","[0.0644366072008056, 0.0403233984194362, 0.4650962653445562, 0.4301437290352019]","[0.0, 0.05, 0.316667, 0.633333]"
d1-3b,typed_invoice_processing,invoice_processing_000032,discrepancy_severity,score,2,0,"[""0"", ""1"", ""2"", ""3""]","[0.9275207347950716, 0.013757410849682081, 0.030048947932599178, 0.028672906422647196]","[0.333333, 0.216667, 0.38, 0.07]"
d1-3b,typed_invoice_processing,invoice_processing_000032,disposition,choice,0,1,"[""approve"", ""hold"", ""manual_review"", ""reject""]","[0.1833820399199295, 0.6107554457317312, 0.1777399676964633, 0.02812254665187613]","[0.35, 0.283333, 0.346667, 0.02]"
d1-3b,typed_invoice_processing,invoice_processing_000032,duplicate,noul,0,0,"[""false"", ""true""]","[0.888758793492457, 0.11124120650754304]","[0.986667, 0.013333]"
d1-3b,typed_invoice_processing,invoice_processing_000032,matches_order,noul,1,1,"[""false"", ""true""]","[0.08632347658627026, 0.9136765234137297]","[0.15, 0.85]"
d1-3b,typed_invoice_processing,invoice_processing_000032,urgency,score,1,2,"[""0"", ""1"", ""2"", ""3""]","[0.00490729647365243, 0.033015368784593935, 0.9206667849690047, 0.04141054977274901]","[0.083333, 0.766667, 0.133333, 0.016667]"
d1-3b,typed_invoice_processing,invoice_processing_000033,discrepancy_severity,score,3,2,"[""0"", ""1"", ""2"", ""3""]","[0.3195947327264755, 0.07131122389585311, 0.3678512825286355, 0.24124276084903595]","[0.0, 0.016667, 0.416667, 0.566667]"
d1-3b,typed_invoice_processing,invoice_processing_000033,disposition,choice,2,0,"[""approve"", ""hold"", ""manual_review"", ""reject""]","[0.6317606719515155, 0.060628230765017145, 0.25927405736370907, 0.04833703991975825]","[0.05, 0.233333, 0.7, 0.016667]"
d1-3b,typed_invoice_processing,invoice_processing_000033,duplicate,noul,0,0,"[""false"", ""true""]","[0.9219218348550491, 0.07807816514495095]","[0.96, 0.04]"
d1-3b,typed_invoice_processing,invoice_processing_000033,matches_order,noul,0,0,"[""false"", ""true""]","[0.8006920020959544, 0.19930799790404563]","[0.95, 0.05]"
d1-3b,typed_invoice_processing,invoice_processing_000033,urgency,score,1,2,"[""0"", ""1"", ""2"", ""3""]","[0.014648954904962888, 0.19146049508844418, 0.7691657572540256, 0.024724792752567396]","[0.033333, 0.55, 0.383333, 0.033333]"
d1-3b,typed_invoice_processing,invoice_processing_000034,discrepancy_severity,score,0,0,"[""0"", ""1"", ""2"", ""3""]","[0.9715129711502242, 0.013223289359781834, 0.009017499879216963, 0.006246239610777085]","[0.97, 0.021667, 0.008333, 0.0]"
d1-3b,typed_invoice_processing,invoice_processing_000034,disposition,choice,0,0,"[""approve"", ""hold"", ""manual_review"", ""reject""]","[0.6442680948057337, 0.094277252503176, 0.19193896593943496, 0.06951568675165544]","[0.916667, 0.05, 0.026667, 0.006667]"
d1-3b,typed_invoice_processing,invoice_processing_000034,duplicate,noul,0,0,"[""false"", ""true""]","[0.8723473746782093, 0.12765262532179067]","[0.976667, 0.023333]"
d1-3b,typed_invoice_processing,invoice_processing_000034,matches_order,noul,1,1,"[""false"", ""true""]","[0.044018649862946346, 0.9559813501370537]","[0.016667, 0.983333]"
d1-3b,typed_invoice_processing,invoice_processing_000034,urgency,score,3,3,"[""0"", ""1"", ""2"", ""3""]","[0.048745686662002366, 0.0324716277192471, 0.4378731317155312, 0.4809095539032193]","[0.006667, 0.076667, 0.233333, 0.683333]"
d1-3b,typed_invoice_processing,invoice_processing_000035,discrepancy_severity,score,3,3,"[""0"", ""1"", ""2"", ""3""]","[0.0938766014099048, 0.05144013317677907, 0.31022370581798314, 0.544459559595333]","[0.0, 0.016667, 0.2, 0.783333]"
d1-3b,typed_invoice_processing,invoice_processing_000035,disposition,choice,2,2,"[""approve"", ""hold"", ""manual_review"", ""reject""]","[0.09664507150259327, 0.15323653547796467, 0.6975733790535725, 0.05254501396586959]","[0.016667, 0.183333, 0.75, 0.05]"
d1-3b,typed_invoice_processing,invoice_processing_000035,duplicate,noul,0,0,"[""false"", ""true""]","[0.8791467675095294, 0.12085323249047067]","[0.976667, 0.023333]"
d1-3b,typed_invoice_processing,invoice_processing_000035,matches_order,noul,0,0,"[""false"", ""true""]","[0.7279754489059775, 0.2720245510940225]","[0.966667, 0.033333]"
d1-3b,typed_invoice_processing,invoice_processing_000035,urgency,score,2,3,"[""0"", ""1"", ""2"", ""3""]","[0.026051996822238525, 0.018045690786860923, 0.4075217961383173, 0.5483805162525832]","[0.033333, 0.116667, 0.433333, 0.416667]"
d1-3b,typed_invoice_processing,invoice_processing_000036,discrepancy_severity,score,0,0,"[""0"", ""1"", ""2"", ""3""]","[0.9750168971631936, 0.009558729313885315, 0.007862796258644443, 0.007561577264276662]","[0.97, 0.02, 0.006667, 0.003333]"
d1-3b,typed_invoice_processing,invoice_processing_000036,disposition,choice,0,0,"[""approve"", ""hold"", ""manual_review"", ""reject""]","[0.6962556073063483, 0.07512507151419007, 0.1830536619930011, 0.04556565918646046]","[0.936667, 0.023333, 0.033333, 0.006667]"
d1-3b,typed_invoice_processing,invoice_processing_000036,duplicate,noul,0,0,"[""false"", ""true""]","[0.8376199633332891, 0.16238003666671086]","[0.983333, 0.016667]"
d1-3b,typed_invoice_processing,invoice_processing_000036,matches_order,noul,1,1,"[""false"", ""true""]","[0.04272219754649054, 0.9572778024535095]","[0.016667, 0.983333]"
d1-3b,typed_invoice_processing,invoice_processing_000036,urgency,score,3,3,"[""0"", ""1"", ""2"", ""3""]","[0.02897786093341332, 0.027867736514292606, 0.4568452089944891, 0.48630919355780505]","[0.013333, 0.103333, 0.433333, 0.45]"
d1-3b,typed_invoice_processing,invoice_processing_000037,discrepancy_severity,score,0,0,"[""0"", ""1"", ""2"", ""3""]","[0.9745369028187132, 0.009554023614912886, 0.008171989456000507, 0.007737084110373481]","[0.96, 0.028333, 0.011667, 0.0]"
d1-3b,typed_invoice_processing,invoice_processing_000037,disposition,choice,0,0,"[""approve"", ""hold"", ""manual_review"", ""reject""]","[0.7759220339633223, 0.07330853514912317, 0.110912271662164, 0.039857159225390584]","[0.886667, 0.056667, 0.043333, 0.013333]"
d1-3b,typed_invoice_processing,invoice_processing_000037,duplicate,noul,0,0,"[""false"", ""true""]","[0.8791467675095294, 0.12085323249047067]","[0.656667, 0.343333]"
d1-3b,typed_invoice_processing,invoice_processing_000037,matches_order,noul,1,1,"[""false"", ""true""]","[0.04336579876390678, 0.9566342012360932]","[0.023333, 0.976667]"
d1-3b,typed_invoice_processing,invoice_processing_000037,urgency,score,2,3,"[""0"", ""1"", ""2"", ""3""]","[0.031226068543650762, 0.02470185337390203, 0.37745100651477115, 0.566621071567676]","[0.0, 0.1, 0.483333, 0.416667]"
d1-3b,typed_invoice_processing,invoice_processing_000038,discrepancy_severity,score,0,0,"[""0"", ""1"", ""2"", ""3""]","[0.9804735020852621, 0.00809430412899988, 0.006206118252390062, 0.0052260755333479745]","[0.95, 0.043333, 0.006667, 0.0]"
d1-3b,typed_invoice_processing,invoice_processing_000038,disposition,choice,0,0,"[""approve"", ""hold"", ""manual_review"", ""reject""]","[0.936452785954414, 0.02515135080863149, 0.022900565513963075, 0.015495297722991486]","[0.383333, 0.143333, 0.156667, 0.316667]"
d1-3b,typed_invoice_processing,invoice_processing_000038,duplicate,noul,1,0,"[""false"", ""true""]","[0.6477982179521103, 0.35220178204788966]","[0.46, 0.54]"
d1-3b,typed_invoice_processing,invoice_processing_000038,matches_order,noul,1,1,"[""false"", ""true""]","[0.036220055864974676, 0.9637799441350253]","[0.026667, 0.973333]"
d1-3b,typed_invoice_processing,invoice_processing_000038,urgency,score,1,1,"[""0"", ""1"", ""2"", ""3""]","[0.048994272346827385, 0.6353673911949819, 0.28638252019845306, 0.029255816259737673]","[0.016667, 0.583333, 0.316667, 0.083333]"
d1-3b,typed_invoice_processing,invoice_processing_000039,discrepancy_severity,score,2,1,"[""0"", ""1"", ""2"", ""3""]","[0.1538319856081782, 0.35212492186216693, 0.29651891310921114, 0.19752417942044365]","[0.006667, 0.043333, 0.5, 0.45]"
d1-3b,typed_invoice_processing,invoice_processing_000039,disposition,choice,2,2,"[""approve"", ""hold"", ""manual_review"", ""reject""]","[0.3422383697505098, 0.0623262373158877, 0.5555077063796755, 0.03992768655392696]","[0.016667, 0.316667, 0.65, 0.016667]"
d1-3b,typed_invoice_processing,invoice_processing_000039,duplicate,noul,0,0,"[""false"", ""true""]","[0.8774767874818408, 0.12252321251815919]","[0.97, 0.03]"
d1-3b,typed_invoice_processing,invoice_processing_000039,matches_order,noul,0,0,"[""false"", ""true""]","[0.588889130767832, 0.411110869232168]","[0.976667, 0.023333]"
d1-3b,typed_invoice_processing,invoice_processing_000039,urgency,score,1,2,"[""0"", ""1"", ""2"", ""3""]","[0.0066178654999656025, 0.06528977153297175, 0.9012974947182801, 0.026794868248782525]","[0.05, 0.6, 0.3, 0.05]"
d1-3b,typed_invoice_processing,invoice_processing_000040,discrepancy_severity,score,0,0,"[""0"", ""1"", ""2"", ""3""]","[0.9734426022324891, 0.011876823106096107, 0.008421928692248094, 0.00625864596916668]","[0.663333, 0.016667, 0.02, 0.3]"
d1-3b,typed_invoice_processing,invoice_processing_000040,disposition,choice,3,0,"[""approve"", ""hold"", ""manual_review"", ""reject""]","[0.9255824057828469, 0.03397876148587491, 0.023353238475837434, 0.01708559425544072]","[0.373333, 0.053333, 0.136667, 0.436667]"
d1-3b,typed_invoice_processing,invoice_processing_000040,duplicate,noul,1,1,"[""false"", ""true""]","[0.4571367168274948, 0.5428632831725052]","[0.383333, 0.616667]"
d1-3b,typed_invoice_processing,invoice_processing_000040,matches_order,noul,1,1,"[""false"", ""true""]","[0.03963883910096999, 0.96036116089903]","[0.31, 0.69]"
d1-3b,typed_invoice_processing,invoice_processing_000040,urgency,score,1,2,"[""0"", ""1"", ""2"", ""3""]","[0.0032656748788119742, 0.014296702873340962, 0.9489360810934044, 0.03350154115444268]","[0.05, 0.666667, 0.266667, 0.016667]"
d1-3b,typed_invoice_processing,invoice_processing_000041,discrepancy_severity,score,0,0,"[""0"", ""1"", ""2"", ""3""]","[0.9659346700489029, 0.012447673059323145, 0.011693506673559544, 0.009924150218214472]","[0.626667, 0.03, 0.023333, 0.32]"
d1-3b,typed_invoice_processing,invoice_processing_000041,disposition,choice,3,0,"[""approve"", ""hold"", ""manual_review"", ""reject""]","[0.6875993478478148, 0.08148295237557517, 0.1879792012500607, 0.04293849852654928]","[0.276667, 0.106667, 0.1, 0.516667]"
d1-3b,typed_invoice_processing,invoice_processing_000041,duplicate,noul,1,1,"[""false"", ""true""]","[0.4804786780479071, 0.5195213219520929]","[0.353333, 0.646667]"
d1-3b,typed_invoice_processing,invoice_processing_000041,matches_order,noul,1,1,"[""false"", ""true""]","[0.05834584061168102, 0.941654159388319]","[0.35, 0.65]"
d1-3b,typed_invoice_processing,invoice_processing_000041,urgency,score,3,3,"[""0"", ""1"", ""2"", ""3""]","[0.027848451931839113, 0.03333023286346875, 0.4255318842859141, 0.513289430918778]","[0.0, 0.083333, 0.45, 0.466667]"
d1-3b,typed_invoice_processing,invoice_processing_000042,discrepancy_severity,score,0,0,"[""0"", ""1"", ""2"", ""3""]","[0.9696111984464768, 0.00892981041733402, 0.010771407446982885, 0.010687583689206392]","[0.916667, 0.066667, 0.013333, 0.003333]"
d1-3b,typed_invoice_processing,invoice_processing_000042,disposition,choice,0,0,"[""approve"", ""hold"", ""manual_review"", ""reject""]","[0.6432449863687716, 0.08242082675933392, 0.21211968280527407, 0.06221450406662053]","[0.566667, 0.206667, 0.123333, 0.103333]"
d1-3b,typed_invoice_processing,invoice_processing_000042,duplicate,noul,0,0,"[""false"", ""true""]","[0.5736784074525096, 0.4263215925474903]","[0.546667, 0.453333]"
d1-3b,typed_invoice_processing,invoice_processing_000042,matches_order,noul,1,1,"[""false"", ""true""]","[0.052618953347713715, 0.9473810466522863]","[0.013333, 0.986667]"
d1-3b,typed_invoice_processing,invoice_processing_000042,urgency,score,3,3,"[""0"", ""1"", ""2"", ""3""]","[0.05138907586241656, 0.03165989120251418, 0.3979397524266092, 0.5190112805084601]","[0.016667, 0.1, 0.316667, 0.566667]"
d1-3b,typed_invoice_processing,invoice_processing_000043,discrepancy_severity,score,0,0,"[""0"", ""1"", ""2"", ""3""]","[0.9757702621084974, 0.012574421004188308, 0.006372406415765257, 0.005282910471548996]","[0.433333, 0.166667, 0.063333, 0.336667]"
d1-3b,typed_invoice_processing,invoice_processing_000043,disposition,choice,3,0,"[""approve"", ""hold"", ""manual_review"", ""reject""]","[0.7319966952669272, 0.08606914624380625, 0.12137695083684401, 0.0605572076524226]","[0.273333, 0.126667, 0.25, 0.35]"
d1-3b,typed_invoice_processing,invoice_processing_000043,duplicate,noul,1,0,"[""false"", ""true""]","[0.6477982179521103, 0.35220178204788966]","[0.386667, 0.613333]"
d1-3b,typed_invoice_processing,invoice_processing_000043,matches_order,noul,1,1,"[""false"", ""true""]","[0.048857778622174886, 0.9511422213778251]","[0.04, 0.96]"
d1-3b,typed_invoice_processing,invoice_processing_000043,urgency,score,3,3,"[""0"", ""1"", ""2"", ""3""]","[0.11420416045918091, 0.06926832478523444, 0.3955096664117867, 0.42101784834379796]","[0.0, 0.1, 0.366667, 0.533333]"
d1-3b,typed_invoice_processing,invoice_processing_000044,discrepancy_severity,score,3,3,"[""0"", ""1"", ""2"", ""3""]","[0.0326603417210825, 0.02043831959727512, 0.3679829297235866, 0.5789184089580558]","[0.006667, 0.023333, 0.143333, 0.826667]"
d1-3b,typed_invoice_processing,invoice_processing_000044,disposition,choice,1,2,"[""approve"", ""hold"", ""manual_review"", ""reject""]","[0.034048198106546954, 0.13257547582948837, 0.8058032549501546, 0.027573071113809976]","[0.02, 0.483333, 0.45, 0.046667]"
d1-3b,typed_invoice_processing,invoice_processing_000044,duplicate,noul,0,0,"[""false"", ""true""]","[0.8872045937171068, 0.11279540628289324]","[0.98, 0.02]"
d1-3b,typed_invoice_processing,invoice_processing_000044,matches_order,noul,0,0,"[""false"", ""true""]","[0.8244619263765707, 0.17553807362342935]","[0.97, 0.03]"
d1-3b,typed_invoice_processing,invoice_processing_000044,urgency,score,1,2,"[""0"", ""1"", ""2"", ""3""]","[0.020388466389538527, 0.3585818218554586, 0.5820357476386514, 0.03899396411635155]","[0.166667, 0.433333, 0.366667, 0.033333]"
d1-3b,typed_invoice_processing,invoice_processing_000045,discrepancy_severity,score,0,0,"[""0"", ""1"", ""2"", ""3""]","[0.3625210278023251, 0.10884855150593371, 0.34055698906207144, 0.18807343162966986]","[0.656667, 0.026667, 0.25, 0.066667]"
d1-3b,typed_invoice_processing,invoice_processing_000045,disposition,choice,0,0,"[""approve"", ""hold"", ""manual_review"", ""reject""]","[0.5193732918215814, 0.0861205343070709, 0.3406133206033791, 0.053892853267968575]","[0.666667, 0.053333, 0.28, 0.0]"
d1-3b,typed_invoice_processing,invoice_processing_000045,duplicate,noul,0,0,"[""false"", ""true""]","[0.9136765234137297, 0.08632347658627028]","[0.982667, 0.017333]"
d1-3b,typed_invoice_processing,invoice_processing_000045,matches_order,noul,1,0,"[""false"", ""true""]","[0.7606506526772883, 0.23934934732271168]","[0.34, 0.66]"
d1-3b,typed_invoice_processing,invoice_processing_000045,urgency,score,2,2,"[""0"", ""1"", ""2"", ""3""]","[0.03556428060563757, 0.3374244995964181, 0.5650796984417173, 0.061931521356226954]","[0.05, 0.35, 0.566667, 0.033333]"
d1-3b,typed_invoice_processing,invoice_processing_000046,discrepancy_severity,score,3,0,"[""0"", ""1"", ""2"", ""3""]","[0.9215437031214434, 0.01635935986009573, 0.033830497956245556, 0.028266439062215317]","[0.043333, 0.023333, 0.316667, 0.616667]"
d1-3b,typed_invoice_processing,invoice_processing_000046,disposition,choice,1,1,"[""approve"", ""hold"", ""manual_review"", ""reject""]","[0.06953901124632451, 0.8405659441333715, 0.06431307202339154, 0.025581972596912503]","[0.036667, 0.683333, 0.25, 0.03]"
d1-3b,typed_invoice_processing,invoice_processing_000046,duplicate,noul,0,0,"[""false"", ""true""]","[0.7217432062975979, 0.2782567937024021]","[0.95, 0.05]"
d1-3b,typed_invoice_processing,invoice_processing_000046,matches_order,noul,0,0,"[""false"", ""true""]","[0.8031737963569014, 0.1968262036430985]","[0.9, 0.1]"
d1-3b,typed_invoice_processing,invoice_processing_000046,urgency,score,1,3,"[""0"", ""1"", ""2"", ""3""]","[0.3404524741623803, 0.038799235360530704, 0.10966859430940837, 0.5110796961676807]","[0.066667, 0.383333, 0.333333, 0.216667]"
d1-3b,typed_invoice_processing,invoice_processing_000047,discrepancy_severity,score,3,3,"[""0"", ""1"", ""2"", ""3""]","[0.3056031894536221, 0.12444327554062588, 0.2343140931981616, 0.3356394418075904]","[0.0, 0.05, 0.2, 0.75]"
d1-3b,typed_invoice_processing,invoice_processing_000047,disposition,choice,2,0,"[""approve"", ""hold"", ""manual_review"", ""reject""]","[0.6414054785821903, 0.05517648294073049, 0.2511779943941108, 0.052240044082968395]","[0.023333, 0.4, 0.51, 0.066667]"
d1-3b,typed_invoice_processing,invoice_processing_000047,duplicate,noul,0,0,"[""false"", ""true""]","[0.9099070060380482, 0.09009299396195182]","[0.97, 0.03]"
d1-3b,typed_invoice_processing,invoice_processing_000047,matches_order,noul,0,0,"[""false"", ""true""]","[0.7217432062975979, 0.2782567937024021]","[0.916667, 0.083333]"
d1-3b,typed_invoice_processing,invoice_processing_000047,urgency,score,1,1,"[""0"", ""1"", ""2"", ""3""]","[0.034783518159882856, 0.6411132757159393, 0.30284046796643793, 0.02126273815773992]","[0.1, 0.633333, 0.233333, 0.033333]"
d1-3b,typed_invoice_processing,invoice_processing_000048,discrepancy_severity,score,2,0,"[""0"", ""1"", ""2"", ""3""]","[0.9416593224603215, 0.008878042164500886, 0.02080396421328147, 0.02865867116189624]","[0.303333, 0.106667, 0.39, 0.2]"
d1-3b,typed_invoice_processing,invoice_processing_000048,disposition,choice,2,2,"[""approve"", ""hold"", ""manual_review"", ""reject""]","[0.21029691957408966, 0.34672100446451576, 0.3778351293881787, 0.06514694657321599]","[0.283333, 0.283333, 0.393333, 0.04]"
d1-3b,typed_invoice_processing,invoice_processing_000048,duplicate,noul,0,0,"[""false"", ""true""]","[0.8807970779778824, 0.11920292202211755]","[0.976667, 0.023333]"
d1-3b,typed_invoice_processing,invoice_processing_000048,matches_order,noul,0,1,"[""false"", ""true""]","[0.12765262532179067, 0.8723473746782093]","[0.526667, 0.473333]"
d1-3b,typed_invoice_processing,invoice_processing_000048,urgency,score,2,3,"[""0"", ""1"", ""2"", ""3""]","[0.06789101934347444, 0.03206944676935057, 0.43244980543296424, 0.4675897284542107]","[0.0, 0.116667, 0.516667, 0.366667]"
d1-3b,typed_invoice_processing,invoice_processing_000049,discrepancy_severity,score,0,0,"[""0"", ""1"", ""2"", ""3""]","[0.8928100698621044, 0.019571244478701712, 0.04175728263811652, 0.04586140302107735]","[0.783333, 0.2, 0.013333, 0.003333]"
d1-3b,typed_invoice_processing,invoice_processing_000049,disposition,choice,0,2,"[""approve"", ""hold"", ""manual_review"", ""reject""]","[0.21952285748351985, 0.34267033461356405, 0.37342095964496724, 0.0643858482579488]","[0.833333, 0.093333, 0.056667, 0.016667]"
d1-3b,typed_invoice_processing,invoice_processing_000049,duplicate,noul,0,0,"[""false"", ""true""]","[0.8824278664544911, 0.11757213354550883]","[0.973333, 0.026667]"
d1-3b,typed_invoice_processing,invoice_processing_000049,matches_order,noul,1,1,"[""false"", ""true""]","[0.1732882059293266, 0.8267117940706734]","[0.063333, 0.936667]"
d1-3b,typed_invoice_processing,invoice_processing_000049,urgency,score,3,3,"[""0"", ""1"", ""2"", ""3""]","[0.029909066271457483, 0.020556180587021404, 0.4193838684030339, 0.5301508847384873]","[0.0, 0.1, 0.45, 0.45]"
d1-3b,typed_invoice_processing,invoice_processing_000050,discrepancy_severity,score,2,0,"[""0"", ""1"", ""2"", ""3""]","[0.911354272757918, 0.015558688134020643, 0.030462432558893228, 0.042624606549168144]","[0.316667, 0.133333, 0.48, 0.07]"
d1-3b,typed_invoice_processing,invoice_processing_000050,disposition,choice,2,2,"[""approve"", ""hold"", ""manual_review"", ""reject""]","[0.2537485287687083, 0.3309504718749451, 0.34145596756569174, 0.07384503179065492]","[0.283333, 0.2, 0.5, 0.016667]"
d1-3b,typed_invoice_processing,invoice_processing_000050,duplicate,noul,0,0,"[""false"", ""true""]","[0.8807970779778824, 0.11920292202211755]","[0.973333, 0.026667]"
d1-3b,typed_invoice_processing,invoice_processing_000050,matches_order,noul,1,1,"[""false"", ""true""]","[0.10818895456207034, 0.8918110454379297]","[0.35, 0.65]"
d1-3b,typed_invoice_processing,invoice_processing_000050,urgency,score,3,3,"[""0"", ""1"", ""2"", ""3""]","[0.06935096671629673, 0.03225119466192546, 0.42815812844672757, 0.4702397101750503]","[0.033333, 0.116667, 0.333333, 0.516667]"
d1-3b,typed_invoice_processing,invoice_processing_000051,discrepancy_severity,score,3,3,"[""0"", ""1"", ""2"", ""3""]","[0.053440580403842676, 0.010772621724679712, 0.3567402371927962, 0.5790465606786814]","[0.01, 0.023333, 0.083333, 0.883333]"
d1-3b,typed_invoice_processing,invoice_processing_000051,disposition,choice,2,2,"[""approve"", ""hold"", ""manual_review"", ""reject""]","[0.055860386113140856, 0.019005539183486346, 0.894525108701083, 0.030608966002289576]","[0.0, 0.283333, 0.533333, 0.183333]"
d1-3b,typed_invoice_processing,invoice_processing_000051,duplicate,noul,0,0,"[""false"", ""true""]","[0.8577681049901037, 0.1422318950098963]","[0.983333, 0.016667]"
d1-3b,typed_invoice_processing,invoice_processing_000051,matches_order,noul,0,0,"[""false"", ""true""]","[0.7690802370707281, 0.23091976292927183]","[0.976667, 0.023333]"
d1-3b,typed_invoice_processing,invoice_processing_000051,urgency,score,3,2,"[""0"", ""1"", ""2"", ""3""]","[0.09612206355297585, 0.05563118243146979, 0.42743677347970094, 0.42080998053585345]","[0.0, 0.116667, 0.416667, 0.466667]"
d1-3b,typed_invoice_processing,invoice_processing_000052,discrepancy_severity,score,3,0,"[""0"", ""1"", ""2"", ""3""]","[0.5100425435677678, 0.021890585115803864, 0.14386410532814606, 0.3242027659882823]","[0.016667, 0.05, 0.266667, 0.666667]"
d1-3b,typed_invoice_processing,invoice_processing_000052,disposition,choice,1,2,"[""approve"", ""hold"", ""manual_review"", ""reject""]","[0.033137200351864654, 0.419775073695526, 0.4984952341649831, 0.04859249178762623]","[0.06, 0.586667, 0.33, 0.023333]"
d1-3b,typed_invoice_processing,invoice_processing_000052,duplicate,noul,0,0,"[""false"", ""true""]","[0.8872045937171068, 0.11279540628289324]","[0.973333, 0.026667]"
d1-3b,typed_invoice_processing,invoice_processing_000052,matches_order,noul,0,0,"[""false"", ""true""]","[0.8933094060543488, 0.10669059394565118]","[0.933333, 0.066667]"
d1-3b,typed_invoice_processing,invoice_processing_000052,urgency,score,2,2,"[""0"", ""1"", ""2"", ""3""]","[0.005997238838881241, 0.012997235354240928, 0.7854832785255035, 0.1955222472813744]","[0.006667, 0.11, 0.506667, 0.376667]"
d1-3b,typed_invoice_processing,invoice_processing_000053,discrepancy_severity,score,0,0,"[""0"", ""1"", ""2"", ""3""]","[0.9828685560165227, 0.0056645383187691415, 0.005576717792108827, 0.0058901878725994465]","[0.85, 0.043333, 0.093333, 0.013333]"
d1-3b,typed_invoice_processing,invoice_processing_000053,disposition,choice,0,0,"[""approve"", ""hold"", ""manual_review"", ""reject""]","[0.9168393106135145, 0.031866561243011605, 0.03211649378047577, 0.019177634362998155]","[0.366667, 0.266667, 0.15, 0.216667]"
d1-3b,typed_invoice_processing,invoice_processing_000053,duplicate,noul,1,1,"[""false"", ""true""]","[0.4687906266262437, 0.5312093733737563]","[0.44, 0.56]"
d1-3b,typed_invoice_processing,invoice_processing_000053,matches_order,noul,1,1,"[""false"", ""true""]","[0.032589744766025386, 0.9674102552339746]","[0.033333, 0.966667]"
d1-3b,typed_invoice_processing,invoice_processing_000053,urgency,score,1,2,"[""0"", ""1"", ""2"", ""3""]","[0.007175610584408842, 0.05427834567560478, 0.8490561806862025, 0.08948986305378391]","[0.146667, 0.693333, 0.136667, 0.023333]"
d1-3b,typed_invoice_processing,invoice_processing_000054,discrepancy_severity,score,3,3,"[""0"", ""1"", ""2"", ""3""]","[0.09772885092289345, 0.04474352836010524, 0.30816468037014133, 0.5493629403468601]","[0.01, 0.073333, 0.216667, 0.7]"
d1-3b,typed_invoice_processing,invoice_processing_000054,disposition,choice,2,2,"[""approve"", ""hold"", ""manual_review"", ""reject""]","[0.08702374806287423, 0.24597835583378808, 0.623239607543937, 0.04375828855940066]","[0.066667, 0.283333, 0.583333, 0.066667]"
d1-3b,typed_invoice_processing,invoice_processing_000054,duplicate,noul,0,0,"[""false"", ""true""]","[0.8221891305219504, 0.17781086947804958]","[0.98, 0.02]"
d1-3b,typed_invoice_processing,invoice_processing_000054,matches_order,noul,0,0,"[""false"", ""true""]","[0.7341195269001831, 0.2658804730998169]","[0.933333, 0.066667]"
d1-3b,typed_invoice_processing,invoice_processing_000054,urgency,score,2,3,"[""0"", ""1"", ""2"", ""3""]","[0.27197799616890495, 0.05150395838629915, 0.18402951761912612, 0.49248852782566976]","[0.023333, 0.383333, 0.493333, 0.1]"
d1-3b,typed_invoice_processing,invoice_processing_000055,discrepancy_severity,score,0,0,"[""0"", ""1"", ""2"", ""3""]","[0.9757853905358128, 0.009869929153818418, 0.008311313637438951, 0.0060333666729297675]","[0.97, 0.02, 0.006667, 0.003333]"
d1-3b,typed_invoice_processing,invoice_processing_000055,disposition,choice,0,0,"[""approve"", ""hold"", ""manual_review"", ""reject""]","[0.8179864728914579, 0.08356257894958162, 0.07432209623652727, 0.024128851922433296]","[0.95, 0.023333, 0.02, 0.006667]"
d1-3b,typed_invoice_processing,invoice_processing_000055,duplicate,noul,0,0,"[""false"", ""true""]","[0.9046505351008904, 0.0953494648991095]","[0.983333, 0.016667]"
d1-3b,typed_invoice_processing,invoice_processing_000055,matches_order,noul,1,1,"[""false"", ""true""]","[0.04603390239924032, 0.9539660976007597]","[0.013333, 0.986667]"
d1-3b,typed_invoice_processing,invoice_processing_000055,urgency,score,2,2,"[""0"", ""1"", ""2"", ""3""]","[0.024994017065355645, 0.15310691662905546, 0.7191079451877945, 0.10279112111779436]","[0.033333, 0.216667, 0.65, 0.1]"
d1-3b,typed_invoice_processing,invoice_processing_000056,discrepancy_severity,score,2,0,"[""0"", ""1"", ""2"", ""3""]","[0.937313783946079, 0.01082740703062003, 0.024210056571753243, 0.02764875245154773]","[0.166667, 0.166667, 0.566667, 0.1]"
d1-3b,typed_invoice_processing,invoice_processing_000056,disposition,choice,2,1,"[""approve"", ""hold"", ""manual_review"", ""reject""]","[0.19770214379926299, 0.6042264674785623, 0.162625347527388, 0.03544604119478675]","[0.083333, 0.266667, 0.613333, 0.036667]"
d1-3b,typed_invoice_processing,invoice_processing_000056,duplicate,noul,0,0,"[""false"", ""true""]","[0.8670357598021707, 0.13296424019782924]","[0.986667, 0.013333]"
d1-3b,typed_invoice_processing,invoice_processing_000056,matches_order,noul,1,1,"[""false"", ""true""]","[0.0888202924001178, 0.9111797075998822]","[0.316667, 0.683333]"
d1-3b,typed_invoice_processing,invoice_processing_000056,urgency,score,2,2,"[""0"", ""1"", ""2"", ""3""]","[0.0030348238358364203, 0.010266676700387053, 0.9460930054243246, 0.040605494039451864]","[0.033333, 0.316667, 0.566667, 0.083333]"
d1-3b,typed_invoice_processing,invoice_processing_000057,discrepancy_severity,score,0,0,"[""0"", ""1"", ""2"", ""3""]","[0.9757274627724275, 0.010588259664260595, 0.00750820038917972, 0.0061760771741321595]","[0.826667, 0.136667, 0.03, 0.006667]"
d1-3b,typed_invoice_processing,invoice_processing_000057,disposition,choice,0,0,"[""approve"", ""hold"", ""manual_review"", ""reject""]","[0.8367984786734842, 0.06452696995738316, 0.0719850368060744, 0.026689514563058205]","[0.823333, 0.09, 0.076667, 0.01]"
d1-3b,typed_invoice_processing,invoice_processing_000057,duplicate,noul,0,0,"[""false"", ""true""]","[0.8774767874818408, 0.12252321251815919]","[0.98, 0.02]"
d1-3b,typed_invoice_processing,invoice_processing_000057,matches_order,noul,1,1,"[""false"", ""true""]","[0.04272219754649054, 0.9572778024535095]","[0.036667, 0.963333]"
d1-3b,typed_invoice_processing,invoice_processing_000057,urgency,score,2,2,"[""0"", ""1"", ""2"", ""3""]","[0.02607089770420847, 0.25922454668980804, 0.6415869148151649, 0.07311764079081853]","[0.023333, 0.266667, 0.633333, 0.076667]"
d1-3b,typed_invoice_processing,invoice_processing_000058,discrepancy_severity,score,3,3,"[""0"", ""1"", ""2"", ""3""]","[0.11119150792591156, 0.05504378785668015, 0.26465881643854505, 0.5691058877788632]","[0.006667, 0.026667, 0.166667, 0.8]"
d1-3b,typed_invoice_processing,invoice_processing_000058,disposition,choice,2,0,"[""approve"", ""hold"", ""manual_review"", ""reject""]","[0.528409947465316, 0.0829559627821664, 0.3230105218585503, 0.06562356789396749]","[0.0, 0.166667, 0.75, 0.083333]"
d1-3b,typed_invoice_processing,invoice_processing_000058,duplicate,noul,0,0,"[""false"", ""true""]","[0.8670357598021707, 0.13296424019782924]","[0.976667, 0.023333]"
d1-3b,typed_invoice_processing,invoice_processing_000058,matches_order,noul,0,1,"[""false"", ""true""]","[0.43782349911420193, 0.5621765008857981]","[0.983333, 0.016667]"
d1-3b,typed_invoice_processing,invoice_processing_000058,urgency,score,1,1,"[""0"", ""1"", ""2"", ""3""]","[0.07130069333408848, 0.5066617147241705, 0.3706816290811081, 0.05135596286063287]","[0.3, 0.4, 0.263333, 0.036667]"
d1-3b,typed_invoice_processing,invoice_processing_000059,discrepancy_severity,score,3,0,"[""0"", ""1"", ""2"", ""3""]","[0.9059838851955113, 0.02321872393016093, 0.04075012956230446, 0.030047261312023288]","[0.02, 0.07, 0.183333, 0.726667]"
d1-3b,typed_invoice_processing,invoice_processing_000059,disposition,choice,1,2,"[""approve"", ""hold"", ""manual_review"", ""reject""]","[0.13014292260986174, 0.35101211945937777, 0.4650155059888995, 0.05382945194186095]","[0.05, 0.466667, 0.4, 0.083333]"
d1-3b,typed_invoice_processing,invoice_processing_000059,duplicate,noul,0,0,"[""false"", ""true""]","[0.8418256472515683, 0.1581743527484317]","[0.95, 0.05]"
d1-3b,typed_invoice_processing,invoice_processing_000059,matches_order,noul,0,0,"[""false"", ""true""]","[0.8633916099737806, 0.13660839002621938]","[0.9, 0.1]"
d1-3b,typed_invoice_processing,invoice_processing_000059,urgency,score,3,3,"[""0"", ""1"", ""2"", ""3""]","[0.024525456304099646, 0.022330682082456005, 0.4246537414904607, 0.5284901201229837]","[0.013333, 0.086667, 0.433333, 0.466667]"
d1-3b,typed_invoice_processing,invoice_processing_000060,discrepancy_severity,score,2,2,"[""0"", ""1"", ""2"", ""3""]","[0.3096745368081294, 0.047490128324929264, 0.3564332070166649, 0.2864021278502764]","[0.326667, 0.006667, 0.533333, 0.133333]"
d1-3b,typed_invoice_processing,invoice_processing_000060,disposition,choice,2,0,"[""approve"", ""hold"", ""manual_review"", ""reject""]","[0.6382536521712822, 0.05754031187604552, 0.24799864396560115, 0.056207391987071274]","[0.333333, 0.05, 0.616667, 0.0]"
d1-3b,typed_invoice_processing,invoice_processing_000060,duplicate,noul,0,0,"[""false"", ""true""]","[0.9111797075998823, 0.08882029240011771]","[0.98, 0.02]"
d1-3b,typed_invoice_processing,invoice_processing_000060,matches_order,noul,0,0,"[""false"", ""true""]","[0.7520125737597972, 0.24798742624020276]","[0.673333, 0.326667]"
d1-3b,typed_invoice_processing,invoice_processing_000060,urgency,score,1,2,"[""0"", ""1"", ""2"", ""3""]","[0.008669214932824675, 0.06609071294066554, 0.8912194886826696, 0.03402058344384023]","[0.033333, 0.9, 0.066667, 0.0]"
d1-3b,typed_invoice_processing,invoice_processing_000061,discrepancy_severity,score,3,2,"[""0"", ""1"", ""2"", ""3""]","[0.1106055533196351, 0.07030516722988954, 0.44782735895716186, 0.3712619204933135]","[0.016667, 0.033333, 0.366667, 0.583333]"
d1-3b,typed_invoice_processing,invoice_processing_000061,disposition,choice,2,2,"[""approve"", ""hold"", ""manual_review"", ""reject""]","[0.07194218164597076, 0.20176683806514184, 0.6719861725290219, 0.05430480775986544]","[0.1, 0.216667, 0.65, 0.033333]"
d1-3b,typed_invoice_processing,invoice_processing_000061,duplicate,noul,0,0,"[""false"", ""true""]","[0.8757869916479466, 0.1242130083520534]","[0.963333, 0.036667]"
d1-3b,typed_invoice_processing,invoice_processing_000061,matches_order,noul,0,0,"[""false"", ""true""]","[0.8633916099737806, 0.13660839002621938]","[0.95, 0.05]"
d1-3b,typed_invoice_processing,invoice_processing_000061,urgency,score,2,3,"[""0"", ""1"", ""2"", ""3""]","[0.03951729304354308, 0.024156436701581876, 0.377870246956538, 0.5584560232983371]","[0.016667, 0.15, 0.5, 0.333333]"
d1-3b,typed_invoice_processing,invoice_processing_000062,discrepancy_severity,score,0,0,"[""0"", ""1"", ""2"", ""3""]","[0.9777175959641644, 0.010203398710018654, 0.006744034738124364, 0.005334970587692598]","[0.933333, 0.053333, 0.01, 0.003333]"
d1-3b,typed_invoice_processing,invoice_processing_000062,disposition,choice,0,0,"[""approve"", ""hold"", ""manual_review"", ""reject""]","[0.9142810959920061, 0.038331157185927264, 0.02826362293147671, 0.019124123890589928]","[0.666667, 0.11, 0.153333, 0.07]"
d1-3b,typed_invoice_processing,invoice_processing_000062,duplicate,noul,0,0,"[""false"", ""true""]","[0.5544704649604273, 0.4455295350395727]","[0.64, 0.36]"
d1-3b,typed_invoice_processing,invoice_processing_000062,matches_order,noul,1,1,"[""false"", ""true""]","[0.03963883910096999, 0.96036116089903]","[0.036667, 0.963333]"
d1-3b,typed_invoice_processing,invoice_processing_000062,urgency,score,1,2,"[""0"", ""1"", ""2"", ""3""]","[0.04404773672796705, 0.4518720079351194, 0.45898795663456216, 0.045092298702351374]","[0.216667, 0.643333, 0.116667, 0.023333]"
d1-3b,typed_invoice_processing,invoice_processing_000063,discrepancy_severity,score,0,0,"[""0"", ""1"", ""2"", ""3""]","[0.9679328211815883, 0.017867352864432716, 0.008707852330032094, 0.005491973623946834]","[0.666667, 0.096667, 0.203333, 0.033333]"
d1-3b,typed_invoice_processing,invoice_processing_000063,disposition,choice,0,0,"[""approve"", ""hold"", ""manual_review"", ""reject""]","[0.91154382323717, 0.04068114312147434, 0.030948581655472315, 0.01682645198588334]","[0.673333, 0.08, 0.226667, 0.02]"
d1-3b,typed_invoice_processing,invoice_processing_000063,duplicate,noul,0,0,"[""false"", ""true""]","[0.8962513731336202, 0.10374862686637971]","[0.99, 0.01]"
d1-3b,typed_invoice_processing,invoice_processing_000063,matches_order,noul,1,1,"[""false"", ""true""]","[0.044018649862946346, 0.9559813501370537]","[0.283333, 0.716667]"
d1-3b,typed_invoice_processing,invoice_processing_000063,urgency,score,1,2,"[""0"", ""1"", ""2"", ""3""]","[0.01307448015943901, 0.13517898982094953, 0.8280717049363012, 0.023674825083310234]","[0.08, 0.793333, 0.116667, 0.01]"
d1-3b,typed_invoice_processing,invoice_processing_000064,discrepancy_severity,score,0,0,"[""0"", ""1"", ""2"", ""3""]","[0.9788279216349253, 0.007075714002765691, 0.007020650359543308, 0.007075714002765691]","[0.966667, 0.023333, 0.01, 0.0]"
d1-3b,typed_invoice_processing,invoice_processing_000064,disposition,choice,0,0,"[""approve"", ""hold"", ""manual_review"", ""reject""]","[0.8421432579669033, 0.06805560828438675, 0.062941148554522, 0.02685998519418814]","[0.66, 0.05, 0.09, 0.2]"
d1-3b,typed_invoice_processing,invoice_processing_000064,duplicate,noul,0,0,"[""false"", ""true""]","[0.6261241772283035, 0.37387582277169656]","[0.716667, 0.283333]"
d1-3b,typed_invoice_processing,invoice_processing_000064,matches_order,noul,1,1,"[""false"", ""true""]","[0.041462272711409565, 0.9585377272885904]","[0.006667, 0.993333]"
d1-3b,typed_invoice_processing,invoice_processing_000064,urgency,score,2,2,"[""0"", ""1"", ""2"", ""3""]","[0.007683207693020342, 0.02702735843404647, 0.8022936021345789, 0.1629958317383543]","[0.016667, 0.216667, 0.683333, 0.083333]"
d1-3b,typed_invoice_processing,invoice_processing_000065,discrepancy_severity,score,0,0,"[""0"", ""1"", ""2"", ""3""]","[0.9206769503045725, 0.03514506517239061, 0.025512581305304358, 0.018665403217732586]","[0.8, 0.15, 0.043333, 0.006667]"
d1-3b,typed_invoice_processing,invoice_processing_000065,disposition,choice,0,2,"[""approve"", ""hold"", ""manual_review"", ""reject""]","[0.2087034051621764, 0.3335070918383614, 0.41505628187543453, 0.04273322112402762]","[0.86, 0.08, 0.053333, 0.006667]"
d1-3b,typed_invoice_processing,invoice_processing_000065,duplicate,noul,0,0,"[""false"", ""true""]","[0.8991213772699435, 0.10087862273005653]","[0.98, 0.02]"
d1-3b,typed_invoice_processing,invoice_processing_000065,matches_order,noul,1,1,"[""false"", ""true""]","[0.14804719803168942, 0.8519528019683106]","[0.083333, 0.916667]"
d1-3b,typed_invoice_processing,invoice_processing_000065,urgency,score,3,2,"[""0"", ""1"", ""2"", ""3""]","[0.02653471372443264, 0.028690866382967976, 0.5456028486340901, 0.3991715712585092]","[0.01, 0.09, 0.366667, 0.533333]"
d1-3b,typed_invoice_processing,invoice_processing_000066,discrepancy_severity,score,0,0,"[""0"", ""1"", ""2"", ""3""]","[0.9376865818319565, 0.011263199825388443, 0.024031206550516167, 0.027019011792138867]","[0.36, 0.273333, 0.326667, 0.04]"
d1-3b,typed_invoice_processing,invoice_processing_000066,disposition,choice,0,2,"[""approve"", ""hold"", ""manual_review"", ""reject""]","[0.20934529999469423, 0.35610835116361855, 0.3790753665880472, 0.05547098225364004]","[0.46, 0.146667, 0.376667, 0.016667]"
d1-3b,typed_invoice_processing,invoice_processing_000066,duplicate,noul,0,0,"[""false"", ""true""]","[0.897695292107347, 0.10230470789265303]","[0.973333, 0.026667]"
d1-3b,typed_invoice_processing,invoice_processing_000066,matches_order,noul,1,1,"[""false"", ""true""]","[0.1540575626914854, 0.8459424373085146]","[0.376667, 0.623333]"
d1-3b,typed_invoice_processing,invoice_processing_000066,urgency,score,2,3,"[""0"", ""1"", ""2"", ""3""]","[0.05663326440899341, 0.037432302055648625, 0.43174991622084985, 0.4741845173145081]","[0.02, 0.113333, 0.466667, 0.4]"
d1-3b,typed_invoice_processing,invoice_processing_000067,discrepancy_severity,score,0,0,"[""0"", ""1"", ""2"", ""3""]","[0.9687580780671033, 0.018164196282098203, 0.007873596284867336, 0.005204129365931166]","[0.956667, 0.03, 0.01, 0.003333]"
d1-3b,typed_invoice_processing,invoice_processing_000067,disposition,choice,0,0,"[""approve"", ""hold"", ""manual_review"", ""reject""]","[0.7295895344911375, 0.09645191504650984, 0.12192664513144323, 0.05203190533090945]","[0.94, 0.036667, 0.02, 0.003333]"
d1-3b,typed_invoice_processing,invoice_processing_000067,duplicate,noul,0,0,"[""false"", ""true""]","[0.8354835371034368, 0.1645164628965632]","[0.98, 0.02]"
d1-3b,typed_invoice_processing,invoice_processing_000067,matches_order,noul,1,1,"[""false"", ""true""]","[0.04272219754649054, 0.9572778024535095]","[0.023333, 0.976667]"
d1-3b,typed_invoice_processing,invoice_processing_000067,urgency,score,3,3,"[""0"", ""1"", ""2"", ""3""]","[0.08901919529391086, 0.05233168523904571, 0.39585165161605235, 0.4627974678509911]","[0.006667, 0.06, 0.466667, 0.466667]"
d1-3b,typed_invoice_processing,invoice_processing_000068,discrepancy_severity,score,2,2,"[""0"", ""1"", ""2"", ""3""]","[0.14456101917530084, 0.08498303908881738, 0.5045675352020176, 0.26588840653386425]","[0.050017, 0.183417, 0.633534, 0.133033]"
d1-3b,typed_invoice_processing,invoice_processing_000068,disposition,choice,2,2,"[""approve"", ""hold"", ""manual_review"", ""reject""]","[0.06055442265792382, 0.21977515670260225, 0.6930086691798991, 0.02666175145957489]","[0.116667, 0.25, 0.616667, 0.016667]"
d1-3b,typed_invoice_processing,invoice_processing_000068,duplicate,noul,0,0,"[""false"", ""true""]","[0.8757869916479466, 0.1242130083520534]","[0.966333, 0.033667]"
d1-3b,typed_invoice_processing,invoice_processing_000068,matches_order,noul,0,0,"[""false"", ""true""]","[0.8397339676722393, 0.16026603232776068]","[0.883333, 0.116667]"
d1-3b,typed_invoice_processing,invoice_processing_000068,urgency,score,2,2,"[""0"", ""1"", ""2"", ""3""]","[0.05554620728593768, 0.2820869165240568, 0.560996820570324, 0.10137005561968156]","[0.066667, 0.25, 0.6, 0.083333]"
d1-3b,typed_invoice_processing,invoice_processing_000069,discrepancy_severity,score,0,0,"[""0"", ""1"", ""2"", ""3""]","[0.9717916814309057, 0.013540754124409202, 0.0072478433958556784, 0.007419721048829309]","[0.983333, 0.01, 0.006667, 0.0]"
d1-3b,typed_invoice_processing,invoice_processing_000069,disposition,choice,0,0,"[""approve"", ""hold"", ""manual_review"", ""reject""]","[0.5855106268023759, 0.08635112499600218, 0.27657563637586907, 0.05156261182575292]","[0.943333, 0.033333, 0.016667, 0.006667]"
d1-3b,typed_invoice_processing,invoice_processing_000069,duplicate,noul,0,0,"[""false"", ""true""]","[0.8723473746782093, 0.12765262532179067]","[0.986667, 0.013333]"
d1-3b,typed_invoice_processing,invoice_processing_000069,matches_order,noul,1,1,"[""false"", ""true""]","[0.045352580554306354, 0.9546474194456936]","[0.01, 0.99]"
d1-3b,typed_invoice_processing,invoice_processing_000069,urgency,score,3,2,"[""0"", ""1"", ""2"", ""3""]","[0.04461170562292117, 0.0467526660774362, 0.46851062608679106, 0.4401250022128515]","[0.0, 0.033333, 0.483333, 0.483333]"
d1-3b,typed_invoice_processing,invoice_processing_000070,discrepancy_severity,score,3,3,"[""0"", ""1"", ""2"", ""3""]","[0.042178178290724525, 0.05331821326993963, 0.4064772594794346, 0.49802634895990133]","[0.0, 0.016667, 0.1, 0.883333]"
d1-3b,typed_invoice_processing,invoice_processing_000070,disposition,choice,2,2,"[""approve"", ""hold"", ""manual_review"", ""reject""]","[0.05948830636501486, 0.16044757626067302, 0.7477208862073533, 0.03234323116695878]","[0.013333, 0.283333, 0.633333, 0.07]"
d1-3b,typed_invoice_processing,invoice_processing_000070,duplicate,noul,0,0,"[""false"", ""true""]","[0.8933094060543488, 0.10669059394565118]","[0.99, 0.01]"
d1-3b,typed_invoice_processing,invoice_processing_000070,matches_order,noul,0,0,"[""false"", ""true""]","[0.7549149868676283, 0.24508501313237172]","[0.976667, 0.023333]"
d1-3b,typed_invoice_processing,invoice_processing_000070,urgency,score,1,2,"[""0"", ""1"", ""2"", ""3""]","[0.018804372597735652, 0.23451672980137436, 0.7001376284422529, 0.0465412691586371]","[0.05, 0.633333, 0.283333, 0.033333]"
d1-3b,typed_invoice_processing,invoice_processing_000071,discrepancy_severity,score,2,0,"[""0"", ""1"", ""2"", ""3""]","[0.9096777529718144, 0.022596113425878736, 0.036108486441122634, 0.031617647161184245]","[0.133333, 0.25, 0.516667, 0.1]"
d1-3b,typed_invoice_processing,invoice_processing_000071,disposition,choice,1,1,"[""approve"", ""hold"", ""manual_review"", ""reject""]","[0.1928058124812926, 0.6371442164807956, 0.1455374627545461, 0.02451250828336575]","[0.2, 0.45, 0.323333, 0.026667]"
d1-3b,typed_invoice_processing,invoice_processing_000071,duplicate,noul,0,0,"[""false"", ""true""]","[0.8840392817460332, 0.11596071825396677]","[0.986667, 0.013333]"
d1-3b,typed_invoice_processing,invoice_processing_000071,matches_order,noul,1,1,"[""false"", ""true""]","[0.12252321251815934, 0.8774767874818407]","[0.15, 0.85]"
d1-3b,typed_invoice_processing,invoice_processing_000071,urgency,score,2,2,"[""0"", ""1"", ""2"", ""3""]","[0.004642951835651605, 0.018798702198220007, 0.9345244922089573, 0.042033853757171086]","[0.043333, 0.416667, 0.5, 0.04]"
d1-3b,typed_invoice_processing,invoice_processing_000072,discrepancy_severity,score,3,0,"[""0"", ""1"", ""2"", ""3""]","[0.9129392100508389, 0.013647335426686976, 0.043371142289429156, 0.030042312233045]","[0.03, 0.053333, 0.15, 0.766667]"
d1-3b,typed_invoice_processing,invoice_processing_000072,disposition,choice,1,1,"[""approve"", ""hold"", ""manual_review"", ""reject""]","[0.04088045493887092, 0.8878271511815726, 0.051677737240781035, 0.01961465663877538]","[0.023333, 0.7, 0.25, 0.026667]"
d1-3b,typed_invoice_processing,invoice_processing_000072,duplicate,noul,0,0,"[""false"", ""true""]","[0.8615382094310357, 0.13846179056896438]","[0.986667, 0.013333]"
d1-3b,typed_invoice_processing,invoice_processing_000072,matches_order,noul,0,0,"[""false"", ""true""]","[0.8031737963569014, 0.1968262036430985]","[0.933333, 0.066667]"
d1-3b,typed_invoice_processing,invoice_processing_000072,urgency,score,1,2,"[""0"", ""1"", ""2"", ""3""]","[0.014548134693674303, 0.08437534901445393, 0.872369249597249, 0.02870726669462283]","[0.066667, 0.65, 0.266667, 0.016667]"
d1-3b,typed_invoice_processing,invoice_processing_000073,discrepancy_severity,score,3,3,"[""0"", ""1"", ""2"", ""3""]","[0.05768485896720714, 0.03111864724885205, 0.28616175546747075, 0.6250347383164702]","[0.003333, 0.03, 0.1, 0.866667]"
d1-3b,typed_invoice_processing,invoice_processing_000073,disposition,choice,2,2,"[""approve"", ""hold"", ""manual_review"", ""reject""]","[0.07002605605409061, 0.23505156183327766, 0.6489981733461635, 0.045924208766468286]","[0.0, 0.216667, 0.716667, 0.066667]"
d1-3b,typed_invoice_processing,invoice_processing_000073,duplicate,noul,0,0,"[""false"", ""true""]","[0.8333245953120233, 0.16667540468797667]","[0.973333, 0.026667]"
d1-3b,typed_invoice_processing,invoice_processing_000073,matches_order,noul,0,0,"[""false"", ""true""]","[0.6859494550081926, 0.31405054499180746]","[0.976667, 0.023333]"
d1-3b,typed_invoice_processing,invoice_processing_000073,urgency,score,2,2,"[""0"", ""1"", ""2"", ""3""]","[0.031162176741571297, 0.3324177880307969, 0.5834113869398916, 0.053008648287740254]","[0.016667, 0.25, 0.6, 0.133333]"
d1-3b,typed_invoice_processing,invoice_processing_000074,discrepancy_severity,score,0,0,"[""0"", ""1"", ""2"", ""3""]","[0.4320203814889241, 0.050402222256880694, 0.2969229764165233, 0.220654419837672]","[0.693333, 0.003333, 0.235, 0.068333]"
d1-3b,typed_invoice_processing,invoice_processing_000074,disposition,choice,0,0,"[""approve"", ""hold"", ""manual_review"", ""reject""]","[0.5290787488608584, 0.08981031044922998, 0.3363029142754629, 0.04480802641444879]","[0.64, 0.053333, 0.286667, 0.02]"
d1-3b,typed_invoice_processing,invoice_processing_000074,duplicate,noul,0,0,"[""false"", ""true""]","[0.9184802440252811, 0.08151975597471893]","[0.973333, 0.026667]"
d1-3b,typed_invoice_processing,invoice_processing_000074,matches_order,noul,1,1,"[""false"", ""true""]","[0.43398146480389854, 0.5660185351961015]","[0.29, 0.71]"
d1-3b,typed_invoice_processing,invoice_processing_000074,urgency,score,2,3,"[""0"", ""1"", ""2"", ""3""]","[0.04835475887882442, 0.03271846648040197, 0.43436150259680195, 0.48456527204397176]","[0.0, 0.066667, 0.566667, 0.366667]"
d1-3b,typed_invoice_processing,invoice_processing_000075,discrepancy_severity,score,0,0,"[""0"", ""1"", ""2"", ""3""]","[0.9739328442803549, 0.015139085645475446, 0.00631090981825881, 0.004617160255910956]","[0.966667, 0.026667, 0.006333, 0.000333]"
d1-3b,typed_invoice_processing,invoice_processing_000075,disposition,choice,0,0,"[""approve"", ""hold"", ""manual_review"", ""reject""]","[0.937442273676073, 0.02853032855273937, 0.02023103236371772, 0.013796365407469906]","[0.956865, 0.019901, 0.01495, 0.008284]"
d1-3b,typed_invoice_processing,invoice_processing_000075,duplicate,noul,0,0,"[""false"", ""true""]","[0.9046505351008904, 0.0953494648991095]","[0.99, 0.01]"
d1-3b,typed_invoice_processing,invoice_processing_000075,matches_order,noul,1,1,"[""false"", ""true""]","[0.034618838839175825, 0.9653811611608242]","[0.016667, 0.983333]"
d1-3b,typed_invoice_processing,invoice_processing_000075,urgency,score,1,2,"[""0"", ""1"", ""2"", ""3""]","[0.00590059189533783, 0.02665202591703689, 0.9395162988410565, 0.027931083346568755]","[0.016667, 0.55, 0.416667, 0.016667]"
d1-3b,typed_invoice_processing,invoice_processing_000076,discrepancy_severity,score,3,3,"[""0"", ""1"", ""2"", ""3""]","[0.09377595278856553, 0.06754428496318073, 0.35115262439250594, 0.48752713785574775]","[0.01, 0.023333, 0.383333, 0.583333]"
d1-3b,typed_invoice_processing,invoice_processing_000076,disposition,choice,2,2,"[""approve"", ""hold"", ""manual_review"", ""reject""]","[0.11901959975427569, 0.4026381160110534, 0.44917527693810144, 0.02916700729656946]","[0.033333, 0.316667, 0.616667, 0.033333]"
d1-3b,typed_invoice_processing,invoice_processing_000076,duplicate,noul,0,0,"[""false"", ""true""]","[0.8791467675095294, 0.12085323249047067]","[0.966667, 0.033333]"
d1-3b,typed_invoice_processing,invoice_processing_000076,matches_order,noul,0,0,"[""false"", ""true""]","[0.5774953651858117, 0.42250463481418826]","[0.9, 0.1]"
d1-3b,typed_invoice_processing,invoice_processing_000076,urgency,score,2,2,"[""0"", ""1"", ""2"", ""3""]","[0.00485920466678602, 0.014281996752046425, 0.7676813788003366, 0.2131774197808309]","[0.006667, 0.2, 0.666667, 0.126667]"
d1-3b,typed_invoice_processing,invoice_processing_000077,discrepancy_severity,score,3,3,"[""0"", ""1"", ""2"", ""3""]","[0.16207567024893277, 0.06809309591719684, 0.3223259583317165, 0.44750527550215397]","[0.006667, 0.076667, 0.25, 0.666667]"
d1-3b,typed_invoice_processing,invoice_processing_000077,disposition,choice,2,2,"[""approve"", ""hold"", ""manual_review"", ""reject""]","[0.12057183164718353, 0.3277482189905623, 0.5116077348752943, 0.04007221448695988]","[0.05, 0.416667, 0.466667, 0.066667]"
d1-3b,typed_invoice_processing,invoice_processing_000077,duplicate,noul,0,0,"[""false"", ""true""]","[0.9046505351008904, 0.0953494648991095]","[0.96, 0.04]"
d1-3b,typed_invoice_processing,invoice_processing_000077,matches_order,noul,0,0,"[""false"", ""true""]","[0.7981867777396212, 0.20181322226037882]","[0.876667, 0.123333]"
d1-3b,typed_invoice_processing,invoice_processing_000077,urgency,score,2,3,"[""0"", ""1"", ""2"", ""3""]","[0.26758353942196084, 0.07430526528979661, 0.19576829948996638, 0.4623428957982763]","[0.033333, 0.383333, 0.383333, 0.2]"
d1-3b,typed_invoice_processing,invoice_processing_000078,discrepancy_severity,score,3,3,"[""0"", ""1"", ""2"", ""3""]","[0.0983434422162888, 0.13547381366894842, 0.3149860539237079, 0.4511966901910549]","[0.0, 0.0, 0.2, 0.8]"
d1-3b,typed_invoice_processing,invoice_processing_000078,disposition,choice,2,2,"[""approve"", ""hold"", ""manual_review"", ""reject""]","[0.08384177509701667, 0.21243135327955576, 0.6698517322754652, 0.03387513934796238]","[0.016667, 0.233333, 0.716667, 0.033333]"
d1-3b,typed_invoice_processing,invoice_processing_000078,duplicate,noul,0,0,"[""false"", ""true""]","[0.8311430478583168, 0.16885695214168314]","[0.96, 0.04]"
d1-3b,typed_invoice_processing,invoice_processing_000078,matches_order,noul,0,0,"[""false"", ""true""]","[0.6959583250334526, 0.30404167496654744]","[0.983333, 0.016667]"
d1-3b,typed_invoice_processing,invoice_processing_000078,urgency,score,1,3,"[""0"", ""1"", ""2"", ""3""]","[0.28215270909015167, 0.050983953500191206, 0.17934717382249182, 0.4875161635871653]","[0.05, 0.5, 0.25, 0.2]"
d1-3b,typed_invoice_processing,invoice_processing_000079,discrepancy_severity,score,3,3,"[""0"", ""1"", ""2"", ""3""]","[0.036200669664087054, 0.009592222536437899, 0.28697356906500077, 0.6672335387344743]","[0.0, 0.033333, 0.093333, 0.873333]"
d1-3b,typed_invoice_processing,invoice_processing_000079,disposition,choice,2,2,"[""approve"", ""hold"", ""manual_review"", ""reject""]","[0.043673198607274935, 0.019685052861708376, 0.9121433044221822, 0.02449844410883459]","[0.02, 0.3, 0.61, 0.07]"
d1-3b,typed_invoice_processing,invoice_processing_000079,duplicate,noul,0,0,"[""false"", ""true""]","[0.897695292107347, 0.10230470789265303]","[0.97, 0.03]"
d1-3b,typed_invoice_processing,invoice_processing_000079,matches_order,noul,0,0,"[""false"", ""true""]","[0.8872045937171068, 0.11279540628289324]","[0.963333, 0.036667]"
d1-3b,typed_invoice_processing,invoice_processing_000079,urgency,score,3,3,"[""0"", ""1"", ""2"", ""3""]","[0.04391654509394488, 0.033409945679445, 0.4505261538346918, 0.47214735539191827]","[0.016667, 0.1, 0.433333, 0.45]"
d1-3b,typed_invoice_processing,invoice_processing_000080,discrepancy_severity,score,3,0,"[""0"", ""1"", ""2"", ""3""]","[0.29304473831161665, 0.17227211452147365, 0.2506544476068677, 0.284028699560042]","[0.006667, 0.06, 0.25, 0.683333]"
d1-3b,typed_invoice_processing,invoice_processing_000080,disposition,choice,1,0,"[""approve"", ""hold"", ""manual_review"", ""reject""]","[0.47536916314331545, 0.09809797142832855, 0.38196985342133183, 0.044563012007024214]","[0.036667, 0.47, 0.46, 0.033333]"
d1-3b,typed_invoice_processing,invoice_processing_000080,duplicate,noul,0,0,"[""false"", ""true""]","[0.8962513731336202, 0.10374862686637971]","[0.98, 0.02]"
d1-3b,typed_invoice_processing,invoice_processing_000080,matches_order,noul,0,0,"[""false"", ""true""]","[0.6992544210587586, 0.3007455789412415]","[0.943333, 0.056667]"
d1-3b,typed_invoice_processing,invoice_processing_000080,urgency,score,2,2,"[""0"", ""1"", ""2"", ""3""]","[0.006880911481556636, 0.034134671455084864, 0.8942081928362626, 0.06477622422709593]","[0.016667, 0.2, 0.533333, 0.25]"
d1-3b,typed_invoice_processing,invoice_processing_000081,discrepancy_severity,score,0,0,"[""0"", ""1"", ""2"", ""3""]","[0.9788733691900301, 0.007300660233905687, 0.00753240806672305, 0.006293562509341053]","[0.94, 0.043333, 0.016667, 0.0]"
d1-3b,typed_invoice_processing,invoice_processing_000081,disposition,choice,0,0,"[""approve"", ""hold"", ""manual_review"", ""reject""]","[0.9149486456700057, 0.03717895735566673, 0.030582576114148243, 0.01728982086017938]","[0.833333, 0.09, 0.066667, 0.01]"
d1-3b,typed_invoice_processing,invoice_processing_000081,duplicate,noul,0,0,"[""false"", ""true""]","[0.849971175657575, 0.1500288243424251]","[0.946667, 0.053333]"
d1-3b,typed_invoice_processing,invoice_processing_000081,matches_order,noul,1,1,"[""false"", ""true""]","[0.037892426629607345, 0.9621075733703927]","[0.036667, 0.963333]"
d1-3b,typed_invoice_processing,invoice_processing_000081,urgency,score,2,2,"[""0"", ""1"", ""2"", ""3""]","[0.0034219833074999274, 0.014520084042963122, 0.948821129270535, 0.03323680337900201]","[0.02, 0.283333, 0.633333, 0.063333]"
d1-3b,typed_invoice_processing,invoice_processing_000082,discrepancy_severity,score,0,0,"[""0"", ""1"", ""2"", ""3""]","[0.9739874722356857, 0.00992901164997398, 0.0087623220268284, 0.007321194087512005]","[0.866667, 0.11, 0.02, 0.003333]"
d1-3b,typed_invoice_processing,invoice_processing_000082,disposition,choice,0,0,"[""approve"", ""hold"", ""manual_review"", ""reject""]","[0.9062443048403381, 0.041081542039644904, 0.03541450287001092, 0.017259650250006076]","[0.84, 0.09, 0.06, 0.01]"
d1-3b,typed_invoice_processing,invoice_processing_000082,duplicate,noul,0,0,"[""false"", ""true""]","[0.8807970779778824, 0.11920292202211755]","[0.976667, 0.023333]"
d1-3b,typed_invoice_processing,invoice_processing_000082,matches_order,noul,1,1,"[""false"", ""true""]","[0.04468087027265022, 0.9553191297273498]","[0.046667, 0.953333]"
d1-3b,typed_invoice_processing,invoice_processing_000082,urgency,score,1,1,"[""0"", ""1"", ""2"", ""3""]","[0.04667651342576782, 0.6343596809384076, 0.29043102529639975, 0.028532780339424857]","[0.066667, 0.766667, 0.143333, 0.023333]"
d1-3b,typed_invoice_processing,invoice_processing_000083,discrepancy_severity,score,3,3,"[""0"", ""1"", ""2"", ""3""]","[0.06257287458128963, 0.07547729411317675, 0.42760799262417526, 0.4343418386813584]","[0.003333, 0.013333, 0.183333, 0.8]"
d1-3b,typed_invoice_processing,invoice_processing_000083,disposition,choice,2,2,"[""approve"", ""hold"", ""manual_review"", ""reject""]","[0.07081064378643798, 0.17941415086624088, 0.7264243334128054, 0.02335087193451569]","[0.023333, 0.26, 0.683333, 0.033333]"
d1-3b,typed_invoice_processing,invoice_processing_000083,duplicate,noul,0,0,"[""false"", ""true""]","[0.8872045937171068, 0.11279540628289324]","[0.97, 0.03]"
d1-3b,typed_invoice_processing,invoice_processing_000083,matches_order,noul,0,0,"[""false"", ""true""]","[0.7634837635542924, 0.23651623644570763]","[0.98, 0.02]"
d1-3b,typed_invoice_processing,invoice_processing_000083,urgency,score,2,2,"[""0"", ""1"", ""2"", ""3""]","[0.0066677100103661995, 0.025962455474181658, 0.859758446984951, 0.10761138753050115]","[0.043333, 0.2, 0.6, 0.156667]"
d1-3b,typed_invoice_processing,invoice_processing_000084,discrepancy_severity,score,3,0,"[""0"", ""1"", ""2"", ""3""]","[0.5419177113767493, 0.03081269147200162, 0.15048511353155383, 0.27678448361969527]","[0.013333, 0.03, 0.09, 0.866667]"
d1-3b,typed_invoice_processing,invoice_processing_000084,disposition,choice,2,1,"[""approve"", ""hold"", ""manual_review"", ""reject""]","[0.03047136447756727, 0.5034452024714371, 0.40452958480125945, 0.06155384824973619]","[0.023333, 0.36, 0.55, 0.066667]"
d1-3b,typed_invoice_processing,invoice_processing_000084,duplicate,noul,0,0,"[""false"", ""true""]","[0.8539127529517043, 0.14608724704829565]","[0.973333, 0.026667]"
d1-3b,typed_invoice_processing,invoice_processing_000084,matches_order,noul,0,0,"[""false"", ""true""]","[0.8791467675095294, 0.12085323249047067]","[0.96, 0.04]"
d1-3b,typed_invoice_processing,invoice_processing_000084,urgency,score,1,2,"[""0"", ""1"", ""2"", ""3""]","[0.011437050399619232, 0.05763013572212495, 0.8737511594303911, 0.05718165444786482]","[0.066667, 0.433333, 0.25, 0.25]"
d1-3b,typed_invoice_processing,invoice_processing_000085,discrepancy_severity,score,3,0,"[""0"", ""1"", ""2"", ""3""]","[0.3652525647621221, 0.11674173159000388, 0.259002851823937, 0.259002851823937]","[0.0, 0.016667, 0.2, 0.783333]"
d1-3b,typed_invoice_processing,invoice_processing_000085,disposition,choice,2,0,"[""approve"", ""hold"", ""manual_review"", ""reject""]","[0.6837018425505506, 0.0969695410972538, 0.17018684468603834, 0.049141771666157186]","[0.04, 0.416667, 0.45, 0.093333]"
d1-3b,typed_invoice_processing,invoice_processing_000085,duplicate,noul,0,0,"[""false"", ""true""]","[0.7956581000631542, 0.20434189993684582]","[0.98, 0.02]"
d1-3b,typed_invoice_processing,invoice_processing_000085,matches_order,noul,0,1,"[""false"", ""true""]","[0.3486451353339458, 0.6513548646660542]","[0.943333, 0.056667]"
d1-3b,typed_invoice_processing,invoice_processing_000085,urgency,score,2,2,"[""0"", ""1"", ""2"", ""3""]","[0.007049545073281163, 0.02154514683100497, 0.73612547470124, 0.23527983339447386]","[0.033333, 0.183333, 0.65, 0.133333]"
d1-3b,typed_invoice_processing,invoice_processing_000086,discrepancy_severity,score,0,0,"[""0"", ""1"", ""2"", ""3""]","[0.9755059355673515, 0.009714127261637224, 0.008308933362111047, 0.006471003808900204]","[0.97, 0.03, 0.0, 0.0]"
d1-3b,typed_invoice_processing,invoice_processing_000086,disposition,choice,0,0,"[""approve"", ""hold"", ""manual_review"", ""reject""]","[0.847271090968262, 0.06954824633619902, 0.06042456355356683, 0.022756099141972165]","[0.913333, 0.056667, 0.03, 0.0]"
d1-3b,typed_invoice_processing,invoice_processing_000086,duplicate,noul,0,0,"[""false"", ""true""]","[0.8947894632969137, 0.10521053670308635]","[0.98, 0.02]"
d1-3b,typed_invoice_processing,invoice_processing_000086,matches_order,noul,1,1,"[""false"", ""true""]","[0.04084571590994934, 0.9591542840900507]","[0.013333, 0.986667]"
d1-3b,typed_invoice_processing,invoice_processing_000086,urgency,score,2,2,"[""0"", ""1"", ""2"", ""3""]","[0.01104557630096284, 0.1081241401719963, 0.824296267359393, 0.05653401616764785]","[0.016667, 0.283333, 0.7, 0.0]"
d1-3b,typed_invoice_processing,invoice_processing_000087,discrepancy_severity,score,3,3,"[""0"", ""1"", ""2"", ""3""]","[0.08168517212555722, 0.046180609106059846, 0.4020685086646626, 0.4700657101037203]","[0.006667, 0.053333, 0.123333, 0.816667]"
d1-3b,typed_invoice_processing,invoice_processing_000087,disposition,choice,1,2,"[""approve"", ""hold"", ""manual_review"", ""reject""]","[0.13018815415974325, 0.035591460794382246, 0.7974991300080079, 0.036721255037866656]","[0.023333, 0.5, 0.433333, 0.043333]"
d1-3b,typed_invoice_processing,invoice_processing_000087,duplicate,noul,0,0,"[""false"", ""true""]","[0.9161096135894201, 0.08389038641057993]","[0.983333, 0.016667]"
d1-3b,typed_invoice_processing,invoice_processing_000087,matches_order,noul,0,0,"[""false"", ""true""]","[0.7341195269001831, 0.2658804730998169]","[0.95, 0.05]"
d1-3b,typed_invoice_processing,invoice_processing_000087,urgency,score,2,2,"[""0"", ""1"", ""2"", ""3""]","[0.003957798274527356, 0.01948096586475711, 0.9534270164917115, 0.023134219369004044]","[0.0, 0.233333, 0.65, 0.116667]"
d1-3b,typed_invoice_processing,invoice_processing_000088,discrepancy_severity,score,2,0,"[""0"", ""1"", ""2"", ""3""]","[0.9221083758331189, 0.013784403349321942, 0.0325544073171234, 0.03155281350043587]","[0.306667, 0.143333, 0.483333, 0.066667]"
d1-3b,typed_invoice_processing,invoice_processing_000088,disposition,choice,2,2,"[""approve"", ""hold"", ""manual_review"", ""reject""]","[0.23065672896668224, 0.34897248637991346, 0.3802886552774834, 0.040082129375920886]","[0.283333, 0.233333, 0.476667, 0.006667]"
d1-3b,typed_invoice_processing,invoice_processing_000088,duplicate,noul,0,0,"[""false"", ""true""]","[0.9032942067038785, 0.09670579329612154]","[0.963333, 0.036667]"
d1-3b,typed_invoice_processing,invoice_processing_000088,matches_order,noul,1,1,"[""false"", ""true""]","[0.14804719803168942, 0.8519528019683106]","[0.29, 0.71]"
d1-3b,typed_invoice_processing,invoice_processing_000088,urgency,score,3,2,"[""0"", ""1"", ""2"", ""3""]","[0.02287651503797652, 0.02869357815712854, 0.5763259235333764, 0.3721039832715185]","[0.0, 0.066667, 0.3, 0.633333]"
d1-3b,typed_invoice_processing,invoice_processing_000089,discrepancy_severity,score,0,0,"[""0"", ""1"", ""2"", ""3""]","[0.9679962975938505, 0.011269537200391649, 0.011094819220485483, 0.00963934598527217]","[0.973333, 0.02, 0.006667, 0.0]"
d1-3b,typed_invoice_processing,invoice_processing_000089,disposition,choice,0,0,"[""approve"", ""hold"", ""manual_review"", ""reject""]","[0.9094252455700373, 0.0363815872432386, 0.03753646279256489, 0.016656704394159207]","[0.94, 0.04, 0.016667, 0.003333]"
d1-3b,typed_invoice_processing,invoice_processing_000089,duplicate,noul,0,0,"[""false"", ""true""]","[0.8947894632969137, 0.10521053670308635]","[0.97, 0.03]"
d1-3b,typed_invoice_processing,invoice_processing_000089,matches_order,noul,1,1,"[""false"", ""true""]","[0.041462272711409565, 0.9585377272885904]","[0.016667, 0.983333]"
d1-3b,typed_invoice_processing,invoice_processing_000089,urgency,score,2,2,"[""0"", ""1"", ""2"", ""3""]","[0.006501848491133228, 0.017812474380205907, 0.8253739197572277, 0.1503117573714331]","[0.023333, 0.166667, 0.693333, 0.116667]"
d1-3b,typed_invoice_processing,invoice_processing_000090,discrepancy_severity,score,3,3,"[""0"", ""1"", ""2"", ""3""]","[0.20259620137848244, 0.10676069583583303, 0.26839635976257753, 0.42224674302310705]","[0.003333, 0.013333, 0.15, 0.833333]"
d1-3b,typed_invoice_processing,invoice_processing_000090,disposition,choice,2,2,"[""approve"", ""hold"", ""manual_review"", ""reject""]","[0.4031381501940475, 0.06896880546451054, 0.4750128268925673, 0.052880217448874736]","[0.006667, 0.25, 0.693333, 0.05]"
d1-3b,typed_invoice_processing,invoice_processing_000090,duplicate,noul,0,0,"[""false"", ""true""]","[0.8670357598021707, 0.13296424019782924]","[0.976667, 0.023333]"
d1-3b,typed_invoice_processing,invoice_processing_000090,matches_order,noul,0,0,"[""false"", ""true""]","[0.5621765008857982, 0.4378234991142019]","[0.986667, 0.013333]"
d1-3b,typed_invoice_processing,invoice_processing_000090,urgency,score,2,2,"[""0"", ""1"", ""2"", ""3""]","[0.03071985689887374, 0.029542997662310458, 0.5319086425306443, 0.4078285029081715]","[0.0, 0.15, 0.566667, 0.283333]"
d1-3b,typed_invoice_processing,invoice_processing_000091,discrepancy_severity,score,0,0,"[""0"", ""1"", ""2"", ""3""]","[0.9725794269150352, 0.013873100440596508, 0.008029134550108551, 0.0055183380942597825]","[0.913333, 0.07, 0.013333, 0.003333]"
d1-3b,typed_invoice_processing,invoice_processing_000091,disposition,choice,0,0,"[""approve"", ""hold"", ""manual_review"", ""reject""]","[0.9242896245523752, 0.03366724711327366, 0.02443980044111387, 0.017603327893237358]","[0.321667, 0.182667, 0.299333, 0.196333]"
d1-3b,typed_invoice_processing,invoice_processing_000091,duplicate,noul,1,0,"[""false"", ""true""]","[0.611381973294151, 0.38861802670584894]","[0.383333, 0.616667]"
d1-3b,typed_invoice_processing,invoice_processing_000091,matches_order,noul,1,1,"[""false"", ""true""]","[0.037892426629607345, 0.9621075733703927]","[0.043333, 0.956667]"
d1-3b,typed_invoice_processing,invoice_processing_000091,urgency,score,3,0,"[""0"", ""1"", ""2"", ""3""]","[0.6252127021490356, 0.10206316795504337, 0.09077686072298466, 0.1819472691729365]","[0.016667, 0.333333, 0.316667, 0.333333]"
d1-3b,typed_invoice_processing,invoice_processing_000092,discrepancy_severity,score,2,0,"[""0"", ""1"", ""2"", ""3""]","[0.9236839137182239, 0.03261003060761669, 0.02423371701123755, 0.01947233866292197]","[0.266667, 0.166667, 0.496667, 0.07]"
d1-3b,typed_invoice_processing,invoice_processing_000092,disposition,choice,1,1,"[""approve"", ""hold"", ""manual_review"", ""reject""]","[0.25938727005551165, 0.354540362169367, 0.3517813071817294, 0.03429106059339208]","[0.293333, 0.593333, 0.106667, 0.006667]"
d1-3b,typed_invoice_processing,invoice_processing_000092,duplicate,noul,0,0,"[""false"", ""true""]","[0.8479677583778258, 0.15203224162217424]","[0.953333, 0.046667]"
d1-3b,typed_invoice_processing,invoice_processing_000092,matches_order,noul,0,1,"[""false"", ""true""]","[0.14033624949008328, 0.8596637505099167]","[0.58, 0.42]"
d1-3b,typed_invoice_processing,invoice_processing_000092,urgency,score,2,2,"[""0"", ""1"", ""2"", ""3""]","[0.02826673402106525, 0.03629520492979987, 0.4932719461893531, 0.4421661148597818]","[0.016667, 0.166667, 0.516667, 0.3]"
d1-3b,typed_invoice_processing,invoice_processing_000093,discrepancy_severity,score,0,0,"[""0"", ""1"", ""2"", ""3""]","[0.983061407931599, 0.007389400349154055, 0.004961008705557211, 0.004588183013689847]","[0.65, 0.026667, 0.006667, 0.316667]"
d1-3b,typed_invoice_processing,invoice_processing_000093,disposition,choice,0,0,"[""approve"", ""hold"", ""manual_review"", ""reject""]","[0.9281106890159245, 0.02983406921192755, 0.02531984568403631, 0.0167353960881116]","[0.52, 0.06, 0.083333, 0.336667]"
d1-3b,typed_invoice_processing,invoice_processing_000093,duplicate,noul,1,1,"[""false"", ""true""]","[0.4804786780479071, 0.5195213219520929]","[0.483333, 0.516667]"
d1-3b,typed_invoice_processing,invoice_processing_000093,matches_order,noul,1,1,"[""false"", ""true""]","[0.0335895056501041, 0.9664104943498959]","[0.016667, 0.983333]"
d1-3b,typed_invoice_processing,invoice_processing_000093,urgency,score,1,1,"[""0"", ""1"", ""2"", ""3""]","[0.02878433273695098, 0.7251610273844675, 0.22818204125301175, 0.017872598625569707]","[0.116667, 0.783333, 0.1, 0.0]"
d1-3b,typed_invoice_processing,invoice_processing_000094,discrepancy_severity,score,0,0,"[""0"", ""1"", ""2"", ""3""]","[0.9178063088429042, 0.017074931193962587, 0.03116120450716033, 0.03395755545597289]","[0.45, 0.283333, 0.23, 0.036667]"
d1-3b,typed_invoice_processing,invoice_processing_000094,disposition,choice,0,1,"[""approve"", ""hold"", ""manual_review"", ""reject""]","[0.199488446049844, 0.6144676726872051, 0.1590460559143635, 0.02699782534858737]","[0.466667, 0.25, 0.243333, 0.04]"
d1-3b,typed_invoice_processing,invoice_processing_000094,duplicate,noul,0,0,"[""false"", ""true""]","[0.8918110454379297, 0.10818895456207035]","[0.966667, 0.033333]"
d1-3b,typed_invoice_processing,invoice_processing_000094,matches_order,noul,1,1,"[""false"", ""true""]","[0.11436852618181237, 0.8856314738181876]","[0.126667, 0.873333]"
d1-3b,typed_invoice_processing,invoice_processing_000094,urgency,score,2,2,"[""0"", ""1"", ""2"", ""3""]","[0.004455582623729218, 0.01068838707629312, 0.7434825771804122, 0.2413734531195655]","[0.023333, 0.183333, 0.693333, 0.1]"
d1-3b,typed_invoice_processing,invoice_processing_000095,discrepancy_severity,score,3,2,"[""0"", ""1"", ""2"", ""3""]","[0.08326619607672461, 0.1981907909522137, 0.3761000345750707, 0.34244297839599097]","[0.0, 0.0, 0.083333, 0.916667]"
d1-3b,typed_invoice_processing,invoice_processing_000095,disposition,choice,2,2,"[""approve"", ""hold"", ""manual_review"", ""reject""]","[0.12818662829954494, 0.031659863265758655, 0.7791275247445405, 0.061025983690156]","[0.0, 0.083333, 0.816667, 0.1]"
d1-3b,typed_invoice_processing,invoice_processing_000095,duplicate,noul,0,0,"[""false"", ""true""]","[0.8289388083214156, 0.17106119167858438]","[0.98, 0.02]"
d1-3b,typed_invoice_processing,invoice_processing_000095,matches_order,noul,0,0,"[""false"", ""true""]","[0.7248702761768249, 0.2751297238231752]","[1.0, 0.0]"
d1-3b,typed_invoice_processing,invoice_processing_000095,urgency,score,2,2,"[""0"", ""1"", ""2"", ""3""]","[0.03338375336011307, 0.029004307553831522, 0.49441826799803323, 0.4431936710880222]","[0.0, 0.116667, 0.516667, 0.366667]"
d1-3b,typed_invoice_processing,invoice_processing_000096,discrepancy_severity,score,0,0,"[""0"", ""1"", ""2"", ""3""]","[0.9331484620648789, 0.01593075968149325, 0.025062602918105074, 0.025858175335522683]","[0.35, 0.35, 0.266667, 0.033333]"
d1-3b,typed_invoice_processing,invoice_processing_000096,disposition,choice,0,2,"[""approve"", ""hold"", ""manual_review"", ""reject""]","[0.2224702638859031, 0.3445686852516177, 0.38740898632970544, 0.0455520645327737]","[0.433333, 0.416667, 0.116667, 0.033333]"
d1-3b,typed_invoice_processing,invoice_processing_000096,duplicate,noul,0,0,"[""false"", ""true""]","[0.8723473746782093, 0.12765262532179067]","[0.96, 0.04]"
d1-3b,typed_invoice_processing,invoice_processing_000096,matches_order,noul,1,1,"[""false"", ""true""]","[0.12252321251815934, 0.8774767874818407]","[0.323333, 0.676667]"
d1-3b,typed_invoice_processing,invoice_processing_000096,urgency,score,2,3,"[""0"", ""1"", ""2"", ""3""]","[0.03807275802196988, 0.022912589374429772, 0.3340778380377845, 0.6049368145658158]","[0.016667, 0.166667, 0.566667, 0.25]"
d1-3b,typed_invoice_processing,invoice_processing_000097,discrepancy_severity,score,0,0,"[""0"", ""1"", ""2"", ""3""]","[0.9667696423187914, 0.02119250853356798, 0.007043359430408895, 0.004994489717231701]","[0.963333, 0.033333, 0.003333, 0.0]"
d1-3b,typed_invoice_processing,invoice_processing_000097,disposition,choice,0,0,"[""approve"", ""hold"", ""manual_review"", ""reject""]","[0.9502148250018156, 0.024543280022793268, 0.015479252681565064, 0.009762642293826116]","[0.943333, 0.026667, 0.026667, 0.003333]"
d1-3b,typed_invoice_processing,invoice_processing_000097,duplicate,noul,0,0,"[""false"", ""true""]","[0.9314625069680098, 0.06853749303199023]","[0.983333, 0.016667]"
d1-3b,typed_invoice_processing,invoice_processing_000097,matches_order,noul,1,1,"[""false"", ""true""]","[0.034618838839175825, 0.9653811611608242]","[0.02, 0.98]"
d1-3b,typed_invoice_processing,invoice_processing_000097,urgency,score,1,2,"[""0"", ""1"", ""2"", ""3""]","[0.01034499011861885, 0.11655664243566723, 0.8478912257242329, 0.025207141721481096]","[0.036667, 0.716667, 0.226667, 0.02]"
d1-3b,typed_invoice_processing,invoice_processing_000098,discrepancy_severity,score,0,0,"[""0"", ""1"", ""2"", ""3""]","[0.9224565791335966, 0.021694099391267478, 0.02988488416120774, 0.02596443731392825]","[0.683333, 0.25, 0.06, 0.006667]"
d1-3b,typed_invoice_processing,invoice_processing_000098,disposition,choice,0,1,"[""approve"", ""hold"", ""manual_review"", ""reject""]","[0.2107310720751253, 0.6145530653645733, 0.1541741458348429, 0.020541716725458528]","[0.843333, 0.09, 0.053333, 0.013333]"
d1-3b,typed_invoice_processing,invoice_processing_000098,duplicate,noul,0,0,"[""false"", ""true""]","[0.897695292107347, 0.10230470789265303]","[0.973333, 0.026667]"
d1-3b,typed_invoice_processing,invoice_processing_000098,matches_order,noul,1,1,"[""false"", ""true""]","[0.10230470789265311, 0.8976952921073469]","[0.096667, 0.903333]"
d1-3b,typed_invoice_processing,invoice_processing_000098,urgency,score,1,2,"[""0"", ""1"", ""2"", ""3""]","[0.014586685222140447, 0.2354171722802594, 0.713893749847834, 0.036102392649766]","[0.1, 0.7, 0.18, 0.02]"
d1-3b,typed_invoice_processing,invoice_processing_000099,discrepancy_severity,score,0,0,"[""0"", ""1"", ""2"", ""3""]","[0.9305032344600908, 0.012179912180564724, 0.028098762946698892, 0.029218090412645635]","[0.566667, 0.3, 0.113333, 0.02]"
d1-3b,typed_invoice_processing,invoice_processing_000099,disposition,choice,0,1,"[""approve"", ""hold"", ""manual_review"", ""reject""]","[0.2131124797176642, 0.5792997810343734, 0.17806214171390447, 0.029525597534057924]","[0.733333, 0.1, 0.133333, 0.033333]"
d1-3b,typed_invoice_processing,invoice_processing_000099,duplicate,noul,0,0,"[""false"", ""true""]","[0.9086178969328287, 0.09138210306717136]","[0.97, 0.03]"
d1-3b,typed_invoice_processing,invoice_processing_000099,matches_order,noul,1,1,"[""false"", ""true""]","[0.12765262532179067, 0.8723473746782093]","[0.1, 0.9]"
d1-3b,typed_invoice_processing,invoice_processing_000099,urgency,score,2,2,"[""0"", ""1"", ""2"", ""3""]","[0.004194597814472181, 0.012522755918441087, 0.8377104056140597, 0.14557224065302707]","[0.033333, 0.283333, 0.583333, 0.1]"
d1-3b,typed_security_incidents,security_incidents_000000,credential_compromise,noul,1,0,"[""false"", ""true""]","[0.9124361604769413, 0.08756383952305867]","[0.3, 0.7]"
d1-3b,typed_security_incidents,security_incidents_000000,disposition,choice,1,2,"[""close_benign"", ""contain"", ""investigate"", ""monitor""]","[0.10147805482270152, 0.08090535918746683, 0.7736291051765439, 0.043987480813287703]","[0.016667, 0.516667, 0.366667, 0.1]"
d1-3b,typed_security_incidents,security_incidents_000000,severity,score,3,2,"[""0"", ""1"", ""2"", ""3"", ""4""]","[0.16471649598175234, 0.3150285563890807, 0.33534615267706885, 0.15964870217200355, 0.025260092780094424]","[0.016667, 0.083333, 0.366667, 0.45, 0.083333]"
d1-3b,typed_security_incidents,security_incidents_000000,true_positive,noul,1,1,"[""false"", ""true""]","[0.07696083569602619, 0.9230391643039738]","[0.15, 0.85]"
d1-3b,typed_security_incidents,security_incidents_000000,urgency,score,3,2,"[""0"", ""1"", ""2"", ""3""]","[0.06787539487208394, 0.28133569371468875, 0.3905959289658398, 0.2601929824473876]","[0.033333, 0.1, 0.283333, 0.583333]"
d1-3b,typed_security_incidents,security_incidents_000001,credential_compromise,noul,1,1,"[""false"", ""true""]","[0.1778108694780497, 0.8221891305219503]","[0.1, 0.9]"
d1-3b,typed_security_incidents,security_incidents_000001,disposition,choice,1,2,"[""close_benign"", ""contain"", ""investigate"", ""monitor""]","[0.02925970846020591, 0.10133166327629928, 0.8287855460787154, 0.04062308218477956]","[0.003333, 0.7, 0.266667, 0.03]"
d1-3b,typed_security_incidents,security_incidents_000001,severity,score,3,3,"[""0"", ""1"", ""2"", ""3"", ""4""]","[0.08293835620024306, 0.26982811238645155, 0.27839337611264836, 0.32547483130470184, 0.04336532399595506]","[0.006667, 0.076667, 0.266667, 0.533333, 0.116667]"
d1-3b,typed_security_incidents,security_incidents_000001,true_positive,noul,1,1,"[""false"", ""true""]","[0.0900929939619518, 0.9099070060380482]","[0.05, 0.95]"
d1-3b,typed_security_incidents,security_incidents_000001,urgency,score,3,3,"[""0"", ""1"", ""2"", ""3""]","[0.039168283130183675, 0.0829192560372888, 0.4081428825693204, 0.46976957826320714]","[0.003333, 0.013333, 0.1, 0.883333]"
d1-3b,typed_security_incidents,security_incidents_000002,credential_compromise,noul,0,0,"[""false"", ""true""]","[0.9324533088603709, 0.0675466911396291]","[0.8, 0.2]"
d1-3b,typed_security_incidents,security_incidents_000002,disposition,choice,2,0,"[""close_benign"", ""contain"", ""investigate"", ""monitor""]","[0.5619247019672524, 0.022833822018761964, 0.23980002783099208, 0.1754414481829935]","[0.166667, 0.05, 0.516667, 0.266667]"
d1-3b,typed_security_incidents,security_incidents_000002,severity,score,2,3,"[""0"", ""1"", ""2"", ""3"", ""4""]","[0.04609721860822473, 0.3077199494458297, 0.24725992575418074, 0.3711811113718547, 0.027741794819910136]","[0.033333, 0.216667, 0.466667, 0.25, 0.033333]"
d1-3b,typed_security_incidents,security_incidents_000002,true_positive,noul,0,0,"[""false"", ""true""]","[0.8670357598021707, 0.13296424019782924]","[0.6, 0.4]"
d1-3b,typed_security_incidents,security_incidents_000002,urgency,score,1,1,"[""0"", ""1"", ""2"", ""3""]","[0.18078465293260843, 0.4616497839082739, 0.2630401179116765, 0.09452544524744116]","[0.066667, 0.433333, 0.383333, 0.116667]"
d1-3b,typed_security_incidents,security_incidents_000003,credential_compromise,noul,1,1,"[""false"", ""true""]","[0.29421497216298875, 0.7057850278370112]","[0.333333, 0.666667]"
d1-3b,typed_security_incidents,security_incidents_000003,disposition,choice,2,2,"[""close_benign"", ""contain"", ""investigate"", ""monitor""]","[0.04403744144563402, 0.03622421123862356, 0.7990933032809721, 0.12064504403477042]","[0.066667, 0.116667, 0.483333, 0.333333]"
d1-3b,typed_security_incidents,security_incidents_000003,severity,score,2,2,"[""0"", ""1"", ""2"", ""3"", ""4""]","[0.04506038215536899, 0.1132817882585626, 0.3892623025525772, 0.3714366839061842, 0.080958843127307]","[0.05, 0.15, 0.533333, 0.233333, 0.033333]"
d1-3b,typed_security_incidents,security_incidents_000003,true_positive,noul,1,1,"[""false"", ""true""]","[0.11596071825396681, 0.8840392817460332]","[0.383333, 0.616667]"
d1-3b,typed_security_incidents,security_incidents_000003,urgency,score,2,3,"[""0"", ""1"", ""2"", ""3""]","[0.04504027164894955, 0.06451721033412545, 0.41743110599580463, 0.47301141202112035]","[0.05, 0.2, 0.416667, 0.333333]"
d1-3b,typed_security_incidents,security_incidents_000004,credential_compromise,noul,0,0,"[""false"", ""true""]","[0.8056321889812553, 0.19436781101874467]","[0.86, 0.14]"
d1-3b,typed_security_incidents,security_incidents_000004,disposition,choice,0,2,"[""close_benign"", ""contain"", ""investigate"", ""monitor""]","[0.1637631215650184, 0.06215746994930388, 0.5204381240068724, 0.25364128447880535]","[0.616667, 0.02, 0.153333, 0.21]"
d1-3b,typed_security_incidents,security_incidents_000004,severity,score,2,2,"[""0"", ""1"", ""2"", ""3"", ""4""]","[0.08876561682076707, 0.3622191361124562, 0.379602395404092, 0.15337323221334678, 0.016039619449337912]","[0.35, 0.146667, 0.386667, 0.1, 0.016667]"
d1-3b,typed_security_incidents,security_incidents_000004,true_positive,noul,0,0,"[""false"", ""true""]","[0.7634837635542924, 0.23651623644570763]","[0.826667, 0.173333]"
d1-3b,typed_security_incidents,security_incidents_000004,urgency,score,0,1,"[""0"", ""1"", ""2"", ""3""]","[0.14340273534261885, 0.35770889132787176, 0.35770889132787176, 0.1411794820016378]","[0.36, 0.353333, 0.22, 0.066667]"
d1-3b,typed_security_incidents,security_incidents_000005,credential_compromise,noul,1,0,"[""false"", ""true""]","[0.7310585786300049, 0.2689414213699951]","[0.306667, 0.693333]"
d1-3b,typed_security_incidents,security_incidents_000005,disposition,choice,2,2,"[""close_benign"", ""contain"", ""investigate"", ""monitor""]","[0.06162295795556332, 0.03222030987544804, 0.7333308726461207, 0.17282585952286791]","[0.03, 0.283333, 0.566667, 0.12]"
d1-3b,typed_security_incidents,security_incidents_000005,severity,score,3,4,"[""0"", ""1"", ""2"", ""3"", ""4""]","[0.028102752028607826, 0.05857116487538437, 0.1721502270179335, 0.3532293308665099, 0.3879465252115643]","[0.0, 0.043333, 0.206667, 0.5, 0.25]"
d1-3b,typed_security_incidents,security_incidents_000005,true_positive,noul,1,1,"[""false"", ""true""]","[0.1561048974454574, 0.8438951025545426]","[0.24, 0.76]"
d1-3b,typed_security_incidents,security_incidents_000005,urgency,score,3,3,"[""0"", ""1"", ""2"", ""3""]","[0.03391673583659175, 0.05679984376235881, 0.37038150723735247, 0.538901913163697]","[0.03, 0.103333, 0.266667, 0.6]"
d1-3b,typed_security_incidents,security_incidents_000006,credential_compromise,noul,1,1,"[""false"", ""true""]","[0.3849121444839335, 0.6150878555160665]","[0.25, 0.75]"
d1-3b,typed_security_incidents,security_incidents_000006,disposition,choice,1,2,"[""close_benign"", ""contain"", ""investigate"", ""monitor""]","[0.03418736625795761, 0.09815458836811067, 0.8347803765500115, 0.03287766882392027]","[0.033333, 0.5, 0.35, 0.116667]"
d1-3b,typed_security_incidents,security_incidents_000006,severity,score,3,3,"[""0"", ""1"", ""2"", ""3"", ""4""]","[0.019587836322561974, 0.05939937935824044, 0.1962906124747859, 0.5091391089814324, 0.2155830628629793]","[0.006667, 0.016667, 0.166667, 0.51, 0.3]"
d1-3b,typed_security_incidents,security_incidents_000006,true_positive,noul,1,1,"[""false"", ""true""]","[0.06656918897050168, 0.9334308110294983]","[0.14, 0.86]"
d1-3b,typed_security_incidents,security_incidents_000006,urgency,score,3,3,"[""0"", ""1"", ""2"", ""3""]","[0.029150126267418537, 0.04143068311762711, 0.37508277855775546, 0.5543364120571989]","[0.006667, 0.056667, 0.203333, 0.733333]"
d1-3b,typed_security_incidents,security_incidents_000007,credential_compromise,noul,1,0,"[""false"", ""true""]","[0.6513548646660543, 0.34864513533394575]","[0.5, 0.5]"
d1-3b,typed_security_incidents,security_incidents_000007,disposition,choice,2,2,"[""close_benign"", ""contain"", ""investigate"", ""monitor""]","[0.01778621612119542, 0.07909196442777623, 0.8569878851078367, 0.04613393434319153]","[0.016667, 0.15, 0.516667, 0.316667]"
d1-3b,typed_security_incidents,security_incidents_000007,severity,score,2,2,"[""0"", ""1"", ""2"", ""3"", ""4""]","[0.042741361622625346, 0.17994785377296907, 0.32584346836279304, 0.32584346836279304, 0.1256238478788195]","[0.013333, 0.133333, 0.466667, 0.333333, 0.053333]"
d1-3b,typed_security_incidents,security_incidents_000007,true_positive,noul,1,1,"[""false"", ""true""]","[0.0747700429079613, 0.9252299570920387]","[0.25, 0.75]"
d1-3b,typed_security_incidents,security_incidents_000007,urgency,score,2,2,"[""0"", ""1"", ""2"", ""3""]","[0.029312833076167853, 0.052255774896974715, 0.4843040486062587, 0.4341273434205986]","[0.016667, 0.166667, 0.416667, 0.4]"
d1-3b,typed_security_incidents,security_incidents_000008,credential_compromise,noul,0,0,"[""false"", ""true""]","[0.9005297861178929, 0.09947021388210707]","[0.533333, 0.466667]"
d1-3b,typed_security_incidents,security_incidents_000008,disposition,choice,2,2,"[""close_benign"", ""contain"", ""investigate"", ""monitor""]","[0.0663712761588046, 0.10441667395613452, 0.7247953759289263, 0.10441667395613452]","[0.016667, 0.106667, 0.533333, 0.343333]"
d1-3b,typed_security_incidents,security_incidents_000008,severity,score,2,3,"[""0"", ""1"", ""2"", ""3"", ""4""]","[0.0933805747883291, 0.27020565247193695, 0.2744607723455403, 0.29676285293710886, 0.06519014745708479]","[0.046667, 0.153333, 0.383333, 0.3, 0.116667]"
d1-3b,typed_security_incidents,security_incidents_000008,true_positive,noul,1,1,"[""false"", ""true""]","[0.11920292202211769, 0.8807970779778823]","[0.383333, 0.616667]"
d1-3b,typed_security_incidents,security_incidents_000008,urgency,score,3,2,"[""0"", ""1"", ""2"", ""3""]","[0.02910461599121392, 0.06558826460468241, 0.5158916623365414, 0.38941545706756225]","[0.053333, 0.213333, 0.316667, 0.416667]"
d1-3b,typed_security_incidents,security_incidents_000009,credential_compromise,noul,0,1,"[""false"", ""true""]","[0.18952109132967765, 0.8104789086703224]","[0.583333, 0.416667]"
d1-3b,typed_security_incidents,security_incidents_000009,disposition,choice,3,2,"[""close_benign"", ""contain"", ""investigate"", ""monitor""]","[0.15407257386304013, 0.06836929020899256, 0.6537573448426395, 0.12380079108532792]","[0.1, 0.05, 0.333333, 0.516667]"
d1-3b,typed_security_incidents,security_incidents_000009,severity,score,2,2,"[""0"", ""1"", ""2"", ""3"", ""4""]","[0.041616425092491686, 0.21976469885041278, 0.3738323456680095, 0.2609770371789494, 0.10380949321013672]","[0.066667, 0.25, 0.533333, 0.15, 0.0]"
d1-3b,typed_security_incidents,security_incidents_000009,true_positive,noul,0,1,"[""false"", ""true""]","[0.3380771241500058, 0.6619228758499942]","[0.616667, 0.383333]"
d1-3b,typed_security_incidents,security_incidents_000009,urgency,score,1,2,"[""0"", ""1"", ""2"", ""3""]","[0.055414769585906104, 0.08318742189448423, 0.46762124245055625, 0.39377656606905337]","[0.05, 0.516667, 0.366667, 0.066667]"
d1-3b,typed_security_incidents,security_incidents_000010,credential_compromise,noul,0,1,"[""false"", ""true""]","[0.07159119944455239, 0.9284088005554476]","[0.616667, 0.383333]"
d1-3b,typed_security_incidents,security_incidents_000010,disposition,choice,2,2,"[""close_benign"", ""contain"", ""investigate"", ""monitor""]","[0.03596446879151344, 0.09700077547500213, 0.8058571334885817, 0.06117762224490285]","[0.166667, 0.083333, 0.533333, 0.216667]"
d1-3b,typed_security_incidents,security_incidents_000010,severity,score,3,2,"[""0"", ""1"", ""2"", ""3"", ""4""]","[0.03639736652545864, 0.27317740623623704, 0.3913085674536599, 0.26894218310995444, 0.030174476674689796]","[0.03, 0.1, 0.25, 0.55, 0.07]"
d1-3b,typed_security_incidents,security_incidents_000010,true_positive,noul,0,1,"[""false"", ""true""]","[0.07696083569602619, 0.9230391643039738]","[0.55, 0.45]"
d1-3b,typed_security_incidents,security_incidents_000010,urgency,score,2,2,"[""0"", ""1"", ""2"", ""3""]","[0.02259817132458752, 0.08528460761061846, 0.5873855909015161, 0.3047316301632779]","[0.033333, 0.15, 0.416667, 0.4]"
d1-3b,typed_security_incidents,security_incidents_000011,credential_compromise,noul,0,1,"[""false"", ""true""]","[0.25386100696924896, 0.746138993030751]","[0.6, 0.4]"
d1-3b,typed_security_incidents,security_incidents_000011,disposition,choice,2,2,"[""close_benign"", ""contain"", ""investigate"", ""monitor""]","[0.03330588901503858, 0.1359088212144569, 0.7580385399789222, 0.07274674979158224]","[0.083333, 0.116667, 0.583333, 0.216667]"
d1-3b,typed_security_incidents,security_incidents_000011,severity,score,3,4,"[""0"", ""1"", ""2"", ""3"", ""4""]","[0.020567129968507625, 0.05951296386012714, 0.10609332898139508, 0.24475474511476655, 0.5690718320752036]","[0.01, 0.073333, 0.283333, 0.416667, 0.216667]"
d1-3b,typed_security_incidents,security_incidents_000011,true_positive,noul,0,1,"[""false"", ""true""]","[0.1347759174229567, 0.8652240825770433]","[0.533333, 0.466667]"
d1-3b,typed_security_incidents,security_incidents_000011,urgency,score,3,3,"[""0"", ""1"", ""2"", ""3""]","[0.02448560069552656, 0.04399265631507339, 0.45484659945875816, 0.47667514353064194]","[0.016667, 0.2, 0.366667, 0.416667]"
d1-3b,typed_security_incidents,security_incidents_000012,credential_compromise,noul,0,1,"[""false"", ""true""]","[0.09670579329612161, 0.9032942067038784]","[0.55, 0.45]"
d1-3b,typed_security_incidents,security_incidents_000012,disposition,choice,2,2,"[""close_benign"", ""contain"", ""investigate"", ""monitor""]","[0.1272156822634987, 0.05916078646046655, 0.6823695897701695, 0.13125394150586528]","[0.116667, 0.05, 0.533333, 0.3]"
d1-3b,typed_security_incidents,security_incidents_000012,severity,score,1,1,"[""0"", ""1"", ""2"", ""3"", ""4""]","[0.15744113857426897, 0.3836292782619682, 0.31310909153634664, 0.12071430826056351, 0.025106183366852813]","[0.116667, 0.5, 0.35, 0.033333, 0.0]"
d1-3b,typed_security_incidents,security_incidents_000012,true_positive,noul,1,1,"[""false"", ""true""]","[0.14033624949008328, 0.8596637505099167]","[0.466667, 0.533333]"
d1-3b,typed_security_incidents,security_incidents_000012,urgency,score,1,2,"[""0"", ""1"", ""2"", ""3""]","[0.22504924180178257, 0.2550142002115521, 0.37688655638222185, 0.1430500016044436]","[0.083333, 0.466667, 0.4, 0.05]"
d1-3b,typed_security_incidents,security_incidents_000013,credential_compromise,noul,0,1,"[""false"", ""true""]","[0.1602660323277607, 0.8397339676722393]","[0.783333, 0.216667]"
d1-3b,typed_security_incidents,security_incidents_000013,disposition,choice,3,2,"[""close_benign"", ""contain"", ""investigate"", ""monitor""]","[0.1735907200974867, 0.050124647096734844, 0.6106432105383651, 0.16564142226741338]","[0.283333, 0.016667, 0.266667, 0.433333]"
d1-3b,typed_security_incidents,security_incidents_000013,severity,score,2,2,"[""0"", ""1"", ""2"", ""3"", ""4""]","[0.027600234267534964, 0.34691308068889, 0.4668225751006896, 0.1379924896211741, 0.02067162032171149]","[0.1, 0.3, 0.516667, 0.083333, 0.0]"
d1-3b,typed_security_incidents,security_incidents_000013,true_positive,noul,0,1,"[""false"", ""true""]","[0.2909808662149068, 0.7090191337850932]","[0.733333, 0.266667]"
d1-3b,typed_security_incidents,security_incidents_000013,urgency,score,1,2,"[""0"", ""1"", ""2"", ""3""]","[0.05918946808622664, 0.28682395264008725, 0.4955873486627559, 0.15839923061093028]","[0.133333, 0.566667, 0.25, 0.05]"
d1-3b,typed_security_incidents,security_incidents_000014,credential_compromise,noul,1,1,"[""false"", ""true""]","[0.13660839002621938, 0.8633916099737806]","[0.2, 0.8]"
d1-3b,typed_security_incidents,security_incidents_000014,disposition,choice,2,2,"[""close_benign"", ""contain"", ""investigate"", ""monitor""]","[0.03137660625036927, 0.2647735921004579, 0.6814259523937836, 0.0224238492553892]","[0.033333, 0.45, 0.45, 0.066667]"
d1-3b,typed_security_incidents,security_incidents_000014,severity,score,3,3,"[""0"", ""1"", ""2"", ""3"", ""4""]","[0.010672045540380306, 0.052120860205196386, 0.13625154275356283, 0.40360644472080637, 0.3973491067800542]","[0.003333, 0.013333, 0.183333, 0.666667, 0.133333]"
d1-3b,typed_security_incidents,security_incidents_000014,true_positive,noul,1,1,"[""false"", ""true""]","[0.08269734267503881, 0.9173026573249612]","[0.13, 0.87]"
d1-3b,typed_security_incidents,security_incidents_000014,urgency,score,3,3,"[""0"", ""1"", ""2"", ""3""]","[0.029514734021726195, 0.0277265266854749, 0.4236688335154664, 0.5190899057773325]","[0.006667, 0.026667, 0.216667, 0.75]"
d1-3b,typed_security_incidents,security_incidents_000015,credential_compromise,noul,1,0,"[""false"", ""true""]","[0.63341026367784, 0.3665897363221599]","[0.436667, 0.563333]"
d1-3b,typed_security_incidents,security_incidents_000015,disposition,choice,2,2,"[""close_benign"", ""contain"", ""investigate"", ""monitor""]","[0.05912813073597751, 0.0735861476355465, 0.7727992377482977, 0.09448648388017825]","[0.063333, 0.1, 0.633333, 0.203333]"
d1-3b,typed_security_incidents,security_incidents_000015,severity,score,1,1,"[""0"", ""1"", ""2"", ""3"", ""4""]","[0.18755007337083301, 0.40329603390893803, 0.24846347870016006, 0.13829075205874936, 0.022399661961319633]","[0.073333, 0.443333, 0.366667, 0.1, 0.016667]"
d1-3b,typed_security_incidents,security_incidents_000015,true_positive,noul,1,1,"[""false"", ""true""]","[0.1127954062828932, 0.8872045937171068]","[0.296667, 0.703333]"
d1-3b,typed_security_incidents,security_incidents_000015,urgency,score,2,2,"[""0"", ""1"", ""2"", ""3""]","[0.08946443775689711, 0.17379973756034134, 0.47987646338087403, 0.2568593613018876]","[0.06, 0.206667, 0.566667, 0.166667]"
d1-3b,typed_security_incidents,security_incidents_000020,credential_compromise,noul,0,0,"[""false"", ""true""]","[0.9759464471055739, 0.024053552894426178]","[0.573333, 0.426667]"
d1-3b,typed_security_incidents,security_incidents_000020,disposition,choice,2,2,"[""close_benign"", ""contain"", ""investigate"", ""monitor""]","[0.09973430772280506, 0.032888883966888036, 0.697723035913634, 0.16965377239667287]","[0.15, 0.066667, 0.55, 0.233333]"
d1-3b,typed_security_incidents,security_incidents_000020,severity,score,2,2,"[""0"", ""1"", ""2"", ""3"", ""4""]","[0.03683545124836391, 0.26587419096270076, 0.4522672339101382, 0.21700019032031548, 0.028022933558481698]","[0.05, 0.133333, 0.533333, 0.233333, 0.05]"
d1-3b,typed_security_incidents,security_incidents_000020,true_positive,noul,1,1,"[""false"", ""true""]","[0.2598256379609837, 0.7401743620390163]","[0.433333, 0.566667]"
d1-3b,typed_security_incidents,security_incidents_000020,urgency,score,2,2,"[""0"", ""1"", ""2"", ""3""]","[0.0430877253838077, 0.17445654113170636, 0.5720209763620663, 0.21043475712241977]","[0.05, 0.333333, 0.466667, 0.15]"
d1-3b,typed_security_incidents,security_incidents_000021,credential_compromise,noul,1,1,"[""false"", ""true""]","[0.2782567937024021, 0.7217432062975979]","[0.4, 0.6]"
d1-3b,typed_security_incidents,security_incidents_000021,disposition,choice,2,2,"[""close_benign"", ""contain"", ""investigate"", ""monitor""]","[0.07823201697671332, 0.06796915423117889, 0.7718123789308998, 0.08198644986120801]","[0.05, 0.083333, 0.666667, 0.2]"
d1-3b,typed_security_incidents,security_incidents_000021,severity,score,3,3,"[""0"", ""1"", ""2"", ""3"", ""4""]","[0.020102920045601335, 0.10129657299382029, 0.1922271182342564, 0.4985992068898837, 0.18777418183643838]","[0.0, 0.05, 0.266667, 0.616667, 0.066667]"
d1-3b,typed_security_incidents,security_incidents_000021,true_positive,noul,1,1,"[""false"", ""true""]","[0.1347759174229567, 0.8652240825770433]","[0.35, 0.65]"
d1-3b,typed_security_incidents,security_incidents_000021,urgency,score,3,2,"[""0"", ""1"", ""2"", ""3""]","[0.03634014645916321, 0.09279781490258197, 0.4862257845136736, 0.3846362541245813]","[0.016667, 0.166667, 0.4, 0.416667]"
d1-3b,typed_security_incidents,security_incidents_000022,credential_compromise,noul,0,0,"[""false"", ""true""]","[0.6548947290421276, 0.3451052709578724]","[0.6, 0.4]"
d1-3b,typed_security_incidents,security_incidents_000022,disposition,choice,2,2,"[""close_benign"", ""contain"", ""investigate"", ""monitor""]","[0.13073401866759743, 0.03987162297796718, 0.6188434713679644, 0.21055088698647104]","[0.1, 0.066667, 0.6, 0.233333]"
d1-3b,typed_security_incidents,security_incidents_000022,severity,score,2,3,"[""0"", ""1"", ""2"", ""3"", ""4""]","[0.024811691644391377, 0.13731155655765792, 0.22638848400955427, 0.3850997837788422, 0.22638848400955427]","[0.016667, 0.166667, 0.4, 0.35, 0.066667]"
d1-3b,typed_security_incidents,security_incidents_000022,true_positive,noul,0,0,"[""false"", ""true""]","[0.6187804337438501, 0.38121956625614994]","[0.516667, 0.483333]"
d1-3b,typed_security_incidents,security_incidents_000022,urgency,score,2,2,"[""0"", ""1"", ""2"", ""3""]","[0.05754868580662091, 0.16914499391076868, 0.4670243040401501, 0.30628201624246026]","[0.05, 0.266667, 0.5, 0.183333]"
d1-3b,typed_security_incidents,security_incidents_000023,credential_compromise,noul,0,0,"[""false"", ""true""]","[0.984810951192016, 0.015189048807983947]","[0.75, 0.25]"
d1-3b,typed_security_incidents,security_incidents_000023,disposition,choice,2,2,"[""close_benign"", ""contain"", ""investigate"", ""monitor""]","[0.2813438183587879, 0.04966013379421072, 0.4357538302075088, 0.2332422176394927]","[0.116667, 0.1, 0.583333, 0.2]"
d1-3b,typed_security_incidents,security_incidents_000023,severity,score,3,3,"[""0"", ""1"", ""2"", ""3"", ""4""]","[0.02118619841088864, 0.11187838703603721, 0.24821305033886432, 0.44945577021087707, 0.16926659400333283]","[0.016667, 0.066667, 0.3, 0.45, 0.166667]"
d1-3b,typed_security_incidents,security_incidents_000023,true_positive,noul,0,0,"[""false"", ""true""]","[0.6370307944803832, 0.3629692055196168]","[0.64, 0.36]"
d1-3b,typed_security_incidents,security_incidents_000023,urgency,score,3,2,"[""0"", ""1"", ""2"", ""3""]","[0.045204304036765085, 0.1859085347960893, 0.4322502938409607, 0.33663686732618503]","[0.05, 0.283333, 0.283333, 0.383333]"
d1-3b,typed_security_incidents,security_incidents_000024,credential_compromise,noul,0,0,"[""false"", ""true""]","[0.6477982179521103, 0.35220178204788966]","[0.516667, 0.483333]"
d1-3b,typed_security_incidents,security_incidents_000024,disposition,choice,2,2,"[""close_benign"", ""contain"", ""investigate"", ""monitor""]","[0.07520357195757137, 0.06847363148015771, 0.7477537625031185, 0.10856903405915237]","[0.05, 0.083333, 0.666667, 0.2]"
d1-3b,typed_security_incidents,security_incidents_000024,severity,score,3,3,"[""0"", ""1"", ""2"", ""3"", ""4""]","[0.02207608944520419, 0.10368631063993415, 0.30237942327460166, 0.4198122540891491, 0.15204592255111102]","[0.0, 0.05, 0.333333, 0.516667, 0.1]"
d1-3b,typed_security_incidents,security_incidents_000024,true_positive,noul,1,1,"[""false"", ""true""]","[0.2281565021609253, 0.7718434978390747]","[0.383333, 0.616667]"
d1-3b,typed_security_incidents,security_incidents_000024,urgency,score,2,2,"[""0"", ""1"", ""2"", ""3""]","[0.02067962796939501, 0.05799745090135151, 0.4894153716079494, 0.4319075495213041]","[0.0, 0.15, 0.483333, 0.366667]"
d1-3b,typed_security_incidents,security_incidents_000025,credential_compromise,noul,1,1,"[""false"", ""true""]","[0.4225046348141882, 0.5774953651858118]","[0.5, 0.5]"
d1-3b,typed_security_incidents,security_incidents_000025,disposition,choice,2,2,"[""close_benign"", ""contain"", ""investigate"", ""monitor""]","[0.05165078241921316, 0.08449504080436951, 0.7954280074510229, 0.06842616932539444]","[0.083333, 0.116667, 0.55, 0.25]"
d1-3b,typed_security_incidents,security_incidents_000025,severity,score,2,2,"[""0"", ""1"", ""2"", ""3"", ""4""]","[0.021017360955477165, 0.19940716872296316, 0.3965685081426749, 0.33920302039711253, 0.04380394178177224]","[0.05, 0.15, 0.4, 0.35, 0.05]"
d1-3b,typed_security_incidents,security_incidents_000025,true_positive,noul,1,1,"[""false"", ""true""]","[0.1847675106479999, 0.8152324893520001]","[0.383333, 0.616667]"
d1-3b,typed_security_incidents,security_incidents_000025,urgency,score,3,2,"[""0"", ""1"", ""2"", ""3""]","[0.036133346828529395, 0.12223753669353436, 0.4988054668853263, 0.3428236495926101]","[0.05, 0.15, 0.366667, 0.433333]"
d1-3b,typed_security_incidents,security_incidents_000026,credential_compromise,noul,0,1,"[""false"", ""true""]","[0.1540575626914854, 0.8459424373085146]","[0.583333, 0.416667]"
d1-3b,typed_security_incidents,security_incidents_000026,disposition,choice,2,2,"[""close_benign"", ""contain"", ""investigate"", ""monitor""]","[0.1206360536781626, 0.07147449638624707, 0.7275285135573993, 0.08036093637819101]","[0.083333, 0.083333, 0.533333, 0.3]"
d1-3b,typed_security_incidents,security_incidents_000026,severity,score,2,4,"[""0"", ""1"", ""2"", ""3"", ""4""]","[0.0141306209491845, 0.055887689996533485, 0.17761071148931148, 0.36443351752047753, 0.387937460044493]","[0.033333, 0.116667, 0.433333, 0.333333, 0.083333]"
d1-3b,typed_security_incidents,security_incidents_000026,true_positive,noul,1,1,"[""false"", ""true""]","[0.1666754046879767, 0.8333245953120233]","[0.5, 0.5]"
d1-3b,typed_security_incidents,security_incidents_000026,urgency,score,2,3,"[""0"", ""1"", ""2"", ""3""]","[0.0291806743049334, 0.052428175714454184, 0.40917038203532075, 0.5092207679452917]","[0.05, 0.183333, 0.483333, 0.283333]"
d1-3b,typed_security_incidents,security_incidents_000027,credential_compromise,noul,1,0,"[""false"", ""true""]","[0.7799929002541068, 0.22000709974589314]","[0.5, 0.5]"
d1-3b,typed_security_incidents,security_incidents_000027,disposition,choice,2,2,"[""close_benign"", ""contain"", ""investigate"", ""monitor""]","[0.035493806619550546, 0.07169946026124661, 0.7708418427032199, 0.1219648904159828]","[0.05, 0.116667, 0.566667, 0.266667]"
d1-3b,typed_security_incidents,security_incidents_000027,severity,score,2,2,"[""0"", ""1"", ""2"", ""3"", ""4""]","[0.04800893750050756, 0.35752299848892954, 0.40512663267354376, 0.17154140936816706, 0.017800021968852053]","[0.1, 0.316667, 0.45, 0.1, 0.033333]"
d1-3b,typed_security_incidents,security_incidents_000027,true_positive,noul,1,1,"[""false"", ""true""]","[0.11596071825396681, 0.8840392817460332]","[0.323333, 0.676667]"
d1-3b,typed_security_incidents,security_incidents_000027,urgency,score,2,2,"[""0"", ""1"", ""2"", ""3""]","[0.06594304162268799, 0.18350260502323304, 0.5393441496398862, 0.21121020371419288]","[0.05, 0.2, 0.516667, 0.233333]"
d1-3b,typed_security_incidents,security_incidents_000028,credential_compromise,noul,1,1,"[""false"", ""true""]","[0.34510527095787247, 0.6548947290421275]","[0.233333, 0.766667]"
d1-3b,typed_security_incidents,security_incidents_000028,disposition,choice,1,2,"[""close_benign"", ""contain"", ""investigate"", ""monitor""]","[0.029294886443695413, 0.3149497104407789, 0.6166415979999388, 0.03911380511558684]","[0.0, 0.7, 0.233333, 0.066667]"
d1-3b,typed_security_incidents,security_incidents_000028,severity,score,4,4,"[""0"", ""1"", ""2"", ""3"", ""4""]","[0.009915472286161587, 0.042073113157855745, 0.086328422945804, 0.2943358299976912, 0.5673471616124875]","[0.003333, 0.013333, 0.066667, 0.25, 0.666667]"
d1-3b,typed_security_incidents,security_incidents_000028,true_positive,noul,1,1,"[""false"", ""true""]","[0.10818895456207034, 0.8918110454379297]","[0.116667, 0.883333]"
d1-3b,typed_security_incidents,security_incidents_000028,urgency,score,3,3,"[""0"", ""1"", ""2"", ""3""]","[0.014940147076030467, 0.020261844256152284, 0.42984600820887825, 0.534952000458939]","[0.006667, 0.043333, 0.166667, 0.783333]"
d1-3b,typed_security_incidents,security_incidents_000029,credential_compromise,noul,1,1,"[""false"", ""true""]","[0.19193278644723677, 0.8080672135527632]","[0.266667, 0.733333]"
d1-3b,typed_security_incidents,security_incidents_000029,disposition,choice,2,2,"[""close_benign"", ""contain"", ""investigate"", ""monitor""]","[0.07709061524913252, 0.17784618568572566, 0.6556365208806755, 0.0894266781844664]","[0.083333, 0.25, 0.366667, 0.3]"
d1-3b,typed_security_incidents,security_incidents_000029,severity,score,3,4,"[""0"", ""1"", ""2"", ""3"", ""4""]","[0.021113955472450055, 0.046843357608004135, 0.12150242466282692, 0.38312898910434334, 0.42741127315237565]","[0.016667, 0.066667, 0.25, 0.5, 0.166667]"
d1-3b,typed_security_incidents,security_incidents_000029,true_positive,noul,1,1,"[""false"", ""true""]","[0.1242130083520534, 0.8757869916479466]","[0.373333, 0.626667]"
d1-3b,typed_security_incidents,security_incidents_000029,urgency,score,3,3,"[""0"", ""1"", ""2"", ""3""]","[0.03549909054510341, 0.05628592915474489, 0.42576266972624977, 0.482452310573902]","[0.05, 0.15, 0.383333, 0.416667]"
d1-3b,typed_security_incidents,security_incidents_000030,credential_compromise,noul,1,1,"[""false"", ""true""]","[0.15203224162217432, 0.8479677583778257]","[0.406667, 0.593333]"
d1-3b,typed_security_incidents,security_incidents_000030,disposition,choice,1,2,"[""close_benign"", ""contain"", ""investigate"", ""monitor""]","[0.040428703102536635, 0.17977885379659062, 0.7393637399983362, 0.040428703102536635]","[0.003333, 0.56, 0.183333, 0.253333]"
d1-3b,typed_security_incidents,security_incidents_000030,severity,score,4,3,"[""0"", ""1"", ""2"", ""3"", ""4""]","[0.0086263674220268, 0.06892014337963251, 0.1830045456289319, 0.3755009465732697, 0.36394799699613906]","[0.0, 0.033333, 0.233333, 0.233333, 0.5]"
d1-3b,typed_security_incidents,security_incidents_000030,true_positive,noul,1,1,"[""false"", ""true""]","[0.06560483745906942, 0.9343951625409306]","[0.253333, 0.746667]"
d1-3b,typed_security_incidents,security_incidents_000030,urgency,score,3,2,"[""0"", ""1"", ""2"", ""3""]","[0.025636993103700278, 0.04827186334756968, 0.5312784923869089, 0.39481265116182107]","[0.0, 0.083333, 0.3, 0.616667]"
d1-3b,typed_security_incidents,security_incidents_000031,credential_compromise,noul,1,0,"[""false"", ""true""]","[0.5467381519846138, 0.45326184801538616]","[0.086667, 0.913333]"
d1-3b,typed_security_incidents,security_incidents_000031,disposition,choice,1,2,"[""close_benign"", ""contain"", ""investigate"", ""monitor""]","[0.0541602044845112, 0.12205190488842681, 0.7835394442351766, 0.040248446391885434]","[0.006667, 0.666667, 0.3, 0.026667]"
d1-3b,typed_security_incidents,security_incidents_000031,severity,score,2,2,"[""0"", ""1"", ""2"", ""3"", ""4""]","[0.05432332090893168, 0.3250620598248475, 0.48797594783137277, 0.11500247126666402, 0.017636200168184103]","[0.003333, 0.066667, 0.566667, 0.313333, 0.05]"
d1-3b,typed_security_incidents,security_incidents_000031,true_positive,noul,1,1,"[""false"", ""true""]","[0.07159119944455239, 0.9284088005554476]","[0.033333, 0.966667]"
d1-3b,typed_security_incidents,security_incidents_000031,urgency,score,3,2,"[""0"", ""1"", ""2"", ""3""]","[0.05658242782838241, 0.3106986510089738, 0.4664139173846572, 0.16630500377798652]","[0.003333, 0.03, 0.133333, 0.833333]"
d1-3b,typed_security_incidents,security_incidents_000032,credential_compromise,noul,0,0,"[""false"", ""true""]","[0.9632305339244013, 0.036769466075598736]","[0.94, 0.06]"
d1-3b,typed_security_incidents,security_incidents_000032,disposition,choice,0,2,"[""close_benign"", ""contain"", ""investigate"", ""monitor""]","[0.25721243531954796, 0.02337027323138588, 0.38914998701061493, 0.3302673044384513]","[0.766667, 0.0, 0.066667, 0.166667]"
d1-3b,typed_security_incidents,security_incidents_000032,severity,score,2,1,"[""0"", ""1"", ""2"", ""3"", ""4""]","[0.06651388388397389, 0.4726467147200486, 0.42367777686018826, 0.032670522086041806, 0.0044911024497473005]","[0.36, 0.156667, 0.416667, 0.066667, 0.0]"
d1-3b,typed_security_incidents,security_incidents_000032,true_positive,noul,0,0,"[""false"", ""true""]","[0.9207896758909756, 0.07921032410902437]","[0.91, 0.09]"
d1-3b,typed_security_incidents,security_incidents_000032,urgency,score,0,1,"[""0"", ""1"", ""2"", ""3""]","[0.18555011367395438, 0.5043775022684204, 0.2203462119628542, 0.08972617209477105]","[0.463333, 0.453333, 0.066667, 0.016667]"
d1-3b,typed_security_incidents,security_incidents_000033,credential_compromise,noul,0,0,"[""false"", ""true""]","[0.9252299570920386, 0.07477004290796138]","[0.65, 0.35]"
d1-3b,typed_security_incidents,security_incidents_000033,disposition,choice,2,2,"[""close_benign"", ""contain"", ""investigate"", ""monitor""]","[0.1799710686656761, 0.05488807480954608, 0.524847953537673, 0.24029290298710482]","[0.083333, 0.066667, 0.566667, 0.283333]"
d1-3b,typed_security_incidents,security_incidents_000033,severity,score,2,1,"[""0"", ""1"", ""2"", ""3"", ""4""]","[0.3473551111608886, 0.3814949569979769, 0.2041995356555279, 0.05670416312496093, 0.010246233060645716]","[0.133333, 0.366667, 0.366667, 0.133333, 0.0]"
d1-3b,typed_security_incidents,security_incidents_000033,true_positive,noul,1,0,"[""false"", ""true""]","[0.6001883592602049, 0.3998116407397951]","[0.45, 0.55]"
d1-3b,typed_security_incidents,security_incidents_000033,urgency,score,1,2,"[""0"", ""1"", ""2"", ""3""]","[0.11099624611929088, 0.34189250746329236, 0.35830027147843485, 0.1888109749389819]","[0.1, 0.4, 0.383333, 0.116667]"
d1-3b,typed_security_incidents,security_incidents_000034,credential_compromise,noul,1,1,"[""false"", ""true""]","[0.3923368301671083, 0.6076631698328917]","[0.433333, 0.566667]"
d1-3b,typed_security_incidents,security_incidents_000034,disposition,choice,2,2,"[""close_benign"", ""contain"", ""investigate"", ""monitor""]","[0.0364014126193758, 0.10369797443511482, 0.8156477494061393, 0.04425286353937011]","[0.043333, 0.3, 0.583333, 0.073333]"
d1-3b,typed_security_incidents,security_incidents_000034,severity,score,3,4,"[""0"", ""1"", ""2"", ""3"", ""4""]","[0.006898277166153092, 0.014718190744415485, 0.0724454738707427, 0.3622045814650379, 0.5437334767536508]","[0.0, 0.033333, 0.116667, 0.616667, 0.233333]"
d1-3b,typed_security_incidents,security_incidents_000034,true_positive,noul,1,1,"[""false"", ""true""]","[0.1732882059293266, 0.8267117940706734]","[0.266667, 0.733333]"
d1-3b,typed_security_incidents,security_incidents_000034,urgency,score,3,3,"[""0"", ""1"", ""2"", ""3""]","[0.01727562864701602, 0.021001823337655465, 0.42847579965434246, 0.5332467483609861]","[0.016667, 0.083333, 0.25, 0.65]"
d1-3b,typed_security_incidents,security_incidents_000035,credential_compromise,noul,1,1,"[""false"", ""true""]","[0.38121956625614994, 0.6187804337438501]","[0.436667, 0.563333]"
d1-3b,typed_security_incidents,security_incidents_000035,disposition,choice,2,2,"[""close_benign"", ""contain"", ""investigate"", ""monitor""]","[0.07655322058043317, 0.06396260993118663, 0.7671433591336649, 0.09234081035471524]","[0.003333, 0.25, 0.466667, 0.28]"
d1-3b,typed_security_incidents,security_incidents_000035,severity,score,4,4,"[""0"", ""1"", ""2"", ""3"", ""4""]","[0.013072613181924713, 0.028777157931153857, 0.07761567817031745, 0.2795047941548936, 0.6010297565617104]","[0.003333, 0.046667, 0.2, 0.316667, 0.433333]"
d1-3b,typed_security_incidents,security_incidents_000035,true_positive,noul,1,1,"[""false"", ""true""]","[0.1441488530327406, 0.8558511469672594]","[0.34, 0.66]"
d1-3b,typed_security_incidents,security_incidents_000035,urgency,score,3,3,"[""0"", ""1"", ""2"", ""3""]","[0.05496179442677438, 0.09952295261080346, 0.40295536422584693, 0.4425598887365753]","[0.0, 0.133333, 0.283333, 0.583333]"
d1-3b,typed_security_incidents,security_incidents_000036,credential_compromise,noul,1,1,"[""false"", ""true""]","[0.23651623644570763, 0.7634837635542924]","[0.416667, 0.583333]"
d1-3b,typed_security_incidents,security_incidents_000036,disposition,choice,2,2,"[""close_benign"", ""contain"", ""investigate"", ""monitor""]","[0.02589425649752249, 0.14670095386299833, 0.7746866982235512, 0.05271809141592801]","[0.066667, 0.133333, 0.583333, 0.216667]"
d1-3b,typed_security_incidents,security_incidents_000036,severity,score,3,3,"[""0"", ""1"", ""2"", ""3"", ""4""]","[0.03959477443253287, 0.10513651523318063, 0.17065340884048838, 0.3556722464606887, 0.32894305503310944]","[0.02, 0.1, 0.366667, 0.416667, 0.096667]"
d1-3b,typed_security_incidents,security_incidents_000036,true_positive,noul,1,1,"[""false"", ""true""]","[0.1847675106479999, 0.8152324893520001]","[0.4, 0.6]"
d1-3b,typed_security_incidents,security_incidents_000036,urgency,score,2,3,"[""0"", ""1"", ""2"", ""3""]","[0.0427850328666388, 0.05757355467516566, 0.42875079043175945, 0.4708906220264361]","[0.033333, 0.183333, 0.45, 0.333333]"
d1-3b,typed_security_incidents,security_incidents_000037,credential_compromise,noul,1,0,"[""false"", ""true""]","[0.588889130767832, 0.411110869232168]","[0.483333, 0.516667]"
d1-3b,typed_security_incidents,security_incidents_000037,disposition,choice,2,2,"[""close_benign"", ""contain"", ""investigate"", ""monitor""]","[0.06409808707950686, 0.06068684911041294, 0.7165707746791409, 0.15864428913093934]","[0.066667, 0.083333, 0.65, 0.2]"
d1-3b,typed_security_incidents,security_incidents_000037,severity,score,2,1,"[""0"", ""1"", ""2"", ""3"", ""4""]","[0.18216204579440815, 0.30986807811822076, 0.3050640188491019, 0.15826512806582335, 0.044640729172445846]","[0.1, 0.283333, 0.433333, 0.16, 0.023333]"
d1-3b,typed_security_incidents,security_incidents_000037,true_positive,noul,1,1,"[""false"", ""true""]","[0.17553807362342932, 0.8244619263765707]","[0.366667, 0.633333]"
d1-3b,typed_security_incidents,security_incidents_000037,urgency,score,1,2,"[""0"", ""1"", ""2"", ""3""]","[0.0712819467117097, 0.13317220878205074, 0.4101992812981025, 0.38534656320813704]","[0.05, 0.45, 0.4, 0.1]"
d1-3b,typed_security_incidents,security_incidents_000038,credential_compromise,noul,0,0,"[""false"", ""true""]","[0.888758793492457, 0.11124120650754304]","[0.523333, 0.476667]"
d1-3b,typed_security_incidents,security_incidents_000038,disposition,choice,2,2,"[""close_benign"", ""contain"", ""investigate"", ""monitor""]","[0.049583197779371514, 0.11261382882575886, 0.7756117105036051, 0.0621912628912643]","[0.023333, 0.266667, 0.6, 0.11]"
d1-3b,typed_security_incidents,security_incidents_000038,severity,score,3,3,"[""0"", ""1"", ""2"", ""3"", ""4""]","[0.0999199356552834, 0.18522229935621837, 0.2653186938852354, 0.29598439160063106, 0.15355467950263185]","[0.0, 0.016667, 0.216667, 0.616667, 0.15]"
d1-3b,typed_security_incidents,security_incidents_000038,true_positive,noul,1,1,"[""false"", ""true""]","[0.16451646289656308, 0.8354835371034369]","[0.206667, 0.793333]"
d1-3b,typed_security_incidents,security_incidents_000038,urgency,score,3,3,"[""0"", ""1"", ""2"", ""3""]","[0.03688576014770865, 0.04626510812186155, 0.38737300758147086, 0.5294761241489591]","[0.0, 0.083333, 0.266667, 0.65]"
d1-3b,typed_security_incidents,security_incidents_000039,credential_compromise,noul,1,1,"[""false"", ""true""]","[0.04958902298403167, 0.9504109770159683]","[0.266667, 0.733333]"
d1-3b,typed_security_incidents,security_incidents_000039,disposition,choice,2,2,"[""close_benign"", ""contain"", ""investigate"", ""monitor""]","[0.013273849997589487, 0.09213878142746398, 0.8741884184677554, 0.02039895010719103]","[0.02, 0.316667, 0.5, 0.163333]"
d1-3b,typed_security_incidents,security_incidents_000039,severity,score,3,3,"[""0"", ""1"", ""2"", ""3"", ""4""]","[0.013657000817544025, 0.09554188813718473, 0.3283039219120921, 0.43493203198005126, 0.1275651571531279]","[0.003333, 0.046667, 0.316667, 0.55, 0.083333]"
d1-3b,typed_security_incidents,security_incidents_000039,true_positive,noul,1,1,"[""false"", ""true""]","[0.05834584061168102, 0.941654159388319]","[0.15, 0.85]"
d1-3b,typed_security_incidents,security_incidents_000039,urgency,score,3,3,"[""0"", ""1"", ""2"", ""3""]","[0.024604503273761194, 0.03962625826812393, 0.40970176234516387, 0.526067476112951]","[0.023333, 0.093333, 0.283333, 0.6]"
d1-3b,typed_security_incidents,security_incidents_000040,credential_compromise,noul,1,0,"[""false"", ""true""]","[0.888758793492457, 0.11124120650754304]","[0.483333, 0.516667]"
d1-3b,typed_security_incidents,security_incidents_000040,disposition,choice,2,2,"[""close_benign"", ""contain"", ""investigate"", ""monitor""]","[0.021136416664965775, 0.05656398419944071, 0.8312016801236939, 0.0910979190118997]","[0.066667, 0.133333, 0.55, 0.25]"
d1-3b,typed_security_incidents,security_incidents_000040,severity,score,2,1,"[""0"", ""1"", ""2"", ""3"", ""4""]","[0.1761058095127314, 0.44970193867534874, 0.24449870314950076, 0.107651322057603, 0.02204222660481621]","[0.083333, 0.316667, 0.416667, 0.156667, 0.026667]"
d1-3b,typed_security_incidents,security_incidents_000040,true_positive,noul,1,1,"[""false"", ""true""]","[0.10669059394565128, 0.8933094060543487]","[0.3, 0.7]"
d1-3b,typed_security_incidents,security_incidents_000040,urgency,score,2,2,"[""0"", ""1"", ""2"", ""3""]","[0.04180262888658169, 0.15776147328370152, 0.5463565199393113, 0.25407937789040547]","[0.066667, 0.383333, 0.416667, 0.133333]"
d1-3b,typed_security_incidents,security_incidents_000041,credential_compromise,noul,0,0,"[""false"", ""true""]","[0.9481545333502202, 0.05184546664977983]","[0.833333, 0.166667]"
d1-3b,typed_security_incidents,security_incidents_000041,disposition,choice,0,3,"[""close_benign"", ""contain"", ""investigate"", ""monitor""]","[0.30187921671701606, 0.037198818228746496, 0.31884799761832544, 0.34207396743591195]","[0.366667, 0.016667, 0.333333, 0.283333]"
d1-3b,typed_security_incidents,security_incidents_000041,severity,score,0,1,"[""0"", ""1"", ""2"", ""3"", ""4""]","[0.3186515237178119, 0.5092036850208997, 0.13179999755798433, 0.03255230250196012, 0.007792491201344066]","[0.533333, 0.333333, 0.1, 0.03, 0.003333]"
d1-3b,typed_security_incidents,security_incidents_000041,true_positive,noul,0,0,"[""false"", ""true""]","[0.5350984286266116, 0.46490157137338844]","[0.666667, 0.333333]"
d1-3b,typed_security_incidents,security_incidents_000041,urgency,score,1,1,"[""0"", ""1"", ""2"", ""3""]","[0.20468949754074597, 0.5066113718751345, 0.20791288809877279, 0.08078624248534685]","[0.356667, 0.426667, 0.2, 0.016667]"
d1-3b,typed_security_incidents,security_incidents_000042,credential_compromise,noul,1,1,"[""false"", ""true""]","[0.49218813572079556, 0.5078118642792044]","[0.45, 0.55]"
d1-3b,typed_security_incidents,security_incidents_000042,disposition,choice,3,2,"[""close_benign"", ""contain"", ""investigate"", ""monitor""]","[0.08766554686995368, 0.04477518009144621, 0.7514212926796543, 0.11613798035894561]","[0.033333, 0.066667, 0.433333, 0.466667]"
d1-3b,typed_security_incidents,security_incidents_000042,severity,score,3,2,"[""0"", ""1"", ""2"", ""3"", ""4""]","[0.029115091906902885, 0.22722578301072877, 0.38652407735862043, 0.28278705595974757, 0.07434799176400045]","[0.006667, 0.06, 0.4, 0.45, 0.083333]"
d1-3b,typed_security_incidents,security_incidents_000042,true_positive,noul,1,1,"[""false"", ""true""]","[0.11436852618181237, 0.8856314738181876]","[0.5, 0.5]"
d1-3b,typed_security_incidents,security_incidents_000042,urgency,score,2,2,"[""0"", ""1"", ""2"", ""3""]","[0.0634690259149314, 0.2032861324434555, 0.45100999721355756, 0.2822348444280555]","[0.02, 0.18, 0.416667, 0.383333]"
d1-3b,typed_security_incidents,security_incidents_000043,credential_compromise,noul,1,1,"[""false"", ""true""]","[0.24508501313237174, 0.7549149868676283]","[0.123333, 0.876667]"
d1-3b,typed_security_incidents,security_incidents_000043,disposition,choice,1,2,"[""close_benign"", ""contain"", ""investigate"", ""monitor""]","[0.0341270544911503, 0.09276695208212549, 0.8268228437694967, 0.046283149657227615]","[0.0, 0.726667, 0.223333, 0.05]"
d1-3b,typed_security_incidents,security_incidents_000043,severity,score,4,4,"[""0"", ""1"", ""2"", ""3"", ""4""]","[0.010779582903120574, 0.041646460083145626, 0.09912719990994825, 0.2780091072370424, 0.5704376498667432]","[0.0, 0.0, 0.05, 0.216667, 0.733333]"
d1-3b,typed_security_incidents,security_incidents_000043,true_positive,noul,1,1,"[""false"", ""true""]","[0.05419872982318552, 0.9458012701768145]","[0.093333, 0.906667]"
d1-3b,typed_security_incidents,security_incidents_000043,urgency,score,3,3,"[""0"", ""1"", ""2"", ""3""]","[0.026902968995112138, 0.03374388285272388, 0.3861782892528096, 0.5531748588993544]","[0.0, 0.026667, 0.14, 0.833333]"
d1-3b,typed_security_incidents,security_incidents_000044,credential_compromise,noul,1,0,"[""false"", ""true""]","[0.7090191337850933, 0.29098086621490676]","[0.483333, 0.516667]"
d1-3b,typed_security_incidents,security_incidents_000044,disposition,choice,2,2,"[""close_benign"", ""contain"", ""investigate"", ""monitor""]","[0.10264260685052162, 0.035472335747934285, 0.6287621957110204, 0.23312286169052363]","[0.066667, 0.1, 0.633333, 0.2]"
d1-3b,typed_security_incidents,security_incidents_000044,severity,score,3,1,"[""0"", ""1"", ""2"", ""3"", ""4""]","[0.1668360216528392, 0.45350732599131255, 0.27506609761802314, 0.09358652633978502, 0.011004028398040114]","[0.006667, 0.06, 0.183333, 0.666667, 0.083333]"
d1-3b,typed_security_incidents,security_incidents_000044,true_positive,noul,1,0,"[""false"", ""true""]","[0.5428632831725051, 0.45713671682749485]","[0.433333, 0.566667]"
d1-3b,typed_security_incidents,security_incidents_000044,urgency,score,2,2,"[""0"", ""1"", ""2"", ""3""]","[0.08038636913610528, 0.2894824356097551, 0.4625916149450158, 0.16753958030912375]","[0.016667, 0.116667, 0.483333, 0.383333]"
d1-3b,typed_security_incidents,security_incidents_000045,credential_compromise,noul,1,0,"[""false"", ""true""]","[0.9184802440252811, 0.08151975597471893]","[0.4, 0.6]"
d1-3b,typed_security_incidents,security_incidents_000045,disposition,choice,2,2,"[""close_benign"", ""contain"", ""investigate"", ""monitor""]","[0.06120531718334635, 0.021151991627105095, 0.7753360651589121, 0.14230662603063654]","[0.066667, 0.083333, 0.616667, 0.233333]"
d1-3b,typed_security_incidents,security_incidents_000045,severity,score,2,2,"[""0"", ""1"", ""2"", ""3"", ""4""]","[0.07863339810599047, 0.21542418146187262, 0.34966796104668973, 0.3085808925567747, 0.04769356682867254]","[0.066667, 0.233333, 0.5, 0.15, 0.05]"
d1-3b,typed_security_incidents,security_incidents_000045,true_positive,noul,1,1,"[""false"", ""true""]","[0.1666754046879767, 0.8333245953120233]","[0.333333, 0.666667]"
d1-3b,typed_security_incidents,security_incidents_000045,urgency,score,2,2,"[""0"", ""1"", ""2"", ""3""]","[0.04011118349283891, 0.09039194735740469, 0.528361223667316, 0.3411356454824404]","[0.05, 0.216667, 0.5, 0.233333]"
d1-3b,typed_security_incidents,security_incidents_000046,credential_compromise,noul,1,1,"[""false"", ""true""]","[0.08151975597471894, 0.9184802440252811]","[0.35, 0.65]"
d1-3b,typed_security_incidents,security_incidents_000046,disposition,choice,2,2,"[""close_benign"", ""contain"", ""investigate"", ""monitor""]","[0.01024954830987567, 0.24447392017730574, 0.7129570194237713, 0.03231951208904732]","[0.03, 0.25, 0.616667, 0.103333]"
d1-3b,typed_security_incidents,security_incidents_000046,severity,score,3,3,"[""0"", ""1"", ""2"", ""3"", ""4""]","[0.013796066670259732, 0.0481530041432151, 0.2333427791533975, 0.4713653708797302, 0.2333427791533975]","[0.013333, 0.036667, 0.266667, 0.566667, 0.116667]"
d1-3b,typed_security_incidents,security_incidents_000046,true_positive,noul,1,1,"[""false"", ""true""]","[0.060975180864964784, 0.9390248191350352]","[0.223333, 0.776667]"
d1-3b,typed_security_incidents,security_incidents_000046,urgency,score,3,3,"[""0"", ""1"", ""2"", ""3""]","[0.020505566318670194, 0.022520958781392125, 0.4523455491492391, 0.5046279257506986]","[0.033333, 0.1, 0.283333, 0.583333]"
d1-3b,typed_security_incidents,security_incidents_000047,credential_compromise,noul,0,0,"[""false"", ""true""]","[0.9263037302939515, 0.07369626970604846]","[0.65, 0.35]"
d1-3b,typed_security_incidents,security_incidents_000047,disposition,choice,2,0,"[""close_benign"", ""contain"", ""investigate"", ""monitor""]","[0.3545482287339272, 0.03297812239623173, 0.3253517432240863, 0.2871219056457548]","[0.116667, 0.04, 0.426667, 0.416667]"
d1-3b,typed_security_incidents,security_incidents_000047,severity,score,2,1,"[""0"", ""1"", ""2"", ""3"", ""4""]","[0.09026702819682683, 0.35423472468885125, 0.31753395500008375, 0.20501533013662465, 0.0329489619776135]","[0.05, 0.233333, 0.466667, 0.2, 0.05]"
d1-3b,typed_security_incidents,security_incidents_000047,true_positive,noul,0,0,"[""false"", ""true""]","[0.8289388083214156, 0.17106119167858438]","[0.516667, 0.483333]"
d1-3b,typed_security_incidents,security_incidents_000047,urgency,score,2,1,"[""0"", ""1"", ""2"", ""3""]","[0.10435584442811621, 0.4901353806036917, 0.29267320342735403, 0.11283557154083801]","[0.05, 0.25, 0.483333, 0.216667]"
d1-3b,typed_security_incidents,security_incidents_000048,credential_compromise,noul,1,0,"[""false"", ""true""]","[0.8519528019683105, 0.1480471980316895]","[0.45, 0.55]"
d1-3b,typed_security_incidents,security_incidents_000048,disposition,choice,2,2,"[""close_benign"", ""contain"", ""investigate"", ""monitor""]","[0.11594215705021177, 0.05921745939502305, 0.6366476868018339, 0.1881926967529313]","[0.05, 0.116667, 0.65, 0.183333]"
d1-3b,typed_security_incidents,security_incidents_000048,severity,score,3,3,"[""0"", ""1"", ""2"", ""3"", ""4""]","[0.012518446219088597, 0.06927892546234116, 0.16107832768908953, 0.5535022150644248, 0.20362208556505607]","[0.01, 0.04, 0.133333, 0.6, 0.216667]"
d1-3b,typed_security_incidents,security_incidents_000048,true_positive,noul,1,0,"[""false"", ""true""]","[0.8031737963569014, 0.1968262036430985]","[0.4, 0.6]"
d1-3b,typed_security_incidents,security_incidents_000048,urgency,score,3,2,"[""0"", ""1"", ""2"", ""3""]","[0.07043499971615157, 0.1526469585555959, 0.5005101081635653, 0.2764079335646873]","[0.016667, 0.083333, 0.333333, 0.566667]"
d1-3b,typed_security_incidents,security_incidents_000049,credential_compromise,noul,0,1,"[""false"", ""true""]","[0.3775406687981454, 0.6224593312018546]","[0.583333, 0.416667]"
d1-3b,typed_security_incidents,security_incidents_000049,disposition,choice,2,2,"[""close_benign"", ""contain"", ""investigate"", ""monitor""]","[0.06437546863446948, 0.12216317348997348, 0.6813714727567717, 0.13208988511878536]","[0.056667, 0.06, 0.533333, 0.35]"
d1-3b,typed_security_incidents,security_incidents_000049,severity,score,1,2,"[""0"", ""1"", ""2"", ""3"", ""4""]","[0.07420259687922569, 0.3273972115448257, 0.3827661192415152, 0.19246689173202444, 0.02316718060240907]","[0.15, 0.433333, 0.333333, 0.08, 0.003333]"
d1-3b,typed_security_incidents,security_incidents_000049,true_positive,noul,0,1,"[""false"", ""true""]","[0.1666754046879767, 0.8333245953120233]","[0.55, 0.45]"
d1-3b,typed_security_incidents,security_incidents_000049,urgency,score,2,2,"[""0"", ""1"", ""2"", ""3""]","[0.09564995590823987, 0.16018353233164428, 0.5252215822179849, 0.21894492954213093]","[0.05, 0.366667, 0.45, 0.133333]"
d1-3b,typed_security_incidents,security_incidents_000050,credential_compromise,noul,1,1,"[""false"", ""true""]","[0.0900929939619518, 0.9099070060380482]","[0.183333, 0.816667]"
d1-3b,typed_security_incidents,security_incidents_000050,disposition,choice,1,2,"[""close_benign"", ""contain"", ""investigate"", ""monitor""]","[0.013719591966099396, 0.1864568568528807, 0.7789036716259299, 0.020919879555090056]","[0.01, 0.666667, 0.266667, 0.056667]"
d1-3b,typed_security_incidents,security_incidents_000050,severity,score,3,4,"[""0"", ""1"", ""2"", ""3"", ""4""]","[0.01299098048372097, 0.01629433999140939, 0.047519032154134895, 0.2568854607973941, 0.6663101865733407]","[0.0, 0.033333, 0.1, 0.5, 0.366667]"
d1-3b,typed_security_incidents,security_incidents_000050,true_positive,noul,1,1,"[""false"", ""true""]","[0.041462272711409565, 0.9585377272885904]","[0.116667, 0.883333]"
d1-3b,typed_security_incidents,security_incidents_000050,urgency,score,3,3,"[""0"", ""1"", ""2"", ""3""]","[0.03079130314391569, 0.025131129194023976, 0.31587838586371564, 0.6281991817983447]","[0.01, 0.056667, 0.166667, 0.766667]"
d1-3b,typed_security_incidents,security_incidents_000051,credential_compromise,noul,0,1,"[""false"", ""true""]","[0.22000709974589328, 0.7799929002541067]","[0.516667, 0.483333]"
d1-3b,typed_security_incidents,security_incidents_000051,disposition,choice,2,2,"[""close_benign"", ""contain"", ""investigate"", ""monitor""]","[0.0916183739535868, 0.09306115340779388, 0.7039408555160412, 0.11137961712257803]","[0.083333, 0.066667, 0.566667, 0.283333]"
d1-3b,typed_security_incidents,security_incidents_000051,severity,score,1,1,"[""0"", ""1"", ""2"", ""3"", ""4""]","[0.10893884517999691, 0.3714258215416974, 0.31769734089701146, 0.17544913492065092, 0.026488857460643334]","[0.1, 0.466667, 0.35, 0.07, 0.013333]"
d1-3b,typed_security_incidents,security_incidents_000051,true_positive,noul,1,0,"[""false"", ""true""]","[0.7577943712746406, 0.24220562872535945]","[0.366667, 0.633333]"
d1-3b,typed_security_incidents,security_incidents_000051,urgency,score,2,2,"[""0"", ""1"", ""2"", ""3""]","[0.05698174333501865, 0.1489586013664792, 0.4884164505293826, 0.30564320476911944]","[0.05, 0.35, 0.466667, 0.133333]"
d1-3b,typed_security_incidents,security_incidents_000052,credential_compromise,noul,0,0,"[""false"", ""true""]","[0.665410558746814, 0.33458944125318596]","[0.6, 0.4]"
d1-3b,typed_security_incidents,security_incidents_000052,disposition,choice,2,2,"[""close_benign"", ""contain"", ""investigate"", ""monitor""]","[0.065155895850585, 0.044780948668128255, 0.7574123309995541, 0.13265082448173277]","[0.06, 0.073333, 0.6, 0.266667]"
d1-3b,typed_security_incidents,security_incidents_000052,severity,score,3,3,"[""0"", ""1"", ""2"", ""3"", ""4""]","[0.019958152610640895, 0.17928024786016725, 0.3736521229532345, 0.38551311455504383, 0.04159636202091344]","[0.01, 0.066667, 0.29, 0.516667, 0.116667]"
d1-3b,typed_security_incidents,security_incidents_000052,true_positive,noul,0,1,"[""false"", ""true""]","[0.3702253925955866, 0.6297746074044134]","[0.55, 0.45]"
d1-3b,typed_security_incidents,security_incidents_000052,urgency,score,2,2,"[""0"", ""1"", ""2"", ""3""]","[0.034536278206134044, 0.13659363002938998, 0.5795910761496886, 0.24927901561478727]","[0.033333, 0.233333, 0.533333, 0.2]"
d1-3b,typed_security_incidents,security_incidents_000053,credential_compromise,noul,1,0,"[""false"", ""true""]","[0.6688802603710085, 0.3311197396289915]","[0.5, 0.5]"
d1-3b,typed_security_incidents,security_incidents_000053,disposition,choice,2,2,"[""close_benign"", ""contain"", ""investigate"", ""monitor""]","[0.0649155756841397, 0.09083322111915192, 0.7429194225506486, 0.10133178064605987]","[0.043333, 0.073333, 0.733333, 0.15]"
d1-3b,typed_security_incidents,security_incidents_000053,severity,score,3,3,"[""0"", ""1"", ""2"", ""3"", ""4""]","[0.060430633512664075, 0.18469090680130884, 0.29745000300361285, 0.42607745701990923, 0.031350999662505014]","[0.003333, 0.046667, 0.166667, 0.683333, 0.1]"
d1-3b,typed_security_incidents,security_incidents_000053,true_positive,noul,1,1,"[""false"", ""true""]","[0.4225046348141882, 0.5774953651858118]","[0.45, 0.55]"
d1-3b,typed_security_incidents,security_incidents_000053,urgency,score,3,2,"[""0"", ""1"", ""2"", ""3""]","[0.060891252649524594, 0.1846504410270927, 0.5098362163581271, 0.2446220899652556]","[0.006667, 0.093333, 0.283333, 0.616667]"
d1-3b,typed_security_incidents,security_incidents_000054,credential_compromise,noul,0,0,"[""false"", ""true""]","[0.8376199633332891, 0.16238003666671086]","[0.566667, 0.433333]"
d1-3b,typed_security_incidents,security_incidents_000054,disposition,choice,2,2,"[""close_benign"", ""contain"", ""investigate"", ""monitor""]","[0.05090907478580685, 0.0729238826859568, 0.8152368579123108, 0.06093018461592563]","[0.05, 0.15, 0.65, 0.15]"
d1-3b,typed_security_incidents,security_incidents_000054,severity,score,3,3,"[""0"", ""1"", ""2"", ""3"", ""4""]","[0.01732212040106686, 0.1484757760426796, 0.3703632647618532, 0.39424964312572086, 0.06958919566867952]","[0.003333, 0.08, 0.416667, 0.45, 0.05]"
d1-3b,typed_security_incidents,security_incidents_000054,true_positive,noul,1,1,"[""false"", ""true""]","[0.16451646289656308, 0.8354835371034369]","[0.233333, 0.766667]"
d1-3b,typed_security_incidents,security_incidents_000054,urgency,score,3,2,"[""0"", ""1"", ""2"", ""3""]","[0.03370250678610403, 0.09378544936476628, 0.4837821586365996, 0.38872988521253]","[0.016667, 0.116667, 0.416667, 0.45]"
d1-3b,typed_security_incidents,security_incidents_000055,credential_compromise,noul,0,0,"[""false"", ""true""]","[0.8267117940706734, 0.17328820592932656]","[0.833333, 0.166667]"
d1-3b,typed_security_incidents,security_incidents_000055,disposition,choice,2,2,"[""close_benign"", ""contain"", ""investigate"", ""monitor""]","[0.1525577801742111, 0.08359476601681934, 0.6323344268975584, 0.13151302691141126]","[0.333333, 0.066667, 0.433333, 0.166667]"
d1-3b,typed_security_incidents,security_incidents_000055,severity,score,1,1,"[""0"", ""1"", ""2"", ""3"", ""4""]","[0.09214561313132344, 0.40340159412917675, 0.25244226705504014, 0.20603737353175686, 0.045973152152702756]","[0.066667, 0.45, 0.283333, 0.166667, 0.033333]"
d1-3b,typed_security_incidents,security_incidents_000055,true_positive,noul,0,1,"[""false"", ""true""]","[0.25386100696924896, 0.746138993030751]","[0.566667, 0.433333]"
d1-3b,typed_security_incidents,security_incidents_000055,urgency,score,1,3,"[""0"", ""1"", ""2"", ""3""]","[0.05133377629831857, 0.14738326561699722, 0.3975115311660173, 0.40377142691866696]","[0.116667, 0.5, 0.3, 0.083333]"
d1-3b,typed_security_incidents,security_incidents_000056,credential_compromise,noul,0,0,"[""false"", ""true""]","[0.9643214491222695, 0.035678550877730524]","[0.783333, 0.216667]"
d1-3b,typed_security_incidents,security_incidents_000056,disposition,choice,2,0,"[""close_benign"", ""contain"", ""investigate"", ""monitor""]","[0.6890218933234216, 0.02249736173278211, 0.10732891012531179, 0.1811518348184846]","[0.216667, 0.05, 0.416667, 0.316667]"
d1-3b,typed_security_incidents,security_incidents_000056,severity,score,3,2,"[""0"", ""1"", ""2"", ""3"", ""4""]","[0.04453214254906959, 0.313982180064013, 0.33423229087709144, 0.2685631905755513, 0.03869019593427485]","[0.043333, 0.073333, 0.35, 0.45, 0.083333]"
d1-3b,typed_security_incidents,security_incidents_000056,true_positive,noul,0,0,"[""false"", ""true""]","[0.8519528019683105, 0.1480471980316895]","[0.6, 0.4]"
d1-3b,typed_security_incidents,security_incidents_000056,urgency,score,2,1,"[""0"", ""1"", ""2"", ""3""]","[0.13773527152398116, 0.4960037665418659, 0.2654916846299989, 0.10076927730415396]","[0.05, 0.216667, 0.533333, 0.2]"
d1-3b,typed_security_incidents,security_incidents_000057,credential_compromise,noul,0,1,"[""false"", ""true""]","[0.05419872982318552, 0.9458012701768145]","[0.683333, 0.316667]"
d1-3b,typed_security_incidents,security_incidents_000057,disposition,choice,3,2,"[""close_benign"", ""contain"", ""investigate"", ""monitor""]","[0.08275074629801982, 0.07534541191627754, 0.7261147302042841, 0.1157891115814186]","[0.166667, 0.033333, 0.35, 0.45]"
d1-3b,typed_security_incidents,security_incidents_000057,severity,score,2,2,"[""0"", ""1"", ""2"", ""3"", ""4""]","[0.0404545366366774, 0.3633953250475141, 0.4967025179201267, 0.08631395526074581, 0.013133665134936072]","[0.083333, 0.333333, 0.466667, 0.1, 0.016667]"
d1-3b,typed_security_incidents,security_incidents_000057,true_positive,noul,0,1,"[""false"", ""true""]","[0.10374862686637976, 0.8962513731336202]","[0.616667, 0.383333]"
d1-3b,typed_security_incidents,security_incidents_000057,urgency,score,1,2,"[""0"", ""1"", ""2"", ""3""]","[0.0800003784406869, 0.2058903746342077, 0.5016832102287412, 0.21242603669636426]","[0.116667, 0.466667, 0.35, 0.066667]"
d1-3b,typed_security_incidents,security_incidents_000058,credential_compromise,noul,1,1,"[""false"", ""true""]","[0.43398146480389854, 0.5660185351961015]","[0.466667, 0.533333]"
d1-3b,typed_security_incidents,security_incidents_000058,disposition,choice,2,2,"[""close_benign"", ""contain"", ""investigate"", ""monitor""]","[0.03383152592373495, 0.10502575306954719, 0.7640097779232089, 0.09713294308350891]","[0.05, 0.1, 0.616667, 0.233333]"
d1-3b,typed_security_incidents,security_incidents_000058,severity,score,3,4,"[""0"", ""1"", ""2"", ""3"", ""4""]","[0.02163188899344325, 0.032984691775827746, 0.09178795393432865, 0.24563730259188493, 0.6079581627045154]","[0.003333, 0.046667, 0.316667, 0.466667, 0.166667]"
d1-3b,typed_security_incidents,security_incidents_000058,true_positive,noul,1,1,"[""false"", ""true""]","[0.09534946489910945, 0.9046505351008906]","[0.366667, 0.633333]"
d1-3b,typed_security_incidents,security_incidents_000058,urgency,score,3,3,"[""0"", ""1"", ""2"", ""3""]","[0.029444391301328428, 0.036358970098626466, 0.29971018082164175, 0.6344864577784034]","[0.0, 0.1, 0.366667, 0.533333]"
d1-3b,typed_security_incidents,security_incidents_000059,credential_compromise,noul,1,0,"[""false"", ""true""]","[0.9496693674025232, 0.05033063259747688]","[0.466667, 0.533333]"
d1-3b,typed_security_incidents,security_incidents_000059,disposition,choice,1,2,"[""close_benign"", ""contain"", ""investigate"", ""monitor""]","[0.026261702828121968, 0.2779626387607672, 0.6772982427415759, 0.01847741566953489]","[0.0, 0.666667, 0.266667, 0.066667]"
d1-3b,typed_security_incidents,security_incidents_000059,severity,score,4,4,"[""0"", ""1"", ""2"", ""3"", ""4""]","[0.013431522074040267, 0.015459587143684145, 0.04105004113611406, 0.1675097968138643, 0.7625490528322972]","[0.0, 0.033333, 0.183333, 0.35, 0.433333]"
d1-3b,typed_security_incidents,security_incidents_000059,true_positive,noul,1,1,"[""false"", ""true""]","[0.05033063259747683, 0.9496693674025232]","[0.133333, 0.866667]"
d1-3b,typed_security_incidents,security_incidents_000059,urgency,score,3,3,"[""0"", ""1"", ""2"", ""3""]","[0.022562702248286673, 0.036055095531353026, 0.3315564892101778, 0.6098257130101826]","[0.0, 0.066667, 0.183333, 0.75]"
d1-3b,typed_security_incidents,security_incidents_000060,credential_compromise,noul,0,0,"[""false"", ""true""]","[0.941654159388319, 0.05834584061168106]","[0.866667, 0.133333]"
d1-3b,typed_security_incidents,security_incidents_000060,disposition,choice,3,2,"[""close_benign"", ""contain"", ""investigate"", ""monitor""]","[0.3479403274700841, 0.03445075773003889, 0.39119982557317484, 0.22640908922670225]","[0.35, 0.033333, 0.166667, 0.45]"
d1-3b,typed_security_incidents,security_incidents_000060,severity,score,1,2,"[""0"", ""1"", ""2"", ""3"", ""4""]","[0.053778454645625945, 0.3762242652385704, 0.44677736947926056, 0.11034622421689001, 0.012873686419653025]","[0.083333, 0.416667, 0.4, 0.1, 0.0]"
d1-3b,typed_security_incidents,security_incidents_000060,true_positive,noul,0,0,"[""false"", ""true""]","[0.9399133498259924, 0.06008665017400762]","[0.816667, 0.183333]"
d1-3b,typed_security_incidents,security_incidents_000060,urgency,score,1,1,"[""0"", ""1"", ""2"", ""3""]","[0.14792201138809494, 0.5495969463696297, 0.22205723962717347, 0.08042380261510186]","[0.15, 0.616667, 0.2, 0.033333]"
d1-3b,typed_security_incidents,security_incidents_000061,credential_compromise,noul,1,1,"[""false"", ""true""]","[0.14804719803168942, 0.8519528019683106]","[0.106667, 0.893333]"
d1-3b,typed_security_incidents,security_incidents_000061,disposition,choice,1,2,"[""close_benign"", ""contain"", ""investigate"", ""monitor""]","[0.014809275283468728, 0.3241450798266905, 0.6346452572647548, 0.026400387625085998]","[0.003333, 0.6, 0.35, 0.046667]"
d1-3b,typed_security_incidents,security_incidents_000061,severity,score,2,3,"[""0"", ""1"", ""2"", ""3"", ""4""]","[0.021460645562609428, 0.08825967476632401, 0.30565921927965434, 0.40493267506665026, 0.179687785324762]","[0.0, 0.05, 0.566667, 0.316667, 0.066667]"
d1-3b,typed_security_incidents,security_incidents_000061,true_positive,noul,1,1,"[""false"", ""true""]","[0.12085323249047064, 0.8791467675095294]","[0.05, 0.95]"
d1-3b,typed_security_incidents,security_incidents_000061,urgency,score,3,3,"[""0"", ""1"", ""2"", ""3""]","[0.033919651691206705, 0.03934748433536294, 0.41646692318609163, 0.5102659407873388]","[0.0, 0.006667, 0.126667, 0.866667]"
d1-3b,typed_security_incidents,security_incidents_000062,credential_compromise,noul,0,0,"[""false"", ""true""]","[0.8539127529517043, 0.14608724704829565]","[0.606667, 0.393333]"
d1-3b,typed_security_incidents,security_incidents_000062,disposition,choice,2,2,"[""close_benign"", ""contain"", ""investigate"", ""monitor""]","[0.13415489246526938, 0.07764289509553043, 0.6707322635996158, 0.11746994883958436]","[0.106667, 0.066667, 0.45, 0.376667]"
d1-3b,typed_security_incidents,security_incidents_000062,severity,score,3,3,"[""0"", ""1"", ""2"", ""3"", ""4""]","[0.043811100083979114, 0.16534136439554992, 0.24627522512215727, 0.35277297222209114, 0.19179933817622263]","[0.016667, 0.053333, 0.233333, 0.533333, 0.163333]"
d1-3b,typed_security_incidents,security_incidents_000062,true_positive,noul,0,0,"[""false"", ""true""]","[0.8221891305219504, 0.17781086947804958]","[0.51, 0.49]"
d1-3b,typed_security_incidents,security_incidents_000062,urgency,score,2,2,"[""0"", ""1"", ""2"", ""3""]","[0.151967143949168, 0.16176818267146204, 0.36455022711440066, 0.32171444626496937]","[0.03, 0.106667, 0.433333, 0.43]"
d1-3b,typed_security_incidents,security_incidents_000063,credential_compromise,noul,1,0,"[""false"", ""true""]","[0.9314625069680098, 0.06853749303199023]","[0.416667, 0.583333]"
d1-3b,typed_security_incidents,security_incidents_000063,disposition,choice,2,2,"[""close_benign"", ""contain"", ""investigate"", ""monitor""]","[0.1515859860109135, 0.03628721692316484, 0.4596788200687545, 0.35244797699716707]","[0.04, 0.126667, 0.566667, 0.266667]"
d1-3b,typed_security_incidents,security_incidents_000063,severity,score,3,2,"[""0"", ""1"", ""2"", ""3"", ""4""]","[0.0385845909881907, 0.1305299887969424, 0.37476175331510864, 0.35205608650709447, 0.10406758039266391]","[0.003333, 0.08, 0.316667, 0.483333, 0.116667]"
d1-3b,typed_security_incidents,security_incidents_000063,true_positive,noul,1,0,"[""false"", ""true""]","[0.5039061705290805, 0.4960938294709195]","[0.333333, 0.666667]"
d1-3b,typed_security_incidents,security_incidents_000063,urgency,score,2,2,"[""0"", ""1"", ""2"", ""3""]","[0.06300801675648408, 0.1584021366749446, 0.4044940263477814, 0.37409582022078997]","[0.05, 0.2, 0.433333, 0.316667]"
d1-3b,typed_security_incidents,security_incidents_000064,credential_compromise,noul,1,1,"[""false"", ""true""]","[0.28457600421652673, 0.7154239957834733]","[0.443333, 0.556667]"
d1-3b,typed_security_incidents,security_incidents_000064,disposition,choice,2,2,"[""close_benign"", ""contain"", ""investigate"", ""monitor""]","[0.030076726797654475, 0.07047895654888733, 0.8321928265039572, 0.06725149014950108]","[0.04, 0.123333, 0.586667, 0.25]"
d1-3b,typed_security_incidents,security_incidents_000064,severity,score,3,3,"[""0"", ""1"", ""2"", ""3"", ""4""]","[0.006973929317312396, 0.06215795540294294, 0.3807636391871654, 0.48891019046684087, 0.061194285625738386]","[0.006667, 0.026667, 0.266667, 0.616667, 0.083333]"
d1-3b,typed_security_incidents,security_incidents_000064,true_positive,noul,1,1,"[""false"", ""true""]","[0.10818895456207034, 0.8918110454379297]","[0.356667, 0.643333]"
d1-3b,typed_security_incidents,security_incidents_000064,urgency,score,3,2,"[""0"", ""1"", ""2"", ""3""]","[0.019466357789687944, 0.10199642198311643, 0.6055806404576782, 0.2729565797695173]","[0.05, 0.116667, 0.35, 0.483333]"
d1-3b,typed_security_incidents,security_incidents_000065,credential_compromise,noul,1,1,"[""false"", ""true""]","[0.10818895456207034, 0.8918110454379297]","[0.433333, 0.566667]"
d1-3b,typed_security_incidents,security_incidents_000065,disposition,choice,2,2,"[""close_benign"", ""contain"", ""investigate"", ""monitor""]","[0.05799449236860751, 0.09942569158101258, 0.7639276203184788, 0.07865219573190106]","[0.05, 0.1, 0.65, 0.2]"
d1-3b,typed_security_incidents,security_incidents_000065,severity,score,2,2,"[""0"", ""1"", ""2"", ""3"", ""4""]","[0.027656702709735945, 0.19652813687061418, 0.5018521785255484, 0.22269555427904197, 0.05126742761505952]","[0.066667, 0.316667, 0.55, 0.066667, 0.0]"
d1-3b,typed_security_incidents,security_incidents_000065,true_positive,noul,1,1,"[""false"", ""true""]","[0.09401017961657232, 0.9059898203834277]","[0.35, 0.65]"
d1-3b,typed_security_incidents,security_incidents_000065,urgency,score,2,2,"[""0"", ""1"", ""2"", ""3""]","[0.045146109804043606, 0.09263380265915687, 0.5207221585414556, 0.34149792899534387]","[0.033333, 0.266667, 0.516667, 0.183333]"
d1-3b,typed_security_incidents,security_incidents_000066,credential_compromise,noul,0,1,"[""false"", ""true""]","[0.11436852618181237, 0.8856314738181876]","[0.533333, 0.466667]"
d1-3b,typed_security_incidents,security_incidents_000066,disposition,choice,2,2,"[""close_benign"", ""contain"", ""investigate"", ""monitor""]","[0.06887747923827038, 0.09488273521878797, 0.7700009610972243, 0.06623882444571744]","[0.05, 0.1, 0.616667, 0.233333]"
d1-3b,typed_security_incidents,security_incidents_000066,severity,score,3,3,"[""0"", ""1"", ""2"", ""3"", ""4""]","[0.007269872814834849, 0.020230195133292068, 0.08925980699068818, 0.48631851839495527, 0.3969216066662297]","[0.006667, 0.026667, 0.15, 0.65, 0.166667]"
d1-3b,typed_security_incidents,security_incidents_000066,true_positive,noul,1,1,"[""false"", ""true""]","[0.1242130083520534, 0.8757869916479466]","[0.483333, 0.516667]"
d1-3b,typed_security_incidents,security_incidents_000066,urgency,score,3,2,"[""0"", ""1"", ""2"", ""3""]","[0.02264814296986058, 0.05184211555260175, 0.48803657922985716, 0.43747316224768057]","[0.033333, 0.1, 0.316667, 0.55]"
d1-3b,typed_security_incidents,security_incidents_000067,credential_compromise,noul,0,0,"[""false"", ""true""]","[0.8705972684083609, 0.12940273159163906]","[0.75, 0.25]"
d1-3b,typed_security_incidents,security_incidents_000067,disposition,choice,3,2,"[""close_benign"", ""contain"", ""investigate"", ""monitor""]","[0.1425856305446916, 0.03661901845388465, 0.45669018797124405, 0.36410516303017965]","[0.133333, 0.066667, 0.4, 0.4]"
d1-3b,typed_security_incidents,security_incidents_000067,severity,score,1,1,"[""0"", ""1"", ""2"", ""3"", ""4""]","[0.2074599756065503, 0.5551916849593516, 0.18596592024238132, 0.04314756273645857, 0.008234856455258238]","[0.266667, 0.466667, 0.216667, 0.05, 0.0]"
d1-3b,typed_security_incidents,security_incidents_000067,true_positive,noul,0,1,"[""false"", ""true""]","[0.42632159254749036, 0.5736784074525096]","[0.633333, 0.366667]"
d1-3b,typed_security_incidents,security_incidents_000067,urgency,score,1,2,"[""0"", ""1"", ""2"", ""3""]","[0.06607348018425195, 0.3303466173576995, 0.47319968141734403, 0.1303802210407045]","[0.116667, 0.533333, 0.283333, 0.066667]"
d1-3b,typed_security_incidents,security_incidents_000068,credential_compromise,noul,0,0,"[""false"", ""true""]","[0.8791467675095294, 0.12085323249047067]","[0.726667, 0.273333]"
d1-3b,typed_security_incidents,security_incidents_000068,disposition,choice,2,2,"[""close_benign"", ""contain"", ""investigate"", ""monitor""]","[0.20649063161270934, 0.060563508630084244, 0.4838706136839123, 0.24907524607329423]","[0.126667, 0.04, 0.46, 0.373333]"
d1-3b,typed_security_incidents,security_incidents_000068,severity,score,3,3,"[""0"", ""1"", ""2"", ""3"", ""4""]","[0.0438904213220451, 0.26058942987785483, 0.2372693759699026, 0.3398726889262427, 0.11837808390395482]","[0.026667, 0.073333, 0.293333, 0.5, 0.106667]"
d1-3b,typed_security_incidents,security_incidents_000068,true_positive,noul,0,0,"[""false"", ""true""]","[0.8824278664544911, 0.11757213354550883]","[0.666667, 0.333333]"
d1-3b,typed_security_incidents,security_incidents_000068,urgency,score,2,2,"[""0"", ""1"", ""2"", ""3""]","[0.14570900013478266, 0.303683634329977, 0.3720809666890706, 0.17852639884616978]","[0.05, 0.316667, 0.4, 0.233333]"
d1-3b,typed_security_incidents,security_incidents_000069,credential_compromise,noul,1,0,"[""false"", ""true""]","[0.9674102552339746, 0.032589744766025344]","[0.433333, 0.566667]"
d1-3b,typed_security_incidents,security_incidents_000069,disposition,choice,1,2,"[""close_benign"", ""contain"", ""investigate"", ""monitor""]","[0.15022623979984312, 0.09400917868976665, 0.7279755213694049, 0.02778906014098537]","[0.006667, 0.666667, 0.266667, 0.06]"
d1-3b,typed_security_incidents,security_incidents_000069,severity,score,4,4,"[""0"", ""1"", ""2"", ""3"", ""4""]","[0.03392401648745483, 0.055495987148673785, 0.12802790071605694, 0.28404231243499845, 0.4985097832128161]","[0.003333, 0.03, 0.116667, 0.4, 0.45]"
d1-3b,typed_security_incidents,security_incidents_000069,true_positive,noul,1,1,"[""false"", ""true""]","[0.055823141134614396, 0.9441768588653856]","[0.083333, 0.916667]"
d1-3b,typed_security_incidents,security_incidents_000069,urgency,score,3,3,"[""0"", ""1"", ""2"", ""3""]","[0.035193546478105936, 0.062251039070761204, 0.3813338457822442, 0.5212215686688887]","[0.003333, 0.063333, 0.2, 0.733333]"
d1-3b,typed_security_incidents,security_incidents_000070,credential_compromise,noul,0,1,"[""false"", ""true""]","[0.1347759174229567, 0.8652240825770433]","[0.583333, 0.416667]"
d1-3b,typed_security_incidents,security_incidents_000070,disposition,choice,2,2,"[""close_benign"", ""contain"", ""investigate"", ""monitor""]","[0.06040838827702452, 0.09139497273579016, 0.783387898776539, 0.06480874021064627]","[0.06, 0.09, 0.6, 0.25]"
d1-3b,typed_security_incidents,security_incidents_000070,severity,score,2,2,"[""0"", ""1"", ""2"", ""3"", ""4""]","[0.1123515078395937, 0.257175162647126, 0.3006682265473975, 0.25318803131238193, 0.07661707165350082]","[0.04, 0.133333, 0.4, 0.376667, 0.05]"
d1-3b,typed_security_incidents,security_incidents_000070,true_positive,noul,1,1,"[""false"", ""true""]","[0.19930799790404563, 0.8006920020959544]","[0.45, 0.55]"
d1-3b,typed_security_incidents,security_incidents_000070,urgency,score,2,2,"[""0"", ""1"", ""2"", ""3""]","[0.032580965031896066, 0.06790456225567217, 0.5056858987656087, 0.39382857394682314]","[0.033333, 0.15, 0.55, 0.266667]"
d1-3b,typed_security_incidents,security_incidents_000071,credential_compromise,noul,1,1,"[""false"", ""true""]","[0.41489884579676883, 0.5851011542032312]","[0.383333, 0.616667]"
d1-3b,typed_security_incidents,security_incidents_000071,disposition,choice,2,2,"[""close_benign"", ""contain"", ""investigate"", ""monitor""]","[0.018478006254641362, 0.1464806992054181, 0.8043372719886301, 0.030704022551310394]","[0.003333, 0.383333, 0.533333, 0.08]"
d1-3b,typed_security_incidents,security_incidents_000071,severity,score,4,4,"[""0"", ""1"", ""2"", ""3"", ""4""]","[0.011273510917072696, 0.01887957797082993, 0.04600296298939331, 0.23180425967056079, 0.6920396884521434]","[0.0, 0.033333, 0.116667, 0.283333, 0.566667]"
d1-3b,typed_security_incidents,security_incidents_000071,true_positive,noul,1,1,"[""false"", ""true""]","[0.11920292202211769, 0.8807970779778823]","[0.183333, 0.816667]"
d1-3b,typed_security_incidents,security_incidents_000071,urgency,score,3,3,"[""0"", ""1"", ""2"", ""3""]","[0.03699011877016964, 0.033157728168326205, 0.33750769724743934, 0.5923444558140649]","[0.0, 0.073333, 0.226667, 0.7]"
d1-3b,typed_security_incidents,security_incidents_000072,credential_compromise,noul,0,1,"[""false"", ""true""]","[0.4186969093556867, 0.5813030906443133]","[0.75, 0.25]"
d1-3b,typed_security_incidents,security_incidents_000072,disposition,choice,2,2,"[""close_benign"", ""contain"", ""investigate"", ""monitor""]","[0.09763049867657903, 0.0569473656195668, 0.6466562991675946, 0.19876583653625957]","[0.133333, 0.066667, 0.466667, 0.333333]"
d1-3b,typed_security_incidents,security_incidents_000072,severity,score,3,4,"[""0"", ""1"", ""2"", ""3"", ""4""]","[0.028475958791301288, 0.08501350958051848, 0.12177622998364888, 0.26391383837981536, 0.5008204632647161]","[0.26, 0.04, 0.183333, 0.333333, 0.183333]"
d1-3b,typed_security_incidents,security_incidents_000072,true_positive,noul,0,1,"[""false"", ""true""]","[0.4073334000459303, 0.5926665999540697]","[0.683333, 0.316667]"
d1-3b,typed_security_incidents,security_incidents_000072,urgency,score,2,2,"[""0"", ""1"", ""2"", ""3""]","[0.049510489856308945, 0.11876949090850812, 0.4771398160812105, 0.3545802031539725]","[0.276667, 0.131667, 0.325, 0.266667]"
d1-3b,typed_security_incidents,security_incidents_000073,credential_compromise,noul,1,1,"[""false"", ""true""]","[0.2173375210470624, 0.7826624789529376]","[0.483333, 0.516667]"
d1-3b,typed_security_incidents,security_incidents_000073,disposition,choice,2,2,"[""close_benign"", ""contain"", ""investigate"", ""monitor""]","[0.1648770159107852, 0.05352773002611831, 0.6470265556026078, 0.13456869846048874]","[0.08, 0.076667, 0.603333, 0.24]"
d1-3b,typed_security_incidents,security_incidents_000073,severity,score,2,3,"[""0"", ""1"", ""2"", ""3"", ""4""]","[0.03894381237639431, 0.13174521908906056, 0.2832967398526497, 0.41219432427493136, 0.13381990440696417]","[0.05, 0.173333, 0.516667, 0.223333, 0.036667]"
d1-3b,typed_security_incidents,security_incidents_000073,true_positive,noul,1,1,"[""false"", ""true""]","[0.1561048974454574, 0.8438951025545426]","[0.426667, 0.573333]"
d1-3b,typed_security_incidents,security_incidents_000073,urgency,score,2,2,"[""0"", ""1"", ""2"", ""3""]","[0.03190624586606359, 0.05822788046371116, 0.4762423130817226, 0.4336235605885026]","[0.046667, 0.256667, 0.51, 0.186667]"
d1-3b,typed_security_incidents,security_incidents_000074,credential_compromise,noul,0,0,"[""false"", ""true""]","[0.9706877692486436, 0.029312230751356316]","[0.666667, 0.333333]"
d1-3b,typed_security_incidents,security_incidents_000074,disposition,choice,2,2,"[""close_benign"", ""contain"", ""investigate"", ""monitor""]","[0.2243589578616322, 0.0508496001780104, 0.5298650013627306, 0.19492644059762687]","[0.05, 0.116667, 0.6, 0.233333]"
d1-3b,typed_security_incidents,security_incidents_000074,severity,score,3,3,"[""0"", ""1"", ""2"", ""3"", ""4""]","[0.012871007760087046, 0.09363013825685487, 0.2884011294252891, 0.48298100298234253, 0.12211672157542652]","[0.006667, 0.043333, 0.283333, 0.566667, 0.1]"
d1-3b,typed_security_incidents,security_incidents_000074,true_positive,noul,1,0,"[""false"", ""true""]","[0.7090191337850933, 0.29098086621490676]","[0.45, 0.55]"
d1-3b,typed_security_incidents,security_incidents_000074,urgency,score,3,2,"[""0"", ""1"", ""2"", ""3""]","[0.04865265516555481, 0.1724886408278396, 0.4616035399482281, 0.31725516405837745]","[0.033333, 0.116667, 0.333333, 0.516667]"
d1-3b,typed_security_incidents,security_incidents_000075,credential_compromise,noul,1,0,"[""false"", ""true""]","[0.7185943925708562, 0.28140560742914383]","[0.133333, 0.866667]"
d1-3b,typed_security_incidents,security_incidents_000075,disposition,choice,2,2,"[""close_benign"", ""contain"", ""investigate"", ""monitor""]","[0.07092453838652873, 0.11333708963152193, 0.739050661111796, 0.0766877108701533]","[0.02, 0.433333, 0.5, 0.046667]"
d1-3b,typed_security_incidents,security_incidents_000075,severity,score,2,1,"[""0"", ""1"", ""2"", ""3"", ""4""]","[0.17634439003330052, 0.5517327853871768, 0.20941414464998087, 0.048587988231446055, 0.013920691698095759]","[0.033333, 0.316667, 0.4, 0.216667, 0.033333]"
d1-3b,typed_security_incidents,security_incidents_000075,true_positive,noul,1,1,"[""false"", ""true""]","[0.1127954062828932, 0.8872045937171068]","[0.076667, 0.923333]"
d1-3b,typed_security_incidents,security_incidents_000075,urgency,score,3,2,"[""0"", ""1"", ""2"", ""3""]","[0.07094686215033458, 0.170192674796927, 0.4554592162270624, 0.30340124682567593]","[0.006667, 0.093333, 0.366667, 0.533333]"
d1-3b,typed_security_incidents,security_incidents_000076,credential_compromise,noul,1,1,"[""false"", ""true""]","[0.05921025074128594, 0.9407897492587141]","[0.15, 0.85]"
d1-3b,typed_security_incidents,security_incidents_000076,disposition,choice,1,2,"[""close_benign"", ""contain"", ""investigate"", ""monitor""]","[0.01636285244934844, 0.46711532279564544, 0.49724167279159187, 0.01928015196341429]","[0.01, 0.666667, 0.283333, 0.04]"
d1-3b,typed_security_incidents,security_incidents_000076,severity,score,4,4,"[""0"", ""1"", ""2"", ""3"", ""4""]","[0.013233761576574233, 0.016088162601936438, 0.043391833684584, 0.1990803992476302, 0.7282058428892751]","[0.003333, 0.006667, 0.056667, 0.25, 0.683333]"
d1-3b,typed_security_incidents,security_incidents_000076,true_positive,noul,1,1,"[""false"", ""true""]","[0.08389038641058, 0.91610961358942]","[0.106667, 0.893333]"
d1-3b,typed_security_incidents,security_incidents_000076,urgency,score,3,3,"[""0"", ""1"", ""2"", ""3""]","[0.04976580232341793, 0.026637714443026362, 0.2931737825827381, 0.6304227006508176]","[0.016667, 0.05, 0.133333, 0.8]"
d1-3b,typed_security_incidents,security_incidents_000077,credential_compromise,noul,0,0,"[""false"", ""true""]","[0.9230391643039739, 0.07696083569602613]","[0.7, 0.3]"
d1-3b,typed_security_incidents,security_incidents_000077,disposition,choice,3,2,"[""close_benign"", ""contain"", ""investigate"", ""monitor""]","[0.17561591055012224, 0.020013844996286462, 0.41474931765526224, 0.3896209267983291]","[0.2, 0.05, 0.366667, 0.383333]"
d1-3b,typed_security_incidents,security_incidents_000077,severity,score,1,1,"[""0"", ""1"", ""2"", ""3"", ""4""]","[0.2328434785340787, 0.4216250710437685, 0.28086284718821053, 0.057959324447054233, 0.006709278786888257]","[0.2, 0.483333, 0.266667, 0.04, 0.01]"
d1-3b,typed_security_incidents,security_incidents_000077,true_positive,noul,0,0,"[""false"", ""true""]","[0.7772998611746912, 0.22270013882530884]","[0.616667, 0.383333]"
d1-3b,typed_security_incidents,security_incidents_000077,urgency,score,1,2,"[""0"", ""1"", ""2"", ""3""]","[0.08502502540464524, 0.3780903278669367, 0.4420323766275115, 0.09485227010090667]","[0.15, 0.45, 0.333333, 0.066667]"
d1-3b,typed_security_incidents,security_incidents_000078,credential_compromise,noul,1,1,"[""false"", ""true""]","[0.030675801710674078, 0.9693241982893259]","[0.233333, 0.766667]"
d1-3b,typed_security_incidents,security_incidents_000078,disposition,choice,1,2,"[""close_benign"", ""contain"", ""investigate"", ""monitor""]","[0.016112666015769255, 0.2923767387144746, 0.6537536978635964, 0.03775689740615972]","[0.036667, 0.55, 0.316667, 0.096667]"
d1-3b,typed_security_incidents,security_incidents_000078,severity,score,4,4,"[""0"", ""1"", ""2"", ""3"", ""4""]","[0.012133990051424657, 0.016201002282705018, 0.05879963277884203, 0.23993921240796232, 0.672926162479066]","[0.003333, 0.03, 0.1, 0.3, 0.566667]"
d1-3b,typed_security_incidents,security_incidents_000078,true_positive,noul,1,1,"[""false"", ""true""]","[0.05749327880038568, 0.9425067211996143]","[0.183333, 0.816667]"
d1-3b,typed_security_incidents,security_incidents_000078,urgency,score,3,3,"[""0"", ""1"", ""2"", ""3""]","[0.03815262679531214, 0.02156953947156386, 0.34811473014277355, 0.5921631035903505]","[0.03, 0.086667, 0.233333, 0.65]"
d1-3b,typed_security_incidents,security_incidents_000079,credential_compromise,noul,0,0,"[""false"", ""true""]","[0.8918110454379297, 0.10818895456207035]","[0.783333, 0.216667]"
d1-3b,typed_security_incidents,security_incidents_000079,disposition,choice,2,2,"[""close_benign"", ""contain"", ""investigate"", ""monitor""]","[0.263818644485909, 0.020989281746007688, 0.38686446590177465, 0.32832760786630866]","[0.133333, 0.05, 0.533333, 0.283333]"
d1-3b,typed_security_incidents,security_incidents_000079,severity,score,3,1,"[""0"", ""1"", ""2"", ""3"", ""4""]","[0.06323525252872303, 0.42543489956881403, 0.30167851750887975, 0.20412589560640176, 0.005525434787181313]","[0.05, 0.166667, 0.366667, 0.383333, 0.033333]"
d1-3b,typed_security_incidents,security_incidents_000079,true_positive,noul,0,0,"[""false"", ""true""]","[0.8244619263765707, 0.17553807362342935]","[0.533333, 0.466667]"
d1-3b,typed_security_incidents,security_incidents_000079,urgency,score,2,1,"[""0"", ""1"", ""2"", ""3""]","[0.1349682258042497, 0.5594277500357698, 0.26841636785995493, 0.03718765630002559]","[0.083333, 0.35, 0.433333, 0.133333]"
d1-3b,typed_security_incidents,security_incidents_000080,credential_compromise,noul,0,1,"[""false"", ""true""]","[0.10521053670308644, 0.8947894632969136]","[0.6, 0.4]"
d1-3b,typed_security_incidents,security_incidents_000080,disposition,choice,2,2,"[""close_benign"", ""contain"", ""investigate"", ""monitor""]","[0.07380064134561302, 0.06615446734816607, 0.763035778369809, 0.09700911293641194]","[0.05, 0.083333, 0.7, 0.166667]"
d1-3b,typed_security_incidents,security_incidents_000080,severity,score,3,4,"[""0"", ""1"", ""2"", ""3"", ""4""]","[0.014403603492531697, 0.021962872581603902, 0.056084159893163024, 0.15126615752446637, 0.756283206508235]","[0.01, 0.073333, 0.25, 0.516667, 0.15]"
d1-3b,typed_security_incidents,security_incidents_000080,true_positive,noul,0,1,"[""false"", ""true""]","[0.10087862273005643, 0.8991213772699436]","[0.516667, 0.483333]"
d1-3b,typed_security_incidents,security_incidents_000080,urgency,score,3,3,"[""0"", ""1"", ""2"", ""3""]","[0.04333187462523159, 0.07428811644271707, 0.430851506702511, 0.4515285022295404]","[0.033333, 0.133333, 0.35, 0.483333]"
d1-3b,typed_security_incidents,security_incidents_000081,credential_compromise,noul,0,0,"[""false"", ""true""]","[0.8633916099737806, 0.13660839002621938]","[0.65, 0.35]"
d1-3b,typed_security_incidents,security_incidents_000081,disposition,choice,2,2,"[""close_benign"", ""contain"", ""investigate"", ""monitor""]","[0.26070612314323216, 0.07239547576311933, 0.43320294267374515, 0.23369545841990344]","[0.19, 0.043333, 0.483333, 0.283333]"
d1-3b,typed_security_incidents,security_incidents_000081,severity,score,4,4,"[""0"", ""1"", ""2"", ""3"", ""4""]","[0.030209027692731413, 0.07959018728466098, 0.1671812093279823, 0.30272606174699956, 0.4202935139476257]","[0.023333, 0.06, 0.133333, 0.35, 0.433333]"
d1-3b,typed_security_incidents,security_incidents_000081,true_positive,noul,0,0,"[""false"", ""true""]","[0.5621765008857982, 0.4378234991142019]","[0.55, 0.45]"
d1-3b,typed_security_incidents,security_incidents_000081,urgency,score,3,3,"[""0"", ""1"", ""2"", ""3""]","[0.05734816968218887, 0.07479611373346935, 0.3404917608871051, 0.5273639556972368]","[0.056667, 0.16, 0.366667, 0.416667]"
d1-3b,typed_security_incidents,security_incidents_000082,credential_compromise,noul,1,1,"[""false"", ""true""]","[0.22270013882530892, 0.7772998611746911]","[0.5, 0.5]"
d1-3b,typed_security_incidents,security_incidents_000082,disposition,choice,2,2,"[""close_benign"", ""contain"", ""investigate"", ""monitor""]","[0.039069896231751534, 0.09084023035862092, 0.7970976977173613, 0.07299217569226624]","[0.05, 0.133333, 0.633333, 0.183333]"
d1-3b,typed_security_incidents,security_incidents_000082,severity,score,3,2,"[""0"", ""1"", ""2"", ""3"", ""4""]","[0.019718753769115447, 0.17712977409220756, 0.37498373469580276, 0.37498373469580276, 0.05318400274707155]","[0.0, 0.05, 0.216667, 0.633333, 0.1]"
d1-3b,typed_security_incidents,security_incidents_000082,true_positive,noul,1,1,"[""false"", ""true""]","[0.16238003666671086, 0.8376199633332891]","[0.4, 0.6]"
d1-3b,typed_security_incidents,security_incidents_000082,urgency,score,2,2,"[""0"", ""1"", ""2"", ""3""]","[0.03710084754784468, 0.12848694634454516, 0.5581218536780059, 0.2762903524296042]","[0.016667, 0.116667, 0.5, 0.366667]"
d1-3b,typed_security_incidents,security_incidents_000083,credential_compromise,noul,1,1,"[""false"", ""true""]","[0.3380771241500058, 0.6619228758499942]","[0.3, 0.7]"
d1-3b,typed_security_incidents,security_incidents_000083,disposition,choice,2,2,"[""close_benign"", ""contain"", ""investigate"", ""monitor""]","[0.11838299197349349, 0.15440052892407924, 0.601198440116526, 0.12601803898590122]","[0.02, 0.333333, 0.583333, 0.063333]"
d1-3b,typed_security_incidents,security_incidents_000083,severity,score,3,1,"[""0"", ""1"", ""2"", ""3"", ""4""]","[0.07989380264692024, 0.3580591821104488, 0.3110872084507172, 0.19773906062386246, 0.053220746168051315]","[0.0, 0.033333, 0.24, 0.493333, 0.233333]"
d1-3b,typed_security_incidents,security_incidents_000083,true_positive,noul,1,1,"[""false"", ""true""]","[0.1581743527484316, 0.8418256472515684]","[0.173333, 0.826667]"
d1-3b,typed_security_incidents,security_incidents_000083,urgency,score,3,2,"[""0"", ""1"", ""2"", ""3""]","[0.055880563705607324, 0.1721242538530491, 0.5643737007847799, 0.20762148165656363]","[0.0, 0.083333, 0.25, 0.666667]"
d1-3b,typed_security_incidents,security_incidents_000084,credential_compromise,noul,1,0,"[""false"", ""true""]","[0.8289388083214156, 0.17106119167858438]","[0.4, 0.6]"
d1-3b,typed_security_incidents,security_incidents_000084,disposition,choice,2,2,"[""close_benign"", ""contain"", ""investigate"", ""monitor""]","[0.06466507876614211, 0.10094076048672933, 0.7576024796736444, 0.07679168107348402]","[0.066667, 0.083333, 0.65, 0.2]"
d1-3b,typed_security_incidents,security_incidents_000084,severity,score,2,2,"[""0"", ""1"", ""2"", ""3"", ""4""]","[0.03226907347458063, 0.2701856442395103, 0.4668389297438446, 0.1976720400426429, 0.033034312499421584]","[0.02, 0.1, 0.483333, 0.35, 0.046667]"
d1-3b,typed_security_incidents,security_incidents_000084,true_positive,noul,1,1,"[""false"", ""true""]","[0.20434189993684593, 0.7956581000631541]","[0.316667, 0.683333]"
d1-3b,typed_security_incidents,security_incidents_000084,urgency,score,2,2,"[""0"", ""1"", ""2"", ""3""]","[0.03927077032541166, 0.10265953057744653, 0.505307919239531, 0.3527617798576108]","[0.033333, 0.233333, 0.45, 0.283333]"
d1-3b,typed_security_incidents,security_incidents_000085,credential_compromise,noul,1,1,"[""false"", ""true""]","[0.22541661583507666, 0.7745833841649233]","[0.213333, 0.786667]"
d1-3b,typed_security_incidents,security_incidents_000085,disposition,choice,2,2,"[""close_benign"", ""contain"", ""investigate"", ""monitor""]","[0.04451919695377735, 0.12007397226063773, 0.7768874503793592, 0.058519380406225646]","[0.05, 0.2, 0.6, 0.15]"
d1-3b,typed_security_incidents,security_incidents_000085,severity,score,3,3,"[""0"", ""1"", ""2"", ""3"", ""4""]","[0.013573873352633863, 0.07056853519949417, 0.2350291074808707, 0.45303046192722857, 0.22779802203977262]","[0.006667, 0.043333, 0.266667, 0.55, 0.133333]"
d1-3b,typed_security_incidents,security_incidents_000085,true_positive,noul,1,1,"[""false"", ""true""]","[0.09670579329612161, 0.9032942067038784]","[0.15, 0.85]"
d1-3b,typed_security_incidents,security_incidents_000085,urgency,score,3,3,"[""0"", ""1"", ""2"", ""3""]","[0.026760779797158706, 0.06077933675699396, 0.44910192895322604, 0.46335795449262135]","[0.02, 0.113333, 0.316667, 0.55]"
d1-3b,typed_security_incidents,security_incidents_000086,credential_compromise,noul,0,0,"[""false"", ""true""]","[0.7057850278370112, 0.29421497216298875]","[0.6, 0.4]"
d1-3b,typed_security_incidents,security_incidents_000086,disposition,choice,2,2,"[""close_benign"", ""contain"", ""investigate"", ""monitor""]","[0.09823202830436091, 0.06492740606426961, 0.7145888311799441, 0.12225173445142534]","[0.083333, 0.066667, 0.516667, 0.333333]"
d1-3b,typed_security_incidents,security_incidents_000086,severity,score,2,2,"[""0"", ""1"", ""2"", ""3"", ""4""]","[0.06758427571671077, 0.21816471442597982, 0.4271457749320031, 0.22160030877265763, 0.06550492615264862]","[0.043333, 0.166667, 0.65, 0.133333, 0.006667]"
d1-3b,typed_security_incidents,security_incidents_000086,true_positive,noul,1,1,"[""false"", ""true""]","[0.24798742624020276, 0.7520125737597972]","[0.483333, 0.516667]"
d1-3b,typed_security_incidents,security_incidents_000086,urgency,score,2,2,"[""0"", ""1"", ""2"", ""3""]","[0.06039945170079978, 0.1667682338257887, 0.49787798008774103, 0.27495433438567046]","[0.05, 0.233333, 0.566667, 0.15]"
d1-3b,typed_security_incidents,security_incidents_000087,credential_compromise,noul,1,0,"[""false"", ""true""]","[0.8807970779778824, 0.11920292202211755]","[0.24, 0.76]"
d1-3b,typed_security_incidents,security_incidents_000087,disposition,choice,1,2,"[""close_benign"", ""contain"", ""investigate"", ""monitor""]","[0.07281300887335165, 0.09276617989252565, 0.7951411392573661, 0.039279671976756615]","[0.016667, 0.566667, 0.35, 0.066667]"
d1-3b,typed_security_incidents,security_incidents_000087,severity,score,3,4,"[""0"", ""1"", ""2"", ""3"", ""4""]","[0.013014223415648058, 0.05027989866250055, 0.09921536270286385, 0.38935065653561607, 0.44813985868337153]","[0.0, 0.016667, 0.166667, 0.55, 0.266667]"
d1-3b,typed_security_incidents,security_incidents_000087,true_positive,noul,1,1,"[""false"", ""true""]","[0.20946968133032529, 0.7905303186696747]","[0.14, 0.86]"
d1-3b,typed_security_incidents,security_incidents_000087,urgency,score,3,3,"[""0"", ""1"", ""2"", ""3""]","[0.029340144238688325, 0.044044773179920414, 0.34643897639278126, 0.5801761061886099]","[0.006667, 0.043333, 0.183333, 0.766667]"
d1-3b,typed_security_incidents,security_incidents_000088,credential_compromise,noul,1,0,"[""false"", ""true""]","[0.9196425311777929, 0.08035746882220708]","[0.433333, 0.566667]"
d1-3b,typed_security_incidents,security_incidents_000088,disposition,choice,2,2,"[""close_benign"", ""contain"", ""investigate"", ""monitor""]","[0.04778737365779363, 0.07576973626342402, 0.8146014336735995, 0.06184145640518287]","[0.05, 0.166667, 0.616667, 0.166667]"
d1-3b,typed_security_incidents,security_incidents_000088,severity,score,3,2,"[""0"", ""1"", ""2"", ""3"", ""4""]","[0.027860174517785042, 0.16801835551126762, 0.4030550819689605, 0.3138996134583357, 0.08716677454365114]","[0.016667, 0.083333, 0.35, 0.45, 0.1]"
d1-3b,typed_security_incidents,security_incidents_000088,true_positive,noul,1,1,"[""false"", ""true""]","[0.12252321251815934, 0.8774767874818407]","[0.233333, 0.766667]"
d1-3b,typed_security_incidents,security_incidents_000088,urgency,score,3,2,"[""0"", ""1"", ""2"", ""3""]","[0.029898173674973966, 0.06182822017833909, 0.5383034299829789, 0.36997017616370814]","[0.016667, 0.116667, 0.383333, 0.483333]"
d1-3b,typed_security_incidents,security_incidents_000089,credential_compromise,noul,1,0,"[""false"", ""true""]","[0.8104789086703225, 0.18952109132967757]","[0.45, 0.55]"
d1-3b,typed_security_incidents,security_incidents_000089,disposition,choice,2,2,"[""close_benign"", ""contain"", ""investigate"", ""monitor""]","[0.07101556709391052, 0.09859535074924504, 0.7755125052211111, 0.05487657693573333]","[0.036667, 0.366667, 0.533333, 0.063333]"
d1-3b,typed_security_incidents,security_incidents_000089,severity,score,3,3,"[""0"", ""1"", ""2"", ""3"", ""4""]","[0.024669452381508767, 0.06105748103620516, 0.17806136401594477, 0.4582618440024235, 0.27794985856391785]","[0.0, 0.033333, 0.133333, 0.6, 0.233333]"
d1-3b,typed_security_incidents,security_incidents_000089,true_positive,noul,1,1,"[""false"", ""true""]","[0.22541661583507666, 0.7745833841649233]","[0.256667, 0.743333]"
d1-3b,typed_security_incidents,security_incidents_000089,urgency,score,3,3,"[""0"", ""1"", ""2"", ""3""]","[0.018317725531123027, 0.03369145348158375, 0.38257767299585665, 0.5654131479914366]","[0.023333, 0.06, 0.266667, 0.65]"
d1-3b,typed_security_incidents,security_incidents_000090,credential_compromise,noul,1,1,"[""false"", ""true""]","[0.310694383214554, 0.689305616785446]","[0.316667, 0.683333]"
d1-3b,typed_security_incidents,security_incidents_000090,disposition,choice,2,2,"[""close_benign"", ""contain"", ""investigate"", ""monitor""]","[0.06779032309197817, 0.1871750841138692, 0.6793299586775182, 0.0657046341166344]","[0.033333, 0.333333, 0.5, 0.133333]"
d1-3b,typed_security_incidents,security_incidents_000090,severity,score,2,1,"[""0"", ""1"", ""2"", ""3"", ""4""]","[0.17228371543510038, 0.24106825911071655, 0.2336513685074612, 0.23733084216959702, 0.1156658147771248]","[0.033333, 0.15, 0.416667, 0.333333, 0.066667]"
d1-3b,typed_security_incidents,security_incidents_000090,true_positive,noul,1,1,"[""false"", ""true""]","[0.12252321251815934, 0.8774767874818407]","[0.216667, 0.783333]"
d1-3b,typed_security_incidents,security_incidents_000090,urgency,score,3,3,"[""0"", ""1"", ""2"", ""3""]","[0.04660524624080223, 0.048084655563820036, 0.396366034975322, 0.5089440632200558]","[0.033333, 0.1, 0.316667, 0.55]"
d1-3b,typed_security_incidents,security_incidents_000091,credential_compromise,noul,0,0,"[""false"", ""true""]","[0.8198933359135361, 0.18010666408646395]","[0.683333, 0.316667]"
d1-3b,typed_security_incidents,security_incidents_000091,disposition,choice,2,2,"[""close_benign"", ""contain"", ""investigate"", ""monitor""]","[0.04885609866787555, 0.12475841852036919, 0.6904314661904967, 0.13595401662125858]","[0.05, 0.133333, 0.65, 0.166667]"
d1-3b,typed_security_incidents,security_incidents_000091,severity,score,3,4,"[""0"", ""1"", ""2"", ""3"", ""4""]","[0.024847555597377106, 0.04715237511480923, 0.13327929401545618, 0.3147636001620074, 0.47995717511035]","[0.0, 0.05, 0.15, 0.466667, 0.333333]"
d1-3b,typed_security_incidents,security_incidents_000091,true_positive,noul,1,1,"[""false"", ""true""]","[0.24798742624020276, 0.7520125737597972]","[0.483333, 0.516667]"
d1-3b,typed_security_incidents,security_incidents_000091,urgency,score,2,3,"[""0"", ""1"", ""2"", ""3""]","[0.022990922144313083, 0.0347841543613795, 0.33521997182207575, 0.6070049516722317]","[0.016667, 0.116667, 0.466667, 0.4]"
d1-3b,typed_security_incidents,security_incidents_000092,credential_compromise,noul,0,0,"[""false"", ""true""]","[0.9719924793940119, 0.02800752060598813]","[0.716667, 0.283333]"
d1-3b,typed_security_incidents,security_incidents_000092,disposition,choice,2,2,"[""close_benign"", ""contain"", ""investigate"", ""monitor""]","[0.17467539358983328, 0.06277091678614274, 0.4898892561507229, 0.27266443347330116]","[0.05, 0.1, 0.616667, 0.233333]"
d1-3b,typed_security_incidents,security_incidents_000092,severity,score,3,2,"[""0"", ""1"", ""2"", ""3"", ""4""]","[0.02046041675164687, 0.19564555502978098, 0.4548895441678216, 0.28466260287654416, 0.044341881174206475]","[0.01, 0.1, 0.35, 0.466667, 0.073333]"
d1-3b,typed_security_incidents,security_incidents_000092,true_positive,noul,1,0,"[""false"", ""true""]","[0.8856314738181875, 0.1143685261818125]","[0.316667, 0.683333]"
d1-3b,typed_security_incidents,security_incidents_000092,urgency,score,2,2,"[""0"", ""1"", ""2"", ""3""]","[0.0620285835532024, 0.15232749932687767, 0.4803285283553231, 0.3053153887645968]","[0.033333, 0.166667, 0.483333, 0.316667]"
d1-3b,typed_security_incidents,security_incidents_000093,credential_compromise,noul,0,1,"[""false"", ""true""]","[0.2909808662149068, 0.7090191337850932]","[0.716667, 0.283333]"
d1-3b,typed_security_incidents,security_incidents_000093,disposition,choice,2,2,"[""close_benign"", ""contain"", ""investigate"", ""monitor""]","[0.051711054152892615, 0.04122764687904123, 0.8026020981828718, 0.10445920078519447]","[0.116667, 0.066667, 0.55, 0.266667]"
d1-3b,typed_security_incidents,security_incidents_000093,severity,score,1,1,"[""0"", ""1"", ""2"", ""3"", ""4""]","[0.18173161159946685, 0.4225386564431861, 0.33425558909776415, 0.0489123997106667, 0.01256174314891627]","[0.166667, 0.566667, 0.233333, 0.03, 0.003333]"
d1-3b,typed_security_incidents,security_incidents_000093,true_positive,noul,0,1,"[""false"", ""true""]","[0.23934934732271163, 0.7606506526772884]","[0.666667, 0.333333]"
d1-3b,typed_security_incidents,security_incidents_000093,urgency,score,1,2,"[""0"", ""1"", ""2"", ""3""]","[0.050688788529241496, 0.21174701838317803, 0.5323319455693309, 0.20523224751824953]","[0.1, 0.633333, 0.216667, 0.05]"
d1-3b,typed_security_incidents,security_incidents_000094,credential_compromise,noul,1,1,"[""false"", ""true""]","[0.27512972382317524, 0.7248702761768248]","[0.383333, 0.616667]"
d1-3b,typed_security_incidents,security_incidents_000094,disposition,choice,1,2,"[""close_benign"", ""contain"", ""investigate"", ""monitor""]","[0.032164251130262736, 0.2081050754255985, 0.7377965598668924, 0.021934113577246374]","[0.02, 0.633333, 0.283333, 0.063333]"
d1-3b,typed_security_incidents,security_incidents_000094,severity,score,3,3,"[""0"", ""1"", ""2"", ""3"", ""4""]","[0.021118965315520745, 0.07371243185790873, 0.36853897287634996, 0.3923076945221538, 0.14432193542806684]","[0.01, 0.023333, 0.25, 0.6, 0.116667]"
d1-3b,typed_security_incidents,security_incidents_000094,true_positive,noul,1,1,"[""false"", ""true""]","[0.0888202924001178, 0.9111797075998822]","[0.093333, 0.906667]"
d1-3b,typed_security_incidents,security_incidents_000094,urgency,score,3,2,"[""0"", ""1"", ""2"", ""3""]","[0.028149650494732045, 0.051372213797358526, 0.5068220413349215, 0.413656094372988]","[0.013333, 0.06, 0.216667, 0.71]"
d1-3b,typed_security_incidents,security_incidents_000095,credential_compromise,noul,0,0,"[""false"", ""true""]","[0.7279754489059775, 0.2720245510940225]","[0.83, 0.17]"
d1-3b,typed_security_incidents,security_incidents_000095,disposition,choice,3,2,"[""close_benign"", ""contain"", ""investigate"", ""monitor""]","[0.03146627100939412, 0.10812535089844265, 0.7564252443378423, 0.10398313375432101]","[0.19, 0.03, 0.36, 0.42]"
d1-3b,typed_security_incidents,security_incidents_000095,severity,score,3,3,"[""0"", ""1"", ""2"", ""3"", ""4""]","[0.01812354440246363, 0.07690142359940523, 0.3366645010717029, 0.4322857762725639, 0.13602475465386435]","[0.02, 0.063333, 0.31, 0.52, 0.086667]"
d1-3b,typed_security_incidents,security_incidents_000095,true_positive,noul,0,1,"[""false"", ""true""]","[0.22541661583507666, 0.7745833841649233]","[0.723333, 0.276667]"
d1-3b,typed_security_incidents,security_incidents_000095,urgency,score,2,3,"[""0"", ""1"", ""2"", ""3""]","[0.018084620830239696, 0.04727584077723478, 0.43815025487269527, 0.4964892835198303]","[0.04, 0.283333, 0.426667, 0.25]"
d1-3b,typed_security_incidents,security_incidents_000096,credential_compromise,noul,1,0,"[""false"", ""true""]","[0.9511422213778251, 0.048857778622174906]","[0.416667, 0.583333]"
d1-3b,typed_security_incidents,security_incidents_000096,disposition,choice,2,2,"[""close_benign"", ""contain"", ""investigate"", ""monitor""]","[0.09768447022158044, 0.06065366684635739, 0.7274571468917168, 0.11420471604034535]","[0.036667, 0.25, 0.633333, 0.08]"
d1-3b,typed_security_incidents,security_incidents_000096,severity,score,3,3,"[""0"", ""1"", ""2"", ""3"", ""4""]","[0.02146647549972257, 0.10901575783895089, 0.34108013139641236, 0.44485235433897463, 0.08358528092593964]","[0.016667, 0.056667, 0.176667, 0.6, 0.15]"
d1-3b,typed_security_incidents,security_incidents_000096,true_positive,noul,1,1,"[""false"", ""true""]","[0.3380771241500058, 0.6619228758499942]","[0.216667, 0.783333]"
d1-3b,typed_security_incidents,security_incidents_000096,urgency,score,3,2,"[""0"", ""1"", ""2"", ""3""]","[0.031256555005415715, 0.09115320062751218, 0.5716226748519637, 0.3059675695151084]","[0.016667, 0.083333, 0.283333, 0.616667]"
d1-3b,typed_security_incidents,security_incidents_000097,credential_compromise,noul,1,0,"[""false"", ""true""]","[0.665410558746814, 0.33458944125318596]","[0.433333, 0.566667]"
d1-3b,typed_security_incidents,security_incidents_000097,disposition,choice,2,2,"[""close_benign"", ""contain"", ""investigate"", ""monitor""]","[0.08307551993781695, 0.11092037181878642, 0.6483544729054539, 0.15764963533794268]","[0.05, 0.1, 0.633333, 0.216667]"
d1-3b,typed_security_incidents,security_incidents_000097,severity,score,2,1,"[""0"", ""1"", ""2"", ""3"", ""4""]","[0.07260637038450089, 0.3178613127821774, 0.2761626943486286, 0.2437127223720811, 0.08965690011261206]","[0.033333, 0.133333, 0.466667, 0.333333, 0.033333]"
d1-3b,typed_security_incidents,security_incidents_000097,true_positive,noul,1,0,"[""false"", ""true""]","[0.6187804337438501, 0.38121956625614994]","[0.366667, 0.633333]"
d1-3b,typed_security_incidents,security_incidents_000097,urgency,score,2,2,"[""0"", ""1"", ""2"", ""3""]","[0.06519176510588016, 0.14691191050593314, 0.48170560955565817, 0.3061907148325286]","[0.016667, 0.15, 0.5, 0.333333]"
d1-3b,typed_security_incidents,security_incidents_000098,credential_compromise,noul,0,0,"[""false"", ""true""]","[0.9752018398044143, 0.02479816019558566]","[0.593333, 0.406667]"
d1-3b,typed_security_incidents,security_incidents_000098,disposition,choice,2,2,"[""close_benign"", ""contain"", ""investigate"", ""monitor""]","[0.170614671733094, 0.07112277664544328, 0.48984799668866413, 0.2684145549327985]","[0.076667, 0.09, 0.59, 0.243333]"
d1-3b,typed_security_incidents,security_incidents_000098,severity,score,3,1,"[""0"", ""1"", ""2"", ""3"", ""4""]","[0.1918657865051314, 0.5551820616565732, 0.16156719091758806, 0.0751357215621789, 0.01624923935852858]","[0.043333, 0.13, 0.373333, 0.423333, 0.03]"
d1-3b,typed_security_incidents,security_incidents_000098,true_positive,noul,1,0,"[""false"", ""true""]","[0.849971175657575, 0.1500288243424251]","[0.423333, 0.576667]"
d1-3b,typed_security_incidents,security_incidents_000098,urgency,score,3,2,"[""0"", ""1"", ""2"", ""3""]","[0.13054608291840314, 0.23091248599637312, 0.3466406977205946, 0.29190073336462924]","[0.066667, 0.216667, 0.35, 0.366667]"
d1-3b,typed_security_incidents,security_incidents_000099,credential_compromise,noul,1,0,"[""false"", ""true""]","[0.9609517072737737, 0.03904829272622638]","[0.366667, 0.633333]"
d1-3b,typed_security_incidents,security_incidents_000099,disposition,choice,2,2,"[""close_benign"", ""contain"", ""investigate"", ""monitor""]","[0.18067671409697858, 0.10375390783781271, 0.650641841606317, 0.06492753645889165]","[0.05, 0.35, 0.5, 0.1]"
d1-3b,typed_security_incidents,security_incidents_000099,severity,score,3,1,"[""0"", ""1"", ""2"", ""3"", ""4""]","[0.15566713061953186, 0.35080129407677746, 0.3347369332386786, 0.14063353288646815, 0.01816110917854387]","[0.016667, 0.083333, 0.2, 0.533333, 0.166667]"
d1-3b,typed_security_incidents,security_incidents_000099,true_positive,noul,1,1,"[""false"", ""true""]","[0.07369626970604848, 0.9263037302939515]","[0.233333, 0.766667]"
d1-3b,typed_security_incidents,security_incidents_000099,urgency,score,3,2,"[""0"", ""1"", ""2"", ""3""]","[0.07882755536836317, 0.33187640421820397, 0.388002826019909, 0.20129321439352385]","[0.016667, 0.1, 0.333333, 0.55]"
d1-3b,typed_security_incidents,security_incidents_000016,credential_compromise,noul,0,1,"[""false"", ""true""]","[0.10087862273005643, 0.8991213772699436]","[0.51, 0.49]"
d1-3b,typed_security_incidents,security_incidents_000016,disposition,choice,2,2,"[""close_benign"", ""contain"", ""investigate"", ""monitor""]","[0.021274482547855637, 0.17264860641845461, 0.7558333021684578, 0.05024360886523199]","[0.05, 0.216667, 0.633333, 0.1]"
d1-3b,typed_security_incidents,security_incidents_000016,severity,score,3,4,"[""0"", ""1"", ""2"", ""3"", ""4""]","[0.012675002659124687, 0.01679165033965623, 0.04896933369696415, 0.17912237997959732, 0.7424416333246576]","[0.006667, 0.043333, 0.2, 0.483333, 0.266667]"
d1-3b,typed_security_incidents,security_incidents_000016,true_positive,noul,1,1,"[""false"", ""true""]","[0.09138210306717132, 0.9086178969328287]","[0.45, 0.55]"
d1-3b,typed_security_incidents,security_incidents_000016,urgency,score,3,3,"[""0"", ""1"", ""2"", ""3""]","[0.017801469055781602, 0.020812025842029902, 0.3988781513314874, 0.5625083537707011]","[0.0, 0.083333, 0.25, 0.666667]"
d1-3b,typed_security_incidents,security_incidents_000017,credential_compromise,noul,1,1,"[""false"", ""true""]","[0.33111973962899144, 0.6688802603710086]","[0.366667, 0.633333]"
d1-3b,typed_security_incidents,security_incidents_000017,disposition,choice,2,2,"[""close_benign"", ""contain"", ""investigate"", ""monitor""]","[0.045613185973782236, 0.10119727613323139, 0.7836377349637669, 0.06955180292921946]","[0.06, 0.09, 0.666667, 0.183333]"
d1-3b,typed_security_incidents,security_incidents_000017,severity,score,2,1,"[""0"", ""1"", ""2"", ""3"", ""4""]","[0.1934688750668319, 0.47141633743351025, 0.24841895292379743, 0.06952449574005477, 0.01717133883580561]","[0.066667, 0.366667, 0.45, 0.11, 0.006667]"
d1-3b,typed_security_incidents,security_incidents_000017,true_positive,noul,1,1,"[""false"", ""true""]","[0.060975180864964784, 0.9390248191350352]","[0.22, 0.78]"
d1-3b,typed_security_incidents,security_incidents_000017,urgency,score,2,2,"[""0"", ""1"", ""2"", ""3""]","[0.02724537961925947, 0.08726473693131029, 0.624965502039748, 0.26052438140968226]","[0.05, 0.283333, 0.483333, 0.183333]"
d1-3b,typed_security_incidents,security_incidents_000018,credential_compromise,noul,0,0,"[""false"", ""true""]","[0.9748211582993982, 0.025178841700601855]","[0.556667, 0.443333]"
d1-3b,typed_security_incidents,security_incidents_000018,disposition,choice,2,2,"[""close_benign"", ""contain"", ""investigate"", ""monitor""]","[0.31933657514132124, 0.04424237946092273, 0.32690942378693516, 0.30951162161082085]","[0.04, 0.06, 0.713333, 0.186667]"
d1-3b,typed_security_incidents,security_incidents_000018,severity,score,2,3,"[""0"", ""1"", ""2"", ""3"", ""4""]","[0.05805324656472396, 0.16930014297083712, 0.3041772630544262, 0.3785547201964904, 0.08991462721352236]","[0.003333, 0.096667, 0.466667, 0.39, 0.043333]"
d1-3b,typed_security_incidents,security_incidents_000018,true_positive,noul,1,0,"[""false"", ""true""]","[0.6548947290421276, 0.3451052709578724]","[0.44, 0.56]"
d1-3b,typed_security_incidents,security_incidents_000018,urgency,score,3,1,"[""0"", ""1"", ""2"", ""3""]","[0.1255805349769872, 0.3691017184192551, 0.3108148091127164, 0.19450293749104128]","[0.02, 0.146667, 0.39, 0.443333]"
d1-3b,typed_security_incidents,security_incidents_000019,credential_compromise,noul,1,1,"[""false"", ""true""]","[0.09947021388210708, 0.9005297861178929]","[0.466667, 0.533333]"
d1-3b,typed_security_incidents,security_incidents_000019,disposition,choice,2,2,"[""close_benign"", ""contain"", ""investigate"", ""monitor""]","[0.08208159678523475, 0.06052317413477703, 0.7727080827198227, 0.08468714636016547]","[0.043333, 0.09, 0.693333, 0.173333]"
d1-3b,typed_security_incidents,security_incidents_000019,severity,score,3,2,"[""0"", ""1"", ""2"", ""3"", ""4""]","[0.01696826324101153, 0.1754373907003816, 0.39535426292122505, 0.3599741528055416, 0.052265930331840196]","[0.006667, 0.026667, 0.133333, 0.716667, 0.116667]"
d1-3b,typed_security_incidents,security_incidents_000019,true_positive,noul,1,1,"[""false"", ""true""]","[0.12592276483513232, 0.8740772351648677]","[0.416667, 0.583333]"
d1-3b,typed_security_incidents,security_incidents_000019,urgency,score,3,2,"[""0"", ""1"", ""2"", ""3""]","[0.038458277593358, 0.12909020903239185, 0.5392606068953766, 0.2931909064788736]","[0.01, 0.073333, 0.333333, 0.583333]"
d1-3b,ood_agnews_balanced,0,topic,choice,0,0,"[""business"", ""scitech"", ""sports"", ""world""]","[0.9645495545402213, 0.007900876553855853, 0.009605023179597341, 0.017944545726325523]",
d1-3b,ood_agnews_balanced,2,topic,choice,1,1,"[""business"", ""scitech"", ""sports"", ""world""]","[0.058673973896500364, 0.9250138900479062, 0.006583037425659157, 0.009729098629934159]",
d1-3b,ood_agnews_balanced,5,topic,choice,1,1,"[""business"", ""scitech"", ""sports"", ""world""]","[0.3173869811018548, 0.4915785727225717, 0.018474137664294062, 0.17256030851127935]",
d1-3b,ood_agnews_balanced,8,topic,choice,1,0,"[""business"", ""scitech"", ""sports"", ""world""]","[0.4996386958737089, 0.4409296015199548, 0.007586612865042746, 0.05184508974129363]",
d1-3b,ood_agnews_balanced,22,topic,choice,1,1,"[""business"", ""scitech"", ""sports"", ""world""]","[0.02200304357257606, 0.9652921368363332, 0.005392077722938292, 0.007312741868152485]",
d1-3b,ood_agnews_balanced,28,topic,choice,2,2,"[""business"", ""scitech"", ""sports"", ""world""]","[0.005379700945071322, 0.00361176035411974, 0.9859151402175168, 0.005093398483292162]",
d1-3b,ood_agnews_balanced,56,topic,choice,3,0,"[""business"", ""scitech"", ""sports"", ""world""]","[0.9620389666474028, 0.004455124273036424, 0.00512781660598733, 0.028378092473573396]",
d1-3b,ood_agnews_balanced,57,topic,choice,3,3,"[""business"", ""scitech"", ""sports"", ""world""]","[0.007307420737051796, 0.004501971316344597, 0.008410789712236614, 0.9797798182343669]",
d1-3b,ood_agnews_balanced,59,topic,choice,0,0,"[""business"", ""scitech"", ""sports"", ""world""]","[0.9702468689655113, 0.004493134401644363, 0.0043210051258114, 0.020938991507033048]",
d1-3b,ood_agnews_balanced,60,topic,choice,2,2,"[""business"", ""scitech"", ""sports"", ""world""]","[0.006725265621161694, 0.00458623268964963, 0.9749965400046846, 0.013691961684504133]",
d1-3b,ood_agnews_balanced,63,topic,choice,1,1,"[""business"", ""scitech"", ""sports"", ""world""]","[0.2532311711043019, 0.7327486896452731, 0.005422477375211824, 0.008597661875213276]",
d1-3b,ood_agnews_balanced,66,topic,choice,3,3,"[""business"", ""scitech"", ""sports"", ""world""]","[0.21956796792576982, 0.01830706101878971, 0.019336110023067298, 0.7427888610323732]",
d1-3b,ood_agnews_balanced,70,topic,choice,1,1,"[""business"", ""scitech"", ""sports"", ""world""]","[0.11665684773720084, 0.8354635328797462, 0.005629309004212429, 0.04225031037884047]",
d1-3b,ood_agnews_balanced,79,topic,choice,3,2,"[""business"", ""scitech"", ""sports"", ""world""]","[0.004827397086150337, 0.0036724900393776913, 0.9491410491848811, 0.04235906368959089]",
d1-3b,ood_agnews_balanced,87,topic,choice,3,3,"[""business"", ""scitech"", ""sports"", ""world""]","[0.015534446085076944, 0.009721207958105792, 0.14623974825832736, 0.8285045976984899]",
d1-3b,ood_agnews_balanced,102,topic,choice,1,3,"[""business"", ""scitech"", ""sports"", ""world""]","[0.082282383792781, 0.20524810919406986, 0.007189754568851043, 0.7052797524442981]",
d1-3b,ood_agnews_balanced,115,topic,choice,2,2,"[""business"", ""scitech"", ""sports"", ""world""]","[0.006314141682895281, 0.004512513563277638, 0.9820741644347384, 0.007099180319088839]",
d1-3b,ood_agnews_balanced,117,topic,choice,1,1,"[""business"", ""scitech"", ""sports"", ""world""]","[0.020710232534136664, 0.967173503099581, 0.006671304402847299, 0.005444959963435171]",
d1-3b,ood_agnews_balanced,118,topic,choice,0,0,"[""business"", ""scitech"", ""sports"", ""world""]","[0.9832025828840195, 0.005000636404658626, 0.004961721143419499, 0.006835059567902331]",
d1-3b,ood_agnews_balanced,126,topic,choice,2,2,"[""business"", ""scitech"", ""sports"", ""world""]","[0.009914414091784183, 0.0042309525934960245, 0.5006286792518393, 0.48522595406288044]",
d1-3b,ood_agnews_balanced,129,topic,choice,3,3,"[""business"", ""scitech"", ""sports"", ""world""]","[0.008022322094838873, 0.004194568264683994, 0.008407321370670361, 0.9793757882698068]",
d1-3b,ood_agnews_balanced,135,topic,choice,2,2,"[""business"", ""scitech"", ""sports"", ""world""]","[0.005605992176700549, 0.0046839817862245735, 0.9727100649132621, 0.01699996112381291]",
d1-3b,ood_agnews_balanced,148,topic,choice,2,2,"[""business"", ""scitech"", ""sports"", ""world""]","[0.0050932617525258055, 0.0038445956741024125, 0.9858886736190114, 0.005173468954360294]",
d1-3b,ood_agnews_balanced,158,topic,choice,2,2,"[""business"", ""scitech"", ""sports"", ""world""]","[0.00485637261798698, 0.003841706943378213, 0.9698745995601021, 0.02142732087853276]",
d1-3b,ood_agnews_balanced,159,topic,choice,3,3,"[""business"", ""scitech"", ""sports"", ""world""]","[0.006172537053486685, 0.004016546465480208, 0.006994400813656103, 0.982816515667377]",
d1-3b,ood_agnews_balanced,167,topic,choice,0,0,"[""business"", ""scitech"", ""sports"", ""world""]","[0.977332565133569, 0.009214372454068968, 0.005128570617657542, 0.008324491794704422]",
d1-3b,ood_agnews_balanced,177,topic,choice,2,2,"[""business"", ""scitech"", ""sports"", ""world""]","[0.005145479955570024, 0.003976118732949252, 0.9653528196740938, 0.025525581637387]",
d1-3b,ood_agnews_balanced,178,topic,choice,1,1,"[""business"", ""scitech"", ""sports"", ""world""]","[0.04674285164850281, 0.9388552726810866, 0.005410877818123082, 0.008990997852287543]",
d1-3b,ood_agnews_balanced,194,topic,choice,0,0,"[""business"", ""scitech"", ""sports"", ""world""]","[0.954823587205842, 0.032672266473778876, 0.0047438028258221, 0.007760343494557034]",
d1-3b,ood_agnews_balanced,201,topic,choice,1,1,"[""business"", ""scitech"", ""sports"", ""world""]","[0.066546544645315, 0.9186467123826769, 0.005294410398876867, 0.009512332573131173]",
d1-3b,ood_agnews_balanced,214,topic,choice,2,2,"[""business"", ""scitech"", ""sports"", ""world""]","[0.004859301554035937, 0.003935182322823621, 0.9857420565288807, 0.005463459594259767]",
d1-3b,ood_agnews_balanced,216,topic,choice,0,0,"[""business"", ""scitech"", ""sports"", ""world""]","[0.9784302315283435, 0.010534962448955063, 0.004937637524196462, 0.006097168498505029]",
d1-3b,ood_agnews_balanced,231,topic,choice,2,2,"[""business"", ""scitech"", ""sports"", ""world""]","[0.018694901498885603, 0.011607928309042214, 0.5636879620216962, 0.40600920817037595]",
d1-3b,ood_agnews_balanced,241,topic,choice,2,2,"[""business"", ""scitech"", ""sports"", ""world""]","[0.006417684844829848, 0.0044108059885108585, 0.9827034897957512, 0.006468019370908197]",
d1-3b,ood_agnews_balanced,244,topic,choice,0,0,"[""business"", ""scitech"", ""sports"", ""world""]","[0.9692463564518776, 0.004703908775299603, 0.005456629641602694, 0.020593105131220146]",
d1-3b,ood_agnews_balanced,248,topic,choice,1,0,"[""business"", ""scitech"", ""sports"", ""world""]","[0.9692592802952601, 0.013718148321819362, 0.005288817316542226, 0.011733754066378351]",
d1-3b,ood_agnews_balanced,255,topic,choice,1,3,"[""business"", ""scitech"", ""sports"", ""world""]","[0.009921707985371493, 0.015487567145669817, 0.008893761558012716, 0.965696963310946]",
d1-3b,ood_agnews_balanced,272,topic,choice,0,0,"[""business"", ""scitech"", ""sports"", ""world""]","[0.9156687024891893, 0.07172071519615908, 0.005887194808181756, 0.006723387506469864]",
d1-3b,ood_agnews_balanced,278,topic,choice,0,0,"[""business"", ""scitech"", ""sports"", ""world""]","[0.7802167071784901, 0.004324338630175099, 0.005466476236737297, 0.20999247795459744]",
d1-3b,ood_agnews_balanced,280,topic,choice,0,0,"[""business"", ""scitech"", ""sports"", ""world""]","[0.9216178846721403, 0.0647077317468866, 0.006065962309621803, 0.007608421271351331]",
d1-3b,ood_agnews_balanced,285,topic,choice,3,3,"[""business"", ""scitech"", ""sports"", ""world""]","[0.0069242803230701675, 0.0053926349378129665, 0.007088484898894931, 0.980594599840222]",
d1-3b,ood_agnews_balanced,293,topic,choice,1,1,"[""business"", ""scitech"", ""sports"", ""world""]","[0.32351177848774293, 0.5950292254977346, 0.01573359165947354, 0.06572540435504887]",
d1-3b,ood_agnews_balanced,299,topic,choice,0,0,"[""business"", ""scitech"", ""sports"", ""world""]","[0.9556768859298754, 0.010130441193716162, 0.006439300205646549, 0.02775337267076194]",
d1-3b,ood_agnews_balanced,300,topic,choice,2,2,"[""business"", ""scitech"", ""sports"", ""world""]","[0.004670041877476783, 0.003580645312225956, 0.969815201064127, 0.02193411174617028]",
d1-3b,ood_agnews_balanced,317,topic,choice,0,0,"[""business"", ""scitech"", ""sports"", ""world""]","[0.9123323685320995, 0.037656454087539835, 0.00564103107130361, 0.04437014630905697]",
d1-3b,ood_agnews_balanced,326,topic,choice,3,3,"[""business"", ""scitech"", ""sports"", ""world""]","[0.10816391845116005, 0.034571264800760906, 0.401877710627964, 0.45538710612011507]",
d1-3b,ood_agnews_balanced,329,topic,choice,0,0,"[""business"", ""scitech"", ""sports"", ""world""]","[0.553848788803141, 0.41158547124261435, 0.0049826117686323414, 0.029583128185612307]",
d1-3b,ood_agnews_balanced,339,topic,choice,2,2,"[""business"", ""scitech"", ""sports"", ""world""]","[0.0059966220390007055, 0.003637135121362415, 0.9851154251378964, 0.005250817701740554]",
d1-3b,ood_agnews_balanced,372,topic,choice,3,2,"[""business"", ""scitech"", ""sports"", ""world""]","[0.005110179504971386, 0.0040424847165651, 0.9738278394161659, 0.017019496362297618]",
d1-3b,ood_agnews_balanced,382,topic,choice,1,1,"[""business"", ""scitech"", ""sports"", ""world""]","[0.0065884334373577476, 0.9626506776331685, 0.005504842184510434, 0.025256046744963474]",
d1-3b,ood_agnews_balanced,391,topic,choice,2,2,"[""business"", ""scitech"", ""sports"", ""world""]","[0.006543398290324914, 0.005340566036894242, 0.9787430503789256, 0.009372985293855244]",
d1-3b,ood_agnews_balanced,393,topic,choice,3,3,"[""business"", ""scitech"", ""sports"", ""world""]","[0.006464763812184706, 0.004656394695710367, 0.006669977444260337, 0.9822088640478446]",
d1-3b,ood_agnews_balanced,404,topic,choice,3,3,"[""business"", ""scitech"", ""sports"", ""world""]","[0.032842576776346014, 0.0067774487872436185, 0.00804841957502394, 0.9523315548613864]",
d1-3b,ood_agnews_balanced,440,topic,choice,0,0,"[""business"", ""scitech"", ""sports"", ""world""]","[0.8555206188171829, 0.09673958664326461, 0.008653468251579222, 0.039086326287973316]",
d1-3b,ood_agnews_balanced,446,topic,choice,1,0,"[""business"", ""scitech"", ""sports"", ""world""]","[0.9411882394548975, 0.03765226687167157, 0.005216520775182794, 0.015942972898248264]",
d1-3b,ood_agnews_balanced,447,topic,choice,1,1,"[""business"", ""scitech"", ""sports"", ""world""]","[0.06410629430159222, 0.9130517444114522, 0.006248975648891148, 0.01659298563806444]",
d1-3b,ood_agnews_balanced,450,topic,choice,3,2,"[""business"", ""scitech"", ""sports"", ""world""]","[0.004630250557763344, 0.003662829670741704, 0.9690933878929929, 0.022613531878502062]",
d1-3b,ood_agnews_balanced,451,topic,choice,3,3,"[""business"", ""scitech"", ""sports"", ""world""]","[0.011196748067764533, 0.004741001427650792, 0.0071729060910119885, 0.9768893444135727]",
d1-3b,ood_agnews_balanced,454,topic,choice,1,1,"[""business"", ""scitech"", ""sports"", ""world""]","[0.134298386108365, 0.8487919356690088, 0.006634289553010969, 0.010275388669615288]",
d1-3b,ood_agnews_balanced,469,topic,choice,2,2,"[""business"", ""scitech"", ""sports"", ""world""]","[0.01048507715611309, 0.0064093991041785925, 0.9662190062300283, 0.01688651750967985]",
d1-3b,ood_agnews_balanced,477,topic,choice,1,0,"[""business"", ""scitech"", ""sports"", ""world""]","[0.5312090997589514, 0.4543672213020015, 0.004385399503807581, 0.010038279435239475]",
d1-3b,ood_agnews_balanced,511,topic,choice,3,1,"[""business"", ""scitech"", ""sports"", ""world""]","[0.12292287997392021, 0.37862912601319787, 0.3501746978423949, 0.14827329617048707]",
d1-3b,ood_agnews_balanced,513,topic,choice,3,3,"[""business"", ""scitech"", ""sports"", ""world""]","[0.006170271030356802, 0.00495795205867135, 0.006416066685123351, 0.9824557102258485]",
d1-3b,ood_agnews_balanced,515,topic,choice,2,2,"[""business"", ""scitech"", ""sports"", ""world""]","[0.29883175466093514, 0.007658515925523894, 0.4214203204853833, 0.27208940892815775]",
d1-3b,ood_agnews_balanced,525,topic,choice,3,3,"[""business"", ""scitech"", ""sports"", ""world""]","[0.0087903438962217, 0.005587482536669293, 0.008519893446694349, 0.9771022801204147]",
d1-3b,ood_agnews_balanced,529,topic,choice,3,3,"[""business"", ""scitech"", ""sports"", ""world""]","[0.007366017055609468, 0.0047188476765672345, 0.007964563451180523, 0.9799505718166428]",
d1-3b,ood_agnews_balanced,541,topic,choice,3,0,"[""business"", ""scitech"", ""sports"", ""world""]","[0.976111259924408, 0.004811825701101841, 0.0055818154656253165, 0.01349509890886493]",
d1-3b,ood_agnews_balanced,543,topic,choice,1,1,"[""business"", ""scitech"", ""sports"", ""world""]","[0.1203764947161412, 0.6356745936530219, 0.024265650416226584, 0.21968326121461032]",
d1-3b,ood_agnews_balanced,561,topic,choice,3,3,"[""business"", ""scitech"", ""sports"", ""world""]","[0.007895628933715766, 0.005598839291129454, 0.007417256959460626, 0.979088274815694]",
d1-3b,ood_agnews_balanced,572,topic,choice,1,1,"[""business"", ""scitech"", ""sports"", ""world""]","[0.006469640541136832, 0.9753004225072128, 0.005363520392762836, 0.012866416558887473]",
d1-3b,ood_agnews_balanced,578,topic,choice,1,0,"[""business"", ""scitech"", ""sports"", ""world""]","[0.6447389949565915, 0.3344861842140371, 0.0048843346615274705, 0.015890486167843925]",
d1-3b,ood_agnews_balanced,590,topic,choice,3,3,"[""business"", ""scitech"", ""sports"", ""world""]","[0.008329447622390077, 0.0283991621264482, 0.008010351495017193, 0.9552610387561445]",
d1-3b,ood_agnews_balanced,609,topic,choice,2,2,"[""business"", ""scitech"", ""sports"", ""world""]","[0.004784286204713969, 0.003726005842668959, 0.985808227508971, 0.005681480443645997]",
d1-3b,ood_agnews_balanced,613,topic,choice,3,2,"[""business"", ""scitech"", ""sports"", ""world""]","[0.006179769532870983, 0.004116613989942083, 0.9763108000142237, 0.013392816462963315]",
d1-3b,ood_agnews_balanced,616,topic,choice,1,1,"[""business"", ""scitech"", ""sports"", ""world""]","[0.08075293115278818, 0.6253235904980606, 0.0076294767163278265, 0.28629400163282337]",
d1-3b,ood_agnews_balanced,622,topic,choice,1,1,"[""business"", ""scitech"", ""sports"", ""world""]","[0.006073673137240007, 0.9670749998451421, 0.0053182858976585515, 0.021533041119959247]",
d1-3b,ood_agnews_balanced,624,topic,choice,1,1,"[""business"", ""scitech"", ""sports"", ""world""]","[0.019511443857936572, 0.9624081739685079, 0.005678153875265281, 0.01240222829829027]",
d1-3b,ood_agnews_balanced,639,topic,choice,3,3,"[""business"", ""scitech"", ""sports"", ""world""]","[0.031461557053121224, 0.004939202542433288, 0.007531384500444142, 0.9560678559040015]",
d1-3b,ood_agnews_balanced,644,topic,choice,2,2,"[""business"", ""scitech"", ""sports"", ""world""]","[0.005285043127805262, 0.003958314406423996, 0.9761641704598447, 0.014592472005926088]",
d1-3b,ood_agnews_balanced,650,topic,choice,3,2,"[""business"", ""scitech"", ""sports"", ""world""]","[0.2078886987991985, 0.06097356042494331, 0.3883872211274475, 0.34275051964841075]",
d1-3b,ood_agnews_balanced,657,topic,choice,1,1,"[""business"", ""scitech"", ""sports"", ""world""]","[0.04523371956041382, 0.9300890336628284, 0.007101317403944108, 0.017575929372813794]",
d1-3b,ood_agnews_balanced,667,topic,choice,0,0,"[""business"", ""scitech"", ""sports"", ""world""]","[0.8896244420411127, 0.06913851101294183, 0.00832218132066378, 0.032914865625281745]",
d1-3b,ood_agnews_balanced,670,topic,choice,2,2,"[""business"", ""scitech"", ""sports"", ""world""]","[0.00485637261798698, 0.003841706943378213, 0.9698745995601021, 0.02142732087853276]",
d1-3b,ood_agnews_balanced,673,topic,choice,0,0,"[""business"", ""scitech"", ""sports"", ""world""]","[0.6673852437667028, 0.005596365986118404, 0.006803450813561224, 0.32021493943361756]",
d1-3b,ood_agnews_balanced,676,topic,choice,3,2,"[""business"", ""scitech"", ""sports"", ""world""]","[0.02600145782111889, 0.004553813922129624, 0.9310170646560983, 0.03842766360065297]",
d1-3b,ood_agnews_balanced,681,topic,choice,3,3,"[""business"", ""scitech"", ""sports"", ""world""]","[0.008871801874240637, 0.005174876210664487, 0.007470806198999511, 0.9784825157160953]",
d1-3b,ood_agnews_balanced,686,topic,choice,2,2,"[""business"", ""scitech"", ""sports"", ""world""]","[0.0060066699203521505, 0.007593142255882999, 0.9639076634220467, 0.02249252440171818]",
d1-3b,ood_agnews_balanced,706,topic,choice,1,1,"[""business"", ""scitech"", ""sports"", ""world""]","[0.08653500049806982, 0.6859889104926862, 0.011620101218878272, 0.21585598779036577]",
d1-3b,ood_agnews_balanced,713,topic,choice,2,2,"[""business"", ""scitech"", ""sports"", ""world""]","[0.005850284804661039, 0.004052373847591804, 0.9610753796118576, 0.02902196173588957]",
d1-3b,ood_agnews_balanced,714,topic,choice,2,2,"[""business"", ""scitech"", ""sports"", ""world""]","[0.13317557362235202, 0.005044158595808368, 0.7784411233390528, 0.08333914444278687]",
d1-3b,ood_agnews_balanced,720,topic,choice,3,3,"[""business"", ""scitech"", ""sports"", ""world""]","[0.00976473942018726, 0.009613351167460616, 0.007664431788306811, 0.9729574776240454]",
d1-3b,ood_agnews_balanced,725,topic,choice,3,3,"[""business"", ""scitech"", ""sports"", ""world""]","[0.00656693794898545, 0.004340480942647009, 0.006828535017419061, 0.9822640460909485]",
d1-3b,ood_agnews_balanced,727,topic,choice,3,0,"[""business"", ""scitech"", ""sports"", ""world""]","[0.9625984184646078, 0.006335690553341512, 0.0045992181142505235, 0.026466672867800096]",
d1-3b,ood_agnews_balanced,728,topic,choice,0,0,"[""business"", ""scitech"", ""sports"", ""world""]","[0.9790919526958596, 0.004096213716448187, 0.004292795117174809, 0.01251903847051732]",
d1-3b,ood_agnews_balanced,729,topic,choice,0,0,"[""business"", ""scitech"", ""sports"", ""world""]","[0.9791873928347347, 0.004226653464143138, 0.004259803518120383, 0.012326150183001738]",
d1-3b,ood_agnews_balanced,737,topic,choice,3,3,"[""business"", ""scitech"", ""sports"", ""world""]","[0.02342215654639516, 0.006453482679071507, 0.012342609159771454, 0.957781751614762]",
d1-3b,ood_agnews_balanced,761,topic,choice,1,1,"[""business"", ""scitech"", ""sports"", ""world""]","[0.02057615218063837, 0.9684484396016603, 0.004700036356230176, 0.00627537186147119]",
d1-3b,ood_agnews_balanced,765,topic,choice,2,2,"[""business"", ""scitech"", ""sports"", ""world""]","[0.0050319697297774146, 0.004877152296979219, 0.9816639144869778, 0.008426963486265641]",
d1-3b,ood_agnews_balanced,766,topic,choice,2,2,"[""business"", ""scitech"", ""sports"", ""world""]","[0.005167825765530105, 0.004560590231177182, 0.9848132721814349, 0.005458311821857807]",
d1-3b,ood_agnews_balanced,767,topic,choice,2,2,"[""business"", ""scitech"", ""sports"", ""world""]","[0.020845324255680593, 0.005148431817108593, 0.9659066237670355, 0.008099620160175318]",
d1-3b,ood_agnews_balanced,768,topic,choice,3,3,"[""business"", ""scitech"", ""sports"", ""world""]","[0.022936028794872363, 0.008503871105721409, 0.015887322815788706, 0.9526727772836175]",
d1-3b,ood_agnews_balanced,782,topic,choice,2,2,"[""business"", ""scitech"", ""sports"", ""world""]","[0.005678861212758313, 0.004422701559450001, 0.9700772639874375, 0.019821173240354185]",
d1-3b,ood_agnews_balanced,788,topic,choice,0,0,"[""business"", ""scitech"", ""sports"", ""world""]","[0.976785163346266, 0.004815147766872917, 0.007116327086188947, 0.01128336180067219]",
d1-3b,ood_agnews_balanced,790,topic,choice,3,3,"[""business"", ""scitech"", ""sports"", ""world""]","[0.007713369641334264, 0.005342894996573175, 0.007773866349220513, 0.9791698690128721]",
d1-3b,ood_agnews_balanced,792,topic,choice,3,3,"[""business"", ""scitech"", ""sports"", ""world""]","[0.008679740149250855, 0.004398678221115581, 0.006920092187970484, 0.980001489441663]",
d1-3b,ood_agnews_balanced,804,topic,choice,0,0,"[""business"", ""scitech"", ""sports"", ""world""]","[0.8901588903443711, 0.006140078181790961, 0.010609103733097805, 0.0930919277407401]",
d1-3b,ood_agnews_balanced,810,topic,choice,3,3,"[""business"", ""scitech"", ""sports"", ""world""]","[0.01537607591775524, 0.004371037038933982, 0.006409702061805524, 0.9738431849815052]",
d1-3b,ood_agnews_balanced,819,topic,choice,3,3,"[""business"", ""scitech"", ""sports"", ""world""]","[0.021410050628198323, 0.010034688769794688, 0.014486764903075173, 0.9540684956989318]",
d1-3b,ood_agnews_balanced,827,topic,choice,2,2,"[""business"", ""scitech"", ""sports"", ""world""]","[0.005523080307289858, 0.004267905669251705, 0.9658400408635569, 0.024368973159901462]",
d1-3b,ood_agnews_balanced,840,topic,choice,2,2,"[""business"", ""scitech"", ""sports"", ""world""]","[0.005259372015003654, 0.00393908763132032, 0.9790415969383187, 0.01175994341535739]",
d1-3b,ood_agnews_balanced,842,topic,choice,2,2,"[""business"", ""scitech"", ""sports"", ""world""]","[0.005020142875729085, 0.003879265744424976, 0.9641731499374966, 0.026927441442349445]",
d1-3b,ood_agnews_balanced,843,topic,choice,2,2,"[""business"", ""scitech"", ""sports"", ""world""]","[0.006063547486079289, 0.0041674111786222465, 0.9806665784599495, 0.00910246287534878]",
d1-3b,ood_agnews_balanced,844,topic,choice,3,3,"[""business"", ""scitech"", ""sports"", ""world""]","[0.04017963283784967, 0.009469231201814659, 0.1369920262270445, 0.8133591097332912]",
d1-3b,ood_agnews_balanced,848,topic,choice,3,0,"[""business"", ""scitech"", ""sports"", ""world""]","[0.5496754695118131, 0.02216225349324468, 0.03224588856126325, 0.3959163884336791]",
d1-3b,ood_agnews_balanced,852,topic,choice,3,1,"[""business"", ""scitech"", ""sports"", ""world""]","[0.008667129085550342, 0.933765283285672, 0.00529810973916761, 0.052269477889610144]",
d1-3b,ood_agnews_balanced,856,topic,choice,2,2,"[""business"", ""scitech"", ""sports"", ""world""]","[0.005562610182479426, 0.004947487912717087, 0.9727527660357821, 0.016737135869021473]",
d1-3b,ood_agnews_balanced,867,topic,choice,0,0,"[""business"", ""scitech"", ""sports"", ""world""]","[0.9626972568082636, 0.01568259482160381, 0.005814553432893656, 0.015805594937238987]",
d1-3b,ood_agnews_balanced,877,topic,choice,0,1,"[""business"", ""scitech"", ""sports"", ""world""]","[0.05158992597474295, 0.9288538626698001, 0.006714463428503407, 0.012841747926953459]",
d1-3b,ood_agnews_balanced,878,topic,choice,2,2,"[""business"", ""scitech"", ""sports"", ""world""]","[0.00689889228313661, 0.005248400481751832, 0.9769992262132432, 0.01085348102186833]",
d1-3b,ood_agnews_balanced,880,topic,choice,1,1,"[""business"", ""scitech"", ""sports"", ""world""]","[0.01182731780972716, 0.9769880537148302, 0.004853921449059997, 0.006330707026382655]",
d1-3b,ood_agnews_balanced,883,topic,choice,0,0,"[""business"", ""scitech"", ""sports"", ""world""]","[0.9808100954943505, 0.00403978453750974, 0.004506705317378306, 0.010643414650761513]",
d1-3b,ood_agnews_balanced,886,topic,choice,2,2,"[""business"", ""scitech"", ""sports"", ""world""]","[0.006763635048528796, 0.005477358584361681, 0.980559154335808, 0.0071998520313015305]",
d1-3b,ood_agnews_balanced,900,topic,choice,0,0,"[""business"", ""scitech"", ""sports"", ""world""]","[0.9755194011347901, 0.004624681705973002, 0.004210820611373111, 0.015645096547863835]",
d1-3b,ood_agnews_balanced,949,topic,choice,2,2,"[""business"", ""scitech"", ""sports"", ""world""]","[0.0073105258073599905, 0.00483196250582472, 0.9801961464206915, 0.007661365266123651]",
d1-3b,ood_agnews_balanced,963,topic,choice,0,0,"[""business"", ""scitech"", ""sports"", ""world""]","[0.6758172331134171, 0.004698168135192987, 0.0052003980683897055, 0.3142842006830003]",
d1-3b,ood_agnews_balanced,964,topic,choice,0,0,"[""business"", ""scitech"", ""sports"", ""world""]","[0.9716248216449798, 0.007653933846635433, 0.005138608094128281, 0.015582636414256515]",
d1-3b,ood_agnews_balanced,965,topic,choice,0,0,"[""business"", ""scitech"", ""sports"", ""world""]","[0.9765349881995573, 0.004889722629450805, 0.005991013400579179, 0.012584275770412783]",
d1-3b,ood_agnews_balanced,968,topic,choice,1,1,"[""business"", ""scitech"", ""sports"", ""world""]","[0.022777917222540606, 0.9610044348122314, 0.005202966916520001, 0.01101468104870804]",
d1-3b,ood_agnews_balanced,970,topic,choice,0,0,"[""business"", ""scitech"", ""sports"", ""world""]","[0.9849534462171742, 0.004251542581059532, 0.005545056872745849, 0.005249954329020431]",
d1-3b,ood_agnews_balanced,993,topic,choice,3,3,"[""business"", ""scitech"", ""sports"", ""world""]","[0.007974916981239038, 0.00413733242652396, 0.006663292546505465, 0.9812244580457316]",
d1-3b,ood_agnews_balanced,999,topic,choice,3,3,"[""business"", ""scitech"", ""sports"", ""world""]","[0.013176608233323854, 0.004311369719704593, 0.006835934297947184, 0.9756760877490245]",
d1-3b,ood_agnews_balanced,1013,topic,choice,1,1,"[""business"", ""scitech"", ""sports"", ""world""]","[0.008335814066723407, 0.8980705959955625, 0.006051152077255198, 0.08754243786045895]",
d1-3b,ood_agnews_balanced,1029,topic,choice,0,0,"[""business"", ""scitech"", ""sports"", ""world""]","[0.9692231090544002, 0.021412927578490337, 0.003992059775222445, 0.00537190359188697]",
d1-3b,ood_agnews_balanced,1044,topic,choice,0,0,"[""business"", ""scitech"", ""sports"", ""world""]","[0.9828311450895332, 0.005238642135499675, 0.0047698379439344825, 0.007160374831032676]",
d1-3b,ood_agnews_balanced,1045,topic,choice,1,1,"[""business"", ""scitech"", ""sports"", ""world""]","[0.021611377275686714, 0.9630399556477645, 0.004898087886655931, 0.010450579189892905]",
d1-3b,ood_agnews_balanced,1052,topic,choice,3,3,"[""business"", ""scitech"", ""sports"", ""world""]","[0.020993957228447806, 0.006977370630398595, 0.014316634962825736, 0.9577120371783279]",
d1-3b,ood_agnews_balanced,1055,topic,choice,2,2,"[""business"", ""scitech"", ""sports"", ""world""]","[0.005714353783894697, 0.004213500256766377, 0.9837961561120256, 0.006275989847313342]",
d1-3b,ood_agnews_balanced,1060,topic,choice,2,2,"[""business"", ""scitech"", ""sports"", ""world""]","[0.005596026607631177, 0.004639269003838532, 0.9709809134926348, 0.01878379089589538]",
d1-3b,ood_agnews_balanced,1066,topic,choice,1,1,"[""business"", ""scitech"", ""sports"", ""world""]","[0.3964331078838399, 0.5768067684413982, 0.004912988047588663, 0.021847135627173286]",
d1-3b,ood_agnews_balanced,1075,topic,choice,1,1,"[""business"", ""scitech"", ""sports"", ""world""]","[0.04400037809194515, 0.926184285143654, 0.005133361598204738, 0.024681975166196062]",
d1-3b,ood_agnews_balanced,1080,topic,choice,3,2,"[""business"", ""scitech"", ""sports"", ""world""]","[0.005397016328650084, 0.005109792358966327, 0.981391310213576, 0.008101881098807672]",
d1-3b,ood_agnews_balanced,1082,topic,choice,2,2,"[""business"", ""scitech"", ""sports"", ""world""]","[0.007227772030200502, 0.004777265599064955, 0.9691005104006636, 0.018894451970071027]",
d1-3b,ood_agnews_balanced,1085,topic,choice,1,1,"[""business"", ""scitech"", ""sports"", ""world""]","[0.04599477464964816, 0.93837794609929, 0.005986250735046861, 0.0096410285160149]",
d1-3b,ood_agnews_balanced,1095,topic,choice,3,3,"[""business"", ""scitech"", ""sports"", ""world""]","[0.02298494276692642, 0.12720205917232474, 0.007289258595248924, 0.8425237394654999]",
d1-3b,ood_agnews_balanced,1099,topic,choice,0,0,"[""business"", ""scitech"", ""sports"", ""world""]","[0.9797826033324496, 0.005602809754141376, 0.006398609580537365, 0.008215977332871665]",
d1-3b,ood_agnews_balanced,1104,topic,choice,1,1,"[""business"", ""scitech"", ""sports"", ""world""]","[0.19936075949942386, 0.7642279016555038, 0.014217748027604463, 0.022193590817467905]",
d1-3b,ood_agnews_balanced,1108,topic,choice,1,1,"[""business"", ""scitech"", ""sports"", ""world""]","[0.161805543576464, 0.8153217054297734, 0.008055823660340803, 0.01481692733342173]",
d1-3b,ood_agnews_balanced,1113,topic,choice,2,2,"[""business"", ""scitech"", ""sports"", ""world""]","[0.004859326440739841, 0.0038440436095016368, 0.9857471049644253, 0.005549524985333263]",
d1-3b,ood_agnews_balanced,1120,topic,choice,2,2,"[""business"", ""scitech"", ""sports"", ""world""]","[0.0057514926358145785, 0.004585489723641719, 0.9301974821094235, 0.05946553553112008]",
d1-3b,ood_agnews_balanced,1135,topic,choice,2,2,"[""business"", ""scitech"", ""sports"", ""world""]","[0.005334136619037017, 0.004057997146805084, 0.9852318934631054, 0.005375972771052599]",
d1-3b,ood_agnews_balanced,1136,topic,choice,3,3,"[""business"", ""scitech"", ""sports"", ""world""]","[0.006317922925090081, 0.004241652793382562, 0.006778141864095727, 0.9826622824174317]",
d1-3b,ood_agnews_balanced,1141,topic,choice,2,2,"[""business"", ""scitech"", ""sports"", ""world""]","[0.0054194928383366845, 0.003724759324273258, 0.9854784298269195, 0.00537731801047058]",
d1-3b,ood_agnews_balanced,1144,topic,choice,2,2,"[""business"", ""scitech"", ""sports"", ""world""]","[0.005513461255591459, 0.0038190629940047867, 0.9641579242241904, 0.026509551526213183]",
d1-3b,ood_agnews_balanced,1147,topic,choice,2,2,"[""business"", ""scitech"", ""sports"", ""world""]","[0.022661626684741264, 0.044717303947956775, 0.8705372411627187, 0.062083828204583275]",
d1-3b,ood_agnews_balanced,1151,topic,choice,0,0,"[""business"", ""scitech"", ""sports"", ""world""]","[0.9739392728246946, 0.005526053751488313, 0.0057461867073081915, 0.014788486716508962]",
d1-3b,ood_agnews_balanced,1158,topic,choice,2,2,"[""business"", ""scitech"", ""sports"", ""world""]","[0.008958566804539997, 0.004647643232249152, 0.9727336068469569, 0.01366018311625398]",
d1-3b,ood_agnews_balanced,1163,topic,choice,0,0,"[""business"", ""scitech"", ""sports"", ""world""]","[0.9772522218003618, 0.0050486444332457385, 0.0047058540592654075, 0.012993279707127187]",
d1-3b,ood_agnews_balanced,1169,topic,choice,2,2,"[""business"", ""scitech"", ""sports"", ""world""]","[0.0052295875789043576, 0.0038560560720966772, 0.9734971703795252, 0.01741718596947367]",
d1-3b,ood_agnews_balanced,1170,topic,choice,2,2,"[""business"", ""scitech"", ""sports"", ""world""]","[0.004711722509113492, 0.0038455958343003665, 0.9861451496426437, 0.005297532013942477]",
d1-3b,ood_agnews_balanced,1180,topic,choice,3,3,"[""business"", ""scitech"", ""sports"", ""world""]","[0.007889149027512898, 0.005093617444383741, 0.008732491937994753, 0.9782847415901086]",
d1-3b,ood_agnews_balanced,1189,topic,choice,3,3,"[""business"", ""scitech"", ""sports"", ""world""]","[0.007429838733212949, 0.004506424988414127, 0.0073146497603729255, 0.9807490865180001]",
d1-3b,ood_agnews_balanced,1195,topic,choice,3,3,"[""business"", ""scitech"", ""sports"", ""world""]","[0.3908367560418751, 0.01551376150524335, 0.02498535789472482, 0.5686641245581567]",
d1-3b,ood_agnews_balanced,1206,topic,choice,2,2,"[""business"", ""scitech"", ""sports"", ""world""]","[0.005176480266692817, 0.0032647651811354775, 0.9864625281733839, 0.0050962263787878844]",
d1-3b,ood_agnews_balanced,1210,topic,choice,0,0,"[""business"", ""scitech"", ""sports"", ""world""]","[0.9473543396214473, 0.022454379966028122, 0.0057218844124219655, 0.024469396000102554]",
d1-3b,ood_agnews_balanced,1218,topic,choice,2,2,"[""business"", ""scitech"", ""sports"", ""world""]","[0.007323474052731673, 0.007042916167613245, 0.9742907912755233, 0.011342818504131722]",
d1-3b,ood_agnews_balanced,1224,topic,choice,3,3,"[""business"", ""scitech"", ""sports"", ""world""]","[0.006986768764492266, 0.004654191371929225, 0.006614939713476244, 0.9817441001501023]",
d1-3b,ood_agnews_balanced,1237,topic,choice,1,1,"[""business"", ""scitech"", ""sports"", ""world""]","[0.02330972521345375, 0.5473676321094938, 0.009641321310395351, 0.4196813213666571]",
d1-3b,ood_agnews_balanced,1250,topic,choice,2,2,"[""business"", ""scitech"", ""sports"", ""world""]","[0.004899434569575149, 0.0036126165088163132, 0.9861488478268152, 0.005339101094793337]",
d1-3b,ood_agnews_balanced,1256,topic,choice,3,3,"[""business"", ""scitech"", ""sports"", ""world""]","[0.01595459786128816, 0.0053025325966810505, 0.006970047605839878, 0.971772821936191]",
d1-3b,ood_agnews_balanced,1262,topic,choice,1,0,"[""business"", ""scitech"", ""sports"", ""world""]","[0.7158186693266148, 0.25324676769639776, 0.00981944280337195, 0.02111512017361565]",
d1-3b,ood_agnews_balanced,1264,topic,choice,3,3,"[""business"", ""scitech"", ""sports"", ""world""]","[0.3816459769705175, 0.08582462045662011, 0.04248626796609351, 0.4900431346067689]",
d1-3b,ood_agnews_balanced,1275,topic,choice,0,0,"[""business"", ""scitech"", ""sports"", ""world""]","[0.9550641879469737, 0.004388405945280171, 0.005211361003512483, 0.03533604510423367]",
d1-3b,ood_agnews_balanced,1286,topic,choice,0,0,"[""business"", ""scitech"", ""sports"", ""world""]","[0.6221609853837948, 0.3177687376747413, 0.006965792459846856, 0.05310448448161709]",
d1-3b,ood_agnews_balanced,1306,topic,choice,3,3,"[""business"", ""scitech"", ""sports"", ""world""]","[0.013174027125206777, 0.004344333052391443, 0.006996672991988213, 0.9754849668304136]",
d1-3b,ood_agnews_balanced,1310,topic,choice,0,0,"[""business"", ""scitech"", ""sports"", ""world""]","[0.6911995373231501, 0.2881348351293789, 0.005980047721457898, 0.014685579826013054]",
d1-3b,ood_agnews_balanced,1326,topic,choice,1,1,"[""business"", ""scitech"", ""sports"", ""world""]","[0.11409790689809239, 0.8698379346185614, 0.006094394487655117, 0.00996976399569105]",
d1-3b,ood_agnews_balanced,1327,topic,choice,2,2,"[""business"", ""scitech"", ""sports"", ""world""]","[0.0070355253127785886, 0.004797811416814939, 0.9507226304846086, 0.03744403278579783]",
d1-3b,ood_agnews_balanced,1352,topic,choice,3,3,"[""business"", ""scitech"", ""sports"", ""world""]","[0.006417540899543659, 0.004015994475917885, 0.006885016349755994, 0.9826814482747824]",
d1-3b,ood_agnews_balanced,1366,topic,choice,0,0,"[""business"", ""scitech"", ""sports"", ""world""]","[0.982636363270127, 0.004342126157726677, 0.0045861992284653525, 0.00843531134368092]",
d1-3b,ood_agnews_balanced,1370,topic,choice,1,1,"[""business"", ""scitech"", ""sports"", ""world""]","[0.04467157771664771, 0.9403126761155405, 0.005504618428338574, 0.009511127739473128]",
d1-3b,ood_agnews_balanced,1378,topic,choice,1,1,"[""business"", ""scitech"", ""sports"", ""world""]","[0.14062017553528564, 0.828403177370835, 0.011187672081458266, 0.019788975012421207]",
d1-3b,ood_agnews_balanced,1379,topic,choice,3,3,"[""business"", ""scitech"", ""sports"", ""world""]","[0.02025254012109605, 0.005668036286290722, 0.013386111627473536, 0.9606933119651397]",
d1-3b,ood_agnews_balanced,1384,topic,choice,2,2,"[""business"", ""scitech"", ""sports"", ""world""]","[0.005477952518796841, 0.003794466810886849, 0.9579483893471652, 0.03277919132315121]",
d1-3b,ood_agnews_balanced,1388,topic,choice,0,0,"[""business"", ""scitech"", ""sports"", ""world""]","[0.9700417569653343, 0.006743567711917635, 0.005723191583846721, 0.017491483738901338]",
d1-3b,ood_agnews_balanced,1389,topic,choice,2,2,"[""business"", ""scitech"", ""sports"", ""world""]","[0.005411435216997773, 0.004149091303786463, 0.9840132351561119, 0.006426238323103871]",
d1-3b,ood_agnews_balanced,1393,topic,choice,2,2,"[""business"", ""scitech"", ""sports"", ""world""]","[0.006015942845972193, 0.005226741722197379, 0.9805984869826403, 0.008158828449190131]",
d1-3b,ood_agnews_balanced,1396,topic,choice,0,0,"[""business"", ""scitech"", ""sports"", ""world""]","[0.9718413226961127, 0.00457139103619776, 0.006199725661202771, 0.01738756060648687]",
d1-3b,ood_agnews_balanced,1397,topic,choice,2,2,"[""business"", ""scitech"", ""sports"", ""world""]","[0.17719067288951798, 0.007088518771410874, 0.8066189700699115, 0.009101838269159723]",
d1-3b,ood_agnews_balanced,1401,topic,choice,1,1,"[""business"", ""scitech"", ""sports"", ""world""]","[0.0384624142594202, 0.9465336399621083, 0.0070045259992974115, 0.007999419779173988]",
d1-3b,ood_agnews_balanced,1406,topic,choice,2,2,"[""business"", ""scitech"", ""sports"", ""world""]","[0.005458405672392892, 0.0039009466159540124, 0.984830205118865, 0.005810442592788045]",
d1-3b,ood_agnews_balanced,1407,topic,choice,2,2,"[""business"", ""scitech"", ""sports"", ""world""]","[0.015470603002950058, 0.006449106813454158, 0.9646391973651677, 0.013441092818428164]",
d1-3b,ood_agnews_balanced,1419,topic,choice,0,0,"[""business"", ""scitech"", ""sports"", ""world""]","[0.9677805380294774, 0.010835392338903573, 0.005983871967637119, 0.015400197663981971]",
d1-3b,ood_agnews_balanced,1431,topic,choice,0,0,"[""business"", ""scitech"", ""sports"", ""world""]","[0.9813543709910532, 0.004952394162198648, 0.004725607522076844, 0.008967627324671431]",
d1-3b,ood_agnews_balanced,1439,topic,choice,1,1,"[""business"", ""scitech"", ""sports"", ""world""]","[0.04579030412121671, 0.9415334428633011, 0.005259362745151401, 0.007416890270330862]",
d1-3b,ood_agnews_balanced,1446,topic,choice,1,1,"[""business"", ""scitech"", ""sports"", ""world""]","[0.03400227745321137, 0.9556244549188166, 0.004822548420520928, 0.005550719207451166]",
d1-3b,ood_agnews_balanced,1452,topic,choice,1,1,"[""business"", ""scitech"", ""sports"", ""world""]","[0.029787083623462284, 0.8306428043297474, 0.008143335511636493, 0.13142677653515383]",
d1-3b,ood_agnews_balanced,1457,topic,choice,1,1,"[""business"", ""scitech"", ""sports"", ""world""]","[0.3616241881704306, 0.6248305658509271, 0.0062708882943186845, 0.007274357684323771]",
d1-3b,ood_agnews_balanced,1496,topic,choice,2,2,"[""business"", ""scitech"", ""sports"", ""world""]","[0.007756279854248836, 0.004350878675283071, 0.9769547336858365, 0.010938107784631505]",
d1-3b,ood_agnews_balanced,1502,topic,choice,2,2,"[""business"", ""scitech"", ""sports"", ""world""]","[0.005431461609441361, 0.0038514830069262514, 0.972342657602705, 0.018374397780927428]",
d1-3b,ood_agnews_balanced,1511,topic,choice,0,0,"[""business"", ""scitech"", ""sports"", ""world""]","[0.9525207175764735, 0.01871685317888778, 0.007387111980043177, 0.021375317264595562]",
d1-3b,ood_agnews_balanced,1514,topic,choice,0,0,"[""business"", ""scitech"", ""sports"", ""world""]","[0.9744826116308732, 0.011523710269434634, 0.005885735286645757, 0.008107942813046394]",
d1-3b,ood_agnews_balanced,1519,topic,choice,3,3,"[""business"", ""scitech"", ""sports"", ""world""]","[0.008908792201281723, 0.006467089597142468, 0.00970825133384201, 0.9749158668677339]",
d1-3b,ood_agnews_balanced,1526,topic,choice,1,1,"[""business"", ""scitech"", ""sports"", ""world""]","[0.05033039860475764, 0.7872998979586817, 0.015591630136824857, 0.14677807329973583]",
d1-3b,ood_agnews_balanced,1534,topic,choice,1,1,"[""business"", ""scitech"", ""sports"", ""world""]","[0.10675518398220347, 0.8799923487426432, 0.005273665770275272, 0.007978801504878008]",
d1-3b,ood_agnews_balanced,1543,topic,choice,3,3,"[""business"", ""scitech"", ""sports"", ""world""]","[0.009095426115598146, 0.011862671990522723, 0.006759146755616438, 0.9722827551382628]",
d1-3b,ood_agnews_balanced,1544,topic,choice,3,3,"[""business"", ""scitech"", ""sports"", ""world""]","[0.0077102709512921344, 0.005176431036916836, 0.008336790663632155, 0.9787765073481589]",
d1-3b,ood_agnews_balanced,1550,topic,choice,1,1,"[""business"", ""scitech"", ""sports"", ""world""]","[0.0438707619148261, 0.9379982493000252, 0.005363869212079182, 0.012767119573069583]",
d1-3b,ood_agnews_balanced,1556,topic,choice,0,0,"[""business"", ""scitech"", ""sports"", ""world""]","[0.9789590712963092, 0.004640988280349743, 0.004640988280349743, 0.011758952142991247]",
d1-3b,ood_agnews_balanced,1575,topic,choice,0,0,"[""business"", ""scitech"", ""sports"", ""world""]","[0.9612672785108624, 0.01964116258052445, 0.005163889092505298, 0.013927669816107976]",
d1-3b,ood_agnews_balanced,1578,topic,choice,3,3,"[""business"", ""scitech"", ""sports"", ""world""]","[0.0213470421881443, 0.004800526939159833, 0.007611522296879381, 0.9662409085758166]",
d1-3b,ood_agnews_balanced,1579,topic,choice,1,1,"[""business"", ""scitech"", ""sports"", ""world""]","[0.05679715898989356, 0.9310949942318916, 0.005324393490935007, 0.006783453287279787]",
d1-3b,ood_agnews_balanced,1602,topic,choice,0,0,"[""business"", ""scitech"", ""sports"", ""world""]","[0.9442692307551119, 0.004172587418964762, 0.0052746447311773775, 0.04628353709474593]",
d1-3b,ood_agnews_balanced,1621,topic,choice,1,1,"[""business"", ""scitech"", ""sports"", ""world""]","[0.1250770215565376, 0.854746317299515, 0.006786037687080328, 0.01339062345686705]",
d1-3b,ood_agnews_balanced,1642,topic,choice,1,1,"[""business"", ""scitech"", ""sports"", ""world""]","[0.029343237372461924, 0.9566495295099549, 0.005600254854965784, 0.008406978262617541]",
d1-3b,ood_agnews_balanced,1646,topic,choice,2,2,"[""business"", ""scitech"", ""sports"", ""world""]","[0.005313517995609694, 0.004838013190381897, 0.9814235685455535, 0.008424900268454978]",
d1-3b,ood_agnews_balanced,1653,topic,choice,1,1,"[""business"", ""scitech"", ""sports"", ""world""]","[0.05806916050229144, 0.9298955077983835, 0.00515393099045611, 0.006881400708869043]",
d1-3b,ood_agnews_balanced,1689,topic,choice,1,0,"[""business"", ""scitech"", ""sports"", ""world""]","[0.8882856587454121, 0.10123235093485962, 0.005200050718191157, 0.005281939601537217]",
d1-3b,ood_agnews_balanced,1692,topic,choice,0,0,"[""business"", ""scitech"", ""sports"", ""world""]","[0.9827062965456441, 0.00683160946845733, 0.004241842779966173, 0.006220251205932347]",
d1-3b,ood_agnews_balanced,1694,topic,choice,0,0,"[""business"", ""scitech"", ""sports"", ""world""]","[0.9857402768918601, 0.004188972214785329, 0.0042549389285014925, 0.005815811964853219]",
d1-3b,ood_agnews_balanced,1702,topic,choice,1,1,"[""business"", ""scitech"", ""sports"", ""world""]","[0.09403368538798489, 0.8186982454336658, 0.04108027475246603, 0.04618779442588344]",
d1-3b,ood_agnews_balanced,1703,topic,choice,1,0,"[""business"", ""scitech"", ""sports"", ""world""]","[0.46888516017506465, 0.46161576955706135, 0.006042364310137124, 0.06345670595773689]",
d1-3b,ood_agnews_balanced,1708,topic,choice,0,0,"[""business"", ""scitech"", ""sports"", ""world""]","[0.9597687889921908, 0.0205516742707833, 0.0072143161833686026, 0.012465220553657352]",
d1-3b,ood_agnews_balanced,1715,topic,choice,2,2,"[""business"", ""scitech"", ""sports"", ""world""]","[0.006397692942898514, 0.0048671081306320444, 0.9796422438370307, 0.009092955089438817]",
d1-3b,ood_agnews_balanced,1721,topic,choice,1,1,"[""business"", ""scitech"", ""sports"", ""world""]","[0.08873858919954634, 0.8962280025092665, 0.006038736780003674, 0.008994671511183461]",
d1-3b,ood_agnews_balanced,1724,topic,choice,1,1,"[""business"", ""scitech"", ""sports"", ""world""]","[0.055492574860787375, 0.9312816218908146, 0.005537602943850644, 0.007688200304547358]",
d1-3b,ood_agnews_balanced,1728,topic,choice,1,1,"[""business"", ""scitech"", ""sports"", ""world""]","[0.05530052146866088, 0.9280585637617248, 0.005920419680128886, 0.010720495089485303]",
d1-3b,ood_agnews_balanced,1729,topic,choice,3,3,"[""business"", ""scitech"", ""sports"", ""world""]","[0.00886216189970132, 0.005129025815262389, 0.008589501842500534, 0.9774193104425358]",
d1-3b,ood_agnews_balanced,1734,topic,choice,2,2,"[""business"", ""scitech"", ""sports"", ""world""]","[0.005282382223787206, 0.0041139234123679464, 0.9756726930772303, 0.014931001286614674]",
d1-3b,ood_agnews_balanced,1756,topic,choice,3,3,"[""business"", ""scitech"", ""sports"", ""world""]","[0.02432650844490534, 0.00502005875728179, 0.006496438724861111, 0.9641569940729519]",
d1-3b,ood_agnews_balanced,1766,topic,choice,0,0,"[""business"", ""scitech"", ""sports"", ""world""]","[0.9834343802985486, 0.0042782793811391995, 0.0054506693356342496, 0.006836670984678052]",
d1-3b,ood_agnews_balanced,1786,topic,choice,2,2,"[""business"", ""scitech"", ""sports"", ""world""]","[0.0060477484110791745, 0.004092111268006987, 0.9781113704964984, 0.011748769824415506]",
d1-3b,ood_agnews_balanced,1790,topic,choice,0,0,"[""business"", ""scitech"", ""sports"", ""world""]","[0.6530121959269765, 0.31825272691409606, 0.013135858830216824, 0.015599218328710612]",
d1-3b,ood_agnews_balanced,1804,topic,choice,0,0,"[""business"", ""scitech"", ""sports"", ""world""]","[0.9521731235641293, 0.008237911645680168, 0.008499411031990598, 0.03108955375819999]",
d1-3b,ood_agnews_balanced,1805,topic,choice,2,2,"[""business"", ""scitech"", ""sports"", ""world""]","[0.004431291675764289, 0.003318884114107238, 0.9872675890572575, 0.00498223515287086]",
d1-3b,ood_agnews_balanced,1833,topic,choice,1,1,"[""business"", ""scitech"", ""sports"", ""world""]","[0.025416732282572945, 0.9612362423093864, 0.005411534577822892, 0.007935490830217868]",
d1-3b,ood_agnews_balanced,1849,topic,choice,2,2,"[""business"", ""scitech"", ""sports"", ""world""]","[0.01562690911430154, 0.004238913012812226, 0.97438535928068, 0.005748818592206168]",
d1-3b,ood_agnews_balanced,1871,topic,choice,2,2,"[""business"", ""scitech"", ""sports"", ""world""]","[0.0061524619168745725, 0.005345351546464382, 0.9796200705677858, 0.008882115968875115]",
d1-3b,ood_agnews_balanced,1883,topic,choice,1,0,"[""business"", ""scitech"", ""sports"", ""world""]","[0.8158087969991107, 0.17100281358905195, 0.005496876435567683, 0.0076915129762696495]",
d1-3b,ood_agnews_balanced,1908,topic,choice,2,2,"[""business"", ""scitech"", ""sports"", ""world""]","[0.0052236664487467195, 0.004036536572075599, 0.9800215293572104, 0.01071826762196733]",
d1-3b,ood_agnews_balanced,1909,topic,choice,3,3,"[""business"", ""scitech"", ""sports"", ""world""]","[0.05775654149306573, 0.09597129300913335, 0.017206704692958274, 0.8290654608048427]",
d1-3b,ood_agnews_balanced,1910,topic,choice,2,2,"[""business"", ""scitech"", ""sports"", ""world""]","[0.006616010503688555, 0.0046549447669385745, 0.9819030195082474, 0.006826025221125484]",
d1-3b,ood_agnews_balanced,1919,topic,choice,1,3,"[""business"", ""scitech"", ""sports"", ""world""]","[0.018355714867296837, 0.03916382397514446, 0.0083384592985849, 0.9341420018589738]",
d1-3b,ood_agnews_balanced,1925,topic,choice,3,3,"[""business"", ""scitech"", ""sports"", ""world""]","[0.01602605348488036, 0.015412105017235316, 0.007570171638696062, 0.9609916698591883]",
d1-3b,ood_agnews_balanced,1927,topic,choice,0,0,"[""business"", ""scitech"", ""sports"", ""world""]","[0.666299465559609, 0.3098580277158584, 0.006899346641391277, 0.01694316008314149]",
d1-3b,ood_agnews_balanced,1933,topic,choice,3,3,"[""business"", ""scitech"", ""sports"", ""world""]","[0.007830443596704163, 0.004675771434581798, 0.008873055048432358, 0.9786207299202817]",
d1-3b,ood_agnews_balanced,1956,topic,choice,1,0,"[""business"", ""scitech"", ""sports"", ""world""]","[0.6348976423173655, 0.03364834232768864, 0.30462721790754854, 0.026826797447397306]",
d1-3b,ood_agnews_balanced,1957,topic,choice,2,2,"[""business"", ""scitech"", ""sports"", ""world""]","[0.007013023815440822, 0.004857779621188454, 0.9777646192440084, 0.010364577319362427]",
d1-3b,ood_agnews_balanced,1960,topic,choice,2,2,"[""business"", ""scitech"", ""sports"", ""world""]","[0.006610503615367649, 0.003947311999788296, 0.9810857248157169, 0.008356459569127232]",
d1-3b,ood_agnews_balanced,1961,topic,choice,0,2,"[""business"", ""scitech"", ""sports"", ""world""]","[0.21869693252605768, 0.3308778922218334, 0.3929272191201495, 0.05749795613195935]",
d1-3b,ood_agnews_balanced,1974,topic,choice,0,1,"[""business"", ""scitech"", ""sports"", ""world""]","[0.27634678789677225, 0.5988996500184194, 0.039811529445342206, 0.08494203263946618]",
d1-3b,ood_agnews_balanced,1977,topic,choice,3,3,"[""business"", ""scitech"", ""sports"", ""world""]","[0.0062662712760842626, 0.004077540487420695, 0.007383471972314544, 0.9822727162641804]",
d1-3b,ood_agnews_balanced,1994,topic,choice,3,3,"[""business"", ""scitech"", ""sports"", ""world""]","[0.006368360225508326, 0.003892900521066934, 0.0069398455207859335, 0.9827988937326388]",
d1-3b,ood_agnews_balanced,1999,topic,choice,2,2,"[""business"", ""scitech"", ""sports"", ""world""]","[0.00871191865065589, 0.005202124230137175, 0.9759799546826752, 0.010106002436531621]",
d1-3b,ood_agnews_balanced,2015,topic,choice,3,3,"[""business"", ""scitech"", ""sports"", ""world""]","[0.16066886123731955, 0.05095322140406604, 0.23195258700957982, 0.5564253303490346]",
d1-3b,ood_agnews_balanced,2031,topic,choice,2,2,"[""business"", ""scitech"", ""sports"", ""world""]","[0.005448394118988026, 0.004080658645830587, 0.9830238754348805, 0.0074470718003010125]",
d1-3b,ood_agnews_balanced,2034,topic,choice,1,1,"[""business"", ""scitech"", ""sports"", ""world""]","[0.18036982623152498, 0.7476121543554265, 0.005663668534804982, 0.06635435087824357]",
d1-3b,ood_agnews_balanced,2049,topic,choice,0,0,"[""business"", ""scitech"", ""sports"", ""world""]","[0.9379087541961794, 0.004999198838513119, 0.004999198838513119, 0.05209284812679443]",
d1-3b,ood_agnews_balanced,2059,topic,choice,3,3,"[""business"", ""scitech"", ""sports"", ""world""]","[0.01480199437446803, 0.006517229919728265, 0.011438094721100084, 0.9672426809847036]",
d1-3b,ood_agnews_balanced,2061,topic,choice,1,1,"[""business"", ""scitech"", ""sports"", ""world""]","[0.057516869177035614, 0.9282752382644761, 0.0059218019247849465, 0.008286090633703344]",
d1-3b,ood_agnews_balanced,2066,topic,choice,2,2,"[""business"", ""scitech"", ""sports"", ""world""]","[0.00474947787608371, 0.003557194566868426, 0.9863114640488885, 0.005381863508159373]",
d1-3b,ood_agnews_balanced,2073,topic,choice,3,3,"[""business"", ""scitech"", ""sports"", ""world""]","[0.06309774795885004, 0.003909600046533557, 0.00577801431115387, 0.9272146376834626]",
d1-3b,ood_agnews_balanced,2074,topic,choice,3,3,"[""business"", ""scitech"", ""sports"", ""world""]","[0.011090648740892484, 0.005117493648798691, 0.008570189098003675, 0.9752216685123052]",
d1-3b,ood_agnews_balanced,2077,topic,choice,2,2,"[""business"", ""scitech"", ""sports"", ""world""]","[0.006083724678798624, 0.004181278746854345, 0.9839298659319161, 0.005805130642430905]",
d1-3b,ood_agnews_balanced,2079,topic,choice,2,2,"[""business"", ""scitech"", ""sports"", ""world""]","[0.005875785248094615, 0.0038836569022829377, 0.9728352151577181, 0.017405342691904427]",
d1-3b,ood_agnews_balanced,2088,topic,choice,3,3,"[""business"", ""scitech"", ""sports"", ""world""]","[0.0954810598261964, 0.05836640114367176, 0.040429224468563583, 0.8057233145615683]",
d1-3b,ood_agnews_balanced,2098,topic,choice,0,0,"[""business"", ""scitech"", ""sports"", ""world""]","[0.9015235487043975, 0.008499638761899863, 0.006122060139578378, 0.08385475239412425]",
d1-3b,ood_agnews_balanced,2100,topic,choice,1,1,"[""business"", ""scitech"", ""sports"", ""world""]","[0.13737655916056943, 0.5025025740093881, 0.050538011814045866, 0.3095828550159966]",
d1-3b,ood_agnews_balanced,2102,topic,choice,1,0,"[""business"", ""scitech"", ""sports"", ""world""]","[0.6605457947341203, 0.2931154195986351, 0.00541070259977531, 0.040928083067469395]",
d1-3b,ood_agnews_balanced,2117,topic,choice,0,0,"[""business"", ""scitech"", ""sports"", ""world""]","[0.9355863129175962, 0.0036200430042707954, 0.004166643957394336, 0.05662700012073868]",
d1-3b,ood_agnews_balanced,2121,topic,choice,0,0,"[""business"", ""scitech"", ""sports"", ""world""]","[0.6923226474391896, 0.004416575404771838, 0.005496516898703734, 0.29776426025733477]",
d1-3b,ood_agnews_balanced,2133,topic,choice,1,1,"[""business"", ""scitech"", ""sports"", ""world""]","[0.07368466531820062, 0.9117991254147162, 0.005507136015289893, 0.009009073251793367]",
d1-3b,ood_agnews_balanced,2143,topic,choice,1,1,"[""business"", ""scitech"", ""sports"", ""world""]","[0.016221617909892273, 0.9727185609203315, 0.005184740496553607, 0.005875080673222649]",
d1-3b,ood_agnews_balanced,2144,topic,choice,2,2,"[""business"", ""scitech"", ""sports"", ""world""]","[0.005986148193659835, 0.004146483666653136, 0.9833947986687452, 0.006472569470941662]",
d1-3b,ood_agnews_balanced,2145,topic,choice,1,1,"[""business"", ""scitech"", ""sports"", ""world""]","[0.22371075696126064, 0.756803735689363, 0.007536281976893571, 0.011949225372482752]",
d1-3b,ood_agnews_balanced,2147,topic,choice,2,2,"[""business"", ""scitech"", ""sports"", ""world""]","[0.0054614599409230314, 0.0036098045964129753, 0.9853812700421335, 0.005547465420530545]",
d1-3b,ood_agnews_balanced,2148,topic,choice,0,0,"[""business"", ""scitech"", ""sports"", ""world""]","[0.9086111392801863, 0.005319036686963536, 0.009118950430410078, 0.07695087360243996]",
d1-3b,ood_agnews_balanced,2150,topic,choice,3,3,"[""business"", ""scitech"", ""sports"", ""world""]","[0.02515323947734901, 0.004952966522297059, 0.011161682357898849, 0.9587321116424551]",
d1-3b,ood_agnews_balanced,2156,topic,choice,0,0,"[""business"", ""scitech"", ""sports"", ""world""]","[0.9720055311246986, 0.004362788839227174, 0.004680589178753503, 0.018951090857320864]",
d1-3b,ood_agnews_balanced,2158,topic,choice,3,3,"[""business"", ""scitech"", ""sports"", ""world""]","[0.00864040809741937, 0.007745211761490165, 0.008053745922608038, 0.9755606342184824]",
d1-3b,ood_agnews_balanced,2164,topic,choice,3,3,"[""business"", ""scitech"", ""sports"", ""world""]","[0.0104503487709877, 0.004565419264383361, 0.006800171640190646, 0.9781840603244383]",
d1-3b,ood_agnews_balanced,2171,topic,choice,2,2,"[""business"", ""scitech"", ""sports"", ""world""]","[0.005847035412987071, 0.004050123059761836, 0.9833201617870443, 0.006782679740206863]",
d1-3b,ood_agnews_balanced,2175,topic,choice,0,0,"[""business"", ""scitech"", ""sports"", ""world""]","[0.9671671750052602, 0.004078059899758778, 0.004730632244847847, 0.024024132850133252]",
d1-3b,ood_agnews_balanced,2205,topic,choice,3,0,"[""business"", ""scitech"", ""sports"", ""world""]","[0.9848971522928373, 0.004251299588847775, 0.004318247815887646, 0.006533300302427413]",
d1-3b,ood_agnews_balanced,2218,topic,choice,3,3,"[""business"", ""scitech"", ""sports"", ""world""]","[0.1995643562259236, 0.004207050346732174, 0.006936253393563685, 0.7892923400337806]",
d1-3b,ood_agnews_balanced,2235,topic,choice,2,2,"[""business"", ""scitech"", ""sports"", ""world""]","[0.025007512408652365, 0.004772767264889637, 0.9606534942713993, 0.009566226055058746]",
d1-3b,ood_agnews_balanced,2267,topic,choice,2,2,"[""business"", ""scitech"", ""sports"", ""world""]","[0.014261634169138037, 0.005628739383641044, 0.7847659390735432, 0.19534368737367763]",
d1-3b,ood_agnews_balanced,2269,topic,choice,1,1,"[""business"", ""scitech"", ""sports"", ""world""]","[0.039721933624350385, 0.9474541254477459, 0.005812603163821843, 0.007011337764082003]",
d1-3b,ood_agnews_balanced,2280,topic,choice,3,3,"[""business"", ""scitech"", ""sports"", ""world""]","[0.005847631640791562, 0.0038953624552608523, 0.006836574017653861, 0.9834204318862937]",
d1-3b,ood_agnews_balanced,2302,topic,choice,2,2,"[""business"", ""scitech"", ""sports"", ""world""]","[0.005789264534547453, 0.0040732563278867715, 0.9812406693635356, 0.008896809774030134]",
d1-3b,ood_agnews_balanced,2336,topic,choice,1,0,"[""business"", ""scitech"", ""sports"", ""world""]","[0.32438393079292277, 0.30952930909589477, 0.04673193602374103, 0.3193548240874414]",
d1-3b,ood_agnews_balanced,2373,topic,choice,0,0,"[""business"", ""scitech"", ""sports"", ""world""]","[0.9390564011096181, 0.004851318591255513, 0.005540379734168514, 0.05055190056495781]",
d1-3b,ood_agnews_balanced,2374,topic,choice,1,1,"[""business"", ""scitech"", ""sports"", ""world""]","[0.05995164294900773, 0.8538779658265864, 0.006124445896244481, 0.08004594532816123]",
d1-3b,ood_agnews_balanced,2375,topic,choice,2,2,"[""business"", ""scitech"", ""sports"", ""world""]","[0.00877278036544711, 0.00523846641994622, 0.9675613053004731, 0.01842744791413357]",
d1-3b,ood_agnews_balanced,2387,topic,choice,1,1,"[""business"", ""scitech"", ""sports"", ""world""]","[0.006261223178922638, 0.9814813990848812, 0.005272478533839936, 0.006984899202356263]",
d1-3b,ood_agnews_balanced,2393,topic,choice,2,2,"[""business"", ""scitech"", ""sports"", ""world""]","[0.005822668358759322, 0.006649695988179909, 0.9565385942903334, 0.030989041362727458]",
d1-3b,ood_agnews_balanced,2408,topic,choice,1,1,"[""business"", ""scitech"", ""sports"", ""world""]","[0.0180261195026605, 0.968934282402718, 0.005164569706287258, 0.007875028388334324]",
d1-3b,ood_agnews_balanced,2414,topic,choice,1,1,"[""business"", ""scitech"", ""sports"", ""world""]","[0.010150642555925214, 0.9427366821929644, 0.006014056681737208, 0.04109861856937329]",
d1-3b,ood_agnews_balanced,2417,topic,choice,1,1,"[""business"", ""scitech"", ""sports"", ""world""]","[0.011140724741551507, 0.8850173859647598, 0.009092794529883794, 0.09474909476380505]",
d1-3b,ood_agnews_balanced,2424,topic,choice,0,0,"[""business"", ""scitech"", ""sports"", ""world""]","[0.9531260881153432, 0.016788341739217047, 0.006224525418324451, 0.02386104472711537]",
d1-3b,ood_agnews_balanced,2425,topic,choice,0,0,"[""business"", ""scitech"", ""sports"", ""world""]","[0.9675785982401437, 0.004309121952724061, 0.0049986689155164105, 0.023113610891615885]",
d1-3b,ood_agnews_balanced,2426,topic,choice,3,3,"[""business"", ""scitech"", ""sports"", ""world""]","[0.008340035061835708, 0.004789279202329144, 0.007713271529120292, 0.9791574142067148]",
d1-3b,ood_agnews_balanced,2430,topic,choice,0,0,"[""business"", ""scitech"", ""sports"", ""world""]","[0.9652178883194056, 0.01622277901874797, 0.0065035869740653505, 0.012055745687780969]",
d1-3b,ood_agnews_balanced,2431,topic,choice,0,0,"[""business"", ""scitech"", ""sports"", ""world""]","[0.9630119649576907, 0.007645584842013659, 0.005421531479821546, 0.023920918720474152]",
d1-3b,ood_agnews_balanced,2433,topic,choice,2,2,"[""business"", ""scitech"", ""sports"", ""world""]","[0.004363630936965978, 0.0034519161908607723, 0.987502960254425, 0.004681492617748363]",
d1-3b,ood_agnews_balanced,2440,topic,choice,0,0,"[""business"", ""scitech"", ""sports"", ""world""]","[0.9759579160687533, 0.007870384886032825, 0.005580938580847736, 0.01059076046436624]",
d1-3b,ood_agnews_balanced,2450,topic,choice,0,0,"[""business"", ""scitech"", ""sports"", ""world""]","[0.976846991168577, 0.005763342081326281, 0.006280534126766786, 0.011109132623330027]",
d1-3b,ood_agnews_balanced,2451,topic,choice,0,0,"[""business"", ""scitech"", ""sports"", ""world""]","[0.9122244802637665, 0.06925262845851608, 0.005911050708230814, 0.012611840569486707]",
d1-3b,ood_agnews_balanced,2452,topic,choice,1,1,"[""business"", ""scitech"", ""sports"", ""world""]","[0.07255902460987666, 0.9120094603255493, 0.006490488926136413, 0.008941026138437719]",
d1-3b,ood_agnews_balanced,2465,topic,choice,2,2,"[""business"", ""scitech"", ""sports"", ""world""]","[0.004935350743673123, 0.00399676883343578, 0.9856474580389077, 0.005420422383983369]",
d1-3b,ood_agnews_balanced,2467,topic,choice,2,2,"[""business"", ""scitech"", ""sports"", ""world""]","[0.0056937389640354715, 0.004297859653441838, 0.9802470617956033, 0.009761339586919424]",
d1-3b,ood_agnews_balanced,2469,topic,choice,0,0,"[""business"", ""scitech"", ""sports"", ""world""]","[0.9612804894523902, 0.005044337055175504, 0.005540120430403393, 0.028135053062030894]",
d1-3b,ood_agnews_balanced,2470,topic,choice,0,0,"[""business"", ""scitech"", ""sports"", ""world""]","[0.9836728350300123, 0.004663334998293207, 0.004663334998293207, 0.007000494973401372]",
d1-3b,ood_agnews_balanced,2472,topic,choice,2,2,"[""business"", ""scitech"", ""sports"", ""world""]","[0.00585011534972923, 0.004180888897996189, 0.983838127504999, 0.0061308682472756195]",
d1-3b,ood_agnews_balanced,2494,topic,choice,2,2,"[""business"", ""scitech"", ""sports"", ""world""]","[0.005126581349429844, 0.004217010789852459, 0.9846158188023137, 0.006040589058403978]",
d1-3b,ood_agnews_balanced,2520,topic,choice,1,1,"[""business"", ""scitech"", ""sports"", ""world""]","[0.01447649691786632, 0.9684060109386959, 0.006275096931359479, 0.010842395212078249]",
d1-3b,ood_agnews_balanced,2530,topic,choice,2,2,"[""business"", ""scitech"", ""sports"", ""world""]","[0.006132609122899429, 0.003898123529973341, 0.9841174908422732, 0.005851776504854092]",
d1-3b,ood_agnews_balanced,2531,topic,choice,3,3,"[""business"", ""scitech"", ""sports"", ""world""]","[0.01659214423403523, 0.005645192762171597, 0.013436727883925107, 0.9643259351198681]",
d1-3b,ood_agnews_balanced,2550,topic,choice,0,0,"[""business"", ""scitech"", ""sports"", ""world""]","[0.9759316005192262, 0.0042789386613485214, 0.00438041076748581, 0.015409050051939304]",
d1-3b,ood_agnews_balanced,2563,topic,choice,3,1,"[""business"", ""scitech"", ""sports"", ""world""]","[0.02811463594222435, 0.5141629778777246, 0.011009849626944825, 0.4467125365531063]",
d1-3b,ood_agnews_balanced,2572,topic,choice,3,3,"[""business"", ""scitech"", ""sports"", ""world""]","[0.011113225635728512, 0.0076380008322211946, 0.011646560469624055, 0.9696022130624262]",
d1-3b,ood_agnews_balanced,2576,topic,choice,1,0,"[""business"", ""scitech"", ""sports"", ""world""]","[0.5460614055632521, 0.049228928769449905, 0.04378511562971, 0.36092455003758805]",
d1-3b,ood_agnews_balanced,2581,topic,choice,0,0,"[""business"", ""scitech"", ""sports"", ""world""]","[0.8216512585870339, 0.00401888115968214, 0.004772539462955586, 0.1695573207903283]",
d1-3b,ood_agnews_balanced,2587,topic,choice,3,3,"[""business"", ""scitech"", ""sports"", ""world""]","[0.008623115814003119, 0.004951838801765249, 0.16656472667980285, 0.8198603187044289]",
d1-3b,ood_agnews_balanced,2590,topic,choice,0,0,"[""business"", ""scitech"", ""sports"", ""world""]","[0.9272702264025312, 0.06359644225874321, 0.004033945904105873, 0.0050993854346197695]",
d1-3b,ood_agnews_balanced,2597,topic,choice,0,0,"[""business"", ""scitech"", ""sports"", ""world""]","[0.9788799806382296, 0.004225326522196391, 0.005136690708989427, 0.011758002130584614]",
d1-3b,ood_agnews_balanced,2599,topic,choice,0,0,"[""business"", ""scitech"", ""sports"", ""world""]","[0.9801949728334508, 0.007904553641645223, 0.0046468473654920316, 0.007253626159411914]",
d1-3b,ood_agnews_balanced,2600,topic,choice,0,0,"[""business"", ""scitech"", ""sports"", ""world""]","[0.9809585280481187, 0.005653530309050329, 0.00535265491434886, 0.008035286728482067]",
d1-3b,ood_agnews_balanced,2603,topic,choice,3,3,"[""business"", ""scitech"", ""sports"", ""world""]","[0.013755446825617334, 0.009091795181864084, 0.012821486269676868, 0.9643312717228417]",
d1-3b,ood_agnews_balanced,2606,topic,choice,2,2,"[""business"", ""scitech"", ""sports"", ""world""]","[0.006603154318746447, 0.005560413421840953, 0.9799949924869822, 0.00784143977243047]",
d1-3b,ood_agnews_balanced,2608,topic,choice,1,1,"[""business"", ""scitech"", ""sports"", ""world""]","[0.0248446667253347, 0.9618832781404066, 0.0053312226963507575, 0.007940832437907925]",
d1-3b,ood_agnews_balanced,2609,topic,choice,0,0,"[""business"", ""scitech"", ""sports"", ""world""]","[0.9796102289345548, 0.004328754113350511, 0.006152400106918374, 0.009908616845176105]",
d1-3b,ood_agnews_balanced,2615,topic,choice,2,2,"[""business"", ""scitech"", ""sports"", ""world""]","[0.00517220470856162, 0.0038436561664004303, 0.9856477510147436, 0.005336388110294268]",
d1-3b,ood_agnews_balanced,2628,topic,choice,0,0,"[""business"", ""scitech"", ""sports"", ""world""]","[0.9861490749408266, 0.004426271291880221, 0.004290089240898853, 0.005134564526394399]",
d1-3b,ood_agnews_balanced,2640,topic,choice,2,2,"[""business"", ""scitech"", ""sports"", ""world""]","[0.005542434206220081, 0.003930174361383174, 0.9844875890596884, 0.006039802372708427]",
d1-3b,ood_agnews_balanced,2642,topic,choice,2,2,"[""business"", ""scitech"", ""sports"", ""world""]","[0.02847357890291342, 0.00835127399314828, 0.9355776081267502, 0.02759753897718817]",
d1-3b,ood_agnews_balanced,2645,topic,choice,2,2,"[""business"", ""scitech"", ""sports"", ""world""]","[0.006033433517640603, 0.004483667072623575, 0.9834494658920953, 0.006033433517640603]",
d1-3b,ood_agnews_balanced,2647,topic,choice,3,3,"[""business"", ""scitech"", ""sports"", ""world""]","[0.008371945490919375, 0.009486657082195083, 0.006886574514454951, 0.9752548229124306]",
d1-3b,ood_agnews_balanced,2651,topic,choice,2,2,"[""business"", ""scitech"", ""sports"", ""world""]","[0.005014525398588612, 0.0037557059888847343, 0.985933374247475, 0.005296394365051664]",
d1-3b,ood_agnews_balanced,2653,topic,choice,3,3,"[""business"", ""scitech"", ""sports"", ""world""]","[0.011477812842349876, 0.05307286887942636, 0.009295016104604387, 0.9261543021736195]",
d1-3b,ood_agnews_balanced,2654,topic,choice,0,0,"[""business"", ""scitech"", ""sports"", ""world""]","[0.9736358012513203, 0.005973226974012227, 0.008966875727749065, 0.011424096046918408]",
d1-3b,ood_agnews_balanced,2656,topic,choice,3,2,"[""business"", ""scitech"", ""sports"", ""world""]","[0.006122617681751033, 0.004479402786034112, 0.9825141354358211, 0.006883844096393732]",
d1-3b,ood_agnews_balanced,2676,topic,choice,1,0,"[""business"", ""scitech"", ""sports"", ""world""]","[0.6491517760196336, 0.31146642600029756, 0.01041090745938036, 0.028970890520688592]",
d1-3b,ood_agnews_balanced,2692,topic,choice,1,1,"[""business"", ""scitech"", ""sports"", ""world""]","[0.03365333370305611, 0.9311539478362117, 0.005493755706139463, 0.029698962754592783]",
d1-3b,ood_agnews_balanced,2693,topic,choice,1,1,"[""business"", ""scitech"", ""sports"", ""world""]","[0.0368758412330355, 0.9510404801324293, 0.004990602417861221, 0.007093076216674049]",
d1-3b,ood_agnews_balanced,2701,topic,choice,0,0,"[""business"", ""scitech"", ""sports"", ""world""]","[0.9401190495297864, 0.011927170295926293, 0.005997357860628753, 0.04195642231365859]",
d1-3b,ood_agnews_balanced,2702,topic,choice,3,3,"[""business"", ""scitech"", ""sports"", ""world""]","[0.3137360310506678, 0.005314436401310842, 0.006311049379382417, 0.674638483168639]",
d1-3b,ood_agnews_balanced,2712,topic,choice,1,1,"[""business"", ""scitech"", ""sports"", ""world""]","[0.07411313284795132, 0.8958565036875311, 0.006526724751520538, 0.0235036387129971]",
d1-3b,ood_agnews_balanced,2717,topic,choice,2,2,"[""business"", ""scitech"", ""sports"", ""world""]","[0.006230492847924557, 0.004086056967781501, 0.9319395373438226, 0.05774391284047141]",
d1-3b,ood_agnews_balanced,2718,topic,choice,0,1,"[""business"", ""scitech"", ""sports"", ""world""]","[0.44650011594375466, 0.5302320070903398, 0.007504494892249553, 0.015763382073655973]",
d1-3b,ood_agnews_balanced,2719,topic,choice,1,1,"[""business"", ""scitech"", ""sports"", ""world""]","[0.19446106408350614, 0.7935225503142952, 0.005516435772536799, 0.0064999498296618415]",
d1-3b,ood_agnews_balanced,2722,topic,choice,1,1,"[""business"", ""scitech"", ""sports"", ""world""]","[0.009356897244724879, 0.9619151494935758, 0.006281923633140079, 0.022446029628559322]",
d1-3b,ood_agnews_balanced,2750,topic,choice,0,0,"[""business"", ""scitech"", ""sports"", ""world""]","[0.9631050040510407, 0.009590638287844122, 0.006192181478049478, 0.02111217618306567]",
d1-3b,ood_agnews_balanced,2753,topic,choice,1,1,"[""business"", ""scitech"", ""sports"", ""world""]","[0.033609677082942, 0.9372396699756936, 0.005317823132125706, 0.023832829809238714]",
d1-3b,ood_agnews_balanced,2764,topic,choice,1,1,"[""business"", ""scitech"", ""sports"", ""world""]","[0.023617061724104344, 0.9657518384910628, 0.004798097116435334, 0.005833002668397515]",
d1-3b,ood_agnews_balanced,2772,topic,choice,0,0,"[""business"", ""scitech"", ""sports"", ""world""]","[0.9207386126897411, 0.03126076159122921, 0.005604745714180003, 0.04239588000484968]",
d1-3b,ood_agnews_balanced,2778,topic,choice,1,0,"[""business"", ""scitech"", ""sports"", ""world""]","[0.9734081952203955, 0.015489750026030636, 0.004335084127134312, 0.006766970626439598]",
d1-3b,ood_agnews_balanced,2781,topic,choice,3,3,"[""business"", ""scitech"", ""sports"", ""world""]","[0.11792527929374576, 0.004754605358850756, 0.005963611163851186, 0.8713565041835524]",
d1-3b,ood_agnews_balanced,2787,topic,choice,1,1,"[""business"", ""scitech"", ""sports"", ""world""]","[0.01873246752566313, 0.9167944109399297, 0.03965663406302524, 0.024816487471381942]",
d1-3b,ood_agnews_balanced,2795,topic,choice,0,0,"[""business"", ""scitech"", ""sports"", ""world""]","[0.9434391852936815, 0.04145182486197006, 0.005566237913340634, 0.009542751931007775]",
d1-3b,ood_agnews_balanced,2808,topic,choice,3,3,"[""business"", ""scitech"", ""sports"", ""world""]","[0.011528215908071395, 0.006724348796302305, 0.006883812132602503, 0.9748636231630239]",
d1-3b,ood_agnews_balanced,2821,topic,choice,2,2,"[""business"", ""scitech"", ""sports"", ""world""]","[0.00604274516268021, 0.0039014895098637504, 0.9849672637287671, 0.0050885015986890094]",
d1-3b,ood_agnews_balanced,2828,topic,choice,0,1,"[""business"", ""scitech"", ""sports"", ""world""]","[0.013658333055712556, 0.9726018651237289, 0.005390630293402213, 0.008349171527156352]",
d1-3b,ood_agnews_balanced,2837,topic,choice,2,2,"[""business"", ""scitech"", ""sports"", ""world""]","[0.0054412697489837685, 0.0035684718230308194, 0.974098515078016, 0.01689174334996937]",
d1-3b,ood_agnews_balanced,2851,topic,choice,0,0,"[""business"", ""scitech"", ""sports"", ""world""]","[0.9521280780102864, 0.009407545325273742, 0.009936348126538956, 0.02852802853790072]",
d1-3b,ood_agnews_balanced,2854,topic,choice,1,0,"[""business"", ""scitech"", ""sports"", ""world""]","[0.4971873875526136, 0.4818905397784633, 0.006927711254632668, 0.01399436141429047]",
d1-3b,ood_agnews_balanced,2855,topic,choice,3,3,"[""business"", ""scitech"", ""sports"", ""world""]","[0.005886551362724578, 0.004174189964543291, 0.0076775103314413486, 0.9822617483412908]",
d1-3b,ood_agnews_balanced,2856,topic,choice,1,1,"[""business"", ""scitech"", ""sports"", ""world""]","[0.4074791366632315, 0.5657287556287901, 0.004856423360846227, 0.02193568434713218]",
d1-3b,ood_agnews_balanced,2861,topic,choice,1,1,"[""business"", ""scitech"", ""sports"", ""world""]","[0.043733827710525516, 0.9424043154830102, 0.0051826131186603125, 0.008679243687804067]",
d1-3b,ood_agnews_balanced,2869,topic,choice,0,0,"[""business"", ""scitech"", ""sports"", ""world""]","[0.964511007368508, 0.020978461001942842, 0.004754641243059554, 0.00975589038648947]",
d1-3b,ood_agnews_balanced,2873,topic,choice,0,0,"[""business"", ""scitech"", ""sports"", ""world""]","[0.6021075633982091, 0.3827228530990732, 0.005128489165152149, 0.010041094337565483]",
d1-3b,ood_agnews_balanced,2883,topic,choice,3,3,"[""business"", ""scitech"", ""sports"", ""world""]","[0.08145560133279267, 0.006430135447023168, 0.008585357216696711, 0.9035289060034875]",
d1-3b,ood_agnews_balanced,2885,topic,choice,1,1,"[""business"", ""scitech"", ""sports"", ""world""]","[0.011599548021510073, 0.8931156981570652, 0.008225311215532286, 0.08705944260589243]",
d1-3b,ood_agnews_balanced,2889,topic,choice,2,2,"[""business"", ""scitech"", ""sports"", ""world""]","[0.017232671366536976, 0.005174186248440562, 0.970738459304264, 0.006854683080758545]",
d1-3b,ood_agnews_balanced,2895,topic,choice,2,2,"[""business"", ""scitech"", ""sports"", ""world""]","[0.004750461568684219, 0.003475511928359755, 0.9865157448802336, 0.005258281622722334]",
d1-3b,ood_agnews_balanced,2952,topic,choice,0,0,"[""business"", ""scitech"", ""sports"", ""world""]","[0.9489642782287779, 0.022668950219565817, 0.008671646291224473, 0.019695125260431667]",
d1-3b,ood_agnews_balanced,2957,topic,choice,0,0,"[""business"", ""scitech"", ""sports"", ""world""]","[0.8946474848356757, 0.003953316192087093, 0.004110798405940032, 0.09728840056629728]",
d1-3b,ood_agnews_balanced,2964,topic,choice,3,3,"[""business"", ""scitech"", ""sports"", ""world""]","[0.0070940031696557, 0.004509222766877759, 0.007038797199007411, 0.981357976864459]",
d1-3b,ood_agnews_balanced,2969,topic,choice,1,1,"[""business"", ""scitech"", ""sports"", ""world""]","[0.09998411141661441, 0.8842137106338737, 0.006646389583975377, 0.009155788365536618]",
d1-3b,ood_agnews_balanced,2972,topic,choice,2,2,"[""business"", ""scitech"", ""sports"", ""world""]","[0.005296979220052434, 0.003875352783595954, 0.9860422460618851, 0.004785421934466584]",
d1-3b,ood_agnews_balanced,2986,topic,choice,0,0,"[""business"", ""scitech"", ""sports"", ""world""]","[0.9806877667143351, 0.005351177490031263, 0.005607985859746712, 0.008353069935886949]",
d1-3b,ood_agnews_balanced,2990,topic,choice,3,3,"[""business"", ""scitech"", ""sports"", ""world""]","[0.00844848058518751, 0.007226368391387615, 0.007813567242690818, 0.9765115837807341]",
d1-3b,ood_agnews_balanced,3003,topic,choice,0,0,"[""business"", ""scitech"", ""sports"", ""world""]","[0.9802300524167857, 0.006761364991424954, 0.005103746059029621, 0.007904836532759626]",
d1-3b,ood_agnews_balanced,3004,topic,choice,1,1,"[""business"", ""scitech"", ""sports"", ""world""]","[0.009567642731305899, 0.9167977177164837, 0.007222035631271965, 0.06641260392093833]",
d1-3b,ood_agnews_balanced,3006,topic,choice,3,3,"[""business"", ""scitech"", ""sports"", ""world""]","[0.010333133285104091, 0.008977581776469167, 0.013476946460521179, 0.9672123384779056]",
d1-3b,ood_agnews_balanced,3008,topic,choice,0,0,"[""business"", ""scitech"", ""sports"", ""world""]","[0.7760973088960655, 0.0037372139862984106, 0.004651037952973057, 0.21551443916466298]",
d1-3b,ood_agnews_balanced,3016,topic,choice,0,0,"[""business"", ""scitech"", ""sports"", ""world""]","[0.6025502082125409, 0.0035550121999648517, 0.0048591255562476865, 0.38903565403124657]",
d1-3b,ood_agnews_balanced,3019,topic,choice,3,3,"[""business"", ""scitech"", ""sports"", ""world""]","[0.009271430824264081, 0.0064221324356842375, 0.008574671794636777, 0.9757317649454149]",
d1-3b,ood_agnews_balanced,3026,topic,choice,2,2,"[""business"", ""scitech"", ""sports"", ""world""]","[0.005132336504471289, 0.003725676754737362, 0.9857211590490059, 0.0054208276917854644]",
d1-3b,ood_agnews_balanced,3030,topic,choice,2,2,"[""business"", ""scitech"", ""sports"", ""world""]","[0.004818262336519228, 0.004421486058738506, 0.9850829511257916, 0.005677300478950749]",
d1-3b,ood_agnews_balanced,3031,topic,choice,2,2,"[""business"", ""scitech"", ""sports"", ""world""]","[0.004782064438021205, 0.0035816007740561012, 0.9853504296700428, 0.006285905117879771]",
d1-3b,ood_agnews_balanced,3038,topic,choice,1,1,"[""business"", ""scitech"", ""sports"", ""world""]","[0.043443920953208565, 0.9361572204198577, 0.005028998872077548, 0.01536985975485623]",
d1-3b,ood_agnews_balanced,3042,topic,choice,3,3,"[""business"", ""scitech"", ""sports"", ""world""]","[0.0110055827711471, 0.005158212829876392, 0.008504455211415508, 0.975331749187561]",
d1-3b,ood_agnews_balanced,3053,topic,choice,2,2,"[""business"", ""scitech"", ""sports"", ""world""]","[0.006222047895963006, 0.004112522537362593, 0.9829901465940771, 0.006675282972597243]",
d1-3b,ood_agnews_balanced,3055,topic,choice,0,0,"[""business"", ""scitech"", ""sports"", ""world""]","[0.9243234836660364, 0.05422405346799471, 0.00627688978680637, 0.015175573079162433]",
d1-3b,ood_agnews_balanced,3083,topic,choice,0,0,"[""business"", ""scitech"", ""sports"", ""world""]","[0.9751806298571682, 0.0039235533703432, 0.004377040080470045, 0.016518776692018518]",
d1-3b,ood_agnews_balanced,3086,topic,choice,0,0,"[""business"", ""scitech"", ""sports"", ""world""]","[0.9813142011503093, 0.004137710828278607, 0.00454438631758918, 0.010003701703822945]",
d1-3b,ood_agnews_balanced,3091,topic,choice,1,1,"[""business"", ""scitech"", ""sports"", ""world""]","[0.020032870532106364, 0.5207067123237524, 0.44538405328373193, 0.013876363860409333]",
d1-3b,ood_agnews_balanced,3095,topic,choice,2,2,"[""business"", ""scitech"", ""sports"", ""world""]","[0.024865834091604148, 0.007013730560206571, 0.9258222267001152, 0.04229820864807413]",
d1-3b,ood_agnews_balanced,3105,topic,choice,0,0,"[""business"", ""scitech"", ""sports"", ""world""]","[0.9500824406596476, 0.004133186918910259, 0.004365515411126042, 0.04141885701031598]",
d1-3b,ood_agnews_balanced,3111,topic,choice,3,3,"[""business"", ""scitech"", ""sports"", ""world""]","[0.00996997137782724, 0.0051723530125816625, 0.006852254437833518, 0.9780054211717575]",
d1-3b,ood_agnews_balanced,3114,topic,choice,1,1,"[""business"", ""scitech"", ""sports"", ""world""]","[0.019124760121771868, 0.9657054176005171, 0.006065071534582765, 0.009104750743128324]",
d1-3b,ood_agnews_balanced,3118,topic,choice,3,3,"[""business"", ""scitech"", ""sports"", ""world""]","[0.007079830449947162, 0.006103195336408839, 0.0074195986073479925, 0.979397375606296]",
d1-3b,ood_agnews_balanced,3119,topic,choice,0,0,"[""business"", ""scitech"", ""sports"", ""world""]","[0.9461156979353945, 0.005582029186773061, 0.007056346070898106, 0.04124592680693439]",
d1-3b,ood_agnews_balanced,3126,topic,choice,2,2,"[""business"", ""scitech"", ""sports"", ""world""]","[0.009308719393381272, 0.0045367075063832436, 0.9796560396390023, 0.006498533461233242]",
d1-3b,ood_agnews_balanced,3127,topic,choice,1,1,"[""business"", ""scitech"", ""sports"", ""world""]","[0.39352414043245915, 0.5907497033813384, 0.007494766027793296, 0.008231390158409287]",
d1-3b,ood_agnews_balanced,3128,topic,choice,0,0,"[""business"", ""scitech"", ""sports"", ""world""]","[0.7336787417297126, 0.24194157012435394, 0.005429359934617127, 0.018950328211316373]",
d1-3b,ood_agnews_balanced,3143,topic,choice,3,3,"[""business"", ""scitech"", ""sports"", ""world""]","[0.007096003334642627, 0.0043376998317833084, 0.006931624594441354, 0.9816346722391328]",
d1-3b,ood_agnews_balanced,3147,topic,choice,3,3,"[""business"", ""scitech"", ""sports"", ""world""]","[0.15847225932148384, 0.03535994060148619, 0.038233211846291235, 0.7679345882307387]",
d1-3b,ood_agnews_balanced,3150,topic,choice,2,2,"[""business"", ""scitech"", ""sports"", ""world""]","[0.050523252967631584, 0.004114927374923927, 0.938524240907035, 0.006837578750409453]",
d1-3b,ood_agnews_balanced,3154,topic,choice,2,2,"[""business"", ""scitech"", ""sports"", ""world""]","[0.006925882938585291, 0.005106825836074407, 0.9808215571623445, 0.007145734062995885]",
d1-3b,ood_agnews_balanced,3190,topic,choice,0,0,"[""business"", ""scitech"", ""sports"", ""world""]","[0.9805893483791321, 0.0039762583609748514, 0.004541029583312082, 0.010893363676581058]",
d1-3b,ood_agnews_balanced,3208,topic,choice,2,2,"[""business"", ""scitech"", ""sports"", ""world""]","[0.005923098791180723, 0.004685556801822632, 0.9730371442219675, 0.016354200185029054]",
d1-3b,ood_agnews_balanced,3231,topic,choice,2,2,"[""business"", ""scitech"", ""sports"", ""world""]","[0.006774887399507703, 0.004206623246450735, 0.9821904658540968, 0.006828023499944782]",
d1-3b,ood_agnews_balanced,3232,topic,choice,2,2,"[""business"", ""scitech"", ""sports"", ""world""]","[0.005459620954317727, 0.003901815138778561, 0.9850494717727465, 0.0055890921341572855]",
d1-3b,ood_agnews_balanced,3259,topic,choice,2,2,"[""business"", ""scitech"", ""sports"", ""world""]","[0.0053745608027513155, 0.0038410253898444055, 0.9849731279778198, 0.005811285829584437]",
d1-3b,ood_agnews_balanced,3278,topic,choice,1,1,"[""business"", ""scitech"", ""sports"", ""world""]","[0.030121838046339312, 0.9225351011193255, 0.009855827702792202, 0.03748723313154307]",
d1-3b,ood_agnews_balanced,3283,topic,choice,2,2,"[""business"", ""scitech"", ""sports"", ""world""]","[0.01017438907041152, 0.004308107391213838, 0.9749378128837851, 0.01057969065458955]",
d1-3b,ood_agnews_balanced,3293,topic,choice,1,1,"[""business"", ""scitech"", ""sports"", ""world""]","[0.028530387702321913, 0.9596750661616839, 0.005277591057073646, 0.006516955078920645]",
d1-3b,ood_agnews_balanced,3294,topic,choice,0,0,"[""business"", ""scitech"", ""sports"", ""world""]","[0.9815545467630576, 0.005569262208411558, 0.005440250388307142, 0.00743594064022368]",
d1-3b,ood_agnews_balanced,3304,topic,choice,0,0,"[""business"", ""scitech"", ""sports"", ""world""]","[0.3643913938423787, 0.3165887293428621, 0.08004616636338753, 0.23897371045137158]",
d1-3b,ood_agnews_balanced,3327,topic,choice,0,0,"[""business"", ""scitech"", ""sports"", ""world""]","[0.9744508390685576, 0.007099320465174664, 0.009405071549595316, 0.009044768916672387]",
d1-3b,ood_agnews_balanced,3329,topic,choice,0,0,"[""business"", ""scitech"", ""sports"", ""world""]","[0.714641731845148, 0.03475570887783472, 0.0074579557071831, 0.2431446035698341]",
d1-3b,ood_agnews_balanced,3333,topic,choice,3,3,"[""business"", ""scitech"", ""sports"", ""world""]","[0.01643669067071983, 0.005091849234570499, 0.008136751908678273, 0.9703347081860314]",
d1-3b,ood_agnews_balanced,3340,topic,choice,2,2,"[""business"", ""scitech"", ""sports"", ""world""]","[0.007406056991528582, 0.004492000632941192, 0.9624534273094517, 0.025648515066078518]",
d1-3b,ood_agnews_balanced,3351,topic,choice,0,0,"[""business"", ""scitech"", ""sports"", ""world""]","[0.759981546174108, 0.14504501632257566, 0.006999188065154946, 0.08797424943816148]",
d1-3b,ood_agnews_balanced,3358,topic,choice,3,3,"[""business"", ""scitech"", ""sports"", ""world""]","[0.010854344370006602, 0.0042506223291822205, 0.007818090964847205, 0.977076942335964]",
d1-3b,ood_agnews_balanced,3361,topic,choice,2,2,"[""business"", ""scitech"", ""sports"", ""world""]","[0.006210483189269743, 0.004836729171055072, 0.9811630965748859, 0.007789691064789323]",
d1-3b,ood_agnews_balanced,3376,topic,choice,2,2,"[""business"", ""scitech"", ""sports"", ""world""]","[0.006373696357079678, 0.005081553780493053, 0.9759677834673616, 0.012576966395065779]",
d1-3b,ood_agnews_balanced,3391,topic,choice,2,2,"[""business"", ""scitech"", ""sports"", ""world""]","[0.005540310135719392, 0.004451764259288836, 0.984110296164832, 0.005897629440159746]",
d1-3b,ood_agnews_balanced,3395,topic,choice,1,1,"[""business"", ""scitech"", ""sports"", ""world""]","[0.0057036341927987535, 0.9743090463462767, 0.005193218030064712, 0.014794101430859862]",
d1-3b,ood_agnews_balanced,3406,topic,choice,0,0,"[""business"", ""scitech"", ""sports"", ""world""]","[0.7612690523011295, 0.22857441994911334, 0.003871867103430973, 0.006284660646326182]",
d1-3b,ood_agnews_balanced,3410,topic,choice,0,0,"[""business"", ""scitech"", ""sports"", ""world""]","[0.9579657942542081, 0.020353432521950546, 0.004541464658193086, 0.017139308565648215]",
d1-3b,ood_agnews_balanced,3414,topic,choice,1,1,"[""business"", ""scitech"", ""sports"", ""world""]","[0.02654683135836987, 0.9580001115054629, 0.007034210040578089, 0.008418847095589148]",
d1-3b,ood_agnews_balanced,3416,topic,choice,2,2,"[""business"", ""scitech"", ""sports"", ""world""]","[0.004713471827983099, 0.0035579151986211617, 0.9865112752612695, 0.00521733771212633]",
d1-3b,ood_agnews_balanced,3427,topic,choice,0,0,"[""business"", ""scitech"", ""sports"", ""world""]","[0.8357820850019064, 0.13643767476597404, 0.009883512010365381, 0.01789672822175411]",
d1-3b,ood_agnews_balanced,3434,topic,choice,3,3,"[""business"", ""scitech"", ""sports"", ""world""]","[0.04554296952263689, 0.01284598441245644, 0.012450755022117854, 0.9291602910427889]",
d1-3b,ood_agnews_balanced,3456,topic,choice,1,1,"[""business"", ""scitech"", ""sports"", ""world""]","[0.028059013100724263, 0.9586824587658432, 0.005881488658133639, 0.00737703947529894]",
d1-3b,ood_agnews_balanced,3458,topic,choice,0,0,"[""business"", ""scitech"", ""sports"", ""world""]","[0.9806620296522431, 0.004685524601139902, 0.004576984540658626, 0.01007546120595841]",
d1-3b,ood_agnews_balanced,3462,topic,choice,2,2,"[""business"", ""scitech"", ""sports"", ""world""]","[0.05726912238596026, 0.004246941607581952, 0.917084028451881, 0.021399907554576818]",
d1-3b,ood_agnews_balanced,3477,topic,choice,3,3,"[""business"", ""scitech"", ""sports"", ""world""]","[0.011205400307112739, 0.004353949361358196, 0.006796418840617235, 0.9776442314909118]",
d1-3b,ood_agnews_balanced,3483,topic,choice,3,3,"[""business"", ""scitech"", ""sports"", ""world""]","[0.009825748679616945, 0.009598135456606658, 0.00915860483356929, 0.9714175110302071]",
d1-3b,ood_agnews_balanced,3501,topic,choice,1,1,"[""business"", ""scitech"", ""sports"", ""world""]","[0.008631474032749881, 0.9745519177670317, 0.006566479169771358, 0.010250129030447197]",
d1-3b,ood_agnews_balanced,3502,topic,choice,1,1,"[""business"", ""scitech"", ""sports"", ""world""]","[0.0225218040002793, 0.9651624282910726, 0.0056061202718808495, 0.0067096474367672925]",
d1-3b,ood_agnews_balanced,3506,topic,choice,1,1,"[""business"", ""scitech"", ""sports"", ""world""]","[0.10562182576411042, 0.8178999620064396, 0.012913877822309738, 0.06356433440714034]",
d1-3b,ood_agnews_balanced,3508,topic,choice,0,0,"[""business"", ""scitech"", ""sports"", ""world""]","[0.9775758978135789, 0.006849245044149682, 0.00613962357740029, 0.00943523356487123]",
d1-3b,ood_agnews_balanced,3513,topic,choice,3,3,"[""business"", ""scitech"", ""sports"", ""world""]","[0.00698410577032805, 0.004269298222734636, 0.007376685828992244, 0.9813699101779451]",
d1-3b,ood_agnews_balanced,3514,topic,choice,2,2,"[""business"", ""scitech"", ""sports"", ""world""]","[0.005394792122965985, 0.004723837819400204, 0.9809868615334942, 0.00889450852413952]",
d1-3b,ood_agnews_balanced,3517,topic,choice,3,3,"[""business"", ""scitech"", ""sports"", ""world""]","[0.037733563964684594, 0.004613503234914001, 0.007034752362891084, 0.9506181804375103]",
d1-3b,ood_agnews_balanced,3525,topic,choice,2,2,"[""business"", ""scitech"", ""sports"", ""world""]","[0.005498146145013579, 0.004182769014493373, 0.9842805526301839, 0.00603853221030917]",
d1-3b,ood_agnews_balanced,3534,topic,choice,2,2,"[""business"", ""scitech"", ""sports"", ""world""]","[0.10027672880540787, 0.004801225280692774, 0.8799003409598165, 0.015021704954082877]",
d1-3b,ood_agnews_balanced,3538,topic,choice,0,0,"[""business"", ""scitech"", ""sports"", ""world""]","[0.8910395014433736, 0.04102836924848699, 0.006341252222102979, 0.06159087708603639]",
d1-3b,ood_agnews_balanced,3543,topic,choice,2,2,"[""business"", ""scitech"", ""sports"", ""world""]","[0.004859119655955375, 0.003754836644300123, 0.9857051572778223, 0.005680886421922245]",
d1-3b,ood_agnews_balanced,3546,topic,choice,3,0,"[""business"", ""scitech"", ""sports"", ""world""]","[0.5019516837375678, 0.40332950878436796, 0.010176349662801974, 0.08454245781526226]",
d1-3b,ood_agnews_balanced,3553,topic,choice,0,0,"[""business"", ""scitech"", ""sports"", ""world""]","[0.9733797243041543, 0.005698193913869345, 0.005311300749065507, 0.015610781032910897]",
d1-3b,ood_agnews_balanced,3559,topic,choice,2,2,"[""business"", ""scitech"", ""sports"", ""world""]","[0.005459182242161164, 0.004025348560656144, 0.9849703173439504, 0.0055451518532323284]",
d1-3b,ood_agnews_balanced,3561,topic,choice,3,1,"[""business"", ""scitech"", ""sports"", ""world""]","[0.3733000581510713, 0.6059258032524922, 0.006524129547946232, 0.01425000904849029]",
d1-3b,ood_agnews_balanced,3568,topic,choice,2,2,"[""business"", ""scitech"", ""sports"", ""world""]","[0.006527493882479167, 0.0038674121350088667, 0.9840218325911056, 0.0055832613914063405]",
d1-3b,ood_agnews_balanced,3580,topic,choice,0,0,"[""business"", ""scitech"", ""sports"", ""world""]","[0.8155605526971498, 0.15323928769715273, 0.005988333570720042, 0.025211826034977455]",
d1-3b,ood_agnews_balanced,3588,topic,choice,1,1,"[""business"", ""scitech"", ""sports"", ""world""]","[0.02888546805657687, 0.9565553297319128, 0.005469986416955586, 0.009089215794554647]",
d1-3b,ood_agnews_balanced,3589,topic,choice,0,0,"[""business"", ""scitech"", ""sports"", ""world""]","[0.9834269612497571, 0.004379702812081303, 0.004625888085248759, 0.007567447852912795]",
d1-3b,ood_agnews_balanced,3601,topic,choice,2,2,"[""business"", ""scitech"", ""sports"", ""world""]","[0.0059949670087421055, 0.003993508969251753, 0.9848435394285399, 0.00516798459346618]",
d1-3b,ood_agnews_balanced,3614,topic,choice,1,1,"[""business"", ""scitech"", ""sports"", ""world""]","[0.04064344470548871, 0.9469772419183755, 0.005587112247617716, 0.006792201128517903]",
d1-3b,ood_agnews_balanced,3619,topic,choice,3,3,"[""business"", ""scitech"", ""sports"", ""world""]","[0.4658610285631822, 0.006542127168328339, 0.007891311685996466, 0.519705532582493]",
d1-3b,ood_agnews_balanced,3621,topic,choice,2,2,"[""business"", ""scitech"", ""sports"", ""world""]","[0.007030179057145263, 0.004399373638618587, 0.9801564246641253, 0.008414022640110841]",
d1-3b,ood_agnews_balanced,3622,topic,choice,3,3,"[""business"", ""scitech"", ""sports"", ""world""]","[0.02669930611314352, 0.008667995606387915, 0.016067925449468345, 0.9485647728310002]",
d1-3b,ood_agnews_balanced,3664,topic,choice,1,0,"[""business"", ""scitech"", ""sports"", ""world""]","[0.871255452232975, 0.11251203795881579, 0.006009687316555973, 0.01022282249165326]",
d1-3b,ood_agnews_balanced,3685,topic,choice,3,0,"[""business"", ""scitech"", ""sports"", ""world""]","[0.8044046226257835, 0.06449997940875059, 0.06349999991483717, 0.06759539805062871]",
d1-3b,ood_agnews_balanced,3691,topic,choice,1,0,"[""business"", ""scitech"", ""sports"", ""world""]","[0.5068287348497612, 0.4687399539296722, 0.006952564924919257, 0.017478746295647413]",
d1-3b,ood_agnews_balanced,3697,topic,choice,3,3,"[""business"", ""scitech"", ""sports"", ""world""]","[0.013121987475845259, 0.005868515797581467, 0.009377861542498598, 0.9716316351840747]",
d1-3b,ood_agnews_balanced,3699,topic,choice,0,0,"[""business"", ""scitech"", ""sports"", ""world""]","[0.9632555128941211, 0.004602357658784383, 0.004602357658784383, 0.027539771788310116]",
d1-3b,ood_agnews_balanced,3740,topic,choice,2,2,"[""business"", ""scitech"", ""sports"", ""world""]","[0.005125269314484995, 0.0047032114979539425, 0.9843638281923016, 0.005807690995259545]",
d1-3b,ood_agnews_balanced,3744,topic,choice,2,2,"[""business"", ""scitech"", ""sports"", ""world""]","[0.006938200325252646, 0.00476855069765018, 0.9749195178168037, 0.013373731160293343]",
d1-3b,ood_agnews_balanced,3747,topic,choice,3,0,"[""business"", ""scitech"", ""sports"", ""world""]","[0.9230724535891996, 0.004308200197660145, 0.005752201950128292, 0.06686714426301198]",
d1-3b,ood_agnews_balanced,3749,topic,choice,3,3,"[""business"", ""scitech"", ""sports"", ""world""]","[0.0060299719941770205, 0.004144335103007686, 0.006940455221983135, 0.9828852376808322]",
d1-3b,ood_agnews_balanced,3758,topic,choice,3,3,"[""business"", ""scitech"", ""sports"", ""world""]","[0.02666202953919947, 0.004386593415979557, 0.006794088790458138, 0.9621572882543629]",
d1-3b,ood_agnews_balanced,3762,topic,choice,3,1,"[""business"", ""scitech"", ""sports"", ""world""]","[0.007934328104328803, 0.5391256579929915, 0.005989145068321749, 0.4469508688343579]",
d1-3b,ood_agnews_balanced,3764,topic,choice,0,0,"[""business"", ""scitech"", ""sports"", ""world""]","[0.9784864013271904, 0.0050946674224841455, 0.004937920984475566, 0.011481010265849871]",
d1-3b,ood_agnews_balanced,3779,topic,choice,0,0,"[""business"", ""scitech"", ""sports"", ""world""]","[0.9833164898901366, 0.0048853627056583025, 0.004962295973887271, 0.006835851430317631]",
d1-3b,ood_agnews_balanced,3782,topic,choice,3,3,"[""business"", ""scitech"", ""sports"", ""world""]","[0.007970416455880662, 0.004541406402513516, 0.006817458472231712, 0.9806707186693742]",
d1-3b,ood_agnews_balanced,3787,topic,choice,1,0,"[""business"", ""scitech"", ""sports"", ""world""]","[0.5501498821802904, 0.42181454649285677, 0.010895128406612633, 0.017140442920240216]",
d1-3b,ood_agnews_balanced,3792,topic,choice,2,2,"[""business"", ""scitech"", ""sports"", ""world""]","[0.008007182885519323, 0.004421986367431449, 0.9775275733906441, 0.010043257356405148]",
d1-3b,ood_agnews_balanced,3795,topic,choice,0,0,"[""business"", ""scitech"", ""sports"", ""world""]","[0.8708245531075791, 0.009159146751961956, 0.009303382325914543, 0.11071291781454443]",
d1-3b,ood_agnews_balanced,3813,topic,choice,0,1,"[""business"", ""scitech"", ""sports"", ""world""]","[0.17043559103230477, 0.8131027295260763, 0.006305879550389572, 0.010155799891229441]",
d1-3b,ood_agnews_balanced,3828,topic,choice,1,1,"[""business"", ""scitech"", ""sports"", ""world""]","[0.010861873490709578, 0.9551050291334855, 0.00585954123266904, 0.028173556143135915]",
d1-3b,ood_agnews_balanced,3829,topic,choice,0,0,"[""business"", ""scitech"", ""sports"", ""world""]","[0.9663248071007207, 0.02308366020793118, 0.004474971651880627, 0.00611656103946762]",
d1-3b,ood_agnews_balanced,3838,topic,choice,3,3,"[""business"", ""scitech"", ""sports"", ""world""]","[0.012815940566978969, 0.005959965860204484, 0.009749853438102064, 0.9714742401347145]",
d1-3b,ood_agnews_balanced,3843,topic,choice,3,3,"[""business"", ""scitech"", ""sports"", ""world""]","[0.008003253685141822, 0.007007883079532212, 0.007940971870845113, 0.9770478913644809]",
d1-3b,ood_agnews_balanced,3851,topic,choice,2,2,"[""business"", ""scitech"", ""sports"", ""world""]","[0.004394269672992041, 0.0032655439367014834, 0.9866978324424046, 0.005642353947901911]",
d1-3b,ood_agnews_balanced,3874,topic,choice,3,3,"[""business"", ""scitech"", ""sports"", ""world""]","[0.008915167803657788, 0.005756064955289036, 0.009715199071411036, 0.9756135681696422]",
d1-3b,ood_agnews_balanced,3879,topic,choice,1,1,"[""business"", ""scitech"", ""sports"", ""world""]","[0.015333066852441981, 0.9711192074613775, 0.00534052641916523, 0.008207199267015271]",
d1-3b,ood_agnews_balanced,3882,topic,choice,3,0,"[""business"", ""scitech"", ""sports"", ""world""]","[0.9426889004034779, 0.009460959680603549, 0.015844125870169777, 0.03200601404574882]",
d1-3b,ood_agnews_balanced,3884,topic,choice,2,2,"[""business"", ""scitech"", ""sports"", ""world""]","[0.004904457462463052, 0.0037603779757684284, 0.979477707259954, 0.011857457301814426]",
d1-3b,ood_agnews_balanced,3889,topic,choice,0,0,"[""business"", ""scitech"", ""sports"", ""world""]","[0.9822109795005698, 0.004995593041200694, 0.005235336556915233, 0.0075580909013143]",
d1-3b,ood_agnews_balanced,3892,topic,choice,2,2,"[""business"", ""scitech"", ""sports"", ""world""]","[0.007140633604365549, 0.004646498905778585, 0.980121469567152, 0.00809139792270382]",
d1-3b,ood_agnews_balanced,3913,topic,choice,1,1,"[""business"", ""scitech"", ""sports"", ""world""]","[0.25543740112695806, 0.5079979307539035, 0.02146481052014955, 0.2150998575989889]",
d1-3b,ood_agnews_balanced,3931,topic,choice,3,3,"[""business"", ""scitech"", ""sports"", ""world""]","[0.006174250197195179, 0.0039553731653922414, 0.006781087244122128, 0.9830892893932905]",
d1-3b,ood_agnews_balanced,3933,topic,choice,2,2,"[""business"", ""scitech"", ""sports"", ""world""]","[0.0045600693933096174, 0.0038399634227992002, 0.9847008025188184, 0.006899164665072769]",
d1-3b,ood_agnews_balanced,3940,topic,choice,0,0,"[""business"", ""scitech"", ""sports"", ""world""]","[0.97138081879183, 0.0050973387192220065, 0.006545112472947595, 0.016976730016000387]",
d1-3b,ood_agnews_balanced,3943,topic,choice,3,3,"[""business"", ""scitech"", ""sports"", ""world""]","[0.018430167867159872, 0.006419250587728424, 0.007446460955579106, 0.9677041205895326]",
d1-3b,ood_agnews_balanced,3951,topic,choice,2,2,"[""business"", ""scitech"", ""sports"", ""world""]","[0.005634090251871336, 0.0036949265961259085, 0.9852527315081814, 0.0054182516438214074]",
d1-3b,ood_agnews_balanced,3960,topic,choice,3,3,"[""business"", ""scitech"", ""sports"", ""world""]","[0.007727878924736768, 0.004168877978490525, 0.0070915003258263075, 0.9810117427709464]",
d1-3b,ood_agnews_balanced,3969,topic,choice,1,1,"[""business"", ""scitech"", ""sports"", ""world""]","[0.08271846129543999, 0.9033118198215849, 0.005585256227275998, 0.008384462655699167]",
d1-3b,ood_agnews_balanced,3970,topic,choice,0,1,"[""business"", ""scitech"", ""sports"", ""world""]","[0.03190005037138352, 0.9543639415843631, 0.00554339754930315, 0.008192610494950275]",
d1-3b,ood_agnews_balanced,3973,topic,choice,2,2,"[""business"", ""scitech"", ""sports"", ""world""]","[0.04806988302155806, 0.011872423386526849, 0.9141259368047169, 0.025931756787198244]",
d1-3b,ood_agnews_balanced,3977,topic,choice,0,0,"[""business"", ""scitech"", ""sports"", ""world""]","[0.9682158602588588, 0.007221174108227676, 0.0075088329824299065, 0.017054132650483764]",
d1-3b,ood_agnews_balanced,3982,topic,choice,2,2,"[""business"", ""scitech"", ""sports"", ""world""]","[0.005127963522453768, 0.003901148926102061, 0.9848812801947928, 0.006089607356651218]",
d1-3b,ood_agnews_balanced,3991,topic,choice,1,1,"[""business"", ""scitech"", ""sports"", ""world""]","[0.03505659022284463, 0.9475110690686624, 0.00613970146279719, 0.011292639245695766]",
d1-3b,ood_agnews_balanced,4002,topic,choice,0,0,"[""business"", ""scitech"", ""sports"", ""world""]","[0.9846089523536872, 0.004350842739952139, 0.004559644042659234, 0.006480560863701544]",
d1-3b,ood_agnews_balanced,4007,topic,choice,3,3,"[""business"", ""scitech"", ""sports"", ""world""]","[0.011564718278779664, 0.006798547154298226, 0.011296821868392171, 0.9703399126985299]",
d1-3b,ood_agnews_balanced,4012,topic,choice,1,1,"[""business"", ""scitech"", ""sports"", ""world""]","[0.05125258281614741, 0.9300176022895912, 0.01117108242633841, 0.007558732467923056]",
d1-3b,ood_agnews_balanced,4021,topic,choice,1,1,"[""business"", ""scitech"", ""sports"", ""world""]","[0.022361528038209774, 0.9658098613862199, 0.005269995369897998, 0.006558615205672279]",
d1-3b,ood_agnews_balanced,4023,topic,choice,1,1,"[""business"", ""scitech"", ""sports"", ""world""]","[0.023957312261479593, 0.9644771016376384, 0.005602139570257933, 0.005963446530624047]",
d1-3b,ood_agnews_balanced,4027,topic,choice,3,2,"[""business"", ""scitech"", ""sports"", ""world""]","[0.005291176674178897, 0.004817671185732234, 0.9772970558617246, 0.012594096278364175]",
d1-3b,ood_agnews_balanced,4036,topic,choice,0,2,"[""business"", ""scitech"", ""sports"", ""world""]","[0.35298333164001805, 0.011258330422944145, 0.6195050400241752, 0.016253297912862695]",
d1-3b,ood_agnews_balanced,4042,topic,choice,2,2,"[""business"", ""scitech"", ""sports"", ""world""]","[0.006134439073887845, 0.003868942227615465, 0.9844111483604672, 0.005585470338029423]",
d1-3b,ood_agnews_balanced,4049,topic,choice,0,0,"[""business"", ""scitech"", ""sports"", ""world""]","[0.9554260608321825, 0.03243846396152654, 0.004897475547586498, 0.007237999658704486]",
d1-3b,ood_agnews_balanced,4062,topic,choice,3,3,"[""business"", ""scitech"", ""sports"", ""world""]","[0.016339413678857898, 0.006010934373247265, 0.028012272177902163, 0.9496373797699927]",
d1-3b,ood_agnews_balanced,4071,topic,choice,2,2,"[""business"", ""scitech"", ""sports"", ""world""]","[0.03482735874947629, 0.00568541002647611, 0.948698218791847, 0.01078901243220067]",
d1-3b,ood_agnews_balanced,4072,topic,choice,1,1,"[""business"", ""scitech"", ""sports"", ""world""]","[0.05324996430182113, 0.9292447265431554, 0.005150324045749742, 0.012354985109273724]",
d1-3b,ood_agnews_balanced,4075,topic,choice,1,1,"[""business"", ""scitech"", ""sports"", ""world""]","[0.017930325429687057, 0.9713442505749714, 0.005383659984864821, 0.005341764010476746]",
d1-3b,ood_agnews_balanced,4082,topic,choice,1,1,"[""business"", ""scitech"", ""sports"", ""world""]","[0.013388157872692827, 0.975971197660492, 0.004699685423866945, 0.005940959042948275]",
d1-3b,ood_agnews_balanced,4098,topic,choice,0,0,"[""business"", ""scitech"", ""sports"", ""world""]","[0.9864613688076094, 0.003968940429903077, 0.004393216579587979, 0.005176474182899584]",
d1-3b,ood_agnews_balanced,4112,topic,choice,2,2,"[""business"", ""scitech"", ""sports"", ""world""]","[0.009651928860478633, 0.004968387184546181, 0.976861886631636, 0.008517797323339257]",
d1-3b,ood_agnews_balanced,4128,topic,choice,0,0,"[""business"", ""scitech"", ""sports"", ""world""]","[0.9763227882982972, 0.010594719932617458, 0.004701378471161396, 0.00838111329792387]",
d1-3b,ood_agnews_balanced,4136,topic,choice,0,0,"[""business"", ""scitech"", ""sports"", ""world""]","[0.9406817742379739, 0.04468911251744341, 0.005549969343834306, 0.009079143900748356]",
d1-3b,ood_agnews_balanced,4143,topic,choice,3,3,"[""business"", ""scitech"", ""sports"", ""world""]","[0.011323280926299396, 0.14915497487668097, 0.007602091184201731, 0.8319196530128178]",
d1-3b,ood_agnews_balanced,4159,topic,choice,1,1,"[""business"", ""scitech"", ""sports"", ""world""]","[0.22494753650006308, 0.7609877069382375, 0.0061849393753014865, 0.007879817186397953]",
d1-3b,ood_agnews_balanced,4161,topic,choice,0,0,"[""business"", ""scitech"", ""sports"", ""world""]","[0.9723570139916838, 0.007028937352028746, 0.007482264863315371, 0.013131783792972055]",
d1-3b,ood_agnews_balanced,4162,topic,choice,3,3,"[""business"", ""scitech"", ""sports"", ""world""]","[0.007044050743337993, 0.005317128459491623, 0.028298488529618148, 0.9593403322675522]",
d1-3b,ood_agnews_balanced,4165,topic,choice,0,0,"[""business"", ""scitech"", ""sports"", ""world""]","[0.8495081344209592, 0.00563519930848252, 0.008328284699987643, 0.13652838157057048]",
d1-3b,ood_agnews_balanced,4173,topic,choice,1,1,"[""business"", ""scitech"", ""sports"", ""world""]","[0.009784141510562026, 0.9748906996076899, 0.006416596659172712, 0.008908562222575224]",
d1-3b,ood_agnews_balanced,4175,topic,choice,2,2,"[""business"", ""scitech"", ""sports"", ""world""]","[0.005454678566284034, 0.003807979345523352, 0.9841577438006726, 0.006579598287520067]",
d1-3b,ood_agnews_balanced,4176,topic,choice,3,3,"[""business"", ""scitech"", ""sports"", ""world""]","[0.010756570136592546, 0.0046626280265898365, 0.008710935961686643, 0.975869865875131]",
d1-3b,ood_agnews_balanced,4180,topic,choice,2,2,"[""business"", ""scitech"", ""sports"", ""world""]","[0.00627497976482585, 0.003957580130334692, 0.9836378200897046, 0.006129620015134793]",
d1-3b,ood_agnews_balanced,4191,topic,choice,0,0,"[""business"", ""scitech"", ""sports"", ""world""]","[0.9689300752813528, 0.01027092869250472, 0.006427382939558445, 0.014371613086584108]",
d1-3b,ood_agnews_balanced,4198,topic,choice,0,0,"[""business"", ""scitech"", ""sports"", ""world""]","[0.8681625981733043, 0.00516228350949801, 0.00545245803285789, 0.1212226602843398]",
d1-3b,ood_agnews_balanced,4203,topic,choice,1,1,"[""business"", ""scitech"", ""sports"", ""world""]","[0.009861726111438096, 0.8274500271734611, 0.0072149929515193025, 0.1554732537635816]",
d1-3b,ood_agnews_balanced,4211,topic,choice,3,3,"[""business"", ""scitech"", ""sports"", ""world""]","[0.13482484651881935, 0.016484392148685183, 0.2154494912773658, 0.6332412700551298]",
d1-3b,ood_agnews_balanced,4224,topic,choice,2,2,"[""business"", ""scitech"", ""sports"", ""world""]","[0.0054276938266351995, 0.003970985632703516, 0.9792890351926166, 0.011312285348044782]",
d1-3b,ood_agnews_balanced,4225,topic,choice,1,1,"[""business"", ""scitech"", ""sports"", ""world""]","[0.03148141690759292, 0.9345100977118204, 0.006008333560475066, 0.02800015182011173]",
d1-3b,ood_agnews_balanced,4232,topic,choice,1,1,"[""business"", ""scitech"", ""sports"", ""world""]","[0.04498745226123984, 0.9035971334732753, 0.005719512715977688, 0.04569590154950728]",
d1-3b,ood_agnews_balanced,4253,topic,choice,0,0,"[""business"", ""scitech"", ""sports"", ""world""]","[0.9743761682030619, 0.005931249735233454, 0.00579385248310182, 0.01389872957860288]",
d1-3b,ood_agnews_balanced,4264,topic,choice,1,0,"[""business"", ""scitech"", ""sports"", ""world""]","[0.7626849068349631, 0.22544922783125773, 0.005470363019932558, 0.00639550231384667]",
d1-3b,ood_agnews_balanced,4265,topic,choice,2,2,"[""business"", ""scitech"", ""sports"", ""world""]","[0.005020345387139596, 0.0038192773661403605, 0.9793961747528432, 0.01176420249387682]",
d1-3b,ood_agnews_balanced,4282,topic,choice,3,3,"[""business"", ""scitech"", ""sports"", ""world""]","[0.006616662807214546, 0.004173076923967355, 0.007210430333584575, 0.9819998299352336]",
d1-3b,ood_agnews_balanced,4287,topic,choice,0,0,"[""business"", ""scitech"", ""sports"", ""world""]","[0.9738711414727468, 0.005482666096486358, 0.009039388213423498, 0.011606804217343367]",
d1-3b,ood_agnews_balanced,4295,topic,choice,3,3,"[""business"", ""scitech"", ""sports"", ""world""]","[0.057909488249232706, 0.00983004728278624, 0.012138488161131868, 0.9201219763068492]",
d1-3b,ood_agnews_balanced,4303,topic,choice,3,3,"[""business"", ""scitech"", ""sports"", ""world""]","[0.007534885915897991, 0.005058683094417767, 0.00821105314734356, 0.9791953778423408]",
d1-3b,ood_agnews_balanced,4316,topic,choice,1,1,"[""business"", ""scitech"", ""sports"", ""world""]","[0.13717453410267144, 0.8272683153238022, 0.0061219402865729244, 0.029435210286953492]",
d1-3b,ood_agnews_balanced,4320,topic,choice,1,1,"[""business"", ""scitech"", ""sports"", ""world""]","[0.01013589331724979, 0.978866645101756, 0.0051769077462185155, 0.005820553834775671]",
d1-3b,ood_agnews_balanced,4322,topic,choice,1,1,"[""business"", ""scitech"", ""sports"", ""world""]","[0.015612820167399335, 0.9659309799769589, 0.007974248261608296, 0.010481951594033534]",
d1-3b,ood_agnews_balanced,4330,topic,choice,2,2,"[""business"", ""scitech"", ""sports"", ""world""]","[0.005209031364369403, 0.0039013842261038214, 0.9849406838656993, 0.005948900543827506]",
d1-3b,ood_agnews_balanced,4335,topic,choice,0,0,"[""business"", ""scitech"", ""sports"", ""world""]","[0.9829106181598687, 0.004276000834849355, 0.0043095379250519305, 0.008503843080230073]",
d1-3b,ood_agnews_balanced,4345,topic,choice,2,2,"[""business"", ""scitech"", ""sports"", ""world""]","[0.01026277493876946, 0.00540810235441041, 0.9757542532860051, 0.00857486942081509]",
d1-3b,ood_agnews_balanced,4355,topic,choice,2,2,"[""business"", ""scitech"", ""sports"", ""world""]","[0.005048354995054119, 0.004632630950999612, 0.9848604408007696, 0.005458573253176624]",
d1-3b,ood_agnews_balanced,4375,topic,choice,3,0,"[""business"", ""scitech"", ""sports"", ""world""]","[0.9683540365760682, 0.006225929575964492, 0.00594082350324004, 0.019479210344727303]",
d1-3b,ood_agnews_balanced,4379,topic,choice,2,2,"[""business"", ""scitech"", ""sports"", ""world""]","[0.006794856327222436, 0.004670031904624982, 0.9774194686793671, 0.011115643088785454]",
d1-3b,ood_agnews_balanced,4380,topic,choice,3,3,"[""business"", ""scitech"", ""sports"", ""world""]","[0.0066725171661027845, 0.004175554546359264, 0.006569069375885616, 0.9825828589116524]",
d1-3b,ood_agnews_balanced,4385,topic,choice,3,3,"[""business"", ""scitech"", ""sports"", ""world""]","[0.007914105341930475, 0.004042129486436417, 0.006664344863211907, 0.9813794203084213]",
d1-3b,ood_agnews_balanced,4386,topic,choice,3,3,"[""business"", ""scitech"", ""sports"", ""world""]","[0.030810645839441594, 0.004438694378908923, 0.006259562374215773, 0.9584910974074337]",
d1-3b,ood_agnews_balanced,4392,topic,choice,0,0,"[""business"", ""scitech"", ""sports"", ""world""]","[0.9668239854460665, 0.010491642183003583, 0.006934552040260097, 0.015749820330669805]",
d1-3b,ood_agnews_balanced,4405,topic,choice,2,2,"[""business"", ""scitech"", ""sports"", ""world""]","[0.004934486825680949, 0.003638462421702962, 0.9854749234781104, 0.005952127274505675]",
d1-3b,ood_agnews_balanced,4419,topic,choice,3,3,"[""business"", ""scitech"", ""sports"", ""world""]","[0.006129084025118966, 0.0038958828414950605, 0.006423224908928562, 0.9835518082244574]",
d1-3b,ood_agnews_balanced,4421,topic,choice,2,2,"[""business"", ""scitech"", ""sports"", ""world""]","[0.005939162171435401, 0.004885421541669692, 0.9833283322903195, 0.005847083996575456]",
d1-3b,ood_agnews_balanced,4424,topic,choice,2,2,"[""business"", ""scitech"", ""sports"", ""world""]","[0.006416222816376306, 0.004274125833979014, 0.9824796177144298, 0.00683003363521492]",
d1-3b,ood_agnews_balanced,4427,topic,choice,2,2,"[""business"", ""scitech"", ""sports"", ""world""]","[0.010874827837816145, 0.010215955326692113, 0.956244129315531, 0.022665087519960686]",
d1-3b,ood_agnews_balanced,4433,topic,choice,2,2,"[""business"", ""scitech"", ""sports"", ""world""]","[0.006048495856817853, 0.004936638442898907, 0.9782322560105999, 0.010782609689683344]",
d1-3b,ood_agnews_balanced,4445,topic,choice,2,2,"[""business"", ""scitech"", ""sports"", ""world""]","[0.006228220406523871, 0.008186841276620628, 0.9763080317887493, 0.009276906528106305]",
d1-3b,ood_agnews_balanced,4451,topic,choice,1,0,"[""business"", ""scitech"", ""sports"", ""world""]","[0.8968802161754617, 0.08742640160240064, 0.005333044708098975, 0.010360337514038784]",
d1-3b,ood_agnews_balanced,4452,topic,choice,3,3,"[""business"", ""scitech"", ""sports"", ""world""]","[0.007827609876632023, 0.005954931568927559, 0.007950876795899488, 0.978266581758541]",
d1-3b,ood_agnews_balanced,4455,topic,choice,3,3,"[""business"", ""scitech"", ""sports"", ""world""]","[0.009201215761710234, 0.005803134039983223, 0.009058564133521728, 0.9759370860647848]",
d1-3b,ood_agnews_balanced,4460,topic,choice,2,2,"[""business"", ""scitech"", ""sports"", ""world""]","[0.06762148687501608, 0.004785010818036368, 0.9047654924212674, 0.022828009885680043]",
d1-3b,ood_agnews_balanced,4463,topic,choice,3,3,"[""business"", ""scitech"", ""sports"", ""world""]","[0.005715772110552571, 0.003867484866947129, 0.0063764045642465865, 0.9840403384582537]",
d1-3b,ood_agnews_balanced,4466,topic,choice,3,3,"[""business"", ""scitech"", ""sports"", ""world""]","[0.011097209271754128, 0.0055366031326271655, 0.007567639226896506, 0.9757985483687223]",
d1-3b,ood_agnews_balanced,4496,topic,choice,0,0,"[""business"", ""scitech"", ""sports"", ""world""]","[0.9849374200737625, 0.005632287168233857, 0.004420832851293462, 0.005009459906710195]",
d1-3b,ood_agnews_balanced,4511,topic,choice,2,2,"[""business"", ""scitech"", ""sports"", ""world""]","[0.029162518003805163, 0.007848985240473248, 0.9360175765895062, 0.02697092016621541]",
d1-3b,ood_agnews_balanced,4512,topic,choice,3,3,"[""business"", ""scitech"", ""sports"", ""world""]","[0.016340206916479038, 0.010386467454434018, 0.023589843342144635, 0.9496834822869423]",
d1-3b,ood_agnews_balanced,4516,topic,choice,2,2,"[""business"", ""scitech"", ""sports"", ""world""]","[0.005752889199735221, 0.004079409298409582, 0.9827229097207264, 0.007444791781128801]",
d1-3b,ood_agnews_balanced,4520,topic,choice,3,0,"[""business"", ""scitech"", ""sports"", ""world""]","[0.8864594769600613, 0.02219207877348502, 0.0421131655709111, 0.04923527869554266]",
d1-3b,ood_agnews_balanced,4529,topic,choice,2,2,"[""business"", ""scitech"", ""sports"", ""world""]","[0.016326231143813458, 0.004826024707951704, 0.9713730508586023, 0.007474693289632541]",
d1-3b,ood_agnews_balanced,4532,topic,choice,2,2,"[""business"", ""scitech"", ""sports"", ""world""]","[0.009806638383826456, 0.0049310874531298555, 0.977132285391386, 0.008129988771657715]",
d1-3b,ood_agnews_balanced,4534,topic,choice,3,3,"[""business"", ""scitech"", ""sports"", ""world""]","[0.12621847552655951, 0.004597507634981104, 0.006637277326282946, 0.8625467395121764]",
d1-3b,ood_agnews_balanced,4547,topic,choice,1,1,"[""business"", ""scitech"", ""sports"", ""world""]","[0.10496523274143166, 0.8788631335614269, 0.006254596782289746, 0.009917036914851771]",
d1-3b,ood_agnews_balanced,4558,topic,choice,3,3,"[""business"", ""scitech"", ""sports"", ""world""]","[0.007847161384387204, 0.004071053696003194, 0.007371725910498818, 0.9807100590091108]",
d1-3b,ood_agnews_balanced,4576,topic,choice,1,1,"[""business"", ""scitech"", ""sports"", ""world""]","[0.011268458924593272, 0.9754950417936443, 0.005491808274392968, 0.007744691007369405]",
d1-3b,ood_agnews_balanced,4594,topic,choice,1,1,"[""business"", ""scitech"", ""sports"", ""world""]","[0.007268265759437933, 0.9669460623434851, 0.005401316475169033, 0.02038435542190792]",
d1-3b,ood_agnews_balanced,4599,topic,choice,0,0,"[""business"", ""scitech"", ""sports"", ""world""]","[0.9762953912052988, 0.004485960790054079, 0.0048504801281562355, 0.014368167876490836]",
d1-3b,ood_agnews_balanced,4601,topic,choice,2,2,"[""business"", ""scitech"", ""sports"", ""world""]","[0.005537763280433525, 0.004279251791494145, 0.9836579051527288, 0.006525079775343539]",
d1-3b,ood_agnews_balanced,4609,topic,choice,1,1,"[""business"", ""scitech"", ""sports"", ""world""]","[0.02561513729570458, 0.9612009357164849, 0.005671031237756056, 0.007512895750054518]",
d1-3b,ood_agnews_balanced,4640,topic,choice,2,2,"[""business"", ""scitech"", ""sports"", ""world""]","[0.00848995589892503, 0.004652111980479156, 0.9511138826883945, 0.035744049432201434]",
d1-3b,ood_agnews_balanced,4644,topic,choice,3,3,"[""business"", ""scitech"", ""sports"", ""world""]","[0.009086324679773357, 0.004393859512039472, 0.007591908436952256, 0.9789279073712349]",
d1-3b,ood_agnews_balanced,4645,topic,choice,0,0,"[""business"", ""scitech"", ""sports"", ""world""]","[0.9724870657460642, 0.004364950178648119, 0.005474874074792219, 0.017673110000495477]",
d1-3b,ood_agnews_balanced,4647,topic,choice,3,3,"[""business"", ""scitech"", ""sports"", ""world""]","[0.007192649909350541, 0.004754051294712017, 0.008475012758392164, 0.9795782860375453]",
d1-3b,ood_agnews_balanced,4650,topic,choice,3,0,"[""business"", ""scitech"", ""sports"", ""world""]","[0.9703786855194737, 0.004600310921102801, 0.00595324466489629, 0.019067758894527068]",
d1-3b,ood_agnews_balanced,4667,topic,choice,0,0,"[""business"", ""scitech"", ""sports"", ""world""]","[0.5678747569376341, 0.00810029836397451, 0.40268350099461125, 0.021341443703780192]",
d1-3b,ood_agnews_balanced,4679,topic,choice,3,3,"[""business"", ""scitech"", ""sports"", ""world""]","[0.007425237715812901, 0.004831694333200001, 0.007601322153853457, 0.9801417457971336]",
d1-3b,ood_agnews_balanced,4681,topic,choice,0,1,"[""business"", ""scitech"", ""sports"", ""world""]","[0.14600800098295097, 0.840218033174737, 0.004584696555262201, 0.009189269287049868]",
d1-3b,ood_agnews_balanced,4690,topic,choice,2,2,"[""business"", ""scitech"", ""sports"", ""world""]","[0.005087279329650766, 0.0037511245492252827, 0.9847306724716376, 0.006430923649486421]",
d1-3b,ood_agnews_balanced,4692,topic,choice,3,3,"[""business"", ""scitech"", ""sports"", ""world""]","[0.00892110393067323, 0.00553923939481267, 0.009276480310591093, 0.976263176363923]",
d1-3b,ood_agnews_balanced,4701,topic,choice,1,1,"[""business"", ""scitech"", ""sports"", ""world""]","[0.10514672422913222, 0.8803827431829113, 0.004766473619396779, 0.009704058968559711]",
d1-3b,ood_agnews_balanced,4706,topic,choice,1,1,"[""business"", ""scitech"", ""sports"", ""world""]","[0.03996422494993336, 0.9458151778089036, 0.006999209244964375, 0.007221387996198766]",
d1-3b,ood_agnews_balanced,4707,topic,choice,2,2,"[""business"", ""scitech"", ""sports"", ""world""]","[0.022959601535782456, 0.007057202429905104, 0.9611314811137049, 0.008851714920607542]",
d1-3b,ood_agnews_balanced,4713,topic,choice,0,0,"[""business"", ""scitech"", ""sports"", ""world""]","[0.98113371726276, 0.005743586019726592, 0.00514851723339356, 0.007974179484119926]",
d1-3b,ood_agnews_balanced,4720,topic,choice,3,1,"[""business"", ""scitech"", ""sports"", ""world""]","[0.12933989115897976, 0.836838628580821, 0.009896006129752557, 0.023925474130446447]",
d1-3b,ood_agnews_balanced,4729,topic,choice,2,2,"[""business"", ""scitech"", ""sports"", ""world""]","[0.00490010065382561, 0.0036414456030487183, 0.9862829159946456, 0.005175537748480171]",
d1-3b,ood_agnews_balanced,4737,topic,choice,1,1,"[""business"", ""scitech"", ""sports"", ""world""]","[0.008352458271492164, 0.7230608626390327, 0.006711388766939867, 0.26187529032253537]",
d1-3b,ood_agnews_balanced,4749,topic,choice,1,1,"[""business"", ""scitech"", ""sports"", ""world""]","[0.07798176025067155, 0.9065080916446214, 0.0055181212903327335, 0.009992026814374168]",
d1-3b,ood_agnews_balanced,4750,topic,choice,0,0,"[""business"", ""scitech"", ""sports"", ""world""]","[0.9717818786176105, 0.01071151011046541, 0.005557058239141992, 0.011949553032782148]",
d1-3b,ood_agnews_balanced,4756,topic,choice,0,0,"[""business"", ""scitech"", ""sports"", ""world""]","[0.9531214909727157, 0.004050356403807042, 0.0046984956273224306, 0.038129656996154955]",
d1-3b,ood_agnews_balanced,4765,topic,choice,0,0,"[""business"", ""scitech"", ""sports"", ""world""]","[0.9484270943479435, 0.02355863505516193, 0.004638970294236186, 0.02337530030265827]",
d1-3b,ood_agnews_balanced,4792,topic,choice,1,1,"[""business"", ""scitech"", ""sports"", ""world""]","[0.029396859689769392, 0.9583977266830305, 0.0054378722582921445, 0.006767541368908]",
d1-3b,ood_agnews_balanced,4805,topic,choice,2,2,"[""business"", ""scitech"", ""sports"", ""world""]","[0.004884566078973158, 0.0037159819156323748, 0.9679137231408972, 0.02348572886449733]",
d1-3b,ood_agnews_balanced,4813,topic,choice,3,3,"[""business"", ""scitech"", ""sports"", ""world""]","[0.01128485652961774, 0.004283248413431287, 0.007517335074910391, 0.9769145599820407]",
d1-3b,ood_agnews_balanced,4823,topic,choice,2,2,"[""business"", ""scitech"", ""sports"", ""world""]","[0.007144447280236622, 0.005066171736513845, 0.9806449337030129, 0.007144447280236622]",
d1-3b,ood_agnews_balanced,4832,topic,choice,0,0,"[""business"", ""scitech"", ""sports"", ""world""]","[0.9818833354463012, 0.005838491731261508, 0.004955063575570228, 0.0073231092468671296]",
d1-3b,ood_agnews_balanced,4835,topic,choice,0,0,"[""business"", ""scitech"", ""sports"", ""world""]","[0.9357835837890084, 0.046227355619904154, 0.005351204821544912, 0.012637855769542383]",
d1-3b,ood_agnews_balanced,4836,topic,choice,0,0,"[""business"", ""scitech"", ""sports"", ""world""]","[0.9840551125565542, 0.004116978021008473, 0.0043145559215171225, 0.007513353500920136]",
d1-3b,ood_agnews_balanced,4837,topic,choice,0,0,"[""business"", ""scitech"", ""sports"", ""world""]","[0.9725809188975746, 0.004574869982160244, 0.005306942022816758, 0.017537269097448335]",
d1-3b,ood_agnews_balanced,4844,topic,choice,1,1,"[""business"", ""scitech"", ""sports"", ""world""]","[0.1817256069685593, 0.6342846924731895, 0.040232913137330586, 0.14375678742092068]",
d1-3b,ood_agnews_balanced,4846,topic,choice,3,0,"[""business"", ""scitech"", ""sports"", ""world""]","[0.8920404063873754, 0.04690850161787356, 0.0053458680221358836, 0.05570522397261529]",
d1-3b,ood_agnews_balanced,4853,topic,choice,1,1,"[""business"", ""scitech"", ""sports"", ""world""]","[0.2215522026614329, 0.7613043708909305, 0.008070038392029875, 0.009073388055606606]",
d1-3b,ood_agnews_balanced,4868,topic,choice,2,2,"[""business"", ""scitech"", ""sports"", ""world""]","[0.007007985703624863, 0.004779031035061159, 0.9694586409859374, 0.01875434227537665]",
d1-3b,ood_agnews_balanced,4880,topic,choice,3,3,"[""business"", ""scitech"", ""sports"", ""world""]","[0.05385086244020716, 0.005008910463429573, 0.008722500218045841, 0.9324177268783175]",
d1-3b,ood_agnews_balanced,4882,topic,choice,2,2,"[""business"", ""scitech"", ""sports"", ""world""]","[0.01819729703553433, 0.006642315140936884, 0.9260799486203696, 0.04908043920315908]",
d1-3b,ood_agnews_balanced,4885,topic,choice,1,1,"[""business"", ""scitech"", ""sports"", ""world""]","[0.00723025907969086, 0.9694339742841988, 0.005855242240770809, 0.017480524395339543]",
d1-3b,ood_agnews_balanced,4890,topic,choice,3,3,"[""business"", ""scitech"", ""sports"", ""world""]","[0.006267085761861444, 0.004341083432681484, 0.006991439386234529, 0.9824003914192225]",
d1-3b,ood_agnews_balanced,4893,topic,choice,3,3,"[""business"", ""scitech"", ""sports"", ""world""]","[0.005750939324540403, 0.004240476742775886, 0.007618756765525603, 0.9823898271671581]",
d1-3b,ood_agnews_balanced,4896,topic,choice,2,2,"[""business"", ""scitech"", ""sports"", ""world""]","[0.004810943161485331, 0.004380413596542812, 0.9835865621708876, 0.0072220810710841845]",
d1-3b,ood_agnews_balanced,4903,topic,choice,2,2,"[""business"", ""scitech"", ""sports"", ""world""]","[0.008740539670257707, 0.004826984448646897, 0.9791863139858409, 0.007246161895254554]",
d1-3b,ood_agnews_balanced,4915,topic,choice,1,1,"[""business"", ""scitech"", ""sports"", ""world""]","[0.008325059539812076, 0.9039465095324348, 0.006235181495001394, 0.08149324943275173]",
d1-3b,ood_agnews_balanced,4918,topic,choice,3,3,"[""business"", ""scitech"", ""sports"", ""world""]","[0.06798002705224253, 0.006225096487384099, 0.023310442641623994, 0.9024844338187494]",
d1-3b,ood_agnews_balanced,4928,topic,choice,1,1,"[""business"", ""scitech"", ""sports"", ""world""]","[0.16452745734846017, 0.42013558064692574, 0.008127594255597387, 0.4072093677490168]",
d1-3b,ood_agnews_balanced,4938,topic,choice,2,2,"[""business"", ""scitech"", ""sports"", ""world""]","[0.007449811756931863, 0.011538494168256854, 0.9681395736585386, 0.012872120416272661]",
d1-3b,ood_agnews_balanced,4944,topic,choice,1,1,"[""business"", ""scitech"", ""sports"", ""world""]","[0.012279817101608529, 0.9603828707034143, 0.01144604812612846, 0.0158912640688487]",
d1-3b,ood_agnews_balanced,4953,topic,choice,2,2,"[""business"", ""scitech"", ""sports"", ""world""]","[0.013212792234288409, 0.005255685636402593, 0.9631873767816579, 0.018344145347651147]",
d1-3b,ood_agnews_balanced,4981,topic,choice,0,0,"[""business"", ""scitech"", ""sports"", ""world""]","[0.9610160623945633, 0.02260093151893793, 0.005368191766698494, 0.011014814319800361]",
d1-3b,ood_agnews_balanced,4983,topic,choice,1,1,"[""business"", ""scitech"", ""sports"", ""world""]","[0.028260711011987877, 0.9580596456231848, 0.0058319273447748465, 0.007847716020052365]",
d1-3b,ood_agnews_balanced,4996,topic,choice,2,2,"[""business"", ""scitech"", ""sports"", ""world""]","[0.005614127979329159, 0.00552708899254193, 0.9817618602814101, 0.007096922746718881]",
d1-3b,ood_agnews_balanced,5007,topic,choice,0,0,"[""business"", ""scitech"", ""sports"", ""world""]","[0.9036722115455235, 0.08020546837619076, 0.004385666881889832, 0.011736653196395937]",
d1-3b,ood_agnews_balanced,5010,topic,choice,3,3,"[""business"", ""scitech"", ""sports"", ""world""]","[0.2944526047098164, 0.004266283422488245, 0.005877053643962911, 0.6954040582237325]",
d1-3b,ood_agnews_balanced,5012,topic,choice,3,3,"[""business"", ""scitech"", ""sports"", ""world""]","[0.006561924592374392, 0.004371184141128289, 0.007552728909418448, 0.9815141623570789]",
d1-3b,ood_agnews_balanced,5013,topic,choice,1,1,"[""business"", ""scitech"", ""sports"", ""world""]","[0.043129026908911496, 0.9221392555961272, 0.012356673093315361, 0.022375044401645977]",
d1-3b,ood_agnews_balanced,5017,topic,choice,2,2,"[""business"", ""scitech"", ""sports"", ""world""]","[0.0048638508620884886, 0.0037292438152852305, 0.9789866270356069, 0.012420278287019443]",
d1-3b,ood_agnews_balanced,5020,topic,choice,0,0,"[""business"", ""scitech"", ""sports"", ""world""]","[0.7860812146845858, 0.19263748636138261, 0.005093665014826967, 0.01618763393920462]",
d1-3b,ood_agnews_balanced,5021,topic,choice,2,2,"[""business"", ""scitech"", ""sports"", ""world""]","[0.006904713184842446, 0.0039650431933478105, 0.9702140804913706, 0.018916163130439187]",
d1-3b,ood_agnews_balanced,5028,topic,choice,0,0,"[""business"", ""scitech"", ""sports"", ""world""]","[0.8305977123115846, 0.010133994627755927, 0.046859116409288686, 0.11240917665137086]",
d1-3b,ood_agnews_balanced,5029,topic,choice,2,2,"[""business"", ""scitech"", ""sports"", ""world""]","[0.02318187645806246, 0.004494011740459841, 0.9628843260296829, 0.009439785771794806]",
d1-3b,ood_agnews_balanced,5042,topic,choice,3,3,"[""business"", ""scitech"", ""sports"", ""world""]","[0.007259317465735087, 0.004402998611555744, 0.0073736350817237215, 0.9809640488409854]",
d1-3b,ood_agnews_balanced,5050,topic,choice,0,0,"[""business"", ""scitech"", ""sports"", ""world""]","[0.9632406454142595, 0.013213522961654792, 0.009369790823887936, 0.014176040800197876]",
d1-3b,ood_agnews_balanced,5052,topic,choice,2,2,"[""business"", ""scitech"", ""sports"", ""world""]","[0.008810476349637492, 0.004715908156839742, 0.9717188442047284, 0.014754771288794367]",
d1-3b,ood_agnews_balanced,5053,topic,choice,1,1,"[""business"", ""scitech"", ""sports"", ""world""]","[0.05655817307472459, 0.9271772174757452, 0.005470293221595034, 0.010794316227935237]",
d1-3b,ood_agnews_balanced,5054,topic,choice,0,0,"[""business"", ""scitech"", ""sports"", ""world""]","[0.9793800380159952, 0.006395980570508103, 0.005344041795459412, 0.00887993961803731]",
d1-3b,ood_agnews_balanced,5060,topic,choice,1,1,"[""business"", ""scitech"", ""sports"", ""world""]","[0.35526729379151434, 0.6333324276226452, 0.004686778438913756, 0.006713500146926736]",
d1-3b,ood_agnews_balanced,5072,topic,choice,1,1,"[""business"", ""scitech"", ""sports"", ""world""]","[0.060843196899587705, 0.9152868487304014, 0.005884739719938476, 0.01798521465007232]",
d1-3b,ood_agnews_balanced,5077,topic,choice,0,0,"[""business"", ""scitech"", ""sports"", ""world""]","[0.9443204032965585, 0.004476775437395137, 0.004916775939386146, 0.04628604532666024]",
d1-3b,ood_agnews_balanced,5083,topic,choice,0,0,"[""business"", ""scitech"", ""sports"", ""world""]","[0.9662112886210403, 0.0050307548154959235, 0.0053135360455545, 0.023444420517909192]",
d1-3b,ood_agnews_balanced,5090,topic,choice,0,0,"[""business"", ""scitech"", ""sports"", ""world""]","[0.9802096820053776, 0.004869927305632068, 0.0046107545020647265, 0.010309636186925606]",
d1-3b,ood_agnews_balanced,5091,topic,choice,1,1,"[""business"", ""scitech"", ""sports"", ""world""]","[0.2785293048174171, 0.6786790107688956, 0.010549577139899019, 0.0322421072737884]",
d1-3b,ood_agnews_balanced,5112,topic,choice,3,3,"[""business"", ""scitech"", ""sports"", ""world""]","[0.03466565430868617, 0.014678361571882985, 0.006362598781990662, 0.9442933853374402]",
d1-3b,ood_agnews_balanced,5115,topic,choice,1,1,"[""business"", ""scitech"", ""sports"", ""world""]","[0.08654143029296686, 0.8672356699797366, 0.007215621021561294, 0.03900727870573528]",
d1-3b,ood_agnews_balanced,5141,topic,choice,1,1,"[""business"", ""scitech"", ""sports"", ""world""]","[0.22432457035002082, 0.7588802396176488, 0.00836479207747757, 0.008430397954852953]",
d1-3b,ood_agnews_balanced,5145,topic,choice,1,3,"[""business"", ""scitech"", ""sports"", ""world""]","[0.058105199193656795, 0.12891201879554487, 0.0294462817816937, 0.7835365002291047]",
d1-3b,ood_agnews_balanced,5152,topic,choice,1,3,"[""business"", ""scitech"", ""sports"", ""world""]","[0.010560469794704238, 0.006506116701590573, 0.009766837956637792, 0.9731665755470674]",
d1-3b,ood_agnews_balanced,5154,topic,choice,1,1,"[""business"", ""scitech"", ""sports"", ""world""]","[0.03399864967079425, 0.8109414107298121, 0.027748889136182068, 0.12731105046321156]",
d1-3b,ood_agnews_balanced,5157,topic,choice,2,2,"[""business"", ""scitech"", ""sports"", ""world""]","[0.005457528044440973, 0.004283662843364143, 0.9846718595198418, 0.005586949592353093]",
d1-3b,ood_agnews_balanced,5160,topic,choice,0,0,"[""business"", ""scitech"", ""sports"", ""world""]","[0.8851010038728812, 0.0661517779112933, 0.011055071336556128, 0.037692146879269375]",
d1-3b,ood_agnews_balanced,5163,topic,choice,3,3,"[""business"", ""scitech"", ""sports"", ""world""]","[0.009782652931176389, 0.006567762478936035, 0.008907206855620867, 0.9747423777342668]",
d1-3b,ood_agnews_balanced,5165,topic,choice,0,0,"[""business"", ""scitech"", ""sports"", ""world""]","[0.9771291597906362, 0.004892697775564137, 0.005087600697559459, 0.01289054173624032]",
d1-3b,ood_agnews_balanced,5176,topic,choice,0,0,"[""business"", ""scitech"", ""sports"", ""world""]","[0.9423668924833469, 0.005431116236382662, 0.04619029362021528, 0.006011697660054939]",
d1-3b,ood_agnews_balanced,5182,topic,choice,1,1,"[""business"", ""scitech"", ""sports"", ""world""]","[0.06028244193660527, 0.9211320316628381, 0.008821270284506418, 0.009764256116050285]",
d1-3b,ood_agnews_balanced,5184,topic,choice,3,0,"[""business"", ""scitech"", ""sports"", ""world""]","[0.7840466878749652, 0.01447294536138436, 0.027897332346586697, 0.17358303441706374]",
d1-3b,ood_agnews_balanced,5196,topic,choice,1,1,"[""business"", ""scitech"", ""sports"", ""world""]","[0.027614740473196356, 0.9583611644161569, 0.00682035965138114, 0.007203735459265611]",
d1-3b,ood_agnews_balanced,5202,topic,choice,2,2,"[""business"", ""scitech"", ""sports"", ""world""]","[0.00709985809319726, 0.003920914027777937, 0.9745246337479633, 0.014454594131061494]",
d1-3b,ood_agnews_balanced,5211,topic,choice,2,2,"[""business"", ""scitech"", ""sports"", ""world""]","[0.006029313012776402, 0.004143882192156117, 0.9827778237341008, 0.00704898106096672]",
d1-3b,ood_agnews_balanced,5223,topic,choice,0,0,"[""business"", ""scitech"", ""sports"", ""world""]","[0.9773589973456378, 0.005168934286926309, 0.005168934286926309, 0.012303134080509563]",
d1-3b,ood_agnews_balanced,5236,topic,choice,3,3,"[""business"", ""scitech"", ""sports"", ""world""]","[0.006724590536151478, 0.003953182840368994, 0.0067773321534000735, 0.9825448944700795]",
d1-3b,ood_agnews_balanced,5238,topic,choice,1,1,"[""business"", ""scitech"", ""sports"", ""world""]","[0.02766296773739056, 0.960034876943516, 0.005197717640521017, 0.007104437678572469]",
d1-3b,ood_agnews_balanced,5244,topic,choice,0,0,"[""business"", ""scitech"", ""sports"", ""world""]","[0.9262838518222533, 0.0042895452419730055, 0.004391268875921292, 0.06503533405985244]",
d1-3b,ood_agnews_balanced,5254,topic,choice,3,3,"[""business"", ""scitech"", ""sports"", ""world""]","[0.011699898041593895, 0.005356603652768059, 0.008900813057778364, 0.9740426852478596]",
d1-3b,ood_agnews_balanced,5262,topic,choice,2,2,"[""business"", ""scitech"", ""sports"", ""world""]","[0.004685154115942868, 0.004401294977811052, 0.9729535195141606, 0.017960031392085525]",
d1-3b,ood_agnews_balanced,5273,topic,choice,0,0,"[""business"", ""scitech"", ""sports"", ""world""]","[0.9771874078403677, 0.006793243079163947, 0.005332077586627592, 0.010687271493840819]",
d1-3b,ood_agnews_balanced,5274,topic,choice,3,3,"[""business"", ""scitech"", ""sports"", ""world""]","[0.054997741960991664, 0.006218972058178059, 0.008566995854884416, 0.9302162901259459]",
d1-3b,ood_agnews_balanced,5279,topic,choice,2,2,"[""business"", ""scitech"", ""sports"", ""world""]","[0.0046411374673330195, 0.003787986002203957, 0.986668858417975, 0.004902018112488055]",
d1-3b,ood_agnews_balanced,5283,topic,choice,0,0,"[""business"", ""scitech"", ""sports"", ""world""]","[0.8155127123827831, 0.16058397434560992, 0.006576511978876079, 0.017326801292730946]",
d1-3b,ood_agnews_balanced,5290,topic,choice,2,2,"[""business"", ""scitech"", ""sports"", ""world""]","[0.005249579401298303, 0.004056560549810628, 0.9848831053477402, 0.0058107547011509155]",
d1-3b,ood_agnews_balanced,5303,topic,choice,0,0,"[""business"", ""scitech"", ""sports"", ""world""]","[0.9163100512008379, 0.004276638446258165, 0.0053641063467831235, 0.07404920400612097]",
d1-3b,ood_agnews_balanced,5307,topic,choice,1,1,"[""business"", ""scitech"", ""sports"", ""world""]","[0.04501280510360662, 0.932805775498619, 0.012597640155232384, 0.009583779242542008]",
d1-3b,ood_agnews_balanced,5310,topic,choice,3,3,"[""business"", ""scitech"", ""sports"", ""world""]","[0.014575940062102362, 0.004047592372469389, 0.006318202343724137, 0.975058265221704]",
d1-3b,ood_agnews_balanced,5312,topic,choice,1,0,"[""business"", ""scitech"", ""sports"", ""world""]","[0.7041852326932482, 0.27576289934538695, 0.005090387392286511, 0.014961480569078377]",
d1-3b,ood_agnews_balanced,5313,topic,choice,0,0,"[""business"", ""scitech"", ""sports"", ""world""]","[0.9796439611249058, 0.00443156015129582, 0.004608093438677543, 0.011316385285120753]",
d1-3b,ood_agnews_balanced,5316,topic,choice,0,0,"[""business"", ""scitech"", ""sports"", ""world""]","[0.8849850626984733, 0.08559554749578319, 0.008278781258480009, 0.021140608547263483]",
d1-3b,ood_agnews_balanced,5318,topic,choice,1,1,"[""business"", ""scitech"", ""sports"", ""world""]","[0.007757886959070654, 0.9695528618225724, 0.006136993707241294, 0.01655225751111568]",
d1-3b,ood_agnews_balanced,5344,topic,choice,0,0,"[""business"", ""scitech"", ""sports"", ""world""]","[0.9416219469806133, 0.044040244510678506, 0.005178310598820863, 0.00915949790988734]",
d1-3b,ood_agnews_balanced,5347,topic,choice,1,1,"[""business"", ""scitech"", ""sports"", ""world""]","[0.006440563171040743, 0.9785319958840859, 0.005508905613577976, 0.009518535331295444]",
d1-3b,ood_agnews_balanced,5362,topic,choice,2,2,"[""business"", ""scitech"", ""sports"", ""world""]","[0.0067715825379777396, 0.004475742756514778, 0.9817113429854372, 0.007041331720070268]",
d1-3b,ood_agnews_balanced,5363,topic,choice,0,0,"[""business"", ""scitech"", ""sports"", ""world""]","[0.965759877617309, 0.020679962357834054, 0.005269722630675443, 0.008290437394181506]",
d1-3b,ood_agnews_balanced,5365,topic,choice,0,0,"[""business"", ""scitech"", ""sports"", ""world""]","[0.973948068271653, 0.004074693316983925, 0.003857842094293493, 0.018119396317069478]",
d1-3b,ood_agnews_balanced,5381,topic,choice,0,0,"[""business"", ""scitech"", ""sports"", ""world""]","[0.9693688325770579, 0.0038098227724645485, 0.004023974805194153, 0.022797369845283487]",
d1-3b,ood_agnews_balanced,5390,topic,choice,1,1,"[""business"", ""scitech"", ""sports"", ""world""]","[0.031582441199538396, 0.9522725710268687, 0.007443110265418515, 0.008701877508174381]",
d1-3b,ood_agnews_balanced,5391,topic,choice,1,1,"[""business"", ""scitech"", ""sports"", ""world""]","[0.08749466843866734, 0.8975805443800575, 0.0046370475478947435, 0.010287739633380338]",
d1-3b,ood_agnews_balanced,5401,topic,choice,2,2,"[""business"", ""scitech"", ""sports"", ""world""]","[0.017450397605038137, 0.007274407989829202, 0.960232011374903, 0.015043183030229711]",
d1-3b,ood_agnews_balanced,5404,topic,choice,0,0,"[""business"", ""scitech"", ""sports"", ""world""]","[0.9749018082579124, 0.00469453589302035, 0.004768464076213371, 0.015635191772853944]",
d1-3b,ood_agnews_balanced,5408,topic,choice,1,1,"[""business"", ""scitech"", ""sports"", ""world""]","[0.024068547117472888, 0.9614147420220723, 0.005164681260546491, 0.009352029599908374]",
d1-3b,ood_agnews_balanced,5412,topic,choice,3,3,"[""business"", ""scitech"", ""sports"", ""world""]","[0.00612751326525967, 0.004050038961885625, 0.006522703917814599, 0.9832997438550402]",
d1-3b,ood_agnews_balanced,5420,topic,choice,3,3,"[""business"", ""scitech"", ""sports"", ""world""]","[0.07177580406332813, 0.014356063959183528, 0.01872383719666548, 0.8951442947808228]",
d1-3b,ood_agnews_balanced,5421,topic,choice,1,0,"[""business"", ""scitech"", ""sports"", ""world""]","[0.8774299428083333, 0.0946735459082122, 0.017107160437507155, 0.010789350845947315]",
d1-3b,ood_agnews_balanced,5426,topic,choice,0,0,"[""business"", ""scitech"", ""sports"", ""world""]","[0.9503399300720898, 0.010557322993324281, 0.021832119166244154, 0.017270627768341807]",
d1-3b,ood_agnews_balanced,5429,topic,choice,3,3,"[""business"", ""scitech"", ""sports"", ""world""]","[0.009144640877894796, 0.005050150330678315, 0.00826149456547506, 0.9775437142259519]",
d1-3b,ood_agnews_balanced,5440,topic,choice,3,3,"[""business"", ""scitech"", ""sports"", ""world""]","[0.0079687798457766, 0.004134148522589355, 0.00742771955531274, 0.9804693520763214]",
d1-3b,ood_agnews_balanced,5451,topic,choice,3,3,"[""business"", ""scitech"", ""sports"", ""world""]","[0.009019926492798641, 0.009752865942954965, 0.00945280180330442, 0.971774405760942]",
d1-3b,ood_agnews_balanced,5463,topic,choice,3,3,"[""business"", ""scitech"", ""sports"", ""world""]","[0.012228096373665781, 0.006393608282005299, 0.009980281390730743, 0.9713980139535983]",
d1-3b,ood_agnews_balanced,5481,topic,choice,0,0,"[""business"", ""scitech"", ""sports"", ""world""]","[0.9721809488837033, 0.003791140694215385, 0.004163753489273054, 0.01986415693280834]",
d1-3b,ood_agnews_balanced,5489,topic,choice,0,0,"[""business"", ""scitech"", ""sports"", ""world""]","[0.9650620098368091, 0.004297914298529866, 0.0047203354083918845, 0.025919740456269134]",
d1-3b,ood_agnews_balanced,5497,topic,choice,3,3,"[""business"", ""scitech"", ""sports"", ""world""]","[0.014191001920672611, 0.008407890382441666, 0.020647785959409054, 0.9567533217374767]",
d1-3b,ood_agnews_balanced,5520,topic,choice,3,3,"[""business"", ""scitech"", ""sports"", ""world""]","[0.007196092898630633, 0.004538518901893791, 0.008218196045221815, 0.9800471921542538]",
d1-3b,ood_agnews_balanced,5523,topic,choice,0,0,"[""business"", ""scitech"", ""sports"", ""world""]","[0.9808873018588865, 0.0046139419208870575, 0.005394244609263815, 0.009104511610962571]",
d1-3b,ood_agnews_balanced,5524,topic,choice,0,0,"[""business"", ""scitech"", ""sports"", ""world""]","[0.983561252494385, 0.004699376855576487, 0.004346213107735615, 0.007393157542302898]",
d1-3b,ood_agnews_balanced,5538,topic,choice,2,2,"[""business"", ""scitech"", ""sports"", ""world""]","[0.005326291813382636, 0.004415651005220092, 0.9837829330631913, 0.00647512411820593]",
d1-3b,ood_agnews_balanced,5539,topic,choice,3,3,"[""business"", ""scitech"", ""sports"", ""world""]","[0.008663897864785773, 0.005296134533533403, 0.007827179446574007, 0.9782127881551068]",
d1-3b,ood_agnews_balanced,5546,topic,choice,1,1,"[""business"", ""scitech"", ""sports"", ""world""]","[0.29097234787882864, 0.6871847907245884, 0.00580759032197722, 0.016035271074605797]",
d1-3b,ood_agnews_balanced,5548,topic,choice,0,0,"[""business"", ""scitech"", ""sports"", ""world""]","[0.9710790627772832, 0.004938975342072191, 0.005774247177592936, 0.01820771470305173]",
d1-3b,ood_agnews_balanced,5554,topic,choice,0,0,"[""business"", ""scitech"", ""sports"", ""world""]","[0.9722092880424195, 0.0051016861268576305, 0.006602072389796175, 0.01608695344092683]",
d1-3b,ood_agnews_balanced,5556,topic,choice,1,1,"[""business"", ""scitech"", ""sports"", ""world""]","[0.023591516855611634, 0.96470725453735, 0.0057363590208445335, 0.00596486958619371]",
d1-3b,ood_agnews_balanced,5558,topic,choice,1,0,"[""business"", ""scitech"", ""sports"", ""world""]","[0.8154546201545896, 0.16310118480069, 0.006034516732388588, 0.01540967831233184]",
d1-3b,ood_agnews_balanced,5561,topic,choice,3,3,"[""business"", ""scitech"", ""sports"", ""world""]","[0.012538067862767975, 0.00635398354034674, 0.008158676363020773, 0.9729492722338645]",
d1-3b,ood_agnews_balanced,5567,topic,choice,1,1,"[""business"", ""scitech"", ""sports"", ""world""]","[0.016175665395580418, 0.9549251656415109, 0.012210032829107282, 0.01668913613380146]",
d1-3b,ood_agnews_balanced,5568,topic,choice,3,3,"[""business"", ""scitech"", ""sports"", ""world""]","[0.008095364435374525, 0.004102531022999456, 0.007200166177239293, 0.9806019383643867]",
d1-3b,ood_agnews_balanced,5572,topic,choice,2,2,"[""business"", ""scitech"", ""sports"", ""world""]","[0.0054975664141203185, 0.003898358332612917, 0.9841767689494768, 0.006427306303790001]",
d1-3b,ood_agnews_balanced,5581,topic,choice,1,1,"[""business"", ""scitech"", ""sports"", ""world""]","[0.05420137664261415, 0.7540953413540109, 0.14849017692969685, 0.043213105073678156]",
d1-3b,ood_agnews_balanced,5598,topic,choice,1,1,"[""business"", ""scitech"", ""sports"", ""world""]","[0.014898387483894111, 0.9659653698346645, 0.01064739737693228, 0.008488845304509015]",
d1-3b,ood_agnews_balanced,5601,topic,choice,0,0,"[""business"", ""scitech"", ""sports"", ""world""]","[0.8265120545464075, 0.1627498732371933, 0.00476341335292858, 0.005974658863470645]",
d1-3b,ood_agnews_balanced,5609,topic,choice,1,1,"[""business"", ""scitech"", ""sports"", ""world""]","[0.0579058208263673, 0.920063704744159, 0.011402332182993894, 0.010628142246479861]",
d1-3b,ood_agnews_balanced,5612,topic,choice,3,3,"[""business"", ""scitech"", ""sports"", ""world""]","[0.007207036629587797, 0.004270027888273583, 0.006985299423484869, 0.9815376360586539]",
d1-3b,ood_agnews_balanced,5623,topic,choice,0,0,"[""business"", ""scitech"", ""sports"", ""world""]","[0.9820289532404329, 0.005234366328772907, 0.004878965900972017, 0.007857714529822032]",
d1-3b,ood_agnews_balanced,5628,topic,choice,0,0,"[""business"", ""scitech"", ""sports"", ""world""]","[0.9265100535559474, 0.012809343899755382, 0.01631952749785104, 0.04436107504644619]",
d1-3b,ood_agnews_balanced,5633,topic,choice,3,3,"[""business"", ""scitech"", ""sports"", ""world""]","[0.006520809283265806, 0.004144878565087685, 0.0063201850730230874, 0.9830141270786235]",
d1-3b,ood_agnews_balanced,5634,topic,choice,1,2,"[""business"", ""scitech"", ""sports"", ""world""]","[0.040972221219064124, 0.005501835731062564, 0.9109215740868554, 0.04260436896301783]",
d1-3b,ood_agnews_balanced,5642,topic,choice,3,3,"[""business"", ""scitech"", ""sports"", ""world""]","[0.02407490246515667, 0.00637921409000664, 0.007877277950073423, 0.9616686054947632]",
d1-3b,ood_agnews_balanced,5645,topic,choice,2,2,"[""business"", ""scitech"", ""sports"", ""world""]","[0.007780199701680863, 0.005223378978976429, 0.9799675966326216, 0.00702882468672124]",
d1-3b,ood_agnews_balanced,5658,topic,choice,2,2,"[""business"", ""scitech"", ""sports"", ""world""]","[0.004069601123593768, 0.0034809143050709658, 0.9880491965832462, 0.004400287988089145]",
d1-3b,ood_agnews_balanced,5660,topic,choice,3,3,"[""business"", ""scitech"", ""sports"", ""world""]","[0.024417962587448407, 0.013172502765872023, 0.017046485152673197, 0.9453630494940064]",
d1-3b,ood_agnews_balanced,5661,topic,choice,2,2,"[""business"", ""scitech"", ""sports"", ""world""]","[0.004863258226147576, 0.003728789425547545, 0.9865446941221574, 0.004863258226147576]",
d1-3b,ood_agnews_balanced,5671,topic,choice,2,2,"[""business"", ""scitech"", ""sports"", ""world""]","[0.006512335928752398, 0.004654156603220278, 0.9817367661210195, 0.007096741347007921]",
d1-3b,ood_agnews_balanced,5691,topic,choice,1,1,"[""business"", ""scitech"", ""sports"", ""world""]","[0.14003298693289917, 0.8445069921143873, 0.004829246811247579, 0.010630774141465994]",
d1-3b,ood_agnews_balanced,5696,topic,choice,2,2,"[""business"", ""scitech"", ""sports"", ""world""]","[0.00805882041184372, 0.0041808609528965835, 0.9685786570868753, 0.019181661548384483]",
d1-3b,ood_agnews_balanced,5700,topic,choice,3,3,"[""business"", ""scitech"", ""sports"", ""world""]","[0.008786771503806811, 0.005371245682468484, 0.00913679668818471, 0.9767051861255399]",
d1-3b,ood_agnews_balanced,5702,topic,choice,2,2,"[""business"", ""scitech"", ""sports"", ""world""]","[0.021980546639411992, 0.005386564612365735, 0.9568008949192035, 0.015831993829018804]",
d1-3b,ood_agnews_balanced,5707,topic,choice,2,2,"[""business"", ""scitech"", ""sports"", ""world""]","[0.004637793222859823, 0.0041898970137878265, 0.9859578986802243, 0.005214411083128066]",
d1-3b,ood_agnews_balanced,5719,topic,choice,1,1,"[""business"", ""scitech"", ""sports"", ""world""]","[0.009728758598872102, 0.9769752344486086, 0.0057192421374051595, 0.007576764815114256]",
d1-3b,ood_agnews_balanced,5721,topic,choice,2,2,"[""business"", ""scitech"", ""sports"", ""world""]","[0.00485068169388701, 0.004628552806801699, 0.9839934598271312, 0.006527305672180229]",
d1-3b,ood_agnews_balanced,5722,topic,choice,3,3,"[""business"", ""scitech"", ""sports"", ""world""]","[0.007266595501112848, 0.004373114203362955, 0.006412748022067244, 0.9819475422734569]",
d1-3b,ood_agnews_balanced,5732,topic,choice,3,3,"[""business"", ""scitech"", ""sports"", ""world""]","[0.2362673951423148, 0.0059612291551249435, 0.0069151467985620425, 0.7508562289039982]",
d1-3b,ood_agnews_balanced,5733,topic,choice,1,1,"[""business"", ""scitech"", ""sports"", ""world""]","[0.19388667190990175, 0.7789125832571994, 0.015915187196916602, 0.011285557635982093]",
d1-3b,ood_agnews_balanced,5734,topic,choice,2,2,"[""business"", ""scitech"", ""sports"", ""world""]","[0.47345757424127244, 0.02509233217115012, 0.47345757424127244, 0.027992519346304947]",
d1-3b,ood_agnews_balanced,5738,topic,choice,1,1,"[""business"", ""scitech"", ""sports"", ""world""]","[0.31043420354071444, 0.6173721324213547, 0.015215991908965191, 0.0569776721289658]",
d1-3b,ood_agnews_balanced,5741,topic,choice,0,0,"[""business"", ""scitech"", ""sports"", ""world""]","[0.63589465144109, 0.006793528088119701, 0.00613744116688852, 0.3511743793039018]",
d1-3b,ood_agnews_balanced,5742,topic,choice,1,0,"[""business"", ""scitech"", ""sports"", ""world""]","[0.7559478471068671, 0.19414346352877512, 0.005214326265726628, 0.04469436309863117]",
d1-3b,ood_agnews_balanced,5745,topic,choice,2,2,"[""business"", ""scitech"", ""sports"", ""world""]","[0.0782918389832997, 0.009647447475207035, 0.8821114159967535, 0.029949297544739933]",
d1-3b,ood_agnews_balanced,5750,topic,choice,0,0,"[""business"", ""scitech"", ""sports"", ""world""]","[0.9847874497435581, 0.004632287612373371, 0.004632287612373371, 0.005947975031695181]",
d1-3b,ood_agnews_balanced,5751,topic,choice,0,0,"[""business"", ""scitech"", ""sports"", ""world""]","[0.9674268411650048, 0.004882109034376052, 0.005116406338890214, 0.022574643461729025]",
d1-3b,ood_agnews_balanced,5755,topic,choice,0,0,"[""business"", ""scitech"", ""sports"", ""world""]","[0.962868374530741, 0.004254774311001524, 0.005132237478389349, 0.027744613679868118]",
d1-3b,ood_agnews_balanced,5767,topic,choice,1,1,"[""business"", ""scitech"", ""sports"", ""world""]","[0.25309449400189943, 0.7209991173448952, 0.005131127461343149, 0.020775261191862276]",
d1-3b,ood_agnews_balanced,5779,topic,choice,1,0,"[""business"", ""scitech"", ""sports"", ""world""]","[0.5167741876763051, 0.4420203867020166, 0.017961507659804535, 0.023243917961873715]",
d1-3b,ood_agnews_balanced,5799,topic,choice,3,3,"[""business"", ""scitech"", ""sports"", ""world""]","[0.009734097117520445, 0.004933000326830829, 0.007821566768409295, 0.9775113357872395]",
d1-3b,ood_agnews_balanced,5804,topic,choice,0,0,"[""business"", ""scitech"", ""sports"", ""world""]","[0.9836304747184549, 0.005713391427930618, 0.005161619014080612, 0.005494514839533875]",
d1-3b,ood_agnews_balanced,5814,topic,choice,0,0,"[""business"", ""scitech"", ""sports"", ""world""]","[0.9108318956555305, 0.008258420553463921, 0.012300880595687876, 0.06860880319531772]",
d1-3b,ood_agnews_balanced,5815,topic,choice,3,3,"[""business"", ""scitech"", ""sports"", ""world""]","[0.011085718465899503, 0.01915440384935634, 0.03961053646477826, 0.930149341219966]",
d1-3b,ood_agnews_balanced,5826,topic,choice,1,1,"[""business"", ""scitech"", ""sports"", ""world""]","[0.049337488602571276, 0.9382314903531399, 0.005040141766590696, 0.007390879277698213]",
d1-3b,ood_agnews_balanced,5834,topic,choice,0,0,"[""business"", ""scitech"", ""sports"", ""world""]","[0.9756486996792474, 0.004923600553965696, 0.013488703842527684, 0.005938995924259322]",
d1-3b,ood_agnews_balanced,5841,topic,choice,2,0,"[""business"", ""scitech"", ""sports"", ""world""]","[0.8925488397691443, 0.0037341444692661954, 0.09706018350277232, 0.006656832258817179]",
d1-3b,ood_agnews_balanced,5854,topic,choice,1,1,"[""business"", ""scitech"", ""sports"", ""world""]","[0.01244474699944634, 0.9732817475710144, 0.005653281121780228, 0.008620224307759123]",
d1-3b,ood_agnews_balanced,5855,topic,choice,3,3,"[""business"", ""scitech"", ""sports"", ""world""]","[0.019258701329552916, 0.010719081550623854, 0.012630164688216558, 0.9573920524316067]",
d1-3b,ood_agnews_balanced,5861,topic,choice,1,1,"[""business"", ""scitech"", ""sports"", ""world""]","[0.02136987514236313, 0.9597470178439267, 0.006122571736590375, 0.012760535277119909]",
d1-3b,ood_agnews_balanced,5877,topic,choice,2,2,"[""business"", ""scitech"", ""sports"", ""world""]","[0.030426826695626706, 0.005246242868793746, 0.9539747240290284, 0.010352206406551222]",
d1-3b,ood_agnews_balanced,5884,topic,choice,3,0,"[""business"", ""scitech"", ""sports"", ""world""]","[0.9082207437616208, 0.004305636416634634, 0.004305636416634634, 0.08316798340511006]",
d1-3b,ood_agnews_balanced,5886,topic,choice,3,0,"[""business"", ""scitech"", ""sports"", ""world""]","[0.9809852238962888, 0.0045428628506606296, 0.004234413785548282, 0.010237499467502293]",
d1-3b,ood_agnews_balanced,5890,topic,choice,1,3,"[""business"", ""scitech"", ""sports"", ""world""]","[0.04811370827025696, 0.09795465149553076, 0.007732576599721712, 0.8461990636344906]",
d1-3b,ood_agnews_balanced,5891,topic,choice,3,3,"[""business"", ""scitech"", ""sports"", ""world""]","[0.10992666324073555, 0.037694000567093815, 0.04012505473811802, 0.8122542814540527]",
d1-3b,ood_agnews_balanced,5894,topic,choice,3,3,"[""business"", ""scitech"", ""sports"", ""world""]","[0.010259506165175047, 0.004808533762350324, 0.009488492101046478, 0.9754434679714281]",
d1-3b,ood_agnews_balanced,5904,topic,choice,2,2,"[""business"", ""scitech"", ""sports"", ""world""]","[0.022134206744403, 0.005640297026403587, 0.9634896333014036, 0.00873586292778988]",
d1-3b,ood_agnews_balanced,5906,topic,choice,1,1,"[""business"", ""scitech"", ""sports"", ""world""]","[0.028707091480323004, 0.9581043358854104, 0.0062083439281928905, 0.006980228706073624]",
d1-3b,ood_agnews_balanced,5908,topic,choice,2,2,"[""business"", ""scitech"", ""sports"", ""world""]","[0.005896265980948115, 0.004416099171207107, 0.9838827819979652, 0.005804852849879618]",
d1-3b,ood_agnews_balanced,5909,topic,choice,3,3,"[""business"", ""scitech"", ""sports"", ""world""]","[0.008265933980643647, 0.005463448748088906, 0.008201607972069529, 0.9780690092991978]",
d1-3b,ood_agnews_balanced,5918,topic,choice,1,1,"[""business"", ""scitech"", ""sports"", ""world""]","[0.013393468925013892, 0.9763583632544384, 0.005204141206398435, 0.005044026614149179]",
d1-3b,ood_agnews_balanced,5921,topic,choice,0,0,"[""business"", ""scitech"", ""sports"", ""world""]","[0.9838274082679799, 0.0056259396530284455, 0.004415850629523516, 0.006130801449468096]",
d1-3b,ood_agnews_balanced,5924,topic,choice,1,1,"[""business"", ""scitech"", ""sports"", ""world""]","[0.05157086609441942, 0.9357930975923204, 0.004910591497442642, 0.007725444815817592]",
d1-3b,ood_agnews_balanced,5940,topic,choice,0,0,"[""business"", ""scitech"", ""sports"", ""world""]","[0.9850346508455045, 0.00431885067358031, 0.0047433295180017, 0.005903168962913576]",
d1-3b,ood_agnews_balanced,5944,topic,choice,1,0,"[""business"", ""scitech"", ""sports"", ""world""]","[0.6455025885031385, 0.3401559606918957, 0.00520550500467714, 0.009135945800288755]",
d1-3b,ood_agnews_balanced,5947,topic,choice,1,1,"[""business"", ""scitech"", ""sports"", ""world""]","[0.48266924534780775, 0.4902701799673005, 0.008635608056971394, 0.018424966627920418]",
d1-3b,ood_agnews_balanced,5961,topic,choice,3,3,"[""business"", ""scitech"", ""sports"", ""world""]","[0.007880927612866517, 0.00633250323854769, 0.008521314511352645, 0.9772652546372332]",
d1-3b,ood_agnews_balanced,5973,topic,choice,3,1,"[""business"", ""scitech"", ""sports"", ""world""]","[0.08384106011665543, 0.5257681652029873, 0.0455835937233981, 0.34480718095695906]",
d1-3b,ood_agnews_balanced,5975,topic,choice,2,2,"[""business"", ""scitech"", ""sports"", ""world""]","[0.009479039580926104, 0.004076884122171339, 0.9083075212979977, 0.07813655499890482]",
d1-3b,ood_agnews_balanced,5976,topic,choice,2,2,"[""business"", ""scitech"", ""sports"", ""world""]","[0.011471117427985364, 0.0041871480597686925, 0.876353762767196, 0.10798797174504998]",
d1-3b,ood_agnews_balanced,5986,topic,choice,0,0,"[""business"", ""scitech"", ""sports"", ""world""]","[0.9807854105305861, 0.004266755447294122, 0.004949522909421638, 0.009998311112698012]",
d1-3b,ood_agnews_balanced,5989,topic,choice,3,3,"[""business"", ""scitech"", ""sports"", ""world""]","[0.006313123289063597, 0.004728310869055987, 0.007042797959127327, 0.9819157678827531]",
d1-3b,ood_agnews_balanced,5993,topic,choice,3,3,"[""business"", ""scitech"", ""sports"", ""world""]","[0.007215059089325299, 0.004079024562366163, 0.006075688900040148, 0.9826302274482683]",
d1-3b,ood_agnews_balanced,6018,topic,choice,1,1,"[""business"", ""scitech"", ""sports"", ""world""]","[0.09933841407959364, 0.8853936469975646, 0.00692037421155331, 0.008347564711288473]",
d1-3b,ood_agnews_balanced,6021,topic,choice,0,1,"[""business"", ""scitech"", ""sports"", ""world""]","[0.4300427018808991, 0.5187305155514693, 0.009956837593203743, 0.04126994497442787]",
d1-3b,ood_agnews_balanced,6027,topic,choice,0,0,"[""business"", ""scitech"", ""sports"", ""world""]","[0.9866805235386477, 0.003908275791420577, 0.004192967858638757, 0.005218232811292879]",
d1-3b,ood_agnews_balanced,6030,topic,choice,1,0,"[""business"", ""scitech"", ""sports"", ""world""]","[0.9321908256689082, 0.05730999505618785, 0.004119214716072017, 0.006379964558831937]",
d1-3b,ood_agnews_balanced,6037,topic,choice,0,1,"[""business"", ""scitech"", ""sports"", ""world""]","[0.37391706555089765, 0.5440461201557872, 0.026459004177420836, 0.05557781011589427]",
d1-3b,ood_agnews_balanced,6047,topic,choice,3,3,"[""business"", ""scitech"", ""sports"", ""world""]","[0.011994541739029868, 0.00500006889445016, 0.007564862651022773, 0.9754405267154972]",
d1-3b,ood_agnews_balanced,6057,topic,choice,2,2,"[""business"", ""scitech"", ""sports"", ""world""]","[0.006457047274472365, 0.004403323668825275, 0.9288266612742657, 0.060312967782436624]",
d1-3b,ood_agnews_balanced,6061,topic,choice,3,3,"[""business"", ""scitech"", ""sports"", ""world""]","[0.0074113549360766045, 0.02300762712216496, 0.006439096755771296, 0.9631419211859872]",
d1-3b,ood_agnews_balanced,6064,topic,choice,0,0,"[""business"", ""scitech"", ""sports"", ""world""]","[0.764556163098867, 0.00557014166117551, 0.21230957872346545, 0.017564116516491812]",
d1-3b,ood_agnews_balanced,6065,topic,choice,3,3,"[""business"", ""scitech"", ""sports"", ""world""]","[0.00929262323881291, 0.004858760602278274, 0.00788654691169535, 0.9779620692472135]",
d1-3b,ood_agnews_balanced,6067,topic,choice,0,0,"[""business"", ""scitech"", ""sports"", ""world""]","[0.7864050770442164, 0.0036991276621651313, 0.004749773937792734, 0.2051460213558258]",
d1-3b,ood_agnews_balanced,6074,topic,choice,0,0,"[""business"", ""scitech"", ""sports"", ""world""]","[0.9282491855903117, 0.004006779156444388, 0.004575885425803013, 0.0631681498274409]",
d1-3b,ood_agnews_balanced,6081,topic,choice,1,1,"[""business"", ""scitech"", ""sports"", ""world""]","[0.03795078018864708, 0.948650133428389, 0.006099245420443405, 0.0072998409625205625]",
d1-3b,ood_agnews_balanced,6084,topic,choice,0,1,"[""business"", ""scitech"", ""sports"", ""world""]","[0.1037789204140546, 0.8826139226043981, 0.005414810428461718, 0.008192346553085476]",
d1-3b,ood_agnews_balanced,6088,topic,choice,1,0,"[""business"", ""scitech"", ""sports"", ""world""]","[0.9467927681318296, 0.03214534786849702, 0.006685595184257157, 0.014376288815416268]",
d1-3b,ood_agnews_balanced,6105,topic,choice,0,0,"[""business"", ""scitech"", ""sports"", ""world""]","[0.9394769691030477, 0.047140655582966276, 0.00512630847462323, 0.00825606683936277]",
d1-3b,ood_agnews_balanced,6107,topic,choice,3,3,"[""business"", ""scitech"", ""sports"", ""world""]","[0.006364494677721578, 0.004443133354779439, 0.006990029930109853, 0.9822023420373891]",
d1-3b,ood_agnews_balanced,6112,topic,choice,1,1,"[""business"", ""scitech"", ""sports"", ""world""]","[0.0747011040378273, 0.9029637165955584, 0.0061799326394968756, 0.01615524672711749]",
d1-3b,ood_agnews_balanced,6126,topic,choice,1,1,"[""business"", ""scitech"", ""sports"", ""world""]","[0.34468908000219584, 0.5955693229206899, 0.008106310182833231, 0.05163528689428107]",
d1-3b,ood_agnews_balanced,6127,topic,choice,2,2,"[""business"", ""scitech"", ""sports"", ""world""]","[0.0062241936336758, 0.004553717339987403, 0.9833291409355094, 0.00589294809082752]",
d1-3b,ood_agnews_balanced,6143,topic,choice,3,3,"[""business"", ""scitech"", ""sports"", ""world""]","[0.007093465812118211, 0.0044737928097568274, 0.0071491005540132695, 0.9812836408241117]",
d1-3b,ood_agnews_balanced,6144,topic,choice,1,1,"[""business"", ""scitech"", ""sports"", ""world""]","[0.015698406760677977, 0.9712260350043108, 0.005775121106400207, 0.007300437128610911]",
d1-3b,ood_agnews_balanced,6148,topic,choice,2,2,"[""business"", ""scitech"", ""sports"", ""world""]","[0.0042629736384937715, 0.0035618477958013254, 0.9876016754655228, 0.0045735031001821105]",
d1-3b,ood_agnews_balanced,6151,topic,choice,2,2,"[""business"", ""scitech"", ""sports"", ""world""]","[0.006362669269047747, 0.003981656686972612, 0.9819206353559635, 0.00773503868801622]",
d1-3b,ood_agnews_balanced,6153,topic,choice,2,2,"[""business"", ""scitech"", ""sports"", ""world""]","[0.005712127774866569, 0.004698668141159451, 0.983412921330253, 0.0061762827537209875]",
d1-3b,ood_agnews_balanced,6155,topic,choice,2,2,"[""business"", ""scitech"", ""sports"", ""world""]","[0.04051692052860778, 0.005837015826874025, 0.9149845479915768, 0.03866151565294139]",
d1-3b,ood_agnews_balanced,6160,topic,choice,3,3,"[""business"", ""scitech"", ""sports"", ""world""]","[0.007475720671842238, 0.005058325631019358, 0.008339769061989263, 0.9791261846351491]",
d1-3b,ood_agnews_balanced,6188,topic,choice,2,2,"[""business"", ""scitech"", ""sports"", ""world""]","[0.005493790447034147, 0.004114658924533769, 0.9835007936530286, 0.0068907569754035275]",
d1-3b,ood_agnews_balanced,6191,topic,choice,3,3,"[""business"", ""scitech"", ""sports"", ""world""]","[0.006461625499814701, 0.004012114509734069, 0.007794208138306457, 0.9817320518521447]",
d1-3b,ood_agnews_balanced,6199,topic,choice,2,2,"[""business"", ""scitech"", ""sports"", ""world""]","[0.005368344209129827, 0.003958368795318474, 0.9838338390406494, 0.006839447954902408]",
d1-3b,ood_agnews_balanced,6209,topic,choice,2,2,"[""business"", ""scitech"", ""sports"", ""world""]","[0.005578115676362872, 0.0043104337062541825, 0.9831149261090162, 0.006996524508366695]",
d1-3b,ood_agnews_balanced,6211,topic,choice,3,3,"[""business"", ""scitech"", ""sports"", ""world""]","[0.013709721184830388, 0.013709721184830388, 0.01145490080968283, 0.9611256568206564]",
d1-3b,ood_agnews_balanced,6215,topic,choice,3,3,"[""business"", ""scitech"", ""sports"", ""world""]","[0.017111541720534633, 0.07850722747116318, 0.005913590580951862, 0.8984676402273503]",
d1-3b,ood_agnews_balanced,6235,topic,choice,0,0,"[""business"", ""scitech"", ""sports"", ""world""]","[0.9699939163137548, 0.004744458472543938, 0.004972149788667625, 0.020289475425033784]",
d1-3b,ood_agnews_balanced,6260,topic,choice,1,0,"[""business"", ""scitech"", ""sports"", ""world""]","[0.8654393617632344, 0.11712448114834066, 0.005564250589234047, 0.011871906499190881]",
d1-3b,ood_agnews_balanced,6263,topic,choice,3,3,"[""business"", ""scitech"", ""sports"", ""world""]","[0.006818147542996149, 0.004686039707516262, 0.00772597334112747, 0.9807698394083602]",
d1-3b,ood_agnews_balanced,6277,topic,choice,2,2,"[""business"", ""scitech"", ""sports"", ""world""]","[0.005375814106372356, 0.0034708864561295866, 0.9852028156552372, 0.0059504837822609265]",
d1-3b,ood_agnews_balanced,6281,topic,choice,3,3,"[""business"", ""scitech"", ""sports"", ""world""]","[0.03498998423754291, 0.011628969503963884, 0.25058842591357056, 0.7027926203449226]",
d1-3b,ood_agnews_balanced,6293,topic,choice,0,0,"[""business"", ""scitech"", ""sports"", ""world""]","[0.9270617090988186, 0.014523530568745207, 0.012618262028219489, 0.045796498304216775]",
d1-3b,ood_agnews_balanced,6309,topic,choice,1,1,"[""business"", ""scitech"", ""sports"", ""world""]","[0.05776222385206855, 0.6714637261966291, 0.015915166069169966, 0.25485888388213246]",
d1-3b,ood_agnews_balanced,6314,topic,choice,1,1,"[""business"", ""scitech"", ""sports"", ""world""]","[0.04883300519712226, 0.9286379291330782, 0.00565283065313071, 0.016876235016668788]",
d1-3b,ood_agnews_balanced,6320,topic,choice,1,0,"[""business"", ""scitech"", ""sports"", ""world""]","[0.9138360789331803, 0.074428483451064, 0.005025506327989203, 0.0067099312877664866]",
d1-3b,ood_agnews_balanced,6325,topic,choice,1,3,"[""business"", ""scitech"", ""sports"", ""world""]","[0.03857854224891044, 0.01608192903813347, 0.017940688280997697, 0.9273988404319584]",
d1-3b,ood_agnews_balanced,6331,topic,choice,2,2,"[""business"", ""scitech"", ""sports"", ""world""]","[0.007661651027854846, 0.004069072145605541, 0.9650356072971591, 0.023233669529380604]",
d1-3b,ood_agnews_balanced,6335,topic,choice,0,0,"[""business"", ""scitech"", ""sports"", ""world""]","[0.7937120390214918, 0.01559629247590429, 0.03920907496483559, 0.15148259353776827]",
d1-3b,ood_agnews_balanced,6337,topic,choice,3,3,"[""business"", ""scitech"", ""sports"", ""world""]","[0.009639853107291952, 0.005449878804238966, 0.009270556134139525, 0.9756397119543296]",
d1-3b,ood_agnews_balanced,6343,topic,choice,3,3,"[""business"", ""scitech"", ""sports"", ""world""]","[0.012337166996908313, 0.016344090803396903, 0.006450637178309121, 0.9648681050213858]",
d1-3b,ood_agnews_balanced,6353,topic,choice,3,3,"[""business"", ""scitech"", ""sports"", ""world""]","[0.02342758959890321, 0.00514635846569458, 0.17721290636345646, 0.7942131455719458]",
d1-3b,ood_agnews_balanced,6356,topic,choice,2,2,"[""business"", ""scitech"", ""sports"", ""world""]","[0.005867656157745646, 0.007834348833556534, 0.9791087924025383, 0.00718920260615956]",
d1-3b,ood_agnews_balanced,6357,topic,choice,0,0,"[""business"", ""scitech"", ""sports"", ""world""]","[0.9314622559184935, 0.05507140795230803, 0.004887865326075294, 0.008578470803123213]",
d1-3b,ood_agnews_balanced,6367,topic,choice,2,2,"[""business"", ""scitech"", ""sports"", ""world""]","[0.004263669080807304, 0.0033992933648748095, 0.9877627883534449, 0.004574249200873003]",
d1-3b,ood_agnews_balanced,6368,topic,choice,1,1,"[""business"", ""scitech"", ""sports"", ""world""]","[0.012135651300042112, 0.8574475482441093, 0.009751269766002832, 0.12066553068984573]",
d1-3b,ood_agnews_balanced,6382,topic,choice,0,0,"[""business"", ""scitech"", ""sports"", ""world""]","[0.9470827358873258, 0.03476805327007837, 0.005458294922183151, 0.012690915920412712]",
d1-3b,ood_agnews_balanced,6391,topic,choice,1,1,"[""business"", ""scitech"", ""sports"", ""world""]","[0.02213499118415775, 0.948585727912304, 0.0064416496742327745, 0.02283763122930552]",
d1-3b,ood_agnews_balanced,6393,topic,choice,1,0,"[""business"", ""scitech"", ""sports"", ""world""]","[0.8815942005670826, 0.09438261188699125, 0.00484819688760878, 0.019174990658317473]",
d1-3b,ood_agnews_balanced,6414,topic,choice,3,3,"[""business"", ""scitech"", ""sports"", ""world""]","[0.008344627707786241, 0.004536895390820264, 0.007421865521051946, 0.9796966113803416]",
d1-3b,ood_agnews_balanced,6425,topic,choice,2,2,"[""business"", ""scitech"", ""sports"", ""world""]","[0.006878810083774073, 0.004338411138867748, 0.9817956431969617, 0.006987135580396501]",
d1-3b,ood_agnews_balanced,6433,topic,choice,2,2,"[""business"", ""scitech"", ""sports"", ""world""]","[0.0058001301690116846, 0.003955345124457629, 0.9830823199516401, 0.00716220475489071]",
d1-3b,ood_agnews_balanced,6438,topic,choice,0,0,"[""business"", ""scitech"", ""sports"", ""world""]","[0.9703931670126452, 0.0052950044326501855, 0.006538457727605896, 0.017773370827098726]",
d1-3b,ood_agnews_balanced,6441,topic,choice,3,3,"[""business"", ""scitech"", ""sports"", ""world""]","[0.016929827257281663, 0.015535682776666369, 0.006375831365031395, 0.9611586586010207]",
d1-3b,ood_agnews_balanced,6443,topic,choice,3,3,"[""business"", ""scitech"", ""sports"", ""world""]","[0.007310128023913651, 0.00506357769164573, 0.007483482714276509, 0.9801428115701641]",
d1-3b,ood_agnews_balanced,6450,topic,choice,1,1,"[""business"", ""scitech"", ""sports"", ""world""]","[0.1355940182505133, 0.7802897002747736, 0.006857138739319389, 0.07725914273539378]",
d1-3b,ood_agnews_balanced,6459,topic,choice,2,2,"[""business"", ""scitech"", ""sports"", ""world""]","[0.006632159556207221, 0.004022608110945812, 0.9842997514090562, 0.005045480923790754]",
d1-3b,ood_agnews_balanced,6463,topic,choice,1,1,"[""business"", ""scitech"", ""sports"", ""world""]","[0.1424839119328797, 0.8328504503182981, 0.006408765063802257, 0.01825687268501997]",
d1-3b,ood_agnews_balanced,6475,topic,choice,0,0,"[""business"", ""scitech"", ""sports"", ""world""]","[0.6447421024940111, 0.004660687156502025, 0.005491631542205249, 0.34510557880728165]",
d1-3b,ood_agnews_balanced,6485,topic,choice,1,1,"[""business"", ""scitech"", ""sports"", ""world""]","[0.026068116097218593, 0.9334038536190992, 0.010288486578295793, 0.030239543705386465]",
d1-3b,ood_agnews_balanced,6500,topic,choice,1,3,"[""business"", ""scitech"", ""sports"", ""world""]","[0.011827652048821562, 0.018607508535672113, 0.0076963999762122235, 0.961868439439294]",
d1-3b,ood_agnews_balanced,6506,topic,choice,1,1,"[""business"", ""scitech"", ""sports"", ""world""]","[0.050616045813510785, 0.9329309009551103, 0.007235186498129549, 0.009217866733249359]",
d1-3b,ood_agnews_balanced,6510,topic,choice,0,0,"[""business"", ""scitech"", ""sports"", ""world""]","[0.9555258422039914, 0.005816503506066907, 0.02247181391580253, 0.01618584037413921]",
d1-3b,ood_agnews_balanced,6516,topic,choice,3,1,"[""business"", ""scitech"", ""sports"", ""world""]","[0.36625426894595875, 0.5944893585200678, 0.008956596644877593, 0.030299775889095812]",
d1-3b,ood_agnews_balanced,6517,topic,choice,3,3,"[""business"", ""scitech"", ""sports"", ""world""]","[0.03968823965298491, 0.004452897079291113, 0.009208411993416975, 0.946650451274307]",
d1-3b,ood_agnews_balanced,6519,topic,choice,2,2,"[""business"", ""scitech"", ""sports"", ""world""]","[0.0051342055153289655, 0.0034469425195757276, 0.9860801229531262, 0.005338729011969166]",
d1-3b,ood_agnews_balanced,6522,topic,choice,2,2,"[""business"", ""scitech"", ""sports"", ""world""]","[0.007250734403588496, 0.005346356285704539, 0.9798042048977338, 0.0075987044129731795]",
d1-3b,ood_agnews_balanced,6527,topic,choice,2,2,"[""business"", ""scitech"", ""sports"", ""world""]","[0.01238311531820239, 0.004774116243041338, 0.9760573811159837, 0.006785387322772595]",
d1-3b,ood_agnews_balanced,6545,topic,choice,3,3,"[""business"", ""scitech"", ""sports"", ""world""]","[0.010483303458741992, 0.04625450408099209, 0.0069290404800741185, 0.9363331519801918]",
d1-3b,ood_agnews_balanced,6546,topic,choice,2,2,"[""business"", ""scitech"", ""sports"", ""world""]","[0.00621864271637156, 0.004657548189741886, 0.982452179345714, 0.006671629748172506]",
d1-3b,ood_agnews_balanced,6548,topic,choice,2,2,"[""business"", ""scitech"", ""sports"", ""world""]","[0.005091647833894043, 0.0036961399474725334, 0.985576271826897, 0.0056359403917364366]",
d1-3b,ood_agnews_balanced,6557,topic,choice,1,1,"[""business"", ""scitech"", ""sports"", ""world""]","[0.02766161901797621, 0.9599880700466829, 0.005982244651707408, 0.006368066283633536]",
d1-3b,ood_agnews_balanced,6568,topic,choice,1,1,"[""business"", ""scitech"", ""sports"", ""world""]","[0.4156155632198118, 0.5506011636441199, 0.013570328835895408, 0.02021294430017292]",
d1-3b,ood_agnews_balanced,6570,topic,choice,2,2,"[""business"", ""scitech"", ""sports"", ""world""]","[0.006178652047890225, 0.004381320366288452, 0.9685379171335385, 0.020902110452282765]",
d1-3b,ood_agnews_balanced,6576,topic,choice,3,1,"[""business"", ""scitech"", ""sports"", ""world""]","[0.06772111118200584, 0.9132050691423771, 0.006448422102488438, 0.012625397573128697]",
d1-3b,ood_agnews_balanced,6586,topic,choice,0,0,"[""business"", ""scitech"", ""sports"", ""world""]","[0.9682739305023425, 0.01653042352827158, 0.0053248792394443275, 0.009870766729941527]",
d1-3b,ood_agnews_balanced,6588,topic,choice,3,3,"[""business"", ""scitech"", ""sports"", ""world""]","[0.007668373719347501, 0.004201922091855031, 0.007036895279924824, 0.9810928089088727]",
d1-3b,ood_agnews_balanced,6594,topic,choice,1,1,"[""business"", ""scitech"", ""sports"", ""world""]","[0.048958501150352995, 0.9237791463555385, 0.010342747236517383, 0.01691960525759116]",
d1-3b,ood_agnews_balanced,6622,topic,choice,2,2,"[""business"", ""scitech"", ""sports"", ""world""]","[0.007149596448082871, 0.004404738592579571, 0.9813517071122281, 0.007093957847109547]",
d1-3b,ood_agnews_balanced,6623,topic,choice,0,1,"[""business"", ""scitech"", ""sports"", ""world""]","[0.14262414262202772, 0.6965574660791592, 0.06581022995908631, 0.09500816133972675]",
d1-3b,ood_agnews_balanced,6624,topic,choice,2,2,"[""business"", ""scitech"", ""sports"", ""world""]","[0.0057472583531601555, 0.004406575833858073, 0.959018564569402, 0.030827601243579722]",
d1-3b,ood_agnews_balanced,6633,topic,choice,3,3,"[""business"", ""scitech"", ""sports"", ""world""]","[0.009220477747225217, 0.004974074646605371, 0.007825317828232977, 0.9779801297779365]",
d1-3b,ood_agnews_balanced,6645,topic,choice,2,2,"[""business"", ""scitech"", ""sports"", ""world""]","[0.006448721703335968, 0.004099056911381754, 0.9797715435258554, 0.009680677859426933]",
d1-3b,ood_agnews_balanced,6652,topic,choice,2,2,"[""business"", ""scitech"", ""sports"", ""world""]","[0.026894274030664845, 0.004710178958002002, 0.9554915333096893, 0.012904013701643856]",
d1-3b,ood_agnews_balanced,6654,topic,choice,2,2,"[""business"", ""scitech"", ""sports"", ""world""]","[0.036834440890197426, 0.0046465304497270606, 0.9499727512179469, 0.008546277442128698]",
d1-3b,ood_agnews_balanced,6670,topic,choice,1,3,"[""business"", ""scitech"", ""sports"", ""world""]","[0.01579153012956299, 0.4724402238442088, 0.00885824557415479, 0.5029100004520735]",
d1-3b,ood_agnews_balanced,6693,topic,choice,0,0,"[""business"", ""scitech"", ""sports"", ""world""]","[0.7945602284026201, 0.1829181508688523, 0.0066627931583535345, 0.015858827570174133]",
d1-3b,ood_agnews_balanced,6694,topic,choice,0,0,"[""business"", ""scitech"", ""sports"", ""world""]","[0.7821004930561469, 0.00518805174318658, 0.008688351669918336, 0.20402310353074823]",
d1-3b,ood_agnews_balanced,6695,topic,choice,0,0,"[""business"", ""scitech"", ""sports"", ""world""]","[0.9749067900442037, 0.004375810966806097, 0.004585810519738493, 0.016131588469251733]",
d1-3b,ood_agnews_balanced,6698,topic,choice,3,3,"[""business"", ""scitech"", ""sports"", ""world""]","[0.040314968904125434, 0.00512547311975821, 0.03699509501942944, 0.917564462956687]",
d1-3b,ood_agnews_balanced,6701,topic,choice,1,1,"[""business"", ""scitech"", ""sports"", ""world""]","[0.023932909919608704, 0.9634947084666547, 0.005552881575701685, 0.007019500038034836]",
d1-3b,ood_agnews_balanced,6705,topic,choice,0,0,"[""business"", ""scitech"", ""sports"", ""world""]","[0.8596188071209666, 0.004043513707071057, 0.004510865506649626, 0.1318268136653128]",
d1-3b,ood_agnews_balanced,6708,topic,choice,1,1,"[""business"", ""scitech"", ""sports"", ""world""]","[0.024958098989400355, 0.943891174563228, 0.012163605996199246, 0.018987120451172426]",
d1-3b,ood_agnews_balanced,6711,topic,choice,0,0,"[""business"", ""scitech"", ""sports"", ""world""]","[0.822401216102753, 0.05957454427915635, 0.01747315797527906, 0.10055108164281173]",
d1-3b,ood_agnews_balanced,6732,topic,choice,2,2,"[""business"", ""scitech"", ""sports"", ""world""]","[0.005756692944433381, 0.004244719196045882, 0.9833726748957246, 0.006625912963796296]",
d1-3b,ood_agnews_balanced,6743,topic,choice,3,3,"[""business"", ""scitech"", ""sports"", ""world""]","[0.0069881167668388745, 0.004305253846963809, 0.006773115016821614, 0.9819335143693757]",
d1-3b,ood_agnews_balanced,6755,topic,choice,1,1,"[""business"", ""scitech"", ""sports"", ""world""]","[0.034838937334561254, 0.9198155402526199, 0.005867834465668649, 0.03947768794715019]",
d1-3b,ood_agnews_balanced,6763,topic,choice,1,1,"[""business"", ""scitech"", ""sports"", ""world""]","[0.013241106240932683, 0.8191982351778789, 0.008751836814174841, 0.15880882176701364]",
d1-3b,ood_agnews_balanced,6780,topic,choice,1,1,"[""business"", ""scitech"", ""sports"", ""world""]","[0.15154681857198174, 0.8321557399026599, 0.005739987948052454, 0.010557453577305798]",
d1-3b,ood_agnews_balanced,6781,topic,choice,1,1,"[""business"", ""scitech"", ""sports"", ""world""]","[0.05990805360366578, 0.9012191401935157, 0.005528952890579335, 0.03334385331223921]",
d1-3b,ood_agnews_balanced,6785,topic,choice,1,1,"[""business"", ""scitech"", ""sports"", ""world""]","[0.0965701415156452, 0.8742746747034186, 0.01237380947019499, 0.016781374310741212]",
d1-3b,ood_agnews_balanced,6792,topic,choice,3,3,"[""business"", ""scitech"", ""sports"", ""world""]","[0.010422243822037219, 0.005039867797833867, 0.008984535765266543, 0.9755533526148624]",
d1-3b,ood_agnews_balanced,6807,topic,choice,1,0,"[""business"", ""scitech"", ""sports"", ""world""]","[0.6803788787921062, 0.21746215115336778, 0.021531668775824526, 0.08062730127870146]",
d1-3b,ood_agnews_balanced,6808,topic,choice,1,1,"[""business"", ""scitech"", ""sports"", ""world""]","[0.08044010769584013, 0.8992628783973556, 0.005647782011440425, 0.014649231895363858]",
d1-3b,ood_agnews_balanced,6833,topic,choice,3,3,"[""business"", ""scitech"", ""sports"", ""world""]","[0.008744508668156811, 0.004431501308976125, 0.007193036624626422, 0.9796309533982407]",
d1-3b,ood_agnews_balanced,6847,topic,choice,0,0,"[""business"", ""scitech"", ""sports"", ""world""]","[0.6947801741760609, 0.2596203831781694, 0.005473101728807496, 0.04012634091696211]",
d1-3b,ood_agnews_balanced,6862,topic,choice,0,0,"[""business"", ""scitech"", ""sports"", ""world""]","[0.9687486009469779, 0.003928244509860601, 0.004181594514021112, 0.02314156002914031]",
d1-3b,ood_agnews_balanced,6865,topic,choice,1,1,"[""business"", ""scitech"", ""sports"", ""world""]","[0.04937227468289198, 0.8683340799984638, 0.011016443556885953, 0.07127720176175834]",
d1-3b,ood_agnews_balanced,6881,topic,choice,2,2,"[""business"", ""scitech"", ""sports"", ""world""]","[0.04038927330006469, 0.008734792928376403, 0.9410551421006295, 0.009820791670929401]",
d1-3b,ood_agnews_balanced,6883,topic,choice,2,2,"[""business"", ""scitech"", ""sports"", ""world""]","[0.030078814756695105, 0.0044015030958009255, 0.9579145667821354, 0.0076051153653686355]",
d1-3b,ood_agnews_balanced,6898,topic,choice,1,1,"[""business"", ""scitech"", ""sports"", ""world""]","[0.06006621013547504, 0.8422462720263814, 0.030678818215965895, 0.06700869962217766]",
d1-3b,ood_agnews_balanced,6900,topic,choice,0,0,"[""business"", ""scitech"", ""sports"", ""world""]","[0.9848686565747273, 0.004056501037852022, 0.004120381634077705, 0.006954460753343028]",
d1-3b,ood_agnews_balanced,6904,topic,choice,1,1,"[""business"", ""scitech"", ""sports"", ""world""]","[0.02235230735115489, 0.957898720754408, 0.005651548355969466, 0.014097423538467739]",
d1-3b,ood_agnews_balanced,6905,topic,choice,0,0,"[""business"", ""scitech"", ""sports"", ""world""]","[0.6792943398386104, 0.26189129781118203, 0.005607917978474618, 0.053206444371732886]",
d1-3b,ood_agnews_balanced,6912,topic,choice,1,1,"[""business"", ""scitech"", ""sports"", ""world""]","[0.010984814449690862, 0.9435400520872009, 0.007728782248739127, 0.03774635121436899]",
d1-3b,ood_agnews_balanced,6914,topic,choice,3,0,"[""business"", ""scitech"", ""sports"", ""world""]","[0.9328545876893951, 0.022110703977352594, 0.008864010673408241, 0.03617069765984395]",
d1-3b,ood_agnews_balanced,6928,topic,choice,2,2,"[""business"", ""scitech"", ""sports"", ""world""]","[0.005246064899433428, 0.0038985443995799896, 0.9842237432835009, 0.00663164741748573]",
d1-3b,ood_agnews_balanced,6934,topic,choice,0,0,"[""business"", ""scitech"", ""sports"", ""world""]","[0.9625251424642223, 0.0037242768094227696, 0.003995565766587666, 0.0297550149597674]",
d1-3b,ood_agnews_balanced,6968,topic,choice,1,1,"[""business"", ""scitech"", ""sports"", ""world""]","[0.011602342436597139, 0.8591078885258799, 0.005523543053561192, 0.12376622598396168]",
d1-3b,ood_agnews_balanced,6976,topic,choice,3,3,"[""business"", ""scitech"", ""sports"", ""world""]","[0.036376035488226835, 0.004178062791560293, 0.006521863787819582, 0.9529240379323933]",
d1-3b,ood_agnews_balanced,6991,topic,choice,1,0,"[""business"", ""scitech"", ""sports"", ""world""]","[0.6237130576494309, 0.36097742404231925, 0.005149066412407654, 0.010160451895842238]",
d1-3b,ood_agnews_balanced,6998,topic,choice,3,3,"[""business"", ""scitech"", ""sports"", ""world""]","[0.007590662355871343, 0.006342235789777319, 0.007299868647601565, 0.9787672332067499]",
d1-3b,ood_agnews_balanced,7000,topic,choice,1,1,"[""business"", ""scitech"", ""sports"", ""world""]","[0.192846879003485, 0.7869356673955243, 0.006247672541164592, 0.013969781059826143]",
d1-3b,ood_agnews_balanced,7007,topic,choice,2,2,"[""business"", ""scitech"", ""sports"", ""world""]","[0.007995815087215414, 0.0048497069997889925, 0.9761397774017564, 0.011014700511239286]",
d1-3b,ood_agnews_balanced,7042,topic,choice,0,0,"[""business"", ""scitech"", ""sports"", ""world""]","[0.975533327608337, 0.004145597070288631, 0.00455304766000166, 0.015768027661372804]",
d1-3b,ood_agnews_balanced,7043,topic,choice,0,0,"[""business"", ""scitech"", ""sports"", ""world""]","[0.9605971622569611, 0.006273316330121485, 0.00545035168030911, 0.02767916973260823]",
d1-3b,ood_agnews_balanced,7050,topic,choice,0,0,"[""business"", ""scitech"", ""sports"", ""world""]","[0.9768332563761143, 0.005247508898473389, 0.005718410993537675, 0.012200823731874694]",
d1-3b,ood_agnews_balanced,7076,topic,choice,3,3,"[""business"", ""scitech"", ""sports"", ""world""]","[0.008681180904755167, 0.009097799475062025, 0.009684557129549336, 0.9725364624906335]",
d1-3b,ood_agnews_balanced,7099,topic,choice,3,3,"[""business"", ""scitech"", ""sports"", ""world""]","[0.023746489466397697, 0.005466752283275776, 0.00729907193305594, 0.9634876863172707]",
d1-3b,ood_agnews_balanced,7106,topic,choice,0,0,"[""business"", ""scitech"", ""sports"", ""world""]","[0.9838713569004484, 0.005203376041371782, 0.0043475834136834975, 0.0065776836444964735]",
d1-3b,ood_agnews_balanced,7113,topic,choice,2,2,"[""business"", ""scitech"", ""sports"", ""world""]","[0.005804777709862266, 0.0038668155829787725, 0.9610787212054438, 0.02924968550171514]",
d1-3b,ood_agnews_balanced,7119,topic,choice,0,0,"[""business"", ""scitech"", ""sports"", ""world""]","[0.979324479515316, 0.009983418106900791, 0.004395639502449757, 0.006296462875333383]",
d1-3b,ood_agnews_balanced,7124,topic,choice,0,0,"[""business"", ""scitech"", ""sports"", ""world""]","[0.9421191574503874, 0.044063499353805664, 0.005140725722689939, 0.008676617473116797]",
d1-3b,ood_agnews_balanced,7125,topic,choice,1,1,"[""business"", ""scitech"", ""sports"", ""world""]","[0.03895054159442836, 0.9363414220217153, 0.006875178982854176, 0.017832857401002225]",
d1-3b,ood_agnews_balanced,7126,topic,choice,1,1,"[""business"", ""scitech"", ""sports"", ""world""]","[0.09596289675845623, 0.8893795854665509, 0.006530357079126829, 0.008127160695866003]",
d1-3b,ood_agnews_balanced,7131,topic,choice,0,0,"[""business"", ""scitech"", ""sports"", ""world""]","[0.9770876709848689, 0.005087384678545957, 0.005331533366913443, 0.012493410969671707]",
d1-3b,ood_agnews_balanced,7135,topic,choice,0,0,"[""business"", ""scitech"", ""sports"", ""world""]","[0.964118363500525, 0.015104067384899311, 0.01079439017335524, 0.009983178941220259]",
d1-3b,ood_agnews_balanced,7151,topic,choice,2,2,"[""business"", ""scitech"", ""sports"", ""world""]","[0.008622683609605199, 0.004302016472385292, 0.9811951405799987, 0.005880159338010871]",
d1-3b,ood_agnews_balanced,7152,topic,choice,2,2,"[""business"", ""scitech"", ""sports"", ""world""]","[0.005374067140589708, 0.00428457988346961, 0.9848826565920957, 0.005458696383844998]",
d1-3b,ood_agnews_balanced,7172,topic,choice,3,3,"[""business"", ""scitech"", ""sports"", ""world""]","[0.010126542392062232, 0.01156487441317683, 0.022999499076498283, 0.9553090841182627]",
d1-3b,ood_agnews_balanced,7178,topic,choice,3,3,"[""business"", ""scitech"", ""sports"", ""world""]","[0.006153874124882225, 0.006973252944978263, 0.0070279448456708775, 0.9798449280844685]",
d1-3b,ood_agnews_balanced,7183,topic,choice,2,2,"[""business"", ""scitech"", ""sports"", ""world""]","[0.0054100973086504914, 0.003927309475157399, 0.9837699504324927, 0.006892642783699299]",
d1-3b,ood_agnews_balanced,7208,topic,choice,3,3,"[""business"", ""scitech"", ""sports"", ""world""]","[0.006518204992565488, 0.004342060609053075, 0.006518204992565488, 0.9826215294058159]",
d1-3b,ood_agnews_balanced,7211,topic,choice,2,2,"[""business"", ""scitech"", ""sports"", ""world""]","[0.009812122458166681, 0.004563060710307608, 0.9776787179081756, 0.007946098923350048]",
d1-3b,ood_agnews_balanced,7237,topic,choice,3,3,"[""business"", ""scitech"", ""sports"", ""world""]","[0.007323658076493472, 0.004205623004059622, 0.0065137963333202435, 0.9819569225861267]",
d1-3b,ood_agnews_balanced,7240,topic,choice,0,0,"[""business"", ""scitech"", ""sports"", ""world""]","[0.5775314357491588, 0.384718875904714, 0.006415794720463513, 0.03133389362566376]",
d1-3b,ood_agnews_balanced,7244,topic,choice,3,3,"[""business"", ""scitech"", ""sports"", ""world""]","[0.007143433143566655, 0.004505306810680733, 0.007845526472361678, 0.980505733573391]",
d1-3b,ood_agnews_balanced,7247,topic,choice,1,1,"[""business"", ""scitech"", ""sports"", ""world""]","[0.023662958916324063, 0.8741796559970223, 0.010019527216810261, 0.09213785786984346]",
d1-3b,ood_agnews_balanced,7269,topic,choice,2,2,"[""business"", ""scitech"", ""sports"", ""world""]","[0.005422277801381287, 0.0038449707118525345, 0.9859848464031915, 0.004747905083574731]",
d1-3b,ood_agnews_balanced,7274,topic,choice,1,1,"[""business"", ""scitech"", ""sports"", ""world""]","[0.021151109227077074, 0.8317794735361635, 0.006974895530169203, 0.14009452170659015]",
d1-3b,ood_agnews_balanced,7276,topic,choice,2,2,"[""business"", ""scitech"", ""sports"", ""world""]","[0.00955443045899971, 0.005616759910802351, 0.9745784020437817, 0.010250407586416373]",
d1-3b,ood_agnews_balanced,7277,topic,choice,3,3,"[""business"", ""scitech"", ""sports"", ""world""]","[0.011447867982597509, 0.005323753023964934, 0.007566578700515972, 0.9756618002929215]",
d1-3b,ood_agnews_balanced,7283,topic,choice,2,2,"[""business"", ""scitech"", ""sports"", ""world""]","[0.005051090436024485, 0.0036954567062184207, 0.9853940854439255, 0.0058593674138316156]",
d1-3b,ood_agnews_balanced,7290,topic,choice,0,1,"[""business"", ""scitech"", ""sports"", ""world""]","[0.37647639002993605, 0.6110814987930452, 0.004927924158459572, 0.007514187018559172]",
d1-3b,ood_agnews_balanced,7293,topic,choice,1,0,"[""business"", ""scitech"", ""sports"", ""world""]","[0.6030872780187706, 0.3774023749801051, 0.007187722958243431, 0.01232262404288088]",
d1-3b,ood_agnews_balanced,7295,topic,choice,3,3,"[""business"", ""scitech"", ""sports"", ""world""]","[0.009800203896624778, 0.005583987859157866, 0.008124654394406966, 0.9764911538498104]",
d1-3b,ood_agnews_balanced,7303,topic,choice,0,0,"[""business"", ""scitech"", ""sports"", ""world""]","[0.9517823966296455, 0.03413118333412051, 0.005112936689167496, 0.008973483347066586]",
d1-3b,ood_agnews_balanced,7320,topic,choice,3,3,"[""business"", ""scitech"", ""sports"", ""world""]","[0.00815049040902941, 0.004536431085199865, 0.007716729221811295, 0.9795963492839594]",
d1-3b,ood_agnews_balanced,7324,topic,choice,1,1,"[""business"", ""scitech"", ""sports"", ""world""]","[0.3983340154232913, 0.46569964516813767, 0.11501969655120342, 0.020946642857367737]",
d1-3b,ood_agnews_balanced,7333,topic,choice,0,0,"[""business"", ""scitech"", ""sports"", ""world""]","[0.972064685516892, 0.004572441700306071, 0.004261984305023925, 0.019100888477778098]",
d1-3b,ood_agnews_balanced,7336,topic,choice,3,3,"[""business"", ""scitech"", ""sports"", ""world""]","[0.007201745328531836, 0.004723019895550918, 0.0072582293171995944, 0.9808170054587176]",
d1-3b,ood_agnews_balanced,7337,topic,choice,0,0,"[""business"", ""scitech"", ""sports"", ""world""]","[0.9665267840226857, 0.004012177095804705, 0.004690710252004072, 0.024770328629505522]",
d1-3b,ood_agnews_balanced,7353,topic,choice,3,3,"[""business"", ""scitech"", ""sports"", ""world""]","[0.01000230739687949, 0.00816364537267044, 0.0082922040810043, 0.9735418431494458]",
d1-3b,ood_agnews_balanced,7354,topic,choice,2,2,"[""business"", ""scitech"", ""sports"", ""world""]","[0.0049754566073583655, 0.00396677985839685, 0.985924368980305, 0.005133394553939846]",
d1-3b,ood_agnews_balanced,7368,topic,choice,3,3,"[""business"", ""scitech"", ""sports"", ""world""]","[0.007133580103553086, 0.006295362345724695, 0.007417749629292875, 0.9791533079214293]",
d1-3b,ood_agnews_balanced,7370,topic,choice,0,0,"[""business"", ""scitech"", ""sports"", ""world""]","[0.9524896542735788, 0.0049593106304787055, 0.0050374084090783365, 0.03751362668686418]",
d1-3b,ood_agnews_balanced,7371,topic,choice,3,3,"[""business"", ""scitech"", ""sports"", ""world""]","[0.008660717072878212, 0.00509137291463804, 0.008394254821430244, 0.9778536551910535]",
d1-3b,ood_agnews_balanced,7379,topic,choice,2,2,"[""business"", ""scitech"", ""sports"", ""world""]","[0.10599519349393718, 0.038090170193990525, 0.8017775887834797, 0.05413704752859238]",
d1-3b,ood_agnews_balanced,7381,topic,choice,2,2,"[""business"", ""scitech"", ""sports"", ""world""]","[0.005663785296508606, 0.004658902703151447, 0.9827378971948835, 0.006939414805456455]",
d1-3b,ood_agnews_balanced,7387,topic,choice,0,0,"[""business"", ""scitech"", ""sports"", ""world""]","[0.866109260039175, 0.11011343557430352, 0.005231175777853885, 0.01854612860866755]",
d1-3b,ood_agnews_balanced,7389,topic,choice,1,1,"[""business"", ""scitech"", ""sports"", ""world""]","[0.07987216288396569, 0.717476283417656, 0.012539264643514873, 0.19011228905486346]",
d1-3b,ood_agnews_balanced,7401,topic,choice,1,1,"[""business"", ""scitech"", ""sports"", ""world""]","[0.03851300073981207, 0.9477785385557128, 0.005635697196051736, 0.008072763508423265]",
d1-3b,ood_agnews_balanced,7404,topic,choice,0,0,"[""business"", ""scitech"", ""sports"", ""world""]","[0.8704585073330853, 0.11417930832356171, 0.004824502365294633, 0.010537681978058402]",
d1-3b,ood_agnews_balanced,7446,topic,choice,0,0,"[""business"", ""scitech"", ""sports"", ""world""]","[0.8565387451007858, 0.004356415356627338, 0.005681836757655592, 0.1334230027849314]",
d1-3b,ood_agnews_balanced,7460,topic,choice,3,3,"[""business"", ""scitech"", ""sports"", ""world""]","[0.011683115432694744, 0.006061120440027515, 0.009610268613848262, 0.9726454955134295]",
d1-3b,ood_agnews_balanced,7471,topic,choice,3,2,"[""business"", ""scitech"", ""sports"", ""world""]","[0.007631130377941371, 0.011455683512272132, 0.5476703109046128, 0.4332428752051736]",
d1-3b,ood_agnews_balanced,7472,topic,choice,1,1,"[""business"", ""scitech"", ""sports"", ""world""]","[0.009243352479157897, 0.972776780569594, 0.005829709334562365, 0.012150157616685725]",
d1-3b,ood_agnews_balanced,7479,topic,choice,2,2,"[""business"", ""scitech"", ""sports"", ""world""]","[0.005376019817415495, 0.004154266130527397, 0.9775733129321815, 0.012896401119875538]",
d1-3b,ood_agnews_balanced,7480,topic,choice,0,0,"[""business"", ""scitech"", ""sports"", ""world""]","[0.9858953939132905, 0.004784709237322202, 0.004459839405323679, 0.004860057444063576]",
d1-3b,ood_agnews_balanced,7482,topic,choice,3,3,"[""business"", ""scitech"", ""sports"", ""world""]","[0.007090696052108671, 0.005028056408334712, 0.006980764999189302, 0.9809004825403673]",
d1-3b,ood_agnews_balanced,7499,topic,choice,1,1,"[""business"", ""scitech"", ""sports"", ""world""]","[0.006336984828680112, 0.9627950611799526, 0.005999736647929379, 0.02486821734343789]",
d1-3b,ood_agnews_balanced,7503,topic,choice,0,0,"[""business"", ""scitech"", ""sports"", ""world""]","[0.9560468944664762, 0.016839788757390534, 0.004977832048558838, 0.02213548472757447]",
d1-3b,ood_agnews_balanced,7511,topic,choice,0,0,"[""business"", ""scitech"", ""sports"", ""world""]","[0.9762042849741907, 0.0052852603114970885, 0.0053267131218815425, 0.01318374159243077]",
d1-3b,ood_agnews_balanced,7515,topic,choice,0,0,"[""business"", ""scitech"", ""sports"", ""world""]","[0.8983462772448473, 0.004498214783912448, 0.005383658186266676, 0.09177184978497364]",
d1-3b,ood_agnews_balanced,7516,topic,choice,3,3,"[""business"", ""scitech"", ""sports"", ""world""]","[0.008968756597354844, 0.007493676627250769, 0.009697538094000008, 0.9738400286813944]",
d1-3b,ood_agnews_balanced,7517,topic,choice,2,2,"[""business"", ""scitech"", ""sports"", ""world""]","[0.005248776943349055, 0.0040243768793090245, 0.9847325547575785, 0.005994291419763499]",
d1-3b,ood_agnews_balanced,7518,topic,choice,1,1,"[""business"", ""scitech"", ""sports"", ""world""]","[0.00901990409134983, 0.9642096026683803, 0.0059617925610301, 0.020808700679239803]",
d1-3b,ood_agnews_balanced,7522,topic,choice,1,1,"[""business"", ""scitech"", ""sports"", ""world""]","[0.31065137882280175, 0.668005438525532, 0.010713277017425533, 0.010629905634240815]",
d1-3b,ood_agnews_balanced,7525,topic,choice,2,2,"[""business"", ""scitech"", ""sports"", ""world""]","[0.005372108097143767, 0.003869384307772488, 0.9617171656015873, 0.02904134199349651]",
d1-3b,ood_agnews_balanced,7526,topic,choice,3,3,"[""business"", ""scitech"", ""sports"", ""world""]","[0.007601436253502761, 0.00439937378921063, 0.007842731742076151, 0.9801564582152105]",
d1-3b,ood_agnews_balanced,7527,topic,choice,1,1,"[""business"", ""scitech"", ""sports"", ""world""]","[0.30133648474971114, 0.6479752686170859, 0.017403390262431127, 0.03328485637077196]",
d1-3b,ood_agnews_balanced,7529,topic,choice,3,3,"[""business"", ""scitech"", ""sports"", ""world""]","[0.006617254217283191, 0.0043059294431613635, 0.006989213367709244, 0.9820876029718463]",
d1-3b,ood_agnews_balanced,7533,topic,choice,3,3,"[""business"", ""scitech"", ""sports"", ""world""]","[0.007586433970991044, 0.004601404801291531, 0.009590151135393363, 0.978222010092324]",
d1-3b,ood_agnews_balanced,7542,topic,choice,1,1,"[""business"", ""scitech"", ""sports"", ""world""]","[0.37761154037897016, 0.5848561948528553, 0.011226095193837124, 0.026306169574337502]",
d1-3b,ood_agnews_balanced,7550,topic,choice,2,2,"[""business"", ""scitech"", ""sports"", ""world""]","[0.006435618894150098, 0.00474532779881024, 0.9185400548354691, 0.07027899847157064]",
d1-3b,ood_agnews_balanced,7554,topic,choice,0,0,"[""business"", ""scitech"", ""sports"", ""world""]","[0.9638804049174873, 0.00595975710245662, 0.011945351723883035, 0.018214486256173112]",
d1-3b,ood_agnews_balanced,7558,topic,choice,0,0,"[""business"", ""scitech"", ""sports"", ""world""]","[0.9846305361226171, 0.0048160494729550165, 0.004559743995339111, 0.005993670409088824]",
d1-3b,ood_agnews_balanced,7585,topic,choice,3,0,"[""business"", ""scitech"", ""sports"", ""world""]","[0.8647578527260934, 0.11521783208608943, 0.005826692578711374, 0.014197622609105863]",
d1-3b,ood_rotten_balanced_v2,0,positive,noul,1,1,"[""false"", ""true""]","[0.060086650174007605, 0.9399133498259924]",
d1-3b,ood_rotten_balanced_v2,2,positive,noul,1,1,"[""false"", ""true""]","[0.38121956625614994, 0.6187804337438501]",
d1-3b,ood_rotten_balanced_v2,5,positive,noul,1,1,"[""false"", ""true""]","[0.24220562872535945, 0.7577943712746406]",
d1-3b,ood_rotten_balanced_v2,6,positive,noul,1,1,"[""false"", ""true""]","[0.025957357197796904, 0.9740426428022031]",
d1-3b,ood_rotten_balanced_v2,7,positive,noul,1,1,"[""false"", ""true""]","[0.061875985723642724, 0.9381240142763573]",
d1-3b,ood_rotten_balanced_v2,8,positive,noul,1,1,"[""false"", ""true""]","[0.017442484736205244, 0.9825575152637948]",
d1-3b,ood_rotten_balanced_v2,9,positive,noul,1,1,"[""false"", ""true""]","[0.022286185539225456, 0.9777138144607745]",
d1-3b,ood_rotten_balanced_v2,13,positive,noul,1,1,"[""false"", ""true""]","[0.0888202924001178, 0.9111797075998822]",
d1-3b,ood_rotten_balanced_v2,16,positive,noul,1,1,"[""false"", ""true""]","[0.04084571590994934, 0.9591542840900507]",
d1-3b,ood_rotten_balanced_v2,17,positive,noul,1,1,"[""false"", ""true""]","[0.034618838839175825, 0.9653811611608242]",
d1-3b,ood_rotten_balanced_v2,20,positive,noul,1,1,"[""false"", ""true""]","[0.0288709069462878, 0.9711290930537122]",
d1-3b,ood_rotten_balanced_v2,21,positive,noul,1,0,"[""false"", ""true""]","[0.5312093733737562, 0.46879062662624377]",
d1-3b,ood_rotten_balanced_v2,24,positive,noul,1,1,"[""false"", ""true""]","[0.030675801710674078, 0.9693241982893259]",
d1-3b,ood_rotten_balanced_v2,27,positive,noul,1,1,"[""false"", ""true""]","[0.024423090054107144, 0.9755769099458929]",
d1-3b,ood_rotten_balanced_v2,33,positive,noul,1,1,"[""false"", ""true""]","[0.08756383952305857, 0.9124361604769414]",
d1-3b,ood_rotten_balanced_v2,34,positive,noul,1,1,"[""false"", ""true""]","[0.037892426629607345, 0.9621075733703927]",
d1-3b,ood_rotten_balanced_v2,35,positive,noul,1,1,"[""false"", ""true""]","[0.06278920859705128, 0.9372107914029487]",
d1-3b,ood_rotten_balanced_v2,36,positive,noul,1,1,"[""false"", ""true""]","[0.30404167496654744, 0.6959583250334526]",
d1-3b,ood_rotten_balanced_v2,37,positive,noul,1,1,"[""false"", ""true""]","[0.012624949281564324, 0.9873750507184357]",
d1-3b,ood_rotten_balanced_v2,39,positive,noul,1,1,"[""false"", ""true""]","[0.13296424019782938, 0.8670357598021706]",
d1-3b,ood_rotten_balanced_v2,40,positive,noul,1,1,"[""false"", ""true""]","[0.2628418373713166, 0.7371581626286834]",
d1-3b,ood_rotten_balanced_v2,41,positive,noul,1,1,"[""false"", ""true""]","[0.19930799790404563, 0.8006920020959544]",
d1-3b,ood_rotten_balanced_v2,42,positive,noul,1,1,"[""false"", ""true""]","[0.048857778622174886, 0.9511422213778251]",
d1-3b,ood_rotten_balanced_v2,43,positive,noul,1,1,"[""false"", ""true""]","[0.4073334000459303, 0.5926665999540697]",
d1-3b,ood_rotten_balanced_v2,46,positive,noul,1,1,"[""false"", ""true""]","[0.42632159254749036, 0.5736784074525096]",
d1-3b,ood_rotten_balanced_v2,47,positive,noul,1,1,"[""false"", ""true""]","[0.02976009394596435, 0.9702399060540357]",
d1-3b,ood_rotten_balanced_v2,48,positive,noul,1,1,"[""false"", ""true""]","[0.0216153327626476, 0.9783846672373524]",
d1-3b,ood_rotten_balanced_v2,50,positive,noul,1,0,"[""false"", ""true""]","[0.712232184238947, 0.2877678157610531]",
d1-3b,ood_rotten_balanced_v2,52,positive,noul,1,0,"[""false"", ""true""]","[0.6076631698328916, 0.3923368301671084]",
d1-3b,ood_rotten_balanced_v2,53,positive,noul,1,1,"[""false"", ""true""]","[0.35577489351363034, 0.6442251064863697]",
d1-3b,ood_rotten_balanced_v2,55,positive,noul,1,1,"[""false"", ""true""]","[0.03732688734412937, 0.9626731126558706]",
d1-3b,ood_rotten_balanced_v2,57,positive,noul,1,1,"[""false"", ""true""]","[0.08509904500702026, 0.9149009549929797]",
d1-3b,ood_rotten_balanced_v2,58,positive,noul,1,1,"[""false"", ""true""]","[0.045352580554306354, 0.9546474194456936]",
d1-3b,ood_rotten_balanced_v2,60,positive,noul,1,1,"[""false"", ""true""]","[0.023330768808480506, 0.9766692311915195]",
d1-3b,ood_rotten_balanced_v2,61,positive,noul,1,1,"[""false"", ""true""]","[0.06278920859705128, 0.9372107914029487]",
d1-3b,ood_rotten_balanced_v2,62,positive,noul,1,1,"[""false"", ""true""]","[0.030675801710674078, 0.9693241982893259]",
d1-3b,ood_rotten_balanced_v2,64,positive,noul,1,0,"[""false"", ""true""]","[0.5389832206876841, 0.4610167793123159]",
d1-3b,ood_rotten_balanced_v2,65,positive,noul,1,1,"[""false"", ""true""]","[0.020332353342658815, 0.9796676466573412]",
d1-3b,ood_rotten_balanced_v2,66,positive,noul,1,0,"[""false"", ""true""]","[0.523420348936324, 0.47657965106367595]",
d1-3b,ood_rotten_balanced_v2,67,positive,noul,1,1,"[""false"", ""true""]","[0.265880473099817, 0.734119526900183]",
d1-3b,ood_rotten_balanced_v2,68,positive,noul,1,1,"[""false"", ""true""]","[0.16238003666671086, 0.8376199633332891]",
d1-3b,ood_rotten_balanced_v2,72,positive,noul,1,1,"[""false"", ""true""]","[0.031143830534778427, 0.9688561694652216]",
d1-3b,ood_rotten_balanced_v2,74,positive,noul,1,1,"[""false"", ""true""]","[0.045352580554306354, 0.9546474194456936]",
d1-3b,ood_rotten_balanced_v2,75,positive,noul,1,1,"[""false"", ""true""]","[0.018546564512117225, 0.9814534354878828]",
d1-3b,ood_rotten_balanced_v2,77,positive,noul,1,1,"[""false"", ""true""]","[0.019124036750888807, 0.9808759632491112]",
d1-3b,ood_rotten_balanced_v2,78,positive,noul,1,1,"[""false"", ""true""]","[0.0216153327626476, 0.9783846672373524]",
d1-3b,ood_rotten_balanced_v2,79,positive,noul,1,1,"[""false"", ""true""]","[0.31742626558767595, 0.682573734412324]",
d1-3b,ood_rotten_balanced_v2,80,positive,noul,1,1,"[""false"", ""true""]","[0.013428254741968626, 0.9865717452580314]",
d1-3b,ood_rotten_balanced_v2,81,positive,noul,1,1,"[""false"", ""true""]","[0.024423090054107144, 0.9755769099458929]",
d1-3b,ood_rotten_balanced_v2,84,positive,noul,1,1,"[""false"", ""true""]","[0.06754669113962908, 0.9324533088603709]",
d1-3b,ood_rotten_balanced_v2,86,positive,noul,1,1,"[""false"", ""true""]","[0.014063627043245597, 0.9859363729567544]",
d1-3b,ood_rotten_balanced_v2,90,positive,noul,1,0,"[""false"", ""true""]","[0.7217432062975979, 0.2782567937024021]",
d1-3b,ood_rotten_balanced_v2,92,positive,noul,1,1,"[""false"", ""true""]","[0.024053552894426122, 0.9759464471055739]",
d1-3b,ood_rotten_balanced_v2,95,positive,noul,1,1,"[""false"", ""true""]","[0.11920292202211769, 0.8807970779778823]",
d1-3b,ood_rotten_balanced_v2,97,positive,noul,1,1,"[""false"", ""true""]","[0.028007520605988212, 0.9719924793940118]",
d1-3b,ood_rotten_balanced_v2,101,positive,noul,1,1,"[""false"", ""true""]","[0.023330768808480506, 0.9766692311915195]",
d1-3b,ood_rotten_balanced_v2,102,positive,noul,1,1,"[""false"", ""true""]","[0.014728613849722572, 0.9852713861502774]",
d1-3b,ood_rotten_balanced_v2,103,positive,noul,1,1,"[""false"", ""true""]","[0.4455295350395727, 0.5544704649604273]",
d1-3b,ood_rotten_balanced_v2,105,positive,noul,1,1,"[""false"", ""true""]","[0.041462272711409565, 0.9585377272885904]",
d1-3b,ood_rotten_balanced_v2,106,positive,noul,1,1,"[""false"", ""true""]","[0.013848610215564605, 0.9861513897844354]",
d1-3b,ood_rotten_balanced_v2,110,positive,noul,1,1,"[""false"", ""true""]","[0.05033063259747683, 0.9496693674025232]",
d1-3b,ood_rotten_balanced_v2,111,positive,noul,1,1,"[""false"", ""true""]","[0.1127954062828932, 0.8872045937171068]",
d1-3b,ood_rotten_balanced_v2,112,positive,noul,1,1,"[""false"", ""true""]","[0.3923368301671083, 0.6076631698328917]",
d1-3b,ood_rotten_balanced_v2,114,positive,noul,1,1,"[""false"", ""true""]","[0.012624949281564324, 0.9873750507184357]",
d1-3b,ood_rotten_balanced_v2,122,positive,noul,1,1,"[""false"", ""true""]","[0.022286185539225456, 0.9777138144607745]",
d1-3b,ood_rotten_balanced_v2,124,positive,noul,1,1,"[""false"", ""true""]","[0.2782567937024021, 0.7217432062975979]",
d1-3b,ood_rotten_balanced_v2,125,positive,noul,1,1,"[""false"", ""true""]","[0.024798160195585672, 0.9752018398044143]",
d1-3b,ood_rotten_balanced_v2,127,positive,noul,1,1,"[""false"", ""true""]","[0.2120688043571053, 0.7879311956428947]",
d1-3b,ood_rotten_balanced_v2,129,positive,noul,1,0,"[""false"", ""true""]","[0.9688561694652216, 0.031143830534778462]",
d1-3b,ood_rotten_balanced_v2,131,positive,noul,1,1,"[""false"", ""true""]","[0.012821214266594216, 0.9871787857334058]",
d1-3b,ood_rotten_balanced_v2,134,positive,noul,1,1,"[""false"", ""true""]","[0.47657965106367595, 0.523420348936324]",
d1-3b,ood_rotten_balanced_v2,135,positive,noul,1,1,"[""false"", ""true""]","[0.015906391711814738, 0.9840936082881853]",
d1-3b,ood_rotten_balanced_v2,137,positive,noul,1,1,"[""false"", ""true""]","[0.04336579876390678, 0.9566342012360932]",
d1-3b,ood_rotten_balanced_v2,140,positive,noul,1,1,"[""false"", ""true""]","[0.47268347662043286, 0.5273165233795671]",
d1-3b,ood_rotten_balanced_v2,141,positive,noul,1,1,"[""false"", ""true""]","[0.11920292202211769, 0.8807970779778823]",
d1-3b,ood_rotten_balanced_v2,146,positive,noul,1,1,"[""false"", ""true""]","[0.014503579691382051, 0.985496420308618]",
d1-3b,ood_rotten_balanced_v2,150,positive,noul,1,1,"[""false"", ""true""]","[0.1778108694780497, 0.8221891305219503]",
d1-3b,ood_rotten_balanced_v2,152,positive,noul,1,1,"[""false"", ""true""]","[0.39606816627404173, 0.6039318337259583]",
d1-3b,ood_rotten_balanced_v2,154,positive,noul,1,1,"[""false"", ""true""]","[0.047425873177566635, 0.9525741268224334]",
d1-3b,ood_rotten_balanced_v2,155,positive,noul,1,1,"[""false"", ""true""]","[0.015906391711814738, 0.9840936082881853]",
d1-3b,ood_rotten_balanced_v2,156,positive,noul,1,1,"[""false"", ""true""]","[0.012431650853185872, 0.9875683491468141]",
d1-3b,ood_rotten_balanced_v2,157,positive,noul,1,0,"[""false"", ""true""]","[0.8080672135527631, 0.19193278644723683]",
d1-3b,ood_rotten_balanced_v2,159,positive,noul,1,1,"[""false"", ""true""]","[0.06278920859705128, 0.9372107914029487]",
d1-3b,ood_rotten_balanced_v2,161,positive,noul,1,1,"[""false"", ""true""]","[0.01717670901231827, 0.9828232909876817]",
d1-3b,ood_rotten_balanced_v2,164,positive,noul,1,1,"[""false"", ""true""]","[0.05834584061168102, 0.941654159388319]",
d1-3b,ood_rotten_balanced_v2,165,positive,noul,1,1,"[""false"", ""true""]","[0.037892426629607345, 0.9621075733703927]",
d1-3b,ood_rotten_balanced_v2,166,positive,noul,1,1,"[""false"", ""true""]","[0.016657040009228963, 0.983342959990771]",
d1-3b,ood_rotten_balanced_v2,167,positive,noul,1,0,"[""false"", ""true""]","[0.8459424373085145, 0.15405756269148546]",
d1-3b,ood_rotten_balanced_v2,170,positive,noul,1,1,"[""false"", ""true""]","[0.047425873177566635, 0.9525741268224334]",
d1-3b,ood_rotten_balanced_v2,171,positive,noul,1,1,"[""false"", ""true""]","[0.016657040009228963, 0.983342959990771]",
d1-3b,ood_rotten_balanced_v2,173,positive,noul,1,1,"[""false"", ""true""]","[0.034618838839175825, 0.9653811611608242]",
d1-3b,ood_rotten_balanced_v2,176,positive,noul,1,1,"[""false"", ""true""]","[0.0216153327626476, 0.9783846672373524]",
d1-3b,ood_rotten_balanced_v2,180,positive,noul,1,1,"[""false"", ""true""]","[0.013222821752305158, 0.9867771782476948]",
d1-3b,ood_rotten_balanced_v2,181,positive,noul,1,1,"[""false"", ""true""]","[0.013428254741968626, 0.9865717452580314]",
d1-3b,ood_rotten_balanced_v2,183,positive,noul,1,1,"[""false"", ""true""]","[0.35577489351363034, 0.6442251064863697]",
d1-3b,ood_rotten_balanced_v2,184,positive,noul,1,1,"[""false"", ""true""]","[0.09268777863937594, 0.9073122213606241]",
d1-3b,ood_rotten_balanced_v2,185,positive,noul,1,1,"[""false"", ""true""]","[0.4649015713733885, 0.5350984286266115]",
d1-3b,ood_rotten_balanced_v2,186,positive,noul,1,0,"[""false"", ""true""]","[0.6757646010190476, 0.32423539898095244]",
d1-3b,ood_rotten_balanced_v2,188,positive,noul,1,1,"[""false"", ""true""]","[0.048857778622174886, 0.9511422213778251]",
d1-3b,ood_rotten_balanced_v2,189,positive,noul,1,1,"[""false"", ""true""]","[0.015424552081841236, 0.9845754479181588]",
d1-3b,ood_rotten_balanced_v2,192,positive,noul,1,1,"[""false"", ""true""]","[0.03846619201832435, 0.9615338079816756]",
d1-3b,ood_rotten_balanced_v2,193,positive,noul,1,1,"[""false"", ""true""]","[0.15203224162217432, 0.8479677583778257]",
d1-3b,ood_rotten_balanced_v2,195,positive,noul,1,1,"[""false"", ""true""]","[0.023330768808480506, 0.9766692311915195]",
d1-3b,ood_rotten_balanced_v2,196,positive,noul,1,1,"[""false"", ""true""]","[0.01691491326672656, 0.9830850867332734]",
d1-3b,ood_rotten_balanced_v2,198,positive,noul,1,1,"[""false"", ""true""]","[0.019124036750888807, 0.9808759632491112]",
d1-3b,ood_rotten_balanced_v2,199,positive,noul,1,0,"[""false"", ""true""]","[0.712232184238947, 0.2877678157610531]",
d1-3b,ood_rotten_balanced_v2,203,positive,noul,1,1,"[""false"", ""true""]","[0.016152834822141027, 0.983847165177859]",
d1-3b,ood_rotten_balanced_v2,204,positive,noul,1,1,"[""false"", ""true""]","[0.014281933925111234, 0.9857180660748888]",
d1-3b,ood_rotten_balanced_v2,205,positive,noul,1,1,"[""false"", ""true""]","[0.12085323249047064, 0.8791467675095294]",
d1-3b,ood_rotten_balanced_v2,210,positive,noul,1,1,"[""false"", ""true""]","[0.031143830534778427, 0.9688561694652216]",
d1-3b,ood_rotten_balanced_v2,211,positive,noul,1,1,"[""false"", ""true""]","[0.051082736957052566, 0.9489172630429474]",
d1-3b,ood_rotten_balanced_v2,214,positive,noul,1,1,"[""false"", ""true""]","[0.023689471299374376, 0.9763105287006256]",
d1-3b,ood_rotten_balanced_v2,215,positive,noul,1,1,"[""false"", ""true""]","[0.10374862686637976, 0.8962513731336202]",
d1-3b,ood_rotten_balanced_v2,216,positive,noul,1,0,"[""false"", ""true""]","[0.9196425311777929, 0.08035746882220708]",
d1-3b,ood_rotten_balanced_v2,218,positive,noul,1,1,"[""false"", ""true""]","[0.09807932347046, 0.90192067652954]",
d1-3b,ood_rotten_balanced_v2,220,positive,noul,1,1,"[""false"", ""true""]","[0.018264278351857066, 0.9817357216481429]",
d1-3b,ood_rotten_balanced_v2,222,positive,noul,1,1,"[""false"", ""true""]","[0.04272219754649054, 0.9572778024535095]",
d1-3b,ood_rotten_balanced_v2,224,positive,noul,1,1,"[""false"", ""true""]","[0.045352580554306354, 0.9546474194456936]",
d1-3b,ood_rotten_balanced_v2,225,positive,noul,1,0,"[""false"", ""true""]","[0.9632305339244013, 0.036769466075598736]",
d1-3b,ood_rotten_balanced_v2,226,positive,noul,1,1,"[""false"", ""true""]","[0.019419348182448615, 0.9805806518175514]",
d1-3b,ood_rotten_balanced_v2,228,positive,noul,1,1,"[""false"", ""true""]","[0.2628418373713166, 0.7371581626286834]",
d1-3b,ood_rotten_balanced_v2,229,positive,noul,1,1,"[""false"", ""true""]","[0.05500528829345408, 0.9449947117065459]",
d1-3b,ood_rotten_balanced_v2,231,positive,noul,1,1,"[""false"", ""true""]","[0.015424552081841236, 0.9845754479181588]",
d1-3b,ood_rotten_balanced_v2,234,positive,noul,1,1,"[""false"", ""true""]","[0.03161876726864554, 0.9683812327313545]",
d1-3b,ood_rotten_balanced_v2,238,positive,noul,1,1,"[""false"", ""true""]","[0.28457600421652673, 0.7154239957834733]",
d1-3b,ood_rotten_balanced_v2,239,positive,noul,1,1,"[""false"", ""true""]","[0.29421497216298875, 0.7057850278370112]",
d1-3b,ood_rotten_balanced_v2,242,positive,noul,1,1,"[""false"", ""true""]","[0.1871326821624265, 0.8128673178375735]",
d1-3b,ood_rotten_balanced_v2,244,positive,noul,1,1,"[""false"", ""true""]","[0.05340332979982432, 0.9465966702001757]",
d1-3b,ood_rotten_balanced_v2,245,positive,noul,1,1,"[""false"", ""true""]","[0.01883312989043462, 0.9811668701095654]",
d1-3b,ood_rotten_balanced_v2,246,positive,noul,1,1,"[""false"", ""true""]","[0.02194825371486775, 0.9780517462851323]",
d1-3b,ood_rotten_balanced_v2,249,positive,noul,1,1,"[""false"", ""true""]","[0.24220562872535945, 0.7577943712746406]",
d1-3b,ood_rotten_balanced_v2,252,positive,noul,1,1,"[""false"", ""true""]","[0.2628418373713166, 0.7371581626286834]",
d1-3b,ood_rotten_balanced_v2,254,positive,noul,1,0,"[""false"", ""true""]","[0.640635854839898, 0.35936414516010196]",
d1-3b,ood_rotten_balanced_v2,258,positive,noul,1,1,"[""false"", ""true""]","[0.2628418373713166, 0.7371581626286834]",
d1-3b,ood_rotten_balanced_v2,261,positive,noul,1,1,"[""false"", ""true""]","[0.013020490113842875, 0.9869795098861571]",
d1-3b,ood_rotten_balanced_v2,262,positive,noul,1,1,"[""false"", ""true""]","[0.03904829272622645, 0.9609517072737735]",
d1-3b,ood_rotten_balanced_v2,264,positive,noul,1,1,"[""false"", ""true""]","[0.01691491326672656, 0.9830850867332734]",
d1-3b,ood_rotten_balanced_v2,265,positive,noul,1,1,"[""false"", ""true""]","[0.044018649862946346, 0.9559813501370537]",
d1-3b,ood_rotten_balanced_v2,269,positive,noul,1,1,"[""false"", ""true""]","[0.10669059394565128, 0.8933094060543487]",
d1-3b,ood_rotten_balanced_v2,272,positive,noul,1,1,"[""false"", ""true""]","[0.08151975597471894, 0.9184802440252811]",
d1-3b,ood_rotten_balanced_v2,273,positive,noul,1,1,"[""false"", ""true""]","[0.031143830534778427, 0.9688561694652216]",
d1-3b,ood_rotten_balanced_v2,278,positive,noul,1,1,"[""false"", ""true""]","[0.08151975597471894, 0.9184802440252811]",
d1-3b,ood_rotten_balanced_v2,279,positive,noul,1,1,"[""false"", ""true""]","[0.4687906266262437, 0.5312093733737563]",
d1-3b,ood_rotten_balanced_v2,280,positive,noul,1,1,"[""false"", ""true""]","[0.04672495862609238, 0.9532750413739076]",
d1-3b,ood_rotten_balanced_v2,281,positive,noul,1,0,"[""false"", ""true""]","[0.9688561694652216, 0.031143830534778462]",
d1-3b,ood_rotten_balanced_v2,285,positive,noul,1,0,"[""false"", ""true""]","[0.9399133498259924, 0.06008665017400762]",
d1-3b,ood_rotten_balanced_v2,287,positive,noul,1,1,"[""false"", ""true""]","[0.023330768808480506, 0.9766692311915195]",
d1-3b,ood_rotten_balanced_v2,288,positive,noul,1,1,"[""false"", ""true""]","[0.2598256379609837, 0.7401743620390163]",
d1-3b,ood_rotten_balanced_v2,290,positive,noul,1,1,"[""false"", ""true""]","[0.07585818002124345, 0.9241418199787566]",
d1-3b,ood_rotten_balanced_v2,295,positive,noul,1,0,"[""false"", ""true""]","[0.7772998611746912, 0.22270013882530884]",
d1-3b,ood_rotten_balanced_v2,296,positive,noul,1,1,"[""false"", ""true""]","[0.012431650853185872, 0.9875683491468141]",
d1-3b,ood_rotten_balanced_v2,299,positive,noul,1,1,"[""false"", ""true""]","[0.014063627043245597, 0.9859363729567544]",
d1-3b,ood_rotten_balanced_v2,300,positive,noul,1,1,"[""false"", ""true""]","[0.04468087027265022, 0.9553191297273498]",
d1-3b,ood_rotten_balanced_v2,303,positive,noul,1,1,"[""false"", ""true""]","[0.4687906266262437, 0.5312093733737563]",
d1-3b,ood_rotten_balanced_v2,305,positive,noul,1,0,"[""false"", ""true""]","[0.679178699175393, 0.32082130082460697]",
d1-3b,ood_rotten_balanced_v2,306,positive,noul,1,1,"[""false"", ""true""]","[0.025178841700601917, 0.9748211582993981]",
d1-3b,ood_rotten_balanced_v2,307,positive,noul,1,1,"[""false"", ""true""]","[0.012241275291807185, 0.9877587247081928]",
d1-3b,ood_rotten_balanced_v2,310,positive,noul,1,0,"[""false"", ""true""]","[0.7431680086124812, 0.25683199138751883]",
d1-3b,ood_rotten_balanced_v2,314,positive,noul,1,1,"[""false"", ""true""]","[0.03410042571231153, 0.9658995742876885]",
d1-3b,ood_rotten_balanced_v2,315,positive,noul,1,1,"[""false"", ""true""]","[0.01640303251616304, 0.983596967483837]",
d1-3b,ood_rotten_balanced_v2,318,positive,noul,1,1,"[""false"", ""true""]","[0.13117322376181562, 0.8688267762381844]",
d1-3b,ood_rotten_balanced_v2,319,positive,noul,1,1,"[""false"", ""true""]","[0.024053552894426122, 0.9759464471055739]",
d1-3b,ood_rotten_balanced_v2,324,positive,noul,1,1,"[""false"", ""true""]","[0.03732688734412937, 0.9626731126558706]",
d1-3b,ood_rotten_balanced_v2,325,positive,noul,1,1,"[""false"", ""true""]","[0.019124036750888807, 0.9808759632491112]",
d1-3b,ood_rotten_balanced_v2,328,positive,noul,1,0,"[""false"", ""true""]","[0.6926419831347361, 0.30735801686526387]",
d1-3b,ood_rotten_balanced_v2,329,positive,noul,1,1,"[""false"", ""true""]","[0.018264278351857066, 0.9817357216481429]",
d1-3b,ood_rotten_balanced_v2,332,positive,noul,1,0,"[""false"", ""true""]","[0.8991213772699435, 0.10087862273005653]",
d1-3b,ood_rotten_balanced_v2,336,positive,noul,1,0,"[""false"", ""true""]","[0.8856314738181875, 0.1143685261818125]",
d1-3b,ood_rotten_balanced_v2,340,positive,noul,1,0,"[""false"", ""true""]","[0.8438951025545426, 0.1561048974454574]",
d1-3b,ood_rotten_balanced_v2,343,positive,noul,1,1,"[""false"", ""true""]","[0.01640303251616304, 0.983596967483837]",
d1-3b,ood_rotten_balanced_v2,347,positive,noul,1,1,"[""false"", ""true""]","[0.013020490113842875, 0.9869795098861571]",
d1-3b,ood_rotten_balanced_v2,348,positive,noul,1,1,"[""false"", ""true""]","[0.014728613849722572, 0.9852713861502774]",
d1-3b,ood_rotten_balanced_v2,350,positive,noul,1,1,"[""false"", ""true""]","[0.09138210306717132, 0.9086178969328287]",
d1-3b,ood_rotten_balanced_v2,351,positive,noul,1,1,"[""false"", ""true""]","[0.2628418373713166, 0.7371581626286834]",
d1-3b,ood_rotten_balanced_v2,352,positive,noul,1,1,"[""false"", ""true""]","[0.20946968133032529, 0.7905303186696747]",
d1-3b,ood_rotten_balanced_v2,357,positive,noul,1,1,"[""false"", ""true""]","[0.03963883910096999, 0.96036116089903]",
d1-3b,ood_rotten_balanced_v2,360,positive,noul,1,1,"[""false"", ""true""]","[0.022977369910025636, 0.9770226300899744]",
d1-3b,ood_rotten_balanced_v2,364,positive,noul,1,1,"[""false"", ""true""]","[0.04603390239924032, 0.9539660976007597]",
d1-3b,ood_rotten_balanced_v2,365,positive,noul,1,1,"[""false"", ""true""]","[0.1666754046879767, 0.8333245953120233]",
d1-3b,ood_rotten_balanced_v2,372,positive,noul,1,1,"[""false"", ""true""]","[0.03676946607559872, 0.9632305339244013]",
d1-3b,ood_rotten_balanced_v2,373,positive,noul,1,1,"[""false"", ""true""]","[0.04208772791561888, 0.9579122720843811]",
d1-3b,ood_rotten_balanced_v2,374,positive,noul,1,1,"[""false"", ""true""]","[0.033085978388704196, 0.9669140216112958]",
d1-3b,ood_rotten_balanced_v2,378,positive,noul,1,0,"[""false"", ""true""]","[0.7185943925708562, 0.28140560742914383]",
d1-3b,ood_rotten_balanced_v2,379,positive,noul,1,1,"[""false"", ""true""]","[0.060086650174007605, 0.9399133498259924]",
d1-3b,ood_rotten_balanced_v2,380,positive,noul,1,1,"[""false"", ""true""]","[0.30735801686526387, 0.6926419831347361]",
d1-3b,ood_rotten_balanced_v2,386,positive,noul,1,1,"[""false"", ""true""]","[0.16885695214168317, 0.8311430478583168]",
d1-3b,ood_rotten_balanced_v2,388,positive,noul,1,1,"[""false"", ""true""]","[0.03567855087773053, 0.9643214491222695]",
d1-3b,ood_rotten_balanced_v2,393,positive,noul,1,1,"[""false"", ""true""]","[0.01883312989043462, 0.9811668701095654]",
d1-3b,ood_rotten_balanced_v2,396,positive,noul,1,1,"[""false"", ""true""]","[0.1127954062828932, 0.8872045937171068]",
d1-3b,ood_rotten_balanced_v2,397,positive,noul,1,1,"[""false"", ""true""]","[0.14223189500989641, 0.8577681049901036]",
d1-3b,ood_rotten_balanced_v2,400,positive,noul,1,0,"[""false"", ""true""]","[0.8791467675095294, 0.12085323249047067]",
d1-3b,ood_rotten_balanced_v2,401,positive,noul,1,1,"[""false"", ""true""]","[0.014503579691382051, 0.985496420308618]",
d1-3b,ood_rotten_balanced_v2,402,positive,noul,1,1,"[""false"", ""true""]","[0.07921032410902429, 0.9207896758909757]",
d1-3b,ood_rotten_balanced_v2,403,positive,noul,1,1,"[""false"", ""true""]","[0.320821300824607, 0.679178699175393]",
d1-3b,ood_rotten_balanced_v2,406,positive,noul,1,1,"[""false"", ""true""]","[0.02758528222679013, 0.9724147177732099]",
d1-3b,ood_rotten_balanced_v2,407,positive,noul,1,1,"[""false"", ""true""]","[0.06754669113962908, 0.9324533088603709]",
d1-3b,ood_rotten_balanced_v2,408,positive,noul,1,1,"[""false"", ""true""]","[0.1441488530327406, 0.8558511469672594]",
d1-3b,ood_rotten_balanced_v2,409,positive,noul,1,1,"[""false"", ""true""]","[0.19193278644723677, 0.8080672135527632]",
d1-3b,ood_rotten_balanced_v2,410,positive,noul,1,1,"[""false"", ""true""]","[0.035144846400793295, 0.9648551535992067]",
d1-3b,ood_rotten_balanced_v2,414,positive,noul,1,1,"[""false"", ""true""]","[0.015424552081841236, 0.9845754479181588]",
d1-3b,ood_rotten_balanced_v2,424,positive,noul,1,1,"[""false"", ""true""]","[0.032589744766025386, 0.9674102552339746]",
d1-3b,ood_rotten_balanced_v2,425,positive,noul,1,1,"[""false"", ""true""]","[0.18010666408646392, 0.8198933359135361]",
d1-3b,ood_rotten_balanced_v2,429,positive,noul,1,1,"[""false"", ""true""]","[0.024053552894426122, 0.9759464471055739]",
d1-3b,ood_rotten_balanced_v2,432,positive,noul,1,0,"[""false"", ""true""]","[0.9173026573249612, 0.08269734267503885]",
d1-3b,ood_rotten_balanced_v2,433,positive,noul,1,1,"[""false"", ""true""]","[0.032589744766025386, 0.9674102552339746]",
d1-3b,ood_rotten_balanced_v2,437,positive,noul,1,1,"[""false"", ""true""]","[0.08632347658627026, 0.9136765234137297]",
d1-3b,ood_rotten_balanced_v2,443,positive,noul,1,1,"[""false"", ""true""]","[0.10818895456207034, 0.8918110454379297]",
d1-3b,ood_rotten_balanced_v2,446,positive,noul,1,1,"[""false"", ""true""]","[0.1602660323277607, 0.8397339676722393]",
d1-3b,ood_rotten_balanced_v2,449,positive,noul,1,1,"[""false"", ""true""]","[0.1602660323277607, 0.8397339676722393]",
d1-3b,ood_rotten_balanced_v2,450,positive,noul,1,1,"[""false"", ""true""]","[0.32766830082071396, 0.672331699179286]",
d1-3b,ood_rotten_balanced_v2,451,positive,noul,1,1,"[""false"", ""true""]","[0.0888202924001178, 0.9111797075998822]",
d1-3b,ood_rotten_balanced_v2,452,positive,noul,1,1,"[""false"", ""true""]","[0.42632159254749036, 0.5736784074525096]",
d1-3b,ood_rotten_balanced_v2,453,positive,noul,1,0,"[""false"", ""true""]","[0.9481545333502202, 0.05184546664977983]",
d1-3b,ood_rotten_balanced_v2,457,positive,noul,1,1,"[""false"", ""true""]","[0.01971912810734655, 0.9802808718926534]",
d1-3b,ood_rotten_balanced_v2,459,positive,noul,1,1,"[""false"", ""true""]","[0.016657040009228963, 0.983342959990771]",
d1-3b,ood_rotten_balanced_v2,460,positive,noul,1,1,"[""false"", ""true""]","[0.29746994260479465, 0.7025300573952054]",
d1-3b,ood_rotten_balanced_v2,462,positive,noul,1,1,"[""false"", ""true""]","[0.2018132222603788, 0.7981867777396212]",
d1-3b,ood_rotten_balanced_v2,463,positive,noul,1,1,"[""false"", ""true""]","[0.012821214266594216, 0.9871787857334058]",
d1-3b,ood_rotten_balanced_v2,466,positive,noul,1,1,"[""false"", ""true""]","[0.19436781101874467, 0.8056321889812553]",
d1-3b,ood_rotten_balanced_v2,468,positive,noul,1,1,"[""false"", ""true""]","[0.026759283185443183, 0.9732407168145568]",
d1-3b,ood_rotten_balanced_v2,469,positive,noul,1,0,"[""false"", ""true""]","[0.5813030906443133, 0.41869690935568665]",
d1-3b,ood_rotten_balanced_v2,470,positive,noul,1,1,"[""false"", ""true""]","[0.037892426629607345, 0.9621075733703927]",
d1-3b,ood_rotten_balanced_v2,471,positive,noul,1,1,"[""false"", ""true""]","[0.08035746882220707, 0.9196425311777929]",
d1-3b,ood_rotten_balanced_v2,472,positive,noul,1,1,"[""false"", ""true""]","[0.013636835281429893, 0.9863631647185701]",
d1-3b,ood_rotten_balanced_v2,473,positive,noul,1,1,"[""false"", ""true""]","[0.33111973962899144, 0.6688802603710086]",
d1-3b,ood_rotten_balanced_v2,475,positive,noul,1,1,"[""false"", ""true""]","[0.013428254741968626, 0.9865717452580314]",
d1-3b,ood_rotten_balanced_v2,476,positive,noul,1,0,"[""false"", ""true""]","[0.523420348936324, 0.47657965106367595]",
d1-3b,ood_rotten_balanced_v2,477,positive,noul,1,1,"[""false"", ""true""]","[0.28776781576105304, 0.712232184238947]",
d1-3b,ood_rotten_balanced_v2,480,positive,noul,1,1,"[""false"", ""true""]","[0.08269734267503881, 0.9173026573249612]",
d1-3b,ood_rotten_balanced_v2,483,positive,noul,1,1,"[""false"", ""true""]","[0.05184546664977996, 0.94815453335022]",
d1-3b,ood_rotten_balanced_v2,485,positive,noul,1,1,"[""false"", ""true""]","[0.01691491326672656, 0.9830850867332734]",
d1-3b,ood_rotten_balanced_v2,486,positive,noul,1,1,"[""false"", ""true""]","[0.06278920859705128, 0.9372107914029487]",
d1-3b,ood_rotten_balanced_v2,487,positive,noul,1,1,"[""false"", ""true""]","[0.01640303251616304, 0.983596967483837]",
d1-3b,ood_rotten_balanced_v2,490,positive,noul,1,1,"[""false"", ""true""]","[0.033085978388704196, 0.9669140216112958]",
d1-3b,ood_rotten_balanced_v2,492,positive,noul,1,1,"[""false"", ""true""]","[0.041462272711409565, 0.9585377272885904]",
d1-3b,ood_rotten_balanced_v2,493,positive,noul,1,1,"[""false"", ""true""]","[0.024423090054107144, 0.9755769099458929]",
d1-3b,ood_rotten_balanced_v2,496,positive,noul,1,1,"[""false"", ""true""]","[0.15203224162217432, 0.8479677583778257]",
d1-3b,ood_rotten_balanced_v2,497,positive,noul,1,1,"[""false"", ""true""]","[0.334589441253186, 0.665410558746814]",
d1-3b,ood_rotten_balanced_v2,498,positive,noul,1,1,"[""false"", ""true""]","[0.27202455109402246, 0.7279754489059775]",
d1-3b,ood_rotten_balanced_v2,499,positive,noul,1,1,"[""false"", ""true""]","[0.03410042571231153, 0.9658995742876885]",
d1-3b,ood_rotten_balanced_v2,505,positive,noul,1,1,"[""false"", ""true""]","[0.01798620996209155, 0.9820137900379085]",
d1-3b,ood_rotten_balanced_v2,507,positive,noul,1,1,"[""false"", ""true""]","[0.02716923153568107, 0.9728307684643189]",
d1-3b,ood_rotten_balanced_v2,508,positive,noul,1,1,"[""false"", ""true""]","[0.060086650174007605, 0.9399133498259924]",
d1-3b,ood_rotten_balanced_v2,510,positive,noul,1,1,"[""false"", ""true""]","[0.0216153327626476, 0.9783846672373524]",
d1-3b,ood_rotten_balanced_v2,513,positive,noul,1,1,"[""false"", ""true""]","[0.012624949281564324, 0.9873750507184357]",
d1-3b,ood_rotten_balanced_v2,516,positive,noul,1,0,"[""false"", ""true""]","[0.7718434978390747, 0.22815650216092537]",
d1-3b,ood_rotten_balanced_v2,517,positive,noul,1,1,"[""false"", ""true""]","[0.017442484736205244, 0.9825575152637948]",
d1-3b,ood_rotten_balanced_v2,518,positive,noul,1,1,"[""false"", ""true""]","[0.1732882059293266, 0.8267117940706734]",
d1-3b,ood_rotten_balanced_v2,522,positive,noul,1,1,"[""false"", ""true""]","[0.06465348835622386, 0.9353465116437761]",
d1-3b,ood_rotten_balanced_v2,531,positive,noul,1,1,"[""false"", ""true""]","[0.017442484736205244, 0.9825575152637948]",
d1-3b,ood_rotten_balanced_v2,535,positive,noul,0,0,"[""false"", ""true""]","[0.7401743620390163, 0.2598256379609837]",
d1-3b,ood_rotten_balanced_v2,536,positive,noul,0,1,"[""false"", ""true""]","[0.14033624949008328, 0.8596637505099167]",
d1-3b,ood_rotten_balanced_v2,537,positive,noul,0,0,"[""false"", ""true""]","[0.9796676466573413, 0.020332353342658753]",
d1-3b,ood_rotten_balanced_v2,539,positive,noul,0,0,"[""false"", ""true""]","[0.9678992932829918, 0.03210070671700819]",
d1-3b,ood_rotten_balanced_v2,540,positive,noul,0,0,"[""false"", ""true""]","[0.63341026367784, 0.3665897363221599]",
d1-3b,ood_rotten_balanced_v2,542,positive,noul,0,0,"[""false"", ""true""]","[0.9783846672373524, 0.021615332762647654]",
d1-3b,ood_rotten_balanced_v2,551,positive,noul,0,0,"[""false"", ""true""]","[0.9161096135894201, 0.08389038641057993]",
d1-3b,ood_rotten_balanced_v2,553,positive,noul,0,0,"[""false"", ""true""]","[0.9820137900379085, 0.017986209962091555]",
d1-3b,ood_rotten_balanced_v2,555,positive,noul,0,0,"[""false"", ""true""]","[0.9059898203834278, 0.09401017961657226]",
d1-3b,ood_rotten_balanced_v2,556,positive,noul,0,0,"[""false"", ""true""]","[0.9465966702001758, 0.053403329799824234]",
d1-3b,ood_rotten_balanced_v2,560,positive,noul,0,0,"[""false"", ""true""]","[0.935346511643776, 0.06465348835622392]",
d1-3b,ood_rotten_balanced_v2,562,positive,noul,0,0,"[""false"", ""true""]","[0.9585377272885903, 0.04146227271140963]",
d1-3b,ood_rotten_balanced_v2,563,positive,noul,0,0,"[""false"", ""true""]","[0.9683812327313546, 0.03161876726864548]",
d1-3b,ood_rotten_balanced_v2,564,positive,noul,0,0,"[""false"", ""true""]","[0.9732407168145568, 0.026759283185443145]",
d1-3b,ood_rotten_balanced_v2,565,positive,noul,0,1,"[""false"", ""true""]","[0.11596071825396681, 0.8840392817460332]",
d1-3b,ood_rotten_balanced_v2,566,positive,noul,0,0,"[""false"", ""true""]","[0.9609517072737737, 0.03904829272622638]",
d1-3b,ood_rotten_balanced_v2,567,positive,noul,0,0,"[""false"", ""true""]","[0.7248702761768249, 0.2751297238231752]",
d1-3b,ood_rotten_balanced_v2,570,positive,noul,0,0,"[""false"", ""true""]","[0.907312221360624, 0.09268777863937604]",
d1-3b,ood_rotten_balanced_v2,573,positive,noul,0,0,"[""false"", ""true""]","[0.9381240142763573, 0.061875985723642724]",
d1-3b,ood_rotten_balanced_v2,576,positive,noul,0,0,"[""false"", ""true""]","[0.9799765587105448, 0.020023441289455244]",
d1-3b,ood_rotten_balanced_v2,578,positive,noul,0,0,"[""false"", ""true""]","[0.8558511469672594, 0.14414885303274058]",
d1-3b,ood_rotten_balanced_v2,580,positive,noul,0,0,"[""false"", ""true""]","[0.9678992932829918, 0.03210070671700819]",
d1-3b,ood_rotten_balanced_v2,581,positive,noul,0,0,"[""false"", ""true""]","[0.7634837635542924, 0.23651623644570763]",
d1-3b,ood_rotten_balanced_v2,585,positive,noul,0,0,"[""false"", ""true""]","[0.9591542840900507, 0.040845715909949315]",
d1-3b,ood_rotten_balanced_v2,586,positive,noul,0,0,"[""false"", ""true""]","[0.8840392817460332, 0.11596071825396677]",
d1-3b,ood_rotten_balanced_v2,587,positive,noul,0,0,"[""false"", ""true""]","[0.9005297861178929, 0.09947021388210707]",
d1-3b,ood_rotten_balanced_v2,588,positive,noul,0,0,"[""false"", ""true""]","[0.9740426428022031, 0.02595735719779685]",
d1-3b,ood_rotten_balanced_v2,590,positive,noul,0,0,"[""false"", ""true""]","[0.7981867777396212, 0.20181322226037882]",
d1-3b,ood_rotten_balanced_v2,591,positive,noul,0,0,"[""false"", ""true""]","[0.8438951025545426, 0.1561048974454574]",
d1-3b,ood_rotten_balanced_v2,592,positive,noul,0,0,"[""false"", ""true""]","[0.9802808718926534, 0.01971912810734659]",
d1-3b,ood_rotten_balanced_v2,593,positive,noul,0,1,"[""false"", ""true""]","[0.4225046348141882, 0.5774953651858118]",
d1-3b,ood_rotten_balanced_v2,597,positive,noul,0,0,"[""false"", ""true""]","[0.8438951025545426, 0.1561048974454574]",
d1-3b,ood_rotten_balanced_v2,600,positive,noul,0,0,"[""false"", ""true""]","[0.9736446471538802, 0.02635535284611975]",
d1-3b,ood_rotten_balanced_v2,601,positive,noul,0,0,"[""false"", ""true""]","[0.9626731126558705, 0.037326887344129464]",
d1-3b,ood_rotten_balanced_v2,606,positive,noul,0,0,"[""false"", ""true""]","[0.9637799441350252, 0.036220055864974746]",
d1-3b,ood_rotten_balanced_v2,611,positive,noul,0,1,"[""false"", ""true""]","[0.09947021388210708, 0.9005297861178929]",
d1-3b,ood_rotten_balanced_v2,616,positive,noul,0,0,"[""false"", ""true""]","[0.8856314738181875, 0.1143685261818125]",
d1-3b,ood_rotten_balanced_v2,617,positive,noul,0,0,"[""false"", ""true""]","[0.9702399060540358, 0.029760093945964218]",
d1-3b,ood_rotten_balanced_v2,620,positive,noul,0,0,"[""false"", ""true""]","[0.8933094060543488, 0.10669059394565118]",
d1-3b,ood_rotten_balanced_v2,622,positive,noul,0,0,"[""false"", ""true""]","[0.9799765587105448, 0.020023441289455244]",
d1-3b,ood_rotten_balanced_v2,628,positive,noul,0,0,"[""false"", ""true""]","[0.9263037302939515, 0.07369626970604846]",
d1-3b,ood_rotten_balanced_v2,629,positive,noul,0,0,"[""false"", ""true""]","[0.8558511469672594, 0.14414885303274058]",
d1-3b,ood_rotten_balanced_v2,630,positive,noul,0,1,"[""false"", ""true""]","[0.23934934732271163, 0.7606506526772884]",
d1-3b,ood_rotten_balanced_v2,632,positive,noul,0,0,"[""false"", ""true""]","[0.7154239957834733, 0.28457600421652673]",
d1-3b,ood_rotten_balanced_v2,637,positive,noul,0,0,"[""false"", ""true""]","[0.6297746074044134, 0.3702253925955866]",
d1-3b,ood_rotten_balanced_v2,638,positive,noul,0,0,"[""false"", ""true""]","[0.9511422213778251, 0.048857778622174906]",
d1-3b,ood_rotten_balanced_v2,639,positive,noul,0,0,"[""false"", ""true""]","[0.8807970779778824, 0.11920292202211755]",
d1-3b,ood_rotten_balanced_v2,641,positive,noul,0,0,"[""false"", ""true""]","[0.9759464471055739, 0.024053552894426178]",
d1-3b,ood_rotten_balanced_v2,645,positive,noul,0,0,"[""false"", ""true""]","[0.9173026573249612, 0.08269734267503885]",
d1-3b,ood_rotten_balanced_v2,646,positive,noul,0,0,"[""false"", ""true""]","[0.9678992932829918, 0.03210070671700819]",
d1-3b,ood_rotten_balanced_v2,649,positive,noul,0,0,"[""false"", ""true""]","[0.9481545333502202, 0.05184546664977983]",
d1-3b,ood_rotten_balanced_v2,651,positive,noul,0,0,"[""false"", ""true""]","[0.9688561694652216, 0.031143830534778462]",
d1-3b,ood_rotten_balanced_v2,652,positive,noul,0,0,"[""false"", ""true""]","[0.9407897492587141, 0.05921025074128593]",
d1-3b,ood_rotten_balanced_v2,655,positive,noul,0,0,"[""false"", ""true""]","[0.9362850057480346, 0.06371499425196533]",
d1-3b,ood_rotten_balanced_v2,659,positive,noul,0,0,"[""false"", ""true""]","[0.8244619263765707, 0.17553807362342935]",
d1-3b,ood_rotten_balanced_v2,660,positive,noul,0,0,"[""false"", ""true""]","[0.9820137900379085, 0.017986209962091555]",
d1-3b,ood_rotten_balanced_v2,661,positive,noul,0,0,"[""false"", ""true""]","[0.9763105287006256, 0.023689471299374428]",
d1-3b,ood_rotten_balanced_v2,664,positive,noul,0,1,"[""false"", ""true""]","[0.39606816627404173, 0.6039318337259583]",
d1-3b,ood_rotten_balanced_v2,665,positive,noul,0,0,"[""false"", ""true""]","[0.9777138144607745, 0.022286185539225494]",
d1-3b,ood_rotten_balanced_v2,667,positive,noul,0,0,"[""false"", ""true""]","[0.969785412932606, 0.03021458706739398]",
d1-3b,ood_rotten_balanced_v2,668,positive,noul,0,0,"[""false"", ""true""]","[0.9621075733703927, 0.037892426629607394]",
d1-3b,ood_rotten_balanced_v2,670,positive,noul,0,0,"[""false"", ""true""]","[0.9546474194456935, 0.04535258055430642]",
d1-3b,ood_rotten_balanced_v2,674,positive,noul,0,0,"[""false"", ""true""]","[0.9715639669551474, 0.02843603304485266]",
d1-3b,ood_rotten_balanced_v2,676,positive,noul,0,0,"[""false"", ""true""]","[0.888758793492457, 0.11124120650754304]",
d1-3b,ood_rotten_balanced_v2,677,positive,noul,0,0,"[""false"", ""true""]","[0.9609517072737737, 0.03904829272622638]",
d1-3b,ood_rotten_balanced_v2,680,positive,noul,0,1,"[""false"", ""true""]","[0.341582499438317, 0.658417500561683]",
d1-3b,ood_rotten_balanced_v2,681,positive,noul,0,0,"[""false"", ""true""]","[0.9643214491222695, 0.035678550877730524]",
d1-3b,ood_rotten_balanced_v2,682,positive,noul,0,0,"[""false"", ""true""]","[0.9032942067038785, 0.09670579329612154]",
d1-3b,ood_rotten_balanced_v2,683,positive,noul,0,0,"[""false"", ""true""]","[0.9525741268224333, 0.04742587317756679]",
d1-3b,ood_rotten_balanced_v2,686,positive,noul,0,0,"[""false"", ""true""]","[0.9780517462851321, 0.02194825371486785]",
d1-3b,ood_rotten_balanced_v2,687,positive,noul,0,0,"[""false"", ""true""]","[0.9736446471538802, 0.02635535284611975]",
d1-3b,ood_rotten_balanced_v2,688,positive,noul,0,0,"[""false"", ""true""]","[0.9433475746920261, 0.05665242530797383]",
d1-3b,ood_rotten_balanced_v2,691,positive,noul,0,1,"[""false"", ""true""]","[0.42632159254749036, 0.5736784074525096]",
d1-3b,ood_rotten_balanced_v2,693,positive,noul,0,0,"[""false"", ""true""]","[0.9621075733703927, 0.037892426629607394]",
d1-3b,ood_rotten_balanced_v2,703,positive,noul,0,0,"[""false"", ""true""]","[0.927363293639213, 0.07263670636078697]",
d1-3b,ood_rotten_balanced_v2,706,positive,noul,0,0,"[""false"", ""true""]","[0.9518632288833652, 0.04813677111663481]",
d1-3b,ood_rotten_balanced_v2,707,positive,noul,0,0,"[""false"", ""true""]","[0.9770226300899744, 0.02297736991002561]",
d1-3b,ood_rotten_balanced_v2,710,positive,noul,0,0,"[""false"", ""true""]","[0.8539127529517043, 0.14608724704829565]",
d1-3b,ood_rotten_balanced_v2,711,positive,noul,0,0,"[""false"", ""true""]","[0.9219218348550491, 0.07807816514495095]",
d1-3b,ood_rotten_balanced_v2,714,positive,noul,0,0,"[""false"", ""true""]","[0.9787126482065489, 0.021287351793451054]",
d1-3b,ood_rotten_balanced_v2,715,positive,noul,0,0,"[""false"", ""true""]","[0.9648551535992067, 0.03514484640079327]",
d1-3b,ood_rotten_balanced_v2,716,positive,noul,0,0,"[""false"", ""true""]","[0.9381240142763573, 0.061875985723642724]",
d1-3b,ood_rotten_balanced_v2,721,positive,noul,0,0,"[""false"", ""true""]","[0.9783846672373524, 0.021615332762647654]",
d1-3b,ood_rotten_balanced_v2,722,positive,noul,0,1,"[""false"", ""true""]","[0.45326184801538616, 0.5467381519846138]",
d1-3b,ood_rotten_balanced_v2,723,positive,noul,0,0,"[""false"", ""true""]","[0.96036116089903, 0.039638839100970026]",
d1-3b,ood_rotten_balanced_v2,725,positive,noul,0,1,"[""false"", ""true""]","[0.060086650174007605, 0.9399133498259924]",
d1-3b,ood_rotten_balanced_v2,726,positive,noul,0,0,"[""false"", ""true""]","[0.7931059511841119, 0.2068940488158881]",
d1-3b,ood_rotten_balanced_v2,727,positive,noul,0,0,"[""false"", ""true""]","[0.9086178969328287, 0.09138210306717136]",
d1-3b,ood_rotten_balanced_v2,728,positive,noul,0,0,"[""false"", ""true""]","[0.7279754489059775, 0.2720245510940225]",
d1-3b,ood_rotten_balanced_v2,733,positive,noul,0,0,"[""false"", ""true""]","[0.9822877012965886, 0.017712298703411445]",
d1-3b,ood_rotten_balanced_v2,736,positive,noul,0,0,"[""false"", ""true""]","[0.7772998611746912, 0.22270013882530884]",
d1-3b,ood_rotten_balanced_v2,740,positive,noul,0,0,"[""false"", ""true""]","[0.9099070060380482, 0.09009299396195182]",
d1-3b,ood_rotten_balanced_v2,741,positive,noul,0,0,"[""false"", ""true""]","[0.941654159388319, 0.05834584061168106]",
d1-3b,ood_rotten_balanced_v2,743,positive,noul,0,0,"[""false"", ""true""]","[0.9719924793940119, 0.02800752060598813]",
d1-3b,ood_rotten_balanced_v2,745,positive,noul,0,0,"[""false"", ""true""]","[0.8459424373085145, 0.15405756269148546]",
d1-3b,ood_rotten_balanced_v2,748,positive,noul,0,0,"[""false"", ""true""]","[0.9314625069680098, 0.06853749303199023]",
d1-3b,ood_rotten_balanced_v2,750,positive,noul,0,0,"[""false"", ""true""]","[0.9585377272885903, 0.04146227271140963]",
d1-3b,ood_rotten_balanced_v2,751,positive,noul,0,0,"[""false"", ""true""]","[0.9566342012360932, 0.04336579876390677]",
d1-3b,ood_rotten_balanced_v2,753,positive,noul,0,0,"[""false"", ""true""]","[0.9822877012965886, 0.017712298703411445]",
d1-3b,ood_rotten_balanced_v2,754,positive,noul,0,0,"[""false"", ""true""]","[0.9572778024535095, 0.042722197546490565]",
d1-3b,ood_rotten_balanced_v2,755,positive,noul,0,0,"[""false"", ""true""]","[0.9752018398044143, 0.02479816019558566]",
d1-3b,ood_rotten_balanced_v2,757,positive,noul,0,0,"[""false"", ""true""]","[0.9732407168145568, 0.026759283185443145]",
d1-3b,ood_rotten_balanced_v2,765,positive,noul,0,0,"[""false"", ""true""]","[0.9715639669551474, 0.02843603304485266]",
d1-3b,ood_rotten_balanced_v2,768,positive,noul,0,0,"[""false"", ""true""]","[0.9752018398044143, 0.02479816019558566]",
d1-3b,ood_rotten_balanced_v2,769,positive,noul,0,0,"[""false"", ""true""]","[0.9207896758909756, 0.07921032410902437]",
d1-3b,ood_rotten_balanced_v2,770,positive,noul,0,0,"[""false"", ""true""]","[0.9559813501370537, 0.04401864986294638]",
d1-3b,ood_rotten_balanced_v2,773,positive,noul,0,1,"[""false"", ""true""]","[0.4960938294709195, 0.5039061705290805]",
d1-3b,ood_rotten_balanced_v2,778,positive,noul,0,0,"[""false"", ""true""]","[0.9504109770159682, 0.04958902298403175]",
d1-3b,ood_rotten_balanced_v2,779,positive,noul,0,0,"[""false"", ""true""]","[0.7981867777396212, 0.20181322226037882]",
d1-3b,ood_rotten_balanced_v2,784,positive,noul,0,0,"[""false"", ""true""]","[0.8577681049901037, 0.1422318950098963]",
d1-3b,ood_rotten_balanced_v2,786,positive,noul,0,0,"[""false"", ""true""]","[0.9324533088603709, 0.0675466911396291]",
d1-3b,ood_rotten_balanced_v2,787,positive,noul,0,0,"[""false"", ""true""]","[0.9748211582993982, 0.025178841700601855]",
d1-3b,ood_rotten_balanced_v2,788,positive,noul,0,0,"[""false"", ""true""]","[0.9362850057480346, 0.06371499425196533]",
d1-3b,ood_rotten_balanced_v2,791,positive,noul,0,0,"[""false"", ""true""]","[0.9780517462851321, 0.02194825371486785]",
d1-3b,ood_rotten_balanced_v2,795,positive,noul,0,0,"[""false"", ""true""]","[0.9124361604769413, 0.08756383952305867]",
d1-3b,ood_rotten_balanced_v2,800,positive,noul,0,0,"[""false"", ""true""]","[0.7690802370707281, 0.23091976292927183]",
d1-3b,ood_rotten_balanced_v2,801,positive,noul,0,0,"[""false"", ""true""]","[0.9683812327313546, 0.03161876726864548]",
d1-3b,ood_rotten_balanced_v2,805,positive,noul,0,0,"[""false"", ""true""]","[0.9473810466522863, 0.05261895334771377]",
d1-3b,ood_rotten_balanced_v2,807,positive,noul,0,0,"[""false"", ""true""]","[0.9643214491222695, 0.035678550877730524]",
d1-3b,ood_rotten_balanced_v2,810,positive,noul,0,0,"[""false"", ""true""]","[0.519521321952093, 0.480478678047907]",
d1-3b,ood_rotten_balanced_v2,811,positive,noul,0,0,"[""false"", ""true""]","[0.927363293639213, 0.07263670636078697]",
d1-3b,ood_rotten_balanced_v2,815,positive,noul,0,0,"[""false"", ""true""]","[0.611381973294151, 0.38861802670584894]",
d1-3b,ood_rotten_balanced_v2,816,positive,noul,0,0,"[""false"", ""true""]","[0.9688561694652216, 0.031143830534778462]",
d1-3b,ood_rotten_balanced_v2,818,positive,noul,0,1,"[""false"", ""true""]","[0.49218813572079556, 0.5078118642792044]",
d1-3b,ood_rotten_balanced_v2,819,positive,noul,0,1,"[""false"", ""true""]","[0.3738758227716966, 0.6261241772283034]",
d1-3b,ood_rotten_balanced_v2,821,positive,noul,0,0,"[""false"", ""true""]","[0.959762057376384, 0.04023794262361602]",
d1-3b,ood_rotten_balanced_v2,823,positive,noul,0,0,"[""false"", ""true""]","[0.9805806518175514, 0.0194193481824486]",
d1-3b,ood_rotten_balanced_v2,825,positive,noul,0,0,"[""false"", ""true""]","[0.9086178969328287, 0.09138210306717136]",
d1-3b,ood_rotten_balanced_v2,826,positive,noul,0,0,"[""false"", ""true""]","[0.9796676466573413, 0.020332353342658753]",
d1-3b,ood_rotten_balanced_v2,829,positive,noul,0,0,"[""false"", ""true""]","[0.9796676466573413, 0.020332353342658753]",
d1-3b,ood_rotten_balanced_v2,830,positive,noul,0,0,"[""false"", ""true""]","[0.9591542840900507, 0.040845715909949315]",
d1-3b,ood_rotten_balanced_v2,832,positive,noul,0,1,"[""false"", ""true""]","[0.48828339529583464, 0.5117166047041654]",
d1-3b,ood_rotten_balanced_v2,833,positive,noul,0,0,"[""false"", ""true""]","[0.9241418199787564, 0.07585818002124356]",
d1-3b,ood_rotten_balanced_v2,834,positive,noul,0,0,"[""false"", ""true""]","[0.969785412932606, 0.03021458706739398]",
d1-3b,ood_rotten_balanced_v2,837,positive,noul,0,1,"[""false"", ""true""]","[0.060086650174007605, 0.9399133498259924]",
d1-3b,ood_rotten_balanced_v2,839,positive,noul,0,0,"[""false"", ""true""]","[0.9748211582993982, 0.025178841700601855]",
d1-3b,ood_rotten_balanced_v2,840,positive,noul,0,0,"[""false"", ""true""]","[0.981735721648143, 0.01826427835185701]",
d1-3b,ood_rotten_balanced_v2,841,positive,noul,0,0,"[""false"", ""true""]","[0.6150878555160666, 0.38491214448393346]",
d1-3b,ood_rotten_balanced_v2,842,positive,noul,0,1,"[""false"", ""true""]","[0.4960938294709195, 0.5039061705290805]",
d1-3b,ood_rotten_balanced_v2,843,positive,noul,0,0,"[""false"", ""true""]","[0.9425067211996142, 0.05749327880038583]",
d1-3b,ood_rotten_balanced_v2,844,positive,noul,0,0,"[""false"", ""true""]","[0.9796676466573413, 0.020332353342658753]",
d1-3b,ood_rotten_balanced_v2,846,positive,noul,0,0,"[""false"", ""true""]","[0.9615338079816758, 0.03846619201832428]",
d1-3b,ood_rotten_balanced_v2,847,positive,noul,0,0,"[""false"", ""true""]","[0.9532750413739076, 0.04672495862609242]",
d1-3b,ood_rotten_balanced_v2,848,positive,noul,0,0,"[""false"", ""true""]","[0.966410494349896, 0.033589505650103976]",
d1-3b,ood_rotten_balanced_v2,849,positive,noul,0,0,"[""false"", ""true""]","[0.8933094060543488, 0.10669059394565118]",
d1-3b,ood_rotten_balanced_v2,853,positive,noul,0,0,"[""false"", ""true""]","[0.8031737963569014, 0.1968262036430985]",
d1-3b,ood_rotten_balanced_v2,854,positive,noul,0,0,"[""false"", ""true""]","[0.9263037302939515, 0.07369626970604846]",
d1-3b,ood_rotten_balanced_v2,855,positive,noul,0,0,"[""false"", ""true""]","[0.8558511469672594, 0.14414885303274058]",
d1-3b,ood_rotten_balanced_v2,856,positive,noul,0,1,"[""false"", ""true""]","[0.2598256379609837, 0.7401743620390163]",
d1-3b,ood_rotten_balanced_v2,857,positive,noul,0,0,"[""false"", ""true""]","[0.9780517462851321, 0.02194825371486785]",
d1-3b,ood_rotten_balanced_v2,863,positive,noul,0,0,"[""false"", ""true""]","[0.8596637505099167, 0.14033624949008322]",
d1-3b,ood_rotten_balanced_v2,865,positive,noul,0,0,"[""false"", ""true""]","[0.8311430478583168, 0.16885695214168314]",
d1-3b,ood_rotten_balanced_v2,867,positive,noul,0,0,"[""false"", ""true""]","[0.9777138144607745, 0.022286185539225494]",
d1-3b,ood_rotten_balanced_v2,868,positive,noul,0,0,"[""false"", ""true""]","[0.9294404038127071, 0.07055959618729296]",
d1-3b,ood_rotten_balanced_v2,869,positive,noul,0,0,"[""false"", ""true""]","[0.9669140216112959, 0.033085978388704126]",
d1-3b,ood_rotten_balanced_v2,871,positive,noul,0,0,"[""false"", ""true""]","[0.941654159388319, 0.05834584061168106]",
d1-3b,ood_rotten_balanced_v2,874,positive,noul,0,0,"[""false"", ""true""]","[0.9407897492587141, 0.05921025074128593]",
d1-3b,ood_rotten_balanced_v2,876,positive,noul,0,0,"[""false"", ""true""]","[0.9099070060380482, 0.09009299396195182]",
d1-3b,ood_rotten_balanced_v2,877,positive,noul,0,0,"[""false"", ""true""]","[0.9693241982893259, 0.030675801710674105]",
d1-3b,ood_rotten_balanced_v2,880,positive,noul,0,0,"[""false"", ""true""]","[0.9740426428022031, 0.02595735719779685]",
d1-3b,ood_rotten_balanced_v2,881,positive,noul,0,0,"[""false"", ""true""]","[0.9585377272885903, 0.04146227271140963]",
d1-3b,ood_rotten_balanced_v2,882,positive,noul,0,0,"[""false"", ""true""]","[0.9790357591818725, 0.0209642408181275]",
d1-3b,ood_rotten_balanced_v2,883,positive,noul,0,0,"[""false"", ""true""]","[0.5506073655352404, 0.44939263446475963]",
d1-3b,ood_rotten_balanced_v2,885,positive,noul,0,0,"[""false"", ""true""]","[0.9674102552339746, 0.032589744766025344]",
d1-3b,ood_rotten_balanced_v2,886,positive,noul,0,0,"[""false"", ""true""]","[0.9770226300899744, 0.02297736991002561]",
d1-3b,ood_rotten_balanced_v2,888,positive,noul,0,0,"[""false"", ""true""]","[0.8918110454379297, 0.10818895456207035]",
d1-3b,ood_rotten_balanced_v2,891,positive,noul,0,0,"[""false"", ""true""]","[0.9787126482065489, 0.021287351793451054]",
d1-3b,ood_rotten_balanced_v2,893,positive,noul,0,0,"[""false"", ""true""]","[0.6150878555160666, 0.38491214448393346]",
d1-3b,ood_rotten_balanced_v2,897,positive,noul,0,0,"[""false"", ""true""]","[0.8244619263765707, 0.17553807362342935]",
d1-3b,ood_rotten_balanced_v2,898,positive,noul,0,0,"[""false"", ""true""]","[0.9566342012360932, 0.04336579876390677]",
d1-3b,ood_rotten_balanced_v2,899,positive,noul,0,0,"[""false"", ""true""]","[0.9787126482065489, 0.021287351793451054]",
d1-3b,ood_rotten_balanced_v2,901,positive,noul,0,1,"[""false"", ""true""]","[0.334589441253186, 0.665410558746814]",
d1-3b,ood_rotten_balanced_v2,902,positive,noul,0,0,"[""false"", ""true""]","[0.8774767874818408, 0.12252321251815919]",
d1-3b,ood_rotten_balanced_v2,903,positive,noul,0,1,"[""false"", ""true""]","[0.411110869232168, 0.588889130767832]",
d1-3b,ood_rotten_balanced_v2,906,positive,noul,0,0,"[""false"", ""true""]","[0.9805806518175514, 0.0194193481824486]",
d1-3b,ood_rotten_balanced_v2,908,positive,noul,0,0,"[""false"", ""true""]","[0.9609517072737737, 0.03904829272622638]",
d1-3b,ood_rotten_balanced_v2,910,positive,noul,0,0,"[""false"", ""true""]","[0.9465966702001758, 0.053403329799824234]",
d1-3b,ood_rotten_balanced_v2,911,positive,noul,0,0,"[""false"", ""true""]","[0.640635854839898, 0.35936414516010196]",
d1-3b,ood_rotten_balanced_v2,913,positive,noul,0,0,"[""false"", ""true""]","[0.9799765587105448, 0.020023441289455244]",
d1-3b,ood_rotten_balanced_v2,918,positive,noul,0,0,"[""false"", ""true""]","[0.9715639669551474, 0.02843603304485266]",
d1-3b,ood_rotten_balanced_v2,919,positive,noul,0,0,"[""false"", ""true""]","[0.9777138144607745, 0.022286185539225494]",
d1-3b,ood_rotten_balanced_v2,920,positive,noul,0,0,"[""false"", ""true""]","[0.9732407168145568, 0.026759283185443145]",
d1-3b,ood_rotten_balanced_v2,921,positive,noul,0,0,"[""false"", ""true""]","[0.6757646010190476, 0.32423539898095244]",
d1-3b,ood_rotten_balanced_v2,922,positive,noul,0,1,"[""false"", ""true""]","[0.12252321251815934, 0.8774767874818407]",
d1-3b,ood_rotten_balanced_v2,924,positive,noul,0,0,"[""false"", ""true""]","[0.9207896758909756, 0.07921032410902437]",
d1-3b,ood_rotten_balanced_v2,925,positive,noul,0,0,"[""false"", ""true""]","[0.9811668701095653, 0.018833129890434692]",
d1-3b,ood_rotten_balanced_v2,927,positive,noul,0,0,"[""false"", ""true""]","[0.9626731126558705, 0.037326887344129464]",
d1-3b,ood_rotten_balanced_v2,928,positive,noul,0,0,"[""false"", ""true""]","[0.9748211582993982, 0.025178841700601855]",
d1-3b,ood_rotten_balanced_v2,931,positive,noul,0,0,"[""false"", ""true""]","[0.9572778024535095, 0.042722197546490565]",
d1-3b,ood_rotten_balanced_v2,932,positive,noul,0,0,"[""false"", ""true""]","[0.8774767874818408, 0.12252321251815919]",
d1-3b,ood_rotten_balanced_v2,936,positive,noul,0,0,"[""false"", ""true""]","[0.9219218348550491, 0.07807816514495095]",
d1-3b,ood_rotten_balanced_v2,938,positive,noul,0,0,"[""false"", ""true""]","[0.9674102552339746, 0.032589744766025344]",
d1-3b,ood_rotten_balanced_v2,940,positive,noul,0,0,"[""false"", ""true""]","[0.9465966702001758, 0.053403329799824234]",
d1-3b,ood_rotten_balanced_v2,941,positive,noul,0,0,"[""false"", ""true""]","[0.7718434978390747, 0.22815650216092537]",
d1-3b,ood_rotten_balanced_v2,942,positive,noul,0,0,"[""false"", ""true""]","[0.9719924793940119, 0.02800752060598813]",
d1-3b,ood_rotten_balanced_v2,944,positive,noul,0,0,"[""false"", ""true""]","[0.9621075733703927, 0.037892426629607394]",
d1-3b,ood_rotten_balanced_v2,945,positive,noul,0,0,"[""false"", ""true""]","[0.9702399060540358, 0.029760093945964218]",
d1-3b,ood_rotten_balanced_v2,946,positive,noul,0,0,"[""false"", ""true""]","[0.9770226300899744, 0.02297736991002561]",
d1-3b,ood_rotten_balanced_v2,947,positive,noul,0,0,"[""false"", ""true""]","[0.9755769099458927, 0.024423090054107213]",
d1-3b,ood_rotten_balanced_v2,948,positive,noul,0,0,"[""false"", ""true""]","[0.9343951625409307, 0.06560483745906928]",
d1-3b,ood_rotten_balanced_v2,949,positive,noul,0,1,"[""false"", ""true""]","[0.25386100696924896, 0.746138993030751]",
d1-3b,ood_rotten_balanced_v2,953,positive,noul,0,0,"[""false"", ""true""]","[0.8558511469672594, 0.14414885303274058]",
d1-3b,ood_rotten_balanced_v2,956,positive,noul,0,0,"[""false"", ""true""]","[0.9111797075998823, 0.08882029240011771]",
d1-3b,ood_rotten_balanced_v2,957,positive,noul,0,0,"[""false"", ""true""]","[0.9752018398044143, 0.02479816019558566]",
d1-3b,ood_rotten_balanced_v2,958,positive,noul,0,0,"[""false"", ""true""]","[0.9441768588653856, 0.05582314113461443]",
d1-3b,ood_rotten_balanced_v2,960,positive,noul,0,1,"[""false"", ""true""]","[0.07369626970604848, 0.9263037302939515]",
d1-3b,ood_rotten_balanced_v2,966,positive,noul,0,0,"[""false"", ""true""]","[0.9736446471538802, 0.02635535284611975]",
d1-3b,ood_rotten_balanced_v2,969,positive,noul,0,0,"[""false"", ""true""]","[0.9702399060540358, 0.029760093945964218]",
d1-3b,ood_rotten_balanced_v2,970,positive,noul,0,0,"[""false"", ""true""]","[0.9539660976007596, 0.046033902399240385]",
d1-3b,ood_rotten_balanced_v2,976,positive,noul,0,0,"[""false"", ""true""]","[0.9532750413739076, 0.04672495862609242]",
d1-3b,ood_rotten_balanced_v2,980,positive,noul,0,0,"[""false"", ""true""]","[0.9653811611608242, 0.03461883883917583]",
d1-3b,ood_rotten_balanced_v2,983,positive,noul,0,0,"[""false"", ""true""]","[0.9585377272885903, 0.04146227271140963]",
d1-3b,ood_rotten_balanced_v2,984,positive,noul,0,0,"[""false"", ""true""]","[0.9425067211996142, 0.05749327880038583]",
d1-3b,ood_rotten_balanced_v2,985,positive,noul,0,0,"[""false"", ""true""]","[0.9728307684643189, 0.027169231535681047]",
d1-3b,ood_rotten_balanced_v2,987,positive,noul,0,0,"[""false"", ""true""]","[0.8577681049901037, 0.1422318950098963]",
d1-3b,ood_rotten_balanced_v2,989,positive,noul,0,1,"[""false"", ""true""]","[0.1847675106479999, 0.8152324893520001]",
d1-3b,ood_rotten_balanced_v2,991,positive,noul,0,0,"[""false"", ""true""]","[0.9773707999669627, 0.022629200033037256]",
d1-3b,ood_rotten_balanced_v2,992,positive,noul,0,0,"[""false"", ""true""]","[0.9124361604769413, 0.08756383952305867]",
d1-3b,ood_rotten_balanced_v2,998,positive,noul,0,0,"[""false"", ""true""]","[0.9124361604769413, 0.08756383952305867]",
d1-3b,ood_rotten_balanced_v2,999,positive,noul,0,0,"[""false"", ""true""]","[0.981735721648143, 0.01826427835185701]",
d1-3b,ood_rotten_balanced_v2,1000,positive,noul,0,0,"[""false"", ""true""]","[0.9324533088603709, 0.0675466911396291]",
d1-3b,ood_rotten_balanced_v2,1004,positive,noul,0,0,"[""false"", ""true""]","[0.7549149868676283, 0.24508501313237172]",
d1-3b,ood_rotten_balanced_v2,1005,positive,noul,0,0,"[""false"", ""true""]","[0.8670357598021707, 0.13296424019782924]",
d1-3b,ood_rotten_balanced_v2,1007,positive,noul,0,0,"[""false"", ""true""]","[0.7956581000631542, 0.20434189993684582]",
d1-3b,ood_rotten_balanced_v2,1010,positive,noul,0,0,"[""false"", ""true""]","[0.9207896758909756, 0.07921032410902437]",
d1-3b,ood_rotten_balanced_v2,1013,positive,noul,0,0,"[""false"", ""true""]","[0.9740426428022031, 0.02595735719779685]",
d1-3b,ood_rotten_balanced_v2,1014,positive,noul,0,1,"[""false"", ""true""]","[0.13660839002621938, 0.8633916099737806]",
d1-3b,ood_rotten_balanced_v2,1017,positive,noul,0,0,"[""false"", ""true""]","[0.9833429599907709, 0.01665704000922906]",
d1-3b,ood_rotten_balanced_v2,1020,positive,noul,0,0,"[""false"", ""true""]","[0.9740426428022031, 0.02595735719779685]",
d1-3b,ood_rotten_balanced_v2,1021,positive,noul,0,0,"[""false"", ""true""]","[0.9693241982893259, 0.030675801710674105]",
d1-3b,ood_rotten_balanced_v2,1022,positive,noul,0,0,"[""false"", ""true""]","[0.96036116089903, 0.039638839100970026]",
d1-3b,ood_rotten_balanced_v2,1028,positive,noul,0,0,"[""false"", ""true""]","[0.6442251064863697, 0.35577489351363034]",
d1-3b,ood_rotten_balanced_v2,1029,positive,noul,0,0,"[""false"", ""true""]","[0.8198933359135361, 0.18010666408646395]",
d1-3b,ood_rotten_balanced_v2,1030,positive,noul,0,0,"[""false"", ""true""]","[0.9790357591818725, 0.0209642408181275]",
d1-3b,ood_rotten_balanced_v2,1031,positive,noul,0,0,"[""false"", ""true""]","[0.97241471777321, 0.027585282226789985]",
d1-3b,ood_rotten_balanced_v2,1036,positive,noul,0,0,"[""false"", ""true""]","[0.9728307684643189, 0.027169231535681047]",
d1-3b,ood_rotten_balanced_v2,1039,positive,noul,0,0,"[""false"", ""true""]","[0.907312221360624, 0.09268777863937604]",
d1-3b,ood_rotten_balanced_v2,1041,positive,noul,0,0,"[""false"", ""true""]","[0.5698526514141571, 0.4301473485858429]",
d1-3b,ood_rotten_balanced_v2,1042,positive,noul,0,1,"[""false"", ""true""]","[0.35577489351363034, 0.6442251064863697]",
d1-3b,ood_rotten_balanced_v2,1043,positive,noul,0,0,"[""false"", ""true""]","[0.9766692311915195, 0.02333076880848049]",
d1-3b,ood_rotten_balanced_v2,1044,positive,noul,0,0,"[""false"", ""true""]","[0.9591542840900507, 0.040845715909949315]",
d1-3b,ood_rotten_balanced_v2,1045,positive,noul,0,0,"[""false"", ""true""]","[0.8670357598021707, 0.13296424019782924]",
d1-3b,ood_rotten_balanced_v2,1054,positive,noul,0,0,"[""false"", ""true""]","[0.9504109770159682, 0.04958902298403175]",
d1-3b,ood_rotten_balanced_v2,1055,positive,noul,0,1,"[""false"", ""true""]","[0.09807932347046, 0.90192067652954]",
d1-3b,ood_rotten_balanced_v2,1056,positive,noul,0,0,"[""false"", ""true""]","[0.523420348936324, 0.47657965106367595]",
d1-3b,ood_rotten_balanced_v2,1057,positive,noul,0,0,"[""false"", ""true""]","[0.9632305339244013, 0.036769466075598736]",
d1-3b,ood_rotten_balanced_v2,1062,positive,noul,0,0,"[""false"", ""true""]","[0.8991213772699435, 0.10087862273005653]",
d1-3b,ood_rotten_balanced_v2,1063,positive,noul,0,0,"[""false"", ""true""]","[0.9683812327313546, 0.03161876726864548]",
d1-3b,ood_rotten_balanced_v2,1064,positive,noul,0,0,"[""false"", ""true""]","[0.9637799441350252, 0.036220055864974746]",
d1-3b,ood_rotten_balanced_v2,1065,positive,noul,0,0,"[""false"", ""true""]","[0.9207896758909756, 0.07921032410902437]",
d1-3b,ood_sst2_balanced_v2,0,positive,noul,1,1,"[""false"", ""true""]","[0.014957086593149982, 0.98504291340685]",
d1-3b,ood_sst2_balanced_v2,2,positive,noul,1,1,"[""false"", ""true""]","[0.05419872982318552, 0.9458012701768145]",
d1-3b,ood_sst2_balanced_v2,4,positive,noul,0,0,"[""false"", ""true""]","[0.9805806518175514, 0.0194193481824486]",
d1-3b,ood_sst2_balanced_v2,6,positive,noul,0,0,"[""false"", ""true""]","[0.9496693674025232, 0.05033063259747688]",
d1-3b,ood_sst2_balanced_v2,7,positive,noul,0,0,"[""false"", ""true""]","[0.7879311956428947, 0.21206880435710532]",
d1-3b,ood_sst2_balanced_v2,8,positive,noul,1,1,"[""false"", ""true""]","[0.037892426629607345, 0.9621075733703927]",
d1-3b,ood_sst2_balanced_v2,9,positive,noul,0,0,"[""false"", ""true""]","[0.9755769099458927, 0.024423090054107213]",
d1-3b,ood_sst2_balanced_v2,10,positive,noul,1,1,"[""false"", ""true""]","[0.014063627043245597, 0.9859363729567544]",
d1-3b,ood_sst2_balanced_v2,11,positive,noul,0,0,"[""false"", ""true""]","[0.9518632288833652, 0.04813677111663481]",
d1-3b,ood_sst2_balanced_v2,12,positive,noul,0,0,"[""false"", ""true""]","[0.9688561694652216, 0.031143830534778462]",
d1-3b,ood_sst2_balanced_v2,13,positive,noul,1,0,"[""false"", ""true""]","[0.5039061705290805, 0.4960938294709195]",
d1-3b,ood_sst2_balanced_v2,15,positive,noul,1,1,"[""false"", ""true""]","[0.014063627043245597, 0.9859363729567544]",
d1-3b,ood_sst2_balanced_v2,23,positive,noul,1,1,"[""false"", ""true""]","[0.013848610215564605, 0.9861513897844354]",
d1-3b,ood_sst2_balanced_v2,25,positive,noul,0,0,"[""false"", ""true""]","[0.9637799441350252, 0.036220055864974746]",
d1-3b,ood_sst2_balanced_v2,26,positive,noul,0,0,"[""false"", ""true""]","[0.9693241982893259, 0.030675801710674105]",
d1-3b,ood_sst2_balanced_v2,28,positive,noul,0,0,"[""false"", ""true""]","[0.9799765587105448, 0.020023441289455244]",
d1-3b,ood_sst2_balanced_v2,31,positive,noul,0,0,"[""false"", ""true""]","[0.9504109770159682, 0.04958902298403175]",
d1-3b,ood_sst2_balanced_v2,32,positive,noul,1,1,"[""false"", ""true""]","[0.012241275291807185, 0.9877587247081928]",
d1-3b,ood_sst2_balanced_v2,34,positive,noul,0,0,"[""false"", ""true""]","[0.9744347860767304, 0.025565213923269593]",
d1-3b,ood_sst2_balanced_v2,35,positive,noul,0,0,"[""false"", ""true""]","[0.9511422213778251, 0.048857778622174906]",
d1-3b,ood_sst2_balanced_v2,36,positive,noul,1,1,"[""false"", ""true""]","[0.020023441289455324, 0.9799765587105447]",
d1-3b,ood_sst2_balanced_v2,37,positive,noul,0,0,"[""false"", ""true""]","[0.8267117940706734, 0.17328820592932656]",
d1-3b,ood_sst2_balanced_v2,38,positive,noul,1,1,"[""false"", ""true""]","[0.072636706360787, 0.927363293639213]",
d1-3b,ood_sst2_balanced_v2,39,positive,noul,1,1,"[""false"", ""true""]","[0.020023441289455324, 0.9799765587105447]",
d1-3b,ood_sst2_balanced_v2,43,positive,noul,1,1,"[""false"", ""true""]","[0.024798160195585672, 0.9752018398044143]",
d1-3b,ood_sst2_balanced_v2,44,positive,noul,0,0,"[""false"", ""true""]","[0.8962513731336202, 0.10374862686637971]",
d1-3b,ood_sst2_balanced_v2,45,positive,noul,0,0,"[""false"", ""true""]","[0.9637799441350252, 0.036220055864974746]",
d1-3b,ood_sst2_balanced_v2,46,positive,noul,0,0,"[""false"", ""true""]","[0.9136765234137297, 0.08632347658627028]",
d1-3b,ood_sst2_balanced_v2,48,positive,noul,1,1,"[""false"", ""true""]","[0.03846619201832435, 0.9615338079816756]",
d1-3b,ood_sst2_balanced_v2,50,positive,noul,0,0,"[""false"", ""true""]","[0.9744347860767304, 0.025565213923269593]",
d1-3b,ood_sst2_balanced_v2,51,positive,noul,1,1,"[""false"", ""true""]","[0.019419348182448615, 0.9805806518175514]",
d1-3b,ood_sst2_balanced_v2,53,positive,noul,1,1,"[""false"", ""true""]","[0.022977369910025636, 0.9770226300899744]",
d1-3b,ood_sst2_balanced_v2,55,positive,noul,1,1,"[""false"", ""true""]","[0.013636835281429893, 0.9863631647185701]",
d1-3b,ood_sst2_balanced_v2,57,positive,noul,0,0,"[""false"", ""true""]","[0.9005297861178929, 0.09947021388210707]",
d1-3b,ood_sst2_balanced_v2,59,positive,noul,0,0,"[""false"", ""true""]","[0.9748211582993982, 0.025178841700601855]",
d1-3b,ood_sst2_balanced_v2,61,positive,noul,0,0,"[""false"", ""true""]","[0.9284088005554475, 0.07159119944455247]",
d1-3b,ood_sst2_balanced_v2,62,positive,noul,1,1,"[""false"", ""true""]","[0.10374862686637976, 0.8962513731336202]",
d1-3b,ood_sst2_balanced_v2,63,positive,noul,1,1,"[""false"", ""true""]","[0.05033063259747683, 0.9496693674025232]",
d1-3b,ood_sst2_balanced_v2,65,positive,noul,0,0,"[""false"", ""true""]","[0.679178699175393, 0.32082130082460697]",
d1-3b,ood_sst2_balanced_v2,66,positive,noul,1,1,"[""false"", ""true""]","[0.1242130083520534, 0.8757869916479466]",
d1-3b,ood_sst2_balanced_v2,67,positive,noul,1,1,"[""false"", ""true""]","[0.01115803124808401, 0.988841968751916]",
d1-3b,ood_sst2_balanced_v2,68,positive,noul,1,1,"[""false"", ""true""]","[0.11124120650754299, 0.888758793492457]",
d1-3b,ood_sst2_balanced_v2,70,positive,noul,0,0,"[""false"", ""true""]","[0.9032942067038785, 0.09670579329612154]",
d1-3b,ood_sst2_balanced_v2,72,positive,noul,1,1,"[""false"", ""true""]","[0.024423090054107144, 0.9755769099458929]",
d1-3b,ood_sst2_balanced_v2,73,positive,noul,1,1,"[""false"", ""true""]","[0.03904829272622645, 0.9609517072737735]",
d1-3b,ood_sst2_balanced_v2,74,positive,noul,0,0,"[""false"", ""true""]","[0.9790357591818725, 0.0209642408181275]",
d1-3b,ood_sst2_balanced_v2,75,positive,noul,1,1,"[""false"", ""true""]","[0.035144846400793295, 0.9648551535992067]",
d1-3b,ood_sst2_balanced_v2,76,positive,noul,0,0,"[""false"", ""true""]","[0.9783846672373524, 0.021615332762647654]",
d1-3b,ood_sst2_balanced_v2,77,positive,noul,1,1,"[""false"", ""true""]","[0.09138210306717132, 0.9086178969328287]",
d1-3b,ood_sst2_balanced_v2,81,positive,noul,0,0,"[""false"", ""true""]","[0.8872045937171068, 0.11279540628289324]",
d1-3b,ood_sst2_balanced_v2,82,positive,noul,0,0,"[""false"", ""true""]","[0.9343951625409307, 0.06560483745906928]",
d1-3b,ood_sst2_balanced_v2,83,positive,noul,1,1,"[""false"", ""true""]","[0.03732688734412937, 0.9626731126558706]",
d1-3b,ood_sst2_balanced_v2,87,positive,noul,1,1,"[""false"", ""true""]","[0.36296920551961687, 0.6370307944803831]",
d1-3b,ood_sst2_balanced_v2,90,positive,noul,1,1,"[""false"", ""true""]","[0.12592276483513232, 0.8740772351648677]",
d1-3b,ood_sst2_balanced_v2,91,positive,noul,1,0,"[""false"", ""true""]","[0.679178699175393, 0.32082130082460697]",
d1-3b,ood_sst2_balanced_v2,92,positive,noul,0,0,"[""false"", ""true""]","[0.7772998611746912, 0.22270013882530884]",
d1-3b,ood_sst2_balanced_v2,93,positive,noul,1,1,"[""false"", ""true""]","[0.23091976292927174, 0.7690802370707283]",
d1-3b,ood_sst2_balanced_v2,94,positive,noul,1,1,"[""false"", ""true""]","[0.01691491326672656, 0.9830850867332734]",
d1-3b,ood_sst2_balanced_v2,95,positive,noul,0,1,"[""false"", ""true""]","[0.03963883910096999, 0.96036116089903]",
d1-3b,ood_sst2_balanced_v2,97,positive,noul,1,1,"[""false"", ""true""]","[0.024798160195585672, 0.9752018398044143]",
d1-3b,ood_sst2_balanced_v2,98,positive,noul,0,0,"[""false"", ""true""]","[0.9766692311915195, 0.02333076880848049]",
d1-3b,ood_sst2_balanced_v2,100,positive,noul,1,1,"[""false"", ""true""]","[0.03732688734412937, 0.9626731126558706]",
d1-3b,ood_sst2_balanced_v2,101,positive,noul,0,0,"[""false"", ""true""]","[0.9688561694652216, 0.031143830534778462]",
d1-3b,ood_sst2_balanced_v2,103,positive,noul,1,1,"[""false"", ""true""]","[0.013222821752305158, 0.9867771782476948]",
d1-3b,ood_sst2_balanced_v2,105,positive,noul,0,0,"[""false"", ""true""]","[0.9489172630429475, 0.05108273695705249]",
d1-3b,ood_sst2_balanced_v2,106,positive,noul,1,1,"[""false"", ""true""]","[0.07159119944455239, 0.9284088005554476]",
d1-3b,ood_sst2_balanced_v2,107,positive,noul,0,0,"[""false"", ""true""]","[0.969785412932606, 0.03021458706739398]",
d1-3b,ood_sst2_balanced_v2,109,positive,noul,1,1,"[""false"", ""true""]","[0.01798620996209155, 0.9820137900379085]",
d1-3b,ood_sst2_balanced_v2,111,positive,noul,0,0,"[""false"", ""true""]","[0.9632305339244013, 0.036769466075598736]",
d1-3b,ood_sst2_balanced_v2,113,positive,noul,0,0,"[""false"", ""true""]","[0.9766692311915195, 0.02333076880848049]",
d1-3b,ood_sst2_balanced_v2,114,positive,noul,1,1,"[""false"", ""true""]","[0.12085323249047064, 0.8791467675095294]",
d1-3b,ood_sst2_balanced_v2,116,positive,noul,1,1,"[""false"", ""true""]","[0.020023441289455324, 0.9799765587105447]",
d1-3b,ood_sst2_balanced_v2,117,positive,noul,1,1,"[""false"", ""true""]","[0.024423090054107144, 0.9755769099458929]",
d1-3b,ood_sst2_balanced_v2,118,positive,noul,0,0,"[""false"", ""true""]","[0.8267117940706734, 0.17328820592932656]",
d1-3b,ood_sst2_balanced_v2,119,positive,noul,0,0,"[""false"", ""true""]","[0.8705972684083609, 0.12940273159163906]",
d1-3b,ood_sst2_balanced_v2,120,positive,noul,1,1,"[""false"", ""true""]","[0.03904829272622645, 0.9609517072737735]",
d1-3b,ood_sst2_balanced_v2,122,positive,noul,1,1,"[""false"", ""true""]","[0.013848610215564605, 0.9861513897844354]",
d1-3b,ood_sst2_balanced_v2,124,positive,noul,1,1,"[""false"", ""true""]","[0.07159119944455239, 0.9284088005554476]",
d1-3b,ood_sst2_balanced_v2,127,positive,noul,0,0,"[""false"", ""true""]","[0.9585377272885903, 0.04146227271140963]",
d1-3b,ood_sst2_balanced_v2,131,positive,noul,0,0,"[""false"", ""true""]","[0.90192067652954, 0.09807932347046003]",
d1-3b,ood_sst2_balanced_v2,135,positive,noul,0,0,"[""false"", ""true""]","[0.9489172630429475, 0.05108273695705249]",
d1-3b,ood_sst2_balanced_v2,136,positive,noul,0,0,"[""false"", ""true""]","[0.9207896758909756, 0.07921032410902437]",
d1-3b,ood_sst2_balanced_v2,139,positive,noul,0,0,"[""false"", ""true""]","[0.8791467675095294, 0.12085323249047067]",
d1-3b,ood_sst2_balanced_v2,140,positive,noul,0,0,"[""false"", ""true""]","[0.9525741268224333, 0.04742587317756679]",
d1-3b,ood_sst2_balanced_v2,142,positive,noul,1,1,"[""false"", ""true""]","[0.15203224162217432, 0.8479677583778257]",
d1-3b,ood_sst2_balanced_v2,144,positive,noul,0,0,"[""false"", ""true""]","[0.9693241982893259, 0.030675801710674105]",
d1-3b,ood_sst2_balanced_v2,147,positive,noul,0,0,"[""false"", ""true""]","[0.8267117940706734, 0.17328820592932656]",
d1-3b,ood_sst2_balanced_v2,150,positive,noul,1,1,"[""false"", ""true""]","[0.0206459307392185, 0.9793540692607815]",
d1-3b,ood_sst2_balanced_v2,151,positive,noul,1,1,"[""false"", ""true""]","[0.015906391711814738, 0.9840936082881853]",
d1-3b,ood_sst2_balanced_v2,152,positive,noul,1,1,"[""false"", ""true""]","[0.12765262532179067, 0.8723473746782093]",
d1-3b,ood_sst2_balanced_v2,153,positive,noul,0,0,"[""false"", ""true""]","[0.9752018398044143, 0.02479816019558566]",
d1-3b,ood_sst2_balanced_v2,154,positive,noul,1,1,"[""false"", ""true""]","[0.05921025074128594, 0.9407897492587141]",
d1-3b,ood_sst2_balanced_v2,155,positive,noul,0,0,"[""false"", ""true""]","[0.969785412932606, 0.03021458706739398]",
d1-3b,ood_sst2_balanced_v2,157,positive,noul,0,0,"[""false"", ""true""]","[0.969785412932606, 0.03021458706739398]",
d1-3b,ood_sst2_balanced_v2,159,positive,noul,1,1,"[""false"", ""true""]","[0.2018132222603788, 0.7981867777396212]",
d1-3b,ood_sst2_balanced_v2,164,positive,noul,1,1,"[""false"", ""true""]","[0.1242130083520534, 0.8757869916479466]",
d1-3b,ood_sst2_balanced_v2,167,positive,noul,0,0,"[""false"", ""true""]","[0.9632305339244013, 0.036769466075598736]",
d1-3b,ood_sst2_balanced_v2,169,positive,noul,1,1,"[""false"", ""true""]","[0.014281933925111234, 0.9857180660748888]",
d1-3b,ood_sst2_balanced_v2,170,positive,noul,1,1,"[""false"", ""true""]","[0.021287351793451093, 0.9787126482065489]",
d1-3b,ood_sst2_balanced_v2,171,positive,noul,0,0,"[""false"", ""true""]","[0.5774953651858117, 0.42250463481418826]",
d1-3b,ood_sst2_balanced_v2,173,positive,noul,0,0,"[""false"", ""true""]","[0.7853085808877581, 0.2146914191122419]",
d1-3b,ood_sst2_balanced_v2,174,positive,noul,1,1,"[""false"", ""true""]","[0.05419872982318552, 0.9458012701768145]",
d1-3b,ood_sst2_balanced_v2,176,positive,noul,0,0,"[""false"", ""true""]","[0.9678992932829918, 0.03210070671700819]",
d1-3b,ood_sst2_balanced_v2,177,positive,noul,0,0,"[""false"", ""true""]","[0.897695292107347, 0.10230470789265303]",
d1-3b,ood_sst2_balanced_v2,180,positive,noul,0,0,"[""false"", ""true""]","[0.9196425311777929, 0.08035746882220708]",
d1-3b,ood_sst2_balanced_v2,181,positive,noul,0,0,"[""false"", ""true""]","[0.9615338079816758, 0.03846619201832428]",
d1-3b,ood_sst2_balanced_v2,182,positive,noul,0,0,"[""false"", ""true""]","[0.9632305339244013, 0.036769466075598736]",
d1-3b,ood_sst2_balanced_v2,189,positive,noul,0,0,"[""false"", ""true""]","[0.5621765008857982, 0.4378234991142019]",
d1-3b,ood_sst2_balanced_v2,190,positive,noul,0,0,"[""false"", ""true""]","[0.9748211582993982, 0.025178841700601855]",
d1-3b,ood_sst2_balanced_v2,193,positive,noul,1,1,"[""false"", ""true""]","[0.06754669113962908, 0.9324533088603709]",
d1-3b,ood_sst2_balanced_v2,194,positive,noul,1,1,"[""false"", ""true""]","[0.09138210306717132, 0.9086178969328287]",
d1-3b,ood_sst2_balanced_v2,197,positive,noul,0,0,"[""false"", ""true""]","[0.9763105287006256, 0.023689471299374428]",
d1-3b,ood_sst2_balanced_v2,200,positive,noul,1,1,"[""false"", ""true""]","[0.42632159254749036, 0.5736784074525096]",
d1-3b,ood_sst2_balanced_v2,201,positive,noul,1,1,"[""false"", ""true""]","[0.3486451353339458, 0.6513548646660542]",
d1-3b,ood_sst2_balanced_v2,203,positive,noul,0,0,"[""false"", ""true""]","[0.9777138144607745, 0.022286185539225494]",
d1-3b,ood_sst2_balanced_v2,206,positive,noul,1,1,"[""false"", ""true""]","[0.0216153327626476, 0.9783846672373524]",
d1-3b,ood_sst2_balanced_v2,207,positive,noul,1,1,"[""false"", ""true""]","[0.012431650853185872, 0.9875683491468141]",
d1-3b,ood_sst2_balanced_v2,210,positive,noul,1,1,"[""false"", ""true""]","[0.013428254741968626, 0.9865717452580314]",
d1-3b,ood_sst2_balanced_v2,214,positive,noul,0,0,"[""false"", ""true""]","[0.9294404038127071, 0.07055959618729296]",
d1-3b,ood_sst2_balanced_v2,215,positive,noul,1,1,"[""false"", ""true""]","[0.061875985723642724, 0.9381240142763573]",
d1-3b,ood_sst2_balanced_v2,217,positive,noul,0,0,"[""false"", ""true""]","[0.8902942261220292, 0.10970577387797074]",
d1-3b,ood_sst2_balanced_v2,218,positive,noul,0,0,"[""false"", ""true""]","[0.9046505351008904, 0.0953494648991095]",
d1-3b,ood_sst2_balanced_v2,219,positive,noul,1,1,"[""false"", ""true""]","[0.20434189993684593, 0.7956581000631541]",
d1-3b,ood_sst2_balanced_v2,220,positive,noul,1,1,"[""false"", ""true""]","[0.04272219754649054, 0.9572778024535095]",
d1-3b,ood_sst2_balanced_v2,221,positive,noul,0,0,"[""false"", ""true""]","[0.9787126482065489, 0.021287351793451054]",
d1-3b,ood_sst2_balanced_v2,223,positive,noul,1,1,"[""false"", ""true""]","[0.399811640739795, 0.600188359260205]",
d1-3b,ood_sst2_balanced_v2,227,positive,noul,1,1,"[""false"", ""true""]","[0.018264278351857066, 0.9817357216481429]",
d1-3b,ood_sst2_balanced_v2,229,positive,noul,0,0,"[""false"", ""true""]","[0.9637799441350252, 0.036220055864974746]",
d1-3b,ood_sst2_balanced_v2,233,positive,noul,0,0,"[""false"", ""true""]","[0.9591542840900507, 0.040845715909949315]",
d1-3b,ood_sst2_balanced_v2,237,positive,noul,0,0,"[""false"", ""true""]","[0.9790357591818725, 0.0209642408181275]",
d1-3b,ood_sst2_balanced_v2,238,positive,noul,0,0,"[""false"", ""true""]","[0.9433475746920261, 0.05665242530797383]",
d1-3b,ood_sst2_balanced_v2,239,positive,noul,1,1,"[""false"", ""true""]","[0.01883312989043462, 0.9811668701095654]",
d1-3b,ood_sst2_balanced_v2,240,positive,noul,1,1,"[""false"", ""true""]","[0.030214587067393883, 0.9697854129326061]",
d1-3b,ood_sst2_balanced_v2,241,positive,noul,0,0,"[""false"", ""true""]","[0.9539660976007596, 0.046033902399240385]",
d1-3b,ood_sst2_balanced_v2,242,positive,noul,0,0,"[""false"", ""true""]","[0.969785412932606, 0.03021458706739398]",
d1-3b,ood_sst2_balanced_v2,243,positive,noul,1,1,"[""false"", ""true""]","[0.09268777863937594, 0.9073122213606241]",
d1-3b,ood_sst2_balanced_v2,244,positive,noul,1,1,"[""false"", ""true""]","[0.016657040009228963, 0.983342959990771]",
d1-3b,ood_sst2_balanced_v2,245,positive,noul,1,1,"[""false"", ""true""]","[0.060975180864964784, 0.9390248191350352]",
d1-3b,ood_sst2_balanced_v2,246,positive,noul,1,1,"[""false"", ""true""]","[0.0288709069462878, 0.9711290930537122]",
d1-3b,ood_sst2_balanced_v2,248,positive,noul,1,1,"[""false"", ""true""]","[0.2568319913875189, 0.7431680086124811]",
d1-3b,ood_sst2_balanced_v2,253,positive,noul,0,0,"[""false"", ""true""]","[0.7634837635542924, 0.23651623644570763]",
d1-3b,ood_sst2_balanced_v2,258,positive,noul,0,0,"[""false"", ""true""]","[0.9732407168145568, 0.026759283185443145]",
d1-3b,ood_sst2_balanced_v2,259,positive,noul,1,1,"[""false"", ""true""]","[0.03676946607559872, 0.9632305339244013]",
d1-3b,ood_sst2_balanced_v2,261,positive,noul,1,1,"[""false"", ""true""]","[0.14033624949008328, 0.8596637505099167]",
d1-3b,ood_sst2_balanced_v2,262,positive,noul,0,0,"[""false"", ""true""]","[0.9481545333502202, 0.05184546664977983]",
d1-3b,ood_sst2_balanced_v2,264,positive,noul,0,0,"[""false"", ""true""]","[0.9465966702001758, 0.053403329799824234]",
d1-3b,ood_sst2_balanced_v2,265,positive,noul,0,0,"[""false"", ""true""]","[0.959762057376384, 0.04023794262361602]",
d1-3b,ood_sst2_balanced_v2,266,positive,noul,1,1,"[""false"", ""true""]","[0.34510527095787247, 0.6548947290421275]",
d1-3b,ood_sst2_balanced_v2,270,positive,noul,1,1,"[""false"", ""true""]","[0.031143830534778427, 0.9688561694652216]",
d1-3b,ood_sst2_balanced_v2,273,positive,noul,1,0,"[""false"", ""true""]","[0.611381973294151, 0.38861802670584894]",
d1-3b,ood_sst2_balanced_v2,275,positive,noul,1,1,"[""false"", ""true""]","[0.013222821752305158, 0.9867771782476948]",
d1-3b,ood_sst2_balanced_v2,276,positive,noul,1,1,"[""false"", ""true""]","[0.06465348835622386, 0.9353465116437761]",
d1-3b,ood_sst2_balanced_v2,277,positive,noul,1,1,"[""false"", ""true""]","[0.06954174450582806, 0.9304582554941719]",
d1-3b,ood_sst2_balanced_v2,278,positive,noul,0,0,"[""false"", ""true""]","[0.7577943712746406, 0.24220562872535945]",
d1-3b,ood_sst2_balanced_v2,280,positive,noul,1,1,"[""false"", ""true""]","[0.030675801710674078, 0.9693241982893259]",
d1-3b,ood_sst2_balanced_v2,281,positive,noul,0,0,"[""false"", ""true""]","[0.9728307684643189, 0.027169231535681047]",
d1-3b,ood_sst2_balanced_v2,282,positive,noul,1,0,"[""false"", ""true""]","[0.9711290930537121, 0.028870906946287907]",
d1-3b,ood_sst2_balanced_v2,284,positive,noul,0,0,"[""false"", ""true""]","[0.9728307684643189, 0.027169231535681047]",
d1-3b,ood_sst2_balanced_v2,285,positive,noul,0,0,"[""false"", ""true""]","[0.9390248191350352, 0.06097518086496481]",
d1-3b,ood_sst2_balanced_v2,287,positive,noul,1,1,"[""false"", ""true""]","[0.02976009394596435, 0.9702399060540357]",
d1-3b,ood_sst2_balanced_v2,288,positive,noul,1,1,"[""false"", ""true""]","[0.017442484736205244, 0.9825575152637948]",
d1-3b,ood_sst2_balanced_v2,291,positive,noul,0,0,"[""false"", ""true""]","[0.9390248191350352, 0.06097518086496481]",
d1-3b,ood_sst2_balanced_v2,293,positive,noul,1,1,"[""false"", ""true""]","[0.05033063259747683, 0.9496693674025232]",
d1-3b,ood_sst2_balanced_v2,294,positive,noul,1,1,"[""false"", ""true""]","[0.022629200033037145, 0.9773707999669629]",
d1-3b,ood_sst2_balanced_v2,295,positive,noul,1,1,"[""false"", ""true""]","[0.2509127868852725, 0.7490872131147275]",
d1-3b,ood_sst2_balanced_v2,299,positive,noul,1,1,"[""false"", ""true""]","[0.13846179056896435, 0.8615382094310357]",
d1-3b,ood_sst2_balanced_v2,300,positive,noul,1,1,"[""false"", ""true""]","[0.020332353342658815, 0.9796676466573412]",
d1-3b,ood_sst2_balanced_v2,302,positive,noul,1,1,"[""false"", ""true""]","[0.017442484736205244, 0.9825575152637948]",
d1-3b,ood_sst2_balanced_v2,304,positive,noul,1,1,"[""false"", ""true""]","[0.016152834822141027, 0.983847165177859]",
d1-3b,ood_sst2_balanced_v2,308,positive,noul,1,0,"[""false"", ""true""]","[0.8459424373085145, 0.15405756269148546]",
d1-3b,ood_sst2_balanced_v2,309,positive,noul,1,1,"[""false"", ""true""]","[0.02976009394596435, 0.9702399060540357]",
d1-3b,ood_sst2_balanced_v2,310,positive,noul,1,1,"[""false"", ""true""]","[0.08035746882220707, 0.9196425311777929]",
d1-3b,ood_sst2_balanced_v2,312,positive,noul,0,1,"[""false"", ""true""]","[0.399811640739795, 0.600188359260205]",
d1-3b,ood_sst2_balanced_v2,314,positive,noul,1,1,"[""false"", ""true""]","[0.01717670901231827, 0.9828232909876817]",
d1-3b,ood_sst2_balanced_v2,315,positive,noul,0,0,"[""false"", ""true""]","[0.9825575152637946, 0.01744248473620534]",
d1-3b,ood_sst2_balanced_v2,316,positive,noul,1,1,"[""false"", ""true""]","[0.014063627043245597, 0.9859363729567544]",
d1-3b,ood_sst2_balanced_v2,317,positive,noul,1,1,"[""false"", ""true""]","[0.03732688734412937, 0.9626731126558706]",
d1-3b,ood_sst2_balanced_v2,318,positive,noul,0,0,"[""false"", ""true""]","[0.9669140216112959, 0.033085978388704126]",
d1-3b,ood_sst2_balanced_v2,319,positive,noul,0,0,"[""false"", ""true""]","[0.9683812327313546, 0.03161876726864548]",
d1-3b,ood_sst2_balanced_v2,320,positive,noul,1,1,"[""false"", ""true""]","[0.01115803124808401, 0.988841968751916]",
d1-3b,ood_sst2_balanced_v2,321,positive,noul,0,0,"[""false"", ""true""]","[0.5156199157230157, 0.48438008427698437]",
d1-3b,ood_sst2_balanced_v2,322,positive,noul,0,0,"[""false"", ""true""]","[0.9343951625409307, 0.06560483745906928]",
d1-3b,ood_sst2_balanced_v2,323,positive,noul,1,1,"[""false"", ""true""]","[0.2018132222603788, 0.7981867777396212]",
d1-3b,ood_sst2_balanced_v2,324,positive,noul,1,1,"[""false"", ""true""]","[0.4610167793123159, 0.5389832206876841]",
d1-3b,ood_sst2_balanced_v2,326,positive,noul,1,1,"[""false"", ""true""]","[0.02843603304485265, 0.9715639669551474]",
d1-3b,ood_sst2_balanced_v2,329,positive,noul,0,0,"[""false"", ""true""]","[0.9787126482065489, 0.021287351793451054]",
d1-3b,ood_sst2_balanced_v2,330,positive,noul,0,0,"[""false"", ""true""]","[0.9465966702001758, 0.053403329799824234]",
d1-3b,ood_sst2_balanced_v2,331,positive,noul,1,1,"[""false"", ""true""]","[0.06754669113962908, 0.9324533088603709]",
d1-3b,ood_sst2_balanced_v2,332,positive,noul,1,1,"[""false"", ""true""]","[0.07696083569602619, 0.9230391643039738]",
d1-3b,ood_sst2_balanced_v2,334,positive,noul,1,1,"[""false"", ""true""]","[0.01798620996209155, 0.9820137900379085]",
d1-3b,ood_sst2_balanced_v2,339,positive,noul,1,1,"[""false"", ""true""]","[0.03904829272622645, 0.9609517072737735]",
d1-3b,ood_sst2_balanced_v2,342,positive,noul,0,0,"[""false"", ""true""]","[0.9381240142763573, 0.061875985723642724]",
d1-3b,ood_sst2_balanced_v2,344,positive,noul,1,1,"[""false"", ""true""]","[0.04603390239924032, 0.9539660976007597]",
d1-3b,ood_sst2_balanced_v2,345,positive,noul,1,1,"[""false"", ""true""]","[0.09138210306717132, 0.9086178969328287]",
d1-3b,ood_sst2_balanced_v2,346,positive,noul,0,0,"[""false"", ""true""]","[0.9766692311915195, 0.02333076880848049]",
d1-3b,ood_sst2_balanced_v2,348,positive,noul,0,0,"[""false"", ""true""]","[0.9719924793940119, 0.02800752060598813]",
d1-3b,ood_sst2_balanced_v2,349,positive,noul,0,0,"[""false"", ""true""]","[0.969785412932606, 0.03021458706739398]",
d1-3b,ood_sst2_balanced_v2,350,positive,noul,0,0,"[""false"", ""true""]","[0.9790357591818725, 0.0209642408181275]",
d1-3b,ood_sst2_balanced_v2,351,positive,noul,1,1,"[""false"", ""true""]","[0.04084571590994934, 0.9591542840900507]",
d1-3b,ood_sst2_balanced_v2,352,positive,noul,1,1,"[""false"", ""true""]","[0.06465348835622386, 0.9353465116437761]",
d1-3b,ood_sst2_balanced_v2,355,positive,noul,0,0,"[""false"", ""true""]","[0.5156199157230157, 0.48438008427698437]",
d1-3b,ood_sst2_balanced_v2,357,positive,noul,0,0,"[""false"", ""true""]","[0.5583269943353745, 0.44167300566462553]",
d1-3b,ood_sst2_balanced_v2,360,positive,noul,1,1,"[""false"", ""true""]","[0.020023441289455324, 0.9799765587105447]",
d1-3b,ood_sst2_balanced_v2,362,positive,noul,1,1,"[""false"", ""true""]","[0.09947021388210708, 0.9005297861178929]",
d1-3b,ood_sst2_balanced_v2,363,positive,noul,0,0,"[""false"", ""true""]","[0.969785412932606, 0.03021458706739398]",
d1-3b,ood_sst2_balanced_v2,364,positive,noul,0,0,"[""false"", ""true""]","[0.8519528019683105, 0.1480471980316895]",
d1-3b,ood_sst2_balanced_v2,366,positive,noul,1,1,"[""false"", ""true""]","[0.01771229870341151, 0.9822877012965885]",
d1-3b,ood_sst2_balanced_v2,370,positive,noul,0,0,"[""false"", ""true""]","[0.9149009549929797, 0.08509904500702024]",
d1-3b,ood_sst2_balanced_v2,372,positive,noul,1,1,"[""false"", ""true""]","[0.030214587067393883, 0.9697854129326061]",
d1-3b,ood_sst2_balanced_v2,373,positive,noul,0,0,"[""false"", ""true""]","[0.9458012701768144, 0.05419872982318558]",
d1-3b,ood_sst2_balanced_v2,377,positive,noul,0,0,"[""false"", ""true""]","[0.9399133498259924, 0.06008665017400762]",
d1-3b,ood_sst2_balanced_v2,378,positive,noul,0,0,"[""false"", ""true""]","[0.9783846672373524, 0.021615332762647654]",
d1-3b,ood_sst2_balanced_v2,382,positive,noul,0,0,"[""false"", ""true""]","[0.8840392817460332, 0.11596071825396677]",
d1-3b,ood_sst2_balanced_v2,384,positive,noul,0,0,"[""false"", ""true""]","[0.9263037302939515, 0.07369626970604846]",
d1-3b,ood_sst2_balanced_v2,391,positive,noul,0,0,"[""false"", ""true""]","[0.9458012701768144, 0.05419872982318558]",
d1-3b,ood_sst2_balanced_v2,392,positive,noul,0,0,"[""false"", ""true""]","[0.9759464471055739, 0.024053552894426178]",
d1-3b,ood_sst2_balanced_v2,393,positive,noul,1,1,"[""false"", ""true""]","[0.01883312989043462, 0.9811668701095654]",
d1-3b,ood_sst2_balanced_v2,398,positive,noul,1,1,"[""false"", ""true""]","[0.0685374930319903, 0.9314625069680097]",
d1-3b,ood_sst2_balanced_v2,399,positive,noul,0,0,"[""false"", ""true""]","[0.665410558746814, 0.33458944125318596]",
d1-3b,ood_sst2_balanced_v2,400,positive,noul,1,1,"[""false"", ""true""]","[0.037892426629607345, 0.9621075733703927]",
d1-3b,ood_sst2_balanced_v2,403,positive,noul,0,0,"[""false"", ""true""]","[0.9693241982893259, 0.030675801710674105]",
d1-3b,ood_sst2_balanced_v2,404,positive,noul,1,1,"[""false"", ""true""]","[0.016657040009228963, 0.983342959990771]",
d1-3b,ood_sst2_balanced_v2,406,positive,noul,1,1,"[""false"", ""true""]","[0.061875985723642724, 0.9381240142763573]",
d1-3b,ood_sst2_balanced_v2,411,positive,noul,0,0,"[""false"", ""true""]","[0.8354835371034368, 0.1645164628965632]",
d1-3b,ood_sst2_balanced_v2,413,positive,noul,0,0,"[""false"", ""true""]","[0.959762057376384, 0.04023794262361602]",
d1-3b,ood_sst2_balanced_v2,415,positive,noul,1,1,"[""false"", ""true""]","[0.023689471299374376, 0.9763105287006256]",
d1-3b,ood_sst2_balanced_v2,417,positive,noul,1,1,"[""false"", ""true""]","[0.04336579876390678, 0.9566342012360932]",
d1-3b,ood_sst2_balanced_v2,420,positive,noul,0,0,"[""false"", ""true""]","[0.9777138144607745, 0.022286185539225494]",
d1-3b,ood_sst2_balanced_v2,423,positive,noul,0,0,"[""false"", ""true""]","[0.8397339676722393, 0.16026603232776068]",
d1-3b,ood_sst2_balanced_v2,425,positive,noul,1,1,"[""false"", ""true""]","[0.19436781101874467, 0.8056321889812553]",
d1-3b,ood_sst2_balanced_v2,426,positive,noul,1,1,"[""false"", ""true""]","[0.3702253925955866, 0.6297746074044134]",
d1-3b,ood_sst2_balanced_v2,428,positive,noul,1,1,"[""false"", ""true""]","[0.013636835281429893, 0.9863631647185701]",
d1-3b,ood_sst2_balanced_v2,430,positive,noul,1,1,"[""false"", ""true""]","[0.016657040009228963, 0.983342959990771]",
d1-3b,ood_sst2_balanced_v2,432,positive,noul,0,0,"[""false"", ""true""]","[0.8175744761936437, 0.18242552380635632]",
d1-3b,ood_sst2_balanced_v2,433,positive,noul,1,1,"[""false"", ""true""]","[0.0888202924001178, 0.9111797075998822]",
d1-3b,ood_sst2_balanced_v2,434,positive,noul,0,0,"[""false"", ""true""]","[0.9196425311777929, 0.08035746882220708]",
d1-3b,ood_sst2_balanced_v2,435,positive,noul,1,1,"[""false"", ""true""]","[0.020332353342658815, 0.9796676466573412]",
d1-3b,ood_sst2_balanced_v2,436,positive,noul,0,0,"[""false"", ""true""]","[0.9744347860767304, 0.025565213923269593]",
d1-3b,ood_sst2_balanced_v2,437,positive,noul,1,1,"[""false"", ""true""]","[0.072636706360787, 0.927363293639213]",
d1-3b,ood_sst2_balanced_v2,439,positive,noul,1,1,"[""false"", ""true""]","[0.03161876726864554, 0.9683812327313545]",
d1-3b,ood_sst2_balanced_v2,441,positive,noul,0,0,"[""false"", ""true""]","[0.9219218348550491, 0.07807816514495095]",
d1-3b,ood_sst2_balanced_v2,442,positive,noul,0,0,"[""false"", ""true""]","[0.9441768588653856, 0.05582314113461443]",
d1-3b,ood_sst2_balanced_v2,444,positive,noul,0,0,"[""false"", ""true""]","[0.8856314738181875, 0.1143685261818125]",
d1-3b,ood_sst2_balanced_v2,445,positive,noul,1,1,"[""false"", ""true""]","[0.04603390239924032, 0.9539660976007597]",
d1-3b,ood_sst2_balanced_v2,446,positive,noul,0,0,"[""false"", ""true""]","[0.9407897492587141, 0.05921025074128593]",
d1-3b,ood_sst2_balanced_v2,447,positive,noul,1,1,"[""false"", ""true""]","[0.2568319913875189, 0.7431680086124811]",
d1-3b,ood_sst2_balanced_v2,450,positive,noul,1,1,"[""false"", ""true""]","[0.015906391711814738, 0.9840936082881853]",
d1-3b,ood_sst2_balanced_v2,451,positive,noul,1,1,"[""false"", ""true""]","[0.013428254741968626, 0.9865717452580314]",
d1-3b,ood_sst2_balanced_v2,452,positive,noul,0,0,"[""false"", ""true""]","[0.9814534354878827, 0.0185465645121173]",
d1-3b,ood_sst2_balanced_v2,453,positive,noul,1,1,"[""false"", ""true""]","[0.024798160195585672, 0.9752018398044143]",
d1-3b,ood_sst2_balanced_v2,456,positive,noul,0,0,"[""false"", ""true""]","[0.9787126482065489, 0.021287351793451054]",
d1-3b,ood_sst2_balanced_v2,457,positive,noul,1,1,"[""false"", ""true""]","[0.024423090054107144, 0.9755769099458929]",
d1-3b,ood_sst2_balanced_v2,459,positive,noul,1,1,"[""false"", ""true""]","[0.052618953347713715, 0.9473810466522863]",
d1-3b,ood_sst2_balanced_v2,460,positive,noul,1,1,"[""false"", ""true""]","[0.026759283185443183, 0.9732407168145568]",
d1-3b,ood_sst2_balanced_v2,461,positive,noul,0,0,"[""false"", ""true""]","[0.9425067211996142, 0.05749327880038583]",
d1-3b,ood_sst2_balanced_v2,464,positive,noul,1,0,"[""false"", ""true""]","[0.96036116089903, 0.039638839100970026]",
d1-3b,ood_sst2_balanced_v2,465,positive,noul,0,0,"[""false"", ""true""]","[0.9579122720843811, 0.04208772791561884]",
d1-3b,ood_sst2_balanced_v2,466,positive,noul,1,1,"[""false"", ""true""]","[0.06656918897050168, 0.9334308110294983]",
d1-3b,ood_sst2_balanced_v2,471,positive,noul,0,0,"[""false"", ""true""]","[0.9715639669551474, 0.02843603304485266]",
d1-3b,ood_sst2_balanced_v2,472,positive,noul,1,1,"[""false"", ""true""]","[0.44167300566462553, 0.5583269943353745]",
d1-3b,ood_sst2_balanced_v2,473,positive,noul,1,1,"[""false"", ""true""]","[0.024798160195585672, 0.9752018398044143]",
d1-3b,ood_sst2_balanced_v2,474,positive,noul,0,0,"[""false"", ""true""]","[0.9802808718926534, 0.01971912810734659]",
d1-3b,ood_sst2_balanced_v2,475,positive,noul,1,1,"[""false"", ""true""]","[0.018264278351857066, 0.9817357216481429]",
d1-3b,ood_sst2_balanced_v2,476,positive,noul,0,0,"[""false"", ""true""]","[0.9683812327313546, 0.03161876726864548]",
d1-3b,ood_sst2_balanced_v2,477,positive,noul,0,1,"[""false"", ""true""]","[0.19436781101874467, 0.8056321889812553]",
d1-3b,ood_sst2_balanced_v2,479,positive,noul,1,1,"[""false"", ""true""]","[0.024053552894426122, 0.9759464471055739]",
d1-3b,ood_sst2_balanced_v2,480,positive,noul,1,1,"[""false"", ""true""]","[0.055823141134614396, 0.9441768588653856]",
d1-3b,ood_sst2_balanced_v2,481,positive,noul,1,1,"[""false"", ""true""]","[0.5, 0.5]",
d1-3b,ood_sst2_balanced_v2,482,positive,noul,1,1,"[""false"", ""true""]","[0.022977369910025636, 0.9770226300899744]",
d1-3b,ood_sst2_balanced_v2,483,positive,noul,1,1,"[""false"", ""true""]","[0.4455295350395727, 0.5544704649604273]",
d1-3b,ood_sst2_balanced_v2,486,positive,noul,0,0,"[""false"", ""true""]","[0.9796676466573413, 0.020332353342658753]",
d1-3b,ood_sst2_balanced_v2,487,positive,noul,0,0,"[""false"", ""true""]","[0.9658995742876885, 0.03410042571231151]",
d1-3b,ood_sst2_balanced_v2,489,positive,noul,0,0,"[""false"", ""true""]","[0.9674102552339746, 0.032589744766025344]",
d1-3b,ood_sst2_balanced_v2,490,positive,noul,0,0,"[""false"", ""true""]","[0.9632305339244013, 0.036769466075598736]",
d1-3b,ood_sst2_balanced_v2,491,positive,noul,0,0,"[""false"", ""true""]","[0.9744347860767304, 0.025565213923269593]",
d1-3b,ood_sst2_balanced_v2,492,positive,noul,1,1,"[""false"", ""true""]","[0.01205377951623654, 0.9879462204837635]",
d1-3b,ood_sst2_balanced_v2,493,positive,noul,0,0,"[""false"", ""true""]","[0.9811668701095653, 0.018833129890434692]",
d1-3b,ood_sst2_balanced_v2,494,positive,noul,0,0,"[""false"", ""true""]","[0.815232489352, 0.184767510648]",
d1-3b,ood_sst2_balanced_v2,496,positive,noul,1,1,"[""false"", ""true""]","[0.11757213354550888, 0.8824278664544911]",
d1-3b,ood_sst2_balanced_v2,497,positive,noul,0,0,"[""false"", ""true""]","[0.9362850057480346, 0.06371499425196533]",
d1-3b,ood_sst2_balanced_v2,500,positive,noul,0,0,"[""false"", ""true""]","[0.9658995742876885, 0.03410042571231151]",
d1-3b,ood_sst2_balanced_v2,501,positive,noul,1,0,"[""false"", ""true""]","[0.8962513731336202, 0.10374862686637971]",
d1-3b,ood_sst2_balanced_v2,503,positive,noul,0,0,"[""false"", ""true""]","[0.9046505351008904, 0.0953494648991095]",
d1-3b,ood_sst2_balanced_v2,504,positive,noul,1,1,"[""false"", ""true""]","[0.01205377951623654, 0.9879462204837635]",
d1-3b,ood_sst2_balanced_v2,505,positive,noul,1,1,"[""false"", ""true""]","[0.20689404881588813, 0.7931059511841119]",
d1-3b,ood_sst2_balanced_v2,506,positive,noul,1,1,"[""false"", ""true""]","[0.12085323249047064, 0.8791467675095294]",
d1-3b,ood_sst2_balanced_v2,508,positive,noul,1,1,"[""false"", ""true""]","[0.014503579691382051, 0.985496420308618]",
d1-3b,ood_sst2_balanced_v2,511,positive,noul,1,1,"[""false"", ""true""]","[0.01971912810734655, 0.9802808718926534]",
d1-3b,ood_sst2_balanced_v2,512,positive,noul,0,0,"[""false"", ""true""]","[0.9748211582993982, 0.025178841700601855]",
d1-3b,ood_sst2_balanced_v2,513,positive,noul,0,0,"[""false"", ""true""]","[0.907312221360624, 0.09268777863937604]",
d1-3b,ood_sst2_balanced_v2,514,positive,noul,1,1,"[""false"", ""true""]","[0.11757213354550888, 0.8824278664544911]",
d1-3b,ood_sst2_balanced_v2,515,positive,noul,0,0,"[""false"", ""true""]","[0.9539660976007596, 0.046033902399240385]",
d1-3b,ood_sst2_balanced_v2,518,positive,noul,1,1,"[""false"", ""true""]","[0.051082736957052566, 0.9489172630429474]",
d1-3b,ood_sst2_balanced_v2,519,positive,noul,0,1,"[""false"", ""true""]","[0.024053552894426122, 0.9759464471055739]",
d1-3b,ood_sst2_balanced_v2,523,positive,noul,1,1,"[""false"", ""true""]","[0.019124036750888807, 0.9808759632491112]",
d1-3b,ood_sst2_balanced_v2,524,positive,noul,1,1,"[""false"", ""true""]","[0.05749327880038568, 0.9425067211996143]",
d1-3b,ood_sst2_balanced_v2,527,positive,noul,0,1,"[""false"", ""true""]","[0.31742626558767595, 0.682573734412324]",
d1-3b,ood_sst2_balanced_v2,528,positive,noul,1,1,"[""false"", ""true""]","[0.025957357197796904, 0.9740426428022031]",
d1-3b,ood_sst2_balanced_v2,530,positive,noul,1,1,"[""false"", ""true""]","[0.014957086593149982, 0.98504291340685]",
d1-3b,ood_sst2_balanced_v2,531,positive,noul,0,0,"[""false"", ""true""]","[0.9572778024535095, 0.042722197546490565]",
d1-3b,ood_sst2_balanced_v2,532,positive,noul,1,1,"[""false"", ""true""]","[0.04084571590994934, 0.9591542840900507]",
d1-3b,ood_sst2_balanced_v2,533,positive,noul,1,1,"[""false"", ""true""]","[0.024798160195585672, 0.9752018398044143]",
d1-3b,ood_sst2_balanced_v2,536,positive,noul,0,0,"[""false"", ""true""]","[0.9770226300899744, 0.02297736991002561]",
d1-3b,ood_sst2_balanced_v2,537,positive,noul,1,1,"[""false"", ""true""]","[0.014728613849722572, 0.9852713861502774]",
d1-3b,ood_sst2_balanced_v2,538,positive,noul,0,0,"[""false"", ""true""]","[0.9763105287006256, 0.023689471299374428]",
d1-3b,ood_sst2_balanced_v2,539,positive,noul,0,0,"[""false"", ""true""]","[0.9465966702001758, 0.053403329799824234]",
d1-3b,ood_sst2_balanced_v2,540,positive,noul,1,1,"[""false"", ""true""]","[0.13296424019782938, 0.8670357598021706]",
d1-3b,ood_sst2_balanced_v2,541,positive,noul,1,1,"[""false"", ""true""]","[0.01717670901231827, 0.9828232909876817]",
d1-3b,ood_sst2_balanced_v2,542,positive,noul,0,0,"[""false"", ""true""]","[0.9780517462851321, 0.02194825371486785]",
d1-3b,ood_sst2_balanced_v2,543,positive,noul,0,0,"[""false"", ""true""]","[0.9553191297273498, 0.0446808702726502]",
d1-3b,ood_sst2_balanced_v2,544,positive,noul,0,0,"[""false"", ""true""]","[0.9173026573249612, 0.08269734267503885]",
d1-3b,ood_sst2_balanced_v2,549,positive,noul,0,0,"[""false"", ""true""]","[0.9572778024535095, 0.042722197546490565]",
d1-3b,ood_sst2_balanced_v2,554,positive,noul,0,0,"[""false"", ""true""]","[0.9648551535992067, 0.03514484640079327]",
d1-3b,ood_sst2_balanced_v2,555,positive,noul,0,0,"[""false"", ""true""]","[0.9773707999669627, 0.022629200033037256]",
d1-3b,ood_sst2_balanced_v2,556,positive,noul,0,0,"[""false"", ""true""]","[0.9802808718926534, 0.01971912810734659]",
d1-3b,ood_sst2_balanced_v2,558,positive,noul,1,1,"[""false"", ""true""]","[0.23651623644570763, 0.7634837635542924]",
d1-3b,ood_sst2_balanced_v2,559,positive,noul,0,0,"[""false"", ""true""]","[0.6039318337259583, 0.3960681662740417]",
d1-3b,ood_sst2_balanced_v2,561,positive,noul,1,1,"[""false"", ""true""]","[0.3738758227716966, 0.6261241772283034]",
d1-3b,ood_sst2_balanced_v2,562,positive,noul,0,0,"[""false"", ""true""]","[0.9702399060540358, 0.029760093945964218]",
d1-3b,ood_sst2_balanced_v2,564,positive,noul,0,0,"[""false"", ""true""]","[0.9728307684643189, 0.027169231535681047]",
d1-3b,ood_sst2_balanced_v2,568,positive,noul,0,0,"[""false"", ""true""]","[0.9693241982893259, 0.030675801710674105]",
d1-3b,ood_sst2_balanced_v2,570,positive,noul,1,1,"[""false"", ""true""]","[0.01771229870341151, 0.9822877012965885]",
d1-3b,ood_sst2_balanced_v2,571,positive,noul,0,0,"[""false"", ""true""]","[0.7826624789529375, 0.21733752104706247]",
d1-3b,ood_sst2_balanced_v2,572,positive,noul,0,0,"[""false"", ""true""]","[0.9811668701095653, 0.018833129890434692]",
d1-3b,ood_sst2_balanced_v2,576,positive,noul,0,0,"[""false"", ""true""]","[0.9796676466573413, 0.020332353342658753]",
d1-3b,ood_sst2_balanced_v2,577,positive,noul,1,1,"[""false"", ""true""]","[0.032589744766025386, 0.9674102552339746]",
d1-3b,ood_sst2_balanced_v2,578,positive,noul,0,0,"[""false"", ""true""]","[0.9539660976007596, 0.046033902399240385]",
d1-3b,ood_sst2_balanced_v2,580,positive,noul,0,0,"[""false"", ""true""]","[0.7248702761768249, 0.2751297238231752]",
d1-3b,ood_sst2_balanced_v2,581,positive,noul,0,0,"[""false"", ""true""]","[0.9793540692607815, 0.020645930739218447]",
d1-3b,ood_sst2_balanced_v2,582,positive,noul,0,0,"[""false"", ""true""]","[0.9458012701768144, 0.05419872982318558]",
d1-3b,ood_sst2_balanced_v2,583,positive,noul,0,0,"[""false"", ""true""]","[0.9674102552339746, 0.032589744766025344]",
d1-3b,ood_sst2_balanced_v2,590,positive,noul,0,0,"[""false"", ""true""]","[0.9777138144607745, 0.022286185539225494]",
d1-3b,ood_sst2_balanced_v2,592,positive,noul,0,0,"[""false"", ""true""]","[0.97241471777321, 0.027585282226789985]",
d1-3b,ood_sst2_balanced_v2,594,positive,noul,1,1,"[""false"", ""true""]","[0.01691491326672656, 0.9830850867332734]",
d1-3b,ood_sst2_balanced_v2,595,positive,noul,0,0,"[""false"", ""true""]","[0.959762057376384, 0.04023794262361602]",
d1-3b,ood_sst2_balanced_v2,602,positive,noul,1,1,"[""false"", ""true""]","[0.09947021388210708, 0.9005297861178929]",
d1-3b,ood_sst2_balanced_v2,603,positive,noul,1,1,"[""false"", ""true""]","[0.01133175353136151, 0.9886682464686385]",
d1-3b,ood_sst2_balanced_v2,604,positive,noul,0,0,"[""false"", ""true""]","[0.9111797075998823, 0.08882029240011771]",
d1-3b,ood_sst2_balanced_v2,605,positive,noul,1,1,"[""false"", ""true""]","[0.4301473485858429, 0.5698526514141571]",
d1-3b,ood_sst2_balanced_v2,606,positive,noul,0,0,"[""false"", ""true""]","[0.9719924793940119, 0.02800752060598813]",
d1-3b,ood_sst2_balanced_v2,609,positive,noul,1,1,"[""false"", ""true""]","[0.05033063259747683, 0.9496693674025232]",
d1-3b,ood_sst2_balanced_v2,610,positive,noul,0,0,"[""false"", ""true""]","[0.8947894632969137, 0.10521053670308635]",
d1-3b,ood_sst2_balanced_v2,611,positive,noul,1,1,"[""false"", ""true""]","[0.015189048807983996, 0.984810951192016]",
d1-3b,ood_sst2_balanced_v2,614,positive,noul,1,1,"[""false"", ""true""]","[0.3738758227716966, 0.6261241772283034]",
d1-3b,ood_sst2_balanced_v2,615,positive,noul,0,0,"[""false"", ""true""]","[0.9683812327313546, 0.03161876726864548]",
d1-3b,ood_sst2_balanced_v2,616,positive,noul,1,1,"[""false"", ""true""]","[0.1540575626914854, 0.8459424373085146]",
d1-3b,ood_sst2_balanced_v2,617,positive,noul,0,0,"[""false"", ""true""]","[0.9658995742876885, 0.03410042571231151]",
d1-3b,ood_sst2_balanced_v2,623,positive,noul,1,1,"[""false"", ""true""]","[0.0685374930319903, 0.9314625069680097]",
d1-3b,ood_sst2_balanced_v2,625,positive,noul,1,1,"[""false"", ""true""]","[0.06954174450582806, 0.9304582554941719]",
d1-3b,ood_sst2_balanced_v2,626,positive,noul,1,0,"[""false"", ""true""]","[0.5312093733737562, 0.46879062662624377]",
d1-3b,ood_sst2_balanced_v2,627,positive,noul,0,0,"[""false"", ""true""]","[0.9525741268224333, 0.04742587317756679]",
d1-3b,ood_sst2_balanced_v2,629,positive,noul,0,0,"[""false"", ""true""]","[0.9585377272885903, 0.04146227271140963]",
d1-3b,ood_sst2_balanced_v2,630,positive,noul,1,1,"[""false"", ""true""]","[0.026355352846119895, 0.9736446471538801]",
d1-3b,ood_sst2_balanced_v2,631,positive,noul,0,0,"[""false"", ""true""]","[0.9124361604769413, 0.08756383952305867]",
d1-3b,ood_sst2_balanced_v2,632,positive,noul,0,0,"[""false"", ""true""]","[0.96036116089903, 0.039638839100970026]",
d1-3b,ood_sst2_balanced_v2,633,positive,noul,1,1,"[""false"", ""true""]","[0.0288709069462878, 0.9711290930537122]",
d1-3b,ood_sst2_balanced_v2,634,positive,noul,1,0,"[""false"", ""true""]","[0.5078118642792044, 0.49218813572079556]",
d1-3b,ood_sst2_balanced_v2,635,positive,noul,0,0,"[""false"", ""true""]","[0.7634837635542924, 0.23651623644570763]",
d1-3b,ood_sst2_balanced_v2,637,positive,noul,0,0,"[""false"", ""true""]","[0.9086178969328287, 0.09138210306717136]",
d1-3b,ood_sst2_balanced_v2,639,positive,noul,0,0,"[""false"", ""true""]","[0.9304582554941719, 0.06954174450582809]",
d1-3b,ood_sst2_balanced_v2,641,positive,noul,1,1,"[""false"", ""true""]","[0.021287351793451093, 0.9787126482065489]",
d1-3b,ood_sst2_balanced_v2,643,positive,noul,1,1,"[""false"", ""true""]","[0.11436852618181237, 0.8856314738181876]",
d1-3b,ood_sst2_balanced_v2,644,positive,noul,1,1,"[""false"", ""true""]","[0.07585818002124345, 0.9241418199787566]",
d1-3b,ood_sst2_balanced_v2,645,positive,noul,0,0,"[""false"", ""true""]","[0.8840392817460332, 0.11596071825396677]",
d1-3b,ood_sst2_balanced_v2,648,positive,noul,1,1,"[""false"", ""true""]","[0.051082736957052566, 0.9489172630429474]",
d1-3b,ood_sst2_balanced_v2,650,positive,noul,0,0,"[""false"", ""true""]","[0.9773707999669627, 0.022629200033037256]",
d1-3b,ood_sst2_balanced_v2,653,positive,noul,0,0,"[""false"", ""true""]","[0.9802808718926534, 0.01971912810734659]",
d1-3b,ood_sst2_balanced_v2,654,positive,noul,0,0,"[""false"", ""true""]","[0.9808759632491111, 0.019124036750888904]",
d1-3b,ood_sst2_balanced_v2,657,positive,noul,0,0,"[""false"", ""true""]","[0.9744347860767304, 0.025565213923269593]",
d1-3b,ood_sst2_balanced_v2,658,positive,noul,1,1,"[""false"", ""true""]","[0.01798620996209155, 0.9820137900379085]",
d1-3b,ood_sst2_balanced_v2,659,positive,noul,0,0,"[""false"", ""true""]","[0.9124361604769413, 0.08756383952305867]",
d1-3b,ood_sst2_balanced_v2,660,positive,noul,1,1,"[""false"", ""true""]","[0.052618953347713715, 0.9473810466522863]",
d1-3b,ood_sst2_balanced_v2,661,positive,noul,0,0,"[""false"", ""true""]","[0.9136765234137297, 0.08632347658627028]",
d1-3b,ood_sst2_balanced_v2,662,positive,noul,0,0,"[""false"", ""true""]","[0.9626731126558705, 0.037326887344129464]",
d1-3b,ood_sst2_balanced_v2,664,positive,noul,1,1,"[""false"", ""true""]","[0.1561048974454574, 0.8438951025545426]",
d1-3b,ood_sst2_balanced_v2,666,positive,noul,1,1,"[""false"", ""true""]","[0.014063627043245597, 0.9859363729567544]",
d1-3b,ood_sst2_balanced_v2,668,positive,noul,0,0,"[""false"", ""true""]","[0.9637799441350252, 0.036220055864974746]",
d1-3b,ood_sst2_balanced_v2,669,positive,noul,1,1,"[""false"", ""true""]","[0.026759283185443183, 0.9732407168145568]",
d1-3b,ood_sst2_balanced_v2,670,positive,noul,0,1,"[""false"", ""true""]","[0.39606816627404173, 0.6039318337259583]",
d1-3b,ood_sst2_balanced_v2,673,positive,noul,1,1,"[""false"", ""true""]","[0.34510527095787247, 0.6548947290421275]",
d1-3b,ood_sst2_balanced_v2,678,positive,noul,1,1,"[""false"", ""true""]","[0.08389038641058, 0.91610961358942]",
d1-3b,ood_sst2_balanced_v2,680,positive,noul,1,1,"[""false"", ""true""]","[0.03410042571231153, 0.9658995742876885]",
d1-3b,ood_sst2_balanced_v2,681,positive,noul,0,0,"[""false"", ""true""]","[0.9802808718926534, 0.01971912810734659]",
d1-3b,ood_sst2_balanced_v2,682,positive,noul,0,0,"[""false"", ""true""]","[0.9752018398044143, 0.02479816019558566]",
d1-3b,ood_sst2_balanced_v2,684,positive,noul,1,1,"[""false"", ""true""]","[0.30074557894124154, 0.6992544210587585]",
d1-3b,ood_sst2_balanced_v2,685,positive,noul,1,0,"[""false"", ""true""]","[0.7549149868676283, 0.24508501313237172]",
d1-3b,ood_sst2_balanced_v2,690,positive,noul,0,0,"[""false"", ""true""]","[0.9783846672373524, 0.021615332762647654]",
d1-3b,ood_sst2_balanced_v2,692,positive,noul,0,0,"[""false"", ""true""]","[0.9648551535992067, 0.03514484640079327]",
d1-3b,ood_sst2_balanced_v2,694,positive,noul,0,0,"[""false"", ""true""]","[0.7025300573952054, 0.2974699426047947]",
d1-3b,ood_sst2_balanced_v2,696,positive,noul,1,1,"[""false"", ""true""]","[0.051082736957052566, 0.9489172630429474]",
d1-3b,ood_sst2_balanced_v2,697,positive,noul,1,1,"[""false"", ""true""]","[0.1127954062828932, 0.8872045937171068]",
d1-3b,ood_sst2_balanced_v2,698,positive,noul,1,1,"[""false"", ""true""]","[0.04336579876390678, 0.9566342012360932]",
d1-3b,ood_sst2_balanced_v2,699,positive,noul,1,0,"[""false"", ""true""]","[0.9496693674025232, 0.05033063259747688]",
d1-3b,ood_sst2_balanced_v2,702,positive,noul,0,0,"[""false"", ""true""]","[0.5273165233795671, 0.47268347662043286]",
d1-3b,ood_sst2_balanced_v2,704,positive,noul,0,0,"[""false"", ""true""]","[0.8221891305219504, 0.17781086947804958]",
d1-3b,ood_sst2_balanced_v2,705,positive,noul,0,0,"[""false"", ""true""]","[0.9678992932829918, 0.03210070671700819]",
d1-3b,ood_sst2_balanced_v2,706,positive,noul,0,0,"[""false"", ""true""]","[0.9046505351008904, 0.0953494648991095]",
d1-3b,ood_sst2_balanced_v2,707,positive,noul,0,0,"[""false"", ""true""]","[0.9046505351008904, 0.0953494648991095]",
d1-3b,ood_sst2_balanced_v2,708,positive,noul,1,1,"[""false"", ""true""]","[0.014281933925111234, 0.9857180660748888]",
d1-3b,ood_sst2_balanced_v2,713,positive,noul,0,0,"[""false"", ""true""]","[0.9372107914029486, 0.06278920859705135]",
d1-3b,ood_sst2_balanced_v2,715,positive,noul,0,0,"[""false"", ""true""]","[0.9799765587105448, 0.020023441289455244]",
d1-3b,ood_sst2_balanced_v2,716,positive,noul,0,0,"[""false"", ""true""]","[0.9572778024535095, 0.042722197546490565]",
d1-3b,ood_sst2_balanced_v2,717,positive,noul,1,1,"[""false"", ""true""]","[0.0216153327626476, 0.9783846672373524]",
d1-3b,ood_sst2_balanced_v2,718,positive,noul,1,1,"[""false"", ""true""]","[0.014503579691382051, 0.985496420308618]",
d1-3b,ood_sst2_balanced_v2,719,positive,noul,0,0,"[""false"", ""true""]","[0.9252299570920386, 0.07477004290796138]",
d1-3b,ood_sst2_balanced_v2,720,positive,noul,1,1,"[""false"", ""true""]","[0.015424552081841236, 0.9845754479181588]",
d1-3b,ood_sst2_balanced_v2,721,positive,noul,1,1,"[""false"", ""true""]","[0.013222821752305158, 0.9867771782476948]",
d1-3b,ood_sst2_balanced_v2,722,positive,noul,0,0,"[""false"", ""true""]","[0.9441768588653856, 0.05582314113461443]",
d1-3b,ood_sst2_balanced_v2,724,positive,noul,0,0,"[""false"", ""true""]","[0.6261241772283035, 0.37387582277169656]",
d1-3b,ood_sst2_balanced_v2,725,positive,noul,1,1,"[""false"", ""true""]","[0.4225046348141882, 0.5774953651858118]",
d1-3b,ood_sst2_balanced_v2,732,positive,noul,0,0,"[""false"", ""true""]","[0.9284088005554475, 0.07159119944455247]",
d1-3b,ood_sst2_balanced_v2,733,positive,noul,0,0,"[""false"", ""true""]","[0.9755769099458927, 0.024423090054107213]",
d1-3b,ood_sst2_balanced_v2,736,positive,noul,0,1,"[""false"", ""true""]","[0.13846179056896435, 0.8615382094310357]",
d1-3b,ood_sst2_balanced_v2,737,positive,noul,1,1,"[""false"", ""true""]","[0.02194825371486775, 0.9780517462851323]",
d1-3b,ood_sst2_balanced_v2,738,positive,noul,1,1,"[""false"", ""true""]","[0.013636835281429893, 0.9863631647185701]",
d1-3b,ood_sst2_balanced_v2,739,positive,noul,1,1,"[""false"", ""true""]","[0.045352580554306354, 0.9546474194456936]",
d1-3b,ood_sst2_balanced_v2,741,positive,noul,1,0,"[""false"", ""true""]","[0.8418256472515683, 0.1581743527484317]",
d1-3b,ood_sst2_balanced_v2,742,positive,noul,1,1,"[""false"", ""true""]","[0.4073334000459303, 0.5926665999540697]",
d1-3b,ood_sst2_balanced_v2,744,positive,noul,1,1,"[""false"", ""true""]","[0.11596071825396681, 0.8840392817460332]",
d1-3b,ood_sst2_balanced_v2,745,positive,noul,0,0,"[""false"", ""true""]","[0.9719924793940119, 0.02800752060598813]",
d1-3b,ood_sst2_balanced_v2,746,positive,noul,1,1,"[""false"", ""true""]","[0.019124036750888807, 0.9808759632491112]",
d1-3b,ood_sst2_balanced_v2,747,positive,noul,1,1,"[""false"", ""true""]","[0.07159119944455239, 0.9284088005554476]",
d1-3b,ood_sst2_balanced_v2,750,positive,noul,0,0,"[""false"", ""true""]","[0.9637799441350252, 0.036220055864974746]",
d1-3b,ood_sst2_balanced_v2,751,positive,noul,0,0,"[""false"", ""true""]","[0.9706877692486436, 0.029312230751356316]",
d1-3b,ood_sst2_balanced_v2,753,positive,noul,1,1,"[""false"", ""true""]","[0.02976009394596435, 0.9702399060540357]",
d1-3b,ood_sst2_balanced_v2,754,positive,noul,1,1,"[""false"", ""true""]","[0.1347759174229567, 0.8652240825770433]",
d1-3b,ood_sst2_balanced_v2,755,positive,noul,1,0,"[""false"", ""true""]","[0.658417500561683, 0.341582499438317]",
d1-3b,ood_sst2_balanced_v2,757,positive,noul,0,0,"[""false"", ""true""]","[0.9136765234137297, 0.08632347658627028]",
d1-3b,ood_sst2_balanced_v2,758,positive,noul,1,1,"[""false"", ""true""]","[0.033085978388704196, 0.9669140216112958]",
d1-3b,ood_sst2_balanced_v2,759,positive,noul,0,0,"[""false"", ""true""]","[0.9539660976007596, 0.046033902399240385]",
d1-3b,ood_sst2_balanced_v2,760,positive,noul,1,0,"[""false"", ""true""]","[0.8615382094310357, 0.13846179056896438]",
d1-3b,ood_sst2_balanced_v2,761,positive,noul,0,0,"[""false"", ""true""]","[0.9752018398044143, 0.02479816019558566]",
d1-3b,ood_sst2_balanced_v2,762,positive,noul,1,1,"[""false"", ""true""]","[0.013848610215564605, 0.9861513897844354]",
d1-3b,ood_sst2_balanced_v2,765,positive,noul,0,0,"[""false"", ""true""]","[0.90192067652954, 0.09807932347046003]",
d1-3b,ood_sst2_balanced_v2,768,positive,noul,1,1,"[""false"", ""true""]","[0.07585818002124345, 0.9241418199787566]",
d1-3b,ood_sst2_balanced_v2,769,positive,noul,1,1,"[""false"", ""true""]","[0.01691491326672656, 0.9830850867332734]",
d1-3b,ood_sst2_balanced_v2,771,positive,noul,0,0,"[""false"", ""true""]","[0.9511422213778251, 0.048857778622174906]",
d1-3b,ood_sst2_balanced_v2,772,positive,noul,1,1,"[""false"", ""true""]","[0.36296920551961687, 0.6370307944803831]",
d1-3b,ood_sst2_balanced_v2,773,positive,noul,1,1,"[""false"", ""true""]","[0.032100706717008154, 0.9678992932829918]",
d1-3b,ood_sst2_balanced_v2,775,positive,noul,0,0,"[""false"", ""true""]","[0.7606506526772883, 0.23934934732271168]",
d1-3b,ood_sst2_balanced_v2,776,positive,noul,0,0,"[""false"", ""true""]","[0.9752018398044143, 0.02479816019558566]",
d1-3b,ood_sst2_balanced_v2,777,positive,noul,1,1,"[""false"", ""true""]","[0.12765262532179067, 0.8723473746782093]",
d1-3b,ood_sst2_balanced_v2,781,positive,noul,0,0,"[""false"", ""true""]","[0.9678992932829918, 0.03210070671700819]",
d1-3b,ood_sst2_balanced_v2,782,positive,noul,1,1,"[""false"", ""true""]","[0.19436781101874467, 0.8056321889812553]",
d1-3b,ood_sst2_balanced_v2,783,positive,noul,1,1,"[""false"", ""true""]","[0.033085978388704196, 0.9669140216112958]",
d1-3b,ood_sst2_balanced_v2,785,positive,noul,1,1,"[""false"", ""true""]","[0.035144846400793295, 0.9648551535992067]",
d1-3b,ood_sst2_balanced_v2,786,positive,noul,0,0,"[""false"", ""true""]","[0.9755769099458927, 0.024423090054107213]",
d1-3b,ood_sst2_balanced_v2,787,positive,noul,0,0,"[""false"", ""true""]","[0.9688561694652216, 0.031143830534778462]",
d1-3b,ood_sst2_balanced_v2,788,positive,noul,1,1,"[""false"", ""true""]","[0.02931223075135636, 0.9706877692486436]",
d1-3b,ood_sst2_balanced_v2,789,positive,noul,0,0,"[""false"", ""true""]","[0.9591542840900507, 0.040845715909949315]",
d1-3b,ood_sst2_balanced_v2,790,positive,noul,0,0,"[""false"", ""true""]","[0.9736446471538802, 0.02635535284611975]",
d1-3b,ood_sst2_balanced_v2,795,positive,noul,0,0,"[""false"", ""true""]","[0.981735721648143, 0.01826427835185701]",
d1-3b,ood_sst2_balanced_v2,798,positive,noul,0,0,"[""false"", ""true""]","[0.9504109770159682, 0.04958902298403175]",
d1-3b,ood_sst2_balanced_v2,800,positive,noul,0,0,"[""false"", ""true""]","[0.96036116089903, 0.039638839100970026]",
d1-3b,ood_sst2_balanced_v2,802,positive,noul,0,0,"[""false"", ""true""]","[0.7549149868676283, 0.24508501313237172]",
d1-3b,ood_sst2_balanced_v2,803,positive,noul,1,1,"[""false"", ""true""]","[0.1540575626914854, 0.8459424373085146]",
d1-3b,ood_sst2_balanced_v2,804,positive,noul,0,0,"[""false"", ""true""]","[0.9553191297273498, 0.0446808702726502]",
d1-3b,ood_sst2_balanced_v2,805,positive,noul,0,0,"[""false"", ""true""]","[0.8289388083214156, 0.17106119167858438]",
d1-3b,ood_sst2_balanced_v2,809,positive,noul,1,1,"[""false"", ""true""]","[0.01971912810734655, 0.9802808718926534]",
d1-3b,ood_sst2_balanced_v2,811,positive,noul,0,0,"[""false"", ""true""]","[0.9504109770159682, 0.04958902298403175]",
d1-3b,ood_sst2_balanced_v2,815,positive,noul,1,1,"[""false"", ""true""]","[0.012624949281564324, 0.9873750507184357]",
d1-3b,ood_sst2_balanced_v2,818,positive,noul,0,0,"[""false"", ""true""]","[0.7371581626286834, 0.26284183737131667]",
d1-3b,ood_sst2_balanced_v2,822,positive,noul,0,0,"[""false"", ""true""]","[0.969785412932606, 0.03021458706739398]",
d1-3b,ood_sst2_balanced_v2,823,positive,noul,1,1,"[""false"", ""true""]","[0.27512972382317524, 0.7248702761768248]",
d1-3b,ood_sst2_balanced_v2,824,positive,noul,0,0,"[""false"", ""true""]","[0.9511422213778251, 0.048857778622174906]",
d1-3b,ood_sst2_balanced_v2,825,positive,noul,1,1,"[""false"", ""true""]","[0.014728613849722572, 0.9852713861502774]",
d1-3b,ood_sst2_balanced_v2,826,positive,noul,1,1,"[""false"", ""true""]","[0.013222821752305158, 0.9867771782476948]",
d1-3b,ood_sst2_balanced_v2,827,positive,noul,0,0,"[""false"", ""true""]","[0.9433475746920261, 0.05665242530797383]",
d1-3b,ood_sst2_balanced_v2,828,positive,noul,0,0,"[""false"", ""true""]","[0.9770226300899744, 0.02297736991002561]",
d1-3b,ood_sst2_balanced_v2,829,positive,noul,0,0,"[""false"", ""true""]","[0.9728307684643189, 0.027169231535681047]",
d1-3b,ood_sst2_balanced_v2,830,positive,noul,1,1,"[""false"", ""true""]","[0.4035668537353746, 0.5964331462646254]",
d1-3b,ood_sst2_balanced_v2,832,positive,noul,0,0,"[""false"", ""true""]","[0.9241418199787564, 0.07585818002124356]",
d1-3b,ood_sst2_balanced_v2,833,positive,noul,0,0,"[""false"", ""true""]","[0.9744347860767304, 0.025565213923269593]",
d1-3b,ood_sst2_balanced_v2,834,positive,noul,1,1,"[""false"", ""true""]","[0.055823141134614396, 0.9441768588653856]",
d1-3b,ood_sst2_balanced_v2,835,positive,noul,1,1,"[""false"", ""true""]","[0.015424552081841236, 0.9845754479181588]",
d1-3b,ood_sst2_balanced_v2,837,positive,noul,1,1,"[""false"", ""true""]","[0.09268777863937594, 0.9073122213606241]",
d1-3b,ood_sst2_balanced_v2,840,positive,noul,0,0,"[""false"", ""true""]","[0.9658995742876885, 0.03410042571231151]",
d1-3b,ood_sst2_balanced_v2,841,positive,noul,1,1,"[""false"", ""true""]","[0.13117322376181562, 0.8688267762381844]",
d1-3b,ood_sst2_balanced_v2,842,positive,noul,0,0,"[""false"", ""true""]","[0.897695292107347, 0.10230470789265303]",
d1-3b,ood_sst2_balanced_v2,844,positive,noul,0,0,"[""false"", ""true""]","[0.9736446471538802, 0.02635535284611975]",
d1-3b,ood_sst2_balanced_v2,845,positive,noul,0,0,"[""false"", ""true""]","[0.96036116089903, 0.039638839100970026]",
d1-3b,ood_sst2_balanced_v2,846,positive,noul,0,1,"[""false"", ""true""]","[0.24508501313237174, 0.7549149868676283]",
d1-3b,ood_sst2_balanced_v2,851,positive,noul,0,0,"[""false"", ""true""]","[0.9252299570920386, 0.07477004290796138]",
d1-3b,ood_sst2_balanced_v2,852,positive,noul,0,0,"[""false"", ""true""]","[0.8128673178375734, 0.1871326821624266]",
d1-3b,ood_sst2_balanced_v2,853,positive,noul,1,1,"[""false"", ""true""]","[0.03732688734412937, 0.9626731126558706]",
d1-3b,ood_sst2_balanced_v2,854,positive,noul,0,0,"[""false"", ""true""]","[0.8947894632969137, 0.10521053670308635]",
d1-3b,ood_sst2_balanced_v2,857,positive,noul,1,1,"[""false"", ""true""]","[0.014503579691382051, 0.985496420308618]",
d1-3b,ood_sst2_balanced_v2,858,positive,noul,1,1,"[""false"", ""true""]","[0.2509127868852725, 0.7490872131147275]",
d1-3b,ood_sst2_balanced_v2,859,positive,noul,1,1,"[""false"", ""true""]","[0.048136771116634836, 0.9518632288833652]",
d1-3b,ood_sst2_balanced_v2,860,positive,noul,1,1,"[""false"", ""true""]","[0.18010666408646392, 0.8198933359135361]",
d1-3b,ood_sst2_balanced_v2,861,positive,noul,1,1,"[""false"", ""true""]","[0.052618953347713715, 0.9473810466522863]",
d1-3b,ood_sst2_balanced_v2,862,positive,noul,0,0,"[""false"", ""true""]","[0.888758793492457, 0.11124120650754304]",
d1-3b,ood_sst2_balanced_v2,863,positive,noul,0,0,"[""false"", ""true""]","[0.8856314738181875, 0.1143685261818125]",
d1-3b,ood_sst2_balanced_v2,864,positive,noul,0,0,"[""false"", ""true""]","[0.9820137900379085, 0.017986209962091555]",
d1-3b,ood_sst2_balanced_v2,865,positive,noul,1,0,"[""false"", ""true""]","[0.7248702761768249, 0.2751297238231752]",
d1-3b,ood_sst2_balanced_v2,866,positive,noul,1,0,"[""false"", ""true""]","[0.6688802603710085, 0.3311197396289915]",
d1-3b,ood_sst2_balanced_v2,867,positive,noul,0,0,"[""false"", ""true""]","[0.9184802440252811, 0.08151975597471893]",
d1-3b,ood_sst2_balanced_v2,868,positive,noul,1,1,"[""false"", ""true""]","[0.05749327880038568, 0.9425067211996143]",
d1-3b,ood_sst2_balanced_v2,870,positive,noul,0,0,"[""false"", ""true""]","[0.9304582554941719, 0.06954174450582809]",
d1-3b,ood_sst2_balanced_v2,871,positive,noul,1,1,"[""false"", ""true""]","[0.024798160195585672, 0.9752018398044143]",
d1-3b,ood_yelp_rating,74,rating,score,4,4,"[""0"", ""1"", ""2"", ""3"", ""4""]","[0.004885137938078469, 0.005365274405745596, 0.043201923605522996, 0.4035337075601812, 0.5430139564904717]",
d1-3b,ood_yelp_rating,120,rating,score,2,2,"[""0"", ""1"", ""2"", ""3"", ""4""]","[0.006018511336894425, 0.10339844698874082, 0.6383600350965873, 0.24610971747822386, 0.006113289099553502]",
d1-3b,ood_yelp_rating,176,rating,score,1,1,"[""0"", ""1"", ""2"", ""3"", ""4""]","[0.09471190284368913, 0.6574309123787465, 0.23441421083655925, 0.011947561300758318, 0.001495412640246879]",
d1-3b,ood_yelp_rating,219,rating,score,3,3,"[""0"", ""1"", ""2"", ""3"", ""4""]","[0.0021106798431137453, 0.008218478512397653, 0.23831005933564675, 0.6683570896958301, 0.08300369261301184]",
d1-3b,ood_yelp_rating,221,rating,score,2,2,"[""0"", ""1"", ""2"", ""3"", ""4""]","[0.0019561124214979215, 0.01368460591423769, 0.9226122467112364, 0.059909437391941066, 0.0018375975610868472]",
d1-3b,ood_yelp_rating,263,rating,score,1,0,"[""0"", ""1"", ""2"", ""3"", ""4""]","[0.5020542898972047, 0.42277209910296526, 0.06585519134848823, 0.00646980365489382, 0.0028486159964478883]",
d1-3b,ood_yelp_rating,276,rating,score,4,4,"[""0"", ""1"", ""2"", ""3"", ""4""]","[0.005517305848917963, 0.004793518391546974, 0.042724164362449996, 0.21867293593413006, 0.7282920754629549]",
d1-3b,ood_yelp_rating,428,rating,score,0,0,"[""0"", ""1"", ""2"", ""3"", ""4""]","[0.9456046093934863, 0.03812563998239089, 0.009490222150102272, 0.004081693685242596, 0.002697834788777807]",
d1-3b,ood_yelp_rating,447,rating,score,4,4,"[""0"", ""1"", ""2"", ""3"", ""4""]","[0.004283021068552942, 0.004216618981609468, 0.029730058886930876, 0.29560781241460277, 0.666162488648304]",
d1-3b,ood_yelp_rating,493,rating,score,3,3,"[""0"", ""1"", ""2"", ""3"", ""4""]","[0.003504026501168481, 0.014523786246234204, 0.3331524643715886, 0.5756358386342911, 0.07318388424671757]",
d1-3b,ood_yelp_rating,500,rating,score,3,3,"[""0"", ""1"", ""2"", ""3"", ""4""]","[0.002143380586986777, 0.0036176396983221225, 0.053997988514771986, 0.528581390422165, 0.4116596007777541]",
d1-3b,ood_yelp_rating,506,rating,score,0,0,"[""0"", ""1"", ""2"", ""3"", ""4""]","[0.9040584361272882, 0.07961531708554712, 0.010859268989469928, 0.003311889922586685, 0.0021550878751081712]",
d1-3b,ood_yelp_rating,512,rating,score,0,0,"[""0"", ""1"", ""2"", ""3"", ""4""]","[0.9531429522837133, 0.03753935670666807, 0.004962712145394898, 0.0025149801095714144, 0.0018399987546523844]",
d1-3b,ood_yelp_rating,556,rating,score,3,2,"[""0"", ""1"", ""2"", ""3"", ""4""]","[0.007811711332127013, 0.16188303373593216, 0.6605838468907542, 0.16702175284300283, 0.0026996551981838543]",
d1-3b,ood_yelp_rating,575,rating,score,2,1,"[""0"", ""1"", ""2"", ""3"", ""4""]","[0.02815058834551332, 0.6307712359562369, 0.31225440454684256, 0.02728448579453395, 0.0015392853568732586]",
d1-3b,ood_yelp_rating,626,rating,score,3,3,"[""0"", ""1"", ""2"", ""3"", ""4""]","[0.029028070109094695, 0.05297530156007431, 0.17234758774994868, 0.41344037022817837, 0.332208670352704]",
d1-3b,ood_yelp_rating,651,rating,score,4,4,"[""0"", ""1"", ""2"", ""3"", ""4""]","[0.005401281633302543, 0.0038300821992604023, 0.017031656592678506, 0.1845436950370722, 0.7891932845376863]",
d1-3b,ood_yelp_rating,712,rating,score,2,3,"[""0"", ""1"", ""2"", ""3"", ""4""]","[0.002000418260944728, 0.004369315187525842, 0.09197173385804955, 0.633442220724027, 0.26821631196945284]",
d1-3b,ood_yelp_rating,741,rating,score,0,0,"[""0"", ""1"", ""2"", ""3"", ""4""]","[0.7368276604091784, 0.18923299347053926, 0.06694802188242649, 0.004700488904350903, 0.0022908353335048762]",
d1-3b,ood_yelp_rating,770,rating,score,2,2,"[""0"", ""1"", ""2"", ""3"", ""4""]","[0.0021317062423527877, 0.015507095785725967, 0.5552523592750722, 0.4191264698786528, 0.00798236881819603]",
d1-3b,ood_yelp_rating,813,rating,score,0,0,"[""0"", ""1"", ""2"", ""3"", ""4""]","[0.9559976982829347, 0.03428234523209898, 0.005016615511314754, 0.002814066261200868, 0.0018892747124508637]",
d1-3b,ood_yelp_rating,821,rating,score,0,0,"[""0"", ""1"", ""2"", ""3"", ""4""]","[0.5432817625066482, 0.40373272409248745, 0.04673545503106717, 0.004180540669723915, 0.0020695177000732293]",
d1-3b,ood_yelp_rating,827,rating,score,1,0,"[""0"", ""1"", ""2"", ""3"", ""4""]","[0.5146126454074879, 0.4401715216226063, 0.03937385324641284, 0.004315289754580821, 0.0015266899689121338]",
d1-3b,ood_yelp_rating,836,rating,score,1,1,"[""0"", ""1"", ""2"", ""3"", ""4""]","[0.1546568008054604, 0.6717985196565319, 0.1570922910354939, 0.013619750387274077, 0.002832638115239707]",
d1-3b,ood_yelp_rating,883,rating,score,3,3,"[""0"", ""1"", ""2"", ""3"", ""4""]","[0.0029253229716608388, 0.004223196865216068, 0.05784574463012775, 0.5075802833765649, 0.4274254521564304]",
d1-3b,ood_yelp_rating,1045,rating,score,1,0,"[""0"", ""1"", ""2"", ""3"", ""4""]","[0.46386906170119513, 0.4566774384818686, 0.07058303497315428, 0.0072105109655376046, 0.001659953878244445]",
d1-3b,ood_yelp_rating,1063,rating,score,0,0,"[""0"", ""1"", ""2"", ""3"", ""4""]","[0.6150207774081248, 0.35042827581980956, 0.029910768068674883, 0.003079542514313259, 0.001560636189077434]",
d1-3b,ood_yelp_rating,1084,rating,score,4,4,"[""0"", ""1"", ""2"", ""3"", ""4""]","[0.0036892722391573415, 0.0050821871660990435, 0.05637307852568524, 0.3095490971910471, 0.6253063648780113]",
d1-3b,ood_yelp_rating,1099,rating,score,1,2,"[""0"", ""1"", ""2"", ""3"", ""4""]","[0.0020431461643132384, 0.05832631462125458, 0.75050090522683, 0.18681444607212117, 0.002315187915480966]",
d1-3b,ood_yelp_rating,1123,rating,score,1,1,"[""0"", ""1"", ""2"", ""3"", ""4""]","[0.06100713717608454, 0.6209827850518367, 0.30740876997386474, 0.009210700078231101, 0.0013906077199830223]",
d1-3b,ood_yelp_rating,1142,rating,score,3,3,"[""0"", ""1"", ""2"", ""3"", ""4""]","[0.0021801098687387896, 0.00597263243459175, 0.162694673258299, 0.6638958428769938, 0.16525674156137676]",
d1-3b,ood_yelp_rating,1155,rating,score,4,4,"[""0"", ""1"", ""2"", ""3"", ""4""]","[0.004080401196987769, 0.004999412053284237, 0.054595164479191126, 0.38493339378946945, 0.5513916284810674]",
d1-3b,ood_yelp_rating,1163,rating,score,1,0,"[""0"", ""1"", ""2"", ""3"", ""4""]","[0.9313754344536798, 0.05593344240196389, 0.0072231233429506155, 0.003230380574894935, 0.002237619226510679]",
d1-3b,ood_yelp_rating,1221,rating,score,1,0,"[""0"", ""1"", ""2"", ""3"", ""4""]","[0.8283480614753884, 0.14621211797368772, 0.02025690919467762, 0.003520122992876711, 0.0016627883633695555]",
d1-3b,ood_yelp_rating,1225,rating,score,3,3,"[""0"", ""1"", ""2"", ""3"", ""4""]","[0.023039902703519907, 0.07379493611182417, 0.2941537567815422, 0.4347310712435653, 0.17428033315954836]",
d1-3b,ood_yelp_rating,1275,rating,score,2,3,"[""0"", ""1"", ""2"", ""3"", ""4""]","[0.002085864998789686, 0.005003730012147288, 0.1644112871247736, 0.6921973734803337, 0.13630174438395568]",
d1-3b,ood_yelp_rating,1280,rating,score,4,4,"[""0"", ""1"", ""2"", ""3"", ""4""]","[0.005243281572111411, 0.0019440240095185094, 0.0059880155088201, 0.07704946024901303, 0.9097752186605369]",
d1-3b,ood_yelp_rating,1302,rating,score,3,4,"[""0"", ""1"", ""2"", ""3"", ""4""]","[0.004869755420131141, 0.002506735262039017, 0.010804024613311784, 0.14343130561885925, 0.8383881790856588]",
d1-3b,ood_yelp_rating,1334,rating,score,2,3,"[""0"", ""1"", ""2"", ""3"", ""4""]","[0.024118246065026695, 0.1443197251950604, 0.30078813671220356, 0.4111286375132107, 0.11964525451449863]",
d1-3b,ood_yelp_rating,1355,rating,score,1,0,"[""0"", ""1"", ""2"", ""3"", ""4""]","[0.7807352496525701, 0.12449911450238031, 0.051898952319648126, 0.027997384733803997, 0.014869298791597478]",
d1-3b,ood_yelp_rating,1429,rating,score,1,1,"[""0"", ""1"", ""2"", ""3"", ""4""]","[0.39882743994300524, 0.43123528326328736, 0.1501997901207222, 0.014756059942867982, 0.004981426730117245]",
d1-3b,ood_yelp_rating,1551,rating,score,0,0,"[""0"", ""1"", ""2"", ""3"", ""4""]","[0.9182515556151184, 0.06447137835008698, 0.010774248392568676, 0.003963624477700475, 0.0025391931645255134]",
d1-3b,ood_yelp_rating,1594,rating,score,3,4,"[""0"", ""1"", ""2"", ""3"", ""4""]","[0.0036102157964295815, 0.004155332910503085, 0.04296260335872922, 0.3653862626866325, 0.5838855852477056]",
d1-3b,ood_yelp_rating,1708,rating,score,4,4,"[""0"", ""1"", ""2"", ""3"", ""4""]","[0.012031169429234212, 0.0047114736439900105, 0.013956400701355476, 0.13241464308082962, 0.8368863131445907]",
d1-3b,ood_yelp_rating,1744,rating,score,3,3,"[""0"", ""1"", ""2"", ""3"", ""4""]","[0.005594767211904556, 0.009666890869509547, 0.1355488015402803, 0.55312373814894, 0.29606580222936557]",
d1-3b,ood_yelp_rating,1761,rating,score,2,3,"[""0"", ""1"", ""2"", ""3"", ""4""]","[0.0065370352969317995, 0.016562999208408428, 0.2033612072982384, 0.5357854195087505, 0.23775333868767096]",
d1-3b,ood_yelp_rating,1809,rating,score,2,2,"[""0"", ""1"", ""2"", ""3"", ""4""]","[0.04060398868288251, 0.33470224148858213, 0.6060674631498344, 0.017192810550777763, 0.0014334961279233076]",
d1-3b,ood_yelp_rating,1948,rating,score,4,4,"[""0"", ""1"", ""2"", ""3"", ""4""]","[0.005494393565811913, 0.004019784204331865, 0.014475799001760823, 0.1605697167730787, 0.8154403064550166]",
d1-3b,ood_yelp_rating,1971,rating,score,1,1,"[""0"", ""1"", ""2"", ""3"", ""4""]","[0.21201099097014003, 0.653039826542034, 0.126597544973417, 0.006502996804686104, 0.0018486407097229036]",
d1-3b,ood_yelp_rating,2114,rating,score,1,3,"[""0"", ""1"", ""2"", ""3"", ""4""]","[0.0244394092543179, 0.05638112631798943, 0.17231461497034284, 0.47577590841928735, 0.27108894103806247]",
d1-3b,ood_yelp_rating,2128,rating,score,4,4,"[""0"", ""1"", ""2"", ""3"", ""4""]","[0.0061498320706616675, 0.0030923297643471056, 0.012135223731217776, 0.1410673274225304, 0.8375552870112432]",
d1-3b,ood_yelp_rating,2201,rating,score,1,2,"[""0"", ""1"", ""2"", ""3"", ""4""]","[0.024767352111584644, 0.174626837274661, 0.5213394362756283, 0.2580817354397044, 0.02118463889842155]",
d1-3b,ood_yelp_rating,2215,rating,score,4,4,"[""0"", ""1"", ""2"", ""3"", ""4""]","[0.00614739880478921, 0.0031892284864735304, 0.007591024281679712, 0.08486222285205285, 0.8982101255750048]",
d1-3b,ood_yelp_rating,2224,rating,score,0,0,"[""0"", ""1"", ""2"", ""3"", ""4""]","[0.9481534261814621, 0.04434572585799009, 0.004189751109616662, 0.0021566990412344687, 0.0011543978096966983]",
d1-3b,ood_yelp_rating,2254,rating,score,1,1,"[""0"", ""1"", ""2"", ""3"", ""4""]","[0.19326115725229637, 0.5253382919058832, 0.24430499411681145, 0.032550489944911366, 0.004545066780097718]",
d1-3b,ood_yelp_rating,2275,rating,score,3,4,"[""0"", ""1"", ""2"", ""3"", ""4""]","[0.0035025755951967057, 0.0043590257571931, 0.04135728488813083, 0.4309528046807487, 0.5198283090787307]",
d1-3b,ood_yelp_rating,2580,rating,score,1,2,"[""0"", ""1"", ""2"", ""3"", ""4""]","[0.003383743236965291, 0.06638990841724482, 0.7026929765948737, 0.2211121553951943, 0.006421216355721864]",
d1-3b,ood_yelp_rating,2593,rating,score,2,4,"[""0"", ""1"", ""2"", ""3"", ""4""]","[0.005927068839993262, 0.003247765746715905, 0.011604637438256444, 0.1528611200960294, 0.826359407879005]",
d1-3b,ood_yelp_rating,2685,rating,score,0,0,"[""0"", ""1"", ""2"", ""3"", ""4""]","[0.9706911167897851, 0.022650814449812724, 0.0032125686168748154, 0.002042032855205502, 0.0014034672883216591]",
d1-3b,ood_yelp_rating,2731,rating,score,0,0,"[""0"", ""1"", ""2"", ""3"", ""4""]","[0.936397644077533, 0.054504878949831255, 0.00510950596589384, 0.002303034772888838, 0.0016849362338530534]",
d1-3b,ood_yelp_rating,2746,rating,score,4,3,"[""0"", ""1"", ""2"", ""3"", ""4""]","[0.0035023934459065004, 0.006594652388692972, 0.08754881963590966, 0.5038086717579487, 0.3985454627715421]",
d1-3b,ood_yelp_rating,2901,rating,score,0,0,"[""0"", ""1"", ""2"", ""3"", ""4""]","[0.9771887995694739, 0.017347178619162334, 0.002619032245414767, 0.001744651596509456, 0.0011003379694395153]",
d1-3b,ood_yelp_rating,2927,rating,score,4,4,"[""0"", ""1"", ""2"", ""3"", ""4""]","[0.005255114685724659, 0.003611783982315548, 0.015445641009147498, 0.18964223590138332, 0.786045224421429]",
d1-3b,ood_yelp_rating,2993,rating,score,0,0,"[""0"", ""1"", ""2"", ""3"", ""4""]","[0.9260012076260953, 0.06203821330281518, 0.006387308909600919, 0.0033658752684779386, 0.0022073948930105966]",
d1-3b,ood_yelp_rating,3146,rating,score,1,1,"[""0"", ""1"", ""2"", ""3"", ""4""]","[0.026293464817434605, 0.6320749142177873, 0.33308007358045416, 0.007651834494377425, 0.0008997128899466056]",
d1-3b,ood_yelp_rating,3195,rating,score,4,2,"[""0"", ""1"", ""2"", ""3"", ""4""]","[0.006423023886316855, 0.0474600838207668, 0.49069684679410785, 0.41320817313368036, 0.04221187236512812]",
d1-3b,ood_yelp_rating,3229,rating,score,0,1,"[""0"", ""1"", ""2"", ""3"", ""4""]","[0.19788112355600984, 0.5295573475679228, 0.23134647169807795, 0.03411898466144756, 0.007096072516541811]",
d1-3b,ood_yelp_rating,3282,rating,score,4,4,"[""0"", ""1"", ""2"", ""3"", ""4""]","[0.004098636481865202, 0.004098636481865202, 0.02433472525244064, 0.2941505917388941, 0.6733174100449348]",
d1-3b,ood_yelp_rating,3395,rating,score,4,4,"[""0"", ""1"", ""2"", ""3"", ""4""]","[0.0040241976460550204, 0.0050474746474769815, 0.04534049435943886, 0.3196816153291986, 0.6259062180178305]",
d1-3b,ood_yelp_rating,3437,rating,score,0,0,"[""0"", ""1"", ""2"", ""3"", ""4""]","[0.934356062583511, 0.05149167215699567, 0.007835052597287836, 0.003672215244797442, 0.0026449974174080483]",
d1-3b,ood_yelp_rating,3482,rating,score,4,4,"[""0"", ""1"", ""2"", ""3"", ""4""]","[0.003744192367690295, 0.0027607943258797164, 0.012086401015482265, 0.21591686245577313, 0.7654917498351747]",
d1-3b,ood_yelp_rating,3539,rating,score,0,0,"[""0"", ""1"", ""2"", ""3"", ""4""]","[0.8770091208395524, 0.09839769631617817, 0.015089775456184845, 0.006002297978757422, 0.003501109409327283]",
d1-3b,ood_yelp_rating,3552,rating,score,3,4,"[""0"", ""1"", ""2"", ""3"", ""4""]","[0.009004777670426732, 0.0052936357056531675, 0.0304627701975512, 0.228635787248971, 0.7266030291773979]",
d1-3b,ood_yelp_rating,3597,rating,score,0,0,"[""0"", ""1"", ""2"", ""3"", ""4""]","[0.9599944800491805, 0.03159077142719188, 0.004308877953021594, 0.0025330586737668903, 0.001572811896839165]",
d1-3b,ood_yelp_rating,3601,rating,score,0,0,"[""0"", ""1"", ""2"", ""3"", ""4""]","[0.8298901202909921, 0.14421327883353, 0.016956789376891476, 0.005548240257917791, 0.0033915712406687353]",
d1-3b,ood_yelp_rating,3605,rating,score,2,1,"[""0"", ""1"", ""2"", ""3"", ""4""]","[0.18440642771435756, 0.6046453984718863, 0.19629962049077043, 0.012647438037319507, 0.0020011152856663195]",
d1-3b,ood_yelp_rating,3618,rating,score,4,4,"[""0"", ""1"", ""2"", ""3"", ""4""]","[0.004977482032646151, 0.0023328988764307413, 0.007892095170792514, 0.1345316042445363, 0.8502659196755943]",
d1-3b,ood_yelp_rating,3791,rating,score,4,4,"[""0"", ""1"", ""2"", ""3"", ""4""]","[0.003651583053170881, 0.005700040538116735, 0.05536296048040578, 0.40589653481429, 0.5293888811140166]",
d1-3b,ood_yelp_rating,3869,rating,score,3,4,"[""0"", ""1"", ""2"", ""3"", ""4""]","[0.0036301547130869432, 0.0036019046249848325, 0.03135975139682528, 0.4098690703356977, 0.5515391189294052]",
d1-3b,ood_yelp_rating,3876,rating,score,1,0,"[""0"", ""1"", ""2"", ""3"", ""4""]","[0.4132582847112883, 0.394333810038504, 0.1669714407298246, 0.019941894782133596, 0.005494569738249516]",
d1-3b,ood_yelp_rating,3935,rating,score,0,0,"[""0"", ""1"", ""2"", ""3"", ""4""]","[0.9421206686391375, 0.047644079122306414, 0.00542969718152331, 0.0029291019218052297, 0.001876453135227718]",
d1-3b,ood_yelp_rating,4017,rating,score,1,0,"[""0"", ""1"", ""2"", ""3"", ""4""]","[0.6482083259239975, 0.29217038293796654, 0.04998445890978266, 0.00760571269488114, 0.0020311195333723065]",
d1-3b,ood_yelp_rating,4078,rating,score,1,1,"[""0"", ""1"", ""2"", ""3"", ""4""]","[0.20691166189638588, 0.5987187456652209, 0.17976796717194687, 0.011673157182504917, 0.0029284680839414827]",
d1-3b,ood_yelp_rating,4119,rating,score,2,2,"[""0"", ""1"", ""2"", ""3"", ""4""]","[0.0023685787818577392, 0.02111091288602392, 0.48048216261448595, 0.47303297713861464, 0.023005368579017665]",
d1-3b,ood_yelp_rating,4147,rating,score,0,0,"[""0"", ""1"", ""2"", ""3"", ""4""]","[0.5244116357481439, 0.42137658722883886, 0.0469092291808055, 0.005646449498777324, 0.0016560983434344213]",
d1-3b,ood_yelp_rating,4244,rating,score,0,0,"[""0"", ""1"", ""2"", ""3"", ""4""]","[0.9700984379197428, 0.02299346508319631, 0.003695386126759097, 0.002040786042801145, 0.0011719248275006424]",
d1-3b,ood_yelp_rating,4385,rating,score,3,4,"[""0"", ""1"", ""2"", ""3"", ""4""]","[0.01012436349087333, 0.012898773713984034, 0.07658354572600715, 0.33007494869060927, 0.5703183683785262]",
d1-3b,ood_yelp_rating,4394,rating,score,4,4,"[""0"", ""1"", ""2"", ""3"", ""4""]","[0.004570974319939123, 0.0027724360698021823, 0.012819614505848561, 0.17422566449005722, 0.805611310614353]",
d1-3b,ood_yelp_rating,4464,rating,score,2,3,"[""0"", ""1"", ""2"", ""3"", ""4""]","[0.0015400682244171477, 0.0066376913648423614, 0.23582186649092188, 0.682373196425146, 0.07362717749467258]",
d1-3b,ood_yelp_rating,4624,rating,score,0,0,"[""0"", ""1"", ""2"", ""3"", ""4""]","[0.6036010486501207, 0.31807540083507996, 0.06667222598768258, 0.009165197809658403, 0.002486126717458392]",
d1-3b,ood_yelp_rating,4672,rating,score,0,0,"[""0"", ""1"", ""2"", ""3"", ""4""]","[0.9510316928324364, 0.03956163706749944, 0.004724963744462139, 0.0028883124024867523, 0.0017933939531150915]",
d1-3b,ood_yelp_rating,4684,rating,score,4,4,"[""0"", ""1"", ""2"", ""3"", ""4""]","[0.006896657034403438, 0.003232398096299011, 0.011549727070553276, 0.14292025343715462, 0.8354009643615897]",
d1-3b,ood_yelp_rating,4812,rating,score,1,1,"[""0"", ""1"", ""2"", ""3"", ""4""]","[0.26450954214473466, 0.5960814547729979, 0.13300375046500804, 0.004844661256547375, 0.0015605913607119016]",
d1-3b,ood_yelp_rating,4823,rating,score,2,2,"[""0"", ""1"", ""2"", ""3"", ""4""]","[0.006684439664094064, 0.10055651292903409, 0.6712605664553122, 0.2145477634828278, 0.006950717468731841]",
d1-3b,ood_yelp_rating,4830,rating,score,3,4,"[""0"", ""1"", ""2"", ""3"", ""4""]","[0.005639265615783072, 0.0036695401227576333, 0.01968297102730516, 0.2324101844760807, 0.7385980387580734]",
d1-3b,ood_yelp_rating,4839,rating,score,0,0,"[""0"", ""1"", ""2"", ""3"", ""4""]","[0.9465340650516232, 0.04324447417812069, 0.005412680603085661, 0.0027862091951928163, 0.002022570971977748]",
d1-3b,ood_yelp_rating,4874,rating,score,4,3,"[""0"", ""1"", ""2"", ""3"", ""4""]","[0.006311470615139209, 0.011163853694069003, 0.1190887139129529, 0.5593322773554504, 0.3041036844223884]",
d1-3b,ood_yelp_rating,4886,rating,score,0,0,"[""0"", ""1"", ""2"", ""3"", ""4""]","[0.5526643862518987, 0.3458485355943737, 0.08541856114659664, 0.012597531988156378, 0.003470985018974642]",
d1-3b,ood_yelp_rating,4930,rating,score,1,2,"[""0"", ""1"", ""2"", ""3"", ""4""]","[0.01123814174265952, 0.12563438787966835, 0.5126667404979282, 0.31584481633347505, 0.0346159135462689]",
d1-3b,ood_yelp_rating,4989,rating,score,1,0,"[""0"", ""1"", ""2"", ""3"", ""4""]","[0.8062926738511358, 0.1743730196241318, 0.015476485314520097, 0.002526466776154995, 0.0013313544340573633]",
d1-3b,ood_yelp_rating,5097,rating,score,2,2,"[""0"", ""1"", ""2"", ""3"", ""4""]","[0.01856601769876953, 0.3342729598476396, 0.6148220671678335, 0.030850266974439426, 0.0014886883113179538]",
d1-3b,ood_yelp_rating,5099,rating,score,1,0,"[""0"", ""1"", ""2"", ""3"", ""4""]","[0.8061790132684451, 0.16898430126330208, 0.019714774291071255, 0.0033992533979653153, 0.0017226577792163154]",
d1-3b,ood_yelp_rating,5181,rating,score,0,0,"[""0"", ""1"", ""2"", ""3"", ""4""]","[0.9822805664278289, 0.012268861617890573, 0.0023970815504155787, 0.00186684898854967, 0.0011866414153152188]",
d1-3b,ood_yelp_rating,5220,rating,score,4,3,"[""0"", ""1"", ""2"", ""3"", ""4""]","[0.003483110690420355, 0.005228768443402138, 0.06833952328827536, 0.5010349058805993, 0.4219136916973029]",
d1-3b,ood_yelp_rating,5244,rating,score,2,2,"[""0"", ""1"", ""2"", ""3"", ""4""]","[0.0031896378095128135, 0.20680625132320343, 0.7218247428650268, 0.06766674655664122, 0.0005126214456156005]",
d1-3b,ood_yelp_rating,5256,rating,score,0,0,"[""0"", ""1"", ""2"", ""3"", ""4""]","[0.9421922163404416, 0.04654393964758377, 0.005646420502898628, 0.002929324367311805, 0.0026880991417642074]",
d1-3b,ood_yelp_rating,5272,rating,score,1,0,"[""0"", ""1"", ""2"", ""3"", ""4""]","[0.6936726919910499, 0.26743464637858394, 0.034000499778761024, 0.0033143125411061137, 0.0015778493104989426]",
d1-3b,ood_yelp_rating,5288,rating,score,0,1,"[""0"", ""1"", ""2"", ""3"", ""4""]","[0.1292623173697156, 0.7097897558386304, 0.15350279996058638, 0.005951949468423025, 0.0014931773626446635]",
d1-3b,ood_yelp_rating,5303,rating,score,2,2,"[""0"", ""1"", ""2"", ""3"", ""4""]","[0.0013074894599231911, 0.018768339023880785, 0.5316159635716354, 0.44072511349041676, 0.007583094454143835]",
d1-3b,ood_yelp_rating,5397,rating,score,3,3,"[""0"", ""1"", ""2"", ""3"", ""4""]","[0.0024856012550672347, 0.005645321133032839, 0.14788753467254098, 0.6627859477811685, 0.18119559515819056]",
d1-3b,ood_yelp_rating,5409,rating,score,0,1,"[""0"", ""1"", ""2"", ""3"", ""4""]","[0.4402714326407753, 0.4686665004659329, 0.08535051038064624, 0.004558888888706317, 0.001152667623939255]",
d1-3b,ood_yelp_rating,5422,rating,score,1,1,"[""0"", ""1"", ""2"", ""3"", ""4""]","[0.051858692463530094, 0.46221149465926586, 0.4550455696349916, 0.02931824642211119, 0.001565996820101317]",
d1-3b,ood_yelp_rating,5445,rating,score,0,0,"[""0"", ""1"", ""2"", ""3"", ""4""]","[0.8196180555719991, 0.12767186859515078, 0.03463192504669701, 0.012641226861784437, 0.0054369239243686794]",
d1-3b,ood_yelp_rating,5517,rating,score,4,4,"[""0"", ""1"", ""2"", ""3"", ""4""]","[0.005039419043412273, 0.004808647243836061, 0.048565616751284964, 0.3117778161105019, 0.6298085008509648]",
d1-3b,ood_yelp_rating,5563,rating,score,4,4,"[""0"", ""1"", ""2"", ""3"", ""4""]","[0.005834047457229628, 0.004169405693076325, 0.017281706356923717, 0.18434997812276308, 0.7883648623700072]",
d1-3b,ood_yelp_rating,5671,rating,score,4,4,"[""0"", ""1"", ""2"", ""3"", ""4""]","[0.007517140639797607, 0.004815661079080013, 0.02091827819562208, 0.18790487140175402, 0.7788440486837463]",
d1-3b,ood_yelp_rating,5715,rating,score,0,0,"[""0"", ""1"", ""2"", ""3"", ""4""]","[0.9439125271008507, 0.04414737636852234, 0.006717533173617104, 0.00307551079568946, 0.0021470525613203877]",
d1-3b,ood_yelp_rating,5755,rating,score,1,0,"[""0"", ""1"", ""2"", ""3"", ""4""]","[0.8934089375941865, 0.09270472228786734, 0.009107578898527176, 0.0030269164040456543, 0.0017518448153733908]",
d1-3b,ood_yelp_rating,5775,rating,score,3,4,"[""0"", ""1"", ""2"", ""3"", ""4""]","[0.003939176297433292, 0.002973446268519078, 0.014521918661492416, 0.21008960703810198, 0.7684758517344533]",
d1-3b,ood_yelp_rating,5909,rating,score,4,4,"[""0"", ""1"", ""2"", ""3"", ""4""]","[0.009170620129682241, 0.006352302908418224, 0.029144170498585528, 0.2153479107708481, 0.7399849956924659]",
d1-3b,ood_yelp_rating,5910,rating,score,2,3,"[""0"", ""1"", ""2"", ""3"", ""4""]","[0.004047247510776852, 0.007680326222140446, 0.14491712439137455, 0.6006647887444321, 0.24269051313127607]",
d1-3b,ood_yelp_rating,5980,rating,score,1,2,"[""0"", ""1"", ""2"", ""3"", ""4""]","[0.0017988227533422742, 0.0908316165612001, 0.8352720039287718, 0.07073973410550423, 0.0013578226511816527]",
d1-3b,ood_yelp_rating,6003,rating,score,1,0,"[""0"", ""1"", ""2"", ""3"", ""4""]","[0.8863460016708449, 0.09342018126961596, 0.013670392945818238, 0.004169234289983781, 0.0023941898237370006]",
d1-3b,ood_yelp_rating,6097,rating,score,3,4,"[""0"", ""1"", ""2"", ""3"", ""4""]","[0.003808315915671036, 0.00421542144976042, 0.041588017068566435, 0.30490479323090086, 0.6454834523351013]",
d1-3b,ood_yelp_rating,6101,rating,score,1,0,"[""0"", ""1"", ""2"", ""3"", ""4""]","[0.9086672004049018, 0.07229311605258133, 0.011894087298592827, 0.004207963960902268, 0.0029376322830216954]",
d1-3b,ood_yelp_rating,6257,rating,score,4,4,"[""0"", ""1"", ""2"", ""3"", ""4""]","[0.047845599425350806, 0.06539718061277265, 0.18484943847365476, 0.339990150351936, 0.36191763113628583]",
d1-3b,ood_yelp_rating,6426,rating,score,3,3,"[""0"", ""1"", ""2"", ""3"", ""4""]","[0.0029515830289130345, 0.0043963697624589135, 0.10651428913096282, 0.580326946970271, 0.3058108111073943]",
d1-3b,ood_yelp_rating,6470,rating,score,2,3,"[""0"", ""1"", ""2"", ""3"", ""4""]","[0.005631074880015854, 0.013508246408148775, 0.21972194135081616, 0.5610796331385649, 0.2000591042224543]",
d1-3b,ood_yelp_rating,6472,rating,score,4,4,"[""0"", ""1"", ""2"", ""3"", ""4""]","[0.005214241769615238, 0.0055073368926160295, 0.03563287560435977, 0.26535835188435586, 0.6882871938490532]",
d1-3b,ood_yelp_rating,6482,rating,score,0,0,"[""0"", ""1"", ""2"", ""3"", ""4""]","[0.8366433833932128, 0.14091373779297708, 0.01581008321197107, 0.0044594387372933995, 0.002173356864545733]",
d1-3b,ood_yelp_rating,6516,rating,score,1,0,"[""0"", ""1"", ""2"", ""3"", ""4""]","[0.5988707492695191, 0.2873413257140282, 0.0862755114685959, 0.02233116635911241, 0.005181247188744359]",
d1-3b,ood_yelp_rating,6521,rating,score,1,1,"[""0"", ""1"", ""2"", ""3"", ""4""]","[0.14233236889820813, 0.6581382059098116, 0.18563640498139355, 0.011592431736179699, 0.002300588474407016]",
d1-3b,ood_yelp_rating,6603,rating,score,3,3,"[""0"", ""1"", ""2"", ""3"", ""4""]","[0.002092485576998627, 0.004065005640781821, 0.07551189025262833, 0.5407949197033765, 0.3775356988262147]",
d1-3b,ood_yelp_rating,6727,rating,score,3,4,"[""0"", ""1"", ""2"", ""3"", ""4""]","[0.004162273041376093, 0.00378979273106572, 0.03198041963855368, 0.3659965214882402, 0.5940709931007643]",
d1-3b,ood_yelp_rating,6894,rating,score,0,0,"[""0"", ""1"", ""2"", ""3"", ""4""]","[0.9386633056822598, 0.05092705669330255, 0.005581496040131324, 0.0029875595437137796, 0.0018405820405925334]",
d1-3b,ood_yelp_rating,6899,rating,score,2,0,"[""0"", ""1"", ""2"", ""3"", ""4""]","[0.5432332875000501, 0.4036967005264212, 0.04821469522335148, 0.0032810511865046478, 0.0015742655636726314]",
d1-3b,ood_yelp_rating,6924,rating,score,1,3,"[""0"", ""1"", ""2"", ""3"", ""4""]","[0.059517844621423475, 0.17088036250856828, 0.2263796998174147, 0.29067728838770174, 0.25254480466489176]",
d1-3b,ood_yelp_rating,6971,rating,score,1,0,"[""0"", ""1"", ""2"", ""3"", ""4""]","[0.844266457882893, 0.12947245465691626, 0.019547416965251672, 0.004129497187373598, 0.002584173307565532]",
d1-3b,ood_yelp_rating,6979,rating,score,0,0,"[""0"", ""1"", ""2"", ""3"", ""4""]","[0.971680600365607, 0.0211344022259832, 0.0033179252072976463, 0.0022626284082579487, 0.001604443792854201]",
d1-3b,ood_yelp_rating,7050,rating,score,4,4,"[""0"", ""1"", ""2"", ""3"", ""4""]","[0.002443413137887147, 0.0037257601154778723, 0.007826053726243684, 0.25916330619756767, 0.7268414668228236]",
d1-3b,ood_yelp_rating,7054,rating,score,2,3,"[""0"", ""1"", ""2"", ""3"", ""4""]","[0.003142366072768447, 0.02033134009369295, 0.3180356687978746, 0.6130297965606794, 0.04546082847498475]",
d1-3b,ood_yelp_rating,7087,rating,score,3,3,"[""0"", ""1"", ""2"", ""3"", ""4""]","[0.020049701233206704, 0.06322196274386568, 0.2703660421599748, 0.47450718137678816, 0.1718551124861648]",
d1-3b,ood_yelp_rating,7104,rating,score,2,2,"[""0"", ""1"", ""2"", ""3"", ""4""]","[0.0035074258617334847, 0.02287128962233203, 0.9574345807105202, 0.015116999355053966, 0.0010697044503602511]",
d1-3b,ood_yelp_rating,7117,rating,score,3,3,"[""0"", ""1"", ""2"", ""3"", ""4""]","[0.004826565603813843, 0.006344400796771816, 0.07092586379650685, 0.4661221198854056, 0.4517810499175019]",
d1-3b,ood_yelp_rating,7141,rating,score,0,0,"[""0"", ""1"", ""2"", ""3"", ""4""]","[0.7164430272751964, 0.24759608497456098, 0.0324775385476236, 0.0026245874683770345, 0.0008587617342420208]",
d1-3b,ood_yelp_rating,7148,rating,score,2,0,"[""0"", ""1"", ""2"", ""3"", ""4""]","[0.8398394243715575, 0.13925902832883402, 0.016246836487012098, 0.002981974640460275, 0.0016727361721362245]",
d1-3b,ood_yelp_rating,7237,rating,score,0,0,"[""0"", ""1"", ""2"", ""3"", ""4""]","[0.8962245813394653, 0.08533874146823589, 0.012684471520076679, 0.003387411398312762, 0.0023647942739095026]",
d1-3b,ood_yelp_rating,7244,rating,score,3,4,"[""0"", ""1"", ""2"", ""3"", ""4""]","[0.002935649657285327, 0.0024720648599487814, 0.01562393099707227, 0.3041599690834994, 0.6748083854021942]",
d1-3b,ood_yelp_rating,7291,rating,score,2,2,"[""0"", ""1"", ""2"", ""3"", ""4""]","[0.007728952684515266, 0.14469974426563384, 0.782239426981005, 0.06272269640655653, 0.002609179662289492]",
d1-3b,ood_yelp_rating,7302,rating,score,1,2,"[""0"", ""1"", ""2"", ""3"", ""4""]","[0.0038187997499360493, 0.05149571867343878, 0.9271577017613524, 0.016459020270875247, 0.0010687595443975378]",
d1-3b,ood_yelp_rating,7396,rating,score,0,1,"[""0"", ""1"", ""2"", ""3"", ""4""]","[0.08705879988847243, 0.752073268824085, 0.14131038048558967, 0.017009487066809003, 0.002548063735043916]",
d1-3b,ood_yelp_rating,7484,rating,score,1,0,"[""0"", ""1"", ""2"", ""3"", ""4""]","[0.8923824877925364, 0.08974926506518606, 0.012630093491189487, 0.0031438788453993145, 0.002094274805688612]",
d1-3b,ood_yelp_rating,7525,rating,score,0,0,"[""0"", ""1"", ""2"", ""3"", ""4""]","[0.9219862016353277, 0.06524130350844572, 0.00822995262057996, 0.0028441955198190722, 0.0016983467158275707]",
d1-3b,ood_yelp_rating,7557,rating,score,4,4,"[""0"", ""1"", ""2"", ""3"", ""4""]","[0.003326922365695031, 0.002652453769001085, 0.019446608061606186, 0.2561588249681865, 0.7184151908355113]",
d1-3b,ood_yelp_rating,7589,rating,score,2,1,"[""0"", ""1"", ""2"", ""3"", ""4""]","[0.09201770406219242, 0.6906312220676969, 0.20736509714364082, 0.00869376406045419, 0.0012922126660157435]",
d1-3b,ood_yelp_rating,7664,rating,score,3,3,"[""0"", ""1"", ""2"", ""3"", ""4""]","[0.0019787564621495863, 0.004564943321012668, 0.1596675111839941, 0.7044860979869177, 0.12930269104592587]",
d1-3b,ood_yelp_rating,7836,rating,score,4,4,"[""0"", ""1"", ""2"", ""3"", ""4""]","[0.005928521751208347, 0.0062617669071980174, 0.043127027935274495, 0.2540643036189166, 0.6906183797874026]",
d1-3b,ood_yelp_rating,7974,rating,score,3,4,"[""0"", ""1"", ""2"", ""3"", ""4""]","[0.004421879058158636, 0.002922683590392791, 0.014727105862257246, 0.1924819209220471, 0.7854464105671443]",
d1-3b,ood_yelp_rating,8048,rating,score,4,4,"[""0"", ""1"", ""2"", ""3"", ""4""]","[0.003421912281266201, 0.003614259672371091, 0.027769812277119426, 0.2871162084733681, 0.6780778072958752]",
d1-3b,ood_yelp_rating,8053,rating,score,0,0,"[""0"", ""1"", ""2"", ""3"", ""4""]","[0.9213780079041086, 0.06221262068622723, 0.010478315005896315, 0.003593028298416315, 0.0023380281053513403]",
d1-3b,ood_yelp_rating,8073,rating,score,0,0,"[""0"", ""1"", ""2"", ""3"", ""4""]","[0.958344202625491, 0.03228433107111431, 0.004507902674194226, 0.002734181182899368, 0.002129382446301128]",
d1-3b,ood_yelp_rating,8076,rating,score,1,1,"[""0"", ""1"", ""2"", ""3"", ""4""]","[0.32258351855483935, 0.6315878687162737, 0.041333552319336934, 0.0031134675563812817, 0.0013815928531689067]",
d1-3b,ood_yelp_rating,8080,rating,score,1,0,"[""0"", ""1"", ""2"", ""3"", ""4""]","[0.9362894333152856, 0.05159821878933966, 0.007433428201909629, 0.0027994547114507415, 0.0018794649820144344]",
d1-3b,ood_yelp_rating,8094,rating,score,1,0,"[""0"", ""1"", ""2"", ""3"", ""4""]","[0.6764894408932884, 0.2733264419934822, 0.04191596744975273, 0.005370813243533539, 0.0028973364199433175]",
d1-3b,ood_yelp_rating,8097,rating,score,4,4,"[""0"", ""1"", ""2"", ""3"", ""4""]","[0.003193369444479525, 0.0031685184463047336, 0.03175186969203067, 0.283001334036734, 0.6788849083804511]",
d1-3b,ood_yelp_rating,8154,rating,score,1,0,"[""0"", ""1"", ""2"", ""3"", ""4""]","[0.7571106984750836, 0.19444210845918766, 0.03919589319485304, 0.006499316229266611, 0.0027519836416091603]",
d1-3b,ood_yelp_rating,8182,rating,score,1,2,"[""0"", ""1"", ""2"", ""3"", ""4""]","[0.03425388064516657, 0.2631863566834121, 0.46918040897196167, 0.22511522040022117, 0.00826413329923847]",
d1-3b,ood_yelp_rating,8250,rating,score,0,0,"[""0"", ""1"", ""2"", ""3"", ""4""]","[0.9502439269411429, 0.041750804344059006, 0.004647856831197941, 0.002046423666742223, 0.0013109882168579551]",
d1-3b,ood_yelp_rating,8297,rating,score,1,0,"[""0"", ""1"", ""2"", ""3"", ""4""]","[0.5723053748367174, 0.369508121930089, 0.051193379703183654, 0.004912879474909704, 0.0020802440551003216]",
d1-3b,ood_yelp_rating,8420,rating,score,3,4,"[""0"", ""1"", ""2"", ""3"", ""4""]","[0.003809333355652515, 0.002170492719725416, 0.01119625336729763, 0.17929216851708665, 0.8035317520402377]",
d1-3b,ood_yelp_rating,8464,rating,score,1,0,"[""0"", ""1"", ""2"", ""3"", ""4""]","[0.8899112559577084, 0.09091015811205833, 0.011739940489475107, 0.0045616492936970355, 0.0028769961470611533]",
d1-3b,ood_yelp_rating,8477,rating,score,0,0,"[""0"", ""1"", ""2"", ""3"", ""4""]","[0.7818912087890525, 0.1946281104277157, 0.018824385147623822, 0.003271187640132581, 0.0013851079954752038]",
d1-3b,ood_yelp_rating,8503,rating,score,4,3,"[""0"", ""1"", ""2"", ""3"", ""4""]","[0.020713578209146943, 0.019307177874429864, 0.1415516173317322, 0.47886294894651377, 0.3395646776381772]",
d1-3b,ood_yelp_rating,8537,rating,score,2,1,"[""0"", ""1"", ""2"", ""3"", ""4""]","[0.039211127088288354, 0.5006141080142843, 0.4349410744204034, 0.023414033406018542, 0.0018196570710054636]",
d1-3b,ood_yelp_rating,8623,rating,score,3,3,"[""0"", ""1"", ""2"", ""3"", ""4""]","[0.0026336619337247675, 0.007986481085840184, 0.1518757493354553, 0.6394207880969683, 0.1980833195480114]",
d1-3b,ood_yelp_rating,8660,rating,score,4,4,"[""0"", ""1"", ""2"", ""3"", ""4""]","[0.003877452346885633, 0.0036425293851011322, 0.02393856666447598, 0.26346705358840516, 0.705074398015132]",
d1-3b,ood_yelp_rating,8727,rating,score,4,3,"[""0"", ""1"", ""2"", ""3"", ""4""]","[0.015242300734254272, 0.021833587730388675, 0.1828103918645776, 0.39310411705649906, 0.38700960261428036]",
d1-3b,ood_yelp_rating,8752,rating,score,2,3,"[""0"", ""1"", ""2"", ""3"", ""4""]","[0.0033518568902645577, 0.005836912572035265, 0.12286386918493637, 0.6746553634864428, 0.193291997866321]",
d1-3b,ood_yelp_rating,8753,rating,score,1,1,"[""0"", ""1"", ""2"", ""3"", ""4""]","[0.05587194275323726, 0.4714791288248925, 0.44291365246202163, 0.02831452250114803, 0.0014207534587006602]",
d1-3b,ood_yelp_rating,8779,rating,score,1,2,"[""0"", ""1"", ""2"", ""3"", ""4""]","[0.03113315655194602, 0.3822542175933116, 0.5224795677802424, 0.06143384337586387, 0.0026992146986361387]",
d1-3b,ood_yelp_rating,8902,rating,score,0,0,"[""0"", ""1"", ""2"", ""3"", ""4""]","[0.8616023008065167, 0.1184414559910962, 0.015415234847599019, 0.002851531722008727, 0.0016894766327794379]",
d1-3b,ood_yelp_rating,8955,rating,score,2,1,"[""0"", ""1"", ""2"", ""3"", ""4""]","[0.09669183431557822, 0.5477965480961191, 0.327104259154415, 0.026024254157965082, 0.0023831042759226923]",
d1-3b,ood_yelp_rating,8965,rating,score,4,3,"[""0"", ""1"", ""2"", ""3"", ""4""]","[0.0017138145833638185, 0.006518596790465055, 0.3291567682743946, 0.6054119507153306, 0.05719886963644592]",
d1-3b,ood_yelp_rating,9032,rating,score,0,0,"[""0"", ""1"", ""2"", ""3"", ""4""]","[0.9184883249241563, 0.06811290483744062, 0.008198729420542356, 0.003312586133532301, 0.0018874546843285207]",
d1-3b,ood_yelp_rating,9165,rating,score,4,3,"[""0"", ""1"", ""2"", ""3"", ""4""]","[0.002918295739660267, 0.005581386906648535, 0.10613902539395659, 0.6013185305734579, 0.2840427613862767]",
d1-3b,ood_yelp_rating,9188,rating,score,1,0,"[""0"", ""1"", ""2"", ""3"", ""4""]","[0.7528425492494415, 0.21569300164041888, 0.02720888591475682, 0.002890287875298847, 0.001365275320084068]",
d1-3b,ood_yelp_rating,9285,rating,score,1,1,"[""0"", ""1"", ""2"", ""3"", ""4""]","[0.2765928642737539, 0.5764690319382716, 0.12862762741699685, 0.014773855832958217, 0.0035366205380194054]",
d1-3b,ood_yelp_rating,9367,rating,score,3,3,"[""0"", ""1"", ""2"", ""3"", ""4""]","[0.0012265348240438944, 0.008316616299488058, 0.39759860941825187, 0.569533712237089, 0.02332452722112725]",
d1-3b,ood_yelp_rating,9392,rating,score,3,2,"[""0"", ""1"", ""2"", ""3"", ""4""]","[0.010639217247720446, 0.1690461769960497, 0.7006769325560099, 0.11618362506998603, 0.0034540481302339533]",
d1-3b,ood_yelp_rating,9395,rating,score,0,0,"[""0"", ""1"", ""2"", ""3"", ""4""]","[0.9210463368821324, 0.061706257657865346, 0.01039302955641693, 0.00385336906123353, 0.0030010068423517973]",
d1-3b,ood_yelp_rating,9440,rating,score,2,3,"[""0"", ""1"", ""2"", ""3"", ""4""]","[0.002954724689509254, 0.014430484943495294, 0.2680619147027422, 0.6135998335830348, 0.1009530420812184]",
d1-3b,ood_yelp_rating,9545,rating,score,0,0,"[""0"", ""1"", ""2"", ""3"", ""4""]","[0.965438960496038, 0.026752966897689218, 0.0036490172298909405, 0.0024884135508583516, 0.0016706418255235127]",
d1-3b,ood_yelp_rating,9585,rating,score,4,4,"[""0"", ""1"", ""2"", ""3"", ""4""]","[0.004737207422281505, 0.0029877192708709275, 0.016664160087034703, 0.20945529146055195, 0.766155621759261]",
d1-3b,ood_yelp_rating,9687,rating,score,1,2,"[""0"", ""1"", ""2"", ""3"", ""4""]","[0.045753579161737265, 0.2397316137839921, 0.49964358873075676, 0.20505331565800533, 0.009817902665508535]",
d1-3b,ood_yelp_rating,9803,rating,score,1,2,"[""0"", ""1"", ""2"", ""3"", ""4""]","[0.01099631398587824, 0.05584389028469363, 0.521617794080945, 0.36414790752204723, 0.04739409412643589]",
d1-3b,ood_yelp_rating,9825,rating,score,0,0,"[""0"", ""1"", ""2"", ""3"", ""4""]","[0.5700612609588894, 0.356735221603103, 0.06296750693603484, 0.007403803320599952, 0.002832207181372764]",
d1-3b,ood_yelp_rating,9826,rating,score,1,1,"[""0"", ""1"", ""2"", ""3"", ""4""]","[0.07587180274250999, 0.4870759715576077, 0.4101590904843945, 0.02541387055984517, 0.0014792646556427576]",
d1-3b,ood_yelp_rating,9833,rating,score,2,1,"[""0"", ""1"", ""2"", ""3"", ""4""]","[0.2481092657482025, 0.5591228613935009, 0.1787064001950139, 0.010986659200744986, 0.0030748134625377677]",
d1-3b,ood_yelp_rating,9911,rating,score,3,4,"[""0"", ""1"", ""2"", ""3"", ""4""]","[0.0051370446227181, 0.006647829683259642, 0.04989473259563663, 0.3304781145811278, 0.6078422785172579]",
d1-3b,ood_yelp_rating,9962,rating,score,3,4,"[""0"", ""1"", ""2"", ""3"", ""4""]","[0.0025153368267239835, 0.0033063478832665695, 0.0363895527728152, 0.3973854520854994, 0.5604033104316949]",
d1-3b,ood_yelp_rating,9978,rating,score,3,3,"[""0"", ""1"", ""2"", ""3"", ""4""]","[0.006303403479553443, 0.014428634259177548, 0.16130181257728096, 0.5414305061467721, 0.2765356435372159]",
d1-3b,ood_yelp_rating,10069,rating,score,2,1,"[""0"", ""1"", ""2"", ""3"", ""4""]","[0.1907304283448459, 0.42315395016075, 0.27751113574820285, 0.09741557068853617, 0.011188915057665188]",
d1-3b,ood_yelp_rating,10078,rating,score,0,0,"[""0"", ""1"", ""2"", ""3"", ""4""]","[0.8651539917827525, 0.10828671914743444, 0.020346471705058565, 0.00376371881917609, 0.0024490985455784074]",
d1-3b,ood_yelp_rating,10257,rating,score,3,3,"[""0"", ""1"", ""2"", ""3"", ""4""]","[0.0026368467444286025, 0.0030349919990692196, 0.04124722295811664, 0.7484626391262781, 0.20461829917210747]",
d1-3b,ood_yelp_rating,10433,rating,score,0,1,"[""0"", ""1"", ""2"", ""3"", ""4""]","[0.2560363820174854, 0.6538118060004231, 0.08312284315548166, 0.0054825457808630775, 0.001546423045746714]",
d1-3b,ood_yelp_rating,10457,rating,score,4,3,"[""0"", ""1"", ""2"", ""3"", ""4""]","[0.003055000338000038, 0.005707492031422645, 0.10602285703388262, 0.6444145326462768, 0.24080011795041786]",
d1-3b,ood_yelp_rating,10579,rating,score,1,2,"[""0"", ""1"", ""2"", ""3"", ""4""]","[0.007204659998144143, 0.27035287188941043, 0.6903702436138355, 0.030810422901581373, 0.0012618015970285842]",
d1-3b,ood_yelp_rating,10588,rating,score,2,2,"[""0"", ""1"", ""2"", ""3"", ""4""]","[0.006557863769144507, 0.02760963773246733, 0.950727427719579, 0.013991883408765064, 0.0011131873700440695]",
d1-3b,ood_yelp_rating,10592,rating,score,1,1,"[""0"", ""1"", ""2"", ""3"", ""4""]","[0.3367330074208792, 0.5909848328262608, 0.06682671017221663, 0.004013255885928467, 0.001442193694714971]",
d1-3b,ood_yelp_rating,10604,rating,score,2,2,"[""0"", ""1"", ""2"", ""3"", ""4""]","[0.0045527763457027205, 0.06795612203714016, 0.7305971640959078, 0.19358897632357155, 0.0033049611976777643]",
d1-3b,ood_yelp_rating,10714,rating,score,3,4,"[""0"", ""1"", ""2"", ""3"", ""4""]","[0.008724152130375327, 0.00914283293285758, 0.04606980684660075, 0.30994900573909434, 0.626114202351072]",
d1-3b,ood_yelp_rating,10736,rating,score,0,0,"[""0"", ""1"", ""2"", ""3"", ""4""]","[0.5520508932778941, 0.38539363479158173, 0.05508914768219261, 0.0054121165199137655, 0.002054207728417717]",
d1-3b,ood_yelp_rating,10739,rating,score,1,0,"[""0"", ""1"", ""2"", ""3"", ""4""]","[0.5733647672625538, 0.3819432763144425, 0.03901796208006799, 0.0038633014129580614, 0.001810692929977648]",
d1-3b,ood_yelp_rating,10774,rating,score,0,0,"[""0"", ""1"", ""2"", ""3"", ""4""]","[0.9025222757965666, 0.08264616082793651, 0.010263879346487585, 0.0026984927387481775, 0.0018691912902611375]",
d1-3b,ood_yelp_rating,10794,rating,score,3,3,"[""0"", ""1"", ""2"", ""3"", ""4""]","[0.0016615534864704903, 0.007623156326194985, 0.2928404729933304, 0.6496949856895697, 0.048179831504434355]",
d1-3b,ood_yelp_rating,10807,rating,score,1,0,"[""0"", ""1"", ""2"", ""3"", ""4""]","[0.9414625552656309, 0.047984213718370805, 0.0064434207789505135, 0.0025430701610853227, 0.0015667400759624285]",
d1-3b,ood_yelp_rating,10841,rating,score,1,0,"[""0"", ""1"", ""2"", ""3"", ""4""]","[0.8734697480177763, 0.10432108469694666, 0.01625009079117606, 0.003654323532004745, 0.0023047529620962605]",
d1-3b,ood_yelp_rating,10893,rating,score,1,1,"[""0"", ""1"", ""2"", ""3"", ""4""]","[0.054416388845644606, 0.4591963397452217, 0.3989566937514365, 0.08232936710909404, 0.005101210548603206]",
d1-3b,ood_yelp_rating,10971,rating,score,0,0,"[""0"", ""1"", ""2"", ""3"", ""4""]","[0.9121444517917656, 0.07088868768140742, 0.010373306954108931, 0.004224066829490901, 0.002369486743227163]",
d1-3b,ood_yelp_rating,11074,rating,score,3,2,"[""0"", ""1"", ""2"", ""3"", ""4""]","[0.010031517261613993, 0.23010698728503853, 0.6555138047616347, 0.1021093566385971, 0.002238334053115669]",
d1-3b,ood_yelp_rating,11076,rating,score,4,4,"[""0"", ""1"", ""2"", ""3"", ""4""]","[0.006831378217017676, 0.006725467514490263, 0.04969485675610424, 0.32659273696004976, 0.610155560552338]",
d1-3b,ood_yelp_rating,11141,rating,score,3,4,"[""0"", ""1"", ""2"", ""3"", ""4""]","[0.005278766081996036, 0.004658494716830122, 0.029442593188063665, 0.25835054746541813, 0.7022695985476921]",
d1-3b,ood_yelp_rating,11205,rating,score,3,3,"[""0"", ""1"", ""2"", ""3"", ""4""]","[0.0031579620954880335, 0.006951722100070328, 0.12418866646811748, 0.660949153350455, 0.2047524959858691]",
d1-3b,ood_yelp_rating,11402,rating,score,4,3,"[""0"", ""1"", ""2"", ""3"", ""4""]","[0.002946132529194408, 0.0055472693805333935, 0.08814038286015223, 0.6166140510715504, 0.28675216415856963]",
d1-3b,ood_yelp_rating,11414,rating,score,3,4,"[""0"", ""1"", ""2"", ""3"", ""4""]","[0.0036009407162970524, 0.00232494206723139, 0.011005362141227337, 0.1681649127451537, 0.8149038423300906]",
d1-3b,ood_yelp_rating,11664,rating,score,4,4,"[""0"", ""1"", ""2"", ""3"", ""4""]","[0.006379199825142504, 0.0029206105013578868, 0.006951657846770109, 0.08737683224503662, 0.8963716995816928]",
d1-3b,ood_yelp_rating,11712,rating,score,2,2,"[""0"", ""1"", ""2"", ""3"", ""4""]","[0.005251619400429307, 0.08542159915012025, 0.7794094256220926, 0.1272350910971239, 0.0026822647302340297]",
d1-3b,ood_yelp_rating,11756,rating,score,2,0,"[""0"", ""1"", ""2"", ""3"", ""4""]","[0.431129556313757, 0.4113866965309255, 0.1325183517527307, 0.020804278020665267, 0.004161117381921502]",
d1-3b,ood_yelp_rating,11804,rating,score,1,1,"[""0"", ""1"", ""2"", ""3"", ""4""]","[0.06614164780336841, 0.5537972367534216, 0.31065209521820464, 0.06614164780336841, 0.003267372421636915]",
d1-3b,ood_yelp_rating,11832,rating,score,3,3,"[""0"", ""1"", ""2"", ""3"", ""4""]","[0.001161615977542146, 0.004487853924909143, 0.31957743891329965, 0.6557303284625832, 0.01904276272166592]",
d1-3b,ood_yelp_rating,11860,rating,score,4,4,"[""0"", ""1"", ""2"", ""3"", ""4""]","[0.0032826167364842806, 0.004053490613735254, 0.03669730759546017, 0.34010891000028964, 0.6158576750540307]",
d1-3b,ood_yelp_rating,11876,rating,score,3,4,"[""0"", ""1"", ""2"", ""3"", ""4""]","[0.007418861715404707, 0.007654361666016291, 0.0430274437037912, 0.27407468377878785, 0.667824649136]",
d1-3b,ood_yelp_rating,11941,rating,score,4,4,"[""0"", ""1"", ""2"", ""3"", ""4""]","[0.007161922366156233, 0.005621457274637717, 0.026402690869411483, 0.22454832313332346, 0.7362656063564711]",
d1-3b,ood_yelp_rating,11987,rating,score,1,2,"[""0"", ""1"", ""2"", ""3"", ""4""]","[0.004073716106839893, 0.06273569797036499, 0.8328621408093597, 0.09641079061987895, 0.003917654493556568]",
d1-3b,ood_yelp_rating,12070,rating,score,3,4,"[""0"", ""1"", ""2"", ""3"", ""4""]","[0.00395402602863291, 0.005197469162481246, 0.055011750484586376, 0.46060774744987715, 0.4752290068744223]",
d1-3b,ood_yelp_rating,12159,rating,score,1,1,"[""0"", ""1"", ""2"", ""3"", ""4""]","[0.37819660431641206, 0.4353016232743508, 0.15521157367931054, 0.027611343306186177, 0.0036788554237404437]",
d1-3b,ood_yelp_rating,12202,rating,score,3,3,"[""0"", ""1"", ""2"", ""3"", ""4""]","[0.0017977102743156645, 0.0026361678359559933, 0.024816624846845617, 0.8612534131250166, 0.10949608391786622]",
d1-3b,ood_yelp_rating,12351,rating,score,3,3,"[""0"", ""1"", ""2"", ""3"", ""4""]","[0.002314737930734589, 0.005424137910346911, 0.10894672227473487, 0.6029272099542757, 0.2803871919299079]",
d1-3b,ood_yelp_rating,12512,rating,score,0,0,"[""0"", ""1"", ""2"", ""3"", ""4""]","[0.944001860584041, 0.04380796442770775, 0.0072075431483382595, 0.0029811693924027796, 0.002001462447510239]",
d1-3b,ood_yelp_rating,12553,rating,score,4,4,"[""0"", ""1"", ""2"", ""3"", ""4""]","[0.006278740901056139, 0.005761696524914854, 0.035571489736794956, 0.28642650234216727, 0.6659615704950669]",
d1-3b,ood_yelp_rating,12598,rating,score,3,3,"[""0"", ""1"", ""2"", ""3"", ""4""]","[0.005038270008547041, 0.008371853209171979, 0.0935913318622951, 0.446499272459993, 0.446499272459993]",
d1-3b,ood_yelp_rating,12608,rating,score,2,3,"[""0"", ""1"", ""2"", ""3"", ""4""]","[0.006004350594862029, 0.025477527920645508, 0.1622858531031184, 0.5844138070442746, 0.22181846133709954]",
d1-3b,ood_yelp_rating,12623,rating,score,2,2,"[""0"", ""1"", ""2"", ""3"", ""4""]","[0.004868249246261055, 0.08833813327217109, 0.6426156976825499, 0.2596402125431506, 0.004537707255867321]",
d1-3b,ood_yelp_rating,12689,rating,score,3,3,"[""0"", ""1"", ""2"", ""3"", ""4""]","[0.005455511347018555, 0.018893422658942782, 0.2047165529909332, 0.650587859913592, 0.12034665308951342]",
d1-3b,ood_yelp_rating,12729,rating,score,3,3,"[""0"", ""1"", ""2"", ""3"", ""4""]","[0.0016299304708585597, 0.010301477772410582, 0.3988308363707115, 0.5712987958513898, 0.017938959534629557]",
d1-3b,ood_yelp_rating,12737,rating,score,3,3,"[""0"", ""1"", ""2"", ""3"", ""4""]","[0.003746425270979331, 0.0065240126533695495, 0.09438334469483625, 0.5473985371637365, 0.34794768021707834]",
d1-3b,ood_yelp_rating,12779,rating,score,0,0,"[""0"", ""1"", ""2"", ""3"", ""4""]","[0.9630494975310951, 0.028407900973913828, 0.004425097489676982, 0.0024247533546223805, 0.0016927506506915382]",
d1-3b,ood_yelp_rating,12843,rating,score,0,0,"[""0"", ""1"", ""2"", ""3"", ""4""]","[0.7100666816223943, 0.22695094286593964, 0.057382184661730305, 0.003697091329778614, 0.0019030995201572568]",
d1-3b,ood_yelp_rating,12894,rating,score,3,3,"[""0"", ""1"", ""2"", ""3"", ""4""]","[0.0030865680772387575, 0.004561651910775103, 0.06497059734784255, 0.5355583347490797, 0.391822847915064]",
d1-3b,ood_yelp_rating,12912,rating,score,2,2,"[""0"", ""1"", ""2"", ""3"", ""4""]","[0.0034159506703581085, 0.07078915670316921, 0.8759691163970287, 0.04827401069829047, 0.001551765531153599]",
d1-3b,ood_yelp_rating,12983,rating,score,0,0,"[""0"", ""1"", ""2"", ""3"", ""4""]","[0.7307527500083296, 0.24097668046491896, 0.02241432284512571, 0.0039873931330093515, 0.0018688535486164077]",
d1-3b,ood_yelp_rating,13020,rating,score,1,2,"[""0"", ""1"", ""2"", ""3"", ""4""]","[0.0035534310790142866, 0.08475702535393329, 0.7794111025946734, 0.12923903030303524, 0.0030394106693438427]",
d1-3b,ood_yelp_rating,13116,rating,score,2,2,"[""0"", ""1"", ""2"", ""3"", ""4""]","[0.0018329389791076403, 0.041392850725434305, 0.8989551802639851, 0.05613703067639062, 0.0016819993550823299]",
d1-3b,ood_yelp_rating,13147,rating,score,1,2,"[""0"", ""1"", ""2"", ""3"", ""4""]","[0.012756373001489749, 0.3367929971959633, 0.6194571252130392, 0.02965945584094201, 0.0013340487485657797]",
d1-3b,ood_yelp_rating,13151,rating,score,0,1,"[""0"", ""1"", ""2"", ""3"", ""4""]","[0.04383477896121646, 0.497758511381433, 0.44618784590565314, 0.010742174569944139, 0.001476689181753272]",
d1-3b,ood_yelp_rating,13203,rating,score,1,0,"[""0"", ""1"", ""2"", ""3"", ""4""]","[0.5317384379851706, 0.40769800255638466, 0.05183298436993288, 0.006047162843213586, 0.0026834122452982835]",
d1-3b,ood_yelp_rating,13263,rating,score,2,2,"[""0"", ""1"", ""2"", ""3"", ""4""]","[0.026520647919207267, 0.2555833543002733, 0.5244229925453362, 0.18123573666241183, 0.012237268572771317]",
d1-3b,ood_yelp_rating,13299,rating,score,1,1,"[""0"", ""1"", ""2"", ""3"", ""4""]","[0.05018628275546693, 0.692800263420783, 0.24702554132955518, 0.00851904493284926, 0.0014688675613457156]",
d1-3b,ood_yelp_rating,13336,rating,score,2,2,"[""0"", ""1"", ""2"", ""3"", ""4""]","[0.0037540464258645056, 0.03046517735027194, 0.7735260171980302, 0.18372853319652357, 0.008526225829309873]",
d1-3b,ood_yelp_rating,13508,rating,score,4,4,"[""0"", ""1"", ""2"", ""3"", ""4""]","[0.004374634594695614, 0.0031509310957375672, 0.012757706177576274, 0.1904253958654616, 0.7892913322665289]",
d1-3b,ood_yelp_rating,13513,rating,score,4,4,"[""0"", ""1"", ""2"", ""3"", ""4""]","[0.006006963795402538, 0.004789169090226097, 0.02470441391749294, 0.22540965345222636, 0.739089799744652]",
d1-3b,ood_yelp_rating,13532,rating,score,1,1,"[""0"", ""1"", ""2"", ""3"", ""4""]","[0.4213769951397875, 0.47008000723424576, 0.08362482354529077, 0.019402519104268694, 0.0055156549764072684]",
d1-3b,ood_yelp_rating,13542,rating,score,1,0,"[""0"", ""1"", ""2"", ""3"", ""4""]","[0.6711351420656644, 0.2797707507987155, 0.04223906571506308, 0.004702211926489759, 0.002152829494067385]",
d1-3b,ood_yelp_rating,13558,rating,score,4,3,"[""0"", ""1"", ""2"", ""3"", ""4""]","[0.0037814606942757315, 0.007232233155880793, 0.10711043039758487, 0.4991580914180726, 0.382717784334186]",
d1-3b,ood_yelp_rating,13561,rating,score,0,0,"[""0"", ""1"", ""2"", ""3"", ""4""]","[0.9004071574742986, 0.07929376961017516, 0.013671960520843508, 0.004137263414228673, 0.002489848980453983]",
d1-3b,ood_yelp_rating,13588,rating,score,0,0,"[""0"", ""1"", ""2"", ""3"", ""4""]","[0.8233203613376979, 0.14993777660039634, 0.021100207728148523, 0.0034177088011160925, 0.0022239455326411115]",
d1-3b,ood_yelp_rating,13734,rating,score,2,2,"[""0"", ""1"", ""2"", ""3"", ""4""]","[0.004578645585372378, 0.1391379282455765, 0.764017527512302, 0.08983419834198622, 0.002431700314762951]",
d1-3b,ood_yelp_rating,13790,rating,score,3,3,"[""0"", ""1"", ""2"", ""3"", ""4""]","[0.0018169372673560822, 0.004786992115874865, 0.11597820243690204, 0.6674084741017308, 0.21000939407813624]",
d1-3b,ood_yelp_rating,13828,rating,score,2,2,"[""0"", ""1"", ""2"", ""3"", ""4""]","[0.03396824161037849, 0.2888914516752849, 0.5313526992643139, 0.13861163333336887, 0.007175974116653771]",
d1-3b,ood_yelp_rating,13855,rating,score,1,1,"[""0"", ""1"", ""2"", ""3"", ""4""]","[0.36147439914688173, 0.4940769235169589, 0.1259019866719194, 0.014803723259023268, 0.003742967405216767]",
d1-3b,ood_yelp_rating,13884,rating,score,1,0,"[""0"", ""1"", ""2"", ""3"", ""4""]","[0.5330261026034496, 0.3839242993162207, 0.07101885434594542, 0.0089587695984544, 0.0030719741359297847]",
d1-3b,ood_yelp_rating,13919,rating,score,0,0,"[""0"", ""1"", ""2"", ""3"", ""4""]","[0.9524724979199372, 0.03607585240276788, 0.006028879864339713, 0.0031522728521235738, 0.00227049696083168]",
d1-3b,ood_yelp_rating,13949,rating,score,2,2,"[""0"", ""1"", ""2"", ""3"", ""4""]","[0.005366157114631451, 0.10862749271651106, 0.8411748378986893, 0.04287277594896835, 0.0019587363211998076]",
d1-3b,ood_yelp_rating,14010,rating,score,3,2,"[""0"", ""1"", ""2"", ""3"", ""4""]","[0.014865166512981465, 0.21844202730384818, 0.6942073270698891, 0.06714356969477683, 0.005341909418504525]",
d1-3b,ood_yelp_rating,14017,rating,score,3,3,"[""0"", ""1"", ""2"", ""3"", ""4""]","[0.015514853267258231, 0.03388755508603077, 0.12492772128955879, 0.4128349351785761, 0.4128349351785761]",
d1-3b,ood_yelp_rating,14191,rating,score,2,2,"[""0"", ""1"", ""2"", ""3"", ""4""]","[0.0017838187735959344, 0.025406535515580603, 0.7309765973663395, 0.2373133559161931, 0.004519692428290984]",
d1-3b,ood_yelp_rating,14255,rating,score,3,4,"[""0"", ""1"", ""2"", ""3"", ""4""]","[0.005276822151606534, 0.006365062500082506, 0.06843087086858717, 0.3816767519516394, 0.5382504925280844]",
d1-3b,ood_yelp_rating,14294,rating,score,3,3,"[""0"", ""1"", ""2"", ""3"", ""4""]","[0.004802413886391977, 0.008764252080547208, 0.09952100072968506, 0.5054093447048453, 0.38150298859853043]",
d1-3b,ood_yelp_rating,14374,rating,score,4,3,"[""0"", ""1"", ""2"", ""3"", ""4""]","[0.003923308602908882, 0.008841312417628016, 0.18610486946591856, 0.6701893800006484, 0.13094112951289613]",
d1-3b,ood_yelp_rating,14404,rating,score,3,2,"[""0"", ""1"", ""2"", ""3"", ""4""]","[0.2208142444451004, 0.30657021794537015, 0.33670151483033156, 0.11455692089714536, 0.021357101882052674]",
d1-3b,ood_yelp_rating,14414,rating,score,3,2,"[""0"", ""1"", ""2"", ""3"", ""4""]","[0.005502458311444622, 0.07536797560713876, 0.6876774862880475, 0.22325619267020233, 0.008195887123166755]",
d1-3b,ood_yelp_rating,14454,rating,score,1,2,"[""0"", ""1"", ""2"", ""3"", ""4""]","[0.03246335170018936, 0.12542077860504872, 0.4446552723492565, 0.3409290233932889, 0.05653157395221663]",
d1-3b,ood_yelp_rating,14562,rating,score,4,4,"[""0"", ""1"", ""2"", ""3"", ""4""]","[0.004696794435514135, 0.0036011572099861216, 0.019316173323555594, 0.22454311573791816, 0.747842759293026]",
d1-3b,ood_yelp_rating,14602,rating,score,1,1,"[""0"", ""1"", ""2"", ""3"", ""4""]","[0.23220873772300246, 0.65124551006846, 0.10798709170328996, 0.0063349010793802025, 0.002223759425867445]",
d1-3b,ood_yelp_rating,14699,rating,score,2,2,"[""0"", ""1"", ""2"", ""3"", ""4""]","[0.004992243629509556, 0.17056823703371102, 0.7294278311453314, 0.09419672682185375, 0.0008149613695942968]",
d1-3b,ood_yelp_rating,14709,rating,score,3,4,"[""0"", ""1"", ""2"", ""3"", ""4""]","[0.006181440591136429, 0.0061333362388155685, 0.043925229095541335, 0.29322092926154997, 0.6505390648129568]",
d1-3b,ood_yelp_rating,14710,rating,score,0,0,"[""0"", ""1"", ""2"", ""3"", ""4""]","[0.9109727467322671, 0.07536368148417263, 0.00819542015895762, 0.0033633936564135282, 0.002104757968189104]",
d1-3b,ood_yelp_rating,14790,rating,score,2,2,"[""0"", ""1"", ""2"", ""3"", ""4""]","[0.007207626804724445, 0.08780687001956003, 0.6190987205019377, 0.27472339189737316, 0.011163390776404745]",
d1-3b,ood_yelp_rating,14893,rating,score,1,1,"[""0"", ""1"", ""2"", ""3"", ""4""]","[0.15466894643639906, 0.6614351892629244, 0.172545678331623, 0.009658607660768386, 0.001691578308285109]",
d1-3b,ood_yelp_rating,15036,rating,score,4,4,"[""0"", ""1"", ""2"", ""3"", ""4""]","[0.005055799632762037, 0.0031886528593654804, 0.013011694453878484, 0.16742508985150548, 0.8113187632024885]",
d1-3b,ood_yelp_rating,15077,rating,score,3,3,"[""0"", ""1"", ""2"", ""3"", ""4""]","[0.00265142501031148, 0.005031520552797998, 0.08849178609388905, 0.6437334450422882, 0.26009182330071323]",
d1-3b,ood_yelp_rating,15112,rating,score,3,4,"[""0"", ""1"", ""2"", ""3"", ""4""]","[0.003992702472960478, 0.0034419246738913493, 0.030677540686987696, 0.29564393654141885, 0.6662438956247416]",
d1-3b,ood_yelp_rating,15162,rating,score,3,3,"[""0"", ""1"", ""2"", ""3"", ""4""]","[0.0036664198767789556, 0.00638469152286569, 0.10144615605727794, 0.5399103868623123, 0.3485923456807651]",
d1-3b,ood_yelp_rating,15164,rating,score,2,2,"[""0"", ""1"", ""2"", ""3"", ""4""]","[0.025452947162123513, 0.3405566682565749, 0.552778035418491, 0.07718510811358863, 0.004027241049221818]",
d1-3b,ood_yelp_rating,15183,rating,score,1,0,"[""0"", ""1"", ""2"", ""3"", ""4""]","[0.8506980119503311, 0.11785967277535639, 0.02231886317110382, 0.006007040530288848, 0.0031164115729197697]",
d1-3b,ood_yelp_rating,15186,rating,score,1,1,"[""0"", ""1"", ""2"", ""3"", ""4""]","[0.10187415035192783, 0.6747641560825539, 0.2090321841844392, 0.012358736617869523, 0.001970772763209556]",
d1-3b,ood_yelp_rating,15430,rating,score,1,1,"[""0"", ""1"", ""2"", ""3"", ""4""]","[0.04509679317520449, 0.8917502808824948, 0.05881730646400982, 0.0032413782955805935, 0.0010942411827102392]",
d1-3b,ood_yelp_rating,15581,rating,score,1,2,"[""0"", ""1"", ""2"", ""3"", ""4""]","[0.0056511948972832295, 0.19308239386910692, 0.7756815087318516, 0.024547671660820877, 0.001037230840937468]",
d1-3b,ood_yelp_rating,15586,rating,score,0,0,"[""0"", ""1"", ""2"", ""3"", ""4""]","[0.8425243329286598, 0.13330670735009098, 0.018759776758187487, 0.0034164091509558923, 0.0019927738121058238]",
d1-3b,ood_yelp_rating,15671,rating,score,4,4,"[""0"", ""1"", ""2"", ""3"", ""4""]","[0.003914489037037501, 0.0027757883772467104, 0.013878068755682423, 0.19766225804325094, 0.7817693957867825]",
d1-3b,ood_yelp_rating,15748,rating,score,0,0,"[""0"", ""1"", ""2"", ""3"", ""4""]","[0.8336735997910272, 0.14262473620323352, 0.018708294068385957, 0.0031264696436219055, 0.0018669002937314356]",
d1-3b,ood_yelp_rating,15778,rating,score,2,2,"[""0"", ""1"", ""2"", ""3"", ""4""]","[0.0017110852318180266, 0.013458727867898014, 0.6535638988526813, 0.3235375908671204, 0.0077286971804821185]",
d1-3b,ood_yelp_rating,15786,rating,score,2,3,"[""0"", ""1"", ""2"", ""3"", ""4""]","[0.0022563707850409053, 0.004383380258249017, 0.12128372981857749, 0.6454886812022733, 0.22658783793585932]",
d1-3b,ood_yelp_rating,15843,rating,score,0,0,"[""0"", ""1"", ""2"", ""3"", ""4""]","[0.8804237292848307, 0.09801208644469042, 0.013264493479603545, 0.00472960080309797, 0.0035700899877773615]",
d1-3b,ood_yelp_rating,15946,rating,score,1,1,"[""0"", ""1"", ""2"", ""3"", ""4""]","[0.12209351923239761, 0.670425310089219, 0.1951048882018315, 0.010340180259700871, 0.002036102216851037]",
d1-3b,ood_yelp_rating,16061,rating,score,0,0,"[""0"", ""1"", ""2"", ""3"", ""4""]","[0.7762746689211699, 0.18438139520521185, 0.03331703781883346, 0.004010361602144471, 0.0020165364526403755]",
d1-3b,ood_yelp_rating,16078,rating,score,1,4,"[""0"", ""1"", ""2"", ""3"", ""4""]","[0.043655216426377264, 0.02840699111528102, 0.03244180214581143, 0.2018596756301312, 0.6936363146823992]",
d1-3b,ood_yelp_rating,16133,rating,score,1,1,"[""0"", ""1"", ""2"", ""3"", ""4""]","[0.42113745665065294, 0.4923595689431884, 0.0791293836690762, 0.005555754740563176, 0.0018178359965193487]",
d1-3b,ood_yelp_rating,16141,rating,score,4,3,"[""0"", ""1"", ""2"", ""3"", ""4""]","[0.005243595312616559, 0.008781369644313822, 0.09816943274710685, 0.46469551814137616, 0.4231100841545866]",
d1-3b,ood_yelp_rating,16175,rating,score,2,2,"[""0"", ""1"", ""2"", ""3"", ""4""]","[0.007302652679637348, 0.045085025516670534, 0.5079714081980279, 0.40816649327573584, 0.03147442032992837]",
d1-3b,ood_yelp_rating,16262,rating,score,4,4,"[""0"", ""1"", ""2"", ""3"", ""4""]","[0.007262150057438704, 0.004235974619725368, 0.017017435500648857, 0.1705325071215231, 0.800951932700664]",
d1-3b,ood_yelp_rating,16308,rating,score,0,0,"[""0"", ""1"", ""2"", ""3"", ""4""]","[0.8762328934291203, 0.10797307772026284, 0.011469535297081822, 0.0025792712961360477, 0.001745222257399082]",
d1-3b,ood_yelp_rating,16322,rating,score,2,1,"[""0"", ""1"", ""2"", ""3"", ""4""]","[0.08145559313470692, 0.666220370361804, 0.2412890282437841, 0.009577657116785933, 0.0014573511429189585]",
d1-3b,ood_yelp_rating,16464,rating,score,4,4,"[""0"", ""1"", ""2"", ""3"", ""4""]","[0.0041941048688653015, 0.004865246764055906, 0.04041920068986546, 0.3519071761368216, 0.5986142715403917]",
d1-3b,ood_yelp_rating,16859,rating,score,1,1,"[""0"", ""1"", ""2"", ""3"", ""4""]","[0.29155698211275555, 0.6468474367125991, 0.054781933866633305, 0.004786792034368339, 0.0020268552736436357]",
d1-3b,ood_yelp_rating,16877,rating,score,4,3,"[""0"", ""1"", ""2"", ""3"", ""4""]","[0.002317856372480407, 0.00596527574219034, 0.0817072535910267, 0.7397170743778144, 0.17029253991648813]",
d1-3b,ood_yelp_rating,16907,rating,score,2,3,"[""0"", ""1"", ""2"", ""3"", ""4""]","[0.0031579630678249125, 0.013610815321980692, 0.2887473894606204, 0.6209044596894175, 0.07357937246015644]",
d1-3b,ood_yelp_rating,16953,rating,score,3,2,"[""0"", ""1"", ""2"", ""3"", ""4""]","[0.0017290813883833328, 0.010928130866672662, 0.9534531395543846, 0.03211956281870071, 0.0017700853718586997]",
d1-3b,ood_yelp_rating,16977,rating,score,2,2,"[""0"", ""1"", ""2"", ""3"", ""4""]","[0.05897538148499806, 0.27699379185522094, 0.47118231220199963, 0.17884063354099763, 0.014007880916783856]",
d1-3b,ood_yelp_rating,17009,rating,score,3,3,"[""0"", ""1"", ""2"", ""3"", ""4""]","[0.0032604822029971355, 0.010201146332045065, 0.15587627747409954, 0.5613320385273789, 0.2693300554634793]",
d1-3b,ood_yelp_rating,17011,rating,score,0,0,"[""0"", ""1"", ""2"", ""3"", ""4""]","[0.9687382103961092, 0.02444209646455185, 0.003282135936730183, 0.0021693593871638718, 0.0013681978154447573]",
d1-3b,ood_yelp_rating,17106,rating,score,2,2,"[""0"", ""1"", ""2"", ""3"", ""4""]","[0.0034125807795501546, 0.04975725747670044, 0.565010227014905, 0.37054275340852055, 0.0112771813203239]",
d1-3b,ood_yelp_rating,17227,rating,score,2,2,"[""0"", ""1"", ""2"", ""3"", ""4""]","[0.0016442177552395188, 0.018670640108829063, 0.6843809741976011, 0.2897851372640263, 0.005519030674303962]",
d1-3b,ood_yelp_rating,17362,rating,score,1,1,"[""0"", ""1"", ""2"", ""3"", ""4""]","[0.11193711500274221, 0.6146556795808426, 0.26026158995182685, 0.010997024546336491, 0.002148590918252019]",
d1-3b,ood_yelp_rating,17424,rating,score,0,0,"[""0"", ""1"", ""2"", ""3"", ""4""]","[0.9517493372495592, 0.03990201001381519, 0.004547382073498644, 0.002359150741348109, 0.0014421199217788325]",
d1-3b,ood_yelp_rating,17480,rating,score,2,3,"[""0"", ""1"", ""2"", ""3"", ""4""]","[0.0030812875037867344, 0.00857443438847783, 0.23539972588226657, 0.6811516920720708, 0.07179286015339806]",
d1-3b,ood_yelp_rating,17501,rating,score,1,2,"[""0"", ""1"", ""2"", ""3"", ""4""]","[0.04599048282850126, 0.26882469616721943, 0.526333204099174, 0.15079698772120678, 0.008054629183898588]",
d1-3b,ood_yelp_rating,17552,rating,score,3,3,"[""0"", ""1"", ""2"", ""3"", ""4""]","[0.0029667329105546782, 0.006231697809250462, 0.09522202948879062, 0.6112990709386895, 0.2842804688527148]",
d1-3b,ood_yelp_rating,17595,rating,score,2,1,"[""0"", ""1"", ""2"", ""3"", ""4""]","[0.03397290451618735, 0.4763668644006537, 0.46171059678039955, 0.026047929438335313, 0.0019017048644240798]",
d1-3b,ood_yelp_rating,17608,rating,score,3,3,"[""0"", ""1"", ""2"", ""3"", ""4""]","[0.0019529875491088508, 0.007784797369394244, 0.16644630694639231, 0.6792048506007323, 0.14461105753437228]",
d1-3b,ood_yelp_rating,17685,rating,score,4,4,"[""0"", ""1"", ""2"", ""3"", ""4""]","[0.00485485898218634, 0.0030380931199374323, 0.016423776236204536, 0.21465724686886878, 0.7610260247928029]",
d1-3b,ood_yelp_rating,17694,rating,score,1,1,"[""0"", ""1"", ""2"", ""3"", ""4""]","[0.06696048107253998, 0.6109652665294772, 0.3072126290544535, 0.013185300500472575, 0.0016763228430567163]",
d1-3b,ood_yelp_rating,17763,rating,score,3,2,"[""0"", ""1"", ""2"", ""3"", ""4""]","[0.045994885828608084, 0.18622725195937478, 0.4906434596874057, 0.25454247365860566, 0.02259192886600586]",
d1-3b,ood_yelp_rating,17979,rating,score,3,3,"[""0"", ""1"", ""2"", ""3"", ""4""]","[0.00282010418783346, 0.0044714436930071814, 0.08436995293254088, 0.5948660953033533, 0.3134724038832652]",
d1-3b,ood_yelp_rating,17990,rating,score,3,4,"[""0"", ""1"", ""2"", ""3"", ""4""]","[0.0030830235170966626, 0.0032563218022324623, 0.021400424897756617, 0.32193455413734196, 0.6503256756455723]",
d1-3b,ood_yelp_rating,18045,rating,score,3,2,"[""0"", ""1"", ""2"", ""3"", ""4""]","[0.0043976686254640724, 0.051926255192415956, 0.657790862495194, 0.2742080274658146, 0.01167718622111133]",
d1-3b,ood_yelp_rating,18054,rating,score,2,1,"[""0"", ""1"", ""2"", ""3"", ""4""]","[0.029371110271166446, 0.5945614336109689, 0.36061973856775004, 0.014539753916805166, 0.0009079636333094753]",
d1-3b,ood_yelp_rating,18094,rating,score,2,2,"[""0"", ""1"", ""2"", ""3"", ""4""]","[0.0009211358893776077, 0.0196947537241568, 0.8440103789539279, 0.13354183397475544, 0.0018318974577822575]",
d1-3b,ood_yelp_rating,18168,rating,score,2,2,"[""0"", ""1"", ""2"", ""3"", ""4""]","[0.004731957044227973, 0.2973660490674001, 0.670124736109536, 0.026808362390841226, 0.0009688953879945666]",
d1-3b,ood_yelp_rating,18173,rating,score,3,0,"[""0"", ""1"", ""2"", ""3"", ""4""]","[0.9556133352981847, 0.035081217393447765, 0.005214357456659192, 0.0024630880565615076, 0.0016280017951469101]",
d1-3b,ood_yelp_rating,18272,rating,score,1,1,"[""0"", ""1"", ""2"", ""3"", ""4""]","[0.02750366296596969, 0.5312627365135028, 0.4336040084074758, 0.0066355674944577284, 0.0009940246185939745]",
d1-3b,ood_yelp_rating,18276,rating,score,2,2,"[""0"", ""1"", ""2"", ""3"", ""4""]","[0.004680267559346086, 0.058827255657422146, 0.5987940878075304, 0.3255586986210938, 0.012139690354607564]",
d1-3b,ood_yelp_rating,18281,rating,score,3,3,"[""0"", ""1"", ""2"", ""3"", ""4""]","[0.0024029579722660063, 0.006232798733951164, 0.18357769188459858, 0.7491115968722826, 0.05867495453690166]",
d1-3b,ood_yelp_rating,18289,rating,score,3,3,"[""0"", ""1"", ""2"", ""3"", ""4""]","[0.0036825744491152013, 0.011980730724012336, 0.18164415595693661, 0.6748899132928892, 0.1278026255770467]",
d1-3b,ood_yelp_rating,18386,rating,score,0,0,"[""0"", ""1"", ""2"", ""3"", ""4""]","[0.3422838943793811, 0.266570964975392, 0.1567089860439922, 0.14721446854998094, 0.08722168605125376]",
d1-3b,ood_yelp_rating,18666,rating,score,3,4,"[""0"", ""1"", ""2"", ""3"", ""4""]","[0.005354177004339181, 0.004169837243682263, 0.021678359497133197, 0.2105560744865066, 0.7582415517683387]",
d1-3b,ood_yelp_rating,18712,rating,score,2,3,"[""0"", ""1"", ""2"", ""3"", ""4""]","[0.004268308481828075, 0.006714991798935341, 0.11446626018182697, 0.5050488254540686, 0.3695016140833411]",
d1-3b,ood_yelp_rating,18761,rating,score,2,1,"[""0"", ""1"", ""2"", ""3"", ""4""]","[0.06332465282420649, 0.6547229790515713, 0.264531996418504, 0.016136555294114056, 0.0012838164116042304]",
d1-3b,ood_yelp_rating,18773,rating,score,0,0,"[""0"", ""1"", ""2"", ""3"", ""4""]","[0.8623368213722657, 0.11049369255677535, 0.018179070110330875, 0.005855951171326421, 0.0031344647893016336]",
d1-3b,ood_yelp_rating,18833,rating,score,2,0,"[""0"", ""1"", ""2"", ""3"", ""4""]","[0.7458641849444972, 0.1915537649077011, 0.0488122363309234, 0.009763061464825137, 0.004006752352053271]",
d1-3b,ood_yelp_rating,18852,rating,score,0,0,"[""0"", ""1"", ""2"", ""3"", ""4""]","[0.9322100169885733, 0.055115618283622644, 0.006480567796335582, 0.003809729272079004, 0.0023840676593895795]",
d1-3b,ood_yelp_rating,18853,rating,score,4,4,"[""0"", ""1"", ""2"", ""3"", ""4""]","[0.01892433259987332, 0.013630685435378632, 0.038228202676571996, 0.16735813433076144, 0.7618586449574146]",
d1-3b,ood_yelp_rating,18907,rating,score,0,0,"[""0"", ""1"", ""2"", ""3"", ""4""]","[0.8503497036370459, 0.08485638004681001, 0.026287280234546784, 0.020155156894193803, 0.018351479187403687]",
d1-3b,ood_yelp_rating,19072,rating,score,0,0,"[""0"", ""1"", ""2"", ""3"", ""4""]","[0.9101694630479787, 0.07128998147698055, 0.011729045716960708, 0.003959551674325832, 0.002851958083754218]",
d1-3b,ood_yelp_rating,19090,rating,score,4,4,"[""0"", ""1"", ""2"", ""3"", ""4""]","[0.0048138037913414925, 0.0018998977721696865, 0.0047763424730342, 0.07830019399686264, 0.9102097619665919]",
d1-3b,ood_yelp_rating,19194,rating,score,0,1,"[""0"", ""1"", ""2"", ""3"", ""4""]","[0.15850770708106404, 0.6076221453155976, 0.2132954336744842, 0.017508355379653933, 0.003066358549200387]",
d1-3b,ood_yelp_rating,19327,rating,score,1,1,"[""0"", ""1"", ""2"", ""3"", ""4""]","[0.0923898970895821, 0.7154363482421905, 0.18373925015290385, 0.007408145468386849, 0.0010263590469367305]",
d1-3b,ood_yelp_rating,19360,rating,score,4,4,"[""0"", ""1"", ""2"", ""3"", ""4""]","[0.006880805244691614, 0.0032502622535172717, 0.00985629844109246, 0.12007429623349998, 0.8599383378271988]",
d1-3b,ood_yelp_rating,19451,rating,score,1,0,"[""0"", ""1"", ""2"", ""3"", ""4""]","[0.8724563310896212, 0.10020820810356097, 0.019732166126882684, 0.004760606625698821, 0.0028426880542364707]",
d1-3b,ood_yelp_rating,19530,rating,score,0,0,"[""0"", ""1"", ""2"", ""3"", ""4""]","[0.9104809326025578, 0.07771400279362511, 0.00787720351713035, 0.002537452074443674, 0.0013904090122430143]",
d1-3b,ood_yelp_rating,19548,rating,score,4,4,"[""0"", ""1"", ""2"", ""3"", ""4""]","[0.006555953575798533, 0.008223008006656622, 0.047320143879922734, 0.26393057093569694, 0.6739703236019252]",
d1-3b,ood_yelp_rating,19561,rating,score,4,4,"[""0"", ""1"", ""2"", ""3"", ""4""]","[0.0067099184043398295, 0.003648119358641285, 0.012833055340382385, 0.13165031657390977, 0.8451585903227268]",
d1-3b,ood_yelp_rating,19579,rating,score,3,4,"[""0"", ""1"", ""2"", ""3"", ""4""]","[0.005144323206197226, 0.00615694871683219, 0.047677344006713474, 0.36919734694558975, 0.5718240371246675]",
d1-3b,ood_yelp_rating,19590,rating,score,0,0,"[""0"", ""1"", ""2"", ""3"", ""4""]","[0.8895439900863038, 0.09523370856876762, 0.01146325223000797, 0.002421673816347252, 0.0013373752985734021]",
d1-3b,ood_yelp_rating,19685,rating,score,1,0,"[""0"", ""1"", ""2"", ""3"", ""4""]","[0.8273098657087279, 0.14153602966990564, 0.024595274016058707, 0.004142520053871539, 0.0024163105514363454]",
d1-3b,ood_yelp_rating,19827,rating,score,3,3,"[""0"", ""1"", ""2"", ""3"", ""4""]","[0.0028069044506118523, 0.007453209590388807, 0.2689652682942463, 0.6553747812525145, 0.06539983641223857]",
d1-3b,ood_yelp_rating,19880,rating,score,1,1,"[""0"", ""1"", ""2"", ""3"", ""4""]","[0.17499616835473297, 0.5224420552091715, 0.2627003630192091, 0.036681189594962624, 0.0031802238219238114]",
d1-3b,ood_yelp_rating,19932,rating,score,0,0,"[""0"", ""1"", ""2"", ""3"", ""4""]","[0.7085042255514773, 0.16567549457702607, 0.1069681389388691, 0.01470453608203933, 0.004147604850588226]",
d1-3b,ood_yelp_rating,19972,rating,score,2,3,"[""0"", ""1"", ""2"", ""3"", ""4""]","[0.01403189772555717, 0.021229583285314255, 0.27530942500098504, 0.5224454868171904, 0.16698360717095326]",
d1-3b,ood_yelp_rating,20001,rating,score,1,1,"[""0"", ""1"", ""2"", ""3"", ""4""]","[0.10500877348213235, 0.5676720661361258, 0.29914215752761203, 0.02533454561354444, 0.0028424572405855004]",
d1-3b,ood_yelp_rating,20047,rating,score,2,2,"[""0"", ""1"", ""2"", ""3"", ""4""]","[0.0013004420417343917, 0.011958642500442988, 0.838365563600182, 0.1456860900398586, 0.0026892618177820128]",
d1-3b,ood_yelp_rating,20113,rating,score,2,4,"[""0"", ""1"", ""2"", ""3"", ""4""]","[0.004283763663075506, 0.003931002505127577, 0.036432345172721745, 0.4072875649379821, 0.5480653237210931]",
d1-3b,ood_yelp_rating,20133,rating,score,2,2,"[""0"", ""1"", ""2"", ""3"", ""4""]","[0.04591899363269993, 0.20579465188459448, 0.4565753908415412, 0.24823573427225828, 0.043475229368906035]",
d1-3b,ood_yelp_rating,20187,rating,score,2,1,"[""0"", ""1"", ""2"", ""3"", ""4""]","[0.34538921891390906, 0.5606220393902734, 0.08664847806922217, 0.005410935248191216, 0.0019293283784041773]",
d1-3b,ood_yelp_rating,20192,rating,score,2,3,"[""0"", ""1"", ""2"", ""3"", ""4""]","[0.004710990232921881, 0.00680110858748826, 0.07311880810402341, 0.507545126648014, 0.4078239664275525]",
d1-3b,ood_yelp_rating,20228,rating,score,4,4,"[""0"", ""1"", ""2"", ""3"", ""4""]","[0.006559618292149608, 0.004202249235019858, 0.01825373860451962, 0.1887281111695462, 0.7822562826987647]",
d1-3b,ood_yelp_rating,20254,rating,score,3,3,"[""0"", ""1"", ""2"", ""3"", ""4""]","[0.029349346369236504, 0.040747532096861695, 0.18405005815754233, 0.4020022862583656, 0.3438507771179939]",
d1-3b,ood_yelp_rating,20299,rating,score,3,3,"[""0"", ""1"", ""2"", ""3"", ""4""]","[0.002126285731129401, 0.005221653788040459, 0.11077506117718972, 0.6732987704203095, 0.20857822888333094]",
d1-3b,ood_yelp_rating,20330,rating,score,3,2,"[""0"", ""1"", ""2"", ""3"", ""4""]","[0.0015059248071914336, 0.02507589934252373, 0.7740176673071647, 0.19570231414767625, 0.0036981943954439754]",
d1-3b,ood_yelp_rating,20403,rating,score,1,1,"[""0"", ""1"", ""2"", ""3"", ""4""]","[0.058054825729764885, 0.47855102248053066, 0.4223197950677594, 0.03897616616183776, 0.002098190560107258]",
d1-3b,ood_yelp_rating,20549,rating,score,0,0,"[""0"", ""1"", ""2"", ""3"", ""4""]","[0.9038910594363445, 0.07836648460381927, 0.011114730978475465, 0.004088881021132473, 0.00253884396022832]",
d1-3b,ood_yelp_rating,20559,rating,score,0,0,"[""0"", ""1"", ""2"", ""3"", ""4""]","[0.8964486830817318, 0.0867043061679317, 0.010684066826017687, 0.003992344091512583, 0.0021705998328063387]",
d1-3b,ood_yelp_rating,20628,rating,score,2,2,"[""0"", ""1"", ""2"", ""3"", ""4""]","[0.014558115548100712, 0.10841442019103727, 0.7069508241012188, 0.16022612644346507, 0.009850513716178254]",
d1-3b,ood_yelp_rating,20630,rating,score,4,4,"[""0"", ""1"", ""2"", ""3"", ""4""]","[0.0036695107288184895, 0.002948534704999854, 0.017234847243631734, 0.22003977748984863, 0.7561073298327013]",
d1-3b,ood_yelp_rating,20643,rating,score,4,4,"[""0"", ""1"", ""2"", ""3"", ""4""]","[0.003519899324379221, 0.004519640196684929, 0.03754799150279892, 0.31933633471979933, 0.6350761342563376]",
d1-3b,ood_yelp_rating,20647,rating,score,3,4,"[""0"", ""1"", ""2"", ""3"", ""4""]","[0.0034670348315704834, 0.003959478058833956, 0.023878708717475675, 0.24305790648757825, 0.7256368719045417]",
d1-3b,ood_yelp_rating,20685,rating,score,4,4,"[""0"", ""1"", ""2"", ""3"", ""4""]","[0.004324089181330868, 0.003447464468898654, 0.01619194707149617, 0.2019361431277678, 0.7741003561505064]",
d1-3b,ood_yelp_rating,20703,rating,score,3,2,"[""0"", ""1"", ""2"", ""3"", ""4""]","[0.005789062424336447, 0.06421394174817613, 0.4895420431668234, 0.42532149777701084, 0.015133454883652944]",
d1-3b,ood_yelp_rating,20719,rating,score,1,0,"[""0"", ""1"", ""2"", ""3"", ""4""]","[0.6739719451237964, 0.2765975289689581, 0.04175998087501835, 0.005607617748577443, 0.002062927283649731]",
d1-3b,ood_yelp_rating,20838,rating,score,0,0,"[""0"", ""1"", ""2"", ""3"", ""4""]","[0.9556660501476084, 0.03373913812196208, 0.005422372943511829, 0.0030655317093131085, 0.0021069070776046626]",
d1-3b,ood_yelp_rating,20907,rating,score,2,2,"[""0"", ""1"", ""2"", ""3"", ""4""]","[0.0018432119122446574, 0.03760491102767295, 0.7553148289395122, 0.2032902283500778, 0.0019468197704924227]",
d1-3b,ood_yelp_rating,20928,rating,score,3,3,"[""0"", ""1"", ""2"", ""3"", ""4""]","[0.0016395028084332337, 0.0024420321237301405, 0.024092317898474578, 0.9548750844311152, 0.016951062738246845]",
d1-3b,ood_yelp_rating,20960,rating,score,1,2,"[""0"", ""1"", ""2"", ""3"", ""4""]","[0.016044224128087682, 0.29113480793205687, 0.6560824174435261, 0.03587484729191415, 0.0008637032044152033]",
d1-3b,ood_yelp_rating,20981,rating,score,2,2,"[""0"", ""1"", ""2"", ""3"", ""4""]","[0.0040383686421336445, 0.1813680349287055, 0.7400948169260049, 0.07214321993224758, 0.0023555595709084257]",
d1-3b,ood_yelp_rating,21015,rating,score,3,4,"[""0"", ""1"", ""2"", ""3"", ""4""]","[0.005186128284886705, 0.0037647253996800807, 0.016099688493606493, 0.19922302455370983, 0.775726433268117]",
d1-3b,ood_yelp_rating,21017,rating,score,4,4,"[""0"", ""1"", ""2"", ""3"", ""4""]","[0.006327473984100334, 0.0042813830583500875, 0.028137089072687346, 0.235588962419917, 0.7256650914649452]",
d1-3b,ood_yelp_rating,21046,rating,score,2,1,"[""0"", ""1"", ""2"", ""3"", ""4""]","[0.06525116244466678, 0.41563453865246963, 0.41563453865246963, 0.0979535964861355, 0.005526163764258535]",
d1-3b,ood_yelp_rating,21059,rating,score,4,4,"[""0"", ""1"", ""2"", ""3"", ""4""]","[0.0032873202312840347, 0.0025802472134493757, 0.019980568245058308, 0.2531096296152815, 0.7210422346949268]",
d1-3b,ood_yelp_rating,21110,rating,score,0,0,"[""0"", ""1"", ""2"", ""3"", ""4""]","[0.9455700988356366, 0.04492134289965072, 0.005535395537619031, 0.002271721751400187, 0.0017014409756932912]",
d1-3b,ood_yelp_rating,21125,rating,score,4,3,"[""0"", ""1"", ""2"", ""3"", ""4""]","[0.0022639840906008664, 0.007138935197279254, 0.13158146074856195, 0.6630256208110739, 0.19598999915248416]",
d1-3b,ood_yelp_rating,21158,rating,score,4,4,"[""0"", ""1"", ""2"", ""3"", ""4""]","[0.018940304061021932, 0.012616962535031083, 0.04798937544623054, 0.2475480343939332, 0.6729053235637833]",
d1-3b,ood_yelp_rating,21185,rating,score,0,0,"[""0"", ""1"", ""2"", ""3"", ""4""]","[0.9057543480379118, 0.07150058491151597, 0.0132262782911233, 0.006702751610668807, 0.002816037148780028]",
d1-3b,ood_yelp_rating,21200,rating,score,4,4,"[""0"", ""1"", ""2"", ""3"", ""4""]","[0.005522078369706753, 0.003097605227438744, 0.0099213778287168, 0.13589456200489033, 0.8455643765692473]",
d1-3b,ood_yelp_rating,21274,rating,score,1,1,"[""0"", ""1"", ""2"", ""3"", ""4""]","[0.24116905092418314, 0.6353958202679296, 0.11571417521773397, 0.005806254181211214, 0.0019146994089421978]",
d1-3b,ood_yelp_rating,21366,rating,score,3,4,"[""0"", ""1"", ""2"", ""3"", ""4""]","[0.011237105701856957, 0.008350707881290999, 0.037425276241167815, 0.22570330148441056, 0.7172836086912737]",
d1-3b,ood_yelp_rating,21611,rating,score,4,4,"[""0"", ""1"", ""2"", ""3"", ""4""]","[0.004356538990246085, 0.0035835912230913645, 0.022472738054369883, 0.275921231688139, 0.6936659000441537]",
d1-3b,ood_yelp_rating,21647,rating,score,2,1,"[""0"", ""1"", ""2"", ""3"", ""4""]","[0.1006148792379245, 0.6260468143923534, 0.26097513946089274, 0.010604730251062865, 0.0017584366577664335]",
d1-3b,ood_yelp_rating,21665,rating,score,3,3,"[""0"", ""1"", ""2"", ""3"", ""4""]","[0.003030064117037061, 0.004273075305339849, 0.05085082161760397, 0.6492197648022652, 0.2926262741577539]",
d1-3b,ood_yelp_rating,21736,rating,score,1,1,"[""0"", ""1"", ""2"", ""3"", ""4""]","[0.09389006086900006, 0.48055276379619916, 0.38613499355891323, 0.035636647501776794, 0.003785534274110869]",
d1-3b,ood_yelp_rating,21757,rating,score,3,3,"[""0"", ""1"", ""2"", ""3"", ""4""]","[0.0035021942670144315, 0.02319680852164704, 0.3303870035885419, 0.5532941104756036, 0.08961988314719303]",
d1-3b,ood_yelp_rating,21774,rating,score,2,2,"[""0"", ""1"", ""2"", ""3"", ""4""]","[0.0019763377668959204, 0.006280788433792019, 0.8421288401839068, 0.14407125727679473, 0.005542776338610609]",
d1-3b,ood_yelp_rating,21834,rating,score,1,1,"[""0"", ""1"", ""2"", ""3"", ""4""]","[0.03741050569457722, 0.5627801563930043, 0.36335817867800185, 0.03487042559834573, 0.0015807336360708303]",
d1-3b,ood_yelp_rating,21892,rating,score,1,1,"[""0"", ""1"", ""2"", ""3"", ""4""]","[0.19487366846770746, 0.64902841247889, 0.14709836234430204, 0.006933841541473558, 0.002065715167626966]",
d1-3b,ood_yelp_rating,21961,rating,score,4,4,"[""0"", ""1"", ""2"", ""3"", ""4""]","[0.010922723024944188, 0.005365061292295661, 0.01718385534850777, 0.1450071135945597, 0.8215212467396927]",
d1-3b,ood_yelp_rating,21997,rating,score,1,1,"[""0"", ""1"", ""2"", ""3"", ""4""]","[0.09496987069681634, 0.7296917544119703, 0.16538022069046573, 0.0082983748193928, 0.0016597793813548976]",
d1-3b,ood_yelp_rating,22146,rating,score,3,4,"[""0"", ""1"", ""2"", ""3"", ""4""]","[0.0034945941767696273, 0.003334565058330686, 0.024257291523524648, 0.24884799633401117, 0.720065552907364]",
d1-3b,ood_yelp_rating,22213,rating,score,1,2,"[""0"", ""1"", ""2"", ""3"", ""4""]","[0.01835347670584617, 0.0828997065901876, 0.8504422623457053, 0.04578156608222658, 0.0025229882760343797]",
d1-3b,ood_yelp_rating,22509,rating,score,0,0,"[""0"", ""1"", ""2"", ""3"", ""4""]","[0.7353200144144505, 0.22779151397126202, 0.029647218153254627, 0.0046908710877966615, 0.002550382373236235]",
d1-3b,ood_yelp_rating,22531,rating,score,3,3,"[""0"", ""1"", ""2"", ""3"", ""4""]","[0.0021869438179469907, 0.007573782044540212, 0.1806511010063912, 0.6016600304220723, 0.20792814270904933]",
d1-3b,ood_yelp_rating,22535,rating,score,1,1,"[""0"", ""1"", ""2"", ""3"", ""4""]","[0.4014436452402145, 0.5154638438562124, 0.07602062332298376, 0.0050141036066151485, 0.0020577839739743834]",
d1-3b,ood_yelp_rating,22540,rating,score,4,4,"[""0"", ""1"", ""2"", ""3"", ""4""]","[0.0068429664508014906, 0.0028749458211520438, 0.008583002802512901, 0.1062089976926346, 0.875490087232899]",
d1-3b,ood_yelp_rating,22551,rating,score,3,4,"[""0"", ""1"", ""2"", ""3"", ""4""]","[0.0044214960531209066, 0.0066374517177332695, 0.07960708626973549, 0.4440126763564878, 0.46532128960292246]",
d1-3b,ood_yelp_rating,22566,rating,score,1,0,"[""0"", ""1"", ""2"", ""3"", ""4""]","[0.9085595307336354, 0.07755000174224419, 0.009706520848665476, 0.0026954034925282732, 0.001488543182926701]",
d1-3b,ood_yelp_rating,22630,rating,score,3,3,"[""0"", ""1"", ""2"", ""3"", ""4""]","[0.002000121933116044, 0.003795564489071933, 0.09267934620935632, 0.6333483870685718, 0.26817658029988395]",
d1-3b,ood_yelp_rating,22648,rating,score,2,2,"[""0"", ""1"", ""2"", ""3"", ""4""]","[0.0035214008129609846, 0.19836501997040473, 0.7604108419052878, 0.036693839086765836, 0.0010088982245806952]",
d1-3b,ood_yelp_rating,22752,rating,score,3,4,"[""0"", ""1"", ""2"", ""3"", ""4""]","[0.003686347319737081, 0.003924096295506826, 0.02922278115224, 0.29284283961382235, 0.6703239356186937]",
d1-3b,ood_yelp_rating,22762,rating,score,0,0,"[""0"", ""1"", ""2"", ""3"", ""4""]","[0.9657697285425512, 0.02676213270408534, 0.0036502674159205203, 0.002284278979663733, 0.0015335923577791339]",
d1-3b,ood_yelp_rating,22817,rating,score,1,2,"[""0"", ""1"", ""2"", ""3"", ""4""]","[0.023469881632134263, 0.4533459254850216, 0.5057439261982446, 0.016384617977211052, 0.0010556487073884653]",
d1-3b,ood_yelp_rating,22818,rating,score,1,1,"[""0"", ""1"", ""2"", ""3"", ""4""]","[0.034750640740923704, 0.8823360658088003, 0.07019822392012197, 0.008994699959023564, 0.0037203695711304726]",
d1-3b,ood_yelp_rating,22880,rating,score,0,1,"[""0"", ""1"", ""2"", ""3"", ""4""]","[0.4518057552498592, 0.48851850031432026, 0.05354057846806325, 0.004259662119408832, 0.001875503848348278]",
d1-3b,ood_yelp_rating,22994,rating,score,2,2,"[""0"", ""1"", ""2"", ""3"", ""4""]","[0.0103131167038057, 0.24217644001109084, 0.6583038161630502, 0.08702792563442813, 0.002178701487625068]",
d1-3b,ood_yelp_rating,23283,rating,score,3,3,"[""0"", ""1"", ""2"", ""3"", ""4""]","[0.0027190081809471086, 0.004244311748958127, 0.057682548443857395, 0.5472767820032726, 0.3880773496229649]",
d1-3b,ood_yelp_rating,23411,rating,score,4,3,"[""0"", ""1"", ""2"", ""3"", ""4""]","[0.0038961121315235713, 0.0055374918664525775, 0.08594685727242742, 0.49459001485419335, 0.41002952387540303]",
d1-3b,ood_yelp_rating,23436,rating,score,0,0,"[""0"", ""1"", ""2"", ""3"", ""4""]","[0.9410696187477307, 0.04834037441238449, 0.0063408772135717766, 0.0025820395777562334, 0.0016670900485568087]",
d1-3b,ood_yelp_rating,23472,rating,score,1,0,"[""0"", ""1"", ""2"", ""3"", ""4""]","[0.8495453126400886, 0.1323336361170289, 0.01330914349774675, 0.002833680169368033, 0.0019782275757677897]",
d1-3b,ood_yelp_rating,23484,rating,score,2,3,"[""0"", ""1"", ""2"", ""3"", ""4""]","[0.018492870831588962, 0.08961388704915911, 0.4079461977133798, 0.42089580010510513, 0.06305124430076703]",
d1-3b,ood_yelp_rating,23497,rating,score,1,0,"[""0"", ""1"", ""2"", ""3"", ""4""]","[0.6676343682208777, 0.27831141114334, 0.04268043722845217, 0.008536624488622496, 0.002837158918707574]",
d1-3b,ood_yelp_rating,23520,rating,score,0,0,"[""0"", ""1"", ""2"", ""3"", ""4""]","[0.9344047020371721, 0.05524537597897771, 0.005385227971255441, 0.0030445318460650883, 0.0019201621665297576]",
d1-3b,ood_yelp_rating,23602,rating,score,1,1,"[""0"", ""1"", ""2"", ""3"", ""4""]","[0.34034403597835994, 0.5271351548827093, 0.12520557376175231, 0.005501148983650753, 0.0018140863935277843]",
d1-3b,ood_yelp_rating,23605,rating,score,4,4,"[""0"", ""1"", ""2"", ""3"", ""4""]","[0.004091750263401049, 0.0039043753768184634, 0.027744436005363592, 0.26529643296834077, 0.6989630053860761]",
d1-3b,ood_yelp_rating,23607,rating,score,2,1,"[""0"", ""1"", ""2"", ""3"", ""4""]","[0.1693206071680724, 0.5551808972148415, 0.2502396357033571, 0.023827884239101874, 0.0014309756746271054]",
d1-3b,ood_yelp_rating,23751,rating,score,4,4,"[""0"", ""1"", ""2"", ""3"", ""4""]","[0.005866095706109411, 0.006005206156903823, 0.04911621800279763, 0.354515399759667, 0.5844970803745221]",
d1-3b,ood_yelp_rating,23775,rating,score,2,3,"[""0"", ""1"", ""2"", ""3"", ""4""]","[0.0020711025410104253, 0.005854107748069557, 0.14519549764980885, 0.7146772870252299, 0.13220200503588134]",
d1-3b,ood_yelp_rating,23818,rating,score,3,3,"[""0"", ""1"", ""2"", ""3"", ""4""]","[0.0021697480282880342, 0.005990866412447773, 0.13010750169063007, 0.6404115680925346, 0.22132031577609942]",
d1-3b,ood_yelp_rating,23850,rating,score,3,4,"[""0"", ""1"", ""2"", ""3"", ""4""]","[0.005107212109305866, 0.005970935885489751, 0.051581015073628576, 0.3470273793488684, 0.5903134575827075]",
d1-3b,ood_yelp_rating,23902,rating,score,3,2,"[""0"", ""1"", ""2"", ""3"", ""4""]","[0.0018870394283388916, 0.00865767889692095, 0.7095966151408164, 0.2735738656468156, 0.006284800887108128]",
d1-3b,ood_yelp_rating,23925,rating,score,2,2,"[""0"", ""1"", ""2"", ""3"", ""4""]","[0.011946979800341224, 0.4698218170020892, 0.5079985077434029, 0.009450838900083178, 0.0007818565540835281]",
d1-3b,ood_yelp_rating,23938,rating,score,2,2,"[""0"", ""1"", ""2"", ""3"", ""4""]","[0.00408571363814015, 0.04461728813543226, 0.9031908754119684, 0.045319908186917245, 0.0027862146275419437]",
d1-3b,ood_yelp_rating,23950,rating,score,1,1,"[""0"", ""1"", ""2"", ""3"", ""4""]","[0.38063261377396856, 0.5803954268149003, 0.03404802886903776, 0.0034511573605437887, 0.0014727731815494447]",
d1-3b,ood_yelp_rating,24110,rating,score,3,4,"[""0"", ""1"", ""2"", ""3"", ""4""]","[0.0041487345124174855, 0.0025360705382945336, 0.011635413680689871, 0.1723221777189592, 0.8093576035496389]",
d1-3b,ood_yelp_rating,24119,rating,score,1,1,"[""0"", ""1"", ""2"", ""3"", ""4""]","[0.05796986312283763, 0.6634299516361043, 0.2680499313531907, 0.009463320012373454, 0.001086933875493993]",
d1-3b,ood_yelp_rating,24263,rating,score,3,2,"[""0"", ""1"", ""2"", ""3"", ""4""]","[0.004944082942374316, 0.05274025396795801, 0.6425078254506159, 0.29416151769062504, 0.005646319948426615]",
d1-3b,ood_yelp_rating,24358,rating,score,0,0,"[""0"", ""1"", ""2"", ""3"", ""4""]","[0.5470484174192454, 0.3879154148845815, 0.058110700049307726, 0.004921433318532827, 0.002004034328332625]",
d1-3b,ood_yelp_rating,24399,rating,score,3,3,"[""0"", ""1"", ""2"", ""3"", ""4""]","[0.0020705081156539586, 0.003206865703092717, 0.06194404909499909, 0.5351149286086604, 0.3976636484775939]",
d1-3b,ood_yelp_rating,24416,rating,score,0,0,"[""0"", ""1"", ""2"", ""3"", ""4""]","[0.9244177044453247, 0.06340080322841751, 0.007169163854458441, 0.0029422189176621285, 0.0020701095541373897]",
d1-3b,ood_yelp_rating,24483,rating,score,1,1,"[""0"", ""1"", ""2"", ""3"", ""4""]","[0.03410267491052497, 0.529304205555528, 0.4122225297696331, 0.022895452827003768, 0.00147513693731016]",
d1-3b,ood_yelp_rating,24544,rating,score,1,2,"[""0"", ""1"", ""2"", ""3"", ""4""]","[0.04243114215668041, 0.19928930789055682, 0.5766627330289126, 0.17046117828651805, 0.011155638637332287]",
d1-3b,ood_yelp_rating,24547,rating,score,1,2,"[""0"", ""1"", ""2"", ""3"", ""4""]","[0.053901793985123625, 0.2802273564322743, 0.574989201685756, 0.08613482153240395, 0.0047468263644422646]",
d1-3b,ood_yelp_rating,24598,rating,score,4,4,"[""0"", ""1"", ""2"", ""3"", ""4""]","[0.004465377933812717, 0.0037309629145608285, 0.025298088875878193, 0.27198008708709803, 0.6945254831886503]",
d1-3b,ood_yelp_rating,24599,rating,score,1,2,"[""0"", ""1"", ""2"", ""3"", ""4""]","[0.00880716630731448, 0.10645828765128872, 0.48462637982209916, 0.36581518365828686, 0.03429298256101078]",
d1-3b,ood_yelp_rating,24633,rating,score,0,2,"[""0"", ""1"", ""2"", ""3"", ""4""]","[0.02559062355691172, 0.3093314999099034, 0.526190606613459, 0.13304182029240133, 0.005845449627324535]",
d1-3b,ood_yelp_rating,24665,rating,score,4,4,"[""0"", ""1"", ""2"", ""3"", ""4""]","[0.0036054265582862554, 0.002764376432418153, 0.01720052811676349, 0.23930827822336362, 0.7371213906691686]",
d1-3b,ood_yelp_rating,24666,rating,score,4,4,"[""0"", ""1"", ""2"", ""3"", ""4""]","[0.010962350121316158, 0.01374986747193008, 0.09619156632228294, 0.3383748097407851, 0.5407214063436858]",
d1-3b,ood_yelp_rating,24761,rating,score,3,4,"[""0"", ""1"", ""2"", ""3"", ""4""]","[0.0035078752207591715, 0.003913317594863644, 0.028915723241379834, 0.32579244406897423, 0.6378706398740231]",
d1-3b,ood_yelp_rating,24806,rating,score,3,3,"[""0"", ""1"", ""2"", ""3"", ""4""]","[0.003915122471373573, 0.0074878680055208485, 0.09485473457213818, 0.4817120898178101, 0.4120301851331573]",
d1-3b,ood_yelp_rating,24897,rating,score,3,3,"[""0"", ""1"", ""2"", ""3"", ""4""]","[0.0021926553511333133, 0.005469437614590059, 0.1868723565436534, 0.6729532071388729, 0.13251234335175047]",
d1-3b,ood_yelp_rating,24991,rating,score,1,1,"[""0"", ""1"", ""2"", ""3"", ""4""]","[0.2665867306228557, 0.629593664238184, 0.09655131550502373, 0.005619960491498792, 0.0016483291424378133]",
d1-3b,ood_yelp_rating,24994,rating,score,0,0,"[""0"", ""1"", ""2"", ""3"", ""4""]","[0.733634523280508, 0.22726937317588106, 0.03248646301409785, 0.0041625837695584075, 0.002447056759954686]",
d1-3b,ood_yelp_rating,25055,rating,score,0,0,"[""0"", ""1"", ""2"", ""3"", ""4""]","[0.8657325169101951, 0.1153476935194955, 0.01432510351744659, 0.0029103213042605868, 0.0016843647486020016]",
d1-3b,ood_yelp_rating,25204,rating,score,0,0,"[""0"", ""1"", ""2"", ""3"", ""4""]","[0.9203323387194561, 0.06262940163669395, 0.009382041118062828, 0.004680873990266985, 0.0029753445355201664]",
d1-3b,ood_yelp_rating,25230,rating,score,1,1,"[""0"", ""1"", ""2"", ""3"", ""4""]","[0.14173540872919224, 0.6553778900542053, 0.19072583932125345, 0.010510760066182, 0.0016501018291668456]",
d1-3b,ood_yelp_rating,25334,rating,score,1,1,"[""0"", ""1"", ""2"", ""3"", ""4""]","[0.2681258119108391, 0.663617757819962, 0.06318985826486426, 0.003765314226953187, 0.001301257777381541]",
d1-3b,ood_yelp_rating,25346,rating,score,3,4,"[""0"", ""1"", ""2"", ""3"", ""4""]","[0.004209748823274241, 0.003600788985125542, 0.020721109929535405, 0.23529510304642234, 0.7361732492156424]",
d1-3b,ood_yelp_rating,25452,rating,score,3,3,"[""0"", ""1"", ""2"", ""3"", ""4""]","[0.002802753384915532, 0.010998839703811145, 0.29727712535721074, 0.6493129382421559, 0.03960834331190682]",
d1-3b,ood_yelp_rating,25466,rating,score,0,1,"[""0"", ""1"", ""2"", ""3"", ""4""]","[0.08710199552901404, 0.6385929844403699, 0.26207803275947084, 0.010241568629733109, 0.0019854186414119397]",
d1-3b,ood_yelp_rating,25562,rating,score,1,2,"[""0"", ""1"", ""2"", ""3"", ""4""]","[0.015589854267456748, 0.45205679979661195, 0.5043058025704172, 0.02672722837777819, 0.0013203149877360125]",
d1-3b,ood_yelp_rating,25627,rating,score,1,2,"[""0"", ""1"", ""2"", ""3"", ""4""]","[0.0025501176246564847, 0.07394540017693249, 0.7826628262425939, 0.13814819495126207, 0.0026934610045550988]",
d1-3b,ood_yelp_rating,25685,rating,score,4,4,"[""0"", ""1"", ""2"", ""3"", ""4""]","[0.009087002875329979, 0.008470018028173267, 0.057431626570386377, 0.25739069309223783, 0.6676206594338725]",
d1-3b,ood_yelp_rating,25781,rating,score,1,0,"[""0"", ""1"", ""2"", ""3"", ""4""]","[0.8145178115550941, 0.16038806675696762, 0.0199186961538019, 0.0034884980865257363, 0.0016869274476107464]",
d1-3b,ood_yelp_rating,25786,rating,score,2,2,"[""0"", ""1"", ""2"", ""3"", ""4""]","[0.0011557596176274927, 0.014755749528820139, 0.6626986125091141, 0.3179662691815958, 0.0034236091628424017]",
d1-3b,ood_yelp_rating,25821,rating,score,1,2,"[""0"", ""1"", ""2"", ""3"", ""4""]","[0.013793881169284579, 0.20913398022903426, 0.5774374358317501, 0.19341731341800358, 0.006217389351927606]",
d1-3b,ood_yelp_rating,25851,rating,score,2,2,"[""0"", ""1"", ""2"", ""3"", ""4""]","[0.0030712697270313775, 0.08236442168124972, 0.781451875226138, 0.12957742357852417, 0.003535009787056711]",
d1-3b,ood_yelp_rating,25893,rating,score,0,2,"[""0"", ""1"", ""2"", ""3"", ""4""]","[0.038552242456559534, 0.44815505094494934, 0.49995308718829884, 0.012418679723472438, 0.0009209396867198926]",
d1-3b,ood_yelp_rating,26017,rating,score,2,2,"[""0"", ""1"", ""2"", ""3"", ""4""]","[0.018748496584124395, 0.34556337874011, 0.5970799756729228, 0.03670777432229054, 0.0019003746805522379]",
d1-3b,ood_yelp_rating,26075,rating,score,3,3,"[""0"", ""1"", ""2"", ""3"", ""4""]","[0.0033620357266812145, 0.005854637964316076, 0.08145466937704976, 0.4724156259382094, 0.4369130309937435]",
d1-3b,ood_yelp_rating,26249,rating,score,2,2,"[""0"", ""1"", ""2"", ""3"", ""4""]","[0.012156947403287405, 0.10502000009448162, 0.6186800822469707, 0.2539057941653509, 0.010237176089909504]",
d1-3b,ood_yelp_rating,26281,rating,score,4,4,"[""0"", ""1"", ""2"", ""3"", ""4""]","[0.004861307434787149, 0.00288022933514632, 0.011041047529174668, 0.1700334055934178, 0.8111840101074741]",
d1-3b,ood_yelp_rating,26338,rating,score,4,4,"[""0"", ""1"", ""2"", ""3"", ""4""]","[0.0060653810039977, 0.003097893488078087, 0.014779223257775486, 0.1691392534487879, 0.8069182488013609]",
d1-3b,ood_yelp_rating,26390,rating,score,2,2,"[""0"", ""1"", ""2"", ""3"", ""4""]","[0.0014971207789278604, 0.021490399119749086, 0.6633440487600087, 0.30848363126510736, 0.005184800076206954]",
d1-3b,ood_yelp_rating,26495,rating,score,2,3,"[""0"", ""1"", ""2"", ""3"", ""4""]","[0.005106174125797857, 0.008618300611745509, 0.09940480180875551, 0.5087785842471744, 0.37809213920652673]",
d1-3b,ood_yelp_rating,26496,rating,score,0,0,"[""0"", ""1"", ""2"", ""3"", ""4""]","[0.8240984271555055, 0.15007947291236573, 0.019380937370180016, 0.004126439684036831, 0.0023147228779119905]",
d1-3b,ood_yelp_rating,26519,rating,score,2,3,"[""0"", ""1"", ""2"", ""3"", ""4""]","[0.022635705037434926, 0.06249918574086237, 0.27361336370628453, 0.4877685587567531, 0.1534831867586649]",
d1-3b,ood_yelp_rating,26584,rating,score,0,0,"[""0"", ""1"", ""2"", ""3"", ""4""]","[0.7572513690843121, 0.22037271189271943, 0.018809889295227436, 0.00239140906191919, 0.001174620665821862]",
d1-3b,ood_yelp_rating,26612,rating,score,4,4,"[""0"", ""1"", ""2"", ""3"", ""4""]","[0.003388270019604898, 0.002478911301434288, 0.012106675230560693, 0.2031753648610916, 0.7788507785873084]",
d1-3b,ood_yelp_rating,26651,rating,score,4,4,"[""0"", ""1"", ""2"", ""3"", ""4""]","[0.004288909611006587, 0.002970840860342563, 0.01709600876491448, 0.18963383541029255, 0.7860104053534439]",
d1-3b,ood_yelp_rating,26793,rating,score,2,3,"[""0"", ""1"", ""2"", ""3"", ""4""]","[0.003476208839688978, 0.01671413529172011, 0.27400046023084296, 0.6370701569847008, 0.0687390386530472]",
d1-3b,ood_yelp_rating,26815,rating,score,4,4,"[""0"", ""1"", ""2"", ""3"", ""4""]","[0.006550557481611388, 0.004229357785283596, 0.019253159126212834, 0.17026612559947407, 0.7997008000074182]",
d1-3b,ood_yelp_rating,26932,rating,score,4,4,"[""0"", ""1"", ""2"", ""3"", ""4""]","[0.00367167474977886, 0.0031651814782976432, 0.02284592793823556, 0.19582284394211602, 0.7744943718915719]",
d1-3b,ood_yelp_rating,26937,rating,score,1,1,"[""0"", ""1"", ""2"", ""3"", ""4""]","[0.14542280875335353, 0.5403112820961155, 0.27596399982745645, 0.03427214488644087, 0.004029764436633613]",
d1-3b,ood_yelp_rating,27067,rating,score,4,4,"[""0"", ""1"", ""2"", ""3"", ""4""]","[0.004568237641231552, 0.005382699391843551, 0.030975296324437313, 0.2915983944264576, 0.66747537221603]",
d1-3b,ood_yelp_rating,27140,rating,score,3,3,"[""0"", ""1"", ""2"", ""3"", ""4""]","[0.0011412935803500764, 0.005402435328708112, 0.435927017683745, 0.5510633849281736, 0.006465868479023216]",
d1-3b,ood_yelp_rating,27145,rating,score,3,3,"[""0"", ""1"", ""2"", ""3"", ""4""]","[0.0016301996119516492, 0.0034782001740815516, 0.0940089479447211, 0.7279737345572322, 0.17290891771201342]",
d1-3b,ood_yelp_rating,27197,rating,score,4,4,"[""0"", ""1"", ""2"", ""3"", ""4""]","[0.020942399757762516, 0.025659164557383755, 0.10069420999339251, 0.31259261725702425, 0.540111608434437]",
d1-3b,ood_yelp_rating,27241,rating,score,4,4,"[""0"", ""1"", ""2"", ""3"", ""4""]","[0.004825384357057192, 0.0037580131158966483, 0.03537756602394467, 0.3715340038195964, 0.5845050326835052]",
d1-3b,ood_yelp_rating,27255,rating,score,2,1,"[""0"", ""1"", ""2"", ""3"", ""4""]","[0.144986736215911, 0.610416959524048, 0.23168814477621846, 0.01118017660220153, 0.0017279828816210783]",
d1-3b,ood_yelp_rating,27369,rating,score,1,1,"[""0"", ""1"", ""2"", ""3"", ""4""]","[0.1030228894319991, 0.5031501784454789, 0.3857786236319278, 0.006956237165690123, 0.0010920713249040223]",
d1-3b,ood_yelp_rating,27444,rating,score,2,2,"[""0"", ""1"", ""2"", ""3"", ""4""]","[0.08921593216524783, 0.32379873527570247, 0.47112437989037875, 0.1051220583347699, 0.01073889433390099]",
d1-3b,ood_yelp_rating,27493,rating,score,1,1,"[""0"", ""1"", ""2"", ""3"", ""4""]","[0.3163970541761205, 0.5216505532070307, 0.1494553857785861, 0.009780938351526483, 0.0027160684867361994]",
d1-3b,ood_yelp_rating,27496,rating,score,0,1,"[""0"", ""1"", ""2"", ""3"", ""4""]","[0.1336328654098286, 0.5203341646076536, 0.33074451833759555, 0.01312847754806942, 0.0021599740968528632]",
d1-3b,ood_yelp_rating,27500,rating,score,1,2,"[""0"", ""1"", ""2"", ""3"", ""4""]","[0.05585848532571032, 0.38773473944857506, 0.4825436797231994, 0.0706117417637967, 0.00325135373871859]",
d1-3b,ood_yelp_rating,27547,rating,score,4,3,"[""0"", ""1"", ""2"", ""3"", ""4""]","[0.005561170089460605, 0.014200945314941467, 0.23462676883504285, 0.5541143280991019, 0.1914967876614532]",
d1-3b,ood_yelp_rating,27601,rating,score,0,0,"[""0"", ""1"", ""2"", ""3"", ""4""]","[0.941069360179077, 0.04871949928170471, 0.00538143111808841, 0.00292583334938847, 0.001903876071741386]",
d1-3b,ood_yelp_rating,27801,rating,score,2,2,"[""0"", ""1"", ""2"", ""3"", ""4""]","[0.0038749014105566933, 0.0560584681426373, 0.48806945426750675, 0.43071978163722857, 0.02127739454207072]",
d1-3b,ood_yelp_rating,27803,rating,score,1,2,"[""0"", ""1"", ""2"", ""3"", ""4""]","[0.0017942768470247564, 0.1118786240739819, 0.8799935430725062, 0.005657825154366999, 0.0006757308521201618]",
d1-3b,ood_yelp_rating,27810,rating,score,4,3,"[""0"", ""1"", ""2"", ""3"", ""4""]","[0.004821396473486965, 0.00628828646116461, 0.06350944346909264, 0.4879686250667242, 0.4374122485295315]",
d1-3b,ood_yelp_rating,27845,rating,score,2,1,"[""0"", ""1"", ""2"", ""3"", ""4""]","[0.03956444693416751, 0.6140758227229342, 0.33386723378039634, 0.011159664684384616, 0.0013328318781173395]",
d1-3b,ood_yelp_rating,28063,rating,score,4,4,"[""0"", ""1"", ""2"", ""3"", ""4""]","[0.006545626682476243, 0.007533970130112468, 0.08757951684088869, 0.3864189503882128, 0.5119219359583099]",
d1-3b,ood_yelp_rating,28103,rating,score,4,4,"[""0"", ""1"", ""2"", ""3"", ""4""]","[0.005650326942671067, 0.002863446328753857, 0.010976711690010592, 0.16772712609468768, 0.8127823889438768]",
d1-3b,ood_yelp_rating,28147,rating,score,0,0,"[""0"", ""1"", ""2"", ""3"", ""4""]","[0.676615050752745, 0.2691388724320261, 0.04462759995870384, 0.007061111679412593, 0.002557365177112543]",
d1-3b,ood_yelp_rating,28174,rating,score,4,4,"[""0"", ""1"", ""2"", ""3"", ""4""]","[0.00251673370776499, 0.003807696499856941, 0.03875798941833004, 0.38537308348815125, 0.5695444968858968]",
d1-3b,ood_yelp_rating,28195,rating,score,0,0,"[""0"", ""1"", ""2"", ""3"", ""4""]","[0.9594521645104683, 0.0323216556651493, 0.0045841855649544315, 0.002199516271515719, 0.0014424779879122036]",
d1-3b,ood_yelp_rating,28203,rating,score,0,0,"[""0"", ""1"", ""2"", ""3"", ""4""]","[0.7426542505032493, 0.2127740051777902, 0.035281388745075505, 0.006325604441280187, 0.002964751132604828]",
d1-3b,ood_yelp_rating,28254,rating,score,2,2,"[""0"", ""1"", ""2"", ""3"", ""4""]","[0.0037038059469023435, 0.0583916806618591, 0.6084552847054201, 0.3206334034801888, 0.008815825205629638]",
d1-3b,ood_yelp_rating,28259,rating,score,2,2,"[""0"", ""1"", ""2"", ""3"", ""4""]","[0.0017678400549158723, 0.008769861321634239, 0.901566218330932, 0.08517930399293104, 0.0027167762995868984]",
d1-3b,ood_yelp_rating,28299,rating,score,2,2,"[""0"", ""1"", ""2"", ""3"", ""4""]","[0.0046268258028685895, 0.10780333137081685, 0.6655548550443633, 0.21607402585248137, 0.005940961929469935]",
d1-3b,ood_yelp_rating,28349,rating,score,0,0,"[""0"", ""1"", ""2"", ""3"", ""4""]","[0.8029945091108641, 0.16313822962768917, 0.02834917348992779, 0.003747767674595802, 0.0017703200969230277]",
d1-3b,ood_yelp_rating,28384,rating,score,1,1,"[""0"", ""1"", ""2"", ""3"", ""4""]","[0.36572129881628046, 0.5077537391988605, 0.11598189074884749, 0.008668398572567383, 0.0018746726634442422]",
d1-3b,ood_yelp_rating,28397,rating,score,0,0,"[""0"", ""1"", ""2"", ""3"", ""4""]","[0.9668335895236047, 0.025168391237103818, 0.0037118351028613966, 0.0024342808916561045, 0.0018519032447740266]",
d1-3b,ood_yelp_rating,28437,rating,score,4,4,"[""0"", ""1"", ""2"", ""3"", ""4""]","[0.005266129401605588, 0.0025070534363510867, 0.009915588689230228, 0.13061226613168386, 0.8516989623411293]",
d1-3b,ood_yelp_rating,28484,rating,score,3,3,"[""0"", ""1"", ""2"", ""3"", ""4""]","[0.004893972835285669, 0.009359968399754073, 0.10628555789823811, 0.4876348728299017, 0.3918256280368205]",
d1-3b,ood_yelp_rating,28491,rating,score,1,0,"[""0"", ""1"", ""2"", ""3"", ""4""]","[0.9013492077115146, 0.08383853615572276, 0.010493623221594625, 0.002758895064011322, 0.0015597378471567454]",
d1-3b,ood_yelp_rating,28656,rating,score,0,0,"[""0"", ""1"", ""2"", ""3"", ""4""]","[0.8408921298557144, 0.13514366362469782, 0.017047880541793233, 0.004517238643618727, 0.002399087334175846]",
d1-3b,ood_yelp_rating,28745,rating,score,2,1,"[""0"", ""1"", ""2"", ""3"", ""4""]","[0.14388099643500873, 0.5871242954005521, 0.2525190128413502, 0.014813649870375721, 0.001662045452713249]",
d1-3b,ood_yelp_rating,28770,rating,score,3,4,"[""0"", ""1"", ""2"", ""3"", ""4""]","[0.0021843041667625185, 0.0034096505862880634, 0.035252883195059675, 0.4162546942385702, 0.5428984678133195]",
d1-3b,ood_yelp_rating,28781,rating,score,0,0,"[""0"", ""1"", ""2"", ""3"", ""4""]","[0.9101166682229436, 0.06241997261565712, 0.010846964791491534, 0.0064266139529027995, 0.010189780417004995]",
d1-3b,ood_yelp_rating,28810,rating,score,1,0,"[""0"", ""1"", ""2"", ""3"", ""4""]","[0.6935536886956115, 0.2511885001195251, 0.04907703241473184, 0.004321936880600513, 0.001858841889530909]",
d1-3b,ood_yelp_rating,28840,rating,score,3,3,"[""0"", ""1"", ""2"", ""3"", ""4""]","[0.0018935673062430332, 0.003349379194773184, 0.07331113546599652, 0.5903112933877974, 0.3311346246451898]",
d1-3b,ood_yelp_rating,28870,rating,score,3,3,"[""0"", ""1"", ""2"", ""3"", ""4""]","[0.0015804629606588445, 0.0021602367392483776, 0.04044347487709732, 0.4965667011664855, 0.45924912425650993]",
d1-3b,ood_yelp_rating,28979,rating,score,3,4,"[""0"", ""1"", ""2"", ""3"", ""4""]","[0.004798091312871591, 0.0042013491322845, 0.029163143283246772, 0.2385235853227199, 0.7233138309488772]",
d1-3b,ood_yelp_rating,29053,rating,score,0,0,"[""0"", ""1"", ""2"", ""3"", ""4""]","[0.7763838690605493, 0.1963005836425945, 0.020210647601021543, 0.005150130604728261, 0.0019547690911063333]",
d1-3b,ood_yelp_rating,29066,rating,score,2,3,"[""0"", ""1"", ""2"", ""3"", ""4""]","[0.0019835386035100887, 0.008031087296606912, 0.3578789937941095, 0.5993345300465176, 0.03277185025925604]",
d1-3b,ood_yelp_rating,29164,rating,score,0,0,"[""0"", ""1"", ""2"", ""3"", ""4""]","[0.9267666272572326, 0.06257646715202354, 0.007075950518004041, 0.0022092194947183133, 0.001371735578021489]",
d1-3b,ood_yelp_rating,29272,rating,score,1,1,"[""0"", ""1"", ""2"", ""3"", ""4""]","[0.07252836991105983, 0.5704798189965378, 0.33536778471639006, 0.01998366709039666, 0.0016403592856156614]",
d1-3b,ood_yelp_rating,29386,rating,score,2,2,"[""0"", ""1"", ""2"", ""3"", ""4""]","[0.016220649810263246, 0.30606120863545, 0.6279968246526513, 0.04767514105543717, 0.002046175846198481]",
d1-3b,ood_yelp_rating,29409,rating,score,4,4,"[""0"", ""1"", ""2"", ""3"", ""4""]","[0.0062621067694275875, 0.006117045222353751, 0.035477250963157084, 0.25607085233763877, 0.6960727447074228]",
d1-3b,ood_yelp_rating,29414,rating,score,3,3,"[""0"", ""1"", ""2"", ""3"", ""4""]","[0.003347712866947285, 0.004434998982732277, 0.08238491801703571, 0.5288883687267193, 0.38094400140656554]",
d1-3b,ood_yelp_rating,29424,rating,score,1,0,"[""0"", ""1"", ""2"", ""3"", ""4""]","[0.8273223513957949, 0.14376706750674217, 0.020874052972296282, 0.004958022159821795, 0.003078505965344868]",
d1-3b,ood_yelp_rating,29436,rating,score,2,2,"[""0"", ""1"", ""2"", ""3"", ""4""]","[0.0013387953831749018, 0.006693555794739936, 0.9332239851549732, 0.05648401862063303, 0.0022596450464789906]",
d1-3b,ood_yelp_rating,29474,rating,score,1,2,"[""0"", ""1"", ""2"", ""3"", ""4""]","[0.01868423061366873, 0.45622786351947053, 0.5089589604020768, 0.01513095106546774, 0.0009979943993163954]",
d1-3b,ood_yelp_rating,29614,rating,score,3,4,"[""0"", ""1"", ""2"", ""3"", ""4""]","[0.002931467937258855, 0.002753859273479843, 0.017817672468046213, 0.24789451180399463, 0.7286024885172205]",
d1-3b,ood_yelp_rating,29631,rating,score,2,1,"[""0"", ""1"", ""2"", ""3"", ""4""]","[0.0619284322951161, 0.655471222400508, 0.2732410576110165, 0.00812324252730078, 0.0012360451660585665]",
d1-3b,ood_yelp_rating,29651,rating,score,3,2,"[""0"", ""1"", ""2"", ""3"", ""4""]","[0.002341638128737292, 0.022216843989804325, 0.5176442547635374, 0.44276459451952466, 0.015032668598396392]",
d1-3b,ood_yelp_rating,29759,rating,score,2,1,"[""0"", ""1"", ""2"", ""3"", ""4""]","[0.21803984611779625, 0.6408547463243122, 0.13224785170946804, 0.007231365082526779, 0.0016261907658967946]",
d1-3b,ood_yelp_rating,29775,rating,score,1,0,"[""0"", ""1"", ""2"", ""3"", ""4""]","[0.6404655827744342, 0.32204631962254704, 0.03367928247492452, 0.002700522802868957, 0.0011082923252253112]",
d1-3b,ood_yelp_rating,29780,rating,score,4,4,"[""0"", ""1"", ""2"", ""3"", ""4""]","[0.00335289065804109, 0.002017805140902221, 0.005112547727434219, 0.04521303167891335, 0.9443037247947091]",
d1-3b,ood_yelp_rating,29782,rating,score,0,0,"[""0"", ""1"", ""2"", ""3"", ""4""]","[0.8511092138153908, 0.11518510651699668, 0.025701271263851418, 0.004982418701671618, 0.003021989702089449]",
d1-3b,ood_yelp_rating,29908,rating,score,2,2,"[""0"", ""1"", ""2"", ""3"", ""4""]","[0.009504135114410303, 0.24320737612728086, 0.6114232762246669, 0.13222955683640383, 0.0036356556972381455]",
d1-3b,ood_yelp_rating,29946,rating,score,3,4,"[""0"", ""1"", ""2"", ""3"", ""4""]","[0.007519270222033163, 0.01119991947239182, 0.07774285022501443, 0.423570126486764, 0.4799678335937966]",
d1-3b,ood_yelp_rating,29950,rating,score,1,2,"[""0"", ""1"", ""2"", ""3"", ""4""]","[0.001979081941247429, 0.0578372522773322, 0.8565781620855777, 0.08156359895006023, 0.0020419047457825618]",
d1-3b,ood_yelp_rating,30071,rating,score,1,1,"[""0"", ""1"", ""2"", ""3"", ""4""]","[0.3995394852466942, 0.5130188540270922, 0.08053968924196787, 0.005108662340163063, 0.001793309144082663]",
d1-3b,ood_yelp_rating,30088,rating,score,0,0,"[""0"", ""1"", ""2"", ""3"", ""4""]","[0.9071509011599589, 0.0762293310246431, 0.011242304051113889, 0.00314636025516873, 0.0022311035091154567]",
d1-3b,ood_yelp_rating,30094,rating,score,1,1,"[""0"", ""1"", ""2"", ""3"", ""4""]","[0.12799047169677888, 0.7138735324850233, 0.14963602139464002, 0.006730458851046191, 0.001769515572511754]",
d1-3b,ood_yelp_rating,30201,rating,score,2,3,"[""0"", ""1"", ""2"", ""3"", ""4""]","[0.003566999861101453, 0.022899151728187413, 0.3526495781542169, 0.5724067656675054, 0.04847750458898892]",
d1-3b,ood_yelp_rating,30203,rating,score,0,0,"[""0"", ""1"", ""2"", ""3"", ""4""]","[0.9341545521925387, 0.050682434853717324, 0.00801912567598998, 0.004394118305722242, 0.0027497689720317963]",
d1-3b,ood_yelp_rating,30301,rating,score,4,4,"[""0"", ""1"", ""2"", ""3"", ""4""]","[0.003909645076101022, 0.0026248115329678273, 0.012137005563325351, 0.20052653788193986, 0.7808019999456659]",
d1-3b,ood_yelp_rating,30381,rating,score,2,2,"[""0"", ""1"", ""2"", ""3"", ""4""]","[0.003090482454235187, 0.08822494205537078, 0.8910403501229538, 0.016838024850603296, 0.0008062005168370617]",
d1-3b,ood_yelp_rating,30399,rating,score,1,1,"[""0"", ""1"", ""2"", ""3"", ""4""]","[0.05886665939199825, 0.6428425818062782, 0.2852596664821125, 0.011591532514553077, 0.0014395598050580517]",
d1-3b,ood_yelp_rating,30407,rating,score,2,3,"[""0"", ""1"", ""2"", ""3"", ""4""]","[0.0019949290080255736, 0.01922542198121883, 0.4585679423826753, 0.5036383569404275, 0.016573349687652828]",
d1-3b,ood_yelp_rating,30416,rating,score,4,4,"[""0"", ""1"", ""2"", ""3"", ""4""]","[0.005635813596121185, 0.007466239955178264, 0.08346722331957, 0.4305566987890855, 0.47287402434004505]",
d1-3b,ood_yelp_rating,30428,rating,score,0,0,"[""0"", ""1"", ""2"", ""3"", ""4""]","[0.8173493695488647, 0.15357539642540216, 0.023186416890650915, 0.0038147652459521023, 0.0020740518891300998]",
d1-3b,ood_yelp_rating,30461,rating,score,0,0,"[""0"", ""1"", ""2"", ""3"", ""4""]","[0.9501141434514921, 0.04109790423605588, 0.004720405129232605, 0.00244891392016344, 0.0016186332630559685]",
d1-3b,ood_yelp_rating,30514,rating,score,0,0,"[""0"", ""1"", ""2"", ""3"", ""4""]","[0.9597720380554721, 0.03109379544497782, 0.005278124339658023, 0.0024354542657345135, 0.0014205878941575916]",
d1-3b,ood_yelp_rating,30564,rating,score,1,1,"[""0"", ""1"", ""2"", ""3"", ""4""]","[0.05332274632861485, 0.4715619584391143, 0.46425106791060056, 0.00956024161732075, 0.0013039857043495643]",
d1-3b,ood_yelp_rating,30582,rating,score,2,1,"[""0"", ""1"", ""2"", ""3"", ""4""]","[0.12174020594660774, 0.5288153492874066, 0.3207427226694574, 0.026328165948947962, 0.0023735561475803353]",
d1-3b,ood_yelp_rating,30713,rating,score,3,2,"[""0"", ""1"", ""2"", ""3"", ""4""]","[0.004463761895902721, 0.0961879783729728, 0.6321437905266627, 0.2594312889101473, 0.007773180294314448]",
d1-3b,ood_yelp_rating,30731,rating,score,3,4,"[""0"", ""1"", ""2"", ""3"", ""4""]","[0.004587130322138926, 0.005077490413340268, 0.0442068443394125, 0.403355023763896, 0.5427735111612123]",
d1-3b,ood_yelp_rating,30741,rating,score,4,4,"[""0"", ""1"", ""2"", ""3"", ""4""]","[0.004340591474208607, 0.005573429776341963, 0.05899104325866108, 0.375759053644959, 0.5553358818458294]",
d1-3b,ood_yelp_rating,30743,rating,score,4,4,"[""0"", ""1"", ""2"", ""3"", ""4""]","[0.007371439764630261, 0.0024884886090969223, 0.006354578278699576, 0.07681216621679887, 0.9069733271307744]",
d1-3b,ood_yelp_rating,30789,rating,score,3,2,"[""0"", ""1"", ""2"", ""3"", ""4""]","[0.021778700204675407, 0.2571558798311589, 0.5529720387110143, 0.15842914162026434, 0.009664239632886975]",
d1-3b,ood_yelp_rating,30796,rating,score,2,1,"[""0"", ""1"", ""2"", ""3"", ""4""]","[0.06660564051952304, 0.5117579536312147, 0.38030621853057106, 0.03915543612031653, 0.002174751198374473]",
d1-3b,ood_yelp_rating,30820,rating,score,0,0,"[""0"", ""1"", ""2"", ""3"", ""4""]","[0.9369211553387539, 0.05163303252323554, 0.006513318840542218, 0.0028013435260971524, 0.002131149771371135]",
d1-3b,ood_yelp_rating,30829,rating,score,3,4,"[""0"", ""1"", ""2"", ""3"", ""4""]","[0.030322418600482574, 0.03153032643748727, 0.12277149050378647, 0.32599672220751513, 0.48937904225072865]",
d1-3b,ood_yelp_rating,30843,rating,score,1,1,"[""0"", ""1"", ""2"", ""3"", ""4""]","[0.18446659078369598, 0.5421774613532322, 0.24058979006208545, 0.02785028966788603, 0.0049158681331003705]",
d1-3b,ood_yelp_rating,30905,rating,score,0,1,"[""0"", ""1"", ""2"", ""3"", ""4""]","[0.060707583837233965, 0.5285466816172576, 0.3632644676160866, 0.0454678794233238, 0.0020133875060981805]",
d1-3b,ood_yelp_rating,30916,rating,score,1,0,"[""0"", ""1"", ""2"", ""3"", ""4""]","[0.7981111505169612, 0.17260364111534393, 0.02061456519204913, 0.005814605105953964, 0.0028560380696916665]",
d1-3b,ood_yelp_rating,30917,rating,score,1,0,"[""0"", ""1"", ""2"", ""3"", ""4""]","[0.6159527807020158, 0.3401614323274138, 0.03846438721819606, 0.0036913151578367607, 0.0017300845945376682]",
d1-3b,ood_yelp_rating,30958,rating,score,3,3,"[""0"", ""1"", ""2"", ""3"", ""4""]","[0.0015597622184850939, 0.0035149784191370083, 0.09500299197665482, 0.8668326061044078, 0.03308966128131524]",
d1-3b,ood_yelp_rating,30970,rating,score,0,0,"[""0"", ""1"", ""2"", ""3"", ""4""]","[0.9316382354719202, 0.05683029691810809, 0.006326562754890305, 0.003035517983505727, 0.002169386871575836]",
d1-3b,ood_yelp_rating,31003,rating,score,3,3,"[""0"", ""1"", ""2"", ""3"", ""4""]","[0.0018570942858597594, 0.0036077184141511346, 0.06914464081891669, 0.6821591949579406, 0.24323135152313188]",
d1-3b,ood_yelp_rating,31034,rating,score,3,4,"[""0"", ""1"", ""2"", ""3"", ""4""]","[0.003010034550574471, 0.004114229427969203, 0.04354637914190818, 0.4229542669699617, 0.5263750899095865]",
d1-3b,ood_yelp_rating,31053,rating,score,0,0,"[""0"", ""1"", ""2"", ""3"", ""4""]","[0.9000698873213202, 0.08503793175498522, 0.010316271570929843, 0.002754979255710167, 0.0018209300970546318]",
d1-3b,ood_yelp_rating,31080,rating,score,1,3,"[""0"", ""1"", ""2"", ""3"", ""4""]","[0.09498223329077057, 0.1578274513356175, 0.2622543557050386, 0.3018529131310296, 0.18308304653754362]",
d1-3b,ood_yelp_rating,31097,rating,score,4,4,"[""0"", ""1"", ""2"", ""3"", ""4""]","[0.005005912009465092, 0.002478106141539181, 0.00980109991732814, 0.13424709787549138, 0.8484677840561763]",
d1-3b,ood_yelp_rating,31145,rating,score,2,1,"[""0"", ""1"", ""2"", ""3"", ""4""]","[0.14830085966481496, 0.5957779591702053, 0.22613180696410265, 0.0265888790069909, 0.0032004951938862077]",
d1-3b,ood_yelp_rating,31152,rating,score,1,0,"[""0"", ""1"", ""2"", ""3"", ""4""]","[0.5721158402102551, 0.38711294141151403, 0.03435822678147194, 0.0045777906400085635, 0.0018352009567504854]",
d1-3b,ood_yelp_rating,31157,rating,score,1,2,"[""0"", ""1"", ""2"", ""3"", ""4""]","[0.004633919445274426, 0.13863444023724042, 0.7612528344619494, 0.09307476011713679, 0.0024040457383990342]",
d1-3b,ood_yelp_rating,31167,rating,score,4,4,"[""0"", ""1"", ""2"", ""3"", ""4""]","[0.01630009005274812, 0.004743596638674021, 0.011740514435834909, 0.10464206611595976, 0.8625737327567832]",
d1-3b,ood_yelp_rating,31181,rating,score,2,2,"[""0"", ""1"", ""2"", ""3"", ""4""]","[0.003428740340682527, 0.040802993389619895, 0.7120374056886044, 0.23850265589905922, 0.005228204682034]",
d1-3b,ood_yelp_rating,31380,rating,score,3,3,"[""0"", ""1"", ""2"", ""3"", ""4""]","[0.0027457682105193853, 0.004026402888706334, 0.05601871850613826, 0.5483621322216851, 0.388846978172951]",
d1-3b,ood_yelp_rating,31398,rating,score,3,4,"[""0"", ""1"", ""2"", ""3"", ""4""]","[0.002253269631886701, 0.0029388176221274236, 0.027450443682296273, 0.39403700693353844, 0.5733204621301511]",
d1-3b,ood_yelp_rating,31429,rating,score,3,3,"[""0"", ""1"", ""2"", ""3"", ""4""]","[0.0016356685256421644, 0.0029158944159346873, 0.07345985782360749, 0.6102853318679594, 0.3117032473668563]",
d1-3b,ood_yelp_rating,31431,rating,score,1,0,"[""0"", ""1"", ""2"", ""3"", ""4""]","[0.8378161823466513, 0.14111126936675042, 0.01646293060772147, 0.0028608283724547933, 0.0017487893064220272]",
d1-3b,ood_yelp_rating,31440,rating,score,2,3,"[""0"", ""1"", ""2"", ""3"", ""4""]","[0.001509045922262193, 0.008889893872211936, 0.45954074556798674, 0.5126547473939984, 0.01740556724354065]",
d1-3b,ood_yelp_rating,31526,rating,score,0,0,"[""0"", ""1"", ""2"", ""3"", ""4""]","[0.9388749895531426, 0.04975855152978752, 0.006681682578759541, 0.0027853396946324067, 0.0018994366436779183]",
d1-3b,ood_yelp_rating,31561,rating,score,4,4,"[""0"", ""1"", ""2"", ""3"", ""4""]","[0.003963247967727767, 0.003552632517729704, 0.020443988593392328, 0.27353754348737075, 0.6985025874337795]",
d1-3b,ood_yelp_rating,31639,rating,score,2,3,"[""0"", ""1"", ""2"", ""3"", ""4""]","[0.0016012626820088713, 0.004121037673978184, 0.1793864638192437, 0.7435362304222622, 0.07135500540250705]",
d1-3b,ood_yelp_rating,31653,rating,score,2,1,"[""0"", ""1"", ""2"", ""3"", ""4""]","[0.07190257015596171, 0.5396587580913502, 0.3430279773118, 0.04260086295996314, 0.0028098314809251027]",
d1-3b,ood_yelp_rating,31752,rating,score,0,0,"[""0"", ""1"", ""2"", ""3"", ""4""]","[0.8237150364987209, 0.14768396819280105, 0.019371920886150185, 0.006438284615645228, 0.002790789806682663]",
d1-3b,ood_yelp_rating,31779,rating,score,4,4,"[""0"", ""1"", ""2"", ""3"", ""4""]","[0.00749058480884661, 0.0034294396246696275, 0.011601644706430193, 0.13174053880272424, 0.8457377920573294]",
d1-3b,ood_yelp_rating,31780,rating,score,1,1,"[""0"", ""1"", ""2"", ""3"", ""4""]","[0.15559944031203568, 0.4573321877850829, 0.32429708178602357, 0.05769078842592667, 0.0050805016909312665]",
d1-3b,ood_yelp_rating,31792,rating,score,2,1,"[""0"", ""1"", ""2"", ""3"", ""4""]","[0.054154229712211586, 0.7022827364564325, 0.23523525098366732, 0.007271943457148532, 0.00105583939054014]",
d1-3b,ood_yelp_rating,31817,rating,score,4,3,"[""0"", ""1"", ""2"", ""3"", ""4""]","[0.008556021927818774, 0.04277741832292491, 0.3391094287875768, 0.5011712475088379, 0.10838588345284157]",
d1-3b,ood_yelp_rating,31829,rating,score,3,3,"[""0"", ""1"", ""2"", ""3"", ""4""]","[0.002911781772525035, 0.0068767089470012, 0.17055838749841695, 0.6436806298868878, 0.17597249189516903]",
d1-3b,ood_yelp_rating,31854,rating,score,3,3,"[""0"", ""1"", ""2"", ""3"", ""4""]","[0.00433093757015251, 0.008479564119488168, 0.07382678066932667, 0.4851868369010441, 0.4281758807399887]",
d1-3b,ood_yelp_rating,31899,rating,score,1,2,"[""0"", ""1"", ""2"", ""3"", ""4""]","[0.023884866683310944, 0.46136180664867243, 0.49111708673384463, 0.022437755765860677, 0.0011984841683112364]",
d1-3b,ood_yelp_rating,31951,rating,score,1,1,"[""0"", ""1"", ""2"", ""3"", ""4""]","[0.11315680869308171, 0.46537198071278263, 0.35681307467864715, 0.060568475067709016, 0.004089660847779596]",
d1-3b,ood_yelp_rating,32136,rating,score,0,0,"[""0"", ""1"", ""2"", ""3"", ""4""]","[0.6596867597174108, 0.2707349006906491, 0.056307492943375385, 0.009191945540538963, 0.004078901108025943]",
d1-3b,ood_yelp_rating,32215,rating,score,0,0,"[""0"", ""1"", ""2"", ""3"", ""4""]","[0.8986461980591474, 0.0816508236116074, 0.012919036308721175, 0.004097038544345758, 0.0026869034761784335]",
d1-3b,ood_yelp_rating,32231,rating,score,0,0,"[""0"", ""1"", ""2"", ""3"", ""4""]","[0.88017353852493, 0.10030786342017266, 0.013897119534102005, 0.003352836120817029, 0.002268642399978398]",
d1-3b,ood_yelp_rating,32284,rating,score,3,4,"[""0"", ""1"", ""2"", ""3"", ""4""]","[0.00447380208687222, 0.0038566584645849033, 0.02554460464371397, 0.2969462440056945, 0.6691786907991344]",
d1-3b,ood_yelp_rating,32332,rating,score,3,2,"[""0"", ""1"", ""2"", ""3"", ""4""]","[0.003594757564801513, 0.04661752540701348, 0.807173833491765, 0.13595025572867445, 0.006663627807745589]",
d1-3b,ood_yelp_rating,32358,rating,score,4,3,"[""0"", ""1"", ""2"", ""3"", ""4""]","[0.0018018274726897127, 0.003555475865829912, 0.10229531880994423, 0.6936214929235988, 0.19872588492793744]",
d1-3b,ood_yelp_rating,32384,rating,score,0,0,"[""0"", ""1"", ""2"", ""3"", ""4""]","[0.8707320877183614, 0.11070116215951538, 0.013429574643766587, 0.003291058804039481, 0.0018461166743170229]",
d1-3b,ood_yelp_rating,32394,rating,score,3,2,"[""0"", ""1"", ""2"", ""3"", ""4""]","[0.024410171651777134, 0.3449630867595233, 0.5019183295953001, 0.12300037650783785, 0.005708035485561748]",
d1-3b,ood_yelp_rating,32436,rating,score,1,0,"[""0"", ""1"", ""2"", ""3"", ""4""]","[0.6491306163258833, 0.2971936523013591, 0.04629384219391314, 0.0054859838808397204, 0.00189590529800455]",
d1-3b,ood_yelp_rating,32587,rating,score,4,3,"[""0"", ""1"", ""2"", ""3"", ""4""]","[0.0025426789859740212, 0.007357485601145194, 0.17686836301310976, 0.6571456898754938, 0.15608578252427718]",
d1-3b,ood_yelp_rating,32628,rating,score,2,2,"[""0"", ""1"", ""2"", ""3"", ""4""]","[0.0029778676740585645, 0.02149391772876588, 0.7401349236051596, 0.22928310325577125, 0.006110187736244694]",
d1-3b,ood_yelp_rating,32645,rating,score,0,0,"[""0"", ""1"", ""2"", ""3"", ""4""]","[0.8003357586009073, 0.17040131608525136, 0.023793354949026888, 0.003620433745541844, 0.0018491366192725477]",
d1-3b,ood_yelp_rating,32690,rating,score,2,1,"[""0"", ""1"", ""2"", ""3"", ""4""]","[0.3507001330869315, 0.4719186111134695, 0.15562224070240258, 0.018155872037711657, 0.0036031430594848732]",
d1-3b,ood_yelp_rating,32700,rating,score,4,4,"[""0"", ""1"", ""2"", ""3"", ""4""]","[0.004845885121082541, 0.004048888569560294, 0.02348248716213949, 0.24278891813298942, 0.7248338210142282]",
d1-3b,ood_yelp_rating,32704,rating,score,2,3,"[""0"", ""1"", ""2"", ""3"", ""4""]","[0.0018800230803288267, 0.007263389212178239, 0.26211518735475975, 0.6693345792273034, 0.05940682112542976]",
d1-3b,ood_yelp_rating,32727,rating,score,3,3,"[""0"", ""1"", ""2"", ""3"", ""4""]","[0.0015816456813768506, 0.0026904699352430805, 0.05797595615076124, 0.6041233358234573, 0.3336285924091615]",
d1-3b,ood_yelp_rating,32758,rating,score,2,2,"[""0"", ""1"", ""2"", ""3"", ""4""]","[0.005687828484698302, 0.1675264146375643, 0.6322380838503189, 0.18983229759438772, 0.004715375433030797]",
d1-3b,ood_yelp_rating,32769,rating,score,1,0,"[""0"", ""1"", ""2"", ""3"", ""4""]","[0.9267857440820955, 0.060180441684737074, 0.00730071589072789, 0.003558084757285373, 0.002175013585154242]",
d1-3b,ood_yelp_rating,32846,rating,score,4,3,"[""0"", ""1"", ""2"", ""3"", ""4""]","[0.0024186905933191024, 0.0048858893028512805, 0.07763173630558856, 0.5388710573491565, 0.37619262644908463]",
d1-3b,ood_yelp_rating,32866,rating,score,3,3,"[""0"", ""1"", ""2"", ""3"", ""4""]","[0.0030633052852268383, 0.006903265024112759, 0.1365061258423048, 0.5883411646224096, 0.265186139225946]",
d1-3b,ood_yelp_rating,32933,rating,score,3,3,"[""0"", ""1"", ""2"", ""3"", ""4""]","[0.002839180083535755, 0.006057685567094731, 0.10326157246129504, 0.6179007263067088, 0.2699408355813658]",
d1-3b,ood_yelp_rating,33049,rating,score,1,1,"[""0"", ""1"", ""2"", ""3"", ""4""]","[0.38689484946394276, 0.48908091654817043, 0.11171661585385209, 0.009915413338467807, 0.0023922047955669407]",
d1-3b,ood_yelp_rating,33194,rating,score,1,0,"[""0"", ""1"", ""2"", ""3"", ""4""]","[0.827634871343133, 0.15072350724391403, 0.016390421027335098, 0.003278290444210995, 0.001972909941406895]",
d1-3b,ood_yelp_rating,33208,rating,score,0,0,"[""0"", ""1"", ""2"", ""3"", ""4""]","[0.91123047285493, 0.07026654904938619, 0.009509543317658017, 0.005210799787848583, 0.0037826349901773954]",
d1-3b,ood_yelp_rating,33236,rating,score,0,0,"[""0"", ""1"", ""2"", ""3"", ""4""]","[0.6423994605386011, 0.2085565698935297, 0.09182621495995938, 0.045813798492442354, 0.011403956115467493]",
d1-3b,ood_yelp_rating,33339,rating,score,0,0,"[""0"", ""1"", ""2"", ""3"", ""4""]","[0.9389362248863855, 0.04899031173084681, 0.007571832096061341, 0.002785521360143037, 0.0017161099265633063]",
d1-3b,ood_yelp_rating,33367,rating,score,2,2,"[""0"", ""1"", ""2"", ""3"", ""4""]","[0.008843546780805516, 0.0752121671992762, 0.5428730591578439, 0.3560248442836551, 0.017046382578419412]",
d1-3b,ood_yelp_rating,33388,rating,score,3,3,"[""0"", ""1"", ""2"", ""3"", ""4""]","[0.0019579936893408543, 0.002739725741618197, 0.0501043495200678, 0.502098000666696, 0.4430999303822773]",
d1-3b,ood_yelp_rating,33419,rating,score,4,4,"[""0"", ""1"", ""2"", ""3"", ""4""]","[0.005560486841449019, 0.007195804629472056, 0.06264981107913661, 0.366202209511168, 0.5583916879387744]",
d1-3b,ood_yelp_rating,33436,rating,score,1,0,"[""0"", ""1"", ""2"", ""3"", ""4""]","[0.6213194316159057, 0.322336274810291, 0.05021030740020684, 0.00431930855321084, 0.0018146776203857226]",
d1-3b,ood_yelp_rating,33452,rating,score,4,4,"[""0"", ""1"", ""2"", ""3"", ""4""]","[0.0048297116833551975, 0.005825744328444965, 0.02867531858045289, 0.243876456926379, 0.7167927684813681]",
d1-3b,ood_yelp_rating,33497,rating,score,0,0,"[""0"", ""1"", ""2"", ""3"", ""4""]","[0.96906210083873, 0.023330609185906914, 0.003720390728789414, 0.002274229235441977, 0.0016126700111317835]",
d1-3b,ood_yelp_rating,33505,rating,score,0,0,"[""0"", ""1"", ""2"", ""3"", ""4""]","[0.9577657394100748, 0.032772941385994236, 0.004332590873292688, 0.0031451236859374007, 0.001983604644700605]",
d1-3b,ood_yelp_rating,33551,rating,score,0,0,"[""0"", ""1"", ""2"", ""3"", ""4""]","[0.9309987618885847, 0.05859403780141608, 0.006175766148217821, 0.002475817011993236, 0.0017556171497880902]",
d1-3b,ood_yelp_rating,33571,rating,score,0,0,"[""0"", ""1"", ""2"", ""3"", ""4""]","[0.9542011271786772, 0.03642478590472934, 0.005086039708401928, 0.0025976948987013514, 0.0016903523094901724]",
d1-3b,ood_yelp_rating,33582,rating,score,4,4,"[""0"", ""1"", ""2"", ""3"", ""4""]","[0.004447224196439513, 0.0025738559019742742, 0.014355815557917371, 0.15076429024876087, 0.827858814094908]",
d1-3b,ood_yelp_rating,33683,rating,score,0,0,"[""0"", ""1"", ""2"", ""3"", ""4""]","[0.9002292075645132, 0.0805265469608683, 0.013043297574009113, 0.0038255869480309976, 0.002375360952578355]",
d1-3b,ood_yelp_rating,33745,rating,score,2,3,"[""0"", ""1"", ""2"", ""3"", ""4""]","[0.0030151181857040067, 0.007010359815730185, 0.164619875070729, 0.6823304209062793, 0.14302422602155762]",
d1-3b,ood_yelp_rating,33829,rating,score,0,0,"[""0"", ""1"", ""2"", ""3"", ""4""]","[0.893981292053313, 0.08851613473969575, 0.011253563666442035, 0.0035968549867251677, 0.0026521545538240334]",
d1-3b,ood_yelp_rating,33847,rating,score,0,1,"[""0"", ""1"", ""2"", ""3"", ""4""]","[0.0842891218742055, 0.5496341175531543, 0.30353678811191903, 0.05793100978284705, 0.004608962677874153]",
d1-3b,ood_yelp_rating,33860,rating,score,3,3,"[""0"", ""1"", ""2"", ""3"", ""4""]","[0.0017346514750745082, 0.002927778704856434, 0.08358018866372455, 0.6522931088119472, 0.2594642723443973]",
d1-3b,ood_yelp_rating,33958,rating,score,0,0,"[""0"", ""1"", ""2"", ""3"", ""4""]","[0.9389869826577981, 0.047858039390538856, 0.00757224142026518, 0.0031813372145637194, 0.0024013993168340952]",
d1-3b,ood_yelp_rating,33982,rating,score,0,0,"[""0"", ""1"", ""2"", ""3"", ""4""]","[0.8684787342841241, 0.10701757783627489, 0.016800868807653052, 0.0050445356089838635, 0.0026582834629640534]",
d1-3b,ood_yelp_rating,33990,rating,score,4,4,"[""0"", ""1"", ""2"", ""3"", ""4""]","[0.003043058235737845, 0.004094882438470116, 0.04471741434162537, 0.3544883592500335, 0.5936562857341332]",
d1-3b,ood_yelp_rating,34025,rating,score,2,2,"[""0"", ""1"", ""2"", ""3"", ""4""]","[0.02763235701177152, 0.22249951938799226, 0.5014104070790603, 0.22249951938799226, 0.025958197133183706]",
d1-3b,ood_yelp_rating,34224,rating,score,1,0,"[""0"", ""1"", ""2"", ""3"", ""4""]","[0.9036134695290206, 0.07834241782611262, 0.012203394991270074, 0.0036356092043967098, 0.002205108449200059]",
d1-3b,ood_yelp_rating,34382,rating,score,2,3,"[""0"", ""1"", ""2"", ""3"", ""4""]","[0.0038350149008294677, 0.007868939650843274, 0.15081415546432295, 0.5964815557638689, 0.2410003342201355]",
d1-3b,ood_yelp_rating,34407,rating,score,1,0,"[""0"", ""1"", ""2"", ""3"", ""4""]","[0.4150830544547841, 0.37793742191435387, 0.1664035947840788, 0.03460864932875068, 0.00596727951803263]",
d1-3b,ood_yelp_rating,34429,rating,score,2,4,"[""0"", ""1"", ""2"", ""3"", ""4""]","[0.005296698080309481, 0.0035560348669065834, 0.020304319013337967, 0.23237062596609867, 0.7384723220733473]",
d1-3b,ood_yelp_rating,34503,rating,score,2,2,"[""0"", ""1"", ""2"", ""3"", ""4""]","[0.0022023581746373395, 0.02259330636467936, 0.4755769430134243, 0.4755769430134243, 0.024050449433834786]",
d1-3b,ood_yelp_rating,34545,rating,score,2,2,"[""0"", ""1"", ""2"", ""3"", ""4""]","[0.0037579235363881273, 0.13882880479653947, 0.7388659819008947, 0.1169055745580944, 0.0016417152080833832]",
d1-3b,ood_yelp_rating,34584,rating,score,4,3,"[""0"", ""1"", ""2"", ""3"", ""4""]","[0.0028374440510433555, 0.004751824572983215, 0.06559691483692337, 0.4923321867178483, 0.4344816298212018]",
d1-3b,ood_yelp_rating,34638,rating,score,0,0,"[""0"", ""1"", ""2"", ""3"", ""4""]","[0.5220596616066394, 0.4129831840793242, 0.059495868645836496, 0.003863339155124485, 0.0015979465130754992]",
d1-3b,ood_yelp_rating,34677,rating,score,2,2,"[""0"", ""1"", ""2"", ""3"", ""4""]","[0.025154680501238393, 0.4528989275782035, 0.49741216222049106, 0.022548509871068278, 0.0019857198289988985]",
d1-3b,ood_yelp_rating,34685,rating,score,2,1,"[""0"", ""1"", ""2"", ""3"", ""4""]","[0.05664957572315344, 0.529143413427843, 0.3752188658577118, 0.0365757150884193, 0.002412429902872483]",
d1-3b,ood_yelp_rating,34745,rating,score,2,2,"[""0"", ""1"", ""2"", ""3"", ""4""]","[0.0012711746549172007, 0.017824366008504237, 0.838931365606242, 0.13910845742485684, 0.0028646363054796575]",
d1-3b,ood_yelp_rating,34779,rating,score,4,4,"[""0"", ""1"", ""2"", ""3"", ""4""]","[0.2923850085355073, 0.07808195312207729, 0.08119238452754866, 0.1787313706785772, 0.36960928313628955]",
d1-3b,ood_yelp_rating,34792,rating,score,3,3,"[""0"", ""1"", ""2"", ""3"", ""4""]","[0.002068959683877277, 0.0031058763465318397, 0.06046386493356368, 0.5781644898909801, 0.35619680914504714]",
d1-3b,ood_yelp_rating,34799,rating,score,2,2,"[""0"", ""1"", ""2"", ""3"", ""4""]","[0.026552526761064888, 0.17045987180964675, 0.5333217566632974, 0.2558905753515085, 0.013775269414482465]",
d1-3b,ood_yelp_rating,34881,rating,score,3,4,"[""0"", ""1"", ""2"", ""3"", ""4""]","[0.002888438191019267, 0.002777783861621405, 0.024952298387975212, 0.3695471871743733, 0.5998342923850108]",
d1-3b,ood_yelp_rating,34882,rating,score,2,3,"[""0"", ""1"", ""2"", ""3"", ""4""]","[0.0038996860826998503, 0.00504656875693042, 0.0460462376651257, 0.4835760331554123, 0.46143147433983167]",
d1-3b,ood_yelp_rating,34931,rating,score,3,3,"[""0"", ""1"", ""2"", ""3"", ""4""]","[0.0058367102623472665, 0.01959167687629472, 0.20414996103047542, 0.5725527247830954, 0.1978689270477873]",
d1-3b,ood_yelp_rating,35078,rating,score,1,2,"[""0"", ""1"", ""2"", ""3"", ""4""]","[0.008000960880330485, 0.18788153749403608, 0.7910108183759995, 0.012295694303995278, 0.0008109889456386565]",
d1-3b,ood_yelp_rating,35083,rating,score,3,2,"[""0"", ""1"", ""2"", ""3"", ""4""]","[0.017622044273360598, 0.2267477426781389, 0.6068084263007628, 0.14639934593099124, 0.0024224408167464843]",
d1-3b,ood_yelp_rating,35166,rating,score,3,4,"[""0"", ""1"", ""2"", ""3"", ""4""]","[0.004558284490301266, 0.005762211514298336, 0.03421182499773387, 0.2842229156321723, 0.6712447633654943]",
d1-3b,ood_yelp_rating,35175,rating,score,3,2,"[""0"", ""1"", ""2"", ""3"", ""4""]","[0.00294549924931096, 0.05386755384186936, 0.6261896791991992, 0.30998636948830416, 0.007010898221316397]",
d1-3b,ood_yelp_rating,35218,rating,score,0,1,"[""0"", ""1"", ""2"", ""3"", ""4""]","[0.3066813683203982, 0.35298809120501445, 0.1494645618726353, 0.14040896185084656, 0.0504570167511056]",
d1-3b,ood_yelp_rating,35242,rating,score,3,3,"[""0"", ""1"", ""2"", ""3"", ""4""]","[0.0020043870907069865, 0.0038938594939904366, 0.0900194558973996, 0.5824325143909128, 0.3216497831269903]",
d1-3b,ood_yelp_rating,35272,rating,score,2,4,"[""0"", ""1"", ""2"", ""3"", ""4""]","[0.02333236598059797, 0.03502602983155177, 0.1645091998115106, 0.38249534931821005, 0.39463705505812957]",
d1-3b,ood_yelp_rating,35370,rating,score,0,0,"[""0"", ""1"", ""2"", ""3"", ""4""]","[0.9194930922833282, 0.06455854790594799, 0.008944242521036302, 0.00403148595590181, 0.0029726313337857116]",
d1-3b,ood_yelp_rating,35458,rating,score,4,4,"[""0"", ""1"", ""2"", ""3"", ""4""]","[0.005445177692342522, 0.0024929840083289774, 0.009631537687857775, 0.12886854965249628, 0.8535617509589746]",
d1-3b,ood_yelp_rating,35498,rating,score,1,0,"[""0"", ""1"", ""2"", ""3"", ""4""]","[0.9077925060459918, 0.0799441555197867, 0.007553064197641129, 0.002957822438447348, 0.0017524517981330028]",
d1-3b,ood_yelp_rating,35518,rating,score,4,4,"[""0"", ""1"", ""2"", ""3"", ""4""]","[0.00455257840343639, 0.0034634190106451624, 0.0170475458428428, 0.2093104914424318, 0.7656259653006439]",
d1-3b,ood_yelp_rating,35569,rating,score,3,3,"[""0"", ""1"", ""2"", ""3"", ""4""]","[0.004529485450058496, 0.009366793662557849, 0.11060008369897512, 0.5886288480285279, 0.2868747891598806]",
d1-3b,ood_yelp_rating,35587,rating,score,3,4,"[""0"", ""1"", ""2"", ""3"", ""4""]","[0.005732440671667513, 0.004001888546114421, 0.020968396722632628, 0.21849571125667663, 0.7508015628029089]",
d1-3b,ood_yelp_rating,35642,rating,score,4,4,"[""0"", ""1"", ""2"", ""3"", ""4""]","[0.003757733053387977, 0.005136212110173546, 0.04797551920509541, 0.2961906587134386, 0.6469398769179046]",
d1-3b,ood_yelp_rating,35661,rating,score,0,0,"[""0"", ""1"", ""2"", ""3"", ""4""]","[0.8726893646057184, 0.10586923148924093, 0.016620587991058776, 0.0031229159581526167, 0.0016978999558292336]",
d1-3b,ood_yelp_rating,35712,rating,score,1,2,"[""0"", ""1"", ""2"", ""3"", ""4""]","[0.01262998156794932, 0.383805524227175, 0.5944496247062055, 0.00841338152479226, 0.0007014879738778721]",
d1-3b,ood_yelp_rating,35874,rating,score,4,4,"[""0"", ""1"", ""2"", ""3"", ""4""]","[0.008715864632747329, 0.003867641485812446, 0.01026979832105056, 0.10869897734899661, 0.8684477182113931]",
d1-3b,ood_yelp_rating,35901,rating,score,4,4,"[""0"", ""1"", ""2"", ""3"", ""4""]","[0.0030945704893396565, 0.005473737310303465, 0.05659378201877299, 0.43824324970799283, 0.49659466047359097]",
d1-3b,ood_yelp_rating,35940,rating,score,1,1,"[""0"", ""1"", ""2"", ""3"", ""4""]","[0.02337911381724968, 0.8911101561500901, 0.07606061223767058, 0.007590086985421796, 0.0018600308095679133]",
d1-3b,ood_yelp_rating,35956,rating,score,4,4,"[""0"", ""1"", ""2"", ""3"", ""4""]","[0.004406049488526211, 0.005398404680541226, 0.039270691621594446, 0.355527812261572, 0.5953970419477662]",
d1-3b,ood_yelp_rating,36078,rating,score,2,3,"[""0"", ""1"", ""2"", ""3"", ""4""]","[0.004329516105930961, 0.008476781027648365, 0.14792505819076995, 0.6083608942525883, 0.2309077504230623]",
d1-3b,ood_yelp_rating,36086,rating,score,2,1,"[""0"", ""1"", ""2"", ""3"", ""4""]","[0.03875472973211364, 0.6453241869503625, 0.29545094194401816, 0.018740562754600343, 0.0017295786189052674]",
d1-3b,ood_yelp_rating,36095,rating,score,0,0,"[""0"", ""1"", ""2"", ""3"", ""4""]","[0.956689219560683, 0.032736104902422895, 0.005823585249098018, 0.0028604489678048396, 0.0018906413199913613]",
d1-3b,ood_yelp_rating,36235,rating,score,2,3,"[""0"", ""1"", ""2"", ""3"", ""4""]","[0.0011360002691732385, 0.005252812026204888, 0.2779701009166742, 0.6988167567172313, 0.01682433007071646]",
d1-3b,ood_yelp_rating,36240,rating,score,2,3,"[""0"", ""1"", ""2"", ""3"", ""4""]","[0.001706902935597783, 0.004392915280207254, 0.13349387272932225, 0.7330255658305109, 0.12738074322436174]",
d1-3b,ood_yelp_rating,36349,rating,score,3,4,"[""0"", ""1"", ""2"", ""3"", ""4""]","[0.00392767972251078, 0.00216907075021219, 0.009203753133215638, 0.14970607176101525, 0.8349934246330462]",
d1-3b,ood_yelp_rating,36385,rating,score,1,2,"[""0"", ""1"", ""2"", ""3"", ""4""]","[0.006397939332523471, 0.05526976197366852, 0.5162550669931721, 0.40205985043886305, 0.020017381261772826]",
d1-3b,ood_yelp_rating,36402,rating,score,2,3,"[""0"", ""1"", ""2"", ""3"", ""4""]","[0.001841973898354919, 0.009354315311394428, 0.23937354161790503, 0.6819117614661969, 0.06751840770614867]",
d1-3b,ood_yelp_rating,36403,rating,score,1,1,"[""0"", ""1"", ""2"", ""3"", ""4""]","[0.4421501236906747, 0.4932541067510917, 0.057546134818699655, 0.004835693107590138, 0.0022139416319438172]",
d1-3b,ood_yelp_rating,36510,rating,score,1,1,"[""0"", ""1"", ""2"", ""3"", ""4""]","[0.03590331345399749, 0.4803810235169933, 0.45838277484501644, 0.024104344356443198, 0.001228543827549717]",
d1-3b,ood_yelp_rating,36565,rating,score,1,0,"[""0"", ""1"", ""2"", ""3"", ""4""]","[0.9350649357108243, 0.055718012387356915, 0.005560099350152167, 0.002229000941600056, 0.0014279516100666034]",
d1-3b,ood_yelp_rating,36661,rating,score,0,0,"[""0"", ""1"", ""2"", ""3"", ""4""]","[0.9637508752227109, 0.028207357072664935, 0.003907978892321696, 0.0024265192741467273, 0.0017072695381555906]",
d1-3b,ood_yelp_rating,36740,rating,score,4,4,"[""0"", ""1"", ""2"", ""3"", ""4""]","[0.005568690807201021, 0.004303150731846816, 0.022024599388702555, 0.21559679700266557, 0.752506762069584]",
d1-3b,ood_yelp_rating,36766,rating,score,3,4,"[""0"", ""1"", ""2"", ""3"", ""4""]","[0.014275518601075015, 0.023720949057962397, 0.08952192650910076, 0.36530535183148705, 0.5071762540003748]",
d1-3b,ood_yelp_rating,36815,rating,score,0,0,"[""0"", ""1"", ""2"", ""3"", ""4""]","[0.9763382779285046, 0.017197200734850548, 0.0030832881928759435, 0.002255781830454688, 0.0011254513133142601]",
d1-3b,ood_yelp_rating,36831,rating,score,1,1,"[""0"", ""1"", ""2"", ""3"", ""4""]","[0.0875627072260367, 0.6623490552056135, 0.2361678286659523, 0.012226493440253054, 0.001693915462144516]",
d1-3b,ood_yelp_rating,36834,rating,score,4,4,"[""0"", ""1"", ""2"", ""3"", ""4""]","[0.006261082847635426, 0.0035121491691709693, 0.013675462232389054, 0.16922482377149817, 0.8073264819793063]",
d1-3b,ood_yelp_rating,36867,rating,score,2,2,"[""0"", ""1"", ""2"", ""3"", ""4""]","[0.003961284407009837, 0.1130839901046372, 0.6714105634451741, 0.20799328964990113, 0.003550872393277776]",
d1-3b,ood_yelp_rating,37010,rating,score,3,3,"[""0"", ""1"", ""2"", ""3"", ""4""]","[0.0017944061657269893, 0.004727630569497762, 0.1360196200374229, 0.680055314906082, 0.17740302832127036]",
d1-3b,ood_yelp_rating,37018,rating,score,4,4,"[""0"", ""1"", ""2"", ""3"", ""4""]","[0.0035916768926836, 0.003295907984945061, 0.020189884153015453, 0.2831018408214626, 0.6898206901478933]",
d1-3b,ood_yelp_rating,37021,rating,score,3,3,"[""0"", ""1"", ""2"", ""3"", ""4""]","[0.0034719306964172904, 0.03167882054208186, 0.4407425137536416, 0.48406095355754214, 0.040045781450317154]",
d1-3b,ood_yelp_rating,37040,rating,score,4,4,"[""0"", ""1"", ""2"", ""3"", ""4""]","[0.006795337263758468, 0.003111132103838462, 0.00988715737820371, 0.13755848614877095, 0.8426478871054284]",
d1-3b,ood_yelp_rating,37080,rating,score,0,1,"[""0"", ""1"", ""2"", ""3"", ""4""]","[0.42999485226154915, 0.47225695664771833, 0.0880439161479312, 0.006896132430468035, 0.002808142512333352]",
d1-3b,ood_yelp_rating,37096,rating,score,4,3,"[""0"", ""1"", ""2"", ""3"", ""4""]","[0.0032190720974618254, 0.00796727995844275, 0.16002709578267496, 0.6134465575125954, 0.2153399946488252]",
d1-3b,ood_yelp_rating,37105,rating,score,3,3,"[""0"", ""1"", ""2"", ""3"", ""4""]","[0.001734485943894952, 0.005058265224752449, 0.17417944894645077, 0.6676980721486603, 0.15132972773624162]",
d1-3b,ood_yelp_rating,37122,rating,score,0,0,"[""0"", ""1"", ""2"", ""3"", ""4""]","[0.9647728494873723, 0.028017524362748562, 0.0037039235788026096, 0.002077712823250255, 0.0014279897478264225]",
d1-3b,ood_yelp_rating,37138,rating,score,2,3,"[""0"", ""1"", ""2"", ""3"", ""4""]","[0.003311255614372459, 0.00706490773884468, 0.21807247401442703, 0.6717105087444777, 0.09984085388787811]",
d1-3b,ood_yelp_rating,37143,rating,score,2,3,"[""0"", ""1"", ""2"", ""3"", ""4""]","[0.0014270790958659998, 0.006547395028938016, 0.2656533504357877, 0.6783695951719239, 0.04800258026748447]",
d1-3b,ood_yelp_rating,37195,rating,score,4,4,"[""0"", ""1"", ""2"", ""3"", ""4""]","[0.0052377504387729115, 0.003984670407645975, 0.022224707058145478, 0.22098163545521274, 0.747571236640223]",
d1-3b,ood_yelp_rating,37207,rating,score,4,4,"[""0"", ""1"", ""2"", ""3"", ""4""]","[0.003413699667626932, 0.0029198920595355977, 0.02042703257119467, 0.25876534565092324, 0.7144740300507195]",
d1-3b,ood_yelp_rating,37249,rating,score,2,1,"[""0"", ""1"", ""2"", ""3"", ""4""]","[0.09583585106621147, 0.6249282500456607, 0.26050885246819006, 0.016916032539804532, 0.00181101388013339]",
d1-3b,ood_yelp_rating,37309,rating,score,1,1,"[""0"", ""1"", ""2"", ""3"", ""4""]","[0.1479622798766071, 0.6735635677487464, 0.1650638511286481, 0.011232736037961648, 0.002177565208036879]",
d1-3b,ood_yelp_rating,37358,rating,score,4,4,"[""0"", ""1"", ""2"", ""3"", ""4""]","[0.0061857372994552915, 0.003389504367453353, 0.017348329275785928, 0.19394191488302964, 0.7791345141742758]",
d1-3b,ood_yelp_rating,37375,rating,score,0,0,"[""0"", ""1"", ""2"", ""3"", ""4""]","[0.47109880316250885, 0.19485493237864993, 0.08059550229676714, 0.1163531944840188, 0.13709756767805528]",
d1-3b,ood_yelp_rating,37397,rating,score,4,4,"[""0"", ""1"", ""2"", ""3"", ""4""]","[0.005510426986274881, 0.003264819941540225, 0.01792738824676099, 0.18680767527269643, 0.7864896895527275]",
d1-3b,ood_yelp_rating,37408,rating,score,0,0,"[""0"", ""1"", ""2"", ""3"", ""4""]","[0.9477261744639083, 0.04164018202058658, 0.005591530907341057, 0.003063906130131304, 0.0019782064780326618]",
d1-3b,ood_yelp_rating,37413,rating,score,0,0,"[""0"", ""1"", ""2"", ""3"", ""4""]","[0.9579116645002029, 0.033818418005137955, 0.004367237095101384, 0.0022834628062675544, 0.001619217593290174]",
d1-3b,ood_yelp_rating,37508,rating,score,3,3,"[""0"", ""1"", ""2"", ""3"", ""4""]","[0.0040930771636818524, 0.007767295621471873, 0.0976287529499579, 0.5277760520726975, 0.36273482219219083]",
d1-3b,ood_yelp_rating,37589,rating,score,2,3,"[""0"", ""1"", ""2"", ""3"", ""4""]","[0.0018990126920861827, 0.0036891519779644667, 0.10531534293079109, 0.7140990051278371, 0.1749974872713213]",
d1-3b,ood_yelp_rating,37598,rating,score,4,3,"[""0"", ""1"", ""2"", ""3"", ""4""]","[0.002634078918505114, 0.004309065521885073, 0.09505646318299597, 0.5688026653180749, 0.32919772705853895]",
d1-3b,ood_yelp_rating,37600,rating,score,4,2,"[""0"", ""1"", ""2"", ""3"", ""4""]","[0.04306038916144281, 0.12956284196185874, 0.3749025140162013, 0.34672814515965533, 0.10574610970084174]",
d1-3b,ood_yelp_rating,37624,rating,score,3,4,"[""0"", ""1"", ""2"", ""3"", ""4""]","[0.003613540117231161, 0.003239156426529715, 0.02567776477912038, 0.31038483590657573, 0.6570847027705431]",
d1-3b,ood_yelp_rating,37625,rating,score,3,4,"[""0"", ""1"", ""2"", ""3"", ""4""]","[0.0029728783204297517, 0.004497821259466351, 0.031221067738525725, 0.36293295308776624, 0.5983752795938119]",
d1-3b,ood_yelp_rating,37646,rating,score,3,3,"[""0"", ""1"", ""2"", ""3"", ""4""]","[0.003280439606741926, 0.004699012780077242, 0.07013889145651021, 0.5182602036889616, 0.4036214524677091]",
d1-3b,ood_yelp_rating,37691,rating,score,3,3,"[""0"", ""1"", ""2"", ""3"", ""4""]","[0.003256847805951128, 0.013819384727536818, 0.3677201904474518, 0.569536172384527, 0.045667404634533185]",
d1-3b,ood_yelp_rating,37750,rating,score,1,2,"[""0"", ""1"", ""2"", ""3"", ""4""]","[0.043817177959291596, 0.40293527106722166, 0.4637756541655988, 0.08578986975047828, 0.0036820270574096712]",
d1-3b,ood_yelp_rating,37773,rating,score,3,3,"[""0"", ""1"", ""2"", ""3"", ""4""]","[0.006638437727851098, 0.059167751415066215, 0.4011916141118772, 0.5071537204828139, 0.025848476262391635]",
d1-3b,ood_yelp_rating,37798,rating,score,3,4,"[""0"", ""1"", ""2"", ""3"", ""4""]","[0.0038930359152525287, 0.004111865400121551, 0.023662151634914853, 0.26042483913894554, 0.7079081079107655]",
d1-3b,ood_yelp_rating,37892,rating,score,3,4,"[""0"", ""1"", ""2"", ""3"", ""4""]","[0.005285159958660963, 0.002699395571126608, 0.010187412457524421, 0.12705122929568508, 0.854776802717003]",
d1-3b,ood_yelp_rating,37926,rating,score,2,2,"[""0"", ""1"", ""2"", ""3"", ""4""]","[0.009959603968994982, 0.30265689635806997, 0.6019051102147781, 0.08339074305474044, 0.0020876464034166177]",
d1-3b,ood_yelp_rating,37955,rating,score,1,1,"[""0"", ""1"", ""2"", ""3"", ""4""]","[0.010631296835599477, 0.8058738226066202, 0.17428243668985974, 0.007421841319179674, 0.00179060254874075]",
d1-3b,ood_yelp_rating,38036,rating,score,0,0,"[""0"", ""1"", ""2"", ""3"", ""4""]","[0.8865116396652152, 0.09490906810185568, 0.014329126090074761, 0.003027105115303583, 0.00122306102755078]",
d1-3b,ood_yelp_rating,38040,rating,score,2,3,"[""0"", ""1"", ""2"", ""3"", ""4""]","[0.0016241545506238838, 0.00392670206296348, 0.1544198055808768, 0.7252742823931304, 0.11475505541240542]",
d1-3b,ood_yelp_rating,38051,rating,score,0,0,"[""0"", ""1"", ""2"", ""3"", ""4""]","[0.7817492391127681, 0.16644401772867196, 0.043419516242003776, 0.006403511572036255, 0.001983715344520029]",
d1-3b,ood_yelp_rating,38060,rating,score,2,2,"[""0"", ""1"", ""2"", ""3"", ""4""]","[0.020012070731727886, 0.4626452807120329, 0.4924833377624567, 0.02357998191358579, 0.0012793288801967154]",
d1-3b,ood_yelp_rating,38140,rating,score,1,0,"[""0"", ""1"", ""2"", ""3"", ""4""]","[0.9224452891240441, 0.06476582465741969, 0.008429315469303221, 0.002550789877206901, 0.0018087808720261458]",
d1-3b,ood_yelp_rating,38146,rating,score,0,0,"[""0"", ""1"", ""2"", ""3"", ""4""]","[0.4433657012318277, 0.3733513525368277, 0.15084758258398676, 0.027471385623743384, 0.0049639780236143075]",
d1-3b,ood_yelp_rating,38200,rating,score,2,2,"[""0"", ""1"", ""2"", ""3"", ""4""]","[0.0025227546719481177, 0.026083134775636074, 0.553342095770824, 0.4048337254200244, 0.013218289361567496]",
d1-3b,ood_yelp_rating,38246,rating,score,4,4,"[""0"", ""1"", ""2"", ""3"", ""4""]","[0.005288779130212848, 0.003258322299956464, 0.012011925296089378, 0.16324872058838658, 0.8161922526853547]",
d1-3b,ood_yelp_rating,38254,rating,score,2,2,"[""0"", ""1"", ""2"", ""3"", ""4""]","[0.019369109169622728, 0.28021424916216553, 0.5749623073137285, 0.12051864679562643, 0.00493568755885659]",
d1-3b,ood_yelp_rating,38510,rating,score,3,3,"[""0"", ""1"", ""2"", ""3"", ""4""]","[0.002724013619189923, 0.004456188873132991, 0.09453606368331562, 0.6310713230808079, 0.26721241074355345]",
d1-3b,ood_yelp_rating,38563,rating,score,1,1,"[""0"", ""1"", ""2"", ""3"", ""4""]","[0.23757183307045038, 0.6662866829344909, 0.09017209695172249, 0.004631913347703757, 0.001337473695632581]",
d1-3b,ood_yelp_rating,38599,rating,score,4,4,"[""0"", ""1"", ""2"", ""3"", ""4""]","[0.008566410953656765, 0.00420767968906694, 0.013904657459187508, 0.14602624312976764, 0.8272950087683212]",
d1-3b,ood_yelp_rating,38702,rating,score,3,3,"[""0"", ""1"", ""2"", ""3"", ""4""]","[0.0016128544950086722, 0.004594594883989346, 0.19384678662849505, 0.7430906832404252, 0.056855080752081774]",
d1-3b,ood_yelp_rating,38742,rating,score,1,0,"[""0"", ""1"", ""2"", ""3"", ""4""]","[0.7546722971793035, 0.2031172932728751, 0.03502181354701275, 0.004967149386900067, 0.002221446613908801]",
d1-3b,ood_yelp_rating,38812,rating,score,4,4,"[""0"", ""1"", ""2"", ""3"", ""4""]","[0.0038452779929849146, 0.0024826980698763124, 0.011390542436050446, 0.2083112593240619, 0.7739702221770265]",
d1-3b,ood_yelp_rating,38838,rating,score,4,3,"[""0"", ""1"", ""2"", ""3"", ""4""]","[0.002524561808372006, 0.0035324970710357098, 0.06261500879192897, 0.5624585859714548, 0.36886934635720847]",
d1-3b,ood_yelp_rating,38849,rating,score,2,3,"[""0"", ""1"", ""2"", ""3"", ""4""]","[0.027441427410569836, 0.052894735758483885, 0.29502314793579343, 0.4428822001673651, 0.18175848872778766]",
d1-3b,ood_yelp_rating,38964,rating,score,4,4,"[""0"", ""1"", ""2"", ""3"", ""4""]","[0.003367402087377887, 0.003114337824133209, 0.017782308403380083, 0.2654241342434406, 0.7103118174416683]",
d1-3b,ood_yelp_rating,39018,rating,score,4,4,"[""0"", ""1"", ""2"", ""3"", ""4""]","[0.005621657671856935, 0.0029393517969639707, 0.01327657998748742, 0.16950400923062175, 0.80865840131307]",
d1-3b,ood_yelp_rating,39074,rating,score,4,4,"[""0"", ""1"", ""2"", ""3"", ""4""]","[0.004625479180111614, 0.002740505718344748, 0.018437607638590113, 0.2143301261887928, 0.7598662812741608]",
d1-3b,ood_yelp_rating,39122,rating,score,0,0,"[""0"", ""1"", ""2"", ""3"", ""4""]","[0.47324360949268796, 0.42421282987635295, 0.09539706249747602, 0.005257261619599564, 0.0018892365138833938]",
d1-3b,ood_yelp_rating,39133,rating,score,0,0,"[""0"", ""1"", ""2"", ""3"", ""4""]","[0.9329204413149574, 0.05387989621465592, 0.008071343307017802, 0.0030875639840211777, 0.0020407551793477268]",
d1-3b,ood_yelp_rating,39138,rating,score,0,0,"[""0"", ""1"", ""2"", ""3"", ""4""]","[0.8392633421977433, 0.1287052020168988, 0.025343556936641753, 0.0044734035232642765, 0.002214495325451948]",
d1-3b,ood_yelp_rating,39146,rating,score,4,4,"[""0"", ""1"", ""2"", ""3"", ""4""]","[0.0301885520507167, 0.03846121309315357, 0.14068527190467403, 0.37065632343342875, 0.420008639518027]",
d1-3b,ood_yelp_rating,39258,rating,score,0,1,"[""0"", ""1"", ""2"", ""3"", ""4""]","[0.2740947272876554, 0.5283314149718705, 0.18258645131018655, 0.013021460012998221, 0.001965946417289392]",
d1-3b,ood_yelp_rating,39321,rating,score,4,4,"[""0"", ""1"", ""2"", ""3"", ""4""]","[0.003230178253658681, 0.004051551210005043, 0.045293445116456985, 0.43310267413330605, 0.5143221512865732]",
d1-3b,ood_yelp_rating,39383,rating,score,2,3,"[""0"", ""1"", ""2"", ""3"", ""4""]","[0.001262602525488801, 0.007614467736430654, 0.2879718082080584, 0.6695545142796986, 0.03359660725032366]",
d1-3b,ood_yelp_rating,39477,rating,score,1,2,"[""0"", ""1"", ""2"", ""3"", ""4""]","[0.0021653028345179487, 0.08785478043641143, 0.8735455100759756, 0.034946217229595185, 0.0014881894234998888]",
d1-3b,ood_yelp_rating,39640,rating,score,4,4,"[""0"", ""1"", ""2"", ""3"", ""4""]","[0.004229132659072907, 0.0028615742970366817, 0.01571313405900326, 0.1899354783578177, 0.7872606806270694]",
d1-3b,ood_yelp_rating,39668,rating,score,4,3,"[""0"", ""1"", ""2"", ""3"", ""4""]","[0.002069279407214548, 0.003746980944319421, 0.09149304278145783, 0.6252414744352415, 0.2774492224317667]",
d1-3b,ood_yelp_rating,39682,rating,score,0,0,"[""0"", ""1"", ""2"", ""3"", ""4""]","[0.5127439045679765, 0.418489378280579, 0.06220289295255685, 0.004685459590421926, 0.0018783646084657925]",
d1-3b,ood_yelp_rating,39765,rating,score,2,2,"[""0"", ""1"", ""2"", ""3"", ""4""]","[0.0028840936410125394, 0.03352648381152887, 0.7630592544052192, 0.1929315934588868, 0.007598574683352643]",
d1-3b,ood_yelp_rating,39770,rating,score,2,2,"[""0"", ""1"", ""2"", ""3"", ""4""]","[0.005958641716864868, 0.17413703648436388, 0.7446896506279814, 0.07259111672970202, 0.0026235544410878322]",
d1-3b,ood_yelp_rating,39823,rating,score,1,2,"[""0"", ""1"", ""2"", ""3"", ""4""]","[0.02789005973545826, 0.38803007265425393, 0.5558274161515709, 0.02620028643813764, 0.0020521650205792027]",
d1-3b,ood_yelp_rating,39917,rating,score,1,2,"[""0"", ""1"", ""2"", ""3"", ""4""]","[0.004843175116875612, 0.13400579181643738, 0.7244284662327607, 0.13400579181643738, 0.0027167750174889012]",
d1-3b,ood_yelp_rating,39921,rating,score,4,4,"[""0"", ""1"", ""2"", ""3"", ""4""]","[0.004203901579180958, 0.0021138544646940914, 0.0048010062987237185, 0.06679565553381865, 0.9220855821235826]",
d1-3b,ood_yelp_rating,39923,rating,score,3,3,"[""0"", ""1"", ""2"", ""3"", ""4""]","[0.0028134132784260225, 0.004190566535113724, 0.06110070692257251, 0.5662784600103495, 0.36561685325353815]",
d1-3b,ood_yelp_rating,39973,rating,score,0,0,"[""0"", ""1"", ""2"", ""3"", ""4""]","[0.9363561537798764, 0.053657481542084745, 0.006408472290287901, 0.0024900639933291384, 0.0010878283944218792]",
d1-3b,ood_yelp_rating,39997,rating,score,4,4,"[""0"", ""1"", ""2"", ""3"", ""4""]","[0.006151810064352995, 0.0024090834354475936, 0.005645218241726895, 0.06562349963344388, 0.9201703886250286]",
d1-3b,ood_yelp_rating,40007,rating,score,0,0,"[""0"", ""1"", ""2"", ""3"", ""4""]","[0.969546796360368, 0.021087991222098625, 0.004185039917254198, 0.0032339481946910774, 0.0019462243055881792]",
d1-3b,ood_yelp_rating,40030,rating,score,3,4,"[""0"", ""1"", ""2"", ""3"", ""4""]","[0.004740423296668034, 0.005456193769314594, 0.05056774562560898, 0.4040097190855462, 0.5352259182228621]",
d1-3b,ood_yelp_rating,40100,rating,score,2,2,"[""0"", ""1"", ""2"", ""3"", ""4""]","[0.0015519077307958296, 0.019054388989519, 0.5612183066193349, 0.410596084373674, 0.007579312286676253]",
d1-3b,ood_yelp_rating,40224,rating,score,2,2,"[""0"", ""1"", ""2"", ""3"", ""4""]","[0.00576590828905, 0.10879470800924487, 0.8165496293641474, 0.06650487103447544, 0.0023848833030823266]",
d1-3b,ood_yelp_rating,40272,rating,score,4,4,"[""0"", ""1"", ""2"", ""3"", ""4""]","[0.0033124141744907726, 0.00396444068224158, 0.030223349303320747, 0.3458879163487952, 0.6166118794911517]",
d1-3b,ood_yelp_rating,40440,rating,score,0,0,"[""0"", ""1"", ""2"", ""3"", ""4""]","[0.9699759621876205, 0.022283216904572318, 0.0037531060980125724, 0.002423187421709353, 0.001564527388085247]",
d1-3b,ood_yelp_rating,40486,rating,score,4,3,"[""0"", ""1"", ""2"", ""3"", ""4""]","[0.0017939311005368114, 0.008761322443298088, 0.33920235862979364, 0.60469358424084, 0.045548803585531476]",
d1-3b,ood_yelp_rating,40494,rating,score,2,2,"[""0"", ""1"", ""2"", ""3"", ""4""]","[0.04646164326643978, 0.45837590291432423, 0.4803738217954614, 0.013521109031468054, 0.001267522992306379]",
d1-3b,ood_yelp_rating,40581,rating,score,3,3,"[""0"", ""1"", ""2"", ""3"", ""4""]","[0.001979613960907942, 0.004223711975493032, 0.10808326004535876, 0.68846491375694, 0.19724850026130036]",
d1-3b,ood_yelp_rating,40661,rating,score,1,2,"[""0"", ""1"", ""2"", ""3"", ""4""]","[0.018758619446523114, 0.1685050720623397, 0.6163659430863573, 0.18798099186168044, 0.008389373543099548]",
d1-3b,ood_yelp_rating,40721,rating,score,0,0,"[""0"", ""1"", ""2"", ""3"", ""4""]","[0.7887027145550208, 0.17598336300816314, 0.026157591706636944, 0.005882324236984622, 0.0032740064931944795]",
d1-3b,ood_yelp_rating,40819,rating,score,3,4,"[""0"", ""1"", ""2"", ""3"", ""4""]","[0.004062891186317792, 0.0037283185272666353, 0.02112236295749351, 0.24940606094027817, 0.721680366388644]",
d1-3b,ood_yelp_rating,40899,rating,score,2,3,"[""0"", ""1"", ""2"", ""3"", ""4""]","[0.002007121909118809, 0.011021267441284304, 0.4200827895935246, 0.5393969789511742, 0.02749184210489818]",
d1-3b,ood_yelp_rating,40924,rating,score,3,4,"[""0"", ""1"", ""2"", ""3"", ""4""]","[0.003701349280545656, 0.0038487942737162086, 0.03430392995622582, 0.3688020032936235, 0.5893439231958888]",
d1-3b,ood_yelp_rating,40926,rating,score,4,3,"[""0"", ""1"", ""2"", ""3"", ""4""]","[0.005428057018989917, 0.01633228373934613, 0.18837906698003248, 0.5283221586087591, 0.26153843365287244]",
d1-3b,ood_yelp_rating,40953,rating,score,4,3,"[""0"", ""1"", ""2"", ""3"", ""4""]","[0.008739487770655207, 0.013535983453733257, 0.13778080881346372, 0.4624791988462279, 0.37746452111591994]",
d1-3b,ood_yelp_rating,40981,rating,score,2,1,"[""0"", ""1"", ""2"", ""3"", ""4""]","[0.07166503666403433, 0.6000440054708414, 0.30647248967265645, 0.01928838294966793, 0.0025300852427998974]",
d1-3b,ood_yelp_rating,40988,rating,score,0,0,"[""0"", ""1"", ""2"", ""3"", ""4""]","[0.6723786946696166, 0.2891864730579629, 0.03120284309589326, 0.005173938594133856, 0.002058050582393255]",
d1-3b,ood_yelp_rating,40989,rating,score,3,4,"[""0"", ""1"", ""2"", ""3"", ""4""]","[0.0024414093140891005, 0.002723588903205396, 0.049421619013190275, 0.46162965649681953, 0.48378372627269584]",
d1-3b,ood_yelp_rating,41057,rating,score,2,3,"[""0"", ""1"", ""2"", ""3"", ""4""]","[0.003022850210031453, 0.020982739359012705, 0.4021500044695842, 0.5327621966440503, 0.041082209317321296]",
d1-3b,ood_yelp_rating,41135,rating,score,3,3,"[""0"", ""1"", ""2"", ""3"", ""4""]","[0.0023205285005623195, 0.003650703766330858, 0.04517505083200091, 0.47442685845055294, 0.47442685845055294]",
d1-3b,ood_yelp_rating,41167,rating,score,4,4,"[""0"", ""1"", ""2"", ""3"", ""4""]","[0.0032448707088424847, 0.003481238099287137, 0.031027937433398947, 0.28310716649899725, 0.6791387872594742]",
d1-3b,ood_yelp_rating,41171,rating,score,2,0,"[""0"", ""1"", ""2"", ""3"", ""4""]","[0.7959938743866791, 0.12792785731731307, 0.05902900836737637, 0.012568001123168663, 0.0044812588054626065]",
d1-3b,ood_yelp_rating,41228,rating,score,1,0,"[""0"", ""1"", ""2"", ""3"", ""4""]","[0.7964111644931028, 0.17770335067734352, 0.01902474672270872, 0.004345661933281238, 0.0025150761735636684]",
d1-3b,ood_yelp_rating,41334,rating,score,4,4,"[""0"", ""1"", ""2"", ""3"", ""4""]","[0.004673813083700445, 0.004936530441501631, 0.037634182432922665, 0.29601577436173043, 0.6567396996801449]",
d1-3b,ood_yelp_rating,41343,rating,score,0,0,"[""0"", ""1"", ""2"", ""3"", ""4""]","[0.7859392347204589, 0.18961666469599972, 0.018483519180422042, 0.003966233801905549, 0.001994347601213852]",
d1-3b,ood_yelp_rating,41365,rating,score,2,4,"[""0"", ""1"", ""2"", ""3"", ""4""]","[0.002725788371548912, 0.0038741264182303226, 0.04036932429535023, 0.3598078708610057, 0.5932228900538649]",
d1-3b,ood_yelp_rating,41399,rating,score,0,0,"[""0"", ""1"", ""2"", ""3"", ""4""]","[0.824282644088393, 0.14101813311526218, 0.027552023626358432, 0.004604405146363774, 0.0025427940236226144]",
d1-3b,ood_yelp_rating,41431,rating,score,1,1,"[""0"", ""1"", ""2"", ""3"", ""4""]","[0.4198340722309804, 0.49856529665937516, 0.07410511565521866, 0.005625779785982426, 0.0018697356684433935]",
d1-3b,ood_yelp_rating,41446,rating,score,1,1,"[""0"", ""1"", ""2"", ""3"", ""4""]","[0.11996896049477916, 0.6796704489360551, 0.1887376672232025, 0.01000272991040842, 0.0016201934355548544]",
d1-3b,ood_yelp_rating,41468,rating,score,0,0,"[""0"", ""1"", ""2"", ""3"", ""4""]","[0.9323182871058936, 0.05599006510486681, 0.00711833796401963, 0.00270181634216023, 0.0018714934830596894]",
d1-3b,ood_yelp_rating,41538,rating,score,2,2,"[""0"", ""1"", ""2"", ""3"", ""4""]","[0.007954628230667572, 0.22531601471604662, 0.7160528138868404, 0.049110183995918204, 0.0015663591705273258]",
d1-3b,ood_yelp_rating,41600,rating,score,0,0,"[""0"", ""1"", ""2"", ""3"", ""4""]","[0.9483079448041212, 0.04101977575059698, 0.00643976330654277, 0.0024442584531960093, 0.001788257685543144]",
d1-3b,ood_yelp_rating,41628,rating,score,0,0,"[""0"", ""1"", ""2"", ""3"", ""4""]","[0.9578640401503111, 0.03252123782283526, 0.004796233140294843, 0.002954873518453014, 0.0018636153681057103]",
d1-3b,ood_yelp_rating,41633,rating,score,2,2,"[""0"", ""1"", ""2"", ""3"", ""4""]","[0.004809576834425103, 0.12022429270311442, 0.6601612372424341, 0.21100020478835899, 0.0038046884316675095]",
d1-3b,ood_yelp_rating,41657,rating,score,3,3,"[""0"", ""1"", ""2"", ""3"", ""4""]","[0.002552221788338995, 0.0042079023499788214, 0.08857408047325137, 0.6443320954557663, 0.2603336999326645]",
d1-3b,ood_yelp_rating,41665,rating,score,4,4,"[""0"", ""1"", ""2"", ""3"", ""4""]","[0.0056028427771173325, 0.00347888419136575, 0.013232145148237598, 0.15262159272706569, 0.8250645351562137]",
d1-3b,ood_yelp_rating,41711,rating,score,2,3,"[""0"", ""1"", ""2"", ""3"", ""4""]","[0.0023554372533379823, 0.010806673721278177, 0.27870778864596185, 0.6087537779411377, 0.09937632243828423]",
d1-3b,ood_yelp_rating,41749,rating,score,2,3,"[""0"", ""1"", ""2"", ""3"", ""4""]","[0.006140143129363329, 0.014388230598686526, 0.1354493883535377, 0.5315437735256626, 0.31247846439274984]",
d1-3b,ood_yelp_rating,41756,rating,score,1,0,"[""0"", ""1"", ""2"", ""3"", ""4""]","[0.535781207974408, 0.3799257670084303, 0.07365196948262054, 0.007762860470922302, 0.0028781950636189205]",
d1-3b,ood_yelp_rating,41798,rating,score,4,4,"[""0"", ""1"", ""2"", ""3"", ""4""]","[0.009079691767127212, 0.00274759984153985, 0.006853710919681171, 0.07661958674446932, 0.9046994107271824]",
d1-3b,ood_yelp_rating,41847,rating,score,1,0,"[""0"", ""1"", ""2"", ""3"", ""4""]","[0.7963397645854995, 0.1776874192045254, 0.021555929611894377, 0.0030812594776215983, 0.0013356271204591535]",
d1-3b,ood_yelp_rating,41848,rating,score,0,1,"[""0"", ""1"", ""2"", ""3"", ""4""]","[0.2325875169989523, 0.5579484482139392, 0.1675265039692719, 0.03539087687040257, 0.006546653947434103]",
d1-3b,ood_yelp_rating,41876,rating,score,4,4,"[""0"", ""1"", ""2"", ""3"", ""4""]","[0.005403409526024295, 0.004274448755673954, 0.021877695511459086, 0.22095689738372765, 0.747487548823115]",
d1-3b,ood_yelp_rating,41897,rating,score,3,3,"[""0"", ""1"", ""2"", ""3"", ""4""]","[0.0015392862863589643, 0.002347131298875401, 0.06100808269443169, 0.6507944573149332, 0.28431104240540067]",
d1-3b,ood_yelp_rating,42037,rating,score,0,0,"[""0"", ""1"", ""2"", ""3"", ""4""]","[0.9293169554372642, 0.059409245344233474, 0.0073206554021861435, 0.0022678332489750167, 0.001685310567341188]",
d1-3b,ood_yelp_rating,42075,rating,score,0,0,"[""0"", ""1"", ""2"", ""3"", ""4""]","[0.9436001913887686, 0.046613493083218355, 0.005395903477303114, 0.002568835158298059, 0.0018215768924117065]",
d1-3b,ood_yelp_rating,42129,rating,score,1,1,"[""0"", ""1"", ""2"", ""3"", ""4""]","[0.05354876572999376, 0.593978276830671, 0.3280259587233469, 0.022148731975612207, 0.00229826674037618]",
d1-3b,ood_yelp_rating,42161,rating,score,1,1,"[""0"", ""1"", ""2"", ""3"", ""4""]","[0.3712723335119812, 0.5318230631273895, 0.08681772847506457, 0.007826855601735674, 0.002260019283829119]",
d1-3b,ood_yelp_rating,42212,rating,score,0,0,"[""0"", ""1"", ""2"", ""3"", ""4""]","[0.9441771199106862, 0.04450610076284898, 0.006214444096886155, 0.0031005011991557772, 0.0020018340304228397]",
d1-3b,ood_yelp_rating,42255,rating,score,0,0,"[""0"", ""1"", ""2"", ""3"", ""4""]","[0.7402210578526855, 0.2222546659704081, 0.03007889816976392, 0.00479649943948262, 0.0026488785676598305]",
d1-3b,ood_yelp_rating,42256,rating,score,0,0,"[""0"", ""1"", ""2"", ""3"", ""4""]","[0.40362968185252424, 0.3973719836534367, 0.16055279487654095, 0.03236444127243619, 0.006081098345061958]",
d1-3b,ood_yelp_rating,42266,rating,score,3,4,"[""0"", ""1"", ""2"", ""3"", ""4""]","[0.006812935054909758, 0.010388485395013126, 0.09404966739035885, 0.39596388960144535, 0.49278502255827294]",
d1-3b,ood_yelp_rating,42386,rating,score,2,2,"[""0"", ""1"", ""2"", ""3"", ""4""]","[0.028215189517432127, 0.3081188139921015, 0.5847067668426638, 0.0766968369517639, 0.002262392696038735]",
d1-3b,ood_yelp_rating,42398,rating,score,1,1,"[""0"", ""1"", ""2"", ""3"", ""4""]","[0.212214282034806, 0.7067814736459448, 0.07507848465992524, 0.004438910788790613, 0.0014868488705332807]",
d1-3b,ood_yelp_rating,42490,rating,score,4,4,"[""0"", ""1"", ""2"", ""3"", ""4""]","[0.0026316217345212344, 0.003249619086268433, 0.0338618084615459, 0.38752787637865244, 0.572729074339012]",
d1-3b,ood_yelp_rating,42570,rating,score,4,4,"[""0"", ""1"", ""2"", ""3"", ""4""]","[0.002690697494603689, 0.004266261648750968, 0.04143705180330307, 0.3840366349979966, 0.5675693540553456]",
d1-3b,ood_yelp_rating,42575,rating,score,4,4,"[""0"", ""1"", ""2"", ""3"", ""4""]","[0.003766928314946694, 0.003856258445625726, 0.02495027636233319, 0.28778031639918455, 0.6796462204779098]",
d1-3b,ood_yelp_rating,42682,rating,score,1,1,"[""0"", ""1"", ""2"", ""3"", ""4""]","[0.41199167369042655, 0.52900778048223, 0.054465400107985125, 0.003322410719148339, 0.0012127350002099921]",
d1-3b,ood_yelp_rating,42707,rating,score,4,4,"[""0"", ""1"", ""2"", ""3"", ""4""]","[0.005574647324152786, 0.0028250937647329817, 0.01286057660766777, 0.14489966756745118, 0.8338400147359952]",
d1-3b,ood_yelp_rating,42768,rating,score,2,1,"[""0"", ""1"", ""2"", ""3"", ""4""]","[0.39614266503323664, 0.5330682216733946, 0.066202081934494, 0.0035085818047880593, 0.0010784495540866227]",
d1-3b,ood_yelp_rating,42794,rating,score,2,3,"[""0"", ""1"", ""2"", ""3"", ""4""]","[0.004242984648307544, 0.01731402640902745, 0.2928445575960472, 0.5644726588233763, 0.12112577252324164]",
d1-3b,ood_yelp_rating,42848,rating,score,0,0,"[""0"", ""1"", ""2"", ""3"", ""4""]","[0.9614281455092315, 0.03066455203357885, 0.004417647570664279, 0.0022040461506694156, 0.0012856087358558196]",
d1-3b,ood_yelp_rating,42872,rating,score,1,0,"[""0"", ""1"", ""2"", ""3"", ""4""]","[0.5953730209226467, 0.333973996458135, 0.06226351592250615, 0.00597524818999928, 0.0024142185067129863]",
d1-3b,ood_yelp_rating,42879,rating,score,3,3,"[""0"", ""1"", ""2"", ""3"", ""4""]","[0.003359738511768921, 0.011818612828173102, 0.14285971675769518, 0.6762417612340117, 0.1657201706683511]",
d1-3b,ood_yelp_rating,42888,rating,score,2,2,"[""0"", ""1"", ""2"", ""3"", ""4""]","[0.0013451223230423787, 0.03208407995065722, 0.8739712281862725, 0.09068776524082307, 0.0019118042992048586]",
d1-3b,ood_yelp_rating,42962,rating,score,4,4,"[""0"", ""1"", ""2"", ""3"", ""4""]","[0.014296647401266316, 0.016455340291594973, 0.12643300489638806, 0.40495464059965436, 0.43786036681109614]",
d1-3b,ood_yelp_rating,43063,rating,score,4,4,"[""0"", ""1"", ""2"", ""3"", ""4""]","[0.00699325214087412, 0.006367428534008993, 0.04250548830804262, 0.2996928761947357, 0.6444409548223387]",
d1-3b,ood_yelp_rating,43088,rating,score,1,1,"[""0"", ""1"", ""2"", ""3"", ""4""]","[0.2645692408569992, 0.6248289905753917, 0.10360680336521014, 0.0052806040639085975, 0.0017143611384904547]",
d1-3b,ood_yelp_rating,43163,rating,score,0,0,"[""0"", ""1"", ""2"", ""3"", ""4""]","[0.802363908678113, 0.17352336456855258, 0.01993047079594108, 0.0027829172734311104, 0.0013993386839619537]",
d1-3b,ood_yelp_rating,43178,rating,score,0,0,"[""0"", ""1"", ""2"", ""3"", ""4""]","[0.9349292814890392, 0.052745100770651955, 0.006250480817924185, 0.0038810117954262814, 0.002194125126958175]",
d1-3b,ood_yelp_rating,43350,rating,score,0,0,"[""0"", ""1"", ""2"", ""3"", ""4""]","[0.9018077026779214, 0.08003998380655702, 0.011712437453473817, 0.0037435198582346702, 0.0026963562038130515]",
d1-3b,ood_yelp_rating,43355,rating,score,2,1,"[""0"", ""1"", ""2"", ""3"", ""4""]","[0.20079278492891103, 0.5544066570907717, 0.19159781385768448, 0.04844351381285, 0.004759230309782876]",
d1-3b,ood_yelp_rating,43356,rating,score,4,4,"[""0"", ""1"", ""2"", ""3"", ""4""]","[0.003991585921228759, 0.0027433742090335125, 0.016415912288458297, 0.23380820111933953, 0.7430409264619399]",
d1-3b,ood_yelp_rating,43398,rating,score,3,3,"[""0"", ""1"", ""2"", ""3"", ""4""]","[0.0034471075843060983, 0.005465595042005932, 0.15122752609129125, 0.5319757991803934, 0.3078839721020033]",
d1-3b,ood_yelp_rating,43406,rating,score,3,4,"[""0"", ""1"", ""2"", ""3"", ""4""]","[0.010164686942847573, 0.006877771221168859, 0.023633605217029896, 0.18882008850866108, 0.7705038481102926]",
d1-3b,ood_yelp_rating,43482,rating,score,0,2,"[""0"", ""1"", ""2"", ""3"", ""4""]","[0.07919042459047775, 0.37779638628789536, 0.47017519937665286, 0.06880183319605435, 0.004036156548919657]",
d1-3b,ood_yelp_rating,43543,rating,score,2,2,"[""0"", ""1"", ""2"", ""3"", ""4""]","[0.005334897503303254, 0.25109520561237114, 0.7153036747401382, 0.026465239962745805, 0.001800982181441681]",
d1-3b,ood_yelp_rating,43557,rating,score,2,4,"[""0"", ""1"", ""2"", ""3"", ""4""]","[0.003838274518591774, 0.005541196330042307, 0.06004071536479069, 0.4471237587462411, 0.483456055040334]",
d1-3b,ood_yelp_rating,43629,rating,score,2,3,"[""0"", ""1"", ""2"", ""3"", ""4""]","[0.004119610114898534, 0.009283684703679249, 0.14983108005678633, 0.5654565888088036, 0.2713090363158324]",
d1-3b,ood_yelp_rating,43641,rating,score,0,0,"[""0"", ""1"", ""2"", ""3"", ""4""]","[0.6811584948826938, 0.27094612964383646, 0.04122758278889207, 0.00444840238681187, 0.0022193902977658874]",
d1-3b,ood_yelp_rating,43652,rating,score,1,1,"[""0"", ""1"", ""2"", ""3"", ""4""]","[0.25127662700992814, 0.6620257363923724, 0.08094273520786585, 0.00442598092521201, 0.0013289204646217483]",
d1-3b,ood_yelp_rating,43661,rating,score,4,4,"[""0"", ""1"", ""2"", ""3"", ""4""]","[0.005840547951019193, 0.005886355936337958, 0.030364134315858823, 0.2880868852885774, 0.6698220765082066]",
d1-3b,ood_yelp_rating,43701,rating,score,0,0,"[""0"", ""1"", ""2"", ""3"", ""4""]","[0.9674096751701857, 0.02659895851762762, 0.003079052936489322, 0.0018969494846924775, 0.0010153638910048578]",
d1-3b,ood_yelp_rating,43703,rating,score,0,0,"[""0"", ""1"", ""2"", ""3"", ""4""]","[0.8874949207843609, 0.09957417046460408, 0.010014437464791895, 0.002034556376397082, 0.0008819149098460844]",
d1-3b,ood_yelp_rating,43773,rating,score,3,4,"[""0"", ""1"", ""2"", ""3"", ""4""]","[0.0026969441696384293, 0.0026344695252376793, 0.022405508482596176, 0.28605435437665677, 0.686208723445871]",
d1-3b,ood_yelp_rating,43829,rating,score,1,0,"[""0"", ""1"", ""2"", ""3"", ""4""]","[0.676011300918796, 0.2862411946189269, 0.03236725595929387, 0.0037176241438460792, 0.0016626243591370022]",
d1-3b,ood_yelp_rating,43868,rating,score,2,2,"[""0"", ""1"", ""2"", ""3"", ""4""]","[0.026429111941017117, 0.1806102017777082, 0.6710483074746777, 0.11937605394686061, 0.002536324859736486]",
d1-3b,ood_yelp_rating,43910,rating,score,2,2,"[""0"", ""1"", ""2"", ""3"", ""4""]","[0.001810596482090152, 0.06741340188021654, 0.8085308530195183, 0.1201773825320205, 0.0020677660861545227]",
d1-3b,ood_yelp_rating,43974,rating,score,1,2,"[""0"", ""1"", ""2"", ""3"", ""4""]","[0.050357007911820836, 0.35228844759633865, 0.41186692245729833, 0.16382934281299874, 0.021658279221543356]",
d1-3b,ood_yelp_rating,43987,rating,score,3,4,"[""0"", ""1"", ""2"", ""3"", ""4""]","[0.0034022705611339832, 0.004472200282916588, 0.03629320453425519, 0.3608655750965605, 0.5949667495251337]",
d1-3b,ood_yelp_rating,44001,rating,score,3,4,"[""0"", ""1"", ""2"", ""3"", ""4""]","[0.00311539491747001, 0.0036422656651169095, 0.03297438089637288, 0.3803315694631459, 0.5799363890578942]",
d1-3b,ood_yelp_rating,44063,rating,score,4,4,"[""0"", ""1"", ""2"", ""3"", ""4""]","[0.004718814931215065, 0.004164339560667236, 0.018957178911675678, 0.2439272912431706, 0.7282323753532715]",
d1-3b,ood_yelp_rating,44104,rating,score,4,4,"[""0"", ""1"", ""2"", ""3"", ""4""]","[0.005244624869652302, 0.005411107134069603, 0.028131535806964796, 0.2954364391513493, 0.665776293037964]",
d1-3b,ood_yelp_rating,44175,rating,score,4,3,"[""0"", ""1"", ""2"", ""3"", ""4""]","[0.0029481082602596897, 0.0072398551329983666, 0.11961624941277423, 0.6027341357575227, 0.2674616514364451]",
d1-3b,ood_yelp_rating,44200,rating,score,4,4,"[""0"", ""1"", ""2"", ""3"", ""4""]","[0.0062975531475576805, 0.004002968331062643, 0.020328750577697507, 0.20055703470787317, 0.7688136932358091]",
d1-3b,ood_yelp_rating,44261,rating,score,2,2,"[""0"", ""1"", ""2"", ""3"", ""4""]","[0.00825417915341876, 0.051762043832835676, 0.9175041803307002, 0.021243099986773817, 0.0012364966962714824]",
d1-3b,ood_yelp_rating,44305,rating,score,4,3,"[""0"", ""1"", ""2"", ""3"", ""4""]","[0.01079591122512608, 0.015464428826912947, 0.1649644460473234, 0.5325117548526983, 0.27626345904793925]",
d1-3b,ood_yelp_rating,44339,rating,score,0,1,"[""0"", ""1"", ""2"", ""3"", ""4""]","[0.16058007435288757, 0.6060228694863178, 0.20618889688271497, 0.024243965081257788, 0.0029641941968218694]",
d1-3b,ood_yelp_rating,44419,rating,score,3,4,"[""0"", ""1"", ""2"", ""3"", ""4""]","[0.0028582982005982355, 0.00350206016175578, 0.042998443311170975, 0.43088938635301927, 0.5197518119734558]",
d1-3b,ood_yelp_rating,44462,rating,score,4,3,"[""0"", ""1"", ""2"", ""3"", ""4""]","[0.0026578906836681195, 0.011635902159387014, 0.2392556946541868, 0.6402814415783825, 0.1061690709243756]",
d1-3b,ood_yelp_rating,44518,rating,score,3,3,"[""0"", ""1"", ""2"", ""3"", ""4""]","[0.001388046699467099, 0.00744531523193321, 0.3531737009788638, 0.6007687028709199, 0.037224234218815995]",
d1-3b,ood_yelp_rating,44566,rating,score,0,0,"[""0"", ""1"", ""2"", ""3"", ""4""]","[0.8129512122856887, 0.15515445401146852, 0.02474153965012348, 0.0043331557979854095, 0.0028196382547338744]",
d1-3b,ood_yelp_rating,44685,rating,score,3,3,"[""0"", ""1"", ""2"", ""3"", ""4""]","[0.0036200329871491905, 0.007370021609365972, 0.10016267740438373, 0.5500012980245199, 0.3388459699745812]",
d1-3b,ood_yelp_rating,44706,rating,score,2,2,"[""0"", ""1"", ""2"", ""3"", ""4""]","[0.003047669957146625, 0.017954034451083307, 0.49290420764605847, 0.46304065137843325, 0.023053436567278308]",
d1-3b,ood_yelp_rating,44718,rating,score,4,3,"[""0"", ""1"", ""2"", ""3"", ""4""]","[0.002620977559461358, 0.0059994773822821855, 0.1313164241851261, 0.6313891313996775, 0.22867398947345294]",
d1-3b,ood_yelp_rating,44749,rating,score,2,3,"[""0"", ""1"", ""2"", ""3"", ""4""]","[0.013603892006534338, 0.02058203131220969, 0.17919613437718038, 0.47211893215612166, 0.3144990101479539]",
d1-3b,ood_yelp_rating,44968,rating,score,0,0,"[""0"", ""1"", ""2"", ""3"", ""4""]","[0.9140172904794234, 0.0732891069456109, 0.008158819493929716, 0.0027976701699523447, 0.0017371129110837305]",
d1-3b,ood_yelp_rating,44996,rating,score,2,3,"[""0"", ""1"", ""2"", ""3"", ""4""]","[0.0023137175481921244, 0.0034733014188167315, 0.050248493137414224, 0.5487294742721753, 0.3952350136234016]",
d1-3b,ood_yelp_rating,45042,rating,score,1,1,"[""0"", ""1"", ""2"", ""3"", ""4""]","[0.1725958673222067, 0.6024187699950825, 0.2081903560890959, 0.014847445565939308, 0.0019475610276757044]",
d1-3b,ood_yelp_rating,45073,rating,score,2,2,"[""0"", ""1"", ""2"", ""3"", ""4""]","[0.002410109489179373, 0.11343553224014427, 0.8381815113344824, 0.04477039869709222, 0.001202448239101805]",
d1-3b,ood_yelp_rating,45088,rating,score,2,2,"[""0"", ""1"", ""2"", ""3"", ""4""]","[0.005123976524719479, 0.1342301417587629, 0.7604655432010596, 0.09820486958643423, 0.0019754689290236616]",
d1-3b,ood_yelp_rating,45141,rating,score,3,3,"[""0"", ""1"", ""2"", ""3"", ""4""]","[0.0025600946812760015, 0.005679818299410539, 0.15715486849400004, 0.7043192564799758, 0.13028596204533763]",
d1-3b,ood_yelp_rating,45175,rating,score,4,4,"[""0"", ""1"", ""2"", ""3"", ""4""]","[0.007494150690457819, 0.0028223230101737415, 0.009473494138052107, 0.09346250205532042, 0.8867475301059959]",
d1-3b,ood_yelp_rating,45184,rating,score,4,4,"[""0"", ""1"", ""2"", ""3"", ""4""]","[0.003804092164188786, 0.003745115181684053, 0.024421218684563952, 0.2816780839553107, 0.6863514900142526]",
d1-3b,ood_yelp_rating,45206,rating,score,2,2,"[""0"", ""1"", ""2"", ""3"", ""4""]","[0.003264843131159971, 0.08097570860967689, 0.7988807743031009, 0.11508968753190696, 0.0017889864241553352]",
d1-3b,ood_yelp_rating,45209,rating,score,2,3,"[""0"", ""1"", ""2"", ""3"", ""4""]","[0.004770138744296929, 0.010666018976468402, 0.23164079892179582, 0.6199029238421525, 0.1330201195152863]",
d1-3b,ood_yelp_rating,45265,rating,score,2,1,"[""0"", ""1"", ""2"", ""3"", ""4""]","[0.06877499237204739, 0.4627052285330502, 0.39577275514645754, 0.06877499237204739, 0.003972031576397461]",
d1-3b,ood_yelp_rating,45286,rating,score,1,2,"[""0"", ""1"", ""2"", ""3"", ""4""]","[0.014789928786413815, 0.41892690839295615, 0.5379127981109728, 0.027202842233702135, 0.0011675224759550285]",
d1-3b,ood_yelp_rating,45425,rating,score,0,0,"[""0"", ""1"", ""2"", ""3"", ""4""]","[0.6777288978101582, 0.2869684709017184, 0.029777329597749994, 0.0038453797097367697, 0.0016799219806366218]",
d1-3b,ood_yelp_rating,45459,rating,score,3,4,"[""0"", ""1"", ""2"", ""3"", ""4""]","[0.0036276357266517897, 0.003984178413031443, 0.03362075622742093, 0.27284220409787946, 0.6859252255350163]",
d1-3b,ood_yelp_rating,45465,rating,score,1,1,"[""0"", ""1"", ""2"", ""3"", ""4""]","[0.05609939362765316, 0.8775421634435502, 0.059717493665288675, 0.00475109445789424, 0.0018898548056138058]",
d1-3b,ood_yelp_rating,45466,rating,score,0,0,"[""0"", ""1"", ""2"", ""3"", ""4""]","[0.892983262241465, 0.09560191367808606, 0.008096588801917852, 0.002047138240074146, 0.0012710970384570384]",
d1-3b,ood_yelp_rating,45533,rating,score,2,3,"[""0"", ""1"", ""2"", ""3"", ""4""]","[0.07819447390884497, 0.15795717925583577, 0.3068584231763041, 0.34232530833524377, 0.11466461532377141]",
d1-3b,ood_yelp_rating,45563,rating,score,1,2,"[""0"", ""1"", ""2"", ""3"", ""4""]","[0.01455335994167736, 0.4154591901357964, 0.5418609348689162, 0.0269776674101934, 0.0011488476434166697]",
d1-3b,ood_yelp_rating,45599,rating,score,3,3,"[""0"", ""1"", ""2"", ""3"", ""4""]","[0.002200723622536268, 0.004016250378205866, 0.0746062083514919, 0.5687686299113763, 0.35040818773638954]",
d1-3b,ood_yelp_rating,45644,rating,score,3,3,"[""0"", ""1"", ""2"", ""3"", ""4""]","[0.0019654716582405913, 0.0033696023695041527, 0.050690182163633954, 0.8374987290599378, 0.1064760147486835]",
d1-3b,ood_yelp_rating,45775,rating,score,2,3,"[""0"", ""1"", ""2"", ""3"", ""4""]","[0.0020699773021206546, 0.007512739218311531, 0.2430245925326997, 0.6923126376185185, 0.055080053328349726]",
d1-3b,ood_yelp_rating,45858,rating,score,3,4,"[""0"", ""1"", ""2"", ""3"", ""4""]","[0.003037256005787065, 0.0031830169648858217, 0.025430633181653967, 0.33761020087502575, 0.6307388929726474]",
d1-3b,ood_yelp_rating,45922,rating,score,1,1,"[""0"", ""1"", ""2"", ""3"", ""4""]","[0.0553899049444418, 0.5214351197825623, 0.3874976777721858, 0.033595675587372344, 0.002081621913437795]",
d1-3b,ood_yelp_rating,45952,rating,score,4,4,"[""0"", ""1"", ""2"", ""3"", ""4""]","[0.00218714860412247, 0.002517392612336118, 0.035854665147988546, 0.42006572546242466, 0.5393750681731283]",
d1-3b,ood_yelp_rating,45968,rating,score,4,4,"[""0"", ""1"", ""2"", ""3"", ""4""]","[0.010615060053442359, 0.0075272047108402365, 0.044343283426040735, 0.24926678598507235, 0.6882476658246044]",
d1-3b,ood_yelp_rating,45971,rating,score,2,1,"[""0"", ""1"", ""2"", ""3"", ""4""]","[0.18985013161045292, 0.5939885124770751, 0.20527693704902997, 0.00894905088157001, 0.0019353679818718884]",
d1-3b,ood_yelp_rating,45984,rating,score,1,1,"[""0"", ""1"", ""2"", ""3"", ""4""]","[0.33230687870172737, 0.5741747976147513, 0.0880525570514037, 0.004118272895793207, 0.0013474937363242914]",
d1-3b,ood_yelp_rating,46017,rating,score,0,0,"[""0"", ""1"", ""2"", ""3"", ""4""]","[0.9665203628305694, 0.02516023739135245, 0.003919209075756348, 0.0027791353858835884, 0.0016210553164382766]",
d1-3b,ood_yelp_rating,46063,rating,score,4,4,"[""0"", ""1"", ""2"", ""3"", ""4""]","[0.009811787731520204, 0.004781883433319166, 0.022813089967636906, 0.16466234654242684, 0.7979308923250968]",
d1-3b,ood_yelp_rating,46067,rating,score,3,3,"[""0"", ""1"", ""2"", ""3"", ""4""]","[0.0015025128343775906, 0.003230910316967091, 0.09516159336962199, 0.6922529540825988, 0.20785202939643452]",
d1-3b,ood_yelp_rating,46092,rating,score,0,0,"[""0"", ""1"", ""2"", ""3"", ""4""]","[0.46857865661775844, 0.44018891098231244, 0.0807930928959871, 0.007999599499886923, 0.0024397400040551192]",
d1-3b,ood_yelp_rating,46095,rating,score,0,0,"[""0"", ""1"", ""2"", ""3"", ""4""]","[0.927763818049442, 0.060716451681185245, 0.007481734828072282, 0.00250606725569711, 0.0015319281856034357]",
d1-3b,ood_yelp_rating,46156,rating,score,2,2,"[""0"", ""1"", ""2"", ""3"", ""4""]","[0.0012423159306703103, 0.02101218113667554, 0.7946603762432025, 0.180104965696065, 0.002980160993386749]",
d1-3b,ood_yelp_rating,46161,rating,score,3,3,"[""0"", ""1"", ""2"", ""3"", ""4""]","[0.004748898426289798, 0.012609811241308942, 0.19268132932980353, 0.5575419130663428, 0.232418047936255]",
d1-3b,ood_yelp_rating,46162,rating,score,4,4,"[""0"", ""1"", ""2"", ""3"", ""4""]","[0.0046768280908150136, 0.0021245449149582753, 0.008208088920587633, 0.13455797159729938, 0.8504325664763397]",
d1-3b,ood_yelp_rating,46179,rating,score,4,4,"[""0"", ""1"", ""2"", ""3"", ""4""]","[0.006039464499760965, 0.003258046716329268, 0.013824471917591901, 0.1671059176897646, 0.8097720991765534]",
d1-3b,ood_yelp_rating,46329,rating,score,3,3,"[""0"", ""1"", ""2"", ""3"", ""4""]","[0.001576765681547497, 0.0032862618796107032, 0.09092756604215028, 0.6411017700837156, 0.263107636312976]",
d1-3b,ood_yelp_rating,46455,rating,score,2,2,"[""0"", ""1"", ""2"", ""3"", ""4""]","[0.03764003216491821, 0.43755095573093755, 0.48055571280677606, 0.04231982571422604, 0.0019334735831420962]",
d1-3b,ood_yelp_rating,46535,rating,score,3,4,"[""0"", ""1"", ""2"", ""3"", ""4""]","[0.005755631898787254, 0.007051947614932162, 0.07234373353374661, 0.37610423890896383, 0.5387444480435702]",
d1-3b,ood_yelp_rating,46556,rating,score,2,2,"[""0"", ""1"", ""2"", ""3"", ""4""]","[0.003152621422769508, 0.10687626938336395, 0.6702222035270833, 0.2142158827571189, 0.005533022909664428]",
d1-3b,ood_yelp_rating,46577,rating,score,1,0,"[""0"", ""1"", ""2"", ""3"", ""4""]","[0.9346265022137731, 0.05231768643251303, 0.006916410952547708, 0.0036732781292510407, 0.0024661222719152744]",
d1-3b,ood_yelp_rating,46780,rating,score,4,3,"[""0"", ""1"", ""2"", ""3"", ""4""]","[0.002835024583712551, 0.0050146473938638015, 0.05783971258190584, 0.5035777446328226, 0.43073287080769523]",
d1-3b,ood_yelp_rating,46854,rating,score,3,2,"[""0"", ""1"", ""2"", ""3"", ""4""]","[0.002524645845089992, 0.028668194237483634, 0.4773682919612561, 0.46996738257521414, 0.021471485380956036]",
d1-3b,ood_yelp_rating,46899,rating,score,1,0,"[""0"", ""1"", ""2"", ""3"", ""4""]","[0.45926133504684624, 0.45926133504684624, 0.0677318756194779, 0.01105692474496944, 0.0026885295418601933]",
d1-3b,ood_yelp_rating,46917,rating,score,4,4,"[""0"", ""1"", ""2"", ""3"", ""4""]","[0.008095409277653834, 0.005267783285708928, 0.018675913494045838, 0.16133527372001708, 0.8066256202225743]",
d1-3b,ood_yelp_rating,46933,rating,score,0,0,"[""0"", ""1"", ""2"", ""3"", ""4""]","[0.9348986178287113, 0.053157042229848725, 0.007250446790763702, 0.0028172200286471737, 0.0018766731220292115]",
d1-3b,ood_yelp_rating,46968,rating,score,1,0,"[""0"", ""1"", ""2"", ""3"", ""4""]","[0.6486411358399363, 0.28783275923690804, 0.05939764709400507, 0.0034037562947859777, 0.0007247015343646696]",
d1-3b,ood_yelp_rating,47051,rating,score,4,4,"[""0"", ""1"", ""2"", ""3"", ""4""]","[0.005521328552635216, 0.0031459581789879923, 0.013039634293855152, 0.1588552660346723, 0.8194378129398493]",
d1-3b,ood_yelp_rating,47062,rating,score,4,4,"[""0"", ""1"", ""2"", ""3"", ""4""]","[0.0048217615512958, 0.002057675254615385, 0.006590566631604121, 0.1097427870734931, 0.8767872094889916]",
d1-3b,ood_yelp_rating,47063,rating,score,1,1,"[""0"", ""1"", ""2"", ""3"", ""4""]","[0.027256448962672545, 0.479372353938322, 0.46462361712617867, 0.02683387688917088, 0.0019137030836557023]",
d1-3b,ood_yelp_rating,47093,rating,score,3,3,"[""0"", ""1"", ""2"", ""3"", ""4""]","[0.0014566602087707603, 0.007339962892466802, 0.48339483674614336, 0.49100719776753016, 0.01680134238508895]",
d1-3b,ood_yelp_rating,47116,rating,score,0,0,"[""0"", ""1"", ""2"", ""3"", ""4""]","[0.8461859384919083, 0.12976681654207128, 0.019288115343153826, 0.00309988223143059, 0.001659247391436173]",
d1-3b,ood_yelp_rating,47169,rating,score,2,3,"[""0"", ""1"", ""2"", ""3"", ""4""]","[0.0032288212429992602, 0.014135362415221514, 0.2929288159077261, 0.6201303081429873, 0.06957669229106578]",
d1-3b,ood_yelp_rating,47234,rating,score,3,4,"[""0"", ""1"", ""2"", ""3"", ""4""]","[0.0027038610614410945, 0.002661941581146419, 0.025854722536210132, 0.3275221787831051, 0.6412572960380972]",
d1-3b,ood_yelp_rating,47252,rating,score,3,3,"[""0"", ""1"", ""2"", ""3"", ""4""]","[0.002648029784651565, 0.004006341120407573, 0.05236251045776354, 0.4815166865529532, 0.45946643208422416]",
d1-3b,ood_yelp_rating,47278,rating,score,4,2,"[""0"", ""1"", ""2"", ""3"", ""4""]","[0.0015201829340893431, 0.011864113588324324, 0.5328317343877905, 0.4417330228980432, 0.012050946191752595]",
d1-3b,ood_yelp_rating,47283,rating,score,0,0,"[""0"", ""1"", ""2"", ""3"", ""4""]","[0.9704948623368848, 0.02264623490527924, 0.0033924626692610235, 0.002106427972259247, 0.0013600121163156755]",
d1-3b,ood_yelp_rating,47286,rating,score,0,0,"[""0"", ""1"", ""2"", ""3"", ""4""]","[0.9561763279571965, 0.0348287201998916, 0.004640477820599286, 0.0025229840290940733, 0.001831489993218543]",
d1-3b,ood_yelp_rating,47326,rating,score,0,0,"[""0"", ""1"", ""2"", ""3"", ""4""]","[0.9656120460788434, 0.026549532650946804, 0.003537382846883323, 0.0025083800463729694, 0.001792658376953424]",
d1-3b,ood_yelp_rating,47327,rating,score,4,4,"[""0"", ""1"", ""2"", ""3"", ""4""]","[0.008527349685306745, 0.006238742303263642, 0.023544767480309273, 0.19408158426339966, 0.7676075562677207]",
d1-3b,ood_yelp_rating,47416,rating,score,3,3,"[""0"", ""1"", ""2"", ""3"", ""4""]","[0.002150095032183119, 0.0042096817128092915, 0.12693016358470374, 0.7024502232951779, 0.16425983637512598]",
d1-3b,ood_yelp_rating,47423,rating,score,3,3,"[""0"", ""1"", ""2"", ""3"", ""4""]","[0.0017306433523828723, 0.01060147581619422, 0.3026435527253674, 0.6307633290542083, 0.054260999051847315]",
d1-3b,ood_yelp_rating,47431,rating,score,1,0,"[""0"", ""1"", ""2"", ""3"", ""4""]","[0.8628695288889087, 0.11861565740514862, 0.01289885433835024, 0.003842798958177287, 0.0017731604094153263]",
d1-3b,ood_yelp_rating,47432,rating,score,4,4,"[""0"", ""1"", ""2"", ""3"", ""4""]","[0.005348222377343132, 0.0028851495617519, 0.00960901518687375, 0.1305918407503093, 0.851565772123722]",
d1-3b,ood_yelp_rating,47450,rating,score,3,4,"[""0"", ""1"", ""2"", ""3"", ""4""]","[0.0045263711279118265, 0.003694316445912731, 0.022986809305329692, 0.2756950994530573, 0.6930974036677885]",
d1-3b,ood_yelp_rating,47627,rating,score,0,0,"[""0"", ""1"", ""2"", ""3"", ""4""]","[0.888076321418273, 0.09360255562923896, 0.01237428076594379, 0.003657830407614043, 0.0022890117789303123]",
d1-3b,ood_yelp_rating,47685,rating,score,4,4,"[""0"", ""1"", ""2"", ""3"", ""4""]","[0.006589909658528862, 0.006746184862552152, 0.06920700871805366, 0.3006215424378779, 0.6168353543229874]",
d1-3b,ood_yelp_rating,47777,rating,score,4,4,"[""0"", ""1"", ""2"", ""3"", ""4""]","[0.003625329519903782, 0.0035413488520274075, 0.03231221028577821, 0.33148089839053796, 0.6290402129517527]",
d1-3b,ood_yelp_rating,47790,rating,score,2,2,"[""0"", ""1"", ""2"", ""3"", ""4""]","[0.016211583182527734, 0.19142115450324104, 0.48881104218971105, 0.28290212733089853, 0.020654092793621782]",
d1-3b,ood_yelp_rating,47921,rating,score,1,0,"[""0"", ""1"", ""2"", ""3"", ""4""]","[0.6336136835018576, 0.3287144486655503, 0.031545767779321096, 0.003979383615013482, 0.0021467164382574498]",
d1-3b,ood_yelp_rating,47928,rating,score,3,3,"[""0"", ""1"", ""2"", ""3"", ""4""]","[0.0022032129672630526, 0.010029610168061658, 0.3647790160031242, 0.5920947866338081, 0.030893374227743128]",
d1-3b,ood_yelp_rating,47980,rating,score,2,2,"[""0"", ""1"", ""2"", ""3"", ""4""]","[0.002391961605050041, 0.02802371972395842, 0.6181933573907951, 0.3413987962935703, 0.009992164986626207]",
d1-3b,ood_yelp_rating,47984,rating,score,2,2,"[""0"", ""1"", ""2"", ""3"", ""4""]","[0.0022628060809604, 0.03172898675826288, 0.9345294792194281, 0.030040400884921437, 0.0014383270564271948]",
d1-3b,ood_yelp_rating,48050,rating,score,3,3,"[""0"", ""1"", ""2"", ""3"", ""4""]","[0.002217145474149977, 0.0031023442830839113, 0.02256800163280653, 0.8669406725867365, 0.10517183602322315]",
d1-3b,ood_yelp_rating,48072,rating,score,2,3,"[""0"", ""1"", ""2"", ""3"", ""4""]","[0.004809326756372653, 0.02189333180857548, 0.4681000742056467, 0.4829591656115167, 0.022238101617888542]",
d1-3b,ood_yelp_rating,48112,rating,score,2,1,"[""0"", ""1"", ""2"", ""3"", ""4""]","[0.03259081504985066, 0.6753833811675105, 0.2815416803307883, 0.009484467890780385, 0.0009996555610701536]",
d1-3b,ood_yelp_rating,48159,rating,score,4,4,"[""0"", ""1"", ""2"", ""3"", ""4""]","[0.004843491044356666, 0.0032013520970088495, 0.01152851176444389, 0.15304940088522248, 0.8273772442089681]",
d1-3b,ood_yelp_rating,48217,rating,score,3,4,"[""0"", ""1"", ""2"", ""3"", ""4""]","[0.009459591795823695, 0.009459591795823695, 0.08365629942956235, 0.3257374639416174, 0.5716870530371729]",
d1-3b,ood_yelp_rating,48224,rating,score,4,4,"[""0"", ""1"", ""2"", ""3"", ""4""]","[0.005576239265205703, 0.0028259005211932397, 0.01126431295150506, 0.15918659735002588, 0.8211469499120702]",
d1-3b,ood_yelp_rating,48231,rating,score,1,1,"[""0"", ""1"", ""2"", ""3"", ""4""]","[0.07022190428185056, 0.6927871361538044, 0.228456949819537, 0.007459383642611846, 0.0010746261021961896]",
d1-3b,ood_yelp_rating,48391,rating,score,1,1,"[""0"", ""1"", ""2"", ""3"", ""4""]","[0.06989083414577078, 0.6949288821874899, 0.22561037624074853, 0.008217857353851008, 0.0013520500721395708]",
d1-3b,ood_yelp_rating,48480,rating,score,0,0,"[""0"", ""1"", ""2"", ""3"", ""4""]","[0.8401372734634894, 0.13714863973821873, 0.018273287596497642, 0.0027804917464595296, 0.001660307455334718]",
d1-3b,ood_yelp_rating,48533,rating,score,1,0,"[""0"", ""1"", ""2"", ""3"", ""4""]","[0.6765833181367009, 0.26912625006944063, 0.044975509154827835, 0.007399634452014775, 0.001915288187015958]",
d1-3b,ood_yelp_rating,48636,rating,score,1,1,"[""0"", ""1"", ""2"", ""3"", ""4""]","[0.2686718903727999, 0.6860777069338202, 0.037223057581476336, 0.005843710161361167, 0.00218363495054235]",
d1-3b,ood_yelp_rating,48698,rating,score,4,4,"[""0"", ""1"", ""2"", ""3"", ""4""]","[0.004089844055187404, 0.003390599810567365, 0.018911247313370842, 0.24144261867056513, 0.7321656901503093]",
d1-3b,ood_yelp_rating,48802,rating,score,0,0,"[""0"", ""1"", ""2"", ""3"", ""4""]","[0.8396695946595906, 0.14365052997506358, 0.012650490318372874, 0.0025302572433094097, 0.0014991278036636483]",
d1-3b,ood_yelp_rating,48847,rating,score,0,1,"[""0"", ""1"", ""2"", ""3"", ""4""]","[0.10394433113818398, 0.45151359281741266, 0.2532761709872543, 0.1536197630783891, 0.03764614197875996]",
d1-3b,ood_yelp_rating,48854,rating,score,0,0,"[""0"", ""1"", ""2"", ""3"", ""4""]","[0.6583706097465918, 0.27877165600592985, 0.05237964226595885, 0.00797016750455543, 0.002507924476964019]",
d1-3b,ood_yelp_rating,48857,rating,score,4,4,"[""0"", ""1"", ""2"", ""3"", ""4""]","[0.005029707900879989, 0.0018074633731531976, 0.004651719382953026, 0.07391101806057364, 0.9146000912824402]",
d1-3b,ood_yelp_rating,48888,rating,score,4,4,"[""0"", ""1"", ""2"", ""3"", ""4""]","[0.0024636104444620615, 0.0029716814408996053, 0.026694043064982464, 0.40156842180965324, 0.5663022432400026]",
d1-3b,ood_yelp_rating,48910,rating,score,4,4,"[""0"", ""1"", ""2"", ""3"", ""4""]","[0.004107410933890658, 0.0030523686229696517, 0.012750945005271413, 0.1787932994487454, 0.8012959759891229]",
d1-3b,ood_yelp_rating,49008,rating,score,4,4,"[""0"", ""1"", ""2"", ""3"", ""4""]","[0.007849911632969086, 0.006457161176092632, 0.034098461800569135, 0.2559231680899065, 0.6956712973004626]",
d1-3b,ood_yelp_rating,49029,rating,score,3,4,"[""0"", ""1"", ""2"", ""3"", ""4""]","[0.0024644387411491145, 0.0029265934171342806, 0.03482730098764626, 0.42761107977300006, 0.5321705870810703]",
d1-3b,ood_yelp_rating,49158,rating,score,4,4,"[""0"", ""1"", ""2"", ""3"", ""4""]","[0.008890772712666849, 0.006555644701812812, 0.03831921490619631, 0.2722957971851203, 0.6739385704942038]",
d1-3b,ood_yelp_rating,49228,rating,score,3,3,"[""0"", ""1"", ""2"", ""3"", ""4""]","[0.0023899691397637588, 0.0033968310525342004, 0.045095409374703195, 0.5408572893825907, 0.4082605010504081]",
d1-3b,ood_yelp_rating,49261,rating,score,2,3,"[""0"", ""1"", ""2"", ""3"", ""4""]","[0.003455541526437853, 0.0437740721459825, 0.4153168330027817, 0.5250096702613621, 0.012443883063435824]",
d1-3b,ood_yelp_rating,49281,rating,score,3,3,"[""0"", ""1"", ""2"", ""3"", ""4""]","[0.0022041247211778436, 0.0038683593564244946, 0.10374054041652711, 0.5923398127604977, 0.29784716274537276]",
d1-3b,ood_yelp_rating,49332,rating,score,2,3,"[""0"", ""1"", ""2"", ""3"", ""4""]","[0.001390310146111273, 0.00706057751359611, 0.3002233954234196, 0.6557481837096509, 0.03557753320722221]",
d1-3b,ood_yelp_rating,49341,rating,score,4,4,"[""0"", ""1"", ""2"", ""3"", ""4""]","[0.005439726008837878, 0.002510021185576988, 0.007435223898469517, 0.09793986751692782, 0.8866751613901878]",
d1-3b,ood_yelp_rating,49455,rating,score,2,3,"[""0"", ""1"", ""2"", ""3"", ""4""]","[0.0020587885883511406, 0.005095550693497694, 0.08822851816161324, 0.5664026640898312, 0.33821447846670677]",
d1-3b,ood_yelp_rating,49574,rating,score,4,3,"[""0"", ""1"", ""2"", ""3"", ""4""]","[0.0018736571658441023, 0.002970795388771671, 0.056494439909456955, 0.5979560310814481, 0.3407050764544791]",
d1-3b,ood_yelp_rating,49743,rating,score,4,4,"[""0"", ""1"", ""2"", ""3"", ""4""]","[0.010230258691054322, 0.005475862881092552, 0.015357437235269063, 0.14344832518935893, 0.8254881160032251]",
d1-3b,ood_yelp_rating,49818,rating,score,2,2,"[""0"", ""1"", ""2"", ""3"", ""4""]","[0.008473026435427921, 0.15987428012818322, 0.6836955780153474, 0.1455671885748849, 0.002389926846156527]",
d1-3b,ood_yelp_rating,49882,rating,score,1,0,"[""0"", ""1"", ""2"", ""3"", ""4""]","[0.8429359067490168, 0.13760550406308533, 0.013413557177368383, 0.00369582359922383, 0.0023492084113056616]",
d1-3b,ood_yelp_rating,49915,rating,score,0,0,"[""0"", ""1"", ""2"", ""3"", ""4""]","[0.9279749637029968, 0.05978873430460502, 0.006655907150346429, 0.0034530391408265815, 0.002127355701224936]",
